signal_date,ts_code,up_limit,down_limit,official_band_fraction,eligible
2025-12-31,603255.SH,31.76,25.98,0.10010391409767927,True
2025-12-31,603790.SH,21.54,17.62,0.10010214504596524,True
2025-12-31,605336.SH,16.7,13.66,0.10013175230566532,True
2025-12-31,603869.SH,11.31,10.23,0.05013927576601672,False
2025-12-31,600608.SH,3.52,3.18,0.050746268656716394,False
2025-12-31,000782.SZ,5.5,4.5,0.1,True
2025-12-31,002890.SZ,16.2,13.26,0.09979633401221993,True
2025-12-31,603321.SH,8.82,7.22,0.09975062344139654,True
2025-12-31,603377.SH,3.99,3.61,0.050000000000000044,False
2025-12-31,600193.SH,4.02,3.64,0.04960835509138374,False
2025-12-31,000615.SZ,3.81,3.45,0.04958677685950412,False
2025-12-31,001210.SZ,19.28,15.78,0.09982886480319457,True
2025-12-31,000668.SZ,10.42,9.42,0.05040322580645162,False
2025-12-31,600381.SH,4.61,4.17,0.05011389521640095,False
2025-12-31,600847.SH,12.58,10.3,0.0996503496503496,True
2025-12-31,603908.SH,25.51,20.87,0.10004312203536007,True
2025-12-31,003004.SZ,22.51,20.37,0.04990671641791046,False
2025-12-31,002808.SZ,5.21,4.71,0.05040322580645162,False
2025-12-31,002528.SZ,2.89,2.61,0.05090909090909095,False
2025-12-31,600883.SH,8.83,7.23,0.09962640099626398,True
2025-12-31,603385.SH,7.47,6.11,0.10014727540500733,True
2025-12-31,603073.SH,20.57,16.83,0.10000000000000006,True
2025-12-31,603578.SH,13.11,10.73,0.09983221476510062,True
2025-12-31,002485.SZ,4.53,4.09,0.051044083526682174,False
2025-12-31,600671.SH,19.16,15.68,0.09988518943742825,True
2025-12-31,002694.SZ,4.13,3.38,0.09986684420772304,True
2025-12-31,001278.SZ,21.53,17.61,0.10015329586101179,True
2025-12-31,603557.SH,2.69,2.43,0.05078124999999996,False
2025-12-31,603551.SH,12.91,10.57,0.09965928449744463,True
2025-12-31,002762.SZ,7.22,6.54,0.04941860465116277,False
2025-12-31,603488.SH,8.49,6.95,0.09974093264248704,True
2025-12-31,002898.SZ,14.28,12.92,0.04999999999999998,False
2025-12-31,000608.SZ,2.76,2.5,0.04942965779467677,False
2025-12-31,002193.SZ,5.84,4.78,0.09981167608286248,True
2025-12-31,600238.SH,6.68,6.04,0.05031446540880501,False
2025-12-31,603880.SH,6.8,5.56,0.10032362459546927,True
2025-12-31,001277.SZ,43.21,35.35,0.100050916496945,True
2025-12-31,001366.SZ,14.58,11.93,0.09996227838551493,True
2025-12-31,000820.SZ,3.54,3.2,0.050445103857566745,False
2025-12-31,002968.SZ,13.43,10.99,0.09991809991809988,True
2026-01-05,601318.SH,75.24,61.56,0.09999999999999994,True
2026-01-05,603790.SH,21.44,17.54,0.10005130836326326,True
2026-01-05,000782.SZ,5.46,4.46,0.10080645161290323,True
2026-01-05,603255.SH,32.25,26.39,0.09993178717598908,True
2026-01-05,601899.SH,37.92,31.02,0.10008703220191474,True
2026-01-05,002837.SZ,117.58,96.2,0.10000935541210589,True
2026-01-05,603073.SH,20.67,16.91,0.10005321979776481,True
2026-01-05,603182.SH,17.4,14.24,0.09987357774968389,True
2026-01-05,001277.SZ,43.45,35.55,0.10000000000000007,True
2026-01-05,600381.SH,4.65,4.21,0.04966139954853278,False
2026-01-05,002656.SZ,2.96,2.68,0.049645390070921946,False
2026-01-05,002890.SZ,16.06,13.14,0.09999999999999994,True
2026-01-05,000615.SZ,3.66,3.32,0.04871060171919775,False
2026-01-05,000820.SZ,3.56,3.22,0.05014749262536871,False
2026-01-05,605336.SH,17.31,14.17,0.09974587039390086,True
2026-01-05,603880.SH,6.85,5.61,0.0995184590690208,True
2026-01-05,603488.SH,8.58,7.02,0.10000000000000003,True
2026-01-05,001367.SZ,24.15,19.76,0.09997722614438619,True
2026-01-05,002762.SZ,7.22,6.54,0.04941860465116277,False
2026-01-05,603159.SH,28.28,23.14,0.09996110462854921,True
2026-01-05,002822.SZ,4.12,3.72,0.05102040816326529,False
2026-01-05,600847.SH,12.78,10.46,0.099827882960413,True
2026-01-05,605567.SH,12.1,9.9,0.09999999999999996,True
2026-01-05,603557.SH,2.66,2.4,0.05138339920948621,False
2026-01-05,600608.SH,3.55,3.21,0.05029585798816566,False
2026-01-05,603869.SH,11.12,10.06,0.050047214353163304,False
2026-01-05,002898.SZ,14.3,12.94,0.049926578560939835,False
2026-01-05,001366.SZ,14.71,12.03,0.10022438294689609,True
2026-01-05,600289.SH,6.97,6.31,0.049698795180722906,False
2026-01-05,603057.SH,22.37,18.31,0.09980334316617508,True
2026-01-05,002193.SZ,5.85,4.79,0.09962406015037589,True
2026-01-05,600791.SH,5.15,4.21,0.10042735042735047,True
2026-01-05,002802.SZ,13.68,11.2,0.09967845659163989,True
2026-01-05,002817.SZ,8.36,6.84,0.09999999999999998,True
2026-01-05,605180.SH,16.01,13.1,0.09996564754379945,True
2026-01-05,603889.SH,8.75,7.16,0.09993714644877434,True
2026-01-05,603172.SH,19.58,16.02,0.09999999999999998,True
2026-01-05,600671.SH,19.04,15.58,0.09994222992489889,True
2026-01-05,600768.SH,15.4,12.6,0.10000000000000002,True
2026-01-05,600235.SH,7.48,6.12,0.10000000000000002,True
2026-01-06,601899.SH,38.94,31.86,0.09999999999999998,True
2026-01-06,603790.SH,22.39,18.32,0.09997543601080816,True
2026-01-06,601318.SH,79.6,65.12,0.1000552791597567,True
2026-01-06,605500.SH,9.98,8.16,0.10033076074972438,True
2026-01-06,605336.SH,17.63,14.43,0.09981285090455393,True
2026-01-06,603255.SH,32.71,26.77,0.09986550100874245,True
2026-01-06,000547.SZ,36.39,29.77,0.10006045949214029,True
2026-01-06,000615.SZ,3.66,3.32,0.04871060171919775,False
2026-01-06,603073.SH,21.05,17.23,0.09979101358411703,True
2026-01-06,000782.SZ,5.39,4.41,0.09999999999999995,True
2026-01-06,001277.SZ,44.02,36.02,0.09995002498750624,True
2026-01-06,603385.SH,7.49,6.13,0.0998531571218796,True
2026-01-06,002898.SZ,14.26,12.9,0.050073637702503664,False
2026-01-06,002822.SZ,4.1,3.71,0.049935979513444265,False
2026-01-06,002956.SZ,29.34,24.0,0.10011248593925759,True
2026-01-06,000820.SZ,3.69,3.33,0.051282051282051266,False
2026-01-06,600381.SH,4.55,4.11,0.05080831408775976,False
2026-01-06,002890.SZ,16.02,13.1,0.10027472527472528,True
2026-01-06,603172.SH,19.7,16.12,0.09994416527079839,True
2026-01-06,603557.SH,2.66,2.4,0.05138339920948621,False
2026-01-06,002837.SZ,116.6,95.4,0.09999999999999995,True
2026-01-06,603059.SH,33.95,27.77,0.10012961762799746,True
2026-01-06,001367.SZ,24.56,20.1,0.09986565158978947,True
2026-01-06,603321.SH,8.79,7.19,0.10012515644555686,True
2026-01-06,603637.SH,11.87,9.71,0.10009267840593135,True
2026-01-06,600847.SH,12.84,10.5,0.10025706940874035,True
2026-01-06,003030.SZ,22.22,18.18,0.09999999999999998,True
2026-01-06,000929.SZ,9.49,8.59,0.049778761061946925,False
2026-01-06,605055.SH,10.68,8.74,0.09989701338825949,True
2026-01-06,000592.SZ,16.75,13.71,0.09980302035456333,True
2026-01-06,002168.SZ,4.38,3.96,0.05035971223021582,False
2026-01-06,002762.SZ,7.46,6.75,0.049964813511611535,False
2026-01-06,600238.SH,6.7,6.06,0.05015673981191227,False
2026-01-06,603326.SH,9.81,8.03,0.0997757847533633,True
2026-01-06,001256.SZ,24.57,20.11,0.0998209489704566,True
2026-01-06,603217.SH,27.92,22.84,0.1000788022064618,True
2026-01-06,001260.SZ,22.18,18.14,0.10019841269841268,True
2026-01-06,603813.SH,41.25,37.33,0.0498854670399593,False
2026-01-06,603880.SH,6.8,5.56,0.10032362459546927,True
2026-01-06,002973.SZ,15.26,12.48,0.10021629416005765,True
2026-01-07,603790.SH,22.15,18.13,0.09980139026812312,True
2026-01-07,603255.SH,33.18,27.14,0.10013262599469494,True
2026-01-07,001260.SZ,21.98,17.98,0.10010010010010009,True
2026-01-07,603073.SH,20.63,16.88,0.09997334044254866,True
2026-01-07,603385.SH,7.48,6.12,0.10000000000000002,True
2026-01-07,000669.SZ,3.11,2.81,0.050675675675675644,False
2026-01-07,001277.SZ,44.66,36.54,0.09999999999999998,True
2026-01-07,000972.SZ,4.28,3.88,0.049019607843137296,False
2026-01-07,605180.SH,16.23,13.28,0.09996611318197225,True
2026-01-07,600238.SH,6.77,6.13,0.04961240310077517,False
2026-01-07,002898.SZ,14.74,13.34,0.04985754985754987,False
2026-01-07,603869.SH,11.43,10.35,0.049586776859504134,False
2026-01-07,600455.SH,29.18,23.88,0.0998869204673954,True
2026-01-07,603182.SH,17.25,14.11,0.10012755102040818,True
2026-01-07,600883.SH,8.88,7.26,0.10037174721189597,True
2026-01-07,002890.SZ,16.3,13.34,0.09986504723346831,True
2026-01-07,000615.SZ,3.63,3.29,0.049132947976878595,False
2026-01-07,002887.SZ,10.34,8.46,0.09999999999999995,True
2026-01-07,603908.SH,25.96,21.24,0.10000000000000005,True
2026-01-07,001228.SZ,29.14,23.84,0.10003775009437524,True
2026-01-07,605186.SH,22.02,18.02,0.0999000999000999,True
2026-01-07,603172.SH,19.47,15.93,0.09999999999999998,True
2026-01-07,605500.SH,9.85,8.06,0.09994416527079839,True
2026-01-07,600847.SH,12.89,10.55,0.09982935153583616,True
2026-01-07,600796.SH,6.79,5.55,0.10048622366288494,True
2026-01-07,603838.SH,8.0,7.24,0.04986876640419946,False
2026-01-07,600753.SH,8.72,7.89,0.04996989765201692,False
2026-01-07,600051.SH,8.37,6.85,0.09986859395532192,True
2026-01-07,603578.SH,13.28,10.86,0.10024855012427505,True
2026-01-07,605567.SH,12.06,9.86,0.10036496350364968,True
2026-01-07,001367.SZ,24.52,20.06,0.10004486316733964,True
2026-01-07,002822.SZ,4.05,3.67,0.04922279792746113,False
2026-01-07,002743.SZ,6.06,4.96,0.09981851179673318,True
2026-01-07,002586.SZ,4.57,4.13,0.05057471264367821,False
2026-01-07,600118.SH,117.71,96.31,0.09999065507896455,True
2026-01-07,603307.SH,43.67,35.73,0.10000000000000005,True
2026-01-07,600892.SH,3.83,3.47,0.04931506849315066,False
2026-01-07,002762.SZ,7.59,6.87,0.04979253112033193,False
2026-01-07,001366.SZ,14.51,11.87,0.10007581501137228,True
2026-01-07,600193.SH,4.04,3.66,0.04935064935064933,False
2026-01-08,601318.SH,80.8,66.11,0.09999319311142875,True
2026-01-08,603790.SH,22.09,18.07,0.10009960159362549,True
2026-01-08,001277.SZ,44.15,36.13,0.0999003487792725,True
2026-01-08,603255.SH,32.93,26.95,0.09986639946559787,True
2026-01-08,603073.SH,20.42,16.7,0.10021551724137936,True
2026-01-08,000669.SZ,3.17,2.87,0.0496688741721854,False
2026-01-08,001367.SZ,24.59,20.12,0.09997763363900691,True
2026-01-08,002898.SZ,15.0,13.58,0.0496850944716585,False
2026-01-08,600193.SH,4.03,3.65,0.04947916666666671,False
2026-01-08,002887.SZ,10.26,8.4,0.09967845659163985,True
2026-01-08,001228.SZ,29.02,23.74,0.10007581501137228,True
2026-01-08,605336.SH,18.43,15.08,0.09997015816174276,True
2026-01-08,603182.SH,17.2,14.08,0.09974424552429664,True
2026-01-08,600883.SH,8.83,7.23,0.09962640099626398,True
2026-01-08,600118.SH,110.25,90.21,0.09997006884166422,True
2026-01-08,000782.SZ,5.65,4.63,0.09922178988326852,True
2026-01-08,603041.SH,13.23,10.83,0.09975062344139651,True
2026-01-08,001238.SZ,56.06,45.86,0.10007849293563582,True
2026-01-08,603385.SH,7.35,6.01,0.10029940119760479,True
2026-01-08,600051.SH,8.25,6.75,0.1,True
2026-01-08,603838.SH,7.9,7.14,0.050531914893617066,False
2026-01-08,603511.SH,17.28,14.14,0.09993634627625718,True
2026-01-08,600671.SH,19.24,15.74,0.1000571755288736,True
2026-01-08,600289.SH,7.39,6.69,0.04971590909090904,False
2026-01-08,002628.SZ,4.53,3.71,0.09951456310679614,True
2026-01-08,605180.SH,15.88,13.0,0.09972299168975071,True
2026-01-08,603797.SH,5.3,4.34,0.0995850622406639,True
2026-01-08,600238.SH,6.64,6.0,0.050632911392405035,False
2026-01-08,603172.SH,19.25,15.75,0.1,True
2026-01-08,603869.SH,11.6,10.5,0.04977375565610858,False
2026-01-08,002211.SZ,3.44,3.12,0.04878048780487802,False
2026-01-08,002890.SZ,16.08,13.16,0.09986320109439119,True
2026-01-08,600796.SH,6.68,5.46,0.10049423393739701,True
2026-01-08,001202.SZ,17.71,14.49,0.1,True
2026-01-08,603880.SH,6.64,5.44,0.0993377483443708,True
2026-01-08,000590.SZ,12.76,10.44,0.10000000000000002,True
2026-01-08,002817.SZ,8.38,6.86,0.09973753280839896,True
2026-01-08,002762.SZ,7.51,6.79,0.05034965034965033,False
2026-01-08,002775.SZ,4.87,3.99,0.09932279909706546,True
2026-01-08,002998.SZ,8.31,6.8,0.09993381866313704,True
2026-01-09,603790.SH,21.84,17.87,0.09997481742634094,True
2026-01-09,603255.SH,33.74,27.6,0.10009781545484187,True
2026-01-09,000782.SZ,5.68,4.64,0.10077519379844961,True
2026-01-09,001277.SZ,44.0,36.0,0.1,True
2026-01-09,001367.SZ,24.75,20.25,0.1,True
2026-01-09,601318.SH,77.42,63.34,0.10002841716396703,True
2026-01-09,605336.SH,18.32,14.99,0.0999699789852897,True
2026-01-09,000669.SZ,3.11,2.81,0.050675675675675644,False
2026-01-09,603041.SH,13.4,10.96,0.10016420361247946,True
2026-01-09,603838.SH,7.86,7.12,0.04939919893190922,False
2026-01-09,605500.SH,9.77,7.99,0.1002252252252252,True
2026-01-09,001228.SZ,28.92,23.66,0.10003803727653103,True
2026-01-09,001202.SZ,17.78,14.54,0.10024752475247531,True
2026-01-09,600883.SH,8.95,7.33,0.09950859950859946,True
2026-01-09,002887.SZ,10.32,8.44,0.10021321961620475,True
2026-01-09,002898.SZ,14.79,13.39,0.04968062455642294,False
2026-01-09,600289.SH,7.29,6.59,0.050432276657060536,False
2026-01-09,603073.SH,20.61,16.87,0.09978655282817497,True
2026-01-09,600118.SH,112.2,91.8,0.10000000000000003,True
2026-01-09,603238.SH,19.46,15.92,0.10005652911249295,True
2026-01-09,600265.SH,20.92,18.92,0.0502008032128514,False
2026-01-09,000631.SZ,3.73,3.05,0.10029498525073749,True
2026-01-09,600615.SH,13.01,10.65,0.0997464074387151,True
2026-01-09,603159.SH,29.12,23.82,0.10011333585190783,True
2026-01-09,603182.SH,17.3,14.16,0.09980928162746346,True
2026-01-09,003030.SZ,21.99,17.99,0.10005002501250626,True
2026-01-09,002661.SZ,10.09,8.25,0.10032715376226826,True
2026-01-09,600099.SH,11.45,9.37,0.09990393852065323,True
2026-01-09,605567.SH,12.09,9.89,0.100090991810737,True
2026-01-09,603789.SH,5.88,5.32,0.04999999999999997,False
2026-01-09,000529.SZ,6.63,5.43,0.09950248756218907,True
2026-01-09,603385.SH,7.49,6.13,0.0998531571218796,True
2026-01-09,002633.SZ,17.95,14.69,0.09987745098039215,True
2026-01-09,002211.SZ,3.51,3.17,0.05089820359281435,False
2026-01-09,002656.SZ,2.84,2.57,0.04990757855822551,False
2026-01-09,605180.SH,16.19,13.25,0.09986413043478265,True
2026-01-09,000590.SZ,12.76,10.44,0.10000000000000002,True
2026-01-09,603968.SH,12.4,10.14,0.1002661934338953,True
2026-01-09,002743.SZ,6.25,5.11,0.10035211267605632,True
2026-01-09,600753.SH,8.78,7.94,0.05023923444976071,False
2026-01-16,600118.SH,117.51,96.15,0.09997191800056163,True
2026-01-19,600118.SH,112.09,91.71,0.10000000000000005,True
2026-01-20,600118.SH,115.38,94.4,0.10000953379731142,True
2026-01-20,600879.SH,29.18,23.88,0.0998869204673954,True
2026-01-20,600456.SH,43.69,35.75,0.09994964753272907,True
2026-01-20,002297.SZ,13.62,11.14,0.10016155088852984,True
2026-01-20,600877.SH,22.18,18.14,0.10019841269841268,True
2026-01-21,600118.SH,107.84,88.24,0.09995920032639743,True
2026-01-21,600879.SH,28.94,23.68,0.09996199163816041,True
2026-01-21,600456.SH,42.68,34.92,0.09999999999999998,True
2026-01-21,002297.SZ,13.12,10.74,0.09974853310980716,True
2026-01-22,600118.SH,105.36,86.2,0.10002088118605135,True
2026-01-26,603722.SH,45.5,37.22,0.10009671179883947,True
2026-01-26,002669.SZ,17.34,14.18,0.100253807106599,True
2026-01-26,002886.SZ,27.03,22.11,0.10012210012210015,True
2026-01-26,002879.SZ,25.39,20.77,0.10008665511265168,True
2026-01-26,603915.SH,20.61,16.87,0.09978655282817497,True
2026-01-26,002168.SZ,4.69,4.25,0.0492170022371365,False
2026-01-26,603211.SH,26.17,21.41,0.10004203446826401,True
2026-01-26,603738.SH,18.54,15.17,0.0999703352121032,True
2026-01-26,600463.SH,12.42,10.16,0.10008857395925598,True
2026-01-28,603722.SH,43.89,35.91,0.10000000000000005,True
2026-01-28,002168.SZ,4.61,4.17,0.05011389521640095,False
2026-01-28,001229.SZ,42.9,35.1,0.09999999999999996,True
2026-01-28,002949.SZ,17.62,14.42,0.09987515605493137,True
2026-01-28,002581.SZ,7.94,7.18,0.0502645502645503,False
2026-01-28,603171.SH,86.52,70.79,0.09999364312503967,True
2026-01-28,000590.SZ,12.84,10.5,0.10025706940874035,True
2026-01-28,605369.SH,21.49,17.59,0.0997952917093142,True
2026-01-28,600289.SH,7.02,6.36,0.049327354260089634,False
2026-01-28,600238.SH,6.72,6.08,0.049999999999999975,False
2026-01-28,002990.SZ,32.81,26.85,0.09989943010392223,True
2026-01-28,002875.SZ,19.02,15.56,0.10005783689994215,True
2026-01-28,002979.SZ,46.75,38.25,0.1,True
2026-01-28,600080.SH,8.77,7.17,0.1003764115432873,True
2026-01-28,001230.SZ,26.11,21.37,0.0998315080033698,True
2026-01-28,603238.SH,21.12,17.28,0.09999999999999998,True
2026-01-28,002991.SZ,66.72,54.59,0.09999175665649984,True
2026-01-28,603557.SH,2.72,2.46,0.05019305019305024,False
2026-01-28,603839.SH,8.8,7.2,0.10000000000000003,True
2026-01-29,001229.SZ,41.9,34.28,0.10002625360987132,True
2026-01-29,603722.SH,43.23,35.37,0.1,True
2026-01-29,002168.SZ,4.5,4.08,0.048951048951048945,False
2026-01-29,603324.SH,29.65,24.26,0.09998145056575769,True
2026-01-29,002452.SZ,11.19,9.15,0.10029498525073742,True
2026-01-29,002533.SZ,15.14,12.38,0.10029069767441859,True
2026-01-29,002933.SZ,38.82,31.76,0.10002833663927457,True
2026-01-29,600558.SH,6.99,5.72,0.09992132179386314,True
2026-01-29,605058.SH,34.21,27.99,0.10000000000000003,True
2026-01-29,603155.SH,19.57,16.01,0.10005621135469361,True
2026-01-29,002669.SZ,16.5,13.5,0.1,True
2026-01-29,002949.SZ,17.16,14.04,0.10000000000000003,True
2026-01-29,003025.SZ,16.07,13.15,0.0999315537303217,True
2026-01-29,603738.SH,18.03,14.75,0.1000610128126907,True
2026-01-30,603722.SH,43.01,35.19,0.10000000000000002,True
2026-01-30,001229.SZ,41.37,33.85,0.09997341132677474,True
2026-01-30,002533.SZ,14.71,12.03,0.10022438294689609,True
2026-01-30,603738.SH,17.82,14.58,0.1,True
2026-03-03,603657.SH,30.55,24.99,0.10010803024846962,True
2026-03-03,603880.SH,7.15,5.85,0.10000000000000006,True
2026-03-03,603586.SH,19.8,16.2,0.10000000000000003,True
2026-03-03,603151.SH,20.31,16.61,0.10021668472372695,True
2026-03-03,605189.SH,17.0,13.91,0.09996764801035263,True
2026-03-03,605339.SH,19.67,16.09,0.10011185682326626,True
2026-03-03,605566.SH,32.85,26.87,0.10013395847287342,True
2026-03-03,603168.SH,7.85,6.43,0.09943977591036414,True
2026-03-03,000553.SZ,6.75,5.53,0.09934853420195437,True
2026-03-03,001300.SZ,17.9,14.64,0.10018438844499072,True
2026-03-03,600847.SH,15.18,12.42,0.09999999999999999,True
2026-03-03,600228.SH,5.83,5.27,0.0504504504504505,False
2026-03-03,603378.SH,7.54,6.17,0.099927060539752,True
2026-03-03,000668.SZ,16.11,14.57,0.050195567144719656,False
2026-03-03,603335.SH,6.57,5.37,0.10050251256281408,True
2026-03-03,605303.SH,19.56,16.0,0.10011248593925755,True
2026-03-03,002691.SZ,9.58,7.84,0.09988518943742825,True
2026-03-03,001323.SZ,29.55,24.17,0.10014892032762471,True
2026-03-03,603382.SH,33.02,27.02,0.09993337774816793,True
2026-03-03,603207.SH,31.49,25.77,0.09989521480964023,True
2026-03-03,600421.SH,8.1,7.32,0.0505836575875486,False
2026-03-03,002211.SZ,3.91,3.53,0.05107526881720435,False
2026-03-04,600599.SH,5.4,4.88,0.05058365758754868,False
2026-03-04,600228.SH,5.63,5.09,0.050373134328358216,False
2026-03-04,603238.SH,19.31,15.8,0.09997151808601533,True
2026-03-04,603657.SH,30.11,24.63,0.10010960906101572,True
2026-03-04,603130.SH,47.69,39.02,0.09998846730480906,True
2026-03-04,603168.SH,7.65,6.26,0.0999281092739037,True
2026-03-04,002691.SZ,8.97,7.34,0.09993868792152058,True
2026-03-04,605033.SH,25.28,20.68,0.10008703220191474,True
2026-03-04,605566.SH,30.73,25.15,0.09985683607730855,True
2026-03-04,603518.SH,10.29,8.42,0.09994655264564399,True
2026-03-04,000752.SZ,10.43,9.43,0.050352467270896276,False
2026-03-04,603079.SH,19.14,15.66,0.10000000000000002,True
2026-03-04,603880.SH,6.95,5.69,0.09968354430379744,True
2026-03-04,603020.SH,11.33,9.27,0.10000000000000002,True
2026-03-04,002790.SZ,8.78,7.18,0.10025062656641602,True
2026-03-04,603586.SH,19.38,15.86,0.09988649262202043,True
2026-03-04,603382.SH,32.0,26.18,0.10003437607425232,True
2026-03-04,001225.SZ,77.33,63.27,0.09999999999999996,True
2026-03-04,002521.SZ,8.92,7.3,0.09987669543773121,True
2026-03-04,603378.SH,6.99,5.72,0.09992132179386314,True
2026-03-04,603839.SH,8.42,6.89,0.09993468321358592,True
2026-03-04,605339.SH,19.31,15.8,0.09997151808601533,True
2026-03-04,603677.SH,18.49,15.13,0.0999405116002379,True
2026-03-04,600561.SH,7.61,6.23,0.09971098265895953,True
2026-03-04,601279.SH,4.72,3.86,0.10023310023310021,True
2026-03-04,603059.SH,37.33,30.55,0.09988214496169709,True
2026-03-04,603838.SH,8.45,7.65,0.04968944099378875,False
2026-03-04,603385.SH,7.62,6.24,0.09956709956709957,True
2026-03-04,001300.SZ,17.59,14.39,0.1000625390869293,True
2026-03-04,600847.SH,14.92,12.2,0.10029498525073749,True
2026-03-04,605266.SH,21.91,17.93,0.0998995983935743,True
2026-03-04,605336.SH,14.8,12.11,0.09996283909327393,True
2026-03-04,603967.SH,14.81,12.11,0.10029717682020806,True
2026-03-04,603351.SH,28.82,23.58,0.10000000000000005,True
2026-03-04,600322.SH,2.46,2.02,0.0982142857142857,True
2026-03-04,605189.SH,16.09,13.17,0.09979494190020506,True
2026-03-04,605080.SH,26.41,21.61,0.09995835068721369,True
2026-03-04,603116.SH,6.42,5.26,0.0993150684931507,True
2026-03-04,603208.SH,15.98,13.08,0.09979353062629044,True
2026-03-04,603332.SH,14.29,11.69,0.10007698229407236,True
2026-03-05,600599.SH,5.12,4.64,0.04918032786885251,False
2026-03-05,002691.SZ,8.89,7.27,0.10024752475247531,True
2026-03-05,000668.SZ,14.85,13.43,0.050212164073550204,False
2026-03-05,603518.SH,10.05,8.23,0.09956236323851204,True
2026-03-05,605077.SH,16.76,13.72,0.09973753280839896,True
2026-03-05,603586.SH,19.09,15.62,0.09997118985883033,True
2026-03-05,605259.SH,22.88,18.72,0.10000000000000002,True
2026-03-05,603880.SH,6.83,5.59,0.09983896940418681,True
2026-03-05,605339.SH,19.25,15.75,0.1,True
2026-03-05,600228.SH,5.67,5.13,0.05,False
2026-03-05,603059.SH,36.63,29.97,0.10000000000000006,True
2026-03-05,603205.SH,29.35,24.01,0.10007496251874062,True
2026-03-05,603208.SH,15.4,12.6,0.10000000000000002,True
2026-03-05,002918.SZ,15.13,12.38,0.09996364958197018,True
2026-03-05,603617.SH,8.07,6.61,0.0994550408719346,True
2026-03-05,605089.SH,29.45,24.09,0.10011206574523719,True
2026-03-05,603382.SH,31.61,25.87,0.09986082115518438,True
2026-03-05,600847.SH,14.63,11.97,0.1,True
2026-03-05,603238.SH,18.78,15.36,0.10017574692442888,True
2026-03-05,603768.SH,12.23,10.01,0.0998201438848921,True
2026-03-05,000929.SZ,10.63,9.61,0.05039525691699611,False
2026-03-05,002732.SZ,18.71,15.31,0.09994121105232216,True
2026-03-05,002687.SZ,5.45,4.46,0.09989909182643796,True
2026-03-05,603207.SH,30.87,25.25,0.10014255167498219,True
2026-03-05,603168.SH,7.57,6.19,0.10029069767441859,True
2026-03-05,603967.SH,14.29,11.69,0.10007698229407236,True
2026-03-05,603151.SH,19.69,16.11,0.10000000000000006,True
2026-03-05,002661.SZ,10.12,8.28,0.1,True
2026-03-05,603839.SH,8.28,6.78,0.09960159362549796,True
2026-03-05,001328.SZ,39.97,32.71,0.09988992845349473,True
2026-03-05,002211.SZ,3.85,3.49,0.04904632152588554,False
2026-03-05,603520.SH,10.46,8.56,0.09989484752891693,True
2026-03-05,603385.SH,7.41,6.07,0.09940652818991097,True
2026-03-05,605189.SH,15.64,12.8,0.09985935302390998,True
2026-03-05,002790.SZ,8.7,7.12,0.09987357774968389,True
2026-03-05,603332.SH,14.14,11.57,0.09996110462854921,True
2026-03-05,605266.SH,21.31,17.43,0.1001548786783686,True
2026-03-05,603194.SH,38.9,31.82,0.10011312217194568,True
2026-03-05,603230.SH,12.61,10.31,0.100349040139616,True
2026-03-05,605005.SH,21.73,17.78,0.09997468995191088,True
2026-03-06,002763.SZ,8.53,6.98,0.09993552546744029,True
2026-03-06,603839.SH,8.45,6.91,0.10026041666666662,True
2026-03-06,603096.SH,19.91,16.29,0.10000000000000002,True
2026-03-06,603617.SH,8.22,6.72,0.10040160642570287,True
2026-03-06,603661.SH,36.44,29.82,0.09990944763054631,True
2026-03-06,605199.SH,7.17,6.49,0.04978038067349925,False
2026-03-06,002650.SZ,6.85,6.19,0.05061349693251528,False
2026-03-06,000668.SZ,14.98,13.56,0.049754730203223546,False
2026-03-06,603825.SH,9.44,8.54,0.050055617352614046,False
2026-03-06,603168.SH,7.68,6.28,0.10028653295128935,True
2026-03-06,600488.SH,4.48,3.66,0.10073710073710077,True
2026-03-06,600818.SH,10.11,8.27,0.1001088139281828,True
2026-03-06,000153.SZ,7.21,5.9,0.09992372234935161,True
2026-03-06,000929.SZ,10.73,9.71,0.049902152641878646,False
2026-03-09,000668.SZ,15.39,13.93,0.049795361527967284,False
2026-03-09,603839.SH,8.72,7.14,0.09962168978562427,True
2026-03-09,002650.SZ,6.74,6.1,0.04984423676012466,False
2026-03-17,001225.SZ,58.72,48.04,0.10003746721618584,True
2026-03-17,603429.SH,9.42,7.7,0.10046728971962615,True
2026-03-17,002871.SZ,20.8,17.02,0.09994711792702277,True
2026-03-17,603001.SH,9.87,8.07,0.10033444816053506,True
2026-03-17,605288.SH,114.3,93.52,0.0999903762871716,True
2026-03-17,002943.SZ,58.7,48.02,0.10007496251874062,True
2026-03-17,603320.SH,23.65,19.35,0.09999999999999994,True
2026-03-17,001218.SZ,29.13,23.83,0.10007552870090637,True
2026-03-17,001256.SZ,25.09,20.53,0.09995615957913193,True
2026-03-17,605089.SH,28.85,23.61,0.09988562714449108,True
2026-03-17,603170.SH,15.14,12.38,0.10029069767441859,True
2026-03-17,600561.SH,7.78,6.36,0.10042432814710041,True
2026-03-17,603059.SH,36.44,29.82,0.09990944763054631,True
2026-03-17,605158.SH,8.75,7.16,0.09993714644877434,True
2026-03-17,605055.SH,10.15,8.31,0.09967497291440952,True
2026-03-17,002931.SZ,80.76,66.08,0.09997275946608558,True
2026-03-17,605266.SH,22.3,18.24,0.1001480019733597,True
2026-03-17,603967.SH,14.51,11.87,0.10007581501137228,True
2026-03-17,603886.SH,14.07,11.51,0.10007818608287727,True
2026-03-17,603016.SH,35.19,28.79,0.10003125976867769,True
2026-03-17,605138.SH,7.98,6.53,0.09993108201240523,True
2026-03-17,603208.SH,15.82,12.94,0.1001390820584145,True
2026-03-17,600234.SH,15.64,12.8,0.09985935302390998,True
2026-03-17,603326.SH,10.64,8.7,0.10031023784901764,True
2026-03-17,001333.SZ,28.63,23.43,0.09988474836726852,True
2026-03-17,002842.SZ,37.1,30.36,0.09991105840498074,True
2026-03-17,000548.SZ,6.37,5.21,0.10017271157167532,True
2026-03-17,603351.SH,28.64,23.44,0.0998463901689708,True
2026-03-17,002278.SZ,15.13,12.38,0.09996364958197018,True
2026-03-17,603818.SH,4.24,3.47,0.09987029831387807,True
2026-03-17,603779.SH,7.47,6.11,0.10014727540500733,True
2026-03-17,603130.SH,45.86,37.52,0.10002398656752215,True
2026-03-17,603073.SH,23.44,19.18,0.09995307367433133,True
2026-03-17,002790.SZ,9.01,7.37,0.10012210012210011,True
2026-03-17,603151.SH,20.93,17.13,0.0998423541776143,True
2026-03-17,000510.SZ,18.44,15.08,0.1002386634844869,True
2026-03-17,603255.SH,33.47,27.39,0.09990141307919813,True
2026-03-17,000715.SZ,6.78,5.54,0.10064935064935067,True
2026-03-17,603022.SH,12.43,10.17,0.09999999999999998,True
2026-03-17,002521.SZ,8.91,7.29,0.1,True
2026-03-18,001225.SZ,56.74,46.42,0.1000387747188833,True
2026-03-18,000510.SZ,18.32,14.99,0.0999699789852897,True
2026-03-18,600961.SH,21.26,17.4,0.09984480082772901,True
2026-03-18,603979.SH,64.59,52.85,0.09996594005449592,True
2026-03-18,603429.SH,8.72,7.14,0.09962168978562427,True
2026-03-18,600595.SH,8.84,7.24,0.09950248756218905,True
2026-03-18,605288.SH,109.98,89.98,0.10002000400080016,True
2026-03-18,002842.SZ,37.17,30.41,0.10002959455460197,True
2026-03-18,600608.SH,3.14,2.84,0.0501672240802676,False
2026-03-18,600301.SH,60.5,49.5,0.1,True
2026-03-18,603320.SH,22.83,18.68,0.09997590941941698,True
2026-03-18,603813.SH,32.24,29.17,0.04999185800358248,False
2026-03-18,605268.SH,13.77,11.27,0.09984025559105432,True
2026-03-18,001376.SZ,21.6,17.68,0.09979633401222,True
2026-03-18,002207.SZ,12.24,10.02,0.09973045822102429,True
2026-03-18,000960.SZ,38.67,31.64,0.0999857772720808,True
2026-03-18,603255.SH,32.3,26.42,0.10013623978201627,True
2026-03-18,603967.SH,14.3,11.7,0.10000000000000006,True
2026-03-18,002943.SZ,57.54,47.08,0.09998088319632958,True
2026-03-18,002856.SZ,14.74,12.06,0.09999999999999999,True
2026-03-18,603059.SH,35.97,29.43,0.09999999999999998,True
2026-03-18,605033.SH,25.49,20.85,0.10012947777298223,True
2026-03-18,605169.SH,14.33,11.73,0.09976976208749039,True
2026-03-18,605266.SH,22.03,18.03,0.09985022466300549,True
2026-03-18,603207.SH,31.35,25.65,0.10000000000000005,True
2026-03-18,605055.SH,9.94,8.14,0.09955752212389375,True
2026-03-18,603326.SH,10.46,8.56,0.09989484752891693,True
2026-03-18,000659.SZ,4.09,3.35,0.09946236559139783,True
2026-03-18,001217.SZ,14.18,11.6,0.10007757951900698,True
2026-03-18,605089.SH,28.29,23.15,0.09992223950233282,True
2026-03-18,001226.SZ,48.1,39.36,0.09993139721015323,True
2026-03-18,605500.SH,9.74,7.97,0.09994353472614344,True
2026-03-18,000715.SZ,6.67,5.45,0.10066006600660063,True
2026-03-18,002211.SZ,3.83,3.47,0.04931506849315066,False
2026-03-18,600871.SH,3.54,2.9,0.09937888198757766,True
2026-03-18,600955.SH,18.65,15.26,0.09997051017398995,True
2026-03-18,603598.SH,22.07,18.05,0.10019940179461613,True
2026-03-18,603130.SH,45.16,36.95,0.09998782121544263,True
2026-03-18,600107.SH,5.93,5.37,0.04955752212389377,False
2026-03-18,603159.SH,28.36,23.2,0.10007757951900698,True
2026-03-19,000510.SZ,18.3,14.98,0.09975961538461539,True
2026-03-19,605288.SH,110.66,90.54,0.09999999999999996,True
2026-03-19,001225.SZ,56.82,46.49,0.09999032039492786,True
2026-03-19,001376.SZ,20.11,16.45,0.10010940919037199,True
2026-03-19,002842.SZ,37.7,30.84,0.1000875401225562,True
2026-03-19,600301.SH,60.6,49.58,0.10001815211472138,True
2026-03-19,600595.SH,8.37,6.85,0.09986859395532192,True
2026-03-19,600696.SH,1.73,1.57,0.048484848484848464,False
2026-03-19,603320.SH,23.56,19.28,0.09990662931839396,True
2026-03-19,603057.SH,31.06,25.42,0.09985835694050986,True
2026-03-19,000782.SZ,6.34,5.18,0.10069444444444446,True
2026-03-19,000659.SZ,4.13,3.38,0.09986684420772304,True
2026-03-19,603979.SH,63.58,52.02,0.09999999999999996,True
2026-03-19,002493.SZ,14.04,11.48,0.1003134796238244,True
2026-03-19,603225.SH,18.82,15.4,0.09994155464640561,True
2026-03-19,000751.SZ,6.48,5.3,0.10016977928692704,True
2026-03-19,600961.SH,20.89,17.09,0.10005265929436546,True
2026-03-19,600608.SH,2.98,2.7,0.04929577464788729,False
2026-03-19,600141.SH,38.17,31.23,0.1,True
2026-03-19,603255.SH,32.63,26.69,0.10013486176668915,True
2026-03-19,002545.SZ,26.19,21.43,0.09995800083998323,True
2026-03-19,603799.SH,66.7,54.58,0.09993403693931402,True
2026-03-19,600392.SH,26.57,21.74,0.09997930035189405,True
2026-03-19,603095.SH,20.39,16.69,0.09978425026968715,True
2026-03-19,600711.SH,13.97,11.43,0.10000000000000005,True
2026-03-19,601233.SH,20.85,17.06,0.09997362173568987,True
2026-03-19,605033.SH,25.7,21.02,0.10017123287671233,True
2026-03-19,600531.SH,15.96,13.06,0.09993108201240523,True
2026-03-19,001330.SZ,7.96,6.52,0.09944751381215472,True
2026-03-19,605287.SH,50.47,41.29,0.10004359197907586,True
2026-03-19,000603.SZ,47.33,38.73,0.09993028119916339,True
2026-03-19,002716.SZ,14.41,11.79,0.10000000000000005,True
2026-03-19,603993.SH,21.35,17.47,0.09994848016486353,True
2026-03-19,002943.SZ,58.11,47.55,0.09994321408290746,True
2026-03-19,000838.SZ,2.54,2.08,0.09956709956709955,True
2026-03-19,603356.SH,20.28,16.6,0.09978308026030368,True
2026-03-19,601212.SH,9.69,7.93,0.09988649262202043,True
2026-03-19,603429.SH,8.97,7.34,0.09993868792152058,True
2026-03-19,002182.SZ,19.8,16.2,0.10000000000000003,True
2026-03-19,601020.SH,33.77,27.63,0.10000000000000006,True
2026-03-20,001225.SZ,54.42,44.52,0.10006064281382655,True
2026-03-20,001376.SZ,18.51,15.15,0.09982174688057044,True
2026-03-20,600301.SH,55.99,45.81,0.09999999999999999,True
2026-03-20,600595.SH,7.94,6.5,0.09972299168975071,True
2026-03-20,002856.SZ,13.07,10.69,0.10016835016835021,True
2026-03-20,605288.SH,102.96,84.24,0.1,True
2026-03-20,605287.SH,49.94,40.86,0.09999999999999998,True
2026-03-20,002919.SZ,22.95,18.77,0.10019175455417066,True
2026-03-20,000510.SZ,16.48,13.48,0.10013351134846461,True
2026-03-20,002842.SZ,35.63,29.15,0.10003087372645884,True
2026-03-20,603320.SH,22.68,18.56,0.09990300678952477,True
2026-03-20,603057.SH,29.58,24.2,0.10003718854592783,True
2026-03-20,600961.SH,19.64,16.07,0.09997199663959676,True
2026-03-20,603095.SH,19.39,15.87,0.09982983550765745,True
2026-03-20,603980.SH,7.43,6.08,0.09992598075499627,True
2026-03-20,000782.SZ,5.96,4.88,0.09963099630996311,True
2026-03-20,600490.SH,8.47,6.93,0.10000000000000006,True
2026-03-20,002931.SZ,75.13,61.47,0.09999999999999998,True
2026-03-20,001330.SZ,7.76,6.35,0.09992912827781716,True
2026-03-20,603255.SH,31.46,25.74,0.10000000000000003,True
2026-03-20,600966.SH,8.07,6.61,0.0994550408719346,True
2026-03-20,600955.SH,17.6,14.4,0.10000000000000003,True
2026-03-20,600711.SH,13.09,10.71,0.09999999999999995,True
2026-03-20,603822.SH,106.34,96.22,0.04996050552922593,False
2026-03-20,600531.SH,14.96,12.24,0.10000000000000002,True
2026-03-20,600392.SH,25.1,20.54,0.09991235758106928,True
2026-03-20,000603.SZ,43.59,35.67,0.09992429977289934,True
2026-03-20,603790.SH,24.39,19.95,0.10013531799729367,True
2026-03-20,002637.SZ,13.12,10.74,0.09974853310980716,True
2026-03-20,603225.SH,17.36,14.2,0.10012674271229405,True
2026-03-20,603979.SH,60.16,49.22,0.10001828487840554,True
2026-03-20,002182.SZ,18.32,14.99,0.0999699789852897,True
2026-03-20,601168.SH,28.73,23.51,0.09992343032159262,True
2026-03-20,600230.SH,19.46,15.92,0.10005652911249295,True
2026-03-20,600141.SH,35.43,28.99,0.09996895374107422,True
2026-03-20,002493.SZ,12.67,10.37,0.09982638888888892,True
2026-03-20,601226.SH,10.34,8.46,0.09999999999999995,True
2026-03-20,601233.SH,18.98,15.53,0.09997102289191542,True
2026-03-20,002440.SZ,12.87,10.53,0.1,True
2026-03-20,002545.SZ,23.82,19.49,0.09997691064419306,True
2026-03-23,605287.SH,47.22,38.64,0.09993011879804331,True
2026-03-23,000510.SZ,16.79,13.73,0.10026212319790298,True
2026-03-23,001225.SZ,52.56,43.0,0.10004185851820847,True
2026-03-23,001376.SZ,18.15,14.85,0.09999999999999996,True
2026-03-23,002919.SZ,22.47,18.39,0.09985315712187955,True
2026-03-23,603057.SH,29.04,23.76,0.09999999999999996,True
2026-03-23,600301.SH,54.53,44.61,0.10006052047609443,True
2026-03-23,000635.SZ,9.17,7.51,0.09952038369304557,True
2026-03-23,603150.SH,56.97,46.61,0.10001930874686232,True
2026-03-23,002856.SZ,12.36,10.12,0.09964412811387903,True
2026-03-23,000603.SZ,42.89,35.09,0.10002564760194918,True
2026-03-23,605055.SH,9.47,7.75,0.099883855981417,True
2026-03-23,600966.SH,7.58,6.2,0.10014513788098692,True
2026-03-23,002842.SZ,34.87,28.53,0.09999999999999995,True
2026-03-23,002319.SZ,13.22,10.82,0.09983361064891849,True
2026-03-23,605288.SH,100.02,81.84,0.09996700758825465,True
2026-03-23,603356.SH,18.39,15.05,0.09988038277511962,True
2026-03-23,002379.SZ,29.7,24.3,0.09999999999999998,True
2026-03-23,603682.SH,7.32,5.99,0.09992486851990984,True
2026-03-23,600391.SH,43.46,35.56,0.09997468995191088,True
2026-03-23,600595.SH,7.74,6.34,0.0994318181818182,True
2026-03-23,603790.SH,23.79,19.47,0.0998613037447989,True
2026-03-23,603926.SH,20.35,16.65,0.10000000000000007,True
2026-03-23,603980.SH,7.1,5.81,0.09992254066615028,True
2026-03-23,000782.SZ,5.91,4.83,0.1005586592178771,True
2026-03-23,601890.SH,11.68,9.56,0.09981167608286248,True
2026-03-23,001330.SZ,7.48,6.12,0.10000000000000002,True
2026-03-23,603320.SH,21.99,17.99,0.10005002501250626,True
2026-03-23,603216.SH,36.98,30.26,0.0999405116002379,True
2026-03-23,603090.SH,67.23,55.01,0.09996727748691103,True
2026-03-23,603255.SH,30.53,24.98,0.09998198522788687,True
2026-03-23,600490.SH,8.28,6.78,0.09960159362549796,True
2026-03-23,002492.SZ,8.39,6.87,0.0996068152031455,True
2026-03-23,600230.SH,18.83,15.41,0.09988317757009342,True
2026-03-23,002943.SZ,54.45,44.55,0.10000000000000006,True
2026-03-23,600961.SH,19.36,15.84,0.09999999999999998,True
2026-03-23,002928.SZ,9.16,7.5,0.09963985594237695,True
2026-03-23,002853.SZ,27.59,22.57,0.10007974481658692,True
2026-03-23,603188.SH,5.31,4.35,0.09937888198757763,True
2026-03-23,002785.SZ,43.78,35.82,0.10000000000000002,True
2026-03-24,603150.SH,51.27,41.95,0.09997854537652864,True
2026-03-24,603057.SH,26.14,21.38,0.10016835016835021,True
2026-03-24,000510.SZ,15.4,12.6,0.10000000000000002,True
2026-03-24,603790.SH,21.42,17.52,0.10015408320493073,True
2026-03-24,001376.SZ,17.17,14.05,0.09993593850096094,True
2026-03-24,001225.SZ,50.9,41.64,0.1000648368273179,True
2026-03-24,600966.SH,7.14,5.84,0.10015408320493065,True
2026-03-24,002918.SZ,12.18,9.96,0.10027100271002705,True
2026-03-24,600301.SH,50.16,41.04,0.09999999999999998,True
2026-03-24,603179.SH,66.18,54.14,0.10006648936170218,True
2026-03-24,002785.SZ,41.28,33.78,0.09992006394884093,True
2026-03-24,000603.SZ,38.6,31.58,0.10002849814762044,True
2026-03-24,603358.SH,44.33,36.27,0.09999999999999995,True
2026-03-24,002738.SZ,70.71,57.85,0.10003111387678898,True
2026-03-24,002928.SZ,8.37,6.85,0.09986859395532192,True
2026-03-24,002919.SZ,20.96,17.15,0.09997376016793498,True
2026-03-24,605055.SH,8.79,7.19,0.10012515644555686,True
2026-03-24,600963.SH,5.04,4.12,0.10043668122270741,True
2026-03-24,603255.SH,28.82,23.58,0.10000000000000005,True
2026-03-24,605288.SH,94.61,77.41,0.09998837344494829,True
2026-03-24,000782.SZ,5.47,4.47,0.1006036217303823,True
2026-03-24,002853.SZ,25.77,21.09,0.0998719590268886,True
2026-03-24,002182.SZ,16.6,13.58,0.1000662690523526,True
2026-03-24,603612.SH,27.9,22.82,0.10015772870662458,True
2026-03-24,600961.SH,17.9,14.64,0.10018438844499072,True
2026-03-24,002856.SZ,11.54,9.44,0.10009532888465204,True
2026-03-24,603132.SH,15.9,13.01,0.09996540989277068,True
2026-03-24,002552.SZ,16.82,13.76,0.10006540222367563,True
2026-03-24,601020.SH,28.93,23.67,0.09999999999999996,True
2026-03-24,601890.SH,10.88,8.9,0.1001011122345804,True
2026-03-24,002637.SZ,13.13,10.75,0.09966499162479064,True
2026-03-24,603200.SH,63.11,51.63,0.10005229213874844,True
2026-03-24,001322.SZ,7.93,6.49,0.09986130374479886,True
2026-03-24,002379.SZ,27.45,22.46,0.09997996393508313,True
2026-03-24,603320.SH,21.01,17.19,0.1,True
2026-03-24,605081.SH,9.01,8.15,0.050116550116550085,False
2026-03-24,600141.SH,35.31,28.89,0.10000000000000002,True
2026-03-24,603878.SH,8.01,6.55,0.10027472527472528,True
2026-03-24,000426.SZ,39.7,32.48,0.10002770850651158,True
2026-03-24,002630.SZ,2.17,1.97,0.048309178743961345,False
2026-03-25,000510.SZ,16.2,13.26,0.09979633401221993,True
2026-03-25,603057.SH,26.29,21.51,0.09999999999999995,True
2026-03-25,603150.SH,49.83,40.77,0.09999999999999995,True
2026-03-25,600301.SH,51.57,42.19,0.10004266211604099,True
2026-03-25,603790.SH,21.93,17.95,0.09979939819458378,True
2026-03-25,603668.SH,12.25,10.03,0.09964093357271098,True
2026-03-25,600966.SH,7.27,5.95,0.09984871406959149,True
2026-03-25,001225.SZ,52.64,43.07,0.09998955177097481,True
2026-03-25,002842.SZ,34.57,28.29,0.09990454979319124,True
2026-03-25,002379.SZ,28.15,23.03,0.10003907776475181,True
2026-03-25,002918.SZ,12.31,10.07,0.1000893655049151,True
2026-03-25,603822.SH,100.8,91.2,0.04999999999999997,False
2026-03-25,002378.SZ,35.85,29.33,0.10003068425897518,True
2026-03-25,600331.SH,16.05,13.13,0.10006854009595613,True
2026-03-25,600961.SH,18.4,15.06,0.0998206814106395,True
2026-03-25,002919.SZ,21.86,17.88,0.10015098137896329,True
2026-03-25,603358.SH,39.9,32.64,0.10008271298593878,True
2026-03-25,002182.SZ,16.97,13.89,0.09980557355800383,True
2026-03-25,000782.SZ,5.81,4.75,0.10037878787878786,True
2026-03-25,600595.SH,7.8,6.38,0.1001410437235543,True
2026-03-25,000571.SZ,6.77,5.54,0.09991876523151906,True
2026-03-25,000603.SZ,40.35,33.01,0.10005452562704475,True
2026-03-25,002637.SZ,12.86,10.52,0.10008554319931565,True
2026-03-25,603353.SH,38.7,31.66,0.10005685048322914,True
2026-03-25,002853.SZ,26.48,21.66,0.10012463647694225,True
2026-03-25,002852.SZ,10.46,8.56,0.09989484752891693,True
2026-03-25,001322.SZ,8.2,6.71,0.09993293091884636,True
2026-03-25,603255.SH,29.98,24.53,0.09998165474224911,True
2026-03-25,002319.SZ,12.66,10.36,0.09991311902693313,True
2026-03-25,002738.SZ,69.04,56.48,0.10006373486297011,True
2026-03-25,605081.SH,8.56,7.74,0.050306748466257684,False
2026-03-25,603320.SH,21.71,17.77,0.09979736575481259,True
2026-03-25,001270.SZ,105.35,95.31,0.0500348848798963,False
2026-03-25,600397.SH,16.69,13.65,0.10019775873434413,True
2026-03-25,600497.SH,8.56,7.0,0.10025706940874039,True
2026-03-25,605268.SH,13.39,10.95,0.10024650780608058,True
2026-03-25,603878.SH,8.32,6.8,0.10052910052910055,True
2026-03-25,002021.SZ,3.29,2.69,0.10033444816053512,True
2026-03-25,000878.SZ,20.22,16.54,0.1001088139281828,True
2026-03-25,600490.SH,8.13,6.65,0.10013531799729367,True
2026-03-26,603150.SH,49.94,40.86,0.09999999999999998,True
2026-03-26,000510.SZ,16.28,13.32,0.10000000000000002,True
2026-03-26,002319.SZ,12.65,10.35,0.10000000000000003,True
2026-03-26,600301.SH,53.41,43.7,0.0999897023993409,True
2026-03-26,603057.SH,26.86,21.98,0.09991809991809988,True
2026-03-26,002842.SZ,34.13,27.93,0.09990331936835325,True
2026-03-26,603668.SH,11.86,9.7,0.10018552875695734,True
2026-03-26,603358.SH,35.9,29.38,0.09987745098039215,True
2026-03-26,603790.SH,22.65,18.53,0.10004856726566289,True
2026-03-26,600966.SH,7.45,6.09,0.10044313146233386,True
2026-03-26,001225.SZ,53.03,43.39,0.09997925741547398,True
2026-03-26,002378.SZ,35.34,28.92,0.09990662931839404,True
2026-03-26,600331.SH,15.91,13.01,0.10027662517289074,True
2026-03-26,000571.SZ,6.73,5.51,0.09967320261437913,True
2026-03-26,605288.SH,106.3,86.98,0.09995860927152314,True
2026-03-26,000782.SZ,5.83,4.77,0.10000000000000005,True
2026-03-26,603353.SH,37.88,31.0,0.099883855981417,True
2026-03-26,002919.SZ,22.23,18.19,0.09995051954477979,True
2026-03-26,000603.SZ,42.31,34.61,0.10010400416016645,True
2026-03-26,002918.SZ,12.44,10.18,0.09991158267020336,True
2026-03-26,002182.SZ,17.33,14.18,0.09996826404316086,True
2026-03-26,600703.SH,15.36,12.56,0.10028653295128935,True
2026-03-26,605287.SH,45.58,37.3,0.09990347490347493,True
2026-03-26,603320.SH,22.02,18.02,0.0999000999000999,True
2026-03-26,605081.SH,8.19,7.41,0.04999999999999996,False
2026-03-26,605268.SH,13.49,11.03,0.10032626427406202,True
2026-03-26,601020.SH,30.72,25.14,0.0998925886143931,True
2026-03-26,600595.SH,7.81,6.39,0.1,True
2026-03-26,600961.SH,18.6,15.22,0.09994086339444118,True
2026-03-26,002548.SZ,6.19,5.07,0.0994671403197158,True
2026-03-26,002208.SZ,14.32,11.72,0.0998463901689708,True
2026-03-26,601890.SH,11.36,9.3,0.09970958373668919,True
2026-03-26,002716.SZ,13.34,10.92,0.09975267930750206,True
2026-03-26,002852.SZ,10.58,8.66,0.09979209979209978,True
2026-03-26,600259.SH,85.64,70.07,0.09999357780489378,True
2026-03-26,002207.SZ,10.86,8.88,0.10030395136778107,True
2026-03-26,001288.SZ,32.07,26.24,0.09998285028297035,True
2026-03-26,000737.SZ,14.65,11.99,0.09984984984984985,True
2026-03-26,603878.SH,8.45,6.91,0.10026041666666662,True
2026-03-26,600531.SH,14.51,11.87,0.10007581501137228,True
2026-03-27,603057.SH,27.16,22.22,0.10004050222762255,True
2026-03-27,603150.SH,49.35,40.37,0.10008916629514049,True
2026-03-27,600301.SH,51.59,42.21,0.10000000000000002,True
2026-03-27,000510.SZ,15.39,12.59,0.10007147962830595,True
2026-03-27,603790.SH,22.66,18.54,0.10000000000000002,True
2026-03-27,603813.SH,31.02,28.06,0.05010155721056197,False
2026-03-27,001225.SZ,51.7,42.3,0.10000000000000006,True
2026-03-27,603353.SH,37.25,30.47,0.10011813349084467,True
2026-03-27,001376.SZ,18.7,15.3,0.09999999999999996,True
2026-03-27,603358.SH,32.33,26.45,0.10003402517863216,True
2026-03-27,600703.SH,14.2,11.62,0.09992254066615028,True
2026-03-27,002772.SZ,17.39,14.23,0.09993674889310564,True
2026-03-27,605288.SH,100.5,82.22,0.10004378283712785,True
2026-03-27,603822.SH,99.02,89.59,0.0499973490270929,False
2026-03-27,600966.SH,7.22,5.9,0.10060975609756093,True
2026-03-27,605081.SH,7.8,7.06,0.04979811574697175,False
2026-03-27,600595.SH,7.67,6.27,0.1004304160688666,True
2026-03-27,603668.SH,11.76,9.62,0.10009354536950424,True
2026-03-27,002182.SZ,16.73,13.69,0.09993425378040766,True
2026-03-27,002319.SZ,12.18,9.96,0.10027100271002705,True
2026-03-27,603356.SH,17.81,14.57,0.10006176652254474,True
2026-03-27,000571.SZ,6.5,5.32,0.09983079526226732,True
2026-03-27,601168.SH,27.59,22.57,0.10007974481658692,True
2026-03-27,603320.SH,21.49,17.59,0.0997952917093142,True
2026-03-27,002856.SZ,12.18,9.96,0.10027100271002705,True
2026-03-27,002796.SZ,50.17,41.05,0.09997807498355629,True
2026-03-27,603926.SH,19.38,15.86,0.09988649262202043,True
2026-03-27,603008.SH,18.32,14.99,0.0999699789852897,True
2026-03-27,603682.SH,7.25,5.93,0.10015174506828531,True
2026-03-27,600497.SH,8.64,7.07,0.09993634627625718,True
2026-03-27,002785.SZ,41.89,34.27,0.10005252100840334,True
2026-03-27,601615.SH,19.07,15.61,0.09976931949250291,True
2026-03-27,000630.SZ,6.36,5.2,0.10034602076124569,True
2026-03-27,000878.SZ,20.19,16.52,0.09997275946608558,True
2026-03-27,002637.SZ,12.24,10.02,0.09973045822102429,True
2026-03-27,603612.SH,28.71,23.49,0.10000000000000005,True
2026-03-27,001209.SZ,22.17,18.14,0.09997519225998514,True
2026-03-27,601231.SH,36.82,30.12,0.10008963250672243,True
2026-03-27,603878.SH,8.18,6.7,0.09946236559139783,True
2026-03-27,600331.SH,15.51,12.69,0.10000000000000002,True
2026-03-30,001376.SZ,18.46,15.1,0.10011918951132304,True
2026-03-30,603353.SH,37.39,30.59,0.10002942041776994,True
2026-03-30,603057.SH,27.04,22.12,0.10008136696501217,True
2026-03-30,600301.SH,54.01,44.19,0.10000000000000002,True
2026-03-30,603813.SH,29.46,26.66,0.049893086243763374,False
2026-03-30,603790.SH,22.59,18.49,0.09980525803310618,True
2026-03-30,605081.SH,8.19,7.41,0.04999999999999996,False
2026-03-30,000020.SZ,18.47,15.11,0.10005955926146515,True
2026-03-30,000510.SZ,16.35,13.37,0.10026917900403776,True
2026-03-30,001225.SZ,52.53,42.98,0.09998952989215794,True
2026-03-30,603822.SH,98.5,89.12,0.04999467007781684,False
2026-03-30,002319.SZ,12.43,10.17,0.09999999999999998,True
2026-03-30,600703.SH,13.82,11.3,0.1003184713375796,True
2026-03-30,600966.SH,7.44,6.08,0.10059171597633139,True
2026-03-30,002378.SZ,35.68,29.2,0.09987669543773121,True
2026-03-30,600714.SH,20.49,16.77,0.09983896940418677,True
2026-03-30,600108.SH,5.34,4.37,0.09989701338825949,True
2026-03-30,603150.SH,49.89,40.82,0.0999889758571271,True
2026-03-30,002842.SZ,36.44,29.82,0.09990944763054631,True
2026-03-30,605268.SH,13.42,10.98,0.09999999999999999,True
2026-03-30,605289.SH,112.28,91.86,0.10002939159400413,True
2026-03-30,600193.SH,4.42,4.0,0.04988123515439429,False
2026-03-30,600759.SH,6.79,5.55,0.10048622366288494,True
2026-03-30,002836.SZ,15.82,12.94,0.1001390820584145,True
2026-03-30,000571.SZ,6.56,5.36,0.10067114093959725,True
2026-03-30,603358.SH,33.33,27.27,0.09999999999999999,True
2026-03-30,600452.SH,13.64,11.16,0.10000000000000002,True
2026-03-30,002856.SZ,12.43,10.17,0.09999999999999998,True
2026-03-30,603863.SH,20.34,16.64,0.1000540832882639,True
2026-03-30,001277.SZ,39.42,32.26,0.0998883928571429,True
2026-03-30,603008.SH,17.93,14.67,0.09999999999999999,True
2026-03-30,603159.SH,26.41,21.61,0.09995835068721369,True
2026-03-30,603255.SH,30.4,24.88,0.09985528219971056,True
2026-03-30,003041.SZ,55.42,45.34,0.10003969829297338,True
2026-03-30,600355.SH,0.79,0.71,0.05333333333333338,False
2026-03-30,600172.SH,8.69,7.11,0.09999999999999995,True
2026-03-30,605055.SH,10.12,8.28,0.1,True
2026-03-30,605288.SH,99.95,81.77,0.10004402377283737,True
2026-03-30,603755.SH,30.92,25.3,0.09996442547136253,True
2026-03-30,002785.SZ,42.54,34.8,0.100077579519007,True
2026-03-31,603822.SH,95.19,86.13,0.04996690933156851,False
2026-03-31,603057.SH,27.81,22.75,0.1000791139240506,True
2026-03-31,600966.SH,7.19,5.89,0.09938837920489302,True
2026-03-31,600301.SH,54.9,44.92,0.09997996393508313,True
2026-03-31,002319.SZ,12.34,10.1,0.09982174688057042,True
2026-03-31,000637.SZ,5.19,4.25,0.0995762711864407,True
2026-03-31,600243.SH,3.17,2.87,0.0496688741721854,False
2026-03-31,605003.SH,32.53,26.61,0.1001014541765303,True
2026-03-31,603130.SH,43.3,35.42,0.1001016260162601,True
2026-03-31,601890.SH,11.29,9.23,0.10038986354775822,True
2026-03-31,001225.SZ,53.08,43.43,0.09998963837944254,True
2026-03-31,002856.SZ,12.71,10.4,0.0999567286888793,True
2026-03-31,603216.SH,35.45,29.01,0.09990691901954701,True
2026-03-31,600403.SH,6.7,5.48,0.10016420361247946,True
2026-03-31,003041.SZ,54.75,44.79,0.10006027727546717,True
2026-03-31,000819.SZ,16.24,13.28,0.10027100271002708,True
2026-03-31,603878.SH,8.42,6.89,0.09993468321358592,True
2026-03-31,603070.SH,16.36,13.38,0.1002017484868863,True
2026-03-31,000985.SZ,21.73,17.78,0.09997468995191088,True
2026-03-31,600595.SH,8.31,6.8,0.09993381866313704,True
2026-03-31,603230.SH,13.42,10.98,0.09999999999999999,True
2026-03-31,601089.SH,25.32,20.72,0.09991311902693313,True
2026-03-31,603188.SH,5.43,4.45,0.09919028340080968,True
2026-03-31,600961.SH,19.16,15.68,0.09988518943742825,True
2026-03-31,603320.SH,22.39,18.32,0.09997543601080816,True
2026-03-31,605007.SH,14.91,12.2,0.09996311324234602,True
2026-03-31,000520.SZ,4.64,3.8,0.09952606635071089,True
2026-03-31,600610.SH,10.11,8.27,0.1001088139281828,True
2026-03-31,600421.SH,7.35,6.65,0.04999999999999995,False
2026-03-31,000923.SZ,20.08,16.43,0.0999726102437688,True
2026-03-31,603578.SH,14.28,11.68,0.10015408320493065,True
2026-03-31,600962.SH,21.11,17.27,0.10005211047420533,True
2026-03-31,603926.SH,19.89,16.27,0.10011061946902658,True
2026-03-31,002208.SZ,13.59,11.12,0.09995953055443142,True
2026-03-31,001260.SZ,23.17,18.95,0.1001899335232669,True
2026-03-31,603232.SH,22.03,18.03,0.09985022466300549,True
2026-03-31,605287.SH,46.16,37.76,0.10009532888465204,True
2026-03-31,000630.SZ,6.51,5.33,0.09966216216216214,True
2026-03-31,603889.SH,8.46,6.92,0.10013003901170357,True
2026-03-31,002182.SZ,17.33,14.18,0.09996826404316086,True
2026-04-01,603822.SH,90.44,81.82,0.05004063624753283,False
2026-04-01,603057.SH,26.99,22.09,0.0998370008149959,True
2026-04-01,603578.SH,13.93,11.39,0.1003159557661927,True
2026-04-01,600301.SH,53.13,43.47,0.10000000000000005,True
2026-04-01,600243.SH,3.14,2.84,0.0501672240802676,False
2026-04-01,002319.SZ,12.1,9.9,0.09999999999999996,True
2026-04-01,600966.SH,7.05,5.77,0.09984399375975041,True
2026-04-01,603130.SH,42.42,34.7,0.100103734439834,True
2026-04-01,603216.SH,35.11,28.73,0.09993734335839596,True
2026-04-01,603230.SH,13.07,10.69,0.10016835016835021,True
2026-04-01,002856.SZ,12.36,10.12,0.09964412811387903,True
2026-04-01,603188.SH,5.37,4.39,0.10040983606557381,True
2026-04-01,000004.SZ,4.8,4.34,0.05032822757111597,False
2026-04-01,001225.SZ,53.9,44.1,0.09999999999999998,True
2026-04-01,601890.SH,11.22,9.18,0.10000000000000005,True
2026-04-01,603320.SH,21.98,17.98,0.10010010010010009,True
2026-04-01,600355.SH,0.7,0.64,0.04477611940298504,False
2026-04-01,600961.SH,19.13,15.65,0.10005750431282343,True
2026-04-01,002208.SZ,13.33,10.91,0.09983498349834982,True
2026-04-01,600403.SH,6.42,5.26,0.0993150684931507,True
2026-04-01,603813.SH,26.6,24.06,0.050138176075799505,False
2026-04-01,002852.SZ,10.76,8.8,0.10020449897750505,True
2026-04-01,601089.SH,25.37,20.75,0.10017346053772767,True
2026-04-01,603878.SH,8.18,6.7,0.09946236559139783,True
2026-04-01,600962.SH,20.77,16.99,0.10010593220338987,True
2026-04-01,600595.SH,7.93,6.49,0.09986130374479886,True
2026-04-01,603070.SH,16.02,13.1,0.10027472527472528,True
2026-04-01,603889.SH,8.44,6.9,0.10039113428943931,True
2026-04-01,002918.SZ,12.16,9.95,0.09995477159656269,True
2026-04-01,000923.SZ,19.67,16.09,0.10011185682326626,True
2026-04-01,002885.SZ,25.94,21.22,0.10008481764206961,True
2026-04-01,600610.SH,9.91,8.11,0.09988901220865709,True
2026-04-01,000020.SZ,17.52,14.34,0.09981167608286251,True
2026-04-01,603008.SH,16.43,13.45,0.09973226238286481,True
2026-04-01,603275.SH,48.4,39.6,0.09999999999999996,True
2026-04-01,001260.SZ,22.79,18.65,0.09990347490347493,True
2026-04-01,000878.SZ,19.83,16.23,0.09983361064891841,True
2026-04-01,001360.SZ,23.18,18.96,0.10014238253440909,True
2026-04-01,600703.SH,12.84,10.5,0.10025706940874035,True
2026-04-01,002861.SZ,16.48,13.48,0.10013351134846461,True
2026-04-02,603822.SH,94.96,85.92,0.049977885891198545,False
2026-04-02,603130.SH,42.46,34.74,0.09999999999999998,True
2026-04-02,600421.SH,6.88,6.22,0.05038167938931299,False
2026-04-02,603578.SH,13.97,11.43,0.10000000000000005,True
2026-04-02,600966.SH,7.11,5.81,0.10061919504643968,True
2026-04-02,600301.SH,54.51,44.6,0.09998991020078697,True
2026-04-02,601890.SH,11.3,9.24,0.10029211295034082,True
2026-04-02,603070.SH,16.28,13.32,0.10000000000000002,True
2026-04-02,002856.SZ,12.43,10.17,0.09999999999999998,True
2026-04-02,002319.SZ,12.18,9.96,0.10027100271002705,True
2026-04-02,603320.SH,22.33,18.27,0.09999999999999998,True
2026-04-02,603188.SH,5.39,4.41,0.09999999999999995,True
2026-04-02,603230.SH,13.04,10.67,0.09995782370307883,True
2026-04-02,601089.SH,26.83,21.95,0.10004100041000408,True
2026-04-02,001225.SZ,54.01,44.19,0.10000000000000002,True
2026-04-02,600962.SH,20.97,17.15,0.10020986358866737,True
2026-04-02,600403.SH,6.37,5.21,0.10017271157167532,True
2026-04-02,603216.SH,35.97,29.43,0.09999999999999998,True
2026-04-02,605007.SH,15.13,12.38,0.09996364958197018,True
2026-04-02,600610.SH,10.04,8.22,0.0996714129244249,True
2026-04-02,603057.SH,27.51,22.51,0.09996001599360255,True
2026-04-02,603889.SH,8.58,7.02,0.10000000000000003,True
2026-04-02,600243.SH,3.16,2.86,0.04983388704318942,False
2026-04-02,603878.SH,8.36,6.84,0.09999999999999998,True
2026-04-02,603008.SH,16.72,13.68,0.09999999999999998,True
2026-04-02,600318.SH,8.27,6.77,0.0997340425531915,True
2026-04-02,603813.SH,25.26,22.86,0.04987531172069829,False
2026-04-02,000691.SZ,8.33,7.53,0.050441361916771746,False
2026-04-02,605577.SH,14.73,12.05,0.10007468259895443,True
2026-04-02,600193.SH,4.19,3.79,0.05012531328320806,False
2026-04-02,002208.SZ,13.09,10.71,0.09999999999999995,True
2026-04-02,000004.SZ,4.56,4.12,0.05069124423963128,False
2026-04-02,600961.SH,19.51,15.97,0.09977452085682076,True
2026-04-02,603232.SH,21.92,17.94,0.09984947315604617,True
2026-04-02,002485.SZ,5.27,4.77,0.04980079681274901,False
2026-04-02,600355.SH,0.67,0.61,0.04687500000000004,False
2026-04-02,000020.SZ,17.8,14.56,0.10012360939431397,True
2026-04-02,003041.SZ,58.07,47.51,0.10001894298162534,True
2026-04-02,603615.SH,20.68,16.92,0.09999999999999995,True
2026-04-02,603170.SH,14.03,11.48,0.09996079968639746,True
2026-04-03,603822.SH,92.4,83.6,0.050000000000000065,False
2026-04-03,600421.SH,6.58,5.96,0.04944178628389156,False
2026-04-03,603130.SH,40.67,33.27,0.10008114687584527,True
2026-04-03,600301.SH,51.59,42.21,0.10000000000000002,True
2026-04-03,600966.SH,7.02,5.74,0.1003134796238244,True
2026-04-03,600610.SH,9.82,8.04,0.09966405375139985,True
2026-04-03,002319.SZ,11.78,9.64,0.09990662931839396,True
2026-04-03,603057.SH,29.62,24.24,0.09988860007426667,True
2026-04-03,002856.SZ,12.05,9.86,0.09995435874030129,True
2026-04-03,603578.SH,13.66,11.18,0.09983896940418681,True
2026-04-03,600403.SH,6.34,5.18,0.10069444444444446,True
2026-04-03,603320.SH,21.91,17.93,0.0998995983935743,True
2026-04-03,001234.SZ,27.38,22.4,0.10004017677782243,True
2026-04-03,603615.SH,19.97,16.34,0.0999724593775819,True
2026-04-03,600847.SH,13.85,11.33,0.1000794281175536,True
2026-04-03,603070.SH,15.91,13.01,0.10027662517289074,True
2026-04-03,003041.SZ,57.53,47.07,0.10000000000000002,True
2026-04-03,605003.SH,31.31,25.61,0.10014054813773716,True
2026-04-03,000020.SZ,17.02,13.92,0.10019392372333548,True
2026-04-03,002208.SZ,12.65,10.35,0.10000000000000003,True
2026-04-03,603878.SH,8.12,6.64,0.10027100271002708,True
2026-04-03,000995.SZ,14.88,12.18,0.09977827050997785,True
2026-04-03,603216.SH,35.13,28.75,0.0998747651847214,True
2026-04-03,605007.SH,14.91,12.2,0.09996311324234602,True
2026-04-03,605287.SH,45.53,37.25,0.1000241604252235,True
2026-04-03,000637.SZ,5.06,4.14,0.1,True
2026-04-03,001225.SZ,52.46,42.92,0.10002096875655274,True
2026-04-03,002121.SZ,8.39,6.87,0.0996068152031455,True
2026-04-03,000555.SZ,15.54,12.72,0.09978768577494687,True
2026-04-03,603008.SH,15.05,12.31,0.10014619883040937,True
2026-04-03,000004.SZ,4.33,3.91,0.05097087378640776,False
2026-04-03,603813.SH,24.0,21.72,0.0498687664041995,False
2026-04-03,002453.SZ,5.67,4.64,0.09990300678952477,True
2026-04-03,000639.SZ,2.64,2.16,0.09999999999999998,True
2026-04-03,603232.SH,21.08,17.24,0.1002087682672234,True
2026-04-03,002782.SZ,22.68,18.56,0.09990300678952477,True
2026-04-03,600193.SH,4.08,3.7,0.048843187660668363,False
2026-04-03,000571.SZ,6.15,5.03,0.10017889087656531,True
2026-04-03,002881.SZ,40.46,33.1,0.10005437737901032,True
2026-04-03,603332.SH,13.68,11.2,0.09967845659163989,True
2026-04-07,603822.SH,88.0,79.62,0.04999403412480608,False
2026-04-07,600421.SH,6.32,5.72,0.04983388704318942,False
2026-04-07,600193.SH,4.12,3.72,0.05102040816326529,False
2026-04-07,603130.SH,40.01,32.73,0.10008248556502615,True
2026-04-07,603070.SH,15.43,12.63,0.09978617248752668,True
2026-04-07,600966.SH,6.9,5.64,0.1004784688995216,True
2026-04-07,600301.SH,51.26,41.94,0.10000000000000002,True
2026-04-07,603057.SH,28.22,23.09,0.09998051062171115,True
2026-04-07,002856.SZ,11.83,9.68,0.09995350999535102,True
2026-04-07,603578.SH,13.31,10.89,0.09999999999999999,True
2026-04-07,603320.SH,21.44,17.54,0.10005130836326326,True
2026-04-07,603615.SH,19.05,15.59,0.09988452655889148,True
2026-04-07,003041.SZ,55.3,45.24,0.10005967774020287,True
2026-04-07,605287.SH,43.15,35.31,0.09992352791231195,True
2026-04-07,605007.SH,14.72,12.04,0.10014947683109124,True
2026-04-07,002208.SZ,12.52,10.24,0.10017574692442881,True
2026-04-07,603878.SH,7.89,6.45,0.10041841004184097,True
2026-04-07,603216.SH,34.85,28.51,0.10006313131313131,True
2026-04-07,603889.SH,8.23,6.73,0.10026737967914438,True
2026-04-07,002485.SZ,4.98,4.5,0.050632911392405104,False
2026-04-07,002207.SZ,10.22,8.36,0.10010764262648016,True
2026-04-07,600962.SH,20.33,16.63,0.1001082251082251,True
2026-04-07,600403.SH,6.08,4.98,0.09945750452079562,True
2026-04-07,002319.SZ,11.56,9.46,0.09990485252140816,True
2026-04-07,002453.SZ,5.42,4.44,0.09939148073022308,True
2026-04-07,601890.SH,10.9,8.92,0.09989909182643796,True
2026-04-07,000818.SZ,21.22,17.36,0.10005184033177811,True
2026-04-07,605577.SH,13.44,11.0,0.09983633387888706,True
2026-04-07,603813.SH,22.81,20.63,0.0501841620626151,False
2026-04-07,000020.SZ,16.3,13.34,0.09986504723346831,True
2026-04-07,600610.SH,9.33,7.63,0.10023584905660378,True
2026-04-07,002706.SZ,10.29,8.42,0.09994655264564399,True
2026-04-07,001376.SZ,16.12,13.19,0.09996588195155241,True
2026-04-07,001260.SZ,21.91,17.93,0.0998995983935743,True
2026-04-07,000004.SZ,4.11,3.71,0.051150895140665,False
2026-04-07,600984.SH,4.06,3.32,0.10027100271002708,True
2026-04-07,001234.SZ,26.44,21.64,0.09983361064891849,True
2026-04-07,002121.SZ,8.09,6.62,0.09993201903467026,True
2026-04-07,603188.SH,5.13,4.19,0.10085836909871239,True
2026-04-07,000691.SZ,8.06,7.3,0.04947916666666671,False
2026-04-08,600421.SH,6.49,5.87,0.050161812297734636,False
2026-04-08,600193.SH,3.91,3.53,0.05107526881720435,False
2026-04-08,603822.SH,92.4,83.6,0.050000000000000065,False
2026-04-08,603130.SH,40.11,32.81,0.1001097092704333,True
2026-04-08,603070.SH,15.75,12.89,0.09986033519553071,True
2026-04-08,000691.SZ,7.97,7.21,0.05006587615283266,False
2026-04-08,603889.SH,8.29,6.79,0.09946949602122011,True
2026-04-08,000004.SZ,3.9,3.52,0.05121293800539082,False
2026-04-08,002485.SZ,5.06,4.58,0.0497925311203319,False
2026-04-08,600696.SH,1.49,1.35,0.04929577464788729,False
2026-04-08,603309.SH,15.75,12.89,0.09986033519553071,True
2026-04-08,601089.SH,25.69,21.02,0.09997859130807112,True
2026-04-08,603008.SH,13.77,11.27,0.09984025559105432,True
2026-04-08,600962.SH,20.27,16.59,0.09983722192078133,True
2026-04-08,605577.SH,13.7,11.21,0.09995985547972695,True
2026-04-08,002856.SZ,12.09,9.89,0.100090991810737,True
2026-04-08,002207.SZ,9.2,7.52,0.10047846889952151,True
2026-04-08,603230.SH,13.39,10.95,0.10024650780608058,True
2026-04-08,603188.SH,5.64,4.62,0.09941520467836254,True
2026-04-08,603170.SH,14.6,11.94,0.10022607385079127,True
2026-04-08,600238.SH,4.35,3.93,0.05072463768115936,False
2026-04-08,600608.SH,2.85,2.57,0.0516605166051661,False
2026-04-08,002208.SZ,12.31,10.07,0.1000893655049151,True
2026-04-08,600703.SH,13.22,10.82,0.09983361064891849,True
2026-04-08,002592.SZ,8.56,7.74,0.050306748466257684,False
2026-04-08,001376.SZ,16.72,13.68,0.09999999999999998,True
2026-04-08,000608.SZ,4.14,3.74,0.050761421319796884,False
2026-04-08,605288.SH,93.17,76.23,0.09999999999999998,True
2026-04-08,000818.SZ,19.1,15.62,0.10023041474654384,True
2026-04-08,000639.SZ,2.61,2.13,0.10126582278481013,True
2026-04-08,002800.SZ,19.42,15.89,0.09997167941093177,True
2026-04-08,002056.SZ,19.73,16.15,0.09977703455964332,True
2026-04-08,600828.SH,5.64,4.62,0.09941520467836254,True
2026-04-08,603878.SH,8.02,6.56,0.10013717421124829,True
2026-04-08,600860.SH,12.33,10.09,0.09991079393398751,True
2026-04-08,000599.SZ,5.89,4.82,0.09990662931839396,True
2026-04-08,002277.SZ,6.19,5.07,0.0994671403197158,True
2026-04-08,600476.SH,11.43,9.35,0.10009624639076034,True
2026-04-08,605268.SH,13.39,10.95,0.10024650780608058,True
2026-04-08,601611.SH,14.59,11.93,0.10030165912518854,True
2026-04-09,600421.SH,6.48,5.86,0.05024311183144247,False
2026-04-09,600193.SH,3.71,3.35,0.05099150141643057,False
2026-04-09,603822.SH,97.02,87.78,0.04999999999999997,False
2026-04-09,603008.SH,13.57,11.11,0.09967585089141008,True
2026-04-09,000004.SZ,3.71,3.35,0.05099150141643057,False
2026-04-09,000639.SZ,2.61,2.13,0.10126582278481013,True
2026-04-09,001376.SZ,17.49,14.31,0.09999999999999995,True
2026-04-09,603130.SH,42.23,34.55,0.10002604845011721,True
2026-04-09,002207.SZ,8.64,7.07,0.09993634627625718,True
2026-04-09,600238.SH,4.13,3.73,0.05089058524173027,False
2026-04-09,002208.SZ,13.1,10.72,0.09991603694374471,True
2026-04-09,000818.SZ,17.18,14.06,0.09987195902688857,True
2026-04-09,002056.SZ,20.5,16.78,0.09978540772532185,True
2026-04-09,002592.SZ,8.54,7.72,0.05043050430504302,False
2026-04-09,603057.SH,28.49,23.31,0.1,True
2026-04-09,002856.SZ,12.65,10.35,0.10000000000000003,True
2026-04-09,600608.SH,2.7,2.44,0.05058365758754868,False
2026-04-09,600703.SH,13.65,11.17,0.09991941982272362,True
2026-04-09,600696.SH,1.46,1.32,0.050359712230215785,False
2026-04-09,605081.SH,6.92,6.26,0.050075872534142654,False
2026-04-09,002800.SZ,19.66,16.08,0.10016787912702861,True
2026-04-09,000020.SZ,17.17,14.05,0.09993593850096094,True
2026-04-09,000980.SZ,2.45,2.01,0.09865470852017946,True
2026-04-09,002485.SZ,5.18,4.68,0.05070993914807303,False
2026-04-09,000599.SZ,6.07,4.97,0.09963768115942034,True
2026-04-09,002175.SZ,3.28,2.68,0.10067114093959725,True
2026-04-09,603188.SH,5.54,4.54,0.0992063492063492,True
2026-04-09,600452.SH,12.72,10.4,0.10034602076124569,True
2026-04-09,603070.SH,16.5,13.5,0.1,True
2026-04-09,603381.SH,25.38,20.76,0.10013003901170345,True
2026-04-09,000571.SZ,6.37,5.21,0.10017271157167532,True
2026-04-09,601615.SH,18.04,14.76,0.09999999999999999,True
2026-04-09,603093.SH,19.6,16.04,0.09988776655443328,True
2026-04-09,601089.SH,26.11,21.37,0.0998315080033698,True
2026-04-09,603309.SH,16.14,13.2,0.10020449897750516,True
2026-04-09,002121.SZ,8.56,7.0,0.10025706940874039,True
2026-04-09,603312.SH,42.99,35.17,0.10005117707267146,True
2026-04-09,605268.SH,13.62,11.14,0.10016155088852984,True
2026-04-09,002202.SZ,26.22,21.46,0.09983221476510062,True
2026-04-09,002706.SZ,10.69,8.75,0.09979423868312756,True
2026-04-10,600421.SH,6.16,5.58,0.04940374787052811,False
2026-04-10,600193.SH,3.52,3.18,0.050746268656716394,False
2026-04-10,603822.SH,95.98,86.84,0.04999453013893448,False
2026-04-10,603130.SH,42.03,34.39,0.09997382884061765,True
2026-04-10,600238.SH,3.92,3.54,0.050938337801608564,False
2026-04-10,603309.SH,15.73,12.87,0.10000000000000003,True
2026-04-10,000004.SZ,3.52,3.18,0.050746268656716394,False
2026-04-10,002542.SZ,2.97,2.43,0.1,True
2026-04-10,605577.SH,13.9,11.38,0.09968354430379744,True
2026-04-10,600696.SH,1.39,1.25,0.053030303030303,False
2026-04-10,600608.SH,2.56,2.32,0.04918032786885251,False
2026-04-10,605081.SH,6.57,5.95,0.04952076677316295,False
2026-04-10,600962.SH,20.66,16.9,0.10010649627263049,True
2026-04-10,000691.SZ,8.33,7.53,0.050441361916771746,False
2026-04-10,603070.SH,16.46,13.46,0.10026737967914438,True
2026-04-10,002592.SZ,8.57,7.75,0.0502450980392157,False
2026-04-10,601089.SH,25.61,20.95,0.10008591065292095,True
2026-04-10,603008.SH,13.07,10.69,0.10016835016835021,True
2026-04-10,002485.SZ,5.13,4.65,0.04907975460122694,False
2026-04-10,000818.SZ,16.9,13.82,0.10026041666666662,True
2026-04-10,603170.SH,14.8,12.11,0.09996283909327393,True
2026-04-10,000639.SZ,2.48,2.03,0.09977827050997787,True
2026-04-10,002630.SZ,1.97,1.79,0.0478723404255319,False
2026-04-10,000599.SZ,5.91,4.83,0.1005586592178771,True
2026-04-10,002207.SZ,8.79,7.19,0.10012515644555686,True
2026-04-10,603205.SH,28.27,23.13,0.10000000000000002,True
2026-04-10,603230.SH,13.4,10.96,0.10016420361247946,True
2026-04-10,603188.SH,5.47,4.47,0.1006036217303823,True
2026-04-10,600828.SH,5.72,4.68,0.10000000000000002,True
2026-04-10,600403.SH,6.26,5.12,0.10017574692442881,True
2026-04-10,603057.SH,28.11,23.0,0.09998043435726862,True
2026-04-10,003041.SZ,57.7,47.21,0.09999046802020782,True
2026-04-10,001376.SZ,17.48,14.3,0.10006293266205159,True
2026-04-10,002726.SZ,3.41,2.79,0.10000000000000002,True
2026-04-10,000571.SZ,6.15,5.03,0.10017889087656531,True
2026-04-10,000609.SZ,8.78,7.94,0.05023923444976071,False
2026-04-10,002208.SZ,13.09,10.71,0.09999999999999995,True
2026-04-10,002056.SZ,20.32,16.62,0.10016242555495397,True
2026-04-10,600860.SH,12.52,10.24,0.10017574692442881,True
2026-04-10,605288.SH,92.53,75.71,0.09997622444127441,True
2026-04-13,600193.SH,3.7,3.34,0.05113636363636368,False
2026-04-13,603822.SH,95.88,86.74,0.05004928266345417,False
2026-04-13,600421.SH,6.47,5.85,0.050324675324675334,False
2026-04-13,600696.SH,1.32,1.2,0.04761904761904766,False
2026-04-13,000004.SZ,3.34,3.02,0.05031446540880501,False
2026-04-13,603130.SH,42.31,34.61,0.10010400416016645,True
2026-04-13,603309.SH,15.64,12.8,0.09985935302390998,True
2026-04-13,603898.SH,14.5,11.86,0.10015174506828531,True
2026-04-13,600608.SH,2.44,2.2,0.051724137931034427,False
2026-04-13,600238.SH,4.12,3.72,0.05102040816326529,False
2026-04-13,605081.SH,6.39,5.79,0.04926108374384234,False
2026-04-13,000818.SZ,16.21,13.27,0.0997286295793759,True
2026-04-13,002542.SZ,2.67,2.19,0.09876543209876544,True
2026-04-13,002800.SZ,18.74,15.34,0.09976525821596241,True
2026-04-13,002485.SZ,5.2,4.7,0.050505050505050504,False
2026-04-13,603188.SH,5.56,4.55,0.09990108803165182,True
2026-04-13,002856.SZ,12.38,10.13,0.09995557529986672,True
2026-04-13,605577.SH,14.03,11.48,0.09996079968639746,True
2026-04-13,000691.SZ,8.43,7.63,0.049813200498131996,False
2026-04-13,002592.SZ,8.63,7.81,0.04987834549878352,False
2026-04-13,603070.SH,16.7,13.66,0.10013175230566532,True
2026-04-13,603008.SH,13.73,11.23,0.1001602564102564,True
2026-04-13,002630.SZ,1.97,1.79,0.0478723404255319,False
2026-04-13,002207.SZ,8.59,7.03,0.09987195902688857,True
2026-04-13,000639.SZ,2.43,1.99,0.09954751131221723,True
2026-04-13,000020.SZ,17.38,14.22,0.09999999999999995,True
2026-04-13,600408.SH,3.51,2.87,0.1003134796238244,True
2026-04-13,603578.SH,13.84,11.32,0.10015898251192368,True
2026-04-13,000608.SZ,4.29,3.89,0.04889975550122248,False
2026-04-13,002453.SZ,5.57,4.55,0.10079051383399214,True
2026-04-13,000048.SZ,16.89,13.82,0.09996743731683491,True
2026-04-13,605288.SH,93.21,76.27,0.09995279679018172,True
2026-04-13,603057.SH,27.18,22.24,0.09995953055443142,True
2026-04-13,601015.SH,4.53,3.71,0.09951456310679614,True
2026-04-13,603610.SH,17.61,14.41,0.09993753903810118,True
2026-04-13,002202.SZ,26.48,21.66,0.10012463647694225,True
2026-04-13,002277.SZ,6.14,5.02,0.1003584229390681,True
2026-04-13,000722.SZ,14.29,11.69,0.10007698229407236,True
2026-04-13,003041.SZ,57.39,46.95,0.10005750431282344,True
2026-04-13,002852.SZ,10.9,8.92,0.09989909182643796,True
2026-04-14,600193.SH,3.58,3.24,0.04985337243401757,False
2026-04-14,600421.SH,6.63,5.99,0.050713153724247194,False
2026-04-14,603822.SH,94.4,85.41,0.049997219287025246,False
2026-04-14,000004.SZ,3.3,2.98,0.050955414012738835,False
2026-04-14,603309.SH,15.44,12.64,0.09971509971509969,True
2026-04-14,603130.SH,41.65,34.07,0.10010565240359216,True
2026-04-14,600696.SH,1.26,1.14,0.050000000000000044,False
2026-04-14,600608.SH,2.56,2.32,0.04918032786885251,False
2026-04-14,002671.SZ,5.29,4.33,0.09979209979209978,True
2026-04-14,603188.SH,5.53,4.53,0.09940357852882703,True
2026-04-14,605577.SH,13.79,11.29,0.09968102073365231,True
2026-04-14,002485.SZ,5.27,4.77,0.04980079681274901,False
2026-04-14,600238.SH,4.33,3.91,0.05097087378640776,False
2026-04-14,002207.SZ,9.02,7.38,0.09999999999999999,True
2026-04-14,002800.SZ,18.56,15.18,0.10017783046828689,True
2026-04-14,000691.SZ,8.47,7.67,0.049566294919454815,False
2026-04-14,603008.SH,13.54,11.08,0.09991876523151906,True
2026-04-14,605081.SH,6.62,5.99,0.04996034892942109,False
2026-04-14,601089.SH,25.26,20.66,0.10017421602787459,True
2026-04-14,000722.SZ,14.63,11.97,0.1,True
2026-04-14,000639.SZ,2.46,2.02,0.0982142857142857,True
2026-04-14,000911.SZ,6.57,5.37,0.10050251256281408,True
2026-04-14,000818.SZ,16.6,13.58,0.1000662690523526,True
2026-04-14,002542.SZ,2.6,2.12,0.10169491525423727,True
2026-04-14,600408.SH,3.56,2.92,0.09876543209876544,True
2026-04-14,603070.SH,16.46,13.46,0.10026737967914438,True
2026-04-14,002592.SZ,8.74,7.9,0.05048076923076922,False
2026-04-14,603898.SH,14.43,11.81,0.09984756097560972,True
2026-04-14,603578.SH,13.74,11.24,0.100080064051241,True
2026-04-14,600758.SH,4.48,3.66,0.10073710073710077,True
2026-04-14,600569.SH,2.42,1.98,0.09999999999999998,True
2026-04-14,600163.SH,6.86,5.62,0.09935897435897437,True
2026-04-14,002453.SZ,5.49,4.49,0.1002004008016032,True
2026-04-14,600121.SH,4.73,3.87,0.10000000000000002,True
2026-04-14,002809.SZ,11.92,9.76,0.09963099630996311,True
2026-04-14,000608.SZ,4.17,3.77,0.05037783375314861,False
2026-04-14,000631.SZ,3.71,3.03,0.10089020771513355,True
2026-04-14,603098.SH,15.92,13.02,0.10020732550103664,True
2026-04-14,600792.SH,4.55,3.73,0.09903381642512075,True
2026-04-14,603787.SH,14.05,11.49,0.10023492560689118,True
2026-04-15,600193.SH,3.4,3.08,0.049382716049382686,False
2026-04-15,600421.SH,6.45,5.83,0.050488599348534204,False
2026-04-15,603130.SH,41.53,33.98,0.09998675672096417,True
2026-04-15,600696.SH,1.2,1.08,0.05263157894736836,False
2026-04-15,000004.SZ,3.47,3.14,0.04992435703479577,False
2026-04-15,600608.SH,2.57,2.33,0.04897959183673464,False
2026-04-15,002671.SZ,5.26,4.3,0.10041841004184102,True
2026-04-15,605577.SH,13.92,11.39,0.09996048992493083,True
2026-04-15,000631.SZ,3.67,3.01,0.09880239520958087,True
2026-04-15,002485.SZ,5.22,4.72,0.05030181086519115,False
2026-04-15,603822.SH,92.09,83.32,0.049997149535374326,False
2026-04-15,000692.SZ,4.74,3.88,0.0997679814385151,True
2026-04-15,605081.SH,6.89,6.23,0.05030487804878043,False
2026-04-15,002453.SZ,5.39,4.41,0.09999999999999995,True
2026-04-15,000818.SZ,16.34,13.37,0.09996634129922587,True
2026-04-15,002852.SZ,10.85,8.87,0.10040567951318462,True
2026-04-15,603790.SH,23.71,19.4,0.09997680352586412,True
2026-04-15,603188.SH,5.5,4.5,0.1,True
2026-04-15,603578.SH,13.77,11.27,0.09984025559105432,True
2026-04-15,600569.SH,2.4,1.96,0.10091743119266056,True
2026-04-15,000599.SZ,6.07,4.97,0.09963768115942034,True
2026-04-15,603023.SH,5.03,4.11,0.10065645514223194,True
2026-04-15,603098.SH,15.83,12.95,0.10006949270326618,True
2026-04-15,002634.SZ,8.21,6.71,0.10053619302949067,True
2026-04-15,603787.SH,14.01,11.47,0.09968602825745679,True
2026-04-15,603309.SH,15.29,12.51,0.09999999999999999,True
2026-04-15,002893.SZ,11.51,9.41,0.10038240917782024,True
2026-04-15,000911.SZ,6.51,5.33,0.09966216216216214,True
2026-04-15,603050.SH,21.82,17.86,0.09979838709677422,True
2026-04-15,603020.SH,12.3,10.06,0.10017889087656531,True
2026-04-15,000048.SZ,17.23,14.09,0.10025542784163476,True
2026-04-15,605166.SH,11.09,9.07,0.10019841269841268,True
2026-04-15,002800.SZ,18.3,14.98,0.09975961538461539,True
2026-04-15,001225.SZ,54.78,44.82,0.10000000000000002,True
2026-04-15,600966.SH,7.06,5.78,0.09968847352024918,True
2026-04-15,000691.SZ,8.43,7.63,0.049813200498131996,False
2026-04-15,002172.SZ,4.24,3.47,0.09987029831387807,True
2026-04-15,001266.SZ,37.17,30.41,0.10002959455460197,True
2026-04-15,603926.SH,19.55,15.99,0.10016882386043896,True
2026-04-15,600310.SH,4.99,4.09,0.09911894273127757,True
2026-04-16,600193.SH,3.24,2.94,0.0485436893203884,False
2026-04-16,600421.SH,6.17,5.59,0.04931972789115647,False
2026-04-16,000004.SZ,3.64,3.3,0.04899135446685884,False
2026-04-16,600696.SH,1.13,1.03,0.04629629629629623,False
2026-04-16,600608.SH,2.48,2.24,0.050847457627118585,False
2026-04-16,605577.SH,13.71,11.21,0.10032102728731941,True
2026-04-16,002852.SZ,10.75,8.79,0.1003070624360287,True
2026-04-16,603578.SH,13.72,11.22,0.10024057738572574,True
2026-04-16,603309.SH,15.43,12.63,0.09978617248752668,True
2026-04-16,002800.SZ,18.52,15.16,0.09976247030878858,True
2026-04-16,603130.SH,40.84,33.42,0.09991920280096958,True
2026-04-16,000631.SZ,3.59,2.93,0.10122699386503063,True
2026-04-16,002453.SZ,5.3,4.34,0.0995850622406639,True
2026-04-16,603023.SH,4.82,3.94,0.10045662100456625,True
2026-04-16,002592.SZ,8.59,7.77,0.05012224938875307,False
2026-04-16,002485.SZ,5.15,4.66,0.04994903160040776,False
2026-04-16,600807.SH,3.23,2.65,0.09863945578231294,True
2026-04-16,002893.SZ,11.39,9.32,0.09995171414775472,True
2026-04-16,603151.SH,18.76,15.35,0.0999706830841396,True
2026-04-16,603188.SH,5.35,4.37,0.10082304526748967,True
2026-04-16,603787.SH,13.86,11.34,0.09999999999999999,True
2026-04-16,600569.SH,2.35,1.93,0.09813084112149535,True
2026-04-16,603822.SH,90.28,81.68,0.05001163061177014,False
2026-04-16,000608.SZ,4.32,3.9,0.05109489051094895,False
2026-04-16,603020.SH,12.16,9.95,0.09995477159656269,True
2026-04-16,603062.SH,54.47,44.57,0.09995961227786752,True
2026-04-16,001225.SZ,53.99,44.17,0.10004074979625102,True
2026-04-16,603790.SH,23.74,19.42,0.10009267840593135,True
2026-04-16,600491.SH,2.66,2.18,0.09917355371900827,True
2026-04-16,603257.SH,61.8,50.56,0.10003559985760052,True
2026-04-16,603017.SH,14.48,11.84,0.10030395136778117,True
2026-04-16,002492.SZ,8.25,6.75,0.1,True
2026-04-16,600281.SH,5.93,4.85,0.10018552875695734,True
2026-04-16,603332.SH,14.16,11.58,0.10023310023310023,True
2026-04-16,002666.SZ,5.91,4.83,0.1005586592178771,True
2026-04-16,600774.SH,9.71,7.95,0.09966024915062291,True
2026-04-16,603095.SH,19.45,15.91,0.10011312217194568,True
2026-04-16,000985.SZ,20.47,16.75,0.09994626544868347,True
2026-04-16,600359.SH,7.67,6.27,0.1004304160688666,True
2026-04-16,603050.SH,21.64,17.7,0.1001525165226233,True
2026-04-17,600193.SH,3.26,2.95,0.049919484702093335,False
2026-04-17,600421.SH,6.01,5.43,0.05069930069930071,False
2026-04-17,600608.SH,2.5,2.26,0.05042016806722694,False
2026-04-17,603968.SH,13.02,10.66,0.09966216216216214,True
2026-04-17,002485.SZ,5.12,4.64,0.04918032786885251,False
2026-04-17,605577.SH,14.07,11.51,0.10007818608287727,True
2026-04-17,600696.SH,1.08,0.98,0.04854368932038839,False
2026-04-17,603170.SH,14.49,11.85,0.10022779043280185,True
2026-04-17,603230.SH,12.34,10.1,0.09982174688057042,True
2026-04-17,603117.SH,5.08,4.16,0.09956709956709955,True
2026-04-17,603188.SH,5.48,4.48,0.1004016064257028,True
2026-04-17,603136.SH,12.65,10.35,0.10000000000000003,True
2026-04-17,002760.SZ,23.82,19.49,0.09997691064419306,True
2026-04-17,603001.SH,10.21,8.35,0.10021551724137936,True
2026-04-17,002495.SZ,2.84,2.32,0.10077519379844961,True
2026-04-17,603679.SH,15.5,12.68,0.1000709723207949,True
2026-04-17,000761.SZ,3.37,2.75,0.10130718954248367,True
2026-04-17,001388.SZ,43.91,35.93,0.09994989979959916,True
2026-04-17,001322.SZ,8.16,6.68,0.09973045822102429,True
2026-04-17,600381.SH,3.08,2.78,0.05119453924914681,False
2026-04-17,600712.SH,6.61,5.41,0.09983361064891849,True
2026-04-17,603013.SH,21.19,17.33,0.10020768431983394,True
2026-04-17,002168.SZ,4.48,4.06,0.04918032786885256,False
2026-04-17,002702.SZ,6.23,5.09,0.10070671378091878,True
2026-04-17,001266.SZ,36.52,29.88,0.10000000000000005,True
2026-04-17,600725.SH,4.59,3.75,0.10071942446043164,True
2026-04-17,000818.SZ,16.5,13.5,0.1,True
2026-04-17,002453.SZ,5.42,4.44,0.09939148073022308,True
2026-04-17,000715.SZ,6.35,5.19,0.10051993067590982,True
2026-04-17,002893.SZ,11.4,9.32,0.1003861003861004,True
2026-04-17,002172.SZ,4.26,3.48,0.10077519379844958,True
2026-04-17,002330.SZ,5.35,4.37,0.10082304526748967,True
2026-04-17,002496.SZ,2.07,1.87,0.050761421319796884,False
2026-04-17,603729.SH,18.49,15.13,0.0999405116002379,True
2026-04-17,605003.SH,31.77,25.99,0.10006925207756236,True
2026-04-17,000631.SZ,3.59,2.93,0.10122699386503063,True
2026-04-17,000713.SZ,7.29,5.97,0.09954751131221722,True
2026-04-17,603089.SH,14.07,11.51,0.10007818608287727,True
2026-04-17,002999.SZ,7.71,6.31,0.09985734664764624,True
2026-04-17,600807.SH,3.3,2.7,0.09999999999999994,True
2026-04-20,600193.SH,3.1,2.8,0.05084745762711869,False
2026-04-20,600421.SH,5.7,5.16,0.04972375690607735,False
2026-04-20,605577.SH,13.87,11.35,0.09992069785884218,True
2026-04-20,603230.SH,12.28,10.04,0.1003584229390681,True
2026-04-20,603170.SH,14.52,11.88,0.09999999999999996,True
2026-04-20,605183.SH,21.26,17.4,0.09984480082772901,True
2026-04-20,002086.SZ,2.23,1.83,0.09852216748768469,True
2026-04-20,603188.SH,5.29,4.33,0.09979209979209978,True
2026-04-20,002485.SZ,5.12,4.64,0.04918032786885251,False
2026-04-20,603070.SH,16.7,13.66,0.10013175230566532,True
2026-04-20,001388.SZ,43.52,35.6,0.1001011122345804,True
2026-04-20,001322.SZ,8.04,6.58,0.09986320109439119,True
2026-04-20,002918.SZ,12.98,10.62,0.10000000000000005,True
2026-04-20,002852.SZ,10.69,8.75,0.09979423868312756,True
2026-04-20,603312.SH,46.2,37.8,0.10000000000000006,True
2026-04-20,000715.SZ,6.29,5.15,0.0996503496503496,True
2026-04-20,603117.SH,4.97,4.07,0.09955752212389375,True
2026-04-20,001209.SZ,22.5,18.41,0.09997555609875336,True
2026-04-20,603013.SH,21.32,17.44,0.10010319917440656,True
2026-04-20,002861.SZ,17.47,14.29,0.10012594458438287,True
2026-04-20,000713.SZ,7.16,5.86,0.0998463901689708,True
2026-04-20,600278.SH,8.05,6.59,0.09972677595628421,True
2026-04-20,600467.SH,2.64,2.16,0.09999999999999998,True
2026-04-20,603209.SH,15.93,13.03,0.10013812154696133,True
2026-04-20,002919.SZ,21.87,17.89,0.10010060362173039,True
2026-04-20,003017.SZ,33.95,27.77,0.10012961762799746,True
2026-04-20,001373.SZ,38.09,31.17,0.09991336991048226,True
2026-04-20,600400.SH,2.21,1.81,0.09950248756218905,True
2026-04-20,600712.SH,6.57,5.37,0.10050251256281408,True
2026-04-20,002162.SZ,5.05,4.13,0.10021786492374728,True
2026-04-20,002095.SZ,18.32,14.99,0.0999699789852897,True
2026-04-20,002571.SZ,13.27,10.85,0.10033167495854063,True
2026-04-20,002763.SZ,8.81,7.21,0.09987515605493137,True
2026-04-20,600798.SH,3.97,3.25,0.09972299168975071,True
2026-04-20,603214.SH,17.56,14.36,0.10025062656641602,True
2026-04-20,603324.SH,28.78,23.54,0.1001529051987768,True
2026-04-20,002269.SZ,1.8,1.48,0.09756097560975611,True
2026-04-20,600128.SH,11.58,9.48,0.09971509971509969,True
2026-04-20,600604.SH,5.37,4.39,0.10040983606557381,True
2026-04-20,603136.SH,12.42,10.16,0.10008857395925598,True
2026-04-21,000691.SZ,8.42,7.62,0.04987531172069824,False
2026-04-21,603170.SH,14.59,11.93,0.10030165912518854,True
2026-04-21,603070.SH,16.81,13.75,0.10013089005235598,True
2026-04-21,603230.SH,12.27,10.04,0.09995517705064996,True
2026-04-21,600193.SH,2.94,2.66,0.04999999999999997,False
2026-04-21,601089.SH,24.48,20.03,0.09997753313862051,True
2026-04-21,605577.SH,13.97,11.43,0.10000000000000005,True
2026-04-21,600421.SH,5.55,5.03,0.04914933837429108,False
2026-04-21,603188.SH,5.37,4.39,0.10040983606557381,True
2026-04-21,002485.SZ,5.1,4.62,0.04938271604938267,False
2026-04-21,603205.SH,28.55,23.36,0.09998073588903875,True
2026-04-21,603309.SH,14.43,11.81,0.09984756097560972,True
2026-04-21,000608.SZ,4.23,3.83,0.04962779156327547,False
2026-04-21,002742.SZ,4.97,4.49,0.050739957716701846,False
2026-04-21,603214.SH,17.66,14.45,0.09996885705387733,True
2026-04-21,605500.SH,10.11,8.27,0.1001088139281828,True
2026-04-21,000697.SZ,10.79,9.77,0.049610894941634225,False
2026-04-21,603676.SH,11.32,9.26,0.10009718172983482,True
2026-04-21,603768.SH,12.21,9.99,0.10000000000000002,True
2026-04-21,002689.SZ,3.97,3.59,0.0502645502645503,False
2026-04-21,002852.SZ,10.62,8.69,0.09994821336095287,True
2026-04-21,605259.SH,23.34,19.1,0.09990574929311967,True
2026-04-21,000897.SZ,2.32,1.9,0.09952606635071089,True
2026-04-21,600624.SH,4.73,4.28,0.04994450610432853,False
2026-04-21,603680.SH,14.67,12.01,0.09970014992503749,True
2026-04-21,002942.SZ,21.22,17.36,0.10005184033177811,True
2026-04-21,002973.SZ,14.84,12.14,0.10007412898443288,True
2026-04-21,603365.SH,23.16,18.95,0.09997625267157446,True
2026-04-21,603519.SH,15.37,12.57,0.1002147458840372,True
2026-04-21,600128.SH,11.59,9.49,0.09962049335863377,True
2026-04-21,603102.SH,44.73,36.59,0.10009837678307912,True
2026-04-21,603221.SH,12.54,10.26,0.09999999999999998,True
2026-04-21,003020.SZ,26.32,21.54,0.09987463435018808,True
2026-04-21,603096.SH,19.45,15.91,0.10011312217194568,True
2026-04-21,600272.SH,13.57,11.11,0.09967585089141008,True
2026-04-21,000011.SZ,9.27,7.59,0.09964412811387899,True
2026-04-21,000868.SZ,4.8,3.92,0.10091743119266056,True
2026-04-21,002767.SZ,24.15,19.76,0.09997722614438619,True
2026-04-21,603600.SH,12.21,9.99,0.10000000000000002,True
2026-04-21,603607.SH,25.86,21.16,0.09995746490854955,True
2026-04-22,603170.SH,14.6,11.94,0.10022607385079127,True
2026-04-22,603070.SH,16.75,13.71,0.09980302035456333,True
2026-04-22,601089.SH,24.32,19.9,0.09995477159656269,True
2026-04-22,600421.SH,5.83,5.27,0.0504504504504505,False
2026-04-22,603205.SH,28.63,23.43,0.09988474836726852,True
2026-04-22,002485.SZ,5.19,4.69,0.05060728744939271,False
2026-04-22,600193.SH,2.79,2.53,0.04887218045112786,False
2026-04-22,603188.SH,5.37,4.39,0.10040983606557381,True
2026-04-22,603230.SH,12.18,9.96,0.10027100271002705,True
2026-04-22,600962.SH,23.79,19.47,0.0998613037447989,True
2026-04-22,605577.SH,13.98,11.44,0.09992132179386314,True
2026-04-22,000608.SZ,4.14,3.74,0.050761421319796884,False
2026-04-22,000691.SZ,8.21,7.43,0.04987212276214841,False
2026-04-22,603889.SH,10.23,8.37,0.10000000000000006,True
2026-04-22,603309.SH,14.37,11.75,0.10030627871362938,True
2026-04-22,603130.SH,49.94,40.86,0.09999999999999998,True
2026-04-22,002200.SZ,8.16,7.38,0.05019305019305021,False
2026-04-22,603207.SH,30.57,25.01,0.10003598416696652,True
2026-04-22,603416.SH,56.86,46.52,0.10001934610176047,True
2026-04-23,603170.SH,14.43,11.81,0.09984756097560972,True
2026-04-23,603070.SH,16.54,13.54,0.0997340425531915,True
2026-04-23,601089.SH,24.7,20.21,0.09997773324426629,True
2026-04-23,600193.SH,2.66,2.4,0.05138339920948621,False
2026-04-23,603205.SH,28.34,23.18,0.1001552795031056,True
2026-04-23,603188.SH,5.28,4.32,0.09999999999999998,True
2026-04-23,600421.SH,5.53,5.01,0.04933586337760915,False
2026-04-23,603230.SH,12.19,9.97,0.10018050541516241,True
2026-04-23,002485.SZ,5.12,4.64,0.04918032786885251,False
2026-04-23,600962.SH,23.72,19.4,0.10018552875695734,True
2026-04-23,605577.SH,13.79,11.29,0.09968102073365231,True
2026-04-23,000608.SZ,4.06,3.68,0.049095607235142044,False
2026-04-23,000691.SZ,8.03,7.27,0.049673202614379075,False
2026-04-23,603889.SH,10.07,8.24,0.09994538503549971,True
2026-04-23,603416.SH,57.74,47.24,0.10001905124785673,True
2026-04-23,600892.SH,3.68,3.33,0.04992867332382312,False
2026-04-23,002200.SZ,8.04,7.28,0.04960835509138374,False
2026-04-23,605033.SH,24.39,19.95,0.10013531799729367,True
2026-04-23,603207.SH,30.7,25.12,0.09996417054819058,True
2026-04-23,601968.SH,5.74,4.7,0.09961685823754789,True
2026-04-23,603676.SH,11.35,9.29,0.09980620155038762,True
2026-04-23,603309.SH,14.53,11.89,0.09992429977289927,True
2026-04-23,002933.SZ,35.49,29.03,0.10012399256044636,True
2026-04-23,001222.SZ,21.56,17.64,0.09999999999999995,True
2026-04-23,002393.SZ,25.28,20.68,0.10008703220191474,True
2026-04-23,002835.SZ,17.16,14.04,0.10000000000000003,True
2026-04-23,002908.SZ,9.89,8.09,0.10011123470522806,True
2026-04-23,600560.SH,15.93,13.03,0.10013812154696133,True
2026-04-23,603825.SH,8.98,8.12,0.05029239766081878,False
2026-04-23,603956.SH,6.2,5.08,0.09929078014184398,True
2026-04-23,002661.SZ,9.71,7.95,0.09966024915062291,True
2026-04-23,605259.SH,24.09,19.71,0.09999999999999998,True
2026-04-23,000713.SZ,7.08,5.8,0.09937888198757766,True
2026-04-23,603136.SH,11.81,9.67,0.09962756052141529,True
2026-04-23,603102.SH,44.09,36.07,0.10004990019960085,True
2026-04-23,000058.SZ,8.93,7.31,0.0997536945812808,True
2026-04-23,002148.SZ,8.47,6.93,0.10000000000000006,True
2026-04-23,603982.SH,8.58,7.02,0.10000000000000003,True
2026-04-23,002232.SZ,20.2,16.52,0.10021786492374728,True
2026-04-23,002238.SZ,7.79,6.37,0.1002824858757062,True
2026-04-24,603170.SH,14.65,11.99,0.09984984984984985,True
2026-04-24,603070.SH,16.21,13.27,0.0997286295793759,True
2026-04-24,603205.SH,28.01,22.91,0.10015710919088769,True
2026-04-24,600193.SH,2.52,2.28,0.050000000000000044,False
2026-04-24,600421.SH,5.26,4.76,0.0499001996007984,False
2026-04-24,603188.SH,5.24,4.28,0.10084033613445378,True
2026-04-24,002485.SZ,5.17,4.67,0.0508130081300813,False
2026-04-24,603230.SH,11.99,9.81,0.09999999999999998,True
2026-04-24,600962.SH,23.8,19.48,0.09981515711645102,True
2026-04-24,000608.SZ,4.05,3.67,0.04922279792746113,False
2026-04-24,605577.SH,13.77,11.27,0.09984025559105432,True
2026-04-24,603889.SH,9.78,8.0,0.10011248593925755,True
2026-04-24,000691.SZ,7.86,7.12,0.04939919893190922,False
2026-04-24,603416.SH,56.82,46.49,0.09999032039492786,True
2026-04-24,600892.SH,3.62,3.28,0.049275362318840624,False
2026-04-24,603136.SH,11.74,9.6,0.10028116213683226,True
2026-04-24,603102.SH,44.04,36.04,0.0999000999000999,True
2026-04-24,000417.SZ,7.03,5.75,0.10015649452269172,True
2026-04-24,002574.SZ,5.83,4.77,0.10000000000000005,True
2026-04-24,600467.SH,2.6,2.12,0.10169491525423727,True
2026-04-24,601089.SH,24.3,19.88,0.10004526935264829,True
2026-04-24,002162.SZ,4.86,3.98,0.09954751131221723,True
2026-04-24,000411.SZ,12.28,10.04,0.1003584229390681,True
2026-04-24,600653.SH,1.9,1.56,0.09826589595375719,True
2026-04-24,600697.SH,12.83,10.49,0.10034305317324184,True
2026-04-24,603617.SH,8.01,6.55,0.10027472527472528,True
2026-04-24,603982.SH,8.44,6.9,0.10039113428943931,True
2026-04-24,001202.SZ,18.15,14.85,0.09999999999999996,True
2026-04-24,603676.SH,11.22,9.18,0.10000000000000005,True
2026-04-24,600128.SH,11.55,9.45,0.10000000000000006,True
2026-04-24,002661.SZ,9.64,7.88,0.10045662100456625,True
2026-04-24,600738.SH,5.18,4.24,0.09978768577494687,True
2026-04-24,002374.SZ,3.4,2.78,0.10032362459546927,True
2026-04-24,605033.SH,24.31,19.89,0.09999999999999995,True
2026-04-24,002908.SZ,9.75,7.97,0.10045146726862304,True
2026-04-24,603106.SH,9.66,7.9,0.10022779043280179,True
2026-04-24,002780.SZ,16.6,13.58,0.1000662690523526,True
2026-04-24,002732.SZ,17.57,14.37,0.10018785222291801,True
2026-04-24,003040.SZ,17.05,13.95,0.10000000000000005,True
2026-04-24,600053.SH,15.76,12.9,0.09979064898813676,True
2026-04-27,603205.SH,29.35,24.01,0.10007496251874062,True
2026-04-27,603070.SH,16.64,13.62,0.09980171844018511,True
2026-04-27,603170.SH,14.53,11.89,0.09992429977289927,True
2026-04-27,600962.SH,22.91,18.75,0.09985597695631303,True
2026-04-27,600193.SH,2.39,2.17,0.04824561403508776,False
2026-04-27,603230.SH,11.92,9.76,0.09963099630996311,True
2026-04-27,600421.SH,5.0,4.52,0.05042016806722694,False
2026-04-27,601089.SH,23.0,18.82,0.09995217599234815,True
2026-04-27,603889.SH,9.74,7.97,0.09994353472614344,True
2026-04-27,002485.SZ,5.04,4.56,0.050000000000000044,False
2026-04-27,603188.SH,5.42,4.44,0.09939148073022308,True
2026-04-27,000691.SZ,7.78,7.04,0.049932523616734156,False
2026-04-27,000608.SZ,4.02,3.64,0.04960835509138374,False
2026-04-27,605577.SH,13.86,11.34,0.09999999999999999,True
2026-04-27,600892.SH,3.76,3.4,0.05027932960893853,False
2026-04-27,002574.SZ,5.85,4.79,0.09962406015037589,True
2026-04-27,600980.SH,24.86,20.34,0.09999999999999998,True
2026-04-27,002305.SZ,2.39,2.17,0.04824561403508776,False
2026-04-27,605259.SH,23.43,19.17,0.09999999999999995,True
2026-04-27,001202.SZ,18.24,14.92,0.10012062726176112,True
2026-04-27,603416.SH,57.09,46.71,0.10000000000000002,True
2026-04-27,002661.SZ,9.63,7.88,0.09994288977727017,True
2026-04-27,601599.SH,4.14,3.38,0.10106382978723402,True
2026-04-27,600467.SH,2.6,2.12,0.10169491525423727,True
2026-04-27,600576.SH,6.39,5.23,0.099827882960413,True
2026-04-27,603822.SH,87.5,79.16,0.05004200168006723,False
2026-04-27,605599.SH,25.15,20.57,0.100174978127734,True
2026-04-27,603617.SH,8.21,6.71,0.10053619302949067,True
2026-04-27,000417.SZ,6.94,5.68,0.09984152139461178,True
2026-04-27,000561.SZ,10.43,8.53,0.10021097046413503,True
2026-04-27,002095.SZ,17.75,14.53,0.09975216852540274,True
2026-04-27,002111.SZ,10.87,8.89,0.10020242914979752,True
2026-04-27,600853.SH,4.36,3.56,0.10101010101010105,True
2026-04-27,603636.SH,9.85,8.06,0.09994416527079839,True
2026-04-27,002586.SZ,4.99,4.51,0.05052631578947373,False
2026-04-27,002086.SZ,2.13,1.75,0.09793814432989688,True
2026-04-27,603106.SH,9.7,7.94,0.09977324263038542,True
2026-04-27,002942.SZ,21.44,17.54,0.10005130836326326,True
2026-04-27,603199.SH,41.82,34.22,0.09994739610731197,True
2026-04-27,600557.SH,15.63,12.79,0.09992962702322314,True
2026-04-28,603205.SH,30.27,24.77,0.09992732558139535,True
2026-04-28,603070.SH,16.47,13.47,0.10020040080160315,True
2026-04-28,000608.SZ,3.89,3.52,0.049932523616734156,False
2026-04-28,603170.SH,14.91,12.2,0.09996311324234602,True
2026-04-28,600421.SH,4.75,4.29,0.05088495575221239,False
2026-04-28,002485.SZ,4.9,4.44,0.04925053533190578,False
2026-04-28,603889.SH,9.72,7.96,0.09954751131221723,True
2026-04-28,601089.SH,22.96,18.78,0.1001437470052707,True
2026-04-28,603230.SH,11.81,9.67,0.09962756052141529,True
2026-04-28,600962.SH,22.88,18.72,0.10000000000000002,True
2026-04-28,603188.SH,5.53,4.53,0.09940357852882703,True
2026-04-28,001202.SZ,18.63,15.25,0.0997638724911452,True
2026-04-28,603207.SH,30.5,24.96,0.09989181391994228,True
2026-04-28,603395.SH,31.1,25.44,0.10010611956137247,True
2026-04-28,001333.SZ,26.52,21.7,0.09995852343425965,True
2026-04-28,603755.SH,31.04,25.4,0.09992912827781716,True
2026-04-28,603617.SH,8.43,6.89,0.10052219321148825,True
2026-04-28,000548.SZ,5.76,4.72,0.09923664122137404,True
2026-04-28,605128.SH,36.97,30.25,0.0999702469503124,True
2026-04-28,605033.SH,24.72,20.22,0.10013351134846463,True
2026-04-28,603323.SH,5.39,4.41,0.09999999999999995,True
2026-04-28,002942.SZ,21.89,17.91,0.10000000000000002,True
2026-04-28,605599.SH,25.04,20.48,0.10017574692442881,True
2026-04-28,001318.SZ,14.54,11.9,0.09984871406959149,True
2026-04-28,600992.SH,13.43,10.99,0.09991809991809988,True
2026-04-28,001277.SZ,39.58,32.38,0.10005558643690933,True
2026-04-28,603307.SH,43.98,35.98,0.10005002501250626,True
2026-04-28,600182.SH,15.62,14.14,0.04973118279569888,False
2026-04-28,002661.SZ,9.76,7.98,0.10033821871476883,True
2026-04-28,603676.SH,11.67,9.55,0.09990574929311967,True
2026-04-28,605266.SH,21.02,17.2,0.09994767137624282,True
2026-04-28,002282.SZ,7.55,6.17,0.10058309037900874,True
2026-04-28,605369.SH,20.69,16.93,0.09994683678894208,True
2026-04-28,603518.SH,10.11,8.27,0.1001088139281828,True
2026-04-28,605339.SH,17.63,14.43,0.09981285090455393,True
2026-04-28,603238.SH,17.26,14.12,0.10006373486297011,True
2026-04-28,000691.SZ,7.8,7.06,0.04979811574697175,False
2026-04-28,603235.SH,29.02,23.74,0.10007581501137228,True
2026-04-28,600269.SH,4.8,3.92,0.10091743119266056,True
2026-04-28,000985.SZ,21.68,17.74,0.099949264332826,True
2026-04-29,603070.SH,16.39,13.41,0.1,True
2026-04-29,603205.SH,30.44,24.9,0.10010842067220821,True
2026-04-29,601089.SH,22.7,18.58,0.09980620155038762,True
2026-04-29,002485.SZ,4.96,4.48,0.050847457627118585,False
2026-04-29,603170.SH,15.21,12.45,0.09978308026030375,True
2026-04-29,603889.SH,9.61,7.87,0.0995423340961098,True
2026-04-29,603230.SH,11.66,9.54,0.10000000000000005,True
2026-04-29,600421.SH,4.5,4.08,0.048951048951048945,False
2026-04-29,000608.SZ,3.82,3.46,0.049450549450549434,False
2026-04-29,603188.SH,5.45,4.46,0.09989909182643796,True
2026-04-29,600962.SH,23.23,19.01,0.099905303030303,True
2026-04-29,603207.SH,28.9,23.64,0.10011419870574796,True
2026-04-29,000548.SZ,5.8,4.74,0.10056925996204931,True
2026-04-29,001202.SZ,18.41,15.07,0.09976105137395458,True
2026-04-29,001277.SZ,39.46,32.28,0.10008363534987454,True
2026-04-29,603987.SH,9.27,7.59,0.09964412811387899,True
2026-04-29,603395.SH,30.06,24.6,0.09989023051591653,True
2026-04-29,000691.SZ,7.52,6.8,0.05027932960893853,False
2026-04-29,603617.SH,8.27,6.77,0.0997340425531915,True
2026-04-29,600992.SH,13.19,10.79,0.10008340283569644,True
2026-04-29,001318.SZ,14.43,11.81,0.09984756097560972,True
2026-04-29,605128.SH,36.55,29.91,0.09990972013241044,True
2026-04-29,603004.SH,22.98,18.8,0.10004786979415987,True
2026-04-29,605266.SH,21.81,17.85,0.09984871406959146,True
2026-04-29,603323.SH,5.38,4.4,0.10020449897750505,True
2026-04-29,001333.SZ,26.18,21.42,0.09999999999999995,True
2026-04-29,601568.SH,4.37,3.57,0.10075566750629728,True
2026-04-29,002942.SZ,21.92,17.94,0.09984947315604617,True
2026-04-29,603518.SH,10.47,8.57,0.09978991596638657,True
2026-04-29,603676.SH,11.69,9.57,0.09971777986829725,True
2026-04-29,002282.SZ,7.49,6.13,0.0998531571218796,True
2026-04-29,600182.SH,15.41,13.95,0.049727520435967336,False
2026-04-29,605033.SH,24.78,20.28,0.09986684420772303,True
2026-04-29,600269.SH,4.86,3.98,0.09954751131221723,True
2026-04-29,605259.SH,22.74,18.6,0.10014513788098686,True
2026-04-29,601968.SH,5.6,4.58,0.10019646365422392,True
2026-04-29,603755.SH,31.01,25.37,0.10003547357218873,True
2026-04-29,603822.SH,83.37,75.43,0.04999999999999998,False
2026-04-29,605500.SH,10.12,8.28,0.1,True
2026-04-29,000590.SZ,12.1,9.9,0.09999999999999996,True
2026-04-30,603205.SH,29.33,23.99,0.10015003750937736,True
2026-04-30,601089.SH,22.54,18.44,0.10004880429477787,True
2026-04-30,002485.SZ,5.08,4.6,0.049586776859504175,False
2026-04-30,603170.SH,15.37,12.57,0.1002147458840372,True
2026-04-30,603230.SH,11.78,9.64,0.09990662931839396,True
2026-04-30,603889.SH,9.66,7.9,0.10022779043280179,True
2026-04-30,000608.SZ,3.86,3.5,0.04891304347826086,False
2026-04-30,603207.SH,28.86,23.62,0.09984756097560972,True
2026-04-30,001318.SZ,14.62,11.96,0.10007524454477044,True
2026-04-30,600199.SH,8.77,7.17,0.1003764115432873,True
2026-04-30,603070.SH,16.64,13.62,0.09980171844018511,True
2026-04-30,603188.SH,5.5,4.5,0.1,True
2026-04-30,000548.SZ,5.9,4.82,0.10074626865671642,True
2026-04-30,601579.SH,19.82,16.22,0.09988901220865709,True
2026-04-30,000691.SZ,7.9,7.14,0.050531914893617066,False
2026-04-30,603395.SH,30.18,24.7,0.09985422740524783,True
2026-04-30,603518.SH,10.7,8.76,0.09969167523124355,True
2026-04-30,001202.SZ,18.66,15.26,0.10023584905660378,True
2026-04-30,605266.SH,21.82,17.86,0.09979838709677422,True
2026-04-30,601568.SH,4.38,3.58,0.10050251256281405,True
2026-04-30,002282.SZ,7.6,6.22,0.09985528219971056,True
2026-04-30,603617.SH,8.36,6.84,0.09999999999999998,True
2026-04-30,001277.SZ,39.57,32.37,0.10008340283569646,True
2026-04-30,605577.SH,13.01,10.65,0.0997464074387151,True
2026-04-30,603755.SH,31.93,26.13,0.09989665862900449,True
2026-04-30,002661.SZ,9.99,8.17,0.10022026431718063,True
2026-04-30,605339.SH,17.41,14.25,0.0998104864181933,True
2026-04-30,002942.SZ,22.01,18.01,0.09995002498750624,True
2026-04-30,601968.SH,5.67,4.64,0.09990300678952477,True
2026-04-30,002691.SZ,6.04,5.46,0.05043478260869566,False
2026-04-30,603676.SH,11.66,9.54,0.10000000000000005,True
2026-04-30,603309.SH,15.09,12.35,0.09985422740524783,True
2026-04-30,600182.SH,15.69,14.19,0.050200803212851405,False
2026-04-30,002581.SZ,7.47,6.75,0.05063291139240505,False
2026-04-30,603987.SH,9.26,7.58,0.09976247030878858,True
2026-04-30,600962.SH,23.69,19.39,0.0998142989786444,True
2026-04-30,001333.SZ,26.27,21.49,0.10008375209380237,True
2026-04-30,001260.SZ,24.27,19.85,0.10018132366273794,True
2026-04-30,603767.SH,21.16,17.32,0.09979209979209978,True
2026-04-30,000635.SZ,9.08,7.43,0.0999394306480921,True
2026-05-06,603205.SH,28.63,23.43,0.09988474836726852,True
2026-05-06,601089.SH,22.65,18.53,0.10004856726566289,True
2026-05-06,002485.SZ,5.16,4.66,0.05091649694501018,False
2026-05-06,603170.SH,15.02,12.29,0.09996338337605275,True
2026-05-06,603230.SH,11.84,9.68,0.10037174721189591,True
2026-05-06,603889.SH,9.58,7.84,0.09988518943742825,True
2026-05-06,603070.SH,15.24,12.47,0.09996391194514614,True
2026-05-06,000608.SZ,3.97,3.59,0.0502645502645503,False
2026-05-06,603207.SH,28.88,23.63,0.09998095600837936,True
2026-05-06,000691.SZ,8.03,7.27,0.049673202614379075,False
2026-05-06,605266.SH,22.07,18.05,0.10019940179461613,True
2026-05-06,600199.SH,8.73,7.15,0.09949622166246852,True
2026-05-06,001318.SZ,14.69,12.02,0.09996256083863721,True
2026-05-06,605577.SH,12.87,10.53,0.1,True
2026-05-06,603395.SH,30.4,24.88,0.09985528219971056,True
2026-05-06,001277.SZ,40.94,33.5,0.09994626544868347,True
2026-05-06,002282.SZ,7.65,6.26,0.0999281092739037,True
2026-05-06,601568.SH,4.3,3.52,0.09974424552429664,True
2026-05-06,001202.SZ,18.67,15.27,0.1001767825574544,True
2026-05-06,000548.SZ,5.86,4.8,0.09943714821763606,True
2026-05-06,601579.SH,19.64,16.07,0.09997199663959676,True
2026-05-06,605339.SH,17.71,14.49,0.1,True
2026-05-06,600962.SH,23.93,19.58,0.09997701677775228,True
2026-05-06,603323.SH,5.47,4.47,0.1006036217303823,True
2026-05-06,603188.SH,5.85,4.79,0.09962406015037589,True
2026-05-06,603987.SH,9.24,7.56,0.10000000000000003,True
2026-05-06,600992.SH,12.54,10.26,0.09999999999999998,True
2026-05-06,603896.SH,19.23,15.73,0.10011441647597254,True
2026-05-06,603309.SH,15.04,12.3,0.10021945866861735,True
2026-05-06,600182.SH,15.27,13.81,0.05020632737276476,False
2026-05-06,000985.SZ,22.25,18.21,0.09985170538803755,True
2026-05-06,001333.SZ,26.22,21.46,0.09983221476510062,True
2026-05-06,600419.SH,10.58,8.66,0.09979209979209978,True
2026-05-06,603617.SH,8.35,6.83,0.10013175230566532,True
2026-05-06,002656.SZ,3.38,3.06,0.049689440993788796,False
2026-05-06,002581.SZ,7.09,6.41,0.05037037037037035,False
2026-05-06,603755.SH,32.0,26.18,0.10003437607425232,True
2026-05-06,603235.SH,28.38,23.22,0.10000000000000002,True
2026-05-06,600675.SH,2.84,2.32,0.10077519379844961,True
2026-05-06,601968.SH,5.67,4.64,0.09990300678952477,True
2026-06-02,603207.SH,26.2,21.44,0.09991603694374471,True
2026-06-03,603207.SH,25.66,21.0,0.09987141020145736,True
2026-06-03,001206.SZ,18.45,15.09,0.10017889087656529,True
2026-06-03,001220.SZ,35.88,29.36,0.09993868792152058,True
2026-06-03,000715.SZ,5.71,4.67,0.10019267822736032,True
2026-06-03,603238.SH,14.5,11.86,0.10015174506828531,True
2026-06-05,603207.SH,24.74,20.24,0.10004446420631392,True
2026-06-05,605599.SH,17.13,14.01,0.10019267822736028,True
2026-06-05,603395.SH,25.38,20.76,0.10013003901170345,True
2026-06-05,001220.SZ,34.75,28.43,0.10003165558721115,True
2026-06-08,605003.SH,26.25,21.47,0.10016764459346189,True
2026-06-08,001220.SZ,34.84,28.5,0.10009472687085574,True
2026-06-08,001367.SZ,21.43,17.53,0.10010266940451741,True
2026-06-08,002826.SZ,18.05,14.77,0.09993906154783672,True
2026-06-08,605599.SH,17.08,13.98,0.09980682549903407,True
2026-06-08,002942.SZ,18.26,14.94,0.10000000000000005,True
2026-06-08,603207.SH,25.05,20.49,0.1001317523056654,True
2026-06-08,603395.SH,25.22,20.64,0.09986916703009155,True
2026-06-08,601089.SH,18.81,15.39,0.09999999999999994,True
2026-06-08,001356.SZ,10.49,8.59,0.09958071278825999,True
2026-06-08,001277.SZ,34.51,28.23,0.10009563277016255,True
2026-06-08,001206.SZ,17.62,14.42,0.09987515605493137,True
2026-06-08,603878.SH,7.11,5.81,0.10061919504643968,True
2026-06-08,601606.SH,35.18,28.78,0.1000625390869293,True
2026-06-08,000661.SZ,75.27,61.59,0.0999561595791319,True
2026-06-08,002114.SZ,8.25,6.75,0.1,True
2026-06-08,603168.SH,6.17,5.05,0.09982174688057042,True
2026-06-08,002377.SZ,3.15,2.57,0.10139860139860142,True
2026-06-08,603909.SH,11.02,9.02,0.0998003992015968,True
2026-06-08,605500.SH,8.0,6.54,0.10041265474552957,True
2026-06-08,600830.SH,8.68,7.1,0.10012674271229405,True
2026-06-08,603320.SH,23.66,19.36,0.09995350999535102,True
2026-06-08,605068.SH,24.54,20.08,0.09995517705064996,True
2026-06-08,603202.SH,71.02,58.1,0.10006195786864927,True
2026-06-08,600429.SH,5.02,4.1,0.10087719298245613,True
2026-06-08,603758.SH,11.88,9.72,0.1,True
2026-06-08,603218.SH,12.25,10.03,0.09964093357271098,True
2026-06-08,603205.SH,25.56,20.92,0.099827882960413,True
2026-06-08,002075.SZ,4.04,3.3,0.10081743869209812,True
2026-06-08,603238.SH,14.12,11.56,0.09968847352024918,True
2026-06-08,605007.SH,14.66,12.0,0.09977494373593399,True
2026-06-08,002772.SZ,13.86,11.34,0.09999999999999999,True
2026-06-08,001386.SZ,17.36,14.2,0.10012674271229405,True
2026-06-08,603275.SH,45.89,37.55,0.09995206136145737,True
2026-06-08,002998.SZ,8.72,7.14,0.09962168978562427,True
2026-06-08,002836.SZ,12.1,9.9,0.09999999999999996,True
2026-06-08,603277.SH,12.58,10.3,0.0996503496503496,True
2026-06-08,001217.SZ,10.74,8.78,0.10040983606557381,True
2026-06-08,603217.SH,26.86,21.98,0.09991809991809988,True
2026-06-08,002535.SZ,2.9,2.38,0.0984848484848485,True
2026-06-09,603207.SH,24.59,20.12,0.09997763363900691,True
2026-06-09,603395.SH,24.53,20.07,0.10000000000000002,True
2026-06-09,001206.SZ,17.5,14.32,0.09993714644877434,True
2026-06-09,603779.SH,9.09,7.43,0.10048426150121066,True
2026-06-09,002836.SZ,11.77,9.63,0.09999999999999995,True
2026-06-09,600429.SH,4.83,3.95,0.10022779043280179,True
2026-06-09,605599.SH,16.68,13.64,0.10026385224274403,True
2026-06-10,000820.SZ,3.37,3.05,0.04984423676012466,False
2026-06-10,603395.SH,24.35,19.93,0.09981933152664864,True
2026-06-10,001220.SZ,33.62,27.5,0.10013089005235598,True
2026-06-10,002827.SZ,28.69,23.47,0.10007668711656446,True
2026-06-10,002826.SZ,17.17,14.05,0.09993593850096094,True
2026-06-10,001206.SZ,17.38,14.22,0.09999999999999995,True
2026-06-10,001356.SZ,10.16,8.32,0.09956709956709955,True
2026-06-10,603613.SH,23.47,19.21,0.09981255857544513,True
2026-06-10,002114.SZ,7.96,6.52,0.09944751381215472,True
2026-06-10,605369.SH,18.1,14.81,0.09996961409905805,True
2026-06-10,601089.SH,18.17,14.87,0.09987893462469742,True
2026-06-10,000661.SZ,72.83,59.59,0.0999848965413079,True
2026-06-10,002998.SZ,8.16,6.68,0.09973045822102429,True
2026-06-10,603400.SH,68.41,55.97,0.1000160797555877,True
2026-06-10,001277.SZ,34.02,27.84,0.09990300678952478,True
2026-06-10,605599.SH,16.71,13.67,0.10006583278472682,True
2026-06-10,002075.SZ,3.87,3.17,0.0994318181818182,True
2026-06-10,605003.SH,26.1,21.36,0.09987357774968399,True
2026-06-10,600624.SH,4.1,3.71,0.049935979513444265,False
2026-06-10,605050.SH,11.53,9.43,0.10019083969465646,True
2026-06-10,002836.SZ,11.66,9.54,0.10000000000000005,True
2026-06-10,605138.SH,7.08,5.8,0.09937888198757766,True
2026-06-10,600992.SH,11.9,9.74,0.09981515711645102,True
2026-06-10,605500.SH,7.74,6.34,0.0994318181818182,True
2026-06-10,603277.SH,12.45,10.19,0.0998233215547703,True
2026-06-11,002826.SZ,16.69,13.65,0.10019775873434413,True
2026-06-11,600561.SH,6.24,5.1,0.10052910052910058,True
2026-06-11,603275.SH,44.63,36.51,0.10007394626571364,True
2026-06-11,000820.SZ,3.2,2.9,0.04918032786885251,False
2026-06-11,002836.SZ,11.61,9.5,0.09995262908574133,True
2026-06-11,600992.SH,11.19,9.15,0.10029498525073742,True
2026-06-11,603151.SH,13.48,11.03,0.09995920032639743,True
2026-06-11,603217.SH,26.84,21.96,0.09999999999999999,True
2026-06-11,001277.SZ,33.39,27.32,0.09998352824905288,True
2026-06-11,603395.SH,24.41,19.97,0.10004506534474993,True
2026-06-11,603216.SH,25.2,20.62,0.09995635093845479,True
2026-06-11,603400.SH,64.75,52.97,0.10006795786612302,True
2026-06-11,605068.SH,21.71,17.77,0.09979736575481259,True
2026-06-11,002998.SZ,8.14,6.66,0.10000000000000002,True
2026-06-11,605138.SH,7.01,5.73,0.10047095761381471,True
2026-06-11,600199.SH,7.57,6.19,0.10029069767441859,True
2026-06-11,600594.SH,3.64,2.98,0.09969788519637464,True
2026-06-11,000715.SZ,5.38,4.4,0.10020449897750505,True
2026-06-11,605369.SH,17.89,14.63,0.10024600246002459,True
2026-06-11,601890.SH,9.45,7.73,0.10011641443538992,True
2026-06-11,603238.SH,13.78,11.28,0.09976057462090983,True
2026-06-11,603958.SH,21.32,17.44,0.10010319917440656,True
2026-06-11,603205.SH,24.55,20.09,0.09991039426523299,True
2026-06-11,603716.SH,17.2,14.08,0.09974424552429664,True
2026-06-11,603095.SH,19.6,16.04,0.09988776655443328,True
2026-06-11,001206.SZ,17.23,14.09,0.10025542784163476,True
2026-06-11,601089.SH,18.24,14.92,0.10012062726176112,True
2026-06-11,605500.SH,7.52,6.16,0.09941520467836254,True
2026-06-11,603320.SH,21.76,17.8,0.1001011122345804,True
2026-06-11,003041.SZ,50.06,40.96,0.0999780268072951,True
2026-06-11,600130.SH,5.13,4.19,0.10085836909871239,True
2026-06-11,603106.SH,7.88,6.44,0.10055865921787706,True
2026-06-11,002868.SZ,28.05,22.95,0.10000000000000003,True
2026-06-11,605003.SH,25.83,21.13,0.10008517887563884,True
2026-06-11,000661.SZ,72.78,59.54,0.10006045949214029,True
2026-06-11,600429.SH,4.86,3.98,0.09954751131221723,True
2026-06-11,002827.SZ,27.85,22.79,0.09992101105845186,True
2026-06-11,601127.SH,75.77,61.99,0.10002903600464573,True
2026-06-11,002370.SZ,5.87,4.81,0.09925093632958806,True
2026-06-11,000548.SZ,4.99,4.09,0.09911894273127757,True
2026-06-12,603395.SH,25.53,20.89,0.09995691512279191,True
2026-06-12,603277.SH,12.07,9.87,0.10027347310847773,True
2026-06-12,605599.SH,15.92,13.02,0.10020732550103664,True
2026-06-12,603400.SH,64.75,52.97,0.10006795786612302,True
2026-06-12,601089.SH,18.04,14.76,0.09999999999999999,True
2026-06-12,000715.SZ,5.24,4.28,0.10084033613445378,True
2026-06-12,001277.SZ,33.37,27.31,0.09986816084377059,True
2026-06-12,600469.SH,6.09,4.99,0.09927797833935015,True
2026-06-12,600594.SH,3.58,2.93,0.0998463901689708,True
2026-06-12,603238.SH,13.54,11.08,0.09991876523151906,True
2026-06-12,000548.SZ,4.96,4.06,0.09977827050997787,True
2026-06-12,603202.SH,74.76,61.16,0.10005885815185409,True
2026-06-12,603235.SH,25.36,20.75,0.09997831273042723,True
2026-06-12,600429.SH,4.81,3.93,0.10068649885583518,True
2026-06-15,603395.SH,24.98,20.44,0.09995596653456625,True
2026-06-15,603277.SH,12.06,9.86,0.10036496350364968,True
2026-06-16,603395.SH,25.03,20.48,0.0999780268072951,True
2026-06-16,603277.SH,11.86,9.7,0.10018552875695734,True
2026-06-16,600594.SH,3.62,2.96,0.10030395136778117,True
2026-06-16,603207.SH,24.99,20.45,0.09991197183098591,True
2026-06-16,603130.SH,49.7,40.66,0.10004426737494473,True
2026-06-17,600594.SH,3.56,2.92,0.09876543209876544,True
2026-06-17,603395.SH,24.6,20.12,0.10017889087656531,True
2026-06-17,603207.SH,24.66,20.18,0.09991079393398751,True
2026-06-17,601089.SH,18.23,14.91,0.10018105009052505,True
2026-06-17,603130.SH,49.25,40.29,0.10006700915791827,True
2026-06-18,603205.SH,23.84,19.5,0.10013844023996307,True
2026-06-18,601089.SH,18.4,15.06,0.0998206814106395,True
2026-06-18,605577.SH,10.43,8.53,0.10021097046413503,True
2026-06-18,603130.SH,48.72,39.86,0.10002257846014902,True
2026-06-18,603395.SH,24.67,20.19,0.09986625055728936,True
2026-06-18,603188.SH,4.62,3.78,0.10000000000000003,True
2026-06-18,000715.SZ,5.19,4.25,0.0995762711864407,True
2026-06-22,603130.SH,47.69,39.02,0.09998846730480906,True
2026-06-22,601089.SH,18.45,15.09,0.10017889087656529,True
2026-06-22,000715.SZ,5.21,4.27,0.09915611814345995,True
2026-06-23,603130.SH,47.29,38.69,0.10002326122354038,True
2026-06-23,601089.SH,17.93,14.67,0.09999999999999999,True
2026-06-23,000715.SZ,5.17,4.23,0.09999999999999995,True
2026-06-23,605599.SH,16.03,13.11,0.10020590253946471,True
2026-06-24,603130.SH,47.92,39.2,0.10009182736455462,True
2026-06-24,603229.SH,9.06,7.42,0.09951456310679614,True
2026-06-24,605599.SH,15.9,13.01,0.09996540989277068,True
2026-06-24,601089.SH,18.44,15.08,0.1002386634844869,True
2026-06-24,603395.SH,24.43,19.99,0.09995497523638003,True
2026-06-24,601579.SH,16.69,13.65,0.10019775873434413,True
2026-06-24,600469.SH,6.02,4.92,0.1005484460694698,True
2026-06-24,000548.SZ,4.91,4.01,0.10089686098654713,True
2026-06-24,605050.SH,11.29,9.23,0.10038986354775822,True
2026-06-24,605266.SH,17.47,14.29,0.10012594458438287,True
2026-06-24,603277.SH,11.24,9.2,0.09980430528375739,True
2026-06-24,001356.SZ,9.98,8.16,0.10033076074972438,True
2026-06-24,002836.SZ,11.34,9.28,0.09990300678952477,True
2026-06-24,000715.SZ,5.27,4.31,0.1002087682672234,True
2026-06-24,603558.SH,12.53,10.25,0.10008779631255484,True
2026-06-24,605033.SH,20.32,16.62,0.10016242555495397,True
2026-06-24,600594.SH,3.6,2.94,0.10091743119266057,True
2026-06-24,601568.SH,4.0,3.28,0.09890109890109894,True
2026-06-24,001220.SZ,33.61,27.5,0.09998363606611028,True
2026-06-24,605577.SH,10.51,8.6,0.09994767137624282,True
2026-06-24,603188.SH,4.81,3.93,0.10068649885583518,True
2026-06-24,603205.SH,24.51,20.05,0.10008976660682227,True
2026-06-24,603230.SH,10.29,8.42,0.09994655264564399,True
2026-06-25,001356.SZ,9.58,7.84,0.09988518943742825,True
2026-06-25,603130.SH,47.04,38.48,0.10009354536950424,True
2026-06-25,605599.SH,15.65,12.81,0.09978917779339423,True
2026-06-25,603309.SH,12.67,10.37,0.09982638888888892,True
2026-06-25,603229.SH,8.9,7.28,0.10012360939431397,True
2026-06-25,603277.SH,11.3,9.24,0.10029211295034082,True
2026-06-25,605003.SH,24.16,19.76,0.1001821493624772,True
2026-06-25,605050.SH,11.02,9.02,0.0998003992015968,True
2026-06-25,605033.SH,19.76,16.16,0.10022271714922053,True
2026-06-25,002836.SZ,10.85,8.87,0.10040567951318462,True
2026-06-25,001220.SZ,32.56,26.64,0.10000000000000002,True
2026-06-25,603558.SH,12.24,10.02,0.09973045822102429,True
2026-06-25,605266.SH,17.13,14.01,0.10019267822736028,True
2026-06-25,603395.SH,23.47,19.21,0.09981255857544513,True
2026-06-25,605005.SH,17.78,14.54,0.10024752475247531,True
2026-06-25,600469.SH,6.02,4.92,0.1005484460694698,True
2026-06-25,000715.SZ,5.41,4.43,0.09959349593495939,True
2026-06-25,601089.SH,18.11,14.81,0.10024301336573507,True
2026-06-25,600594.SH,3.47,2.84,0.09984152139461178,True
2026-06-25,601568.SH,3.92,3.2,0.10112359550561795,True
2026-06-25,002377.SZ,2.9,2.38,0.0984848484848485,True
2026-06-25,603205.SH,23.71,19.4,0.09997680352586412,True
2026-06-25,605577.SH,10.2,8.34,0.10032362459546923,True
2026-06-25,603230.SH,9.86,8.06,0.1004464285714285,True
2026-06-25,601890.SH,9.5,7.78,0.09953703703703702,True
2026-06-25,603758.SH,10.32,8.44,0.10021321961620475,True
2026-06-25,002790.SZ,6.16,5.04,0.10000000000000002,True
2026-06-25,001277.SZ,32.67,26.73,0.1,True
2026-06-25,603235.SH,25.01,20.47,0.09982409850483734,True
2026-06-26,001356.SZ,9.35,7.65,0.09999999999999996,True
2026-06-26,605599.SH,15.47,12.65,0.10028449502133713,True
2026-06-26,605003.SH,23.63,19.33,0.10009310986964622,True
2026-06-26,600469.SH,5.8,4.74,0.10056925996204931,True
2026-06-26,605266.SH,16.89,13.82,0.09996743731683491,True
2026-06-26,603205.SH,23.21,18.99,0.10000000000000005,True
2026-06-26,603309.SH,12.44,10.18,0.09991158267020336,True
2026-06-26,001220.SZ,31.76,25.98,0.10010391409767927,True
2026-06-26,605033.SH,19.13,15.65,0.10005750431282343,True
2026-06-26,605005.SH,17.73,14.51,0.09987593052109182,True
2026-06-26,605050.SH,10.8,8.84,0.09979633401222,True
2026-06-26,002836.SZ,10.56,8.64,0.09999999999999998,True
2026-06-26,603277.SH,11.36,9.3,0.09970958373668919,True
2026-06-26,601089.SH,17.71,14.49,0.1,True
2026-06-26,603558.SH,12.35,10.11,0.09973285841495994,True
2026-06-26,603395.SH,22.92,18.76,0.09980806142034547,True
2026-06-26,601579.SH,16.15,13.21,0.10013623978201627,True
2026-06-26,002790.SZ,6.04,4.94,0.1001821493624772,True
2026-06-26,603332.SH,11.73,9.59,0.10037523452157601,True
2026-06-26,603367.SH,14.27,11.67,0.10023130300693908,True
2026-06-26,603207.SH,24.68,20.2,0.09982174688057042,True
2026-06-26,001277.SZ,31.91,26.11,0.09996552912788695,True
2026-06-26,601890.SH,9.28,7.6,0.09952606635071089,True
2026-06-26,603758.SH,10.16,8.32,0.09956709956709955,True
2026-06-26,603711.SH,12.97,10.61,0.10008481764206961,True
2026-06-26,603909.SH,9.81,8.03,0.0997757847533633,True
2026-06-26,600594.SH,3.38,2.76,0.10097719869706842,True
2026-06-26,002219.SZ,1.98,1.62,0.09999999999999996,True
2026-06-26,605009.SH,23.9,19.56,0.09986194201564658,True
2026-06-26,605577.SH,10.07,8.24,0.09994538503549971,True
2026-06-26,603218.SH,11.26,9.22,0.09960937499999996,True
2026-06-26,603059.SH,27.52,22.52,0.09992006394884093,True
2026-06-26,001217.SZ,9.69,7.93,0.09988649262202043,True
2026-06-26,605268.SH,10.14,8.3,0.09978308026030368,True
2026-06-26,603230.SH,9.75,7.97,0.10045146726862304,True
2026-06-26,605337.SH,9.47,7.75,0.099883855981417,True
2026-06-26,603325.SH,56.74,46.42,0.1000387747188833,True
2026-06-26,000548.SZ,4.65,3.81,0.099290780141844,True
2026-06-26,002265.SZ,19.71,16.13,0.0998883928571429,True
2026-06-26,601279.SH,3.45,2.83,0.09872611464968155,True
2026-06-29,601113.SH,3.72,3.04,0.10059171597633139,True
2026-06-29,605005.SH,17.24,14.1,0.10019144862795147,True
2026-06-29,603277.SH,11.15,9.13,0.09960552268244573,True
2026-06-29,001356.SZ,9.15,7.49,0.09975961538461539,True
2026-06-29,001333.SZ,20.83,17.05,0.09978880675818369,True
2026-06-29,002836.SZ,10.37,8.49,0.09968186638388118,True
2026-06-29,601890.SH,9.0,7.36,0.1002444987775061,True
2026-06-29,605033.SH,18.68,15.28,0.10011778563015312,True
2026-06-29,605003.SH,23.55,19.27,0.09995329285380666,True
2026-06-29,001220.SZ,30.87,25.25,0.10014255167498219,True
2026-06-29,603395.SH,22.36,18.3,0.09985243482538118,True
2026-06-29,603205.SH,22.66,18.54,0.10000000000000002,True
2026-06-29,603558.SH,12.21,9.99,0.10000000000000002,True
2026-06-29,605599.SH,15.26,12.48,0.10021629416005765,True
2026-06-29,002790.SZ,5.97,4.89,0.0994475138121547,True
2026-06-29,605050.SH,10.47,8.57,0.09978991596638657,True
2026-06-29,002097.SZ,8.03,6.57,0.09999999999999994,True
2026-06-29,600469.SH,5.67,4.64,0.09990300678952477,True
2026-06-29,001277.SZ,31.03,25.39,0.0999645515774548,True
2026-06-29,001217.SZ,9.48,7.76,0.0997679814385151,True
2026-06-30,600281.SH,4.62,3.78,0.10000000000000003,True
2026-06-30,603958.SH,18.83,15.41,0.09988317757009342,True
2026-06-30,603779.SH,8.17,6.69,0.09959623149394345,True
2026-06-30,603188.SH,4.32,3.54,0.09923664122137407,True
2026-06-30,000548.SZ,4.54,3.72,0.099273607748184,True
2026-06-30,603987.SH,7.77,6.35,0.10056657223796034,True
2026-06-30,603237.SH,13.74,11.24,0.100080064051241,True
2026-06-30,000692.SZ,4.41,3.61,0.09975062344139654,True
2026-06-30,603159.SH,18.25,14.93,0.10006027727546715,True
2026-06-30,603878.SH,5.74,4.7,0.09961685823754789,True
2026-06-30,603382.SH,18.81,15.39,0.09999999999999994,True
2026-06-30,603586.SH,13.85,11.33,0.1000794281175536,True
2026-06-30,002633.SZ,16.79,13.73,0.10026212319790298,True
2026-06-30,605003.SH,23.38,19.13,0.09997647612326512,True
2026-06-30,605138.SH,6.22,5.09,0.09991158267020336,True
2026-06-30,002599.SZ,5.51,4.51,0.0998003992015968,True
2026-06-30,003000.SZ,10.89,8.91,0.10000000000000002,True
2026-06-30,000014.SZ,10.1,8.26,0.10021786492374728,True
2026-06-30,001395.SZ,25.61,20.95,0.10008591065292095,True
2026-06-30,603896.SH,14.55,11.91,0.0997732426303855,True
2026-06-30,600182.SH,13.44,12.16,0.049999999999999975,False
2026-06-30,603022.SH,8.93,7.31,0.0997536945812808,True
2026-06-30,603706.SH,18.82,15.4,0.09994155464640561,True
2026-06-30,002305.SZ,1.9,1.72,0.04972375690607733,False
2026-06-30,603105.SH,7.54,6.17,0.099927060539752,True
2026-06-30,605088.SH,30.34,24.82,0.10007251631617113,True
2026-06-30,600712.SH,5.04,4.12,0.10043668122270741,True
2026-06-30,603332.SH,11.37,9.31,0.0996131528046421,True
2026-06-30,603655.SH,31.33,25.63,0.10007022471910113,True
2026-06-30,002069.SZ,3.31,2.71,0.09966777408637877,True
2026-06-30,605577.SH,9.87,8.07,0.10033444816053506,True
2026-06-30,603073.SH,16.59,13.57,0.10013262599469494,True
2026-06-30,002748.SZ,11.78,9.64,0.09990662931839396,True
2026-06-30,600715.SH,1.65,1.35,0.09999999999999994,True
2026-06-30,603968.SH,10.3,8.42,0.10042735042735047,True
2026-06-30,600955.SH,16.61,13.59,0.09999999999999999,True
2026-06-30,603829.SH,17.83,14.59,0.09993830968537934,True
2026-06-30,002893.SZ,10.35,8.47,0.0998937300743889,True
2026-06-30,600725.SH,3.38,2.76,0.10097719869706842,True
2026-06-30,002836.SZ,10.4,8.51,0.09994711792702277,True
2026-07-01,603987.SH,7.59,6.21,0.09999999999999999,True
2026-07-01,000548.SZ,4.5,3.68,0.1002444987775061,True
2026-07-01,002633.SZ,16.64,13.62,0.09980171844018511,True
2026-07-01,603188.SH,4.36,3.56,0.10101010101010105,True
2026-07-01,603159.SH,19.0,15.54,0.10017371163867982,True
2026-07-01,605005.SH,17.39,14.23,0.09993674889310564,True
2026-07-01,002032.SZ,43.56,35.64,0.10000000000000002,True
2026-07-01,000407.SZ,4.07,3.33,0.10000000000000002,True
2026-07-01,600917.SH,5.01,4.1,0.0998902305159166,True
2026-07-01,000498.SZ,5.2,4.26,0.09936575052854126,True
2026-07-01,603167.SH,9.43,7.71,0.10035005834305716,True
2026-07-01,605577.SH,9.69,7.93,0.09988649262202043,True
2026-07-01,603081.SH,9.52,7.79,0.09994222992489889,True
2026-07-01,002322.SZ,10.67,8.73,0.09999999999999998,True
2026-07-01,002879.SZ,14.44,11.82,0.09977151561309974,True
2026-07-01,600081.SH,9.99,8.17,0.10022026431718063,True
2026-07-01,002060.SZ,3.33,2.73,0.09900990099009901,True
2026-07-01,600281.SH,4.51,3.69,0.09999999999999999,True
2026-07-01,600925.SH,4.41,3.61,0.09975062344139654,True
2026-07-01,001202.SZ,14.91,12.2,0.09996311324234602,True
2026-07-01,002140.SZ,10.09,8.25,0.10032715376226826,True
2026-07-01,002111.SZ,9.9,8.1,0.10000000000000003,True
2026-07-01,002376.SZ,6.33,5.18,0.09991311902693313,True
2026-07-01,600218.SH,7.94,6.5,0.09972299168975071,True
2026-07-01,002761.SZ,7.29,5.97,0.09954751131221722,True
2026-07-01,603508.SH,23.5,19.22,0.10018726591760302,True
2026-07-01,603406.SH,28.55,23.36,0.09998073588903875,True
2026-07-01,601065.SH,7.38,6.04,0.0998509687034277,True
2026-07-01,603284.SH,39.14,32.02,0.10005621135469361,True
2026-07-01,601188.SH,3.01,2.47,0.09854014598540138,True
2026-07-01,003008.SZ,18.78,15.36,0.10017574692442888,True
2026-07-01,603107.SH,12.49,10.22,0.09995596653456625,True
2026-07-01,000905.SZ,8.54,6.98,0.1005154639175257,True
2026-07-01,002540.SZ,5.14,4.2,0.10064239828693786,True
2026-07-01,001914.SZ,8.98,7.34,0.1004901960784314,True
2026-07-01,600168.SH,4.44,3.64,0.09900990099009904,True
2026-07-01,000088.SZ,4.5,3.68,0.1002444987775061,True
2026-07-01,601928.SH,9.67,7.91,0.10011376564277588,True
2026-07-01,001391.SZ,4.48,3.66,0.10073710073710077,True
2026-07-01,600125.SH,5.58,4.56,0.1005917159763314,True
2026-07-02,000548.SZ,4.62,3.78,0.10000000000000003,True
2026-07-02,603188.SH,4.59,3.75,0.10071942446043164,True
2026-07-02,603987.SH,7.84,6.42,0.09957924263674614,True
2026-07-02,605005.SH,17.2,14.08,0.09974424552429664,True
2026-07-02,605577.SH,9.91,8.11,0.09988901220865709,True
2026-07-02,002633.SZ,16.7,13.66,0.10013175230566532,True
2026-07-02,002060.SZ,3.38,2.76,0.10097719869706842,True
2026-07-02,002322.SZ,10.78,8.82,0.09999999999999995,True
2026-07-02,603081.SH,9.71,7.95,0.09966024915062291,True
2026-07-02,003008.SZ,19.22,15.72,0.10017172295363476,True
2026-07-02,600925.SH,4.47,3.65,0.10098522167487683,True
2026-07-02,605003.SH,23.98,19.62,0.09999999999999998,True
2026-07-02,603167.SH,9.64,7.88,0.10045662100456625,True
2026-07-02,002953.SZ,9.74,7.97,0.09994353472614344,True
2026-07-02,603326.SH,6.97,5.71,0.09936908517350156,True
2026-07-02,003029.SZ,17.97,14.71,0.09975520195838428,True
2026-07-02,002140.SZ,10.05,8.23,0.09956236323851204,True
2026-07-02,603096.SH,15.09,12.35,0.09985422740524783,True
2026-07-02,600262.SH,22.18,18.14,0.10019841269841268,True
2026-07-02,605268.SH,10.1,8.26,0.10021786492374728,True
2026-07-02,001220.SZ,32.12,26.28,0.09999999999999994,True
2026-07-02,603035.SH,11.89,9.73,0.09990749306197964,True
2026-07-02,000407.SZ,4.14,3.38,0.10106382978723402,True
2026-07-02,603860.SH,27.17,22.23,0.10000000000000002,True
2026-07-02,600834.SH,7.39,6.05,0.09970238095238095,True
2026-07-02,601928.SH,9.74,7.97,0.09994353472614344,True
2026-07-02,603508.SH,23.71,19.4,0.09997680352586412,True
2026-07-02,600271.SH,7.44,6.08,0.10059171597633139,True
2026-07-02,601158.SH,4.33,3.55,0.0989847715736041,True
2026-07-02,600081.SH,10.12,8.28,0.1,True
2026-07-02,000088.SZ,4.52,3.7,0.09975669099756684,True
2026-07-02,603357.SH,6.82,5.58,0.10000000000000002,True
2026-07-02,001914.SZ,9.13,7.47,0.10000000000000005,True
2026-07-02,601096.SH,4.73,3.87,0.10000000000000002,True
2026-07-02,002884.SZ,16.81,13.75,0.10013089005235598,True
2026-07-02,002376.SZ,6.34,5.18,0.10069444444444446,True
2026-07-02,002593.SZ,4.44,3.64,0.09900990099009904,True
2026-07-02,601228.SH,3.16,2.58,0.10104529616724739,True
2026-07-02,600917.SH,5.08,4.16,0.09956709956709955,True
2026-07-02,603159.SH,20.22,16.54,0.1001088139281828,True
2026-07-03,002060.SZ,3.38,2.76,0.10097719869706842,True
2026-07-06,605005.SH,17.55,14.36,0.09996866186148547,True
2026-07-06,603213.SH,15.53,12.71,0.09985835694050986,True
2026-07-06,603167.SH,9.9,8.1,0.10000000000000003,True
2026-07-06,002060.SZ,3.4,2.78,0.10032362459546927,True
2026-07-06,600210.SH,6.92,5.66,0.10015898251192368,True
2026-07-06,002140.SZ,10.22,8.36,0.10010764262648016,True
2026-07-06,000088.SZ,4.57,3.74,0.09987966305655836,True
2026-07-06,601228.SH,3.2,2.62,0.09965635738831616,True
2026-07-06,600717.SH,4.47,3.65,0.10098522167487683,True
2026-07-06,601928.SH,9.8,8.02,0.09988776655443328,True
2026-07-06,002091.SZ,8.21,6.71,0.10053619302949067,True
2026-07-06,001391.SZ,4.65,3.81,0.099290780141844,True
2026-07-06,600125.SH,5.8,4.74,0.10056925996204931,True
2026-07-07,000548.SZ,4.7,3.84,0.10070257611241222,True
2026-07-07,002351.SZ,10.22,8.36,0.10010764262648016,True
2026-07-07,003008.SZ,19.76,16.16,0.10022271714922053,True
2026-07-07,605005.SH,17.37,14.21,0.10006333122229259,True
2026-07-07,603788.SH,15.55,12.73,0.09971711456859972,True
2026-07-07,603987.SH,8.12,6.64,0.10027100271002708,True
2026-07-07,601311.SH,8.46,6.92,0.10013003901170357,True
2026-07-07,605577.SH,10.22,8.36,0.10010764262648016,True
2026-07-07,600281.SH,4.42,3.62,0.09950248756218905,True
2026-07-07,002026.SZ,12.47,10.21,0.09964726631393298,True
2026-07-07,601512.SH,8.93,7.31,0.0997536945812808,True
2026-07-07,002140.SZ,10.2,8.34,0.10032362459546923,True
2026-07-07,002540.SZ,5.38,4.4,0.10020449897750505,True
2026-07-07,002111.SZ,10.23,8.37,0.10000000000000006,True
2026-07-07,002060.SZ,3.47,2.84,0.09984152139461178,True
2026-07-07,002063.SZ,5.64,4.62,0.09941520467836254,True
2026-07-07,603081.SH,9.91,8.11,0.09988901220865709,True
2026-07-07,603406.SH,29.1,23.81,0.09998109998110004,True
2026-07-07,002761.SZ,7.66,6.26,0.10057471264367819,True
2026-07-07,600218.SH,8.23,6.73,0.10026737967914438,True
2026-07-07,603192.SH,19.64,16.07,0.09997199663959676,True
2026-07-07,600959.SH,3.26,2.66,0.10135135135135129,True
2026-07-07,603326.SH,7.11,5.81,0.10061919504643968,True
2026-07-07,002322.SZ,11.17,9.14,0.09995076317085176,True
2026-07-07,001386.SZ,16.24,13.28,0.10027100271002708,True
2026-07-07,000599.SZ,4.77,3.91,0.09907834101382482,True
2026-07-07,001379.SZ,17.62,14.42,0.09987515605493137,True
2026-07-07,603096.SH,15.41,12.61,0.09992862241256248,True
2026-07-07,600319.SH,7.05,5.77,0.09984399375975041,True
2026-07-07,603227.SH,7.94,6.5,0.09972299168975071,True
2026-07-07,001220.SZ,32.69,26.75,0.09993270524899055,True
2026-07-07,605268.SH,10.4,8.51,0.09994711792702277,True
2026-07-07,601188.SH,3.12,2.56,0.09859154929577466,True
2026-07-07,603551.SH,10.52,8.6,0.10041841004184102,True
2026-07-07,603299.SH,10.04,8.22,0.0996714129244249,True
2026-07-07,603321.SH,6.64,5.44,0.0993377483443708,True
2026-07-07,603382.SH,19.4,15.88,0.09977324263038542,True
2026-07-07,000948.SZ,12.98,10.62,0.10000000000000005,True
2026-07-07,600210.SH,6.96,5.7,0.09952606635071089,True
2026-07-07,002633.SZ,17.38,14.22,0.09999999999999995,True
2026-07-08,603958.SH,17.25,14.11,0.10012755102040818,True
2026-07-08,600281.SH,4.37,3.57,0.10075566750629728,True
2026-07-08,603188.SH,4.28,3.5,0.10025706940874039,True
2026-07-08,000548.SZ,4.52,3.7,0.09975669099756684,True
2026-07-08,603586.SH,14.43,11.81,0.09984756097560972,True
2026-07-08,603382.SH,18.61,15.23,0.09988179669030729,True
2026-07-08,605336.SH,11.44,9.36,0.10000000000000002,True
2026-07-08,603987.SH,7.89,6.45,0.10041841004184097,True
2026-07-08,603159.SH,18.84,15.42,0.09982486865148862,True
2026-07-08,000573.SZ,3.73,3.05,0.10029498525073749,True
2026-07-08,605162.SH,8.24,6.74,0.10013351134846461,True
2026-07-08,603326.SH,6.89,5.63,0.10063897763578274,True
2026-07-08,605258.SH,30.45,24.91,0.1000722543352601,True
2026-07-08,603307.SH,26.14,21.38,0.10016835016835021,True
2026-07-08,603334.SH,37.29,30.51,0.09999999999999996,True
2026-07-08,605005.SH,17.2,14.08,0.09974424552429664,True
2026-07-08,000637.SZ,3.88,3.18,0.09915014164305945,True
2026-07-08,001395.SZ,26.42,21.62,0.09991673605328892,True
2026-07-08,000036.SZ,4.58,3.74,0.10096153846153844,True
2026-07-08,603202.SH,55.88,45.72,0.10000000000000005,True
2026-07-08,001325.SZ,39.92,32.66,0.10002755580049608,True
2026-07-08,003000.SZ,11.2,9.16,0.10019646365422392,True
2026-07-08,603022.SH,8.79,7.19,0.10012515644555686,True
2026-07-08,603095.SH,14.85,12.15,0.09999999999999998,True
2026-07-08,000692.SZ,4.3,3.52,0.09974424552429664,True
2026-07-08,001234.SZ,21.67,17.73,0.10000000000000002,True
2026-07-08,603779.SH,8.47,6.93,0.10000000000000006,True
2026-07-08,605577.SH,9.98,8.16,0.10033076074972438,True
2026-07-08,603272.SH,22.37,18.31,0.09980334316617508,True
2026-07-08,603878.SH,5.42,4.44,0.09939148073022308,True
2026-07-08,603126.SH,6.63,5.43,0.09950248756218907,True
2026-07-08,605268.SH,10.05,8.23,0.09956236323851204,True
2026-07-08,603381.SH,16.47,13.47,0.10020040080160315,True
2026-07-08,001260.SZ,17.75,14.53,0.09975216852540274,True
2026-07-08,000665.SZ,3.94,3.22,0.10055865921787706,True
2026-07-08,600561.SH,5.57,4.55,0.10079051383399214,True
2026-07-08,603167.SH,9.94,8.14,0.09955752212389375,True
2026-07-08,001300.SZ,12.54,10.26,0.09999999999999998,True
2026-07-08,600560.SH,11.89,9.73,0.09990749306197964,True
2026-07-08,600800.SH,3.31,2.71,0.09966777408637877,True
2026-07-13,603958.SH,17.19,14.07,0.09980806142034551,True
2026-07-13,603334.SH,35.34,28.92,0.09990662931839404,True
2026-07-13,600281.SH,4.37,3.57,0.10075566750629728,True
2026-07-13,603382.SH,18.41,15.07,0.09976105137395458,True
2026-07-13,603878.SH,5.45,4.46,0.09989909182643796,True
2026-07-13,603829.SH,16.82,13.76,0.10006540222367563,True
2026-07-13,603126.SH,6.59,5.39,0.10016694490818032,True
2026-07-13,000548.SZ,4.6,3.76,0.10047846889952151,True
2026-07-13,603586.SH,14.18,11.6,0.10007757951900698,True
2026-07-13,600561.SH,5.64,4.62,0.09941520467836254,True
2026-07-13,001217.SZ,9.45,7.73,0.10011641443538992,True
2026-07-13,002633.SZ,16.54,13.54,0.0997340425531915,True
2026-07-13,603167.SH,9.21,7.53,0.10035842293906812,True
2026-07-13,605258.SH,29.84,24.42,0.09988942130482856,True
2026-07-13,603307.SH,26.37,21.57,0.10012515644555696,True
2026-07-13,603889.SH,5.75,4.71,0.09942638623326959,True
2026-07-13,001333.SZ,20.9,17.1,0.09999999999999992,True
2026-07-13,605005.SH,17.15,14.03,0.10006414368184731,True
2026-07-13,600980.SH,19.05,15.59,0.09988452655889148,True
2026-07-13,002802.SZ,11.65,9.53,0.10009442870632677,True
2026-07-13,603551.SH,10.12,8.28,0.1,True
2026-07-13,605138.SH,6.45,5.27,0.10068259385665534,True
2026-07-13,001382.SZ,16.63,13.61,0.09986772486772486,True
2026-07-13,603096.SH,15.09,12.35,0.09985422740524783,True
2026-07-13,603987.SH,7.95,6.51,0.09958506224066392,True
2026-07-13,605577.SH,10.01,8.19,0.10000000000000002,True
2026-07-13,603396.SH,27.28,22.32,0.10000000000000002,True
2026-07-13,000637.SZ,3.92,3.2,0.10112359550561795,True
2026-07-13,603326.SH,6.92,5.66,0.10015898251192368,True
2026-07-13,605336.SH,11.33,9.27,0.10000000000000002,True
2026-07-13,002790.SZ,6.09,4.99,0.09927797833935015,True
2026-07-13,002846.SZ,10.87,8.89,0.10020242914979752,True
2026-07-13,603188.SH,4.28,3.5,0.10025706940874039,True
2026-07-13,603617.SH,7.19,5.89,0.09938837920489302,True
2026-07-13,603239.SH,15.24,12.47,0.09996391194514614,True
2026-07-13,603037.SH,10.8,8.84,0.09979633401222,True
2026-07-13,605259.SH,19.59,16.03,0.09994385176866924,True
2026-07-13,002451.SZ,7.49,6.13,0.0998531571218796,True
2026-07-13,603205.SH,23.39,19.13,0.10018814675446854,True
2026-07-13,603320.SH,18.33,14.99,0.10024009603841531,True
2026-07-14,603958.SH,16.3,13.34,0.09986504723346831,True
2026-07-14,603334.SH,33.68,27.56,0.09993468321358592,True
2026-07-14,603382.SH,17.85,14.61,0.09981515711645107,True
2026-07-14,603878.SH,5.23,4.28,0.09989484752891693,True
2026-07-14,600281.SH,4.14,3.38,0.10106382978723402,True
2026-07-14,001217.SZ,9.24,7.56,0.10000000000000003,True
2026-07-14,002846.SZ,10.44,8.54,0.10010537407797686,True
2026-07-14,603167.SH,9.3,7.61,0.09994086339444118,True
2026-07-14,600980.SH,18.27,14.95,0.09993979530403373,True
2026-07-14,603070.SH,11.95,9.77,0.1003683241252302,True
2026-07-14,603126.SH,6.37,5.21,0.10017271157167532,True
2026-07-14,603307.SH,25.63,20.97,0.10000000000000002,True
2026-07-14,605005.SH,16.61,13.59,0.09999999999999999,True
2026-07-14,603551.SH,10.01,8.19,0.10000000000000002,True
2026-07-14,603586.SH,13.76,11.26,0.09992006394884093,True
2026-07-14,605258.SH,27.76,22.72,0.09984152139461178,True
2026-07-14,605336.SH,11.01,9.01,0.0999000999000999,True
2026-07-14,002300.SZ,6.61,5.41,0.09983361064891849,True
2026-07-14,603396.SH,25.39,20.77,0.10008665511265168,True
2026-07-14,001268.SZ,25.34,20.74,0.09982638888888892,True
2026-07-14,000637.SZ,3.83,3.13,0.10057471264367819,True
2026-07-14,603381.SH,15.33,12.55,0.09971305595408891,True
2026-07-14,001333.SZ,20.52,16.79,0.09997319753417315,True
2026-07-14,000548.SZ,4.53,3.71,0.09951456310679614,True
2026-07-14,603889.SH,5.65,4.63,0.09922178988326852,True
2026-07-14,001382.SZ,16.16,13.22,0.10006807351940093,True
2026-07-14,603326.SH,6.72,5.5,0.09983633387888706,True
2026-07-14,600561.SH,5.47,4.47,0.1006036217303823,True
2026-07-14,605577.SH,9.92,8.12,0.09977827050997787,True
2026-07-14,603617.SH,6.77,5.54,0.09991876523151906,True
2026-07-14,003002.SZ,17.73,14.51,0.09987593052109182,True
2026-07-14,605162.SH,7.88,6.44,0.10055865921787706,True
2026-07-14,603829.SH,15.87,12.99,0.09979209979209976,True
2026-07-14,002866.SZ,14.96,12.24,0.10000000000000002,True
2026-07-14,002451.SZ,7.15,5.85,0.10000000000000006,True
2026-07-14,603390.SH,10.7,8.76,0.09969167523124355,True
2026-07-14,603188.SH,4.13,3.38,0.09986684420772304,True
2026-07-14,603096.SH,14.93,12.21,0.10022107590272655,True
2026-07-14,603272.SH,21.86,17.88,0.10015098137896329,True
2026-07-14,002888.SZ,18.48,15.12,0.10000000000000003,True
2026-07-15,603334.SH,34.12,27.92,0.09993552546744029,True
2026-07-15,603958.SH,16.76,13.72,0.09973753280839896,True
2026-07-15,600561.SH,5.65,4.63,0.09922178988326852,True
2026-07-15,603167.SH,9.45,7.73,0.10011641443538992,True
2026-07-15,603070.SH,12.28,10.04,0.1003584229390681,True
2026-07-15,001217.SZ,9.32,7.62,0.10035419126328217,True
2026-07-15,605258.SH,29.3,23.98,0.09984984984984985,True
2026-07-15,600980.SH,18.67,15.27,0.1001767825574544,True
2026-07-16,603958.SH,16.76,13.72,0.09973753280839896,True
2026-07-16,000637.SZ,4.06,3.32,0.10027100271002708,True
2026-07-16,605162.SH,8.09,6.62,0.09993201903467026,True
2026-07-16,600980.SH,18.74,15.34,0.09976525821596241,True
2026-07-16,001217.SZ,9.49,7.77,0.09965237543453076,True
2026-07-16,000548.SZ,4.7,3.84,0.10070257611241222,True
2026-07-16,603334.SH,33.63,27.51,0.10009813542688913,True
2026-07-16,001333.SZ,20.98,17.16,0.10015731515469324,True
2026-07-16,603048.SH,19.15,15.67,0.09994256174612288,True
2026-07-16,605005.SH,17.14,14.02,0.10012836970474971,True
2026-07-16,002866.SZ,15.35,12.56,0.09996417054819058,True
2026-07-16,603167.SH,9.37,7.67,0.09976525821596241,True
2026-07-16,603217.SH,21.56,17.64,0.09999999999999995,True
2026-07-16,603326.SH,6.93,5.67,0.09999999999999999,True
2026-07-16,605258.SH,28.42,23.26,0.09984520123839008,True
2026-07-16,603382.SH,18.65,15.26,0.09997051017398995,True
2026-07-16,605259.SH,19.68,16.1,0.10005589714924534,True
2026-07-16,002300.SZ,6.67,5.45,0.10066006600660063,True
2026-07-16,600561.SH,5.71,4.67,0.10019267822736032,True
2026-07-16,603390.SH,10.4,8.51,0.09994711792702277,True
2026-07-16,603307.SH,26.44,21.64,0.09983361064891849,True
2026-07-16,603878.SH,5.34,4.37,0.09989701338825949,True
2026-07-16,603037.SH,10.62,8.69,0.09994821336095287,True
2026-07-16,603070.SH,12.25,10.03,0.09964093357271098,True
2026-07-16,001325.SZ,38.08,31.16,0.09994222992489889,True
2026-07-16,605268.SH,10.15,8.31,0.09967497291440952,True
2026-07-16,603551.SH,10.44,8.54,0.10010537407797686,True
2026-07-16,603097.SH,17.4,14.24,0.09987357774968389,True
2026-07-16,603829.SH,16.39,13.41,0.1,True
2026-07-16,600281.SH,4.41,3.61,0.09975062344139654,True
2026-07-16,603396.SH,26.0,21.28,0.09983079526226732,True
2026-07-16,001268.SZ,23.58,19.3,0.09981343283582085,True
2026-07-16,603381.SH,15.63,12.79,0.09992962702322314,True
2026-07-17,603958.SH,16.62,13.6,0.09993381866313704,True
2026-07-17,603016.SH,32.52,26.6,0.10013531799729367,True
2026-07-17,605258.SH,28.44,23.27,0.09998066138077745,True
2026-07-17,603070.SH,12.24,10.02,0.09973045822102429,True
2026-07-17,603217.SH,21.18,17.33,0.09997403271877439,True
2026-07-17,600281.SH,4.41,3.61,0.09975062344139654,True
2026-07-17,603334.SH,34.56,28.28,0.09993634627625718,True
2026-07-17,001260.SZ,17.96,14.7,0.09981628903857936,True
2026-07-17,603190.SH,18.45,15.09,0.10017889087656529,True
2026-07-17,000548.SZ,4.73,3.87,0.10000000000000002,True
2026-07-17,600130.SH,4.35,3.56,0.09987357774968389,True
2026-07-17,603586.SH,14.22,11.64,0.09976798143851509,True
2026-07-17,002846.SZ,10.86,8.88,0.10030395136778107,True
2026-07-17,000697.SZ,9.12,7.46,0.10012062726176112,True
2026-07-17,603326.SH,7.07,5.79,0.09953343701399692,True
2026-07-17,600980.SH,18.72,15.32,0.09988249118683898,True
2026-07-17,001268.SZ,23.24,19.02,0.09985802176999524,True
2026-07-17,603037.SH,10.66,8.72,0.10010319917440656,True
2026-07-17,605365.SH,14.5,11.86,0.10015174506828531,True
2026-07-17,600955.SH,13.83,11.31,0.10023866348448686,True
2026-07-17,001333.SZ,21.03,17.21,0.09989539748953975,True
2026-07-17,603829.SH,16.14,13.2,0.10020449897750516,True
2026-07-17,600478.SH,5.13,4.19,0.10085836909871239,True
2026-07-17,002992.SZ,38.48,31.48,0.1000571755288736,True
2026-07-17,000045.SZ,10.2,8.34,0.10032362459546923,True
2026-07-17,000637.SZ,4.06,3.32,0.10027100271002708,True
2026-07-17,002866.SZ,15.28,12.5,0.10007199424046073,True
2026-07-17,002190.SZ,23.6,19.31,0.09997669540899565,True
2026-07-17,001285.SZ,44.57,36.47,0.09995064165844031,True
2026-07-17,603376.SH,27.17,22.23,0.10000000000000002,True
2026-07-17,002334.SZ,7.27,5.95,0.09984871406959149,True
2026-07-17,002300.SZ,6.69,5.47,0.1003289473684211,True
2026-07-17,002296.SZ,9.68,7.92,0.09999999999999998,True
2026-07-17,603878.SH,5.35,4.37,0.10082304526748967,True
2026-07-17,603272.SH,18.25,14.93,0.10006027727546715,True
2026-07-17,603248.SH,20.12,16.46,0.10005467468562057,True
2026-07-17,603352.SH,27.68,22.64,0.10015898251192368,True
2026-07-17,002888.SZ,18.5,15.14,0.09988109393579071,True
2026-07-17,603048.SH,18.63,15.25,0.0997638724911452,True
2026-07-17,603418.SH,48.69,39.83,0.10009037505648441,True
2026-07-20,603958.SH,15.26,12.48,0.10021629416005765,True
2026-07-20,603217.SH,20.36,16.66,0.09994597514856833,True
2026-07-20,600281.SH,4.24,3.47,0.09987029831387807,True
2026-07-20,603829.SH,15.46,12.65,0.09996442547136253,True
2026-07-20,603334.SH,34.08,27.88,0.10006455777921239,True
2026-07-20,603381.SH,15.09,12.35,0.09985422740524783,True
2026-07-20,603922.SH,12.62,10.32,0.10026155187445507,True
2026-07-20,603248.SH,19.25,15.75,0.1,True
2026-07-20,603926.SH,16.78,13.73,0.09996722386102919,True
2026-07-20,001312.SZ,18.89,15.45,0.10017472335468844,True
2026-07-20,002026.SZ,10.66,8.72,0.10010319917440656,True
2026-07-20,000548.SZ,4.63,3.79,0.09976247030878858,True
2026-07-20,603655.SH,29.11,23.81,0.10015117157974301,True
2026-07-20,603396.SH,24.65,20.17,0.09995537706381073,True
2026-07-20,001396.SZ,34.09,27.89,0.10003226847370124,True
2026-07-20,605365.SH,13.83,11.31,0.10023866348448686,True
2026-07-20,002846.SZ,10.48,8.58,0.09968520461699895,True
2026-07-20,603062.SH,38.34,31.37,0.09998565485583133,True
2026-07-20,603376.SH,25.96,21.24,0.10000000000000005,True
2026-07-20,600955.SH,13.33,10.91,0.09983498349834982,True
2026-07-20,002825.SZ,8.66,7.08,0.10038119440914867,True
2026-07-20,603016.SH,30.49,24.95,0.09992784992784992,True
2026-07-20,603838.SH,8.78,7.18,0.10025062656641602,True
2026-07-20,002334.SZ,7.16,5.86,0.0998463901689708,True
2026-07-20,600478.SH,4.99,4.09,0.09911894273127757,True
2026-07-20,000045.SZ,9.82,8.04,0.09966405375139985,True
2026-07-20,600262.SH,14.26,11.66,0.10030864197530862,True
2026-07-20,600560.SH,11.41,9.33,0.10028929604628736,True
2026-07-20,001325.SZ,37.26,30.48,0.10008857395925595,True
2026-07-20,001285.SZ,43.81,35.85,0.09992467988953052,True
2026-07-20,002296.SZ,9.47,7.75,0.099883855981417,True
2026-07-20,002917.SZ,10.79,8.83,0.09989806320081546,True
2026-07-20,603586.SH,13.9,11.38,0.09968354430379744,True
2026-07-20,003000.SZ,11.33,9.27,0.10000000000000002,True
2026-07-20,002300.SZ,6.5,5.32,0.09983079526226732,True
2026-07-20,603966.SH,8.32,6.8,0.10052910052910055,True
2026-07-20,001268.SZ,21.38,17.5,0.09979423868312756,True
2026-07-20,603822.SH,65.79,53.83,0.09998328038789506,True
2026-07-20,002295.SZ,8.83,7.23,0.09962640099626398,True
2026-07-20,605378.SH,14.18,11.6,0.10007757951900698,True
2026-07-21,603958.SH,14.17,11.59,0.1001552795031056,True
2026-07-21,603829.SH,14.87,12.17,0.09985207100591714,True
2026-07-21,603838.SH,7.9,6.46,0.10027855153203345,True
2026-07-21,603352.SH,26.39,21.59,0.1000416840350146,True
2026-07-21,603926.SH,15.44,12.64,0.09971509971509969,True
2026-07-21,603217.SH,19.21,15.71,0.10022909507445589,True
2026-07-21,605055.SH,9.15,7.49,0.09975961538461539,True
2026-07-21,000782.SZ,6.63,5.43,0.09950248756218907,True
2026-07-21,603016.SH,28.62,23.42,0.09992313604919291,True
2026-07-21,003000.SZ,11.09,9.07,0.10019841269841268,True
2026-07-21,600281.SH,4.08,3.34,0.09973045822102429,True
2026-07-21,000548.SZ,4.59,3.75,0.10071942446043164,True
2026-07-21,603048.SH,17.33,14.18,0.09996826404316086,True
2026-07-21,603922.SH,11.36,9.3,0.09970958373668919,True
2026-07-21,603248.SH,18.96,15.52,0.0997679814385151,True
2026-07-21,603190.SH,16.32,13.36,0.09973045822102429,True
2026-07-21,603334.SH,34.25,28.03,0.09987154784842645,True
2026-07-21,603293.SH,38.34,31.37,0.09998565485583133,True
2026-07-21,002026.SZ,10.4,8.51,0.09994711792702277,True
2026-07-21,000637.SZ,3.87,3.17,0.0994318181818182,True
2026-07-21,001325.SZ,36.97,30.25,0.0999702469503124,True
2026-07-21,002846.SZ,10.0,8.18,0.10011001100110013,True
2026-07-21,605005.SH,16.31,13.35,0.09979770734996626,True
2026-07-21,603856.SH,12.03,9.85,0.0996343692870201,True
2026-07-21,001217.SZ,9.36,7.66,0.09988249118683898,True
2026-07-21,000045.SZ,9.76,7.98,0.10033821871476883,True
2026-07-21,002825.SZ,8.54,6.98,0.1005154639175257,True
2026-07-21,603037.SH,9.93,8.13,0.09966777408637867,True
2026-07-21,603578.SH,12.03,9.85,0.0996343692870201,True
2026-07-21,600955.SH,13.06,10.68,0.10025273799494526,True
2026-07-21,603822.SH,59.57,48.74,0.09999076724217522,True
2026-07-21,603275.SH,37.11,30.37,0.09988144635447536,True
2026-07-21,002917.SZ,10.62,8.69,0.09994821336095287,True
2026-07-21,603381.SH,14.91,12.2,0.09996311324234602,True
2026-07-21,600560.SH,11.1,9.08,0.10009910802775022,True
2026-07-21,603376.SH,26.32,21.54,0.09987463435018808,True
2026-07-21,000409.SZ,9.06,7.42,0.09951456310679614,True
2026-07-21,603382.SH,18.33,14.99,0.10024009603841531,True
2026-07-21,002334.SZ,6.73,5.51,0.09967320261437913,True
2026-07-21,603070.SH,11.53,9.43,0.10019083969465646,True
2026-07-22,603958.SH,14.49,11.85,0.10022779043280185,True
2026-07-22,603217.SH,19.44,15.9,0.10016977928692701,True
2026-07-22,603829.SH,14.78,12.1,0.09970238095238095,True
2026-07-22,000548.SZ,4.48,3.66,0.10073710073710077,True
2026-07-22,603048.SH,16.83,13.77,0.09999999999999996,True
2026-07-22,603838.SH,7.68,6.28,0.10028653295128935,True
2026-07-22,603352.SH,26.49,21.67,0.10008305647840525,True
2026-07-22,600281.SH,4.11,3.37,0.09893048128342248,True
2026-07-22,605186.SH,26.61,21.77,0.10004133939644481,True
2026-07-22,002846.SZ,10.1,8.26,0.10021786492374728,True
2026-07-22,603926.SH,15.77,12.91,0.09972105997210598,True
2026-07-22,605258.SH,25.84,21.14,0.1000425713069391,True
2026-07-22,001325.SZ,37.02,30.29,0.09998514336651321,True
2026-07-22,603334.SH,33.7,27.58,0.099869451697128,True
2026-07-22,002633.SZ,14.17,11.59,0.1001552795031056,True
2026-07-22,603188.SH,4.05,3.31,0.10054347826086954,True
2026-07-22,000782.SZ,6.7,5.48,0.10016420361247946,True
2026-07-22,605319.SH,22.81,18.67,0.09980713596914167,True
2026-07-22,603248.SH,18.87,15.44,0.09997085397843199,True
2026-07-22,603016.SH,28.8,23.56,0.1000763941940413,True
2026-07-22,603987.SH,7.9,6.46,0.10027855153203345,True
2026-07-22,603418.SH,48.11,39.37,0.09990855052583451,True
2026-07-22,600319.SH,5.74,4.7,0.09961685823754789,True
2026-07-22,603037.SH,9.85,8.06,0.09994416527079839,True
2026-07-22,603376.SH,26.3,21.52,0.09995817649519032,True
2026-07-22,002026.SZ,10.34,8.46,0.09999999999999995,True
2026-07-22,603275.SH,37.68,30.83,0.09998540359071671,True
2026-07-22,600955.SH,12.94,10.58,0.10034013605442174,True
2026-07-22,603586.SH,13.48,11.03,0.09995920032639743,True
2026-07-22,605365.SH,13.56,11.1,0.09975669099756694,True
2026-07-22,600980.SH,17.84,14.6,0.09987669543773121,True
2026-07-22,603409.SH,17.96,14.7,0.09981628903857936,True
2026-07-22,002825.SZ,8.42,6.89,0.09993468321358592,True
2026-07-22,603922.SH,11.11,9.09,0.09999999999999998,True
2026-07-22,603381.SH,14.84,12.14,0.10007412898443288,True
2026-07-22,603255.SH,28.49,23.31,0.1,True
2026-07-22,603190.SH,16.04,13.12,0.10013717421124829,True
2026-07-22,000045.SZ,9.71,7.95,0.09966024915062291,True
2026-07-22,603038.SH,13.31,10.89,0.09999999999999999,True
2026-07-22,605055.SH,8.88,7.26,0.10037174721189597,True
2026-09-15,603958.SH,17.73,14.51,0.09987593052109182,True
2026-09-15,002038.SZ,6.25,5.11,0.10035211267605632,True
2026-09-15,603211.SH,22.06,18.05,0.09997506856145595,True
2026-09-15,002028.SZ,147.18,120.42,0.1,True
2026-09-15,002674.SZ,20.52,16.79,0.09997319753417315,True
2026-09-15,002072.SZ,7.83,6.41,0.0997191011235955,True
2026-09-15,002896.SZ,66.63,54.51,0.10004952947003466,True
2026-09-15,603823.SH,60.36,49.38,0.10005467468562051,True
2026-09-15,000021.SZ,37.15,30.39,0.10008883624518802,True
2026-09-15,603239.SH,14.83,12.13,0.10014836795252223,True
2026-09-15,603065.SH,14.96,12.24,0.10000000000000002,True
2026-09-15,603986.SH,392.57,321.19,0.10000560412463573,True
2026-09-15,002903.SZ,29.79,24.37,0.10007385524372228,True
2026-09-15,002371.SZ,688.6,563.4,0.10000000000000003,True
2026-09-15,002747.SZ,31.86,26.06,0.10013812154696133,True
2026-09-15,002931.SZ,45.36,37.12,0.09990300678952477,True
2026-09-15,002437.SZ,3.86,3.16,0.09971509971509969,True
2026-09-15,603370.SH,30.45,24.91,0.1000722543352601,True
2026-09-15,603016.SH,30.42,24.89,0.0999819200867836,True
2026-09-15,002885.SZ,29.89,24.45,0.1001104158998896,True
2026-09-15,603799.SH,39.19,32.07,0.09991580129104685,True
2026-09-15,001309.SZ,426.69,349.11,0.09999999999999999,True
2026-09-15,603881.SH,26.07,21.33,0.10000000000000005,True
2026-09-15,603335.SH,6.74,5.52,0.09951060358890707,True
2026-09-15,000338.SZ,28.75,23.53,0.09984697781178269,True
2026-09-15,605358.SH,44.55,36.45,0.09999999999999994,True
2026-09-15,002506.SZ,2.76,2.26,0.09960159362549802,True
2026-09-15,605186.SH,27.45,22.46,0.09997996393508313,True
2026-09-15,600076.SH,2.52,2.06,0.10043668122270741,True
2026-09-15,605055.SH,9.67,7.91,0.10011376564277588,True
2026-09-15,603319.SH,30.46,24.92,0.10003611412062115,True
2026-09-15,001230.SZ,19.72,16.14,0.0998326826547685,True
2026-09-15,002942.SZ,18.38,15.04,0.09994015559545182,True
2026-09-15,600460.SH,32.84,26.87,0.09998325238653495,True
2026-09-15,002031.SZ,5.62,4.6,0.09980430528375739,True
2026-09-15,600589.SH,8.67,7.09,0.100253807106599,True
2026-09-15,001203.SZ,26.28,21.5,0.10004185851820847,True
2026-09-15,603330.SH,10.07,8.24,0.09994538503549971,True
2026-09-15,603382.SH,20.43,16.71,0.10016155088852985,True
2026-09-15,001365.SZ,36.7,30.02,0.10011990407673867,True
2026-09-17,600076.SH,2.46,2.02,0.0982142857142857,True
2026-09-17,603016.SH,30.33,24.81,0.1001088139281828,True
2026-09-17,002759.SZ,15.76,12.9,0.09979064898813676,True
2026-09-17,603737.SH,22.36,18.3,0.09985243482538118,True
2026-09-17,603225.SH,18.41,15.07,0.09976105137395458,True
2026-09-17,000977.SZ,78.27,64.04,0.09999297308692284,True
2026-09-17,002072.SZ,7.8,6.38,0.1001410437235543,True
2026-09-17,603370.SH,30.25,24.75,0.1,True
2026-09-17,002104.SZ,12.3,10.06,0.10017889087656531,True
2026-09-17,600363.SH,17.01,13.91,0.10025873221216046,True
2026-09-17,603778.SH,10.2,8.34,0.10032362459546923,True
2026-09-17,002038.SZ,6.13,5.01,0.10053859964093358,True
2026-09-17,002126.SZ,42.27,34.59,0.09992193598750973,True
2026-09-17,600381.SH,4.26,3.48,0.10077519379844958,True
2026-09-17,605319.SH,24.85,20.33,0.10004426737494473,True
2026-09-17,600577.SH,8.89,7.27,0.10024752475247531,True
2026-09-17,603278.SH,9.86,8.06,0.1004464285714285,True
2026-09-17,003004.SZ,66.34,54.28,0.09998341900182392,True
2026-09-17,002149.SZ,37.04,30.3,0.10008910008910006,True
2026-09-17,001221.SZ,39.05,31.95,0.09999999999999996,True
2026-09-17,603876.SH,20.42,16.7,0.10021551724137936,True
2026-09-17,002192.SZ,65.76,53.8,0.10003345600535303,True
2026-09-17,603958.SH,17.82,14.58,0.1,True
2026-09-17,603660.SH,10.3,8.42,0.10042735042735047,True
2026-09-17,601678.SH,6.57,5.37,0.10050251256281408,True
2026-09-17,002871.SZ,19.33,15.81,0.10017074558907221,True
2026-09-17,600481.SH,4.54,3.72,0.099273607748184,True
2026-09-17,600877.SH,13.34,10.92,0.09975267930750206,True
2026-09-17,600846.SH,11.92,9.76,0.09963099630996311,True
2026-09-17,600892.SH,4.37,3.57,0.10075566750629728,True
2026-09-17,000967.SZ,8.83,7.23,0.09962640099626398,True
2026-09-17,002544.SZ,17.8,14.56,0.10012360939431397,True
2026-09-17,002446.SZ,9.22,7.54,0.1002386634844869,True
2026-09-17,603728.SH,52.26,42.76,0.09997895179962113,True
2026-09-17,002472.SZ,39.2,32.08,0.09988776655443328,True
2026-09-17,603933.SH,21.14,17.3,0.09989594172736732,True
2026-09-17,605389.SH,72.04,58.94,0.10001526950679498,True
2026-09-17,002380.SZ,28.77,23.54,0.09998088319632958,True
2026-09-17,600143.SH,14.3,11.7,0.10000000000000006,True
2026-09-17,002855.SZ,13.6,11.12,0.10032362459546927,True
2026-09-18,600076.SH,2.4,1.96,0.10091743119266056,True
2026-09-18,603958.SH,18.15,14.85,0.09999999999999996,True
2026-09-18,603737.SH,22.12,18.1,0.09995027349577323,True
2026-09-18,000582.SZ,10.82,8.86,0.09959349593495939,True
2026-09-18,605319.SH,24.41,19.97,0.10004506534474993,True
2026-09-18,603370.SH,29.78,24.36,0.10011082379017365,True
2026-09-18,003004.SZ,66.74,54.6,0.10004944783253662,True
2026-09-18,605398.SH,22.35,18.29,0.09990157480314966,True
2026-09-18,603225.SH,18.26,14.94,0.10000000000000005,True
2026-09-18,600281.SH,5.07,4.15,0.09978308026030368,True
2026-09-18,603767.SH,14.75,12.07,0.09992542878448918,True
2026-09-18,001367.SZ,22.3,18.24,0.1001480019733597,True
2026-09-18,002888.SZ,20.78,17.0,0.10005293806246694,True
2026-09-18,603161.SH,16.8,13.74,0.100196463654224,True
2026-09-18,002674.SZ,21.22,17.36,0.10005184033177811,True
2026-09-18,603219.SH,14.11,11.55,0.0997661730319563,True
2026-09-18,603278.SH,9.86,8.06,0.1004464285714285,True
2026-09-18,603188.SH,4.95,4.05,0.10000000000000003,True
2026-09-18,001226.SZ,49.16,40.22,0.10002237637055268,True
2026-09-18,002857.SZ,19.05,15.59,0.09988452655889148,True
2026-09-18,603262.SH,19.62,16.06,0.0997757847533633,True
2026-09-18,603356.SH,18.22,14.9,0.10024154589371977,True
2026-09-18,001282.SZ,17.01,13.91,0.10025873221216046,True
2026-09-18,002951.SZ,17.36,14.2,0.10012674271229405,True
2026-09-18,603933.SH,21.01,17.19,0.1,True
2026-09-18,603135.SH,9.49,7.77,0.09965237543453076,True
2026-09-18,603665.SH,23.79,19.47,0.0998613037447989,True
2026-09-18,603722.SH,31.44,25.72,0.10006997900629816,True
2026-09-18,603577.SH,10.31,8.43,0.1003201707577375,True
2026-09-18,000893.SZ,43.12,35.28,0.09999999999999995,True
2026-09-18,603121.SH,13.44,11.0,0.09983633387888706,True
2026-09-18,603004.SH,20.42,16.7,0.10021551724137936,True
2026-09-18,001396.SZ,35.09,28.71,0.10000000000000003,True
2026-09-18,600936.SH,4.88,4.0,0.0990990990990991,True
2026-09-18,603488.SH,8.69,7.11,0.09999999999999995,True
2026-09-18,605186.SH,28.05,22.95,0.10000000000000003,True
2026-09-18,002189.SZ,20.89,17.09,0.10005265929436546,True
2026-09-18,600860.SH,8.97,7.34,0.09993868792152058,True
2026-09-18,600199.SH,7.56,6.18,0.10043668122270742,True
2026-09-18,000665.SZ,4.54,3.72,0.099273607748184,True
2026-09-21,603767.SH,14.75,12.07,0.09992542878448918,True
2026-09-21,002664.SZ,16.35,13.37,0.10026917900403776,True
2026-09-21,603278.SH,9.99,8.17,0.10022026431718063,True
2026-09-21,603219.SH,14.06,11.5,0.10015649452269172,True
2026-09-21,603161.SH,16.73,13.69,0.09993425378040766,True
2026-09-21,000665.SZ,4.48,3.66,0.10073710073710077,True
2026-09-21,002857.SZ,18.96,15.52,0.0997679814385151,True
2026-09-21,001220.SZ,35.13,28.75,0.0998747651847214,True
2026-09-21,603889.SH,6.78,5.54,0.10064935064935067,True
2026-09-21,603135.SH,9.67,7.91,0.10011376564277588,True
2026-09-21,605186.SH,28.04,22.94,0.10003923107100819,True
2026-09-21,002861.SZ,16.02,13.1,0.10027472527472528,True
2026-09-21,603915.SH,14.38,11.76,0.10022953328232598,True
2026-09-21,603633.SH,7.1,5.81,0.09992254066615028,True
2026-09-21,603577.SH,10.57,8.65,0.09989594172736732,True
2026-09-21,603188.SH,4.92,4.02,0.10067114093959736,True
2026-09-21,603262.SH,20.02,16.38,0.10000000000000002,True
2026-09-21,603356.SH,18.71,15.31,0.09994121105232216,True
2026-09-21,002189.SZ,21.29,17.42,0.09997416688194258,True
2026-09-21,002809.SZ,9.0,7.36,0.1002444987775061,True
2026-09-21,000609.SZ,10.84,8.87,0.099949264332826,True
2026-09-21,605255.SH,67.4,55.14,0.10004896360372127,True
2026-09-21,603933.SH,21.36,17.48,0.09989701338825949,True
2026-09-21,603722.SH,31.85,26.06,0.09998273182524613,True
2026-09-21,603966.SH,8.05,6.59,0.09972677595628421,True
2026-09-21,003027.SZ,17.67,14.45,0.10024906600249073,True
2026-09-21,603382.SH,20.74,16.97,0.09997348183505701,True
2026-09-21,605287.SH,39.27,32.13,0.1,True
2026-09-21,002921.SZ,22.46,18.38,0.09990205680705194,True
2026-09-21,002347.SZ,6.49,5.31,0.10000000000000005,True
2026-09-21,600620.SH,4.69,3.83,0.10093896713615028,True
2026-09-21,002313.SZ,9.13,7.47,0.10000000000000005,True
2026-09-21,001266.SZ,37.3,30.52,0.09997051017398995,True
2026-09-21,001260.SZ,19.87,16.25,0.10022148394241419,True
2026-09-21,603901.SH,10.21,8.35,0.10021551724137936,True
2026-09-21,605389.SH,73.25,59.93,0.10001501726986034,True
2026-09-21,603211.SH,22.2,18.16,0.10009910802775022,True
2026-09-21,603628.SH,11.42,9.34,0.10019267822736032,True
2026-09-21,603125.SH,26.29,21.51,0.09999999999999995,True
2026-09-21,002088.SZ,8.76,7.16,0.10050251256281405,True
2026-09-22,600076.SH,2.53,2.07,0.1,True
2026-09-22,002072.SZ,7.96,6.52,0.09944751381215472,True
2026-09-22,603161.SH,16.58,13.56,0.10019907100199063,True
2026-09-22,002857.SZ,19.62,16.06,0.0997757847533633,True
2026-09-22,603278.SH,10.08,8.24,0.10043668122270741,True
2026-09-22,001220.SZ,35.18,28.78,0.1000625390869293,True
2026-09-22,001226.SZ,50.7,41.48,0.10002169668040796,True
2026-09-22,002629.SZ,4.79,3.92,0.09988518943742825,True
2026-09-22,002729.SZ,15.44,12.64,0.09971509971509969,True
2026-09-22,603577.SH,10.7,8.76,0.09969167523124355,True
2026-09-22,001396.SZ,36.05,29.49,0.10009154714678059,True
2026-09-22,002469.SZ,6.78,5.54,0.10064935064935067,True
2026-09-22,603312.SH,35.23,28.83,0.09990633780830468,True
2026-09-22,001367.SZ,23.55,19.27,0.09995329285380666,True
2026-09-22,600499.SH,14.73,12.05,0.10007468259895443,True
2026-09-22,603331.SH,14.32,11.72,0.0998463901689708,True
2026-09-22,603810.SH,13.17,10.77,0.10025062656641606,True
2026-09-22,603628.SH,11.63,9.51,0.10028382213812682,True
2026-09-22,001255.SZ,29.76,24.35,0.09998151912770283,True
2026-09-22,605055.SH,9.91,8.11,0.09988901220865709,True
2026-09-22,603188.SH,5.06,4.14,0.1,True
2026-09-22,600800.SH,3.7,3.02,0.1011904761904762,True
2026-09-22,603135.SH,9.77,7.99,0.1002252252252252,True
2026-09-22,002355.SZ,5.15,4.21,0.10042735042735047,True
2026-09-22,000637.SZ,4.64,3.8,0.09952606635071089,True
2026-09-22,603722.SH,32.53,26.61,0.1001014541765303,True
2026-09-22,605028.SH,26.21,21.45,0.09987410826689051,True
2026-09-22,600215.SH,6.83,5.59,0.09983896940418681,True
2026-09-22,600620.SH,4.85,3.97,0.09977324263038542,True
2026-09-22,000822.SZ,4.8,3.92,0.10091743119266056,True
2026-09-22,605166.SH,9.59,7.85,0.09977064220183489,True
2026-09-22,001325.SZ,40.81,33.39,0.10000000000000002,True
2026-09-22,002809.SZ,9.3,7.61,0.09994086339444118,True
2026-09-22,003011.SZ,21.47,17.57,0.09989754098360652,True
2026-09-22,603926.SH,19.51,15.97,0.09977452085682076,True
2026-09-22,603344.SH,26.5,21.68,0.10004151100041511,True
2026-09-22,002318.SZ,20.33,16.63,0.1001082251082251,True
2026-09-22,603768.SH,12.63,10.33,0.10017421602787459,True
2026-09-22,603829.SH,17.63,14.43,0.09981285090455393,True
2026-09-22,600212.SH,6.48,5.3,0.10016977928692704,True
2026-09-23,002857.SZ,19.69,16.11,0.10000000000000006,True
2026-09-23,603312.SH,35.15,28.76,0.09998435299640115,True
2026-09-23,603871.SH,13.38,10.94,0.1003289473684211,True
2026-09-23,000695.SZ,14.48,11.84,0.10030395136778117,True
2026-09-23,603278.SH,9.97,8.15,0.10044150110375277,True
2026-09-23,600499.SH,13.27,10.85,0.10033167495854063,True
2026-09-23,001386.SZ,18.04,14.76,0.09999999999999999,True
2026-09-23,603577.SH,10.6,8.68,0.0995850622406639,True
2026-09-23,600860.SH,8.46,6.92,0.10013003901170357,True
2026-09-23,603188.SH,5.07,4.15,0.09978308026030368,True
2026-09-23,603015.SH,11.68,9.56,0.09981167608286248,True
2026-09-23,605255.SH,67.72,55.4,0.10006497725795971,True
2026-09-23,603370.SH,30.38,24.86,0.0999275887038378,True
2026-09-23,001220.SZ,35.23,28.83,0.09990633780830468,True
2026-09-23,603988.SH,20.0,16.36,0.10011001100110013,True
2026-09-23,002347.SZ,6.49,5.31,0.10000000000000005,True
2026-09-23,603331.SH,14.2,11.62,0.09992254066615028,True
2026-09-23,002629.SZ,4.8,3.92,0.10091743119266056,True
2026-09-23,000548.SZ,5.1,4.18,0.09913793103448276,True
2026-09-23,600212.SH,6.46,5.28,0.10051107325383302,True
2026-09-23,603926.SH,19.24,15.74,0.1000571755288736,True
2026-09-23,000637.SZ,4.62,3.78,0.10000000000000003,True
2026-09-23,603161.SH,16.83,13.77,0.09999999999999996,True
2026-09-23,001221.SZ,39.28,32.14,0.09997199663959676,True
2026-09-23,603121.SH,13.9,11.38,0.09968354430379744,True
2026-09-23,001396.SZ,35.94,29.4,0.10009182736455462,True
2026-09-23,600620.SH,4.81,3.93,0.10068649885583518,True
2026-09-23,603135.SH,9.71,7.95,0.09966024915062291,True
2026-09-23,603810.SH,13.2,10.8,0.09999999999999994,True
2026-09-23,605018.SH,13.15,10.76,0.09995817649519032,True
2026-09-23,603348.SH,15.83,12.95,0.10006949270326618,True
2026-09-23,002369.SZ,6.36,5.2,0.10034602076124569,True
2026-09-23,600981.SH,2.68,2.2,0.0983606557377049,True
2026-09-23,603291.SH,9.85,8.06,0.09994416527079839,True
2026-09-23,001301.SZ,55.09,45.07,0.10003993610223645,True
2026-09-23,603829.SH,17.5,14.32,0.09993714644877434,True
2026-09-23,600386.SH,3.95,3.23,0.10027855153203345,True
2026-09-23,603130.SH,42.19,34.52,0.09998696388997515,True
2026-09-23,603262.SH,19.95,16.33,0.09977949283351711,True
2026-09-23,605183.SH,17.89,14.63,0.10024600246002459,True
