ts_code,date,actual_ret,pred_gnn
801010.SI,2018-04-30,0.059928801233604334,-8.333333333333334
801030.SI,2018-04-30,0.01393721181665386,-11.666666666666666
801040.SI,2018-04-30,-0.07407839197358357,-27.0
801050.SI,2018-04-30,-0.031792777474963674,-20.333333333333332
801080.SI,2018-04-30,-0.028764591028852315,-24.0
801110.SI,2018-04-30,0.04847359059992784,-17.666666666666668
801120.SI,2018-04-30,0.17193730495326465,-14.0
801130.SI,2018-04-30,0.04278300292298809,-12.666666666666666
801140.SI,2018-04-30,0.02215223677182898,-9.666666666666666
801150.SI,2018-04-30,0.06605200857314952,-12.333333333333334
801160.SI,2018-04-30,-0.004765850765354407,-23.333333333333332
801170.SI,2018-04-30,0.010532042054155255,-16.333333333333332
801180.SI,2018-04-30,-0.05119328532345435,-16.333333333333332
801200.SI,2018-04-30,0.05986045691057296,-16.333333333333332
801210.SI,2018-04-30,0.14860524766935757,-16.0
801230.SI,2018-04-30,-0.0481698184270688,-17.0
801710.SI,2018-04-30,-0.04193449155300877,-2.6666666666666665
801720.SI,2018-04-30,-0.0465298390585146,-4.333333333333333
801730.SI,2018-04-30,-0.05882497426061972,-12.333333333333334
801740.SI,2018-04-30,-0.10602506150941238,-10.333333333333334
801750.SI,2018-04-30,-0.06461169178415171,-6.333333333333333
801760.SI,2018-04-30,-0.033048662203401746,-15.0
801770.SI,2018-04-30,-0.04548222233570742,-8.333333333333334
801880.SI,2018-04-30,0.02647979238169018,-5.333333333333333
801890.SI,2018-04-30,-0.0432030566680478,-2.3333333333333335
801950.SI,2018-04-30,-0.035121645564150206,-24.666666666666668
801960.SI,2018-04-30,0.038744912864137726,-28.0
801970.SI,2018-04-30,-0.04928198866577305,-28.666666666666668
801980.SI,2018-04-30,0.08070334344110575,-23.666666666666668
801010.SI,2018-05-31,-0.13342672917003429,-9.666666666666666
801030.SI,2018-05-31,-0.07998246086081284,-8.666666666666666
801040.SI,2018-05-31,-0.025289501653501634,-28.0
801050.SI,2018-05-31,-0.10322961917325546,-17.666666666666668
801080.SI,2018-05-31,-0.08171463932698897,-22.333333333333332
801110.SI,2018-05-31,-0.03971130417486557,-12.0
801120.SI,2018-05-31,-0.06770038942237422,-9.666666666666666
801130.SI,2018-05-31,-0.11624900367258684,-27.0
801140.SI,2018-05-31,-0.1251968475562073,-6.0
801150.SI,2018-05-31,-0.0881878209831255,-20.666666666666668
801160.SI,2018-05-31,-0.09922231614539312,-24.333333333333332
801170.SI,2018-05-31,-0.10315707751520675,-16.333333333333332
801180.SI,2018-05-31,-0.08156816285512769,-13.333333333333334
801200.SI,2018-05-31,-0.15679469522150358,-9.666666666666666
801210.SI,2018-05-31,-0.06976615456635937,-10.666666666666666
801230.SI,2018-05-31,-0.12273913103492695,-12.0
801710.SI,2018-05-31,-0.08835756701207975,-2.6666666666666665
801720.SI,2018-05-31,-0.0875460511392524,-4.0
801730.SI,2018-05-31,-0.12077762215862131,-11.333333333333334
801740.SI,2018-05-31,-0.08230926779313885,-9.333333333333334
801750.SI,2018-05-31,-0.08289384844906122,-11.333333333333334
801760.SI,2018-05-31,-0.10465087830894959,-18.666666666666668
801770.SI,2018-05-31,-0.1608877987348909,-14.666666666666666
801880.SI,2018-05-31,-0.07309896505291824,-10.0
801890.SI,2018-05-31,-0.0993689207502384,-14.0
801950.SI,2018-05-31,-0.030051616226081324,-25.0
801960.SI,2018-05-31,-0.08322683635430994,-27.0
801970.SI,2018-05-31,-0.09679096794457909,-21.333333333333332
801980.SI,2018-05-31,-0.12443745604413625,-17.666666666666668
801010.SI,2018-06-30,0.00683548816328905,-18.666666666666668
801030.SI,2018-06-30,0.02141080216490998,-14.333333333333334
801040.SI,2018-06-30,0.09654108600173239,-23.333333333333332
801050.SI,2018-06-30,-0.00895115902830279,-24.0
801080.SI,2018-06-30,-0.0051106270444329915,-18.666666666666668
801110.SI,2018-06-30,-0.07000698324022347,-7.333333333333333
801120.SI,2018-06-30,-0.01998607375023176,-11.0
801130.SI,2018-06-30,-0.03401357608606537,-17.666666666666668
801140.SI,2018-06-30,-0.021717190441470358,-16.666666666666668
801150.SI,2018-06-30,-0.06103694594295983,-25.666666666666668
801160.SI,2018-06-30,0.02640716202773974,-12.333333333333334
801170.SI,2018-06-30,-0.018076766026949742,-25.666666666666668
801180.SI,2018-06-30,-0.022423325277499573,-17.0
801200.SI,2018-06-30,-0.013513221160346811,-17.333333333333332
801210.SI,2018-06-30,0.011350170439572427,-12.666666666666666
801230.SI,2018-06-30,0.019012603389225946,-4.0
801710.SI,2018-06-30,0.08835785442966704,-1.6666666666666667
801720.SI,2018-06-30,0.047966430784924574,-9.0
801730.SI,2018-06-30,-0.013656478107831993,-5.666666666666667
801740.SI,2018-06-30,0.04675886256301931,-2.3333333333333335
801750.SI,2018-06-30,-0.014597616818883274,-2.6666666666666665
801760.SI,2018-06-30,-0.02683316710614403,-20.0
801770.SI,2018-06-30,0.009107852273284367,-11.0
801880.SI,2018-06-30,-0.04053374380952168,-16.666666666666668
801890.SI,2018-06-30,-0.0026888661354226295,-6.333333333333333
801950.SI,2018-06-30,-0.0381396530030359,-25.0
801960.SI,2018-06-30,0.04118271271464402,-20.333333333333332
801970.SI,2018-06-30,-0.014057132700414643,-23.666666666666668
801980.SI,2018-06-30,0.007008650522631443,-24.333333333333332
801010.SI,2018-07-31,-0.08780106220923056,-25.0
801030.SI,2018-07-31,-0.06728338983290494,-14.0
801040.SI,2018-07-31,-0.0686834318501528,-19.0
801050.SI,2018-07-31,-0.10485131540798454,-24.0
801080.SI,2018-07-31,-0.07735342684431556,-14.0
801110.SI,2018-07-31,-0.12145036637787032,-17.333333333333332
801120.SI,2018-07-31,-0.10836734928334535,-27.333333333333332
801130.SI,2018-07-31,-0.1086804050945056,-23.0
801140.SI,2018-07-31,-0.08878034402172752,-17.333333333333332
801150.SI,2018-07-31,-0.08071348541667733,-11.666666666666666
801160.SI,2018-07-31,-0.08399466062024574,-5.666666666666667
801170.SI,2018-07-31,-0.07373800800921526,-29.0
801180.SI,2018-07-31,-0.04958232144049046,-12.666666666666666
801200.SI,2018-07-31,-0.06832442864231103,-24.0
801210.SI,2018-07-31,-0.10459922570146629,-23.333333333333332
801230.SI,2018-07-31,-0.08067405089351887,-12.0
801710.SI,2018-07-31,-0.06787706606711141,-1.6666666666666667
801720.SI,2018-07-31,-0.06163599182004087,-19.0
801730.SI,2018-07-31,-0.08658176930253092,-9.333333333333334
801740.SI,2018-07-31,-0.06035656155112834,-3.3333333333333335
801750.SI,2018-07-31,-0.031201540436457065,-7.333333333333333
801760.SI,2018-07-31,-0.10671215375759868,-12.333333333333334
801770.SI,2018-07-31,0.0028335771602989723,-9.333333333333334
801880.SI,2018-07-31,-0.08376082546617758,-9.0
801890.SI,2018-07-31,-0.07882120825261374,-9.333333333333334
801950.SI,2018-07-31,-0.03004500450045,-12.0
801960.SI,2018-07-31,-0.010025109099500495,-21.666666666666668
801970.SI,2018-07-31,-0.13097902125308136,-3.6666666666666665
801980.SI,2018-07-31,-0.1192745863443525,-17.666666666666668
801010.SI,2018-08-31,0.027233666119044653,-25.333333333333332
801030.SI,2018-08-31,-0.008459063363387309,-7.333333333333333
801040.SI,2018-08-31,0.00015253486909916347,-19.0
801050.SI,2018-08-31,0.0014786389480541118,-5.666666666666667
801080.SI,2018-08-31,-0.06794552294480871,-6.666666666666667
801110.SI,2018-08-31,0.00987606927372675,-27.666666666666668
801120.SI,2018-08-31,0.08383162314126258,-25.666666666666668
801130.SI,2018-08-31,-0.014204018624605963,-24.333333333333332
801140.SI,2018-08-31,-0.02033262323187046,-9.0
801150.SI,2018-08-31,-0.00911170288252039,-19.0
801160.SI,2018-08-31,0.019108884208845156,-7.666666666666667
801170.SI,2018-08-31,0.021581118877979533,-29.0
801180.SI,2018-08-31,-0.0016989897898547213,-13.0
801200.SI,2018-08-31,0.003304253159342796,-23.666666666666668
801210.SI,2018-08-31,0.026502002294236826,-24.666666666666668
801230.SI,2018-08-31,-0.02255702240585855,-8.666666666666666
801710.SI,2018-08-31,-0.031237636952291647,-3.6666666666666665
801720.SI,2018-08-31,0.005640064507692832,-14.0
801730.SI,2018-08-31,0.025244968165806903,-15.333333333333334
801740.SI,2018-08-31,0.03520128041491932,-12.333333333333334
801750.SI,2018-08-31,-0.02766949253604767,-8.333333333333334
801760.SI,2018-08-31,-0.014349028729490176,-12.333333333333334
801770.SI,2018-08-31,-0.029549750399844976,-9.0
801880.SI,2018-08-31,0.030051358471486767,-11.666666666666666
801890.SI,2018-08-31,0.004002558536207346,-10.0
801950.SI,2018-08-31,0.03948825498165709,-16.0
801960.SI,2018-08-31,0.06100779619455854,-19.333333333333332
801970.SI,2018-08-31,-0.015103137880960849,-8.0
801980.SI,2018-08-31,-0.03573925734048489,-18.666666666666668
801010.SI,2018-09-30,-0.050685858399458716,-23.333333333333332
801030.SI,2018-09-30,-0.1218949114579152,-11.666666666666666
801040.SI,2018-09-30,-0.04936912272348537,-8.0
801050.SI,2018-09-30,-0.09939008313852316,-22.0
801080.SI,2018-09-30,-0.11942573464921624,-7.0
801110.SI,2018-09-30,-0.10012766766242664,-23.666666666666668
801120.SI,2018-09-30,-0.21849363485144013,-27.0
801130.SI,2018-09-30,-0.10436378611702857,-22.0
801140.SI,2018-09-30,-0.12285791104758947,-12.333333333333334
801150.SI,2018-09-30,-0.1258163120597251,-19.333333333333332
801160.SI,2018-09-30,-0.09180880185302165,-13.666666666666666
801170.SI,2018-09-30,-0.09363738639759533,-29.0
801180.SI,2018-09-30,-0.048320981842090216,-7.333333333333333
801200.SI,2018-09-30,-0.11445270801318519,-18.333333333333332
801210.SI,2018-09-30,-0.15482254391820838,-23.0
801230.SI,2018-09-30,-0.09475613597960875,-7.0
801710.SI,2018-09-30,-0.0982431576490983,-8.0
801720.SI,2018-09-30,-0.07284461087706506,-14.666666666666666
801730.SI,2018-09-30,-0.0975641760348771,-17.0
801740.SI,2018-09-30,-0.11260066736469221,-12.666666666666666
801750.SI,2018-09-30,-0.12546537805323443,-5.333333333333333
801760.SI,2018-09-30,-0.10415371123335715,-13.666666666666666
801770.SI,2018-09-30,-0.11788266669330227,-17.333333333333332
801880.SI,2018-09-30,-0.13139817558508116,-7.0
801890.SI,2018-09-30,-0.09620934969159345,-1.6666666666666667
801950.SI,2018-09-30,-0.02339518883982239,-9.0
801960.SI,2018-09-30,-0.129108944079107,-12.666666666666666
801970.SI,2018-09-30,-0.1328659801367259,-18.333333333333332
801980.SI,2018-09-30,-0.11198736635147433,-23.0
801010.SI,2018-10-31,0.05914506021419785,-15.333333333333334
801030.SI,2018-10-31,-0.003134032106417939,-9.0
801040.SI,2018-10-31,-0.11786664579746431,-13.0
801050.SI,2018-10-31,-0.0007221146640019604,-20.0
801080.SI,2018-10-31,0.03349707964259485,-20.0
801110.SI,2018-10-31,0.022347003230003937,-12.666666666666666
801120.SI,2018-10-31,0.0531884395444433,-11.333333333333334
801130.SI,2018-10-31,0.05227633969118983,-14.666666666666666
801140.SI,2018-10-31,0.049952945605119536,-14.333333333333334
801150.SI,2018-10-31,0.05302999882748072,-23.0
801160.SI,2018-10-31,0.020392647431507926,-19.666666666666668
801170.SI,2018-10-31,0.02482047701475465,-20.0
801180.SI,2018-10-31,0.049694085269466504,-4.333333333333333
801200.SI,2018-10-31,0.031762379909988425,-7.0
801210.SI,2018-10-31,0.04341004750002697,-13.666666666666666
801230.SI,2018-10-31,0.1121537312866201,-14.0
801710.SI,2018-10-31,0.01939001848428834,-3.3333333333333335
801720.SI,2018-10-31,0.026094232809921403,-4.666666666666667
801730.SI,2018-10-31,0.06798064054742992,-20.333333333333332
801740.SI,2018-10-31,0.03778973601217395,-17.0
801750.SI,2018-10-31,0.04470318382407945,-27.666666666666668
801760.SI,2018-10-31,0.04373208977804666,-7.0
801770.SI,2018-10-31,0.07053201909086271,-27.0
801880.SI,2018-10-31,0.029891053800922718,-10.0
801890.SI,2018-10-31,0.04627790238171525,-22.0
801950.SI,2018-10-31,-0.05485846613242329,-17.333333333333332
801960.SI,2018-10-31,-0.06367936472566316,-10.0
801970.SI,2018-10-31,0.05466901824940851,-16.666666666666668
801980.SI,2018-10-31,0.04605650745458889,-20.0
801010.SI,2018-11-30,-0.006109045144882308,-15.666666666666666
801030.SI,2018-11-30,-0.04968648478708915,-10.333333333333334
801040.SI,2018-11-30,-0.0337165872656785,-14.333333333333334
801050.SI,2018-11-30,-0.045100329287871,-14.666666666666666
801080.SI,2018-11-30,-0.06308712900931912,-17.333333333333332
801110.SI,2018-11-30,-0.03414725418654685,-12.666666666666666
801120.SI,2018-11-30,-0.00021887478362503376,-7.666666666666667
801130.SI,2018-11-30,-0.03307996482691289,-15.666666666666666
801140.SI,2018-11-30,-0.03333777222347434,-11.666666666666666
801150.SI,2018-11-30,-0.10908211779312904,-13.0
801160.SI,2018-11-30,-0.0040900227751914375,-16.333333333333332
801170.SI,2018-11-30,-0.03929788039364113,-23.0
801180.SI,2018-11-30,-0.05291824999796868,-8.0
801200.SI,2018-11-30,-0.04387068611339351,-20.0
801210.SI,2018-11-30,0.0005827880497339955,-10.666666666666666
801230.SI,2018-11-30,-0.04341543065535636,-8.333333333333334
801710.SI,2018-11-30,-0.05173031242633608,-7.0
801720.SI,2018-11-30,-0.027672107845593708,-8.333333333333334
801730.SI,2018-11-30,-0.0272101849948041,-25.666666666666668
801740.SI,2018-11-30,-0.058982287250432974,-19.0
801750.SI,2018-11-30,-0.058690515965824974,-28.333333333333332
801760.SI,2018-11-30,-0.043008185538881305,-7.666666666666667
801770.SI,2018-11-30,0.016452743974995743,-26.666666666666668
801880.SI,2018-11-30,-0.013758010344498972,-15.0
801890.SI,2018-11-30,-0.034043465389994254,-18.0
801950.SI,2018-11-30,-0.06288484973532005,-12.666666666666666
801960.SI,2018-11-30,-0.07884403193353673,-7.666666666666667
801970.SI,2018-11-30,-0.03886766568700584,-19.333333333333332
801980.SI,2018-11-30,0.005621465300680084,-20.333333333333332
801010.SI,2018-12-31,0.03523959849280933,-13.0
801030.SI,2018-12-31,0.0042042483585051915,-10.0
801040.SI,2018-12-31,0.03803761528115057,-24.0
801050.SI,2018-12-31,-0.02051451969843865,-19.666666666666668
801080.SI,2018-12-31,0.017566548657542036,-26.666666666666668
801110.SI,2018-12-31,0.1306240313831848,-10.0
801120.SI,2018-12-31,0.09718056455385882,-10.333333333333334
801130.SI,2018-12-31,-0.022216395052360838,-8.333333333333334
801140.SI,2018-12-31,-0.02216335072985931,-6.666666666666667
801150.SI,2018-12-31,-0.025386411729658942,-7.333333333333333
801160.SI,2018-12-31,-0.033799020518180956,-17.666666666666668
801170.SI,2018-12-31,0.01063756439173802,-21.666666666666668
801180.SI,2018-12-31,0.03891635899826418,-6.333333333333333
801200.SI,2018-12-31,0.003162304789783965,-16.666666666666668
801210.SI,2018-12-31,-0.06635146731447661,-7.666666666666667
801230.SI,2018-12-31,-0.04271542084978819,-15.666666666666666
801710.SI,2018-12-31,0.041685688949229194,-6.666666666666667
801720.SI,2018-12-31,-0.015265315684666714,-7.333333333333333
801730.SI,2018-12-31,0.04263814983333747,-20.666666666666668
801740.SI,2018-12-31,0.019737584968722466,-18.0
801750.SI,2018-12-31,0.009054262190136164,-27.0
801760.SI,2018-12-31,-0.03890017463202522,-7.333333333333333
801770.SI,2018-12-31,-0.013491295434916117,-25.666666666666668
801880.SI,2018-12-31,-0.00551086800563394,-14.0
801890.SI,2018-12-31,0.007154330642093143,-27.0
801950.SI,2018-12-31,0.053295720379799016,-17.666666666666668
801960.SI,2018-12-31,0.03318125502768532,-6.666666666666667
801970.SI,2018-12-31,-0.06184428492545557,-15.333333333333334
801980.SI,2018-12-31,-0.033443866453762294,-20.0
801010.SI,2019-01-31,0.21977167902555883,-20.0
801030.SI,2019-01-31,0.1793120172773528,-10.0
801040.SI,2019-01-31,0.15019259429602472,-13.0
801050.SI,2019-01-31,0.2270992207011182,-12.666666666666666
801080.SI,2019-01-31,0.2877051794783718,-7.0
801110.SI,2019-01-31,0.10322283560272227,-14.333333333333334
801120.SI,2019-01-31,0.12600095208191964,-20.333333333333332
801130.SI,2019-01-31,0.15931642463838402,-21.333333333333332
801140.SI,2019-01-31,0.19175625298018972,-25.333333333333332
801150.SI,2019-01-31,0.21497934174653577,-24.666666666666668
801160.SI,2019-01-31,0.15199591426547387,-17.0
801170.SI,2019-01-31,0.15337160232732683,-9.333333333333334
801180.SI,2019-01-31,0.13690504045078056,-4.666666666666667
801200.SI,2019-01-31,0.1766479489736501,-8.0
801210.SI,2019-01-31,0.17595435523438452,-21.666666666666668
801230.SI,2019-01-31,0.2296121873330268,-11.0
801710.SI,2019-01-31,0.15873696963578077,-21.666666666666668
801720.SI,2019-01-31,0.14399025536834986,-22.0
801730.SI,2019-01-31,0.17077446943734476,-21.0
801740.SI,2019-01-31,0.22238954711549108,-13.666666666666666
801750.SI,2019-01-31,0.279818718023612,-12.0
801760.SI,2019-01-31,0.25660517289329743,-23.0
801770.SI,2019-01-31,0.27865826323145493,-1.0
801880.SI,2019-01-31,0.15702613176297398,-20.0
801890.SI,2019-01-31,0.19204658727244106,-15.0
801950.SI,2019-01-31,0.12978325908312982,-9.666666666666666
801960.SI,2019-01-31,0.12861591970811226,-9.666666666666666
801970.SI,2019-01-31,0.22833631325863157,-18.666666666666668
801980.SI,2019-01-31,0.18417066873642396,-7.333333333333333
801010.SI,2019-02-28,0.17539736425201502,-21.666666666666668
801030.SI,2019-02-28,0.09610422866365864,-13.666666666666666
801040.SI,2019-02-28,0.013130322779091541,-17.0
801050.SI,2019-02-28,0.0300724243084296,-22.666666666666668
801080.SI,2019-02-28,0.07653144827849023,-8.666666666666666
801110.SI,2019-02-28,0.07761313796578961,-8.333333333333334
801120.SI,2019-02-28,0.1621849903572148,-4.0
801130.SI,2019-02-28,0.10859058156475165,-20.0
801140.SI,2019-02-28,0.1402421558508875,-8.666666666666666
801150.SI,2019-02-28,0.11026481831693768,-23.333333333333332
801160.SI,2019-02-28,0.058329162197592765,-16.333333333333332
801170.SI,2019-02-28,0.07644663016291497,-19.666666666666668
801180.SI,2019-02-28,0.11857409882425873,-24.0
801200.SI,2019-02-28,0.08162951881756353,-9.0
801210.SI,2019-02-28,0.12417050695594223,-14.0
801230.SI,2019-02-28,0.13963347161097683,-17.0
801710.SI,2019-02-28,0.11337893177659675,-6.0
801720.SI,2019-02-28,0.049969013721306466,-23.0
801730.SI,2019-02-28,0.07486616000898505,-18.0
801740.SI,2019-02-28,0.10793159048499001,-13.0
801750.SI,2019-02-28,0.1496025698600958,-9.666666666666666
801760.SI,2019-02-28,0.0598598303209148,-14.333333333333334
801770.SI,2019-02-28,0.05643870648407856,-3.6666666666666665
801880.SI,2019-02-28,0.03894848010586438,-24.0
801890.SI,2019-02-28,0.09378740933737073,-20.0
801950.SI,2019-02-28,0.027677879667426186,-6.333333333333333
801960.SI,2019-02-28,0.05106526544773371,-14.666666666666666
801970.SI,2019-02-28,0.062224251410386344,-24.666666666666668
801980.SI,2019-02-28,0.11653497073255115,-9.666666666666666
801010.SI,2019-03-31,0.05821731145210007,-25.333333333333332
801030.SI,2019-03-31,-0.013960518351497808,-10.333333333333334
801040.SI,2019-03-31,-0.053533206831119506,-8.333333333333334
801050.SI,2019-03-31,-0.0637910526663582,-12.666666666666666
801080.SI,2019-03-31,-0.055472959100595465,-25.333333333333332
801110.SI,2019-03-31,0.05268949738098838,-9.333333333333334
801120.SI,2019-03-31,0.06350158473392353,-17.0
801130.SI,2019-03-31,-0.05664205577186898,-24.0
801140.SI,2019-03-31,-0.06697343551872914,-12.666666666666666
801150.SI,2019-03-31,-0.019073899477541567,-24.666666666666668
801160.SI,2019-03-31,-0.032984852101922923,-5.333333333333333
801170.SI,2019-03-31,0.009729886726691728,-9.0
801180.SI,2019-03-31,-0.03965245925768801,-5.0
801200.SI,2019-03-31,-0.015121675453242722,-10.666666666666666
801210.SI,2019-03-31,-0.013099050654700628,-17.0
801230.SI,2019-03-31,-0.05190958828797665,-17.333333333333332
801710.SI,2019-03-31,-0.02838808131003867,-9.0
801720.SI,2019-03-31,-0.04996771548428747,-5.666666666666667
801730.SI,2019-03-31,-0.05081937950070958,-25.666666666666668
801740.SI,2019-03-31,-0.07316714223810183,-18.666666666666668
801750.SI,2019-03-31,-0.07320660468988494,-16.333333333333332
801760.SI,2019-03-31,-0.07640049003229754,-25.666666666666668
801770.SI,2019-03-31,-0.022988954525755223,-13.333333333333334
801880.SI,2019-03-31,0.01933571743496798,-14.666666666666666
801890.SI,2019-03-31,-0.04706147445337716,-18.666666666666668
801950.SI,2019-03-31,0.0416054821341163,-7.0
801960.SI,2019-03-31,-0.002611028601542831,-2.0
801970.SI,2019-03-31,-0.047820887646235155,-27.333333333333332
801980.SI,2019-03-31,-0.061559189646984036,-17.0
801010.SI,2019-04-30,-0.017263242757527997,-22.0
801030.SI,2019-04-30,-0.09174812522660614,-19.0
801040.SI,2019-04-30,-0.07544287352542567,-28.666666666666668
801050.SI,2019-04-30,0.022639605015651654,-18.333333333333332
801080.SI,2019-04-30,-0.08366469660116849,-13.666666666666666
801110.SI,2019-04-30,-0.06314007532940569,-20.0
801120.SI,2019-04-30,-0.04343478450722671,-22.666666666666668
801130.SI,2019-04-30,-0.06812844442561927,-17.0
801140.SI,2019-04-30,-0.07448608914910892,-25.333333333333332
801150.SI,2019-04-30,-0.07589268527110793,-21.333333333333332
801160.SI,2019-04-30,-0.046099455954687785,-2.6666666666666665
801170.SI,2019-04-30,-0.06982403084804933,-13.0
801180.SI,2019-04-30,-0.07454188924200422,-3.3333333333333335
801200.SI,2019-04-30,-0.08771264723785521,-8.333333333333334
801210.SI,2019-04-30,-0.05811834333623178,-16.0
801230.SI,2019-04-30,-0.06322075589932563,-19.0
801710.SI,2019-04-30,-0.0404388209752472,-7.666666666666667
801720.SI,2019-04-30,-0.08590287246329675,-5.666666666666667
801730.SI,2019-04-30,-0.058315196077307285,-8.666666666666666
801740.SI,2019-04-30,-0.01566690190543396,-9.333333333333334
801750.SI,2019-04-30,-0.05641225259753868,-13.333333333333334
801760.SI,2019-04-30,-0.09141746050886301,-24.333333333333332
801770.SI,2019-04-30,-0.08837692568985156,-14.333333333333334
801880.SI,2019-04-30,-0.10481696679594565,-9.0
801890.SI,2019-04-30,-0.05659755943081535,-5.333333333333333
801950.SI,2019-04-30,-0.08095130066545664,-19.0
801960.SI,2019-04-30,-0.0709128899776641,-23.333333333333332
801970.SI,2019-04-30,-0.0880515231693364,-11.666666666666666
801980.SI,2019-04-30,-0.04751520417028676,-13.0
801010.SI,2019-05-31,-0.08030968535830874,-22.0
801030.SI,2019-05-31,-0.005304159140583908,-8.666666666666666
801040.SI,2019-05-31,-0.007685001669709646,-18.0
801050.SI,2019-05-31,0.01950525937991765,-15.666666666666666
801080.SI,2019-05-31,0.032155024682723576,-26.666666666666668
801110.SI,2019-05-31,0.03969926048158512,-17.666666666666668
801120.SI,2019-05-31,0.10231455486929941,-22.333333333333332
801130.SI,2019-05-31,-0.010833059771217957,-17.666666666666668
801140.SI,2019-05-31,-0.005337987911027353,-18.666666666666668
801150.SI,2019-05-31,0.018458713909328406,-22.666666666666668
801160.SI,2019-05-31,0.021382775610256255,-7.0
801170.SI,2019-05-31,0.02484767946242772,-7.333333333333333
801180.SI,2019-05-31,0.009033166259942771,-6.0
801200.SI,2019-05-31,0.021251938778496404,-12.333333333333334
801210.SI,2019-05-31,0.08223533854011422,-16.333333333333332
801230.SI,2019-05-31,0.0010333518038727618,-14.666666666666666
801710.SI,2019-05-31,0.033276038695818855,-13.333333333333334
801720.SI,2019-05-31,0.014012872502018325,-9.666666666666666
801730.SI,2019-05-31,-0.013667803214807539,-12.333333333333334
801740.SI,2019-05-31,-0.0006183682248349642,-21.666666666666668
801750.SI,2019-05-31,0.02264755204811708,-16.666666666666668
801760.SI,2019-05-31,0.0034672108030990856,-15.0
801770.SI,2019-05-31,0.03531913028230771,-15.666666666666666
801880.SI,2019-05-31,0.008643506364519604,-8.666666666666666
801890.SI,2019-05-31,0.019755981846338422,-11.0
801950.SI,2019-05-31,0.010296857460226017,-21.666666666666668
801960.SI,2019-05-31,-0.002874543743731306,-7.0
801970.SI,2019-05-31,0.08225717128252374,-19.333333333333332
801980.SI,2019-05-31,0.03717926498891733,-9.333333333333334
801010.SI,2019-06-30,0.0730661066924354,-16.333333333333332
801030.SI,2019-06-30,-0.0013668856067740043,-12.666666666666666
801040.SI,2019-06-30,-0.053486125861534006,-24.0
801050.SI,2019-06-30,-0.05644506126870219,-18.333333333333332
801080.SI,2019-06-30,0.06997404552929276,-26.333333333333332
801110.SI,2019-06-30,0.009354415052569953,-9.333333333333334
801120.SI,2019-06-30,-0.0273049532804458,-22.333333333333332
801130.SI,2019-06-30,-0.03681711426529144,-16.333333333333332
801140.SI,2019-06-30,-0.027083865277036323,-20.333333333333332
801150.SI,2019-06-30,-0.0014161928391985823,-23.666666666666668
801160.SI,2019-06-30,-0.024343835158005422,-4.333333333333333
801170.SI,2019-06-30,-0.012024759015511144,-3.3333333333333335
801180.SI,2019-06-30,-0.015008194406563202,-9.666666666666666
801200.SI,2019-06-30,-0.04308082023772675,-16.333333333333332
801210.SI,2019-06-30,0.010552112008306747,-12.666666666666666
801230.SI,2019-06-30,-0.032190339407358604,-3.6666666666666665
801710.SI,2019-06-30,-0.036932688863697605,-18.333333333333332
801720.SI,2019-06-30,-0.025825577263055566,-6.666666666666667
801730.SI,2019-06-30,0.0064001896352485765,-22.333333333333332
801740.SI,2019-06-30,0.04998430704389545,-20.0
801750.SI,2019-06-30,-0.013502901321646998,-16.0
801760.SI,2019-06-30,-0.026633381827800617,-7.0
801770.SI,2019-06-30,-0.03812818352337455,-24.0
801880.SI,2019-06-30,-0.010325904714254541,-5.666666666666667
801890.SI,2019-06-30,-0.0039940308988763995,-13.666666666666666
801950.SI,2019-06-30,-0.01876661566832072,-19.0
801960.SI,2019-06-30,-0.04741634087915969,-8.666666666666666
801970.SI,2019-06-30,-0.07240509539141493,-19.0
801980.SI,2019-06-30,0.006378235288944545,-15.0
801010.SI,2019-07-31,0.0082519634131204,-8.0
801030.SI,2019-07-31,-0.02963914962020997,-24.666666666666668
801040.SI,2019-07-31,-0.05716422941418209,-13.333333333333334
801050.SI,2019-07-31,0.021370786919944873,-10.0
801080.SI,2019-07-31,0.043762776642076284,-22.666666666666668
801110.SI,2019-07-31,-0.017530193709728303,-16.666666666666668
801120.SI,2019-07-31,0.08993278208922595,-20.0
801130.SI,2019-07-31,-0.012276767965904933,-4.666666666666667
801140.SI,2019-07-31,-0.015841886520558623,-2.0
801150.SI,2019-07-31,0.066454878174532,-9.666666666666666
801160.SI,2019-07-31,-0.024034927821715235,-12.333333333333334
801170.SI,2019-07-31,-0.032683299283930545,-9.333333333333334
801180.SI,2019-07-31,-0.06717407232245898,-8.333333333333334
801200.SI,2019-07-31,-0.014406865945175484,-24.333333333333332
801210.SI,2019-07-31,0.019537522218624703,-13.333333333333334
801230.SI,2019-07-31,-0.01153701480386049,-17.333333333333332
801710.SI,2019-07-31,-0.0350670015144835,-9.0
801720.SI,2019-07-31,-0.056913159523083845,-7.333333333333333
801730.SI,2019-07-31,-0.01401442661563379,-6.333333333333333
801740.SI,2019-07-31,0.045589252619801846,-21.0
801750.SI,2019-07-31,0.03136054586367942,-20.666666666666668
801760.SI,2019-07-31,0.0033629430847359476,-21.0
801770.SI,2019-07-31,-0.05314475375486416,-28.666666666666668
801880.SI,2019-07-31,-0.01570424391057179,-25.666666666666668
801890.SI,2019-07-31,-0.046252148239545265,-18.333333333333332
801950.SI,2019-07-31,-0.05140062249888844,-9.666666666666666
801960.SI,2019-07-31,-0.04815453867549169,-17.666666666666668
801970.SI,2019-07-31,-0.042628809107685184,-22.666666666666668
801980.SI,2019-07-31,0.02984735509438985,-10.333333333333334
801010.SI,2019-08-31,-0.08530524845271692,-2.3333333333333335
801030.SI,2019-08-31,0.018271730483774506,-14.333333333333334
801040.SI,2019-08-31,-0.0033841196146707775,-19.666666666666668
801050.SI,2019-08-31,-0.0350506845754508,-14.333333333333334
801080.SI,2019-08-31,0.07625930932689018,-23.666666666666668
801110.SI,2019-08-31,0.0022028740714929995,-21.333333333333332
801120.SI,2019-08-31,-0.022492267448938508,-15.0
801130.SI,2019-08-31,0.007271927141193624,-10.666666666666666
801140.SI,2019-08-31,0.0008581776573204358,-19.333333333333332
801150.SI,2019-08-31,-0.001259627674722097,-19.666666666666668
801160.SI,2019-08-31,-0.011070777665647458,-8.0
801170.SI,2019-08-31,-0.007116769635116316,-6.0
801180.SI,2019-08-31,0.012871838518845324,-18.666666666666668
801200.SI,2019-08-31,-0.011992331227763109,-24.333333333333332
801210.SI,2019-08-31,-0.013931218860128713,-10.666666666666666
801230.SI,2019-08-31,0.0025386796780517695,-21.0
801710.SI,2019-08-31,0.028481855135117806,-6.0
801720.SI,2019-08-31,0.004886575626857459,-3.6666666666666665
801730.SI,2019-08-31,0.014206157245662876,-16.0
801740.SI,2019-08-31,-0.06933927973404552,-4.333333333333333
801750.SI,2019-08-31,0.03593188051171725,-23.0
801760.SI,2019-08-31,0.020499365213711318,-20.333333333333332
801770.SI,2019-08-31,0.05474223497087394,-26.333333333333332
801880.SI,2019-08-31,-0.016156969024735512,-16.333333333333332
801890.SI,2019-08-31,0.029745788554478292,-13.666666666666666
801950.SI,2019-08-31,-0.007568513483953598,-4.0
801960.SI,2019-08-31,0.026035888697004683,-22.0
801970.SI,2019-08-31,-0.011973116579808929,-25.666666666666668
801980.SI,2019-08-31,0.005782885120844572,-4.666666666666667
801010.SI,2019-09-30,0.1259784115697462,-1.0
801030.SI,2019-09-30,-0.009330326581564852,-23.0
801040.SI,2019-09-30,-0.023680822415945157,-12.333333333333334
801050.SI,2019-09-30,-0.04931148829912302,-23.333333333333332
801080.SI,2019-09-30,0.0017934026518622304,-18.0
801110.SI,2019-09-30,0.04803849207927646,-13.666666666666666
801120.SI,2019-09-30,0.016584859040020383,-5.0
801130.SI,2019-09-30,-0.01708686756745248,-23.666666666666668
801140.SI,2019-09-30,0.023678958280853202,-15.666666666666666
801150.SI,2019-09-30,0.046662352095528714,-8.333333333333334
801160.SI,2019-09-30,-0.0009189309938670842,-13.0
801170.SI,2019-09-30,-0.01017584268697247,-6.333333333333333
801180.SI,2019-09-30,0.020117953399589217,-14.0
801200.SI,2019-09-30,-0.008447629005474022,-18.333333333333332
801210.SI,2019-09-30,-0.01914137405784322,-18.0
801230.SI,2019-09-30,0.008829080850045967,-15.0
801710.SI,2019-09-30,0.013792463983124614,-6.0
801720.SI,2019-09-30,-0.018710623638728996,-5.333333333333333
801730.SI,2019-09-30,-0.02652995630273547,-24.0
801740.SI,2019-09-30,-0.04787691551545592,-11.666666666666666
801750.SI,2019-09-30,0.011420690404853717,-15.666666666666666
801760.SI,2019-09-30,0.020900374879739836,-18.333333333333332
801770.SI,2019-09-30,-0.019283831554078423,-23.333333333333332
801880.SI,2019-09-30,-0.014550705320448665,-25.333333333333332
801890.SI,2019-09-30,-0.020846046161024923,-17.666666666666668
801950.SI,2019-09-30,-0.028048918724888794,-3.3333333333333335
801960.SI,2019-09-30,0.009301833057455244,-16.666666666666668
801970.SI,2019-09-30,-0.0014657459304905363,-21.333333333333332
801980.SI,2019-09-30,0.024409586663207472,-17.666666666666668
801010.SI,2019-10-31,-0.09573178866850485,-11.333333333333334
801030.SI,2019-10-31,-0.002337274859458671,-17.333333333333332
801040.SI,2019-10-31,0.022845897150680194,-20.666666666666668
801050.SI,2019-10-31,0.00930789965387313,-16.666666666666668
801080.SI,2019-10-31,0.035991417608382203,-16.666666666666668
801110.SI,2019-10-31,-0.012677871849333111,-15.333333333333334
801120.SI,2019-10-31,-0.025714233303109513,-15.0
801130.SI,2019-10-31,-0.04537052596202318,-15.333333333333334
801140.SI,2019-10-31,-0.015687406538075543,-12.0
801150.SI,2019-10-31,-0.026464137330702853,-25.666666666666668
801160.SI,2019-10-31,-0.020113117228272137,-21.0
801170.SI,2019-10-31,-0.026803855170617452,-18.333333333333332
801180.SI,2019-10-31,-0.011888145667919958,-27.0
801200.SI,2019-10-31,-0.04072784113288641,-8.0
801210.SI,2019-10-31,-0.044744089739466086,-9.666666666666666
801230.SI,2019-10-31,-0.00787559853002573,-15.0
801710.SI,2019-10-31,0.0526033985373866,-12.666666666666666
801720.SI,2019-10-31,-0.01427074695492847,-4.0
801730.SI,2019-10-31,0.01612293454043212,-4.0
801740.SI,2019-10-31,-0.01736677636127315,-20.666666666666668
801750.SI,2019-10-31,-0.028640200622467193,-21.0
801760.SI,2019-10-31,-0.011568582848601072,-18.0
801770.SI,2019-10-31,-0.042485584204872695,-5.333333333333333
801880.SI,2019-10-31,0.01843440036068511,-5.333333333333333
801890.SI,2019-10-31,-0.012913218406606086,-17.333333333333332
801950.SI,2019-10-31,-0.013133341972269008,-20.666666666666668
801960.SI,2019-10-31,-0.005058090736405063,-20.666666666666668
801970.SI,2019-10-31,-0.03341534263001755,-12.0
801980.SI,2019-10-31,-0.05938355741316481,-8.333333333333334
801010.SI,2019-11-30,0.016831932721449228,-13.0
801030.SI,2019-11-30,0.10150424954571013,-18.0
801040.SI,2019-11-30,0.04951333051206097,-25.333333333333332
801050.SI,2019-11-30,0.15246180867731107,-12.0
801080.SI,2019-11-30,0.10540476152661094,-16.0
801110.SI,2019-11-30,0.10758594375108554,-13.666666666666666
801120.SI,2019-11-30,0.04601040115873256,-19.333333333333332
801130.SI,2019-11-30,0.08994327441216066,-9.666666666666666
801140.SI,2019-11-30,0.08223037389243326,-6.666666666666667
801150.SI,2019-11-30,0.040323661745623296,-19.0
801160.SI,2019-11-30,0.027418075082067617,-22.333333333333332
801170.SI,2019-11-30,0.06238680263733154,-3.3333333333333335
801180.SI,2019-11-30,0.10439539233823147,-27.333333333333332
801200.SI,2019-11-30,0.04782396435834335,-15.0
801210.SI,2019-11-30,0.08231749555872403,-2.3333333333333335
801230.SI,2019-11-30,0.10169931788309983,-12.333333333333334
801710.SI,2019-11-30,0.14377078351474704,-26.0
801720.SI,2019-11-30,0.052358236322330054,-4.666666666666667
801730.SI,2019-11-30,0.0800722292086784,-6.333333333333333
801740.SI,2019-11-30,0.05666094428653179,-18.333333333333332
801750.SI,2019-11-30,0.07681775118194456,-25.0
801760.SI,2019-11-30,0.11804254199953967,-14.666666666666666
801770.SI,2019-11-30,0.08224514893497159,-7.0
801880.SI,2019-11-30,0.0828781867180195,-2.0
801890.SI,2019-11-30,0.08871536804575508,-11.0
801950.SI,2019-11-30,0.0581696900461548,-24.0
801960.SI,2019-11-30,0.05041070041070039,-21.0
801970.SI,2019-11-30,0.03162949376767976,-11.666666666666666
801980.SI,2019-11-30,0.06142086645886602,-28.0
801010.SI,2019-12-31,-0.04006529427768202,-14.0
801030.SI,2019-12-31,-0.0014684613705886473,-21.0
801040.SI,2019-12-31,-0.06115903975994008,-10.333333333333334
801050.SI,2019-12-31,-0.008420096314315173,-14.333333333333334
801080.SI,2019-12-31,0.13541169776837791,-18.0
801110.SI,2019-12-31,-0.026310377096551818,-14.666666666666666
801120.SI,2019-12-31,-0.058685391683798604,-17.666666666666668
801130.SI,2019-12-31,-0.018551609525347512,-12.0
801140.SI,2019-12-31,-0.004220252770929078,-8.333333333333334
801150.SI,2019-12-31,0.0467287615020362,-23.333333333333332
801160.SI,2019-12-31,-0.036216156191322235,-19.666666666666668
801170.SI,2019-12-31,-0.06629407392788611,-2.3333333333333335
801180.SI,2019-12-31,-0.06589924772441891,-27.666666666666668
801200.SI,2019-12-31,-0.03233331173459464,-15.0
801210.SI,2019-12-31,-0.0869680049517303,-2.6666666666666665
801230.SI,2019-12-31,0.01975809303751208,-18.333333333333332
801710.SI,2019-12-31,-0.058900707929026686,-24.666666666666668
801720.SI,2019-12-31,-0.02695406177750337,-6.0
801730.SI,2019-12-31,0.05357762095153662,-23.333333333333332
801740.SI,2019-12-31,0.0316497838226546,-22.0
801750.SI,2019-12-31,0.07733589642594163,-12.333333333333334
801760.SI,2019-12-31,0.02571491582739105,-18.0
801770.SI,2019-12-31,0.014650775476215294,-6.666666666666667
801880.SI,2019-12-31,0.019771268549936494,-3.3333333333333335
801890.SI,2019-12-31,-0.012041719612140511,-16.666666666666668
801950.SI,2019-12-31,-0.05800599355971536,-20.333333333333332
801960.SI,2019-12-31,-0.025800077141332478,-18.666666666666668
801970.SI,2019-12-31,0.008837677012709655,-15.333333333333334
801980.SI,2019-12-31,0.010263802618228679,-8.333333333333334
801010.SI,2020-01-31,0.0824925367494238,-5.333333333333333
801030.SI,2020-01-31,-0.0016002726390422772,-15.0
801040.SI,2020-01-31,-0.04512175632753346,-22.666666666666668
801050.SI,2020-01-31,-0.024439066654715957,-15.666666666666666
801080.SI,2020-01-31,0.054112537678331574,-18.0
801110.SI,2020-01-31,-0.031509909224846755,-4.666666666666667
801120.SI,2020-01-31,-0.02401867952580017,-17.0
801130.SI,2020-01-31,0.023159403365359044,-21.0
801140.SI,2020-01-31,-0.02053489772701933,-7.333333333333333
801150.SI,2020-01-31,0.02340718996588853,-6.333333333333333
801160.SI,2020-01-31,-0.02711308728874362,-26.333333333333332
801170.SI,2020-01-31,-0.059987497920067745,-26.666666666666668
801180.SI,2020-01-31,-0.019329334447368063,-19.0
801200.SI,2020-01-31,-0.03684146753652573,-12.0
801210.SI,2020-01-31,-0.03109577007373754,-16.333333333333332
801230.SI,2020-01-31,0.031828165822755494,-12.333333333333334
801710.SI,2020-01-31,0.07158773483208791,-19.333333333333332
801720.SI,2020-01-31,-0.017006099960645393,-20.666666666666668
801730.SI,2020-01-31,0.016738125390988845,-12.0
801740.SI,2020-01-31,0.008536711300815902,-7.0
801750.SI,2020-01-31,0.1061495695162249,-7.0
801760.SI,2020-01-31,0.01796055272060082,-17.666666666666668
801770.SI,2020-01-31,0.11077342634625098,-17.0
801880.SI,2020-01-31,0.017493748653267138,-8.333333333333334
801890.SI,2020-01-31,0.011636037186979475,-12.0
801950.SI,2020-01-31,-0.05309437243123605,-21.0
801960.SI,2020-01-31,-0.06721987200347113,-23.0
801970.SI,2020-01-31,0.012475016569986952,-17.666666666666668
801980.SI,2020-01-31,0.019710748440960435,-6.666666666666667
801010.SI,2020-02-29,0.11299716074379207,-6.0
801030.SI,2020-02-29,-0.08469809514622173,-15.0
801040.SI,2020-02-29,-0.0187446718374904,-24.666666666666668
801050.SI,2020-02-29,-0.10553735066031034,-22.0
801080.SI,2020-02-29,-0.20437596938310032,-9.666666666666666
801110.SI,2020-02-29,-0.10851708269266425,-2.0
801120.SI,2020-02-29,0.04261192478939657,-12.666666666666666
801130.SI,2020-02-29,-0.04019133294942234,-21.0
801140.SI,2020-02-29,-0.05349074478938931,-12.666666666666666
801150.SI,2020-02-29,0.011841167883211545,-5.0
801160.SI,2020-02-29,-0.015998794168945563,-27.333333333333332
801170.SI,2020-02-29,-0.03072374464176353,-20.0
801180.SI,2020-02-29,-0.062350741998245085,-20.0
801200.SI,2020-02-29,0.05379063762166458,-11.333333333333334
801210.SI,2020-02-29,-0.09656332022499692,-14.0
801230.SI,2020-02-29,-0.07340300621140283,-8.666666666666666
801710.SI,2020-02-29,0.0062994844592314525,-23.666666666666668
801720.SI,2020-02-29,0.0056900356815781095,-24.333333333333332
801730.SI,2020-02-29,-0.0805549124025623,-11.0
801740.SI,2020-02-29,-0.08440561111300737,-4.0
801750.SI,2020-02-29,-0.12811190368838843,-6.666666666666667
801760.SI,2020-02-29,-0.10828393201627773,-17.333333333333332
801770.SI,2020-02-29,-0.07935396231061986,-20.333333333333332
801880.SI,2020-02-29,-0.10123960836846457,-8.333333333333334
801890.SI,2020-02-29,-0.06749434702845691,-16.666666666666668
801950.SI,2020-02-29,-0.04857299861577746,-25.666666666666668
801960.SI,2020-02-29,-0.08012861511983527,-23.0
801970.SI,2020-02-29,-0.04086127364163672,-12.0
801980.SI,2020-02-29,0.02172594441697484,-10.0
801010.SI,2020-03-31,-0.00315738574733071,-14.333333333333334
801030.SI,2020-03-31,0.047293408027759165,-5.666666666666667
801040.SI,2020-03-31,0.02805182899204217,-27.666666666666668
801050.SI,2020-03-31,0.01970996188113916,-21.0
801080.SI,2020-03-31,0.11424079377389651,-10.333333333333334
801110.SI,2020-03-31,0.07653987238512605,-13.333333333333334
801120.SI,2020-03-31,0.08661923055240117,-6.0
801130.SI,2020-03-31,-0.05234965352475052,-16.0
801140.SI,2020-03-31,0.007117146596858692,-13.0
801150.SI,2020-03-31,0.05433009883551154,-15.666666666666666
801160.SI,2020-03-31,0.01914197557880004,-19.666666666666668
801170.SI,2020-03-31,0.03922962260984586,-14.333333333333334
801180.SI,2020-03-31,0.042294245129231633,-12.333333333333334
801200.SI,2020-03-31,0.00543184588511747,-8.333333333333334
801210.SI,2020-03-31,0.21710191528313638,-12.333333333333334
801230.SI,2020-03-31,0.025880372801183826,-14.0
801710.SI,2020-03-31,0.08592362240704676,-19.333333333333332
801720.SI,2020-03-31,0.004901472929936368,-22.333333333333332
801730.SI,2020-03-31,0.10000769451381153,-13.666666666666666
801740.SI,2020-03-31,0.07384626854544107,-10.333333333333334
801750.SI,2020-03-31,0.0755829525273295,-12.666666666666666
801760.SI,2020-03-31,0.05558450581900298,-16.666666666666668
801770.SI,2020-03-31,0.01854622972747033,-11.0
801880.SI,2020-03-31,0.011732053273714182,-13.0
801890.SI,2020-03-31,0.049311433408061545,-24.333333333333332
801950.SI,2020-03-31,2.9244041526599318e-05,-23.666666666666668
801960.SI,2020-03-31,0.008754464144622665,-18.0
801970.SI,2020-03-31,0.04024761249702391,-14.666666666666666
801980.SI,2020-03-31,0.09464844806169359,-11.333333333333334
801010.SI,2020-04-30,-0.04383474004095578,-6.0
801030.SI,2020-04-30,0.010806584585134837,-8.0
801040.SI,2020-04-30,-0.016803193695561935,-9.333333333333334
801050.SI,2020-04-30,0.041198613655271776,-6.0
801080.SI,2020-04-30,-0.015388531995796817,-6.0
801110.SI,2020-04-30,0.061418409899212545,-21.333333333333332
801120.SI,2020-04-30,0.090723237518892,-17.0
801130.SI,2020-04-30,-0.004580170088009927,-24.333333333333332
801140.SI,2020-04-30,0.06209176871950972,-8.333333333333334
801150.SI,2020-04-30,0.0502430319882643,-16.333333333333332
801160.SI,2020-04-30,-0.02135368858398956,-27.666666666666668
801170.SI,2020-04-30,0.002194253146520886,-22.0
801180.SI,2020-04-30,-0.030954636299287963,-19.666666666666668
801200.SI,2020-04-30,0.07245412249208694,-16.333333333333332
801210.SI,2020-04-30,0.06663868191835443,-21.333333333333332
801230.SI,2020-04-30,0.0061006081750034635,-19.0
801710.SI,2020-04-30,-0.016152427675268255,-17.666666666666668
801720.SI,2020-04-30,-0.03723290995072914,-13.666666666666666
801730.SI,2020-04-30,-0.007351070865340703,-8.0
801740.SI,2020-04-30,0.004339223105495282,-15.0
801750.SI,2020-04-30,-0.022566371681415953,-19.333333333333332
801760.SI,2020-04-30,0.023830538393645018,-13.333333333333334
801770.SI,2020-04-30,-0.05853650529184118,-14.666666666666666
801880.SI,2020-04-30,-0.001995856634124493,-8.0
801890.SI,2020-04-30,0.011388806529814888,-7.0
801950.SI,2020-04-30,0.0011404842671658422,-23.0
801960.SI,2020-04-30,-0.03625540447396458,-8.333333333333334
801970.SI,2020-04-30,-0.024647529143694058,-15.666666666666666
801980.SI,2020-04-30,0.16822384741776464,-22.666666666666668
801010.SI,2020-05-31,0.06118699423312646,-7.333333333333333
801030.SI,2020-05-31,0.06464792669431318,-9.0
801040.SI,2020-05-31,0.011632628309577564,-20.0
801050.SI,2020-05-31,0.0466917007660721,-10.333333333333334
801080.SI,2020-05-31,0.19160564867942598,-7.0
801110.SI,2020-05-31,0.024046631999550483,-20.333333333333332
801120.SI,2020-05-31,0.08590427610232187,-18.333333333333332
801130.SI,2020-05-31,0.03456376992631127,-21.0
801140.SI,2020-05-31,0.03495559694442196,-6.0
801150.SI,2020-05-31,0.1687925741774423,-15.0
801160.SI,2020-05-31,0.02605409378376744,-28.333333333333332
801170.SI,2020-05-31,0.014174549314731166,-23.0
801180.SI,2020-05-31,0.04641532640308088,-17.0
801200.SI,2020-05-31,0.09071600262218671,-12.333333333333334
801210.SI,2020-05-31,0.253584078259403,-21.666666666666668
801230.SI,2020-05-31,0.06933796929767033,-20.0
801710.SI,2020-05-31,-0.01119322917655019,-19.333333333333332
801720.SI,2020-05-31,-0.008260212111548815,-12.666666666666666
801730.SI,2020-05-31,0.10746316463805261,-9.0
801740.SI,2020-05-31,0.02954341213880829,-20.333333333333332
801750.SI,2020-05-31,0.1145726161570435,-10.333333333333334
801760.SI,2020-05-31,0.16563413208649913,-10.0
801770.SI,2020-05-31,0.07804701564427452,-16.333333333333332
801880.SI,2020-05-31,0.06460024747101967,-8.0
801890.SI,2020-05-31,0.061984824969822494,-5.0
801950.SI,2020-05-31,-0.0044325982181978585,-17.666666666666668
801960.SI,2020-05-31,0.010617409170112557,-6.666666666666667
801970.SI,2020-05-31,0.015482410854895878,-20.333333333333332
801980.SI,2020-05-31,0.12149584258352752,-22.666666666666668
801010.SI,2020-06-30,0.16230470667886343,-3.0
801030.SI,2020-06-30,0.18227855385633496,-4.0
801040.SI,2020-06-30,0.05694701451692774,-20.333333333333332
801050.SI,2020-06-30,0.20294950311005522,-8.666666666666666
801080.SI,2020-06-30,0.10812694909894205,-6.0
801110.SI,2020-06-30,0.10837771865542511,-24.333333333333332
801120.SI,2020-06-30,0.17286250878024578,-16.333333333333332
801130.SI,2020-06-30,0.05764054278593189,-20.0
801140.SI,2020-06-30,0.15287413280475715,-12.333333333333334
801150.SI,2020-06-30,0.15620086561246138,-10.666666666666666
801160.SI,2020-06-30,0.09197970737131334,-27.666666666666668
801170.SI,2020-06-30,0.08298949080153073,-25.666666666666668
801180.SI,2020-06-30,0.07537577535344808,-19.0
801200.SI,2020-06-30,0.10887619169731888,-11.333333333333334
801210.SI,2020-06-30,0.4138692678551408,-21.0
801230.SI,2020-06-30,0.12005205936871421,-11.666666666666666
801710.SI,2020-06-30,0.23918900365964002,-12.0
801720.SI,2020-06-30,0.10771704180064301,-12.333333333333334
801730.SI,2020-06-30,0.2115806218365872,-20.333333333333332
801740.SI,2020-06-30,0.27795915969348783,-16.666666666666668
801750.SI,2020-06-30,0.06444562834179934,-10.0
801760.SI,2020-06-30,0.07448355395106288,-12.0
801770.SI,2020-06-30,0.0327998770813287,-20.333333333333332
801880.SI,2020-06-30,0.1421973568506505,-10.333333333333334
801890.SI,2020-06-30,0.12558354780829584,-9.0
801950.SI,2020-06-30,0.12742329443348277,-23.666666666666668
801960.SI,2020-06-30,0.12838642022169755,-2.3333333333333335
801970.SI,2020-06-30,0.11126402547051129,-23.666666666666668
801980.SI,2020-06-30,0.07610780504598424,-20.333333333333332
801010.SI,2020-07-31,0.05015885155550026,-20.666666666666668
801030.SI,2020-07-31,0.040956327042188434,-10.666666666666666
801040.SI,2020-07-31,0.02002761749765747,-18.333333333333332
801050.SI,2020-07-31,-0.010330049345194436,-10.333333333333334
801080.SI,2020-07-31,-0.013417212611054996,-8.333333333333334
801110.SI,2020-07-31,0.006443010306458552,-11.333333333333334
801120.SI,2020-07-31,0.12040826126159776,-22.333333333333332
801130.SI,2020-07-31,0.022601947035196357,-8.666666666666666
801140.SI,2020-07-31,0.047952462286168895,-14.333333333333334
801150.SI,2020-07-31,-0.027681337948046725,-13.0
801160.SI,2020-07-31,0.03088084829318194,-15.666666666666666
801170.SI,2020-07-31,0.053097345132743445,-25.333333333333332
801180.SI,2020-07-31,0.016344813761240307,-18.0
801200.SI,2020-07-31,-0.0515296781653497,-24.0
801210.SI,2020-07-31,-0.08815456853172055,-13.666666666666666
801230.SI,2020-07-31,0.02199556332820829,-8.0
801710.SI,2020-07-31,0.019307539911819438,-6.0
801720.SI,2020-07-31,0.03610655929584716,-29.0
801730.SI,2020-07-31,0.018053460140429856,-12.0
801740.SI,2020-07-31,0.06958920303418359,-22.333333333333332
801750.SI,2020-07-31,-0.0026693271841901067,-7.333333333333333
801760.SI,2020-07-31,0.02995870178958926,-2.3333333333333335
801770.SI,2020-07-31,-0.008491563246290634,-6.666666666666667
801880.SI,2020-07-31,0.04960903678446149,-10.0
801890.SI,2020-07-31,0.04894075896045069,-8.666666666666666
801950.SI,2020-07-31,0.000761198399531704,-25.333333333333332
801960.SI,2020-07-31,0.0737885776513314,-21.333333333333332
801970.SI,2020-07-31,0.06291531501557301,-20.666666666666668
801980.SI,2020-07-31,-0.021900525328234832,-20.666666666666668
801010.SI,2020-08-31,-0.172885898651853,-16.333333333333332
801030.SI,2020-08-31,-0.060199486233813215,-17.0
801040.SI,2020-08-31,-0.03522682769990959,-12.0
801050.SI,2020-08-31,-0.09652013388081837,-26.0
801080.SI,2020-08-31,-0.060944144387623744,-3.0
801110.SI,2020-08-31,-0.01830213278886128,-17.0
801120.SI,2020-08-31,-0.09181520053461079,-10.0
801130.SI,2020-08-31,-0.05618800346182018,-10.666666666666666
801140.SI,2020-08-31,-0.08435304149471645,-17.333333333333332
801150.SI,2020-08-31,-0.08443325352664632,-5.0
801160.SI,2020-08-31,-0.05989732971787032,-6.666666666666667
801170.SI,2020-08-31,-0.05834005957331734,-20.0
801180.SI,2020-08-31,-0.04634627982934214,-21.666666666666668
801200.SI,2020-08-31,-0.08170594495198469,-12.333333333333334
801210.SI,2020-08-31,0.03138340944536444,-19.666666666666668
801230.SI,2020-08-31,-0.1074156167813215,-18.333333333333332
801710.SI,2020-08-31,-0.09273976765386516,-26.0
801720.SI,2020-08-31,-0.07354203757760891,-23.0
801730.SI,2020-08-31,0.021636704705330523,-15.666666666666666
801740.SI,2020-08-31,-0.04815763135434503,-26.0
801750.SI,2020-08-31,-0.08843452913312788,-5.333333333333333
801760.SI,2020-08-31,-0.08069229549418933,-4.666666666666667
801770.SI,2020-08-31,-0.10255823044211321,-2.0
801880.SI,2020-08-31,0.011246824207247652,-15.666666666666666
801890.SI,2020-08-31,-0.04145865137324478,-10.666666666666666
801950.SI,2020-08-31,-0.030203741987492094,-23.333333333333332
801960.SI,2020-08-31,-0.08208776913478633,-19.0
801970.SI,2020-08-31,-0.09475821352334823,-11.666666666666666
801980.SI,2020-08-31,-0.08720911367037587,-19.0
801010.SI,2020-09-30,-0.04603405777997327,-14.0
801030.SI,2020-09-30,0.027523477828223175,-16.666666666666668
801040.SI,2020-09-30,0.017113934200305714,-9.0
801050.SI,2020-09-30,0.019013064718893746,-23.666666666666668
801080.SI,2020-09-30,0.013922428330522818,-2.0
801110.SI,2020-09-30,0.07265940931713866,-16.0
801120.SI,2020-09-30,0.041639557579700615,-19.0
801130.SI,2020-09-30,0.021676496600669504,-9.666666666666666
801140.SI,2020-09-30,0.021505418595330283,-19.0
801150.SI,2020-09-30,0.023375507098952086,-5.666666666666667
801160.SI,2020-09-30,-0.01351255783879901,-7.333333333333333
801170.SI,2020-09-30,-0.02044554670843679,-16.666666666666668
801180.SI,2020-09-30,-0.043994356667479195,-16.0
801200.SI,2020-09-30,-0.018752126209000464,-12.0
801210.SI,2020-09-30,-0.09195713520137616,-19.0
801230.SI,2020-09-30,0.018965517241379404,-16.333333333333332
801710.SI,2020-09-30,-0.020714442139977085,-24.333333333333332
801720.SI,2020-09-30,-0.006530847156715924,-23.666666666666668
801730.SI,2020-09-30,0.064989036648045,-14.333333333333334
801740.SI,2020-09-30,-0.04202092660207213,-21.0
801750.SI,2020-09-30,-0.03027335410667098,-5.666666666666667
801760.SI,2020-09-30,-0.028560163623370438,-4.666666666666667
801770.SI,2020-09-30,-0.026121159591177667,-1.6666666666666667
801880.SI,2020-09-30,0.11588264356820743,-15.333333333333334
801890.SI,2020-09-30,0.016256196509150334,-22.0
801950.SI,2020-09-30,0.0020244543358181044,-21.666666666666668
801960.SI,2020-09-30,0.014976138828633356,-23.0
801970.SI,2020-09-30,-0.02060791178603505,-18.666666666666668
801980.SI,2020-09-30,0.05672748369372793,-17.0
801010.SI,2020-10-31,0.030726796599982897,-26.666666666666668
801030.SI,2020-10-31,0.07642140113972351,-5.333333333333333
801040.SI,2020-10-31,0.10911016949152552,-18.666666666666668
801050.SI,2020-10-31,0.20511651295056832,-5.666666666666667
801080.SI,2020-10-31,0.04016481055213306,-11.666666666666666
801110.SI,2020-10-31,0.08752651737214667,-11.333333333333334
801120.SI,2020-10-31,0.02299268128675447,-13.0
801130.SI,2020-10-31,0.0012480350087096248,-8.333333333333334
801140.SI,2020-10-31,0.02506087311081795,-8.333333333333334
801150.SI,2020-10-31,-0.0663055883876954,-23.666666666666668
801160.SI,2020-10-31,0.0368018680007578,-19.666666666666668
801170.SI,2020-10-31,0.07469428910278908,-17.666666666666668
801180.SI,2020-10-31,0.06130448779859621,-20.666666666666668
801200.SI,2020-10-31,-0.011522666223198086,-25.666666666666668
801210.SI,2020-10-31,0.015808833012623813,-12.666666666666666
801230.SI,2020-10-31,-0.00744585027485245,-17.666666666666668
801710.SI,2020-10-31,0.04800510398716118,-12.333333333333334
801720.SI,2020-10-31,0.023447625780605552,-23.333333333333332
801730.SI,2020-10-31,0.01567640880786869,-7.0
801740.SI,2020-10-31,0.08052981737865661,-2.0
801750.SI,2020-10-31,-0.02656996232127895,-24.666666666666668
801760.SI,2020-10-31,-0.02091471767033637,-21.333333333333332
801770.SI,2020-10-31,0.022990738649198095,-24.666666666666668
801880.SI,2020-10-31,0.08008455735505793,-9.666666666666666
801890.SI,2020-10-31,0.04821437395435524,-4.0
801950.SI,2020-10-31,0.15424343381634742,-6.0
801960.SI,2020-10-31,0.16487142661742582,-6.0
801970.SI,2020-10-31,-0.0030353552689648122,-21.0
801980.SI,2020-10-31,-0.022053391571834058,-26.333333333333332
801010.SI,2020-11-30,0.018622642884661422,-27.333333333333332
801030.SI,2020-11-30,0.025958507997289715,-4.0
801040.SI,2020-11-30,-0.006090491104151385,-17.0
801050.SI,2020-11-30,0.06110876421849776,-5.0
801080.SI,2020-11-30,0.009391242799336563,-15.333333333333334
801110.SI,2020-11-30,0.043044332153597376,-8.333333333333334
801120.SI,2020-11-30,0.17986788868336068,-5.666666666666667
801130.SI,2020-11-30,-0.05393277498130278,-6.333333333333333
801140.SI,2020-11-30,-0.022162847772082106,-4.0
801150.SI,2020-11-30,0.09518135546650774,-22.333333333333332
801160.SI,2020-11-30,-0.011907584108733826,-21.666666666666668
801170.SI,2020-11-30,-0.013283901019644717,-20.333333333333332
801180.SI,2020-11-30,-0.07143550492867856,-19.0
801200.SI,2020-11-30,-0.07786912124919088,-24.666666666666668
801210.SI,2020-11-30,0.24981336215258687,-17.666666666666668
801230.SI,2020-11-30,0.01666998850784296,-17.333333333333332
801710.SI,2020-11-30,-0.018658613275292613,-17.666666666666668
801720.SI,2020-11-30,-0.07725074833064705,-23.0
801730.SI,2020-11-30,0.19937051313788579,-8.0
801740.SI,2020-11-30,0.10893477000928553,-11.0
801750.SI,2020-11-30,-0.013178915275377179,-25.333333333333332
801760.SI,2020-11-30,-0.04965347496599526,-22.0
801770.SI,2020-11-30,-0.06659188567340435,-23.333333333333332
801880.SI,2020-11-30,-0.004273727911804248,-5.333333333333333
801890.SI,2020-11-30,0.03494534948716721,-8.666666666666666
801950.SI,2020-11-30,-1.1591918114728372e-05,-13.0
801960.SI,2020-11-30,-0.011795902990807017,-2.3333333333333335
801970.SI,2020-11-30,-0.06509239539424816,-19.0
801980.SI,2020-11-30,0.05377551385460433,-20.333333333333332
801010.SI,2020-12-31,0.003194398303135726,-25.666666666666668
801030.SI,2020-12-31,0.06650023567067498,-5.666666666666667
801040.SI,2020-12-31,0.0010011889118326511,-3.3333333333333335
801050.SI,2020-12-31,0.03914447331913484,-7.0
801080.SI,2020-12-31,0.013811121976770924,-17.666666666666668
801110.SI,2020-12-31,-0.03096790137501093,-9.0
801120.SI,2020-12-31,0.014308329380036122,-21.0
801130.SI,2020-12-31,-0.07499313198365143,-7.666666666666667
801140.SI,2020-12-31,0.027400835073068786,-16.333333333333332
801150.SI,2020-12-31,0.0053364002109719255,-25.666666666666668
801160.SI,2020-12-31,-0.04869917276885016,-12.0
801170.SI,2020-12-31,-0.00947920899079735,-9.333333333333334
801180.SI,2020-12-31,-0.06828332562375694,-19.333333333333332
801200.SI,2020-12-31,-0.07972589777446548,-26.666666666666668
801210.SI,2020-12-31,0.01187183811129855,-16.666666666666668
801230.SI,2020-12-31,-0.0397298785371063,-19.666666666666668
801710.SI,2020-12-31,0.012175467947783236,-16.666666666666668
801720.SI,2020-12-31,-0.04021626117695987,-12.666666666666666
801730.SI,2020-12-31,0.05746197802716235,-15.0
801740.SI,2020-12-31,-0.10204391293841297,-7.0
801750.SI,2020-12-31,-0.04784911106993428,-25.666666666666668
801760.SI,2020-12-31,-0.0009269103895749309,-26.666666666666668
801770.SI,2020-12-31,-0.07300340651021953,-24.666666666666668
801880.SI,2020-12-31,0.025444097964332002,-4.333333333333333
801890.SI,2020-12-31,0.013782063795728883,-10.666666666666666
801950.SI,2020-12-31,-0.06423735886676096,-1.3333333333333333
801960.SI,2020-12-31,0.10204374647245795,-2.6666666666666665
801970.SI,2020-12-31,-0.0737122324110755,-22.0
801980.SI,2020-12-31,0.05496550211270179,-23.0
801010.SI,2021-01-31,0.08307774607703267,-22.0
801030.SI,2021-01-31,0.04289755719031918,-6.666666666666667
801040.SI,2021-01-31,0.08360049652166923,-12.0
801050.SI,2021-01-31,0.06679609551096566,-15.666666666666666
801080.SI,2021-01-31,-0.03406264192767472,-7.0
801110.SI,2021-01-31,-0.015302750770905926,-11.0
801120.SI,2021-01-31,-0.05046059382939616,-24.0
801130.SI,2021-01-31,0.037299908477637755,-18.333333333333332
801140.SI,2021-01-31,0.016708004004243326,-2.0
801150.SI,2021-01-31,-0.016065881066194,-24.0
801160.SI,2021-01-31,0.01811666544067414,-16.666666666666668
801170.SI,2021-01-31,0.016923922696325144,-15.666666666666666
801180.SI,2021-01-31,0.103252896808812,-20.0
801200.SI,2021-01-31,0.03140110416295627,-28.666666666666668
801210.SI,2021-01-31,0.0686050648832246,-19.333333333333332
801230.SI,2021-01-31,0.0019676916327495686,-12.333333333333334
801710.SI,2021-01-31,0.03659502841393736,-17.0
801720.SI,2021-01-31,0.058860169858739875,-26.0
801730.SI,2021-01-31,-0.060330030058499684,-9.333333333333334
801740.SI,2021-01-31,-0.015702350032856582,-7.666666666666667
801750.SI,2021-01-31,-0.017231949164520866,-15.666666666666666
801760.SI,2021-01-31,-0.03921194095014602,-4.666666666666667
801770.SI,2021-01-31,0.01359158883274647,-25.666666666666668
801880.SI,2021-01-31,-0.051590176033238455,-11.666666666666666
801890.SI,2021-01-31,0.014506149066728202,-4.0
801950.SI,2021-01-31,0.04432359444778222,-12.666666666666666
801960.SI,2021-01-31,0.08008338087900357,-13.0
801970.SI,2021-01-31,0.08621766837435962,-8.666666666666666
801980.SI,2021-01-31,0.01718694109332497,-23.666666666666668
801010.SI,2021-02-28,-0.07562803846904664,-22.666666666666668
801030.SI,2021-02-28,-0.06490127575281246,-8.0
801040.SI,2021-02-28,0.06628042574408366,-11.0
801050.SI,2021-02-28,-0.10210012382181999,-17.666666666666668
801080.SI,2021-02-28,-0.05801599489267717,-20.333333333333332
801110.SI,2021-02-28,-0.03301329288120691,-5.666666666666667
801120.SI,2021-02-28,-0.043481179036858886,-20.0
801130.SI,2021-02-28,0.05525268638140468,-17.333333333333332
801140.SI,2021-02-28,0.018347545271851562,-3.3333333333333335
801150.SI,2021-02-28,-0.030125196600598758,-27.0
801160.SI,2021-02-28,0.1512153584146152,-13.333333333333334
801170.SI,2021-02-28,-0.001447153930603129,-9.0
801180.SI,2021-02-28,-0.03909499547446893,-18.0
801200.SI,2021-02-28,0.009252441797580113,-25.0
801210.SI,2021-02-28,0.017528722241680228,-18.0
801230.SI,2021-02-28,0.04126638690434903,-18.666666666666668
801710.SI,2021-02-28,0.010153651852502055,-14.0
801720.SI,2021-02-28,0.058769968949977214,-19.0
801730.SI,2021-02-28,-0.046533269079661155,-10.0
801740.SI,2021-02-28,-0.08648490551641697,-18.666666666666668
801750.SI,2021-02-28,-0.027818597564153058,-23.333333333333332
801760.SI,2021-02-28,-0.04696109059926168,-6.0
801770.SI,2021-02-28,-0.057277950380929865,-26.666666666666668
801880.SI,2021-02-28,-0.059128589596250336,-13.0
801890.SI,2021-02-28,-0.02528217846839098,-4.666666666666667
801950.SI,2021-02-28,0.06509889979537964,-3.3333333333333335
801960.SI,2021-02-28,-0.09131141881465288,-15.333333333333334
801970.SI,2021-02-28,0.10231847986363096,-8.0
801980.SI,2021-02-28,-0.0045800504973686484,-18.0
801010.SI,2021-03-31,0.001099186296810828,-26.666666666666668
801030.SI,2021-03-31,0.03648138779983978,-7.0
801040.SI,2021-03-31,0.08850467217486058,-12.0
801050.SI,2021-03-31,0.09013414732895408,-16.666666666666668
801080.SI,2021-03-31,0.06182727378883546,-19.0
801110.SI,2021-03-31,-0.007496173794745209,-6.666666666666667
801120.SI,2021-03-31,0.05978878414696531,-20.333333333333332
801130.SI,2021-03-31,0.011855124946704487,-19.0
801140.SI,2021-03-31,0.01775000631351853,-4.0
801150.SI,2021-03-31,0.1097471198101998,-11.0
801160.SI,2021-03-31,-0.08974721052938306,-15.666666666666666
801170.SI,2021-03-31,-0.02681114757375347,-10.0
801180.SI,2021-03-31,-0.015433380870862878,-23.0
801200.SI,2021-03-31,-0.011804923398733402,-28.333333333333332
801210.SI,2021-03-31,0.013222545914387762,-20.333333333333332
801230.SI,2021-03-31,0.042399590326032355,-15.333333333333334
801710.SI,2021-03-31,0.0112499622869211,-14.333333333333334
801720.SI,2021-03-31,-0.05190356556189013,-25.333333333333332
801730.SI,2021-03-31,0.06870495088946704,-13.666666666666666
801740.SI,2021-03-31,-0.040821582193020345,-15.666666666666666
801750.SI,2021-03-31,-0.020623706864206115,-12.666666666666666
801760.SI,2021-03-31,0.02105404318090387,-4.333333333333333
801770.SI,2021-03-31,-0.036059566921983977,-24.666666666666668
801880.SI,2021-03-31,0.03217178708112445,-3.3333333333333335
801890.SI,2021-03-31,-0.013812800207711251,-6.333333333333333
801950.SI,2021-03-31,0.05932698893535515,-4.666666666666667
801960.SI,2021-03-31,-0.0007827304935321688,-16.333333333333332
801970.SI,2021-03-31,-0.0811094139857883,-19.333333333333332
801980.SI,2021-03-31,0.22819569689790864,-19.333333333333332
801010.SI,2021-04-30,-0.04722328123014363,-22.0
801030.SI,2021-04-30,0.06929651077070131,-4.666666666666667
801040.SI,2021-04-30,-0.008843745118366275,-11.666666666666666
801050.SI,2021-04-30,0.08420780156211327,-10.666666666666666
801080.SI,2021-04-30,0.020974572616398346,-5.666666666666667
801110.SI,2021-04-30,-0.013865523271440972,-5.0
801120.SI,2021-04-30,0.09219313599121182,-15.0
801130.SI,2021-04-30,0.03652770633365798,-13.666666666666666
801140.SI,2021-04-30,0.008379917973222462,-13.333333333333334
801150.SI,2021-04-30,0.02956012113350348,-14.0
801160.SI,2021-04-30,0.04601799547896834,-21.666666666666668
801170.SI,2021-04-30,0.030305623785763736,-8.666666666666666
801180.SI,2021-04-30,0.017715001316800816,-22.666666666666668
801200.SI,2021-04-30,0.06653077624138848,-23.333333333333332
801210.SI,2021-04-30,0.033481929687072975,-8.333333333333334
801230.SI,2021-04-30,0.02635646530204694,-16.333333333333332
801710.SI,2021-04-30,0.022903596528181414,-17.0
801720.SI,2021-04-30,0.0020944062536627506,-26.333333333333332
801730.SI,2021-04-30,0.07704547572453646,-7.666666666666667
801740.SI,2021-04-30,0.13065184421917309,-17.0
801750.SI,2021-04-30,0.08341980708690722,-14.0
801760.SI,2021-04-30,0.02744943525085386,-19.333333333333332
801770.SI,2021-04-30,0.06912067026104496,-28.0
801880.SI,2021-04-30,0.05699420357060059,-3.3333333333333335
801890.SI,2021-04-30,0.024142379485559307,-18.0
801950.SI,2021-04-30,0.038825662995768395,-13.0
801960.SI,2021-04-30,0.0135138230376326,-7.666666666666667
801970.SI,2021-04-30,0.030720388199158455,-27.333333333333332
801980.SI,2021-04-30,0.05741491073801264,-19.666666666666668
801010.SI,2021-05-31,-0.03715154586923464,-21.0
801030.SI,2021-05-31,0.05371075641519396,-3.0
801040.SI,2021-05-31,-0.009316670069525745,-10.333333333333334
801050.SI,2021-05-31,-0.0438692827825885,-8.333333333333334
801080.SI,2021-05-31,0.11816785960940179,-11.0
801110.SI,2021-05-31,-0.0652648176361933,-4.0
801120.SI,2021-05-31,-0.05664675830488308,-14.333333333333334
801130.SI,2021-05-31,0.01953931356348293,-12.333333333333334
801140.SI,2021-05-31,-0.030460475204505344,-19.333333333333332
801150.SI,2021-05-31,-0.002627913441259788,-14.0
801160.SI,2021-05-31,-0.008620730243178998,-22.666666666666668
801170.SI,2021-05-31,0.01036267278043601,-15.0
801180.SI,2021-05-31,-0.0806034232359667,-25.333333333333332
801200.SI,2021-05-31,-0.05021807311575033,-18.666666666666668
801210.SI,2021-05-31,-0.08669822587050569,-5.333333333333333
801230.SI,2021-05-31,0.09864422081611379,-23.333333333333332
801710.SI,2021-05-31,-0.06725396930952843,-11.666666666666666
801720.SI,2021-05-31,0.005425938733167879,-24.333333333333332
801730.SI,2021-05-31,0.1354585982163523,-8.333333333333334
801740.SI,2021-05-31,0.010640892346002184,-9.333333333333334
801750.SI,2021-05-31,0.033611441711407286,-18.666666666666668
801760.SI,2021-05-31,-0.035152754697686306,-20.0
801770.SI,2021-05-31,0.03136191892858431,-28.0
801880.SI,2021-05-31,0.09067793041000116,-4.666666666666667
801890.SI,2021-05-31,0.023239074550128525,-21.0
801950.SI,2021-05-31,0.02530601504900787,-10.666666666666666
801960.SI,2021-05-31,0.039200885895726456,-6.666666666666667
801970.SI,2021-05-31,-0.024350665611571398,-27.333333333333332
801980.SI,2021-05-31,-0.006348677460830232,-16.333333333333332
801010.SI,2021-06-30,-0.1425266593340223,-21.666666666666668
801030.SI,2021-06-30,0.05127979514253167,-4.666666666666667
801040.SI,2021-06-30,0.1759154807358556,-9.666666666666666
801050.SI,2021-06-30,0.27401585061339695,-10.0
801080.SI,2021-06-30,0.040063917919116676,-6.0
801110.SI,2021-06-30,-0.09187386294724087,-5.0
801120.SI,2021-06-30,-0.19205436667795273,-16.0
801130.SI,2021-06-30,-0.09304866555506075,-13.333333333333334
801140.SI,2021-06-30,-0.071217757666732,-26.666666666666668
801150.SI,2021-06-30,-0.09989586370641901,-14.333333333333334
801160.SI,2021-06-30,-0.03198077544119604,-24.0
801170.SI,2021-06-30,-0.11732980354595646,-4.666666666666667
801180.SI,2021-06-30,-0.11822873735212436,-21.333333333333332
801200.SI,2021-06-30,-0.0597291196388261,-26.666666666666668
801210.SI,2021-06-30,-0.19737708969719914,-6.0
801230.SI,2021-06-30,-0.03898725927395219,-19.666666666666668
801710.SI,2021-06-30,-0.058214393371799344,-17.0
801720.SI,2021-06-30,-0.006332347065220123,-25.666666666666668
801730.SI,2021-06-30,0.10720279653671394,-9.666666666666666
801740.SI,2021-06-30,0.033440865677707876,-17.0
801750.SI,2021-06-30,-0.043344900053760904,-11.666666666666666
801760.SI,2021-06-30,-0.11919272213389864,-21.333333333333332
801770.SI,2021-06-30,0.04562997507437472,-18.333333333333332
801880.SI,2021-06-30,-0.004440690237721756,-4.333333333333333
801890.SI,2021-06-30,0.020946387297758884,-20.666666666666668
801950.SI,2021-06-30,0.01661221387608447,-11.666666666666666
801960.SI,2021-06-30,0.015531624318235293,-5.666666666666667
801970.SI,2021-06-30,0.002736083447978377,-28.666666666666668
801980.SI,2021-06-30,-0.19894551479092637,-13.666666666666666
801010.SI,2021-07-31,-0.004617139312243279,-18.333333333333332
801030.SI,2021-07-31,0.12462121537286142,-4.333333333333333
801040.SI,2021-07-31,0.175641853457553,-6.666666666666667
801050.SI,2021-07-31,0.1799989092421279,-10.0
801080.SI,2021-07-31,-0.06966802266453576,-6.333333333333333
801110.SI,2021-07-31,-0.000418321723945958,-3.0
801120.SI,2021-07-31,-0.04279989087180258,-17.666666666666668
801130.SI,2021-07-31,0.028724770904108077,-27.333333333333332
801140.SI,2021-07-31,0.05128825733916309,-21.333333333333332
801150.SI,2021-07-31,-0.0862569458234187,-15.666666666666666
801160.SI,2021-07-31,0.11602806260118737,-27.0
801170.SI,2021-07-31,0.07282473535425038,-6.0
801180.SI,2021-07-31,0.050277509966907274,-25.0
801200.SI,2021-07-31,0.04790141917428592,-20.0
801210.SI,2021-07-31,0.009105150924949568,-21.666666666666668
801230.SI,2021-07-31,0.10550428282887858,-20.0
801710.SI,2021-07-31,0.08976148514312365,-22.666666666666668
801720.SI,2021-07-31,0.0920682265871946,-25.0
801730.SI,2021-07-31,0.053703526869399054,-13.333333333333334
801740.SI,2021-07-31,0.16397522397964814,-9.0
801750.SI,2021-07-31,-0.01600276283173896,-11.333333333333334
801760.SI,2021-07-31,-0.004545834377872482,-14.666666666666666
801770.SI,2021-07-31,-0.05875850667076765,-11.0
801880.SI,2021-07-31,0.07788578862734652,-10.0
801890.SI,2021-07-31,0.09086379044115378,-17.666666666666668
801950.SI,2021-07-31,0.27566168903042887,-4.0
801960.SI,2021-07-31,0.08502756018484825,-6.0
801970.SI,2021-07-31,0.11725889104470744,-26.666666666666668
801980.SI,2021-07-31,-0.0557364797589569,-13.333333333333334
801010.SI,2021-08-31,0.0942642905833091,-24.333333333333332
801030.SI,2021-08-31,-0.03830865613425105,-9.333333333333334
801040.SI,2021-08-31,-0.13403809035605752,-9.0
801050.SI,2021-08-31,-0.18111045955728355,-7.333333333333333
801080.SI,2021-08-31,-0.03931068677553984,-9.333333333333334
801110.SI,2021-08-31,-0.01010407388068113,-18.0
801120.SI,2021-08-31,0.12489071654653117,-9.0
801130.SI,2021-08-31,-0.03633669301127784,-19.333333333333332
801140.SI,2021-08-31,-0.032696121025778235,-9.0
801150.SI,2021-08-31,0.04956863409544843,-18.666666666666668
801160.SI,2021-08-31,0.15892386143836812,-23.666666666666668
801170.SI,2021-08-31,0.02277324859566421,-8.0
801180.SI,2021-08-31,0.05266830411968293,-26.333333333333332
801200.SI,2021-08-31,-0.018406454041139497,-22.666666666666668
801210.SI,2021-08-31,0.07327774461357106,-8.666666666666666
801230.SI,2021-08-31,-0.12149055981009582,-2.6666666666666665
801710.SI,2021-08-31,-0.07817685247587869,-19.666666666666668
801720.SI,2021-08-31,-0.017576240614119776,-21.333333333333332
801730.SI,2021-08-31,-0.03014095661083649,-12.333333333333334
801740.SI,2021-08-31,-0.10270136150309095,-8.666666666666666
801750.SI,2021-08-31,-0.012265275522198471,-19.666666666666668
801760.SI,2021-08-31,0.01636922250390338,-19.0
801770.SI,2021-08-31,-0.013587206274317642,-20.333333333333332
801880.SI,2021-08-31,-0.08890514845012731,-10.666666666666666
801890.SI,2021-08-31,-0.06572825553656925,-19.0
801950.SI,2021-08-31,0.0487915333122757,-9.333333333333334
801960.SI,2021-08-31,0.05337448982008497,-6.666666666666667
801970.SI,2021-08-31,0.025485470257787135,-24.0
801980.SI,2021-08-31,-0.007030471219399703,-19.0
801010.SI,2021-09-30,0.026940761175877403,-15.666666666666666
801030.SI,2021-09-30,-0.003651097908952683,-3.6666666666666665
801040.SI,2021-09-30,-0.1168333816565188,-7.0
801050.SI,2021-09-30,-0.006222573408023124,-2.6666666666666665
801080.SI,2021-09-30,0.017013451456902695,-16.0
801110.SI,2021-09-30,-0.006803081684816359,-18.333333333333332
801120.SI,2021-09-30,0.017800593008912458,-12.666666666666666
801130.SI,2021-09-30,-0.011737670550426405,-24.333333333333332
801140.SI,2021-09-30,-0.029797345801998443,-19.333333333333332
801150.SI,2021-09-30,-0.040948447928099596,-23.0
801160.SI,2021-09-30,-0.0781923287006131,-20.666666666666668
801170.SI,2021-09-30,-0.017215327413796055,-14.666666666666666
801180.SI,2021-09-30,-0.08887710460029163,-18.666666666666668
801200.SI,2021-09-30,0.011763097615705487,-28.0
801210.SI,2021-09-30,0.03277751962022113,-7.666666666666667
801230.SI,2021-09-30,0.014128978637652168,-11.0
801710.SI,2021-09-30,-0.039473023175874866,-23.333333333333332
801720.SI,2021-09-30,-0.025438846190340758,-23.333333333333332
801730.SI,2021-09-30,0.11700718983573899,-22.333333333333332
801740.SI,2021-09-30,0.040625055157116785,-8.0
801750.SI,2021-09-30,-0.0007800410415125247,-11.333333333333334
801760.SI,2021-09-30,0.007582014602398601,-14.0
801770.SI,2021-09-30,-0.004679452338432033,-8.666666666666666
801880.SI,2021-09-30,0.09899911463938826,-3.3333333333333335
801890.SI,2021-09-30,-0.013551362379727871,-7.333333333333333
801950.SI,2021-09-30,-0.1528890533832622,-18.333333333333332
801960.SI,2021-09-30,-0.09147730679297317,-8.333333333333334
801970.SI,2021-09-30,-0.09125842254830119,-24.0
801980.SI,2021-09-30,0.04368213290285139,-19.333333333333332
801010.SI,2021-10-31,0.003030110458936086,-26.0
801030.SI,2021-10-31,-0.0034892196654970897,-18.333333333333332
801040.SI,2021-10-31,0.009838588331851472,-15.0
801050.SI,2021-10-31,0.08841935254862987,-9.666666666666666
801080.SI,2021-10-31,0.08530447760597637,-9.666666666666666
801110.SI,2021-10-31,0.0010934495861163462,-22.0
801120.SI,2021-10-31,0.014978765644826808,-8.333333333333334
801130.SI,2021-10-31,0.057706989294310285,-9.333333333333334
801140.SI,2021-10-31,0.05716750220590283,-14.0
801150.SI,2021-10-31,0.03664719346168699,-25.666666666666668
801160.SI,2021-10-31,-0.007188767910195848,-17.666666666666668
801170.SI,2021-10-31,-0.0031786065956087572,-8.333333333333334
801180.SI,2021-10-31,0.021757898514875418,-14.0
801200.SI,2021-10-31,0.005111237802728041,-6.666666666666667
801210.SI,2021-10-31,-0.1661897748428235,-13.666666666666666
801230.SI,2021-10-31,-0.027302936861958393,-11.666666666666666
801710.SI,2021-10-31,-0.0036639767223236586,-16.0
801720.SI,2021-10-31,0.01086564955359326,-5.666666666666667
801730.SI,2021-10-31,0.03347142223022748,-19.666666666666668
801740.SI,2021-10-31,0.12984384364010548,-14.666666666666666
801750.SI,2021-10-31,0.07603867478879311,-8.333333333333334
801760.SI,2021-10-31,0.04592029116186036,-19.0
801770.SI,2021-10-31,0.11285046364435392,-20.0
801880.SI,2021-10-31,0.05222065826120814,-16.333333333333332
801890.SI,2021-10-31,0.07507603062029977,-17.333333333333332
801950.SI,2021-10-31,-0.04184496502567925,-13.666666666666666
801960.SI,2021-10-31,-0.04382310725421934,-25.333333333333332
801970.SI,2021-10-31,0.09764971973645409,-18.333333333333332
801980.SI,2021-10-31,-0.054143213791136624,-10.666666666666666
801010.SI,2021-11-30,0.07133662211547609,-23.666666666666668
801030.SI,2021-11-30,0.0005555933057002083,-23.666666666666668
801040.SI,2021-11-30,0.015706221194255354,-12.666666666666666
801050.SI,2021-11-30,-0.06215481550209623,-14.0
801080.SI,2021-11-30,0.011380518364018322,-10.0
801110.SI,2021-11-30,0.0668343191803924,-22.0
801120.SI,2021-11-30,0.0396818257307352,-20.0
801130.SI,2021-11-30,0.016061225501809995,-10.333333333333334
801140.SI,2021-11-30,0.08888423117086308,-11.666666666666666
801150.SI,2021-11-30,0.004729144200510849,-20.666666666666668
801160.SI,2021-11-30,0.08943470205702297,-14.333333333333334
801170.SI,2021-11-30,0.06085472159159844,-10.666666666666666
801180.SI,2021-11-30,0.06697236673881957,-27.0
801200.SI,2021-11-30,0.011491803278688595,-5.333333333333333
801210.SI,2021-11-30,0.13921014103224172,-23.666666666666668
801230.SI,2021-11-30,0.04968683635468274,-3.3333333333333335
801710.SI,2021-11-30,0.12821621532013294,-18.666666666666668
801720.SI,2021-11-30,0.07816518179629184,-8.0
801730.SI,2021-11-30,-0.08579218674913602,-9.333333333333334
801740.SI,2021-11-30,-0.010113090472377961,-11.333333333333334
801750.SI,2021-11-30,0.016287237329432713,-6.333333333333333
801760.SI,2021-11-30,0.14445593905765075,-10.0
801770.SI,2021-11-30,0.017856809047574584,-19.666666666666668
801880.SI,2021-11-30,-0.04797536338719266,-14.666666666666666
801890.SI,2021-11-30,0.004428254311571456,-22.333333333333332
801950.SI,2021-11-30,0.07674081756732587,-10.333333333333334
801960.SI,2021-11-30,0.04772524339270223,-23.666666666666668
801970.SI,2021-11-30,0.027221824045869925,-8.666666666666666
801980.SI,2021-11-30,-0.02028642972123562,-19.0
801010.SI,2021-12-31,-0.04599045192090567,-24.333333333333332
801030.SI,2021-12-31,-0.1058976038861944,-24.0
801040.SI,2021-12-31,-0.07358927767682988,-20.0
801050.SI,2021-12-31,-0.10737522211905937,-15.666666666666666
801080.SI,2021-12-31,-0.13387550942771176,-11.333333333333334
801110.SI,2021-12-31,-0.04558230239502703,-21.666666666666668
801120.SI,2021-12-31,-0.10589043116922292,-23.333333333333332
801130.SI,2021-12-31,-0.06683007244804995,-11.666666666666666
801140.SI,2021-12-31,-0.09641593939373105,-11.0
801150.SI,2021-12-31,-0.14939066967050063,-15.0
801160.SI,2021-12-31,-0.12765504148769824,-11.666666666666666
801170.SI,2021-12-31,-0.028845289923139172,-10.666666666666666
801180.SI,2021-12-31,-0.012887094812833233,-10.666666666666666
801200.SI,2021-12-31,-0.06502649876014976,-7.0
801210.SI,2021-12-31,-0.07121774058425823,-21.333333333333332
801230.SI,2021-12-31,-0.06635684257979857,-11.0
801710.SI,2021-12-31,-0.07647765412038698,-17.0
801720.SI,2021-12-31,-0.028850148069733517,-4.666666666666667
801730.SI,2021-12-31,-0.1081864931198937,-11.0
801740.SI,2021-12-31,-0.17921938741981303,-15.666666666666666
801750.SI,2021-12-31,-0.08503379762983643,-8.666666666666666
801760.SI,2021-12-31,-0.14401347686745003,-18.333333333333332
801770.SI,2021-12-31,-0.08238254186160776,-20.666666666666668
801880.SI,2021-12-31,-0.11613914873643838,-13.333333333333334
801890.SI,2021-12-31,-0.11792506290092264,-16.333333333333332
801950.SI,2021-12-31,-0.042096041585358734,-11.333333333333334
801960.SI,2021-12-31,-0.04840854539690642,-19.666666666666668
801970.SI,2021-12-31,-0.10202034737939192,-8.333333333333334
801980.SI,2021-12-31,-0.14092645212104937,-19.666666666666668
801010.SI,2022-01-31,0.0075964418446730075,-23.333333333333332
801030.SI,2022-01-31,0.09708529646334996,-24.666666666666668
801040.SI,2022-01-31,0.07910013207947797,-18.333333333333332
801050.SI,2022-01-31,0.17175770278114344,-21.0
801080.SI,2022-01-31,0.012170031586181018,-10.666666666666666
801110.SI,2022-01-31,-0.04789975633802113,-3.3333333333333335
801120.SI,2022-01-31,-0.007451832313715712,-23.333333333333332
801130.SI,2022-01-31,0.03291415820180843,-27.333333333333332
801140.SI,2022-01-31,0.008794987769945584,-16.0
801150.SI,2022-01-31,0.03975395913293012,-17.0
801160.SI,2022-01-31,0.07892452953618712,-15.333333333333334
801170.SI,2022-01-31,0.02799470131836257,-9.333333333333334
801180.SI,2022-01-31,-0.007794143275222765,-14.0
801200.SI,2022-01-31,4.506940688653316e-05,-9.0
801210.SI,2022-01-31,0.015471462241382516,-15.666666666666666
801230.SI,2022-01-31,0.08543287613155481,-2.0
801710.SI,2022-01-31,-0.006291226093009361,-12.0
801720.SI,2022-01-31,0.040313307760944106,-15.333333333333334
801730.SI,2022-01-31,0.02543255922114751,-25.0
801740.SI,2022-01-31,0.054260128351994785,-15.666666666666666
801750.SI,2022-01-31,0.026415403833293327,-6.0
801760.SI,2022-01-31,-0.013904222467559513,-15.666666666666666
801770.SI,2022-01-31,0.055744578650841925,-6.333333333333333
801880.SI,2022-01-31,0.005540456664868465,-7.0
801890.SI,2022-01-31,0.02900589754461702,-16.0
801950.SI,2022-01-31,0.1553258349045359,-8.0
801960.SI,2022-01-31,0.08953286635833058,-18.333333333333332
801970.SI,2022-01-31,0.0770485912141492,-13.666666666666666
801980.SI,2022-01-31,0.04286343144249316,-25.666666666666668
801010.SI,2022-02-28,0.029415630356908196,-23.333333333333332
801030.SI,2022-02-28,-0.09326287709866932,-20.0
801040.SI,2022-02-28,-0.1010232055549255,-22.333333333333332
801050.SI,2022-02-28,-0.1261046206222447,-22.666666666666668
801080.SI,2022-02-28,-0.14973257590857747,-13.0
801110.SI,2022-02-28,-0.12496646743854145,-8.666666666666666
801120.SI,2022-02-28,-0.10261061880532174,-23.333333333333332
801130.SI,2022-02-28,-0.06822017687962734,-22.0
801140.SI,2022-02-28,-0.07630784082296016,-15.333333333333334
801150.SI,2022-02-28,0.00870543627980136,-16.0
801160.SI,2022-02-28,-0.09607424653990437,-16.666666666666668
801170.SI,2022-02-28,-0.07208777183250692,-5.666666666666667
801180.SI,2022-02-28,0.09523348070982984,-25.333333333333332
801200.SI,2022-02-28,-0.08497280357210957,-8.666666666666666
801210.SI,2022-02-28,-0.07379819026337497,-21.0
801230.SI,2022-02-28,0.02083536768402272,-5.333333333333333
801710.SI,2022-02-28,-0.03719645620963863,-6.666666666666667
801720.SI,2022-02-28,-0.019815462427106634,-16.0
801730.SI,2022-02-28,-0.1009533445559927,-16.0
801740.SI,2022-02-28,-0.11359069028368463,-21.333333333333332
801750.SI,2022-02-28,-0.11588902616174845,-7.666666666666667
801760.SI,2022-02-28,-0.03681648547785166,-14.0
801770.SI,2022-02-28,-0.08199090990952551,-6.666666666666667
801880.SI,2022-02-28,-0.11557059554664528,-6.666666666666667
801890.SI,2022-02-28,-0.10893221704032519,-23.666666666666668
801950.SI,2022-02-28,0.10806937509144587,-12.333333333333334
801960.SI,2022-02-28,-0.11744173579481154,-9.666666666666666
801970.SI,2022-02-28,-0.09540191534257947,-16.666666666666668
801980.SI,2022-02-28,-0.04300261415837481,-8.333333333333334
801010.SI,2022-03-31,-0.12757594032348318,-24.666666666666668
801030.SI,2022-03-31,-0.11924497793547961,-16.0
801040.SI,2022-03-31,-0.08151704130201709,-18.666666666666668
801050.SI,2022-03-31,-0.11647238750323374,-25.333333333333332
801080.SI,2022-03-31,-0.1390666054561971,-14.0
801110.SI,2022-03-31,-0.008308092265809863,-8.333333333333334
801120.SI,2022-03-31,0.042877293532190386,-18.666666666666668
801130.SI,2022-03-31,-0.10063276617840633,-21.666666666666668
801140.SI,2022-03-31,-0.13371952986899538,-17.333333333333332
801150.SI,2022-03-31,-0.13973002481975894,-16.0
801160.SI,2022-03-31,-0.057891818409472884,-18.0
801170.SI,2022-03-31,-0.01737424502931728,-4.666666666666667
801180.SI,2022-03-31,-0.08357665040866213,-7.666666666666667
801200.SI,2022-03-31,-0.014237760754093665,-10.333333333333334
801210.SI,2022-03-31,-0.06382061054456323,-19.333333333333332
801230.SI,2022-03-31,-0.12677583238267986,-11.333333333333334
801710.SI,2022-03-31,-0.06886344550042822,-8.333333333333334
801720.SI,2022-03-31,-0.02973771453057006,-14.333333333333334
801730.SI,2022-03-31,-0.15533573676592138,-21.666666666666668
801740.SI,2022-03-31,-0.13436190124693537,-22.666666666666668
801750.SI,2022-03-31,-0.17031118197239503,-7.333333333333333
801760.SI,2022-03-31,-0.13951921295126424,-14.666666666666666
801770.SI,2022-03-31,-0.1228865404571009,-8.0
801880.SI,2022-03-31,-0.09136843466470412,-8.333333333333334
801890.SI,2022-03-31,-0.14043790506218257,-21.0
801950.SI,2022-03-31,-0.0387937309764117,-12.666666666666666
801960.SI,2022-03-31,-0.04897593722441185,-20.0
801970.SI,2022-03-31,-0.1525552138524341,-15.0
801980.SI,2022-03-31,-0.017492440880690685,-9.0
801010.SI,2022-04-30,0.054802198315455186,-9.333333333333334
801030.SI,2022-04-30,0.10962372541670184,-23.333333333333332
801040.SI,2022-04-30,0.038715071613794505,-19.0
801050.SI,2022-04-30,0.07982793439460556,-19.333333333333332
801080.SI,2022-04-30,0.08955769983492456,-11.333333333333334
801110.SI,2022-04-30,0.016083010281997323,-3.6666666666666665
801120.SI,2022-04-30,0.019460652627061314,-9.0
801130.SI,2022-04-30,0.07750662951898235,-23.666666666666668
801140.SI,2022-04-30,0.07539185100707835,-26.0
801150.SI,2022-04-30,0.011486662790857416,-12.333333333333334
801160.SI,2022-04-30,0.09097295398665262,-12.666666666666666
801170.SI,2022-04-30,0.06952339505314309,-16.666666666666668
801180.SI,2022-04-30,-0.05912666206051753,-11.333333333333334
801200.SI,2022-04-30,0.029517118391316988,-22.333333333333332
801210.SI,2022-04-30,0.04042925489501181,-12.333333333333334
801230.SI,2022-04-30,0.04479913014548953,-18.0
801710.SI,2022-04-30,0.021284100549180618,-16.666666666666668
801720.SI,2022-04-30,0.016563464613782664,-1.6666666666666667
801730.SI,2022-04-30,0.12431716584198194,-15.0
801740.SI,2022-04-30,0.11271841333891652,-17.0
801750.SI,2022-04-30,0.02185607668759637,-14.333333333333334
801760.SI,2022-04-30,0.0614929814600913,-15.0
801770.SI,2022-04-30,0.06084310401657489,-14.666666666666666
801880.SI,2022-04-30,0.18259198874850102,-13.666666666666666
801890.SI,2022-04-30,0.10414815660126675,-22.333333333333332
801950.SI,2022-04-30,0.09727050817368155,-4.333333333333333
801960.SI,2022-04-30,0.13430194874318113,-24.0
801970.SI,2022-04-30,0.10315135688322674,-22.333333333333332
801980.SI,2022-04-30,0.05423362534308174,-3.6666666666666665
801010.SI,2022-05-31,0.040861389499785794,-8.0
801030.SI,2022-05-31,0.08126292568592297,-25.666666666666668
801040.SI,2022-05-31,0.020916694858902796,-21.333333333333332
801050.SI,2022-05-31,0.1196406354675088,-17.333333333333332
801080.SI,2022-05-31,0.08034549813740277,-8.666666666666666
801110.SI,2022-05-31,0.11157491849988066,-3.6666666666666665
801120.SI,2022-05-31,0.13049335912269577,-10.333333333333334
801130.SI,2022-05-31,0.02359501557632382,-23.0
801140.SI,2022-05-31,0.08444495083174108,-21.666666666666668
801150.SI,2022-05-31,0.10470643209746644,-17.0
801160.SI,2022-05-31,0.006086737091244299,-14.0
801170.SI,2022-05-31,0.01982926778111027,-15.333333333333334
801180.SI,2022-05-31,0.05611459575941802,-12.0
801200.SI,2022-05-31,0.10805695342482124,-21.666666666666668
801210.SI,2022-05-31,0.11123127393647025,-12.333333333333334
801230.SI,2022-05-31,0.043988816402609654,-10.0
801710.SI,2022-05-31,0.10052155969519583,-15.666666666666666
801720.SI,2022-05-31,-0.0016051217560307807,-2.0
801730.SI,2022-05-31,0.2119492762580566,-16.333333333333332
801740.SI,2022-05-31,0.08212110845022247,-17.666666666666668
801750.SI,2022-05-31,0.08478634627947601,-17.333333333333332
801760.SI,2022-05-31,0.046938399114717644,-12.0
801770.SI,2022-05-31,0.0645053902448498,-17.0
801880.SI,2022-05-31,0.14552797471356316,-8.666666666666666
801890.SI,2022-05-31,0.1043201582778428,-24.333333333333332
801950.SI,2022-05-31,0.015829144115513172,-5.333333333333333
801960.SI,2022-05-31,-0.03349683425511152,-25.0
801970.SI,2022-05-31,0.021833013435700543,-26.666666666666668
801980.SI,2022-05-31,0.10564200306306581,-5.0
801010.SI,2022-06-30,0.035638420065967846,-10.333333333333334
801030.SI,2022-06-30,-0.02150702166003604,-16.333333333333332
801040.SI,2022-06-30,-0.005751460718665946,-25.666666666666668
801050.SI,2022-06-30,-0.016247653848756483,-18.333333333333332
801080.SI,2022-06-30,-0.035917639546511615,-7.0
801110.SI,2022-06-30,-0.024522858714722595,-5.0
801120.SI,2022-06-30,-0.0968960160949317,-13.333333333333334
801130.SI,2022-06-30,-0.015832050010043397,-14.666666666666666
801140.SI,2022-06-30,-0.05632288880088565,-23.0
801150.SI,2022-06-30,-0.07503973878915504,-14.666666666666666
801160.SI,2022-06-30,0.04046392755672601,-17.333333333333332
801170.SI,2022-06-30,-0.04900210602520649,-17.666666666666668
801180.SI,2022-06-30,-0.06252751690486813,-17.0
801200.SI,2022-06-30,-0.07050567192137813,-21.666666666666668
801210.SI,2022-06-30,-0.09205010900759025,-13.666666666666666
801230.SI,2022-06-30,0.01855323454145097,-10.0
801710.SI,2022-06-30,-0.10062368410598654,-16.333333333333332
801720.SI,2022-06-30,-0.028150821714515883,-1.6666666666666667
801730.SI,2022-06-30,-0.0037982301899451842,-14.666666666666666
801740.SI,2022-06-30,0.019544488846173325,-14.666666666666666
801750.SI,2022-06-30,-0.010109154681153365,-17.0
801760.SI,2022-06-30,-0.043583193869461856,-13.666666666666666
801770.SI,2022-06-30,0.030772598627116787,-21.333333333333332
801880.SI,2022-06-30,0.050914911104382066,-11.666666666666666
801890.SI,2022-06-30,0.051514483016799284,-18.333333333333332
801950.SI,2022-06-30,-0.07932500118504004,-7.666666666666667
801960.SI,2022-06-30,-0.03647026838078227,-25.666666666666668
801970.SI,2022-06-30,0.053251937074430655,-23.666666666666668
801980.SI,2022-06-30,-0.02186301813772562,-3.0
801010.SI,2022-07-31,0.00520315585094866,-9.666666666666666
801030.SI,2022-07-31,-0.02748553507202056,-21.333333333333332
801040.SI,2022-07-31,-0.0649307364614301,-12.666666666666666
801050.SI,2022-07-31,-0.06482222310719477,-21.333333333333332
801080.SI,2022-07-31,-0.011534645175318992,-8.0
801110.SI,2022-07-31,-0.0425863546894093,-3.0
801120.SI,2022-07-31,0.007297421691735861,-16.0
801130.SI,2022-07-31,-0.014633301584552671,-8.0
801140.SI,2022-07-31,0.007814908704737666,-24.0
801150.SI,2022-07-31,-0.025105496678695438,-12.0
801160.SI,2022-07-31,-0.004563591022443858,-19.666666666666668
801170.SI,2022-07-31,0.011163543094909745,-27.666666666666668
801180.SI,2022-07-31,-0.010950607287449343,-4.0
801200.SI,2022-07-31,-0.017003399955053955,-2.6666666666666665
801210.SI,2022-07-31,-0.009694398053735287,-19.333333333333332
801230.SI,2022-07-31,0.02403263267064948,-24.0
801710.SI,2022-07-31,-0.06804770318021203,-28.666666666666668
801720.SI,2022-07-31,-0.022641367153993563,-7.0
801730.SI,2022-07-31,-0.07883750368071385,-12.333333333333334
801740.SI,2022-07-31,-0.04284216989264655,-22.333333333333332
801750.SI,2022-07-31,-0.05796780499725096,-16.666666666666668
801760.SI,2022-07-31,0.011456779208340206,-16.666666666666668
801770.SI,2022-07-31,-0.010254698806146822,-15.0
801880.SI,2022-07-31,-0.11849927671735527,-8.333333333333334
801890.SI,2022-07-31,-0.07342254998569564,-14.0
801950.SI,2022-07-31,0.07851913380448483,-23.333333333333332
801960.SI,2022-07-31,0.04139793614962928,-16.0
801970.SI,2022-07-31,-0.060363319313785135,-18.0
801980.SI,2022-07-31,-0.0436307449161506,-3.3333333333333335
801010.SI,2022-08-31,-0.10378327426082179,-8.333333333333334
801030.SI,2022-08-31,-0.0903479249345086,-7.333333333333333
801040.SI,2022-08-31,-0.09026028031448319,-24.333333333333332
801050.SI,2022-08-31,-0.09062103193037874,-20.0
801080.SI,2022-08-31,-0.1351306247534666,-4.666666666666667
801110.SI,2022-08-31,-0.04872719919347268,-20.666666666666668
801120.SI,2022-08-31,-0.03072268896143826,-10.0
801130.SI,2022-08-31,-0.07914888275169474,-22.0
801140.SI,2022-08-31,-0.08053859521654716,-23.666666666666668
801150.SI,2022-08-31,-0.06824914019871986,-14.0
801160.SI,2022-08-31,-0.07830832310377378,-15.0
801170.SI,2022-08-31,-0.026708871588673078,-27.0
801180.SI,2022-08-31,-0.010279366929845435,-4.333333333333333
801200.SI,2022-08-31,-0.039156326628440596,-3.6666666666666665
801210.SI,2022-08-31,-0.05616729059379266,-17.333333333333332
801230.SI,2022-08-31,-0.05199042854035241,-23.0
801710.SI,2022-08-31,-0.09308005598895375,-12.333333333333334
801720.SI,2022-08-31,-0.07517818048549962,-7.333333333333333
801730.SI,2022-08-31,-0.10657659900262972,-5.0
801740.SI,2022-08-31,-0.05051349337480149,-24.666666666666668
801750.SI,2022-08-31,-0.08337859345065823,-14.666666666666666
801760.SI,2022-08-31,-0.13827326862491574,-19.333333333333332
801770.SI,2022-08-31,-0.0826014764860653,-19.333333333333332
801880.SI,2022-08-31,-0.1051006879299562,-8.666666666666666
801890.SI,2022-08-31,-0.092791568893829,-12.666666666666666
801950.SI,2022-08-31,0.016902224244873754,-22.333333333333332
801960.SI,2022-08-31,-0.052332107605961076,-13.666666666666666
801970.SI,2022-08-31,-0.09194099411628254,-23.333333333333332
801980.SI,2022-08-31,-0.0795709610784181,-6.333333333333333
801010.SI,2022-09-30,-0.06255623647284847,-8.0
801030.SI,2022-09-30,-0.047737126639398664,-19.333333333333332
801040.SI,2022-09-30,-0.027380973825950727,-19.333333333333332
801050.SI,2022-09-30,-0.03542731376927111,-23.666666666666668
801080.SI,2022-09-30,0.033791171844393286,-16.0
801110.SI,2022-09-30,-0.12874415222920021,-3.6666666666666665
801120.SI,2022-09-30,-0.22138912887662965,-13.666666666666666
801130.SI,2022-09-30,-0.041817190375570745,-21.0
801140.SI,2022-09-30,-0.051608610061091076,-23.333333333333332
801150.SI,2022-09-30,0.05697345147845989,-5.666666666666667
801160.SI,2022-09-30,-0.0343107720603224,-3.3333333333333335
801170.SI,2022-09-30,-0.034122072990647734,-26.0
801180.SI,2022-09-30,-0.14723554908513392,-4.0
801200.SI,2022-09-30,-0.07072408817389186,-5.666666666666667
801210.SI,2022-09-30,0.007782562319756714,-23.666666666666668
801230.SI,2022-09-30,0.010318314161255948,-28.333333333333332
801710.SI,2022-09-30,-0.09735674071183709,-18.666666666666668
801720.SI,2022-09-30,-0.01759792266299587,-13.333333333333334
801730.SI,2022-09-30,-0.012076447842309213,-10.0
801740.SI,2022-09-30,0.1163035096458962,-25.333333333333332
801750.SI,2022-09-30,0.1603739100186896,-15.0
801760.SI,2022-09-30,-0.026246830092984008,-13.333333333333334
801770.SI,2022-09-30,0.05543334799824029,-22.0
801880.SI,2022-09-30,-0.015063249621694919,-11.333333333333334
801890.SI,2022-09-30,0.05735051655548995,-13.333333333333334
801950.SI,2022-09-30,-0.1258223015053359,-2.3333333333333335
801960.SI,2022-09-30,-0.08846047370737964,-19.666666666666668
801970.SI,2022-09-30,0.007001979830117966,-19.0
801980.SI,2022-09-30,-0.06831678281337239,-7.0
801010.SI,2022-10-31,0.05329956645665068,-7.666666666666667
801030.SI,2022-10-31,0.09208755510867062,-11.666666666666666
801040.SI,2022-10-31,0.10950493582501442,-4.0
801050.SI,2022-10-31,0.07505246456573023,-22.333333333333332
801080.SI,2022-10-31,0.032355769230769216,-24.666666666666668
801110.SI,2022-10-31,0.13487953522005802,-21.333333333333332
801120.SI,2022-10-31,0.16605803067525393,-24.333333333333332
801130.SI,2022-10-31,0.1026427174106348,-22.0
801140.SI,2022-10-31,0.12358329678896829,-20.0
801150.SI,2022-10-31,0.07365829186296624,-8.0
801160.SI,2022-10-31,0.08148311465335656,-3.3333333333333335
801170.SI,2022-10-31,0.08145259632710267,-28.333333333333332
801180.SI,2022-10-31,0.27797199405581785,-2.3333333333333335
801200.SI,2022-10-31,0.142859502698774,-24.666666666666668
801210.SI,2022-10-31,0.13568124544996363,-17.666666666666668
801230.SI,2022-10-31,0.09823107367982087,-6.0
801710.SI,2022-10-31,0.20508708447918167,-13.0
801720.SI,2022-10-31,0.13801888444819532,-13.666666666666666
801730.SI,2022-10-31,0.013443772498649809,-16.666666666666668
801740.SI,2022-10-31,-0.05281143402085797,-22.666666666666668
801750.SI,2022-10-31,0.00021085844792945174,-26.0
801760.SI,2022-10-31,0.1448630582924606,-13.0
801770.SI,2022-10-31,0.011734847325626241,-22.0
801880.SI,2022-10-31,0.08037334372711769,-14.666666666666666
801890.SI,2022-10-31,0.058381316834162034,-14.666666666666666
801950.SI,2022-10-31,0.073430328719847,-1.6666666666666667
801960.SI,2022-10-31,0.10457295063603111,-10.666666666666666
801970.SI,2022-10-31,0.07469312684858997,-8.0
801980.SI,2022-10-31,0.07317388130000801,-10.0
801010.SI,2022-11-30,0.01431843510063846,-13.666666666666666
801030.SI,2022-11-30,-0.04356119625674004,-12.0
801040.SI,2022-11-30,-0.0460057924564522,-18.0
801050.SI,2022-11-30,-0.05922114070126905,-25.333333333333332
801080.SI,2022-11-30,-0.04484701718437112,-25.333333333333332
801110.SI,2022-11-30,0.010420804843204845,-2.6666666666666665
801120.SI,2022-11-30,0.10776059249651104,-17.0
801130.SI,2022-11-30,0.015296379448272335,-23.0
801140.SI,2022-11-30,0.0087773696512905,-15.333333333333334
801150.SI,2022-11-30,-0.025735993116730915,-23.666666666666668
801160.SI,2022-11-30,-0.04637746537522269,-5.666666666666667
801170.SI,2022-11-30,-0.004939559815376637,-16.0
801180.SI,2022-11-30,-0.09066013304065612,-3.3333333333333335
801200.SI,2022-11-30,0.035896509358964934,-8.0
801210.SI,2022-11-30,0.06457441027699384,-12.333333333333334
801230.SI,2022-11-30,0.022748538804735485,-8.333333333333334
801710.SI,2022-11-30,-0.033916463553293585,-4.333333333333333
801720.SI,2022-11-30,-0.07023827846259323,-11.0
801730.SI,2022-11-30,-0.04003249097102202,-24.333333333333332
801740.SI,2022-11-30,-0.04634607565362758,-26.0
801750.SI,2022-11-30,-0.01617171942943063,-24.333333333333332
801760.SI,2022-11-30,0.023297253236783,-11.0
801770.SI,2022-11-30,-0.041289212234999595,-27.333333333333332
801880.SI,2022-11-30,-0.0642889667250438,-10.666666666666666
801890.SI,2022-11-30,-0.054694627856211264,-18.666666666666668
801950.SI,2022-11-30,-0.10878577360365793,-2.0
801960.SI,2022-11-30,-0.05765373502990656,-15.333333333333334
801970.SI,2022-11-30,-0.05071942832004628,-13.0
801980.SI,2022-11-30,0.10325102664811348,-17.333333333333332
801010.SI,2022-12-31,0.032821714414056125,-14.333333333333334
801030.SI,2022-12-31,0.08000276450377153,-15.333333333333334
801040.SI,2022-12-31,0.07276966552638253,-13.0
801050.SI,2022-12-31,0.14666948854846917,-9.333333333333334
801080.SI,2022-12-31,0.09517021825795169,-28.0
801110.SI,2022-12-31,0.08288748616203456,-2.3333333333333335
801120.SI,2022-12-31,0.05159019528408315,-18.333333333333332
801130.SI,2022-12-31,0.04676727561556793,-5.333333333333333
801140.SI,2022-12-31,0.05011241654737164,-8.0
801150.SI,2022-12-31,0.05471590771272994,-21.0
801160.SI,2022-12-31,0.021459988810603514,-5.0
801170.SI,2022-12-31,0.019712556924130986,-14.666666666666666
801180.SI,2022-12-31,0.037123721253238706,-15.0
801200.SI,2022-12-31,-0.011849696868219572,-12.0
801210.SI,2022-12-31,-0.00298757446934661,-17.666666666666668
801230.SI,2022-12-31,0.0008585426652611972,-7.0
801710.SI,2022-12-31,0.08957227894116526,-18.333333333333332
801720.SI,2022-12-31,0.05538918401027315,-8.0
801730.SI,2022-12-31,0.11821249966571279,-25.333333333333332
801740.SI,2022-12-31,0.06450237544158854,-26.333333333333332
801750.SI,2022-12-31,0.12797893350888745,-28.666666666666668
801760.SI,2022-12-31,0.05060946241339703,-5.0
801770.SI,2022-12-31,0.09237983332245348,-26.666666666666668
801880.SI,2022-12-31,0.10894437675349189,-16.0
801890.SI,2022-12-31,0.09715172226432367,-23.666666666666668
801950.SI,2022-12-31,0.0515195401524593,-2.6666666666666665
801960.SI,2022-12-31,0.0789934375418524,-15.666666666666666
801970.SI,2022-12-31,0.05954991409711541,-15.0
801980.SI,2022-12-31,0.008103127149880596,-17.333333333333332
801010.SI,2023-01-31,0.005809733434031461,-19.666666666666668
801030.SI,2023-01-31,0.02641310210536907,-21.666666666666668
801040.SI,2023-01-31,0.0454710418255293,-22.0
801050.SI,2023-01-31,-0.03579902767603149,-8.0
801080.SI,2023-01-31,-0.0036558570968409088,-18.0
801110.SI,2023-01-31,0.0030968039559355898,-13.666666666666666
801120.SI,2023-01-31,0.010498487611337426,-12.0
801130.SI,2023-01-31,0.04727592800558478,-24.333333333333332
801140.SI,2023-01-31,0.06677747120037347,-11.666666666666666
801150.SI,2023-01-31,0.00116765155688614,-11.333333333333334
801160.SI,2023-01-31,0.011332819756956658,-15.666666666666666
801170.SI,2023-01-31,-0.004776891785985282,-24.333333333333332
801180.SI,2023-01-31,-0.02015252824090319,-22.333333333333332
801200.SI,2023-01-31,-0.02508145737211287,-4.666666666666667
801210.SI,2023-01-31,0.027019844905346924,-2.0
801230.SI,2023-01-31,0.00037756720861903403,-12.333333333333334
801710.SI,2023-01-31,0.0005629063004428669,-7.666666666666667
801720.SI,2023-01-31,0.02453480358373561,-28.333333333333332
801730.SI,2023-01-31,-0.06020091205386224,-6.0
801740.SI,2023-01-31,0.013026644542350807,-17.333333333333332
801750.SI,2023-01-31,0.05686434723299838,-13.0
801760.SI,2023-01-31,0.041612300313855544,-12.0
801770.SI,2023-01-31,0.08588715701409311,-20.666666666666668
801880.SI,2023-01-31,-0.0067308130477857775,-12.666666666666666
801890.SI,2023-01-31,0.033284896033571654,-11.666666666666666
801950.SI,2023-01-31,0.029332422255913038,-15.666666666666666
801960.SI,2023-01-31,0.020036970871032178,-21.666666666666668
801970.SI,2023-01-31,0.017879145086702186,-18.333333333333332
801980.SI,2023-01-31,0.02348980721297278,-6.333333333333333
801010.SI,2023-02-28,-0.01950226138581468,-20.333333333333332
801030.SI,2023-02-28,-0.07197425991694584,-27.0
801040.SI,2023-02-28,-0.0744040189715428,-21.333333333333332
801050.SI,2023-02-28,-0.03984757198592548,-9.666666666666666
801080.SI,2023-02-28,0.058519096770462964,-20.666666666666668
801110.SI,2023-02-28,-0.008153161337209225,-13.333333333333334
801120.SI,2023-02-28,-0.017446050390955925,-9.666666666666666
801130.SI,2023-02-28,-0.053807318444497265,-20.333333333333332
801140.SI,2023-02-28,-0.07357647763118513,-3.3333333333333335
801150.SI,2023-02-28,-0.0353405628679242,-10.333333333333334
801160.SI,2023-02-28,-0.017075125267486668,-13.333333333333334
801170.SI,2023-02-28,-0.008028865584207234,-22.666666666666668
801180.SI,2023-02-28,-0.07611763275739147,-24.0
801200.SI,2023-02-28,-0.014976174268209519,-5.0
801210.SI,2023-02-28,-0.003402616060782071,-1.6666666666666667
801230.SI,2023-02-28,-0.012325896300906858,-15.333333333333334
801710.SI,2023-02-28,-0.06512354924103614,-9.666666666666666
801720.SI,2023-02-28,0.028331253450363247,-26.666666666666668
801730.SI,2023-02-28,-0.05185550125559468,-7.666666666666667
801740.SI,2023-02-28,-0.03685782781689695,-23.666666666666668
801750.SI,2023-02-28,0.14741576829622183,-11.0
801760.SI,2023-02-28,0.22673257270542013,-11.666666666666666
801770.SI,2023-02-28,0.09180627083744164,-19.666666666666668
801880.SI,2023-02-28,-0.05643734781507903,-17.0
801890.SI,2023-02-28,-0.028901879914990714,-12.666666666666666
801950.SI,2023-02-28,-0.044459734188944444,-11.0
801960.SI,2023-02-28,0.005145521788068708,-20.333333333333332
801970.SI,2023-02-28,-0.03746207416956182,-21.666666666666668
801980.SI,2023-02-28,-0.04664270632590939,-4.333333333333333
801010.SI,2023-03-31,-0.042104573098962095,-19.333333333333332
801030.SI,2023-03-31,-0.07742195541543406,-22.666666666666668
801040.SI,2023-03-31,-0.02670790702378345,-19.666666666666668
801050.SI,2023-03-31,-0.014878560608707736,-19.333333333333332
801080.SI,2023-03-31,-0.07502464485338478,-20.666666666666668
801110.SI,2023-03-31,0.02041020767980206,-14.333333333333334
801120.SI,2023-03-31,-0.0595865903887105,-10.0
801130.SI,2023-03-31,-0.006015682430776881,-24.0
801140.SI,2023-03-31,-0.049392534784788,-8.333333333333334
801150.SI,2023-03-31,-0.004405281575423969,-9.333333333333334
801160.SI,2023-03-31,0.02217832249278784,-13.666666666666666
801170.SI,2023-03-31,0.0108324022815669,-22.333333333333332
801180.SI,2023-03-31,-0.02557938571067886,-22.0
801200.SI,2023-03-31,-0.06072725668661505,-5.0
801210.SI,2023-03-31,-0.05395233145570166,-1.3333333333333333
801230.SI,2023-03-31,-0.0433186736568294,-16.0
801710.SI,2023-03-31,-0.05009083619720811,-7.0
801720.SI,2023-03-31,0.10325537750830094,-28.0
801730.SI,2023-03-31,-0.04107959547377249,-5.666666666666667
801740.SI,2023-03-31,-0.008770500882914534,-24.666666666666668
801750.SI,2023-03-31,-0.06992580681082528,-8.666666666666666
801760.SI,2023-03-31,0.13063697080090542,-5.333333333333333
801770.SI,2023-03-31,0.034741007073371355,-21.0
801880.SI,2023-03-31,-0.05844440002377105,-13.333333333333334
801890.SI,2023-03-31,-0.029411382705145983,-12.666666666666666
801950.SI,2023-03-31,-0.017947020107175526,-13.666666666666666
801960.SI,2023-03-31,0.057465400130573885,-22.0
801970.SI,2023-03-31,-0.025451318568846526,-18.666666666666668
801980.SI,2023-03-31,-0.04872282929311744,-6.333333333333333
801010.SI,2023-04-30,-0.100527899011706,-13.0
801030.SI,2023-04-30,-0.05508266300489195,-17.0
801040.SI,2023-04-30,-0.04739143611724472,-18.333333333333332
801050.SI,2023-04-30,-0.08136448988107647,-19.666666666666668
801080.SI,2023-04-30,0.022600917566649725,-20.333333333333332
801110.SI,2023-04-30,-0.07372480821283822,-11.666666666666666
801120.SI,2023-04-30,-0.07899147659212746,-7.333333333333333
801130.SI,2023-04-30,-0.0271542851508092,-19.0
801140.SI,2023-04-30,-0.03561826492773068,-14.333333333333334
801150.SI,2023-04-30,-0.024976598707792008,-22.333333333333332
801160.SI,2023-04-30,0.042789466534027154,-11.666666666666666
801170.SI,2023-04-30,-0.06733122525045598,-23.666666666666668
801180.SI,2023-04-30,-0.0685996861428414,-24.666666666666668
801200.SI,2023-04-30,-0.11663848839211621,-11.0
801210.SI,2023-04-30,-0.040806691660277505,-10.666666666666666
801230.SI,2023-04-30,-0.03303071818248726,-14.666666666666666
801710.SI,2023-04-30,-0.08496091910726056,-15.333333333333334
801720.SI,2023-04-30,-0.08866008047368257,-21.333333333333332
801730.SI,2023-04-30,-0.029583652412236483,-9.0
801740.SI,2023-04-30,-0.0032802403318367146,-13.666666666666666
801750.SI,2023-04-30,0.00027395369979532624,-15.666666666666666
801760.SI,2023-04-30,-0.04535302373832917,-11.0
801770.SI,2023-04-30,0.013619000840278117,-16.333333333333332
801880.SI,2023-04-30,-0.006332684955139611,-5.666666666666667
801890.SI,2023-04-30,-0.011086652526779872,-8.666666666666666
801950.SI,2023-04-30,-0.080450537749301,-22.333333333333332
801960.SI,2023-04-30,-0.08079222170432354,-17.666666666666668
801970.SI,2023-04-30,0.004781882475182853,-10.0
801980.SI,2023-04-30,-0.0651335786035141,-9.0
801010.SI,2023-05-31,0.029839493406468076,-14.333333333333334
801030.SI,2023-05-31,0.025522041763341052,-18.666666666666668
801040.SI,2023-05-31,-0.005499400065447357,-15.666666666666666
801050.SI,2023-05-31,0.009264096006831757,-18.333333333333332
801080.SI,2023-05-31,0.015976856397305506,-14.0
801110.SI,2023-05-31,0.11249095330238523,-17.333333333333332
801120.SI,2023-05-31,0.005467300006406717,-12.333333333333334
801130.SI,2023-05-31,0.02991409674885337,-17.0
801140.SI,2023-05-31,0.03186860357409116,-12.0
801150.SI,2023-05-31,-0.04495973114700713,-20.0
801160.SI,2023-05-31,-0.013654071636597598,-10.333333333333334
801170.SI,2023-05-31,-0.029234998240197596,-18.666666666666668
801180.SI,2023-05-31,0.005838260590173672,-23.333333333333332
801200.SI,2023-05-31,-0.027565979806214225,-10.333333333333334
801210.SI,2023-05-31,-0.004092608395099284,-10.666666666666666
801230.SI,2023-05-31,-0.012062730547080514,-14.333333333333334
801710.SI,2023-05-31,0.010055686121880791,-18.666666666666668
801720.SI,2023-05-31,-0.019500157042221966,-21.333333333333332
801730.SI,2023-05-31,0.040806578892719214,-15.333333333333334
801740.SI,2023-05-31,0.04040257479027076,-10.666666666666666
801750.SI,2023-05-31,0.002485195336353385,-16.0
801760.SI,2023-05-31,-0.014791802503228202,-16.333333333333332
801770.SI,2023-05-31,0.10914610215376719,-11.333333333333334
801880.SI,2023-05-31,0.08894928512584399,-8.666666666666666
801890.SI,2023-05-31,0.07356463376679612,-11.666666666666666
801950.SI,2023-05-31,0.016568232267784477,-21.333333333333332
801960.SI,2023-05-31,-0.0024997998380912323,-22.0
801970.SI,2023-05-31,-0.004375503850109874,-4.0
801980.SI,2023-05-31,-0.012482277212371384,-10.333333333333334
801010.SI,2023-06-30,0.056012089665015585,-12.333333333333334
801030.SI,2023-06-30,0.03913517227312502,-16.333333333333332
801040.SI,2023-06-30,0.08613708446443091,-18.0
801050.SI,2023-06-30,0.05225921000222766,-18.333333333333332
801080.SI,2023-06-30,-0.008232302874329411,-17.333333333333332
801110.SI,2023-06-30,0.00712207284575328,-12.0
801120.SI,2023-06-30,0.0924272120015579,-10.666666666666666
801130.SI,2023-06-30,0.03907143823735648,-15.333333333333334
801140.SI,2023-06-30,0.0560017165277098,-9.0
801150.SI,2023-06-30,-0.009093721724409587,-23.333333333333332
801160.SI,2023-06-30,-0.02125248187062745,-11.333333333333334
801170.SI,2023-06-30,0.055586406296610935,-16.333333333333332
801180.SI,2023-06-30,0.14155268929463216,-23.333333333333332
801200.SI,2023-06-30,0.10215453025408805,-9.666666666666666
801210.SI,2023-06-30,0.029246139690371598,-12.333333333333334
801230.SI,2023-06-30,0.03853362431000029,-19.666666666666668
801710.SI,2023-06-30,0.10162690487923287,-16.0
801720.SI,2023-06-30,0.06061119144807914,-21.333333333333332
801730.SI,2023-06-30,-0.02450057751440471,-13.333333333333334
801740.SI,2023-06-30,-0.0433914421553091,-6.333333333333333
801750.SI,2023-06-30,-0.042115253853127754,-19.0
801760.SI,2023-06-30,-0.07573122939970411,-19.333333333333332
801770.SI,2023-06-30,-0.07656811912361527,-17.0
801880.SI,2023-06-30,0.05737047144998453,-10.333333333333334
801890.SI,2023-06-30,-0.017387742240428494,-9.333333333333334
801950.SI,2023-06-30,-0.019183395149561133,-18.333333333333332
801960.SI,2023-06-30,0.04341466894977164,-21.666666666666668
801970.SI,2023-06-30,0.029193982510414385,-9.666666666666666
801980.SI,2023-06-30,0.036670562222603564,-8.0
801010.SI,2023-07-31,-0.08177666685747365,-25.0
801030.SI,2023-07-31,-0.06134229366612609,-24.0
801040.SI,2023-07-31,-0.06707424830221065,-15.0
801050.SI,2023-07-31,-0.07809171863371567,-20.666666666666668
801080.SI,2023-07-31,-0.049759526452090364,-15.666666666666666
801110.SI,2023-07-31,-0.05086413213133667,-26.0
801120.SI,2023-07-31,-0.058512754056015526,-6.0
801130.SI,2023-07-31,-0.05314753205545619,-17.333333333333332
801140.SI,2023-07-31,-0.05220665375668132,-13.0
801150.SI,2023-07-31,-0.04756838404403729,-10.0
801160.SI,2023-07-31,-0.04497331464342613,-9.0
801170.SI,2023-07-31,-0.0792584573512981,-11.666666666666666
801180.SI,2023-07-31,-0.06930453180453189,-8.666666666666666
801200.SI,2023-07-31,-0.10089164286334351,-14.666666666666666
801210.SI,2023-07-31,-0.07293064527620174,-8.0
801230.SI,2023-07-31,-0.07722028175779005,-18.666666666666668
801710.SI,2023-07-31,-0.06449779368239783,-13.333333333333334
801720.SI,2023-07-31,-0.1017349170941757,-8.0
801730.SI,2023-07-31,-0.0832804000731785,-28.666666666666668
801740.SI,2023-07-31,-0.0390112984990556,-3.6666666666666665
801750.SI,2023-07-31,-0.03722537832773121,-8.0
801760.SI,2023-07-31,-0.011175694268946823,-6.333333333333333
801770.SI,2023-07-31,-0.03920625610948192,-14.333333333333334
801880.SI,2023-07-31,-0.07233187507209127,-26.0
801890.SI,2023-07-31,-0.05593396444239207,-11.666666666666666
801950.SI,2023-07-31,-0.020900812563795612,-28.0
801960.SI,2023-07-31,-0.033428493281821736,-15.333333333333334
801970.SI,2023-07-31,-0.0386042776686597,-16.666666666666668
801980.SI,2023-07-31,-0.04945405829935989,-11.666666666666666
801010.SI,2023-08-31,-0.02552478189645313,-25.333333333333332
801030.SI,2023-08-31,-0.009696316005249783,-23.333333333333332
801040.SI,2023-08-31,0.007983005669286891,-16.666666666666668
801050.SI,2023-08-31,-0.009193018594811253,-21.0
801080.SI,2023-08-31,-0.013357936209822618,-11.333333333333334
801110.SI,2023-08-31,0.0014821627901677736,-14.666666666666666
801120.SI,2023-08-31,-0.02239580106678185,-6.0
801130.SI,2023-08-31,0.010347112811663672,-17.666666666666668
801140.SI,2023-08-31,-0.008618916991516845,-18.0
801150.SI,2023-08-31,0.042969556993578406,-24.333333333333332
801160.SI,2023-08-31,-0.00815468837603639,-12.0
801170.SI,2023-08-31,-0.008433399283208298,-11.0
801180.SI,2023-08-31,-0.05487091676413758,-7.0
801200.SI,2023-08-31,-0.0015631752687282896,-17.333333333333332
801210.SI,2023-08-31,-0.037079536458421214,-19.666666666666668
801230.SI,2023-08-31,0.005304532198433742,-18.333333333333332
801710.SI,2023-08-31,-0.019228764232377404,-15.333333333333334
801720.SI,2023-08-31,-0.009126278879869387,-5.666666666666667
801730.SI,2023-08-31,-0.05707227402822923,-27.666666666666668
801740.SI,2023-08-31,-0.014467169592740192,-1.6666666666666667
801750.SI,2023-08-31,-0.04262112338247992,-6.0
801760.SI,2023-08-31,-0.07630271191253724,-6.333333333333333
801770.SI,2023-08-31,0.007048587230336745,-7.666666666666667
801880.SI,2023-08-31,0.004678050644042919,-23.666666666666668
801890.SI,2023-08-31,0.011121301674649198,-3.6666666666666665
801950.SI,2023-08-31,0.09609220123049922,-28.333333333333332
801960.SI,2023-08-31,0.03485431312729381,-11.666666666666666
801970.SI,2023-08-31,-0.022884909504433226,-20.0
801980.SI,2023-08-31,-0.065596767305102,-13.666666666666666
801010.SI,2023-09-30,0.004069389307279625,-19.666666666666668
801030.SI,2023-09-30,-0.009771805964219116,-22.666666666666668
801040.SI,2023-09-30,-0.007476811146757578,-19.333333333333332
801050.SI,2023-09-30,-0.00915422885572148,-19.333333333333332
801080.SI,2023-09-30,0.044265051201178185,-17.0
801110.SI,2023-09-30,-0.03582918795040613,-18.333333333333332
801120.SI,2023-09-30,-0.02543941610986722,-10.666666666666666
801130.SI,2023-09-30,-0.01912712016484852,-18.333333333333332
801140.SI,2023-09-30,-0.023279213758346295,-14.0
801150.SI,2023-09-30,0.018742779605692483,-27.333333333333332
801160.SI,2023-09-30,-0.008387179793560517,-3.3333333333333335
801170.SI,2023-09-30,-0.02342957555323788,-8.0
801180.SI,2023-09-30,-0.07273651296136796,-19.0
801200.SI,2023-09-30,-0.05108074007901786,-18.333333333333332
801210.SI,2023-09-30,-0.08124134945259665,-19.0
801230.SI,2023-09-30,-0.013294146311749855,-8.333333333333334
801710.SI,2023-09-30,-0.06784578587073065,-16.0
801720.SI,2023-09-30,-0.056362402443162485,-7.333333333333333
801730.SI,2023-09-30,-0.05398669131044065,-26.666666666666668
801740.SI,2023-09-30,-0.023957458718164015,-4.666666666666667
801750.SI,2023-09-30,-0.03799078594512828,-3.0
801760.SI,2023-09-30,-0.0598561239547466,-3.3333333333333335
801770.SI,2023-09-30,-0.09089329373017319,-6.666666666666667
801880.SI,2023-09-30,0.024133317071070914,-21.666666666666668
801890.SI,2023-09-30,-0.0590665985809502,-27.666666666666668
801950.SI,2023-09-30,-0.03011761710222327,-25.0
801960.SI,2023-09-30,-0.0538339606841185,-8.0
801970.SI,2023-09-30,-0.024668468718232917,-12.666666666666666
801980.SI,2023-09-30,-0.08159501868695562,-9.666666666666666
801010.SI,2023-10-31,0.027131398797935802,-6.666666666666667
801030.SI,2023-10-31,-0.015339678335334894,-16.0
801040.SI,2023-10-31,-0.018136326751420073,-15.666666666666666
801050.SI,2023-10-31,-0.033290407948678435,-23.333333333333332
801080.SI,2023-10-31,0.00747769995529346,-7.666666666666667
801110.SI,2023-10-31,-0.004904223146576681,-24.0
801120.SI,2023-10-31,0.005046544373606743,-3.3333333333333335
801130.SI,2023-10-31,0.009740587463409778,-19.666666666666668
801140.SI,2023-10-31,0.004821029992499559,-23.666666666666668
801150.SI,2023-10-31,0.028938176737687726,-25.333333333333332
801160.SI,2023-10-31,0.0037308417798662674,-13.666666666666666
801170.SI,2023-10-31,0.00987462878710299,-21.0
801180.SI,2023-10-31,-0.014806478200295348,-9.666666666666666
801200.SI,2023-10-31,0.020308337336768956,-2.6666666666666665
801210.SI,2023-10-31,0.056246519398552186,-12.333333333333334
801230.SI,2023-10-31,0.01868971371247774,-16.333333333333332
801710.SI,2023-10-31,-0.044454450360606246,-6.0
801720.SI,2023-10-31,-0.017476356575209517,-24.333333333333332
801730.SI,2023-10-31,-0.04349270049663856,-21.666666666666668
801740.SI,2023-10-31,0.005792280782244585,-5.666666666666667
801750.SI,2023-10-31,0.025922352072239585,-1.6666666666666667
801760.SI,2023-10-31,0.06000457800595149,-20.333333333333332
801770.SI,2023-10-31,0.02575979161017572,-6.666666666666667
801880.SI,2023-10-31,0.027422882993013875,-15.666666666666666
801890.SI,2023-10-31,0.043965695760527224,-7.666666666666667
801950.SI,2023-10-31,0.07059186903980552,-16.666666666666668
801960.SI,2023-10-31,-0.00731532198705831,-25.666666666666668
801970.SI,2023-10-31,0.01337162822372906,-29.0
801980.SI,2023-10-31,-0.0295196877673799,-13.0
801010.SI,2023-11-30,-0.01363296448054474,-16.333333333333332
801030.SI,2023-11-30,-0.015108469234517474,-13.666666666666666
801040.SI,2023-11-30,-0.03625853432324588,-12.333333333333334
801050.SI,2023-11-30,0.02283892981624236,-18.666666666666668
801080.SI,2023-11-30,-0.012258514398009401,-13.333333333333334
801110.SI,2023-11-30,-0.002686463218569468,-24.333333333333332
801120.SI,2023-11-30,-0.05009772912347332,-5.0
801130.SI,2023-11-30,-0.013432798520517819,-9.0
801140.SI,2023-11-30,-0.029862088502578765,-17.666666666666668
801150.SI,2023-11-30,-0.04603877771554321,-27.0
801160.SI,2023-11-30,0.0033106467073609203,-23.0
801170.SI,2023-11-30,-0.03652412407772243,-17.0
801180.SI,2023-11-30,-0.06374693177281954,-9.666666666666666
801200.SI,2023-11-30,-0.06337927688839429,-6.666666666666667
801210.SI,2023-11-30,-0.05159411473119724,-10.333333333333334
801230.SI,2023-11-30,0.0028179256431233313,-12.333333333333334
801710.SI,2023-11-30,-0.03974451570952642,-7.0
801720.SI,2023-11-30,-0.013667187769592304,-17.0
801730.SI,2023-11-30,0.002443563418606187,-21.666666666666668
801740.SI,2023-11-30,-0.018324495381457417,-10.333333333333334
801750.SI,2023-11-30,-0.01977960728759043,-7.666666666666667
801760.SI,2023-11-30,-0.027501850937808547,-16.666666666666668
801770.SI,2023-11-30,0.001781086679551791,-10.0
801880.SI,2023-11-30,-0.059310549381989985,-12.333333333333334
801890.SI,2023-11-30,-0.011552825620049556,-17.333333333333332
801950.SI,2023-11-30,0.003353841049571926,-12.666666666666666
801960.SI,2023-11-30,-0.007910550281349904,-26.0
801970.SI,2023-11-30,-0.03875574878888277,-26.0
801980.SI,2023-11-30,-0.041230037336615344,-14.0
801010.SI,2023-12-31,-0.13224304126502773,-10.333333333333334
801030.SI,2023-12-31,-0.16124897649778525,-6.0
801040.SI,2023-12-31,-0.06920914721295857,-22.666666666666668
801050.SI,2023-12-31,-0.12251774320739839,-27.666666666666668
801080.SI,2023-12-31,-0.23912095905100383,-21.666666666666668
801110.SI,2023-12-31,-0.019624040935915965,-13.666666666666666
801120.SI,2023-12-31,-0.10160408911367202,-4.666666666666667
801130.SI,2023-12-31,-0.09969855483642154,-6.0
801140.SI,2023-12-31,-0.13983907150935349,-5.333333333333333
801150.SI,2023-12-31,-0.18592806274226992,-26.333333333333332
801160.SI,2023-12-31,-0.009590825206750253,-23.0
801170.SI,2023-12-31,-0.028256119319206907,-15.333333333333334
801180.SI,2023-12-31,-0.08056988120671127,-20.666666666666668
801200.SI,2023-12-31,-0.10748887941015162,-4.333333333333333
801210.SI,2023-12-31,-0.14679578021079942,-13.333333333333334
801230.SI,2023-12-31,-0.15072818467488514,-16.666666666666668
801710.SI,2023-12-31,-0.08642406528037316,-11.333333333333334
801720.SI,2023-12-31,-0.03548426426076223,-23.666666666666668
801730.SI,2023-12-31,-0.16321242396970526,-9.666666666666666
801740.SI,2023-12-31,-0.20486012792867347,-8.333333333333334
801750.SI,2023-12-31,-0.2365036794147053,-11.0
801760.SI,2023-12-31,-0.15467334929975096,-16.333333333333332
801770.SI,2023-12-31,-0.15188022615489105,-6.0
801880.SI,2023-12-31,-0.15393578292533994,-10.666666666666666
801890.SI,2023-12-31,-0.17902691181864094,-10.666666666666666
801950.SI,2023-12-31,0.06665133130139744,-20.333333333333332
801960.SI,2023-12-31,-0.01218740543068586,-26.666666666666668
801970.SI,2023-12-31,-0.11978770875002287,-21.0
801980.SI,2023-12-31,-0.13353905020520263,-21.666666666666668
801010.SI,2024-01-31,0.055738972186881064,-23.666666666666668
801030.SI,2024-01-31,0.09238172441746162,-23.0
801040.SI,2024-01-31,0.06724061154816674,-12.333333333333334
801050.SI,2024-01-31,0.09961056644880184,-5.666666666666667
801080.SI,2024-01-31,0.16444841195924553,-3.0
801110.SI,2024-01-31,0.09875667582034553,-7.333333333333333
801120.SI,2024-01-31,0.08636232788670095,-17.666666666666668
801130.SI,2024-01-31,0.02713786287571307,-16.0
801140.SI,2024-01-31,0.05221524103072572,-9.0
801150.SI,2024-01-31,0.10501545930603595,-26.666666666666668
801160.SI,2024-01-31,0.03533806985832233,-25.333333333333332
801170.SI,2024-01-31,0.049903555550971035,-17.666666666666668
801180.SI,2024-01-31,0.022757321019812204,-12.666666666666666
801200.SI,2024-01-31,0.04254568626112287,-20.333333333333332
801210.SI,2024-01-31,0.06404051992025206,-21.0
801230.SI,2024-01-31,0.0008049452992973105,-22.333333333333332
801710.SI,2024-01-31,0.04359503017594224,-3.0
801720.SI,2024-01-31,0.014069567415761375,-18.666666666666668
801730.SI,2024-01-31,0.10218201908205904,-5.666666666666667
801740.SI,2024-01-31,0.12868321813051842,-7.333333333333333
801750.SI,2024-01-31,0.17777226109757782,-18.0
801760.SI,2024-01-31,0.14824474173030366,-25.0
801770.SI,2024-01-31,0.19523204749590706,-23.0
801880.SI,2024-01-31,0.13638096543570555,-6.666666666666667
801890.SI,2024-01-31,0.12953691060199923,-8.666666666666666
801950.SI,2024-01-31,0.07567864459780038,-20.333333333333332
801960.SI,2024-01-31,0.056035203030134095,-19.666666666666668
801970.SI,2024-01-31,0.011527278001478125,-9.0
801980.SI,2024-01-31,0.14426709022747408,-6.333333333333333
801010.SI,2024-02-29,0.026432406870671388,-23.333333333333332
801030.SI,2024-02-29,0.023399310336116308,-4.0
801040.SI,2024-02-29,0.0013668409189007136,-19.333333333333332
801050.SI,2024-02-29,0.12495511136097415,-21.333333333333332
801080.SI,2024-02-29,0.010669314628581228,-12.333333333333334
801110.SI,2024-02-29,0.023587325932955316,-19.0
801120.SI,2024-02-29,0.015633854549270687,-19.666666666666668
801130.SI,2024-02-29,0.049938022613185806,-15.0
801140.SI,2024-02-29,0.03901304873302314,-7.333333333333333
801150.SI,2024-02-29,-0.022655829702844965,-7.333333333333333
801160.SI,2024-02-29,0.03563093549719065,-27.333333333333332
801170.SI,2024-02-29,0.010065333791816178,-26.333333333333332
801180.SI,2024-02-29,-0.03780201334188715,-20.0
801200.SI,2024-02-29,0.0037218541600725352,-13.333333333333334
801210.SI,2024-02-29,0.020841020487738504,-18.666666666666668
801230.SI,2024-02-29,0.05498109233428572,-13.666666666666666
801710.SI,2024-02-29,-0.01665246932587716,-21.666666666666668
801720.SI,2024-02-29,0.010974836461387527,-25.666666666666668
801730.SI,2024-02-29,0.03722967122930343,-9.0
801740.SI,2024-02-29,0.044114553838686454,-8.0
801750.SI,2024-02-29,-0.004787336349241,-3.0
801760.SI,2024-02-29,0.01503317101866064,-25.0
801770.SI,2024-02-29,0.042477468250716965,-12.333333333333334
801880.SI,2024-02-29,0.046133055897952024,-9.666666666666666
801890.SI,2024-02-29,0.036080474008626684,-4.333333333333333
801950.SI,2024-02-29,-0.03723995777299538,-20.333333333333332
801960.SI,2024-02-29,0.06006382193153659,-13.333333333333334
801970.SI,2024-02-29,0.049339050636368675,-5.666666666666667
801980.SI,2024-02-29,-0.012403647643452143,-9.0
801010.SI,2024-03-31,-0.007549777630811327,-19.333333333333332
801030.SI,2024-03-31,0.04509296915016381,-9.666666666666666
801040.SI,2024-03-31,0.019191072583155888,-19.666666666666668
801050.SI,2024-03-31,0.024040631308739346,-19.666666666666668
801080.SI,2024-03-31,-0.0035388028991307774,-11.0
801110.SI,2024-03-31,0.08500099042054465,-9.0
801120.SI,2024-03-31,0.007790886006628472,-18.333333333333332
801130.SI,2024-03-31,-0.014297548153124673,-9.0
801140.SI,2024-03-31,-0.00947822915331753,-18.0
801150.SI,2024-03-31,0.026176117429608237,-8.666666666666666
801160.SI,2024-03-31,0.012988026054058244,-24.333333333333332
801170.SI,2024-03-31,0.024404359519305086,-23.666666666666668
801180.SI,2024-03-31,-0.04264086625225583,-22.0
801200.SI,2024-03-31,-0.034155412018007425,-14.333333333333334
801210.SI,2024-03-31,-0.022989271844037984,-15.666666666666666
801230.SI,2024-03-31,-0.08551728204739395,-12.666666666666666
801710.SI,2024-03-31,0.010111768873854343,-21.333333333333332
801720.SI,2024-03-31,-0.021529125432887763,-26.333333333333332
801730.SI,2024-03-31,-0.0077473814335533575,-5.333333333333333
801740.SI,2024-03-31,-0.019966992863950317,-6.0
801750.SI,2024-03-31,-0.03370167793585832,-9.0
801760.SI,2024-03-31,-0.05228758169934622,-28.666666666666668
801770.SI,2024-03-31,0.015043595726390802,-15.0
801880.SI,2024-03-31,0.02555260687756622,-5.666666666666667
801890.SI,2024-03-31,-0.006071693519925758,-3.3333333333333335
801950.SI,2024-03-31,0.009142998447967843,-28.333333333333332
801960.SI,2024-03-31,0.009200864109995655,-13.333333333333334
801970.SI,2024-03-31,0.010306997566403409,-3.3333333333333335
801980.SI,2024-03-31,-0.0019076552018271187,-14.333333333333334
801010.SI,2024-04-30,0.04328472755180357,-10.666666666666666
801030.SI,2024-04-30,-0.01456451136699144,-16.666666666666668
801040.SI,2024-04-30,-0.022217836298531135,-16.666666666666668
801050.SI,2024-04-30,-0.002809840245425854,-17.0
801080.SI,2024-04-30,-0.012458267650461097,-14.666666666666666
801110.SI,2024-04-30,-0.04001296589993164,-21.0
801120.SI,2024-04-30,-0.03673805221269555,-10.0
801130.SI,2024-04-30,-0.016093064497984977,-14.333333333333334
801140.SI,2024-04-30,-0.023457054283624434,-14.333333333333334
801150.SI,2024-04-30,-0.04231855400651052,-15.0
801160.SI,2024-04-30,0.03145267553091369,-26.666666666666668
801170.SI,2024-04-30,0.023666307438863887,-20.666666666666668
801180.SI,2024-04-30,0.06139055578246255,-18.333333333333332
801200.SI,2024-04-30,-0.04630661667848823,-16.0
801210.SI,2024-04-30,-0.04019657489498252,-13.333333333333334
801230.SI,2024-04-30,-0.04658907194937156,-18.333333333333332
801710.SI,2024-04-30,0.003036652531825945,-17.333333333333332
801720.SI,2024-04-30,-0.0013861342742245153,-18.666666666666668
801730.SI,2024-04-30,-0.005736053009252284,-8.0
801740.SI,2024-04-30,0.018341950887845293,-3.3333333333333335
801750.SI,2024-04-30,-0.0698281625004109,-4.333333333333333
801760.SI,2024-04-30,-0.07776456599286574,-15.333333333333334
801770.SI,2024-04-30,-0.06133930191760928,-5.0
801880.SI,2024-04-30,-0.035417771953186294,-8.333333333333334
801890.SI,2024-04-30,-0.021956839954202167,-9.0
801950.SI,2024-04-30,0.0632792625480012,-28.666666666666668
801960.SI,2024-04-30,-0.01324612148303983,-24.333333333333332
801970.SI,2024-04-30,-0.010446588435330306,-22.666666666666668
801980.SI,2024-04-30,-0.03688727321715368,-6.333333333333333
801010.SI,2024-05-31,-0.1101346720396732,-10.333333333333334
801030.SI,2024-05-31,-0.09062909155189103,-12.0
801040.SI,2024-05-31,-0.09784019147034217,-15.666666666666666
801050.SI,2024-05-31,-0.07328972671846568,-13.666666666666666
801080.SI,2024-05-31,0.0319285499685904,-16.666666666666668
801110.SI,2024-05-31,-0.05541863795666335,-13.666666666666666
801120.SI,2024-05-31,-0.11783060343978824,-9.333333333333334
801130.SI,2024-05-31,-0.11489081236675214,-16.666666666666668
801140.SI,2024-05-31,-0.11837002991098045,-13.666666666666666
801150.SI,2024-05-31,-0.0866953862036397,-26.666666666666668
801160.SI,2024-05-31,0.0072666943177104315,-22.333333333333332
801170.SI,2024-05-31,-0.043715390822828715,-16.666666666666668
801180.SI,2024-05-31,-0.13469299154407044,-12.666666666666666
801200.SI,2024-05-31,-0.12342399773339008,-12.333333333333334
801210.SI,2024-05-31,-0.12607331188304216,-12.333333333333334
801230.SI,2024-05-31,-0.14735550445419232,-15.333333333333334
801710.SI,2024-05-31,-0.09133361607666557,-15.666666666666666
801720.SI,2024-05-31,-0.04949826904191057,-18.333333333333332
801730.SI,2024-05-31,-0.1052588744562154,-13.0
801740.SI,2024-05-31,-0.037925251929257886,-4.666666666666667
801750.SI,2024-05-31,-0.06609250417514712,-10.0
801760.SI,2024-05-31,-0.08643999115891832,-17.666666666666668
801770.SI,2024-05-31,0.029215269274559086,-3.6666666666666665
801880.SI,2024-05-31,-0.027934354812565787,-10.0
801890.SI,2024-05-31,-0.06877926619643182,-14.666666666666666
801950.SI,2024-05-31,-0.0554135395345311,-26.666666666666668
801960.SI,2024-05-31,-0.02018586989107629,-25.0
801970.SI,2024-05-31,-0.09379474629663387,-26.666666666666668
801980.SI,2024-05-31,-0.08924805210416453,-9.0
801010.SI,2024-06-30,-0.002717906324979258,-15.333333333333334
801030.SI,2024-06-30,-0.032433002326056504,-15.0
801040.SI,2024-06-30,0.008193228067932434,-15.0
801050.SI,2024-06-30,-0.0357637216790081,-16.666666666666668
801080.SI,2024-06-30,0.011281092113234248,-15.666666666666666
801110.SI,2024-06-30,-0.02266022401367418,-14.666666666666666
801120.SI,2024-06-30,-0.02741363146610243,-7.333333333333333
801130.SI,2024-06-30,-0.058363600443748775,-15.666666666666666
801140.SI,2024-06-30,-0.03937139851692595,-14.333333333333334
801150.SI,2024-06-30,0.0022291600591037852,-26.333333333333332
801160.SI,2024-06-30,-0.008412531088893616,-22.666666666666668
801170.SI,2024-06-30,0.0049806979766824355,-14.666666666666666
801180.SI,2024-06-30,0.02267440534561782,-18.0
801200.SI,2024-06-30,0.04997777867560904,-15.0
801210.SI,2024-06-30,0.015294575813643574,-16.666666666666668
801230.SI,2024-06-30,0.07471075503983138,-11.333333333333334
801710.SI,2024-06-30,-0.017254648824449492,-13.666666666666666
801720.SI,2024-06-30,-0.01372606740665061,-16.666666666666668
801730.SI,2024-06-30,0.005030239790209112,-8.666666666666666
801740.SI,2024-06-30,0.044584856481145296,-2.6666666666666665
801750.SI,2024-06-30,-0.0030056454410697375,-13.333333333333334
801760.SI,2024-06-30,-0.013588983648863961,-12.333333333333334
801770.SI,2024-06-30,-0.022692074888856495,-4.333333333333333
801880.SI,2024-06-30,0.0024487807619886226,-10.666666666666666
801890.SI,2024-06-30,-0.023328161674026293,-16.0
801950.SI,2024-06-30,-0.10859997239174202,-27.0
801960.SI,2024-06-30,-0.05575386707462171,-26.666666666666668
801970.SI,2024-06-30,0.019011297609043964,-25.666666666666668
801980.SI,2024-06-30,-0.025434954764704476,-3.0
801010.SI,2024-07-31,-0.08359110593544161,-11.333333333333334
801030.SI,2024-07-31,-0.04034405497252036,-8.666666666666666
801040.SI,2024-07-31,-0.06956788231688626,-6.0
801050.SI,2024-07-31,-0.03963558806782541,-12.0
801080.SI,2024-07-31,-0.05279259263567471,-20.666666666666668
801110.SI,2024-07-31,-0.019270196149324126,-24.0
801120.SI,2024-07-31,-0.02447392171396845,-7.666666666666667
801130.SI,2024-07-31,-0.027064756909421006,-13.0
801140.SI,2024-07-31,-0.03383130674399992,-12.333333333333334
801150.SI,2024-07-31,-0.032806603915075505,-17.666666666666668
801160.SI,2024-07-31,-0.04675489703457936,-20.666666666666668
801170.SI,2024-07-31,-0.04824271437050909,-11.666666666666666
801180.SI,2024-07-31,-0.04491199901880438,-15.666666666666666
801200.SI,2024-07-31,-0.03638858960545899,-12.0
801210.SI,2024-07-31,-0.02850932595554856,-11.666666666666666
801230.SI,2024-07-31,-0.02459405314213403,-10.333333333333334
801710.SI,2024-07-31,-0.07133185125303154,-21.0
801720.SI,2024-07-31,-0.06244549918358511,-20.0
801730.SI,2024-07-31,-0.037513212786049244,-12.333333333333334
801740.SI,2024-07-31,-0.0890487152944085,-14.0
801750.SI,2024-07-31,-0.06954703480040614,-17.666666666666668
801760.SI,2024-07-31,-0.016474195196729657,-16.0
801770.SI,2024-07-31,-0.062015470764867464,-18.0
801880.SI,2024-07-31,-0.05688525386792054,-14.0
801890.SI,2024-07-31,-0.04510684056601455,-15.666666666666666
801950.SI,2024-07-31,-0.009399579359820165,-28.666666666666668
801960.SI,2024-07-31,-0.0009720972097209124,-22.666666666666668
801970.SI,2024-07-31,-0.05854243022272343,-12.0
801980.SI,2024-07-31,-0.08126595930669211,-7.666666666666667
801010.SI,2024-08-31,0.19483934732922092,-17.0
801030.SI,2024-08-31,0.20535720621944042,-3.0
801040.SI,2024-08-31,0.21865203761755492,-1.6666666666666667
801050.SI,2024-08-31,0.19600148725781819,-13.333333333333334
801080.SI,2024-08-31,0.1911641901019281,-24.333333333333332
801110.SI,2024-08-31,0.21905641019778854,-20.666666666666668
801120.SI,2024-08-31,0.2464518229373649,-9.0
801130.SI,2024-08-31,0.1973857726982442,-18.666666666666668
801140.SI,2024-08-31,0.22895182583569973,-5.666666666666667
801150.SI,2024-08-31,0.21342974373606327,-3.0
801160.SI,2024-08-31,0.08917447179263771,-23.666666666666668
801170.SI,2024-08-31,0.16351799458489258,-18.333333333333332
801180.SI,2024-08-31,0.36217654990456283,-21.0
801200.SI,2024-08-31,0.26013949711821316,-15.333333333333334
801210.SI,2024-08-31,0.2716614154624839,-13.666666666666666
801230.SI,2024-08-31,0.25160662648974386,-16.333333333333332
801710.SI,2024-08-31,0.22900730133513236,-26.0
801720.SI,2024-08-31,0.18570028527019522,-18.0
801730.SI,2024-08-31,0.27113808661217553,-17.0
801740.SI,2024-08-31,0.19651625268192574,-15.333333333333334
801750.SI,2024-08-31,0.3493159533814749,-16.333333333333332
801760.SI,2024-08-31,0.2684802261061119,-10.666666666666666
801770.SI,2024-08-31,0.2459881602914391,-7.333333333333333
801880.SI,2024-08-31,0.22464061069428398,-12.333333333333334
801890.SI,2024-08-31,0.22109609609609593,-11.0
801950.SI,2024-08-31,0.14654150700569324,-28.0
801960.SI,2024-08-31,0.08130315698428725,-23.0
801970.SI,2024-08-31,0.2040142542710408,-12.333333333333334
801980.SI,2024-08-31,0.32021023403411353,-13.0
801010.SI,2024-09-30,-0.02293239191125418,-20.0
801030.SI,2024-09-30,-0.010214865425771547,-6.0
801040.SI,2024-09-30,-0.005270515867468184,-10.0
801050.SI,2024-09-30,-0.035730339910852615,-20.0
801080.SI,2024-09-30,0.1464949766228678,-23.333333333333332
801110.SI,2024-09-30,-0.013522953974836605,-11.0
801120.SI,2024-09-30,-0.09442301354992533,-9.0
801130.SI,2024-09-30,-0.013576227748147263,-9.666666666666666
801140.SI,2024-09-30,0.018454522422092667,-6.666666666666667
801150.SI,2024-09-30,-0.04320917447371886,-1.3333333333333333
801160.SI,2024-09-30,-0.04161267098632104,-21.666666666666668
801170.SI,2024-09-30,-0.03931565828234773,-21.0
801180.SI,2024-09-30,0.030565982756551868,-20.0
801200.SI,2024-09-30,0.0401920344774771,-18.0
801210.SI,2024-09-30,0.035993775343777346,-13.666666666666666
801230.SI,2024-09-30,0.10720485736247976,-15.0
801710.SI,2024-09-30,0.04711280512098592,-26.666666666666668
801720.SI,2024-09-30,0.06523364289173883,-17.666666666666668
801730.SI,2024-09-30,0.04343141236881731,-12.333333333333334
801740.SI,2024-09-30,0.10211067955660136,-9.666666666666666
801750.SI,2024-09-30,0.14462667274747587,-7.0
801760.SI,2024-09-30,0.05155804580752976,-8.666666666666666
801770.SI,2024-09-30,0.06280631096524725,-18.333333333333332
801880.SI,2024-09-30,0.014531661383161643,-20.0
801890.SI,2024-09-30,0.04544057233882004,-7.666666666666667
801950.SI,2024-09-30,-0.08037860291086651,-27.333333333333332
801960.SI,2024-09-30,-0.07084888681509127,-20.0
801970.SI,2024-09-30,0.08779107725788915,-15.333333333333334
801980.SI,2024-09-30,-0.044230289028606595,-18.0
801010.SI,2024-10-31,-0.0026343041581944338,-17.333333333333332
801030.SI,2024-10-31,0.01716676927469507,-10.333333333333334
801040.SI,2024-10-31,0.004178788432439129,-22.666666666666668
801050.SI,2024-10-31,-0.003914555086961147,-7.666666666666667
801080.SI,2024-10-31,-0.00843030052335303,-26.666666666666668
801110.SI,2024-10-31,-0.024090873984826566,-19.0
801120.SI,2024-10-31,0.02412055376046074,-7.0
801130.SI,2024-10-31,0.0690049856049435,-10.0
801140.SI,2024-10-31,0.06325127368253458,-13.0
801150.SI,2024-10-31,0.02147569075753264,-10.333333333333334
801160.SI,2024-10-31,-0.022302350427350404,-27.333333333333332
801170.SI,2024-10-31,0.02119262975496028,-26.0
801180.SI,2024-10-31,-0.005413788945392239,-6.666666666666667
801200.SI,2024-10-31,0.13594751994150833,-13.666666666666666
801210.SI,2024-10-31,0.013812560330654033,-8.0
801230.SI,2024-10-31,0.08574013908444522,-15.666666666666666
801710.SI,2024-10-31,-0.024619878961597785,-17.666666666666668
801720.SI,2024-10-31,0.010531830245281482,-18.333333333333332
801730.SI,2024-10-31,0.012136493753176936,-6.0
801740.SI,2024-10-31,-0.02578794718937094,-17.0
801750.SI,2024-10-31,0.04393584516901616,-8.333333333333334
801760.SI,2024-10-31,0.06651086702500564,-10.666666666666666
801770.SI,2024-10-31,-0.019085019463281117,-19.333333333333332
801880.SI,2024-10-31,0.006936856897219901,-19.0
801890.SI,2024-10-31,0.03427651100002693,-13.666666666666666
801950.SI,2024-10-31,-0.011309525861920355,-28.333333333333332
801960.SI,2024-10-31,0.02193466232636543,-19.0
801970.SI,2024-10-31,0.007956831900493677,-11.333333333333334
801980.SI,2024-10-31,-0.008360344439393819,-5.0
801010.SI,2024-11-30,-0.04094524591779114,-10.0
801030.SI,2024-11-30,-0.04080373563974593,-9.333333333333334
801040.SI,2024-11-30,-0.019220810726332194,-16.0
801050.SI,2024-11-30,-0.05567960390063409,-11.333333333333334
801080.SI,2024-11-30,0.004876732702449038,-27.0
801110.SI,2024-11-30,0.02791448017240339,-8.666666666666666
801120.SI,2024-11-30,-0.012207189442181021,-7.0
801130.SI,2024-11-30,-0.01795884049212737,-6.666666666666667
801140.SI,2024-11-30,-0.051112514915420904,-8.666666666666666
801150.SI,2024-11-30,-0.055643016477812,-12.333333333333334
801160.SI,2024-11-30,0.022431191094112846,-27.666666666666668
801170.SI,2024-11-30,0.001630198200118782,-15.333333333333334
801180.SI,2024-11-30,-0.09810405735905847,-8.666666666666666
801200.SI,2024-11-30,0.0007241000151971821,-19.666666666666668
801210.SI,2024-11-30,-0.05160664550274596,-12.0
801230.SI,2024-11-30,-0.018238053841235113,-12.0
801710.SI,2024-11-30,-0.04839779292887714,-17.333333333333332
801720.SI,2024-11-30,-0.02601359612657117,-21.666666666666668
801730.SI,2024-11-30,-0.059973329914769336,-10.666666666666666
801740.SI,2024-11-30,-0.026477169959535085,-24.333333333333332
801750.SI,2024-11-30,-0.07065273545815898,-13.666666666666666
801760.SI,2024-11-30,-0.058389575481345046,-21.333333333333332
801770.SI,2024-11-30,0.04391524746366393,-19.0
801880.SI,2024-11-30,0.017000110884062947,-20.666666666666668
801890.SI,2024-11-30,-0.019229153878460914,-9.666666666666666
801950.SI,2024-11-30,0.013078004191936277,-21.0
801960.SI,2024-11-30,0.015979431198940075,-21.666666666666668
801970.SI,2024-11-30,-0.04985368841302962,-14.0
801980.SI,2024-11-30,-0.06641848270780404,-7.666666666666667
801010.SI,2024-12-31,-0.02983989505460638,-8.0
801030.SI,2024-12-31,-0.005651611959225478,-9.0
801040.SI,2024-12-31,-0.011896437728022846,-7.666666666666667
801050.SI,2024-12-31,0.044675879286427245,-13.333333333333334
801080.SI,2024-12-31,-0.0026600485080940928,-26.333333333333332
801110.SI,2024-12-31,-0.006752683128478654,-4.333333333333333
801120.SI,2024-12-31,-0.06840832727301072,-11.333333333333334
801130.SI,2024-12-31,-0.025972722955392102,-8.666666666666666
801140.SI,2024-12-31,-0.026323835448905708,-10.333333333333334
801150.SI,2024-12-31,-0.037715080078257524,-14.666666666666666
801160.SI,2024-12-31,-0.05176451924000203,-28.0
801170.SI,2024-12-31,-0.042041216357048605,-16.0
801180.SI,2024-12-31,-0.061224962800550675,-15.666666666666666
801200.SI,2024-12-31,-0.0761452154648753,-15.0
801210.SI,2024-12-31,-0.026857525552516415,-10.0
801230.SI,2024-12-31,-0.027673190704617934,-12.666666666666666
801710.SI,2024-12-31,-0.012712539911727272,-5.0
801720.SI,2024-12-31,-0.05923143745198367,-17.333333333333332
801730.SI,2024-12-31,-0.03668487812010557,-13.666666666666666
801740.SI,2024-12-31,-0.07277017589064128,-22.333333333333332
801750.SI,2024-12-31,-0.021630071994354738,-15.333333333333334
801760.SI,2024-12-31,-0.0059264315745380935,-15.666666666666666
801770.SI,2024-12-31,-0.00848946037524212,-21.333333333333332
801880.SI,2024-12-31,0.008353296304488111,-22.333333333333332
801890.SI,2024-12-31,0.00965814387076791,-23.666666666666668
801950.SI,2024-12-31,-0.06634973200546657,-18.0
801960.SI,2024-12-31,-0.04221799965451711,-20.666666666666668
801970.SI,2024-12-31,-0.04228117819093391,-9.0
801980.SI,2024-12-31,-0.03704256051393828,-19.666666666666668
801010.SI,2025-01-31,0.002040467230340459,-27.333333333333332
801030.SI,2025-01-31,0.03319190420424656,-12.333333333333334
801040.SI,2025-01-31,0.07098156260530497,-22.666666666666668
801050.SI,2025-01-31,-0.005333747145802259,-13.666666666666666
801080.SI,2025-01-31,0.08306375354601103,-19.0
801110.SI,2025-01-31,0.007384122229165291,-11.666666666666666
801120.SI,2025-01-31,0.041391310377146606,-23.666666666666668
801130.SI,2025-01-31,0.0168520807581376,-1.0
801140.SI,2025-01-31,0.026848118960312695,-9.0
801150.SI,2025-01-31,0.05073151921173191,-3.3333333333333335
801160.SI,2025-01-31,-0.009369166285090436,-6.666666666666667
801170.SI,2025-01-31,-0.008068958812664229,-26.0
801180.SI,2025-01-31,0.05369319724868027,-17.666666666666668
801200.SI,2025-01-31,0.02973796170953391,-11.333333333333334
801210.SI,2025-01-31,0.037610465789372105,-18.333333333333332
801230.SI,2025-01-31,0.028378002062212637,-13.666666666666666
801710.SI,2025-01-31,0.005658436213991758,-19.333333333333332
801720.SI,2025-01-31,0.0350564436497558,-6.666666666666667
801730.SI,2025-01-31,0.06408525630453843,-14.333333333333334
801740.SI,2025-01-31,0.036637269097450575,-23.333333333333332
801750.SI,2025-01-31,0.16305346060724113,-12.333333333333334
801760.SI,2025-01-31,0.060991026141240745,-7.0
801770.SI,2025-01-31,0.03663637626035965,-14.333333333333334
801880.SI,2025-01-31,0.09178464128764174,-13.0
801890.SI,2025-01-31,0.10708296629800018,-10.0
801950.SI,2025-01-31,-0.07583595423590717,-21.333333333333332
801960.SI,2025-01-31,-0.010622948454351966,-21.0
801970.SI,2025-01-31,0.04746947856488504,-15.0
801980.SI,2025-01-31,0.02316150629608882,-20.0
801010.SI,2025-02-28,0.019700609267862434,-26.666666666666668
801030.SI,2025-02-28,0.011690666160268925,-17.333333333333332
801040.SI,2025-02-28,-0.0017664906169231331,-24.0
801050.SI,2025-02-28,0.07749997771259931,-15.333333333333334
801080.SI,2025-02-28,-0.043718825976890585,-20.0
801110.SI,2025-02-28,0.04319986552202559,-13.0
801120.SI,2025-02-28,0.018665148306969526,-18.333333333333332
801130.SI,2025-02-28,0.0005200102651377048,-1.0
801140.SI,2025-02-28,-0.016819157069224988,-9.666666666666666
801150.SI,2025-02-28,0.01171653543307083,-3.3333333333333335
801160.SI,2025-02-28,0.018728888888888795,-8.666666666666666
801170.SI,2025-02-28,0.0022775003500257185,-26.0
801180.SI,2025-02-28,-0.04799550130040531,-18.666666666666668
801200.SI,2025-02-28,-0.035273790911352854,-11.333333333333334
801210.SI,2025-02-28,0.033150349355588915,-18.666666666666668
801230.SI,2025-02-28,-0.04322019943280586,-13.666666666666666
801710.SI,2025-02-28,0.026160356909384896,-11.666666666666666
801720.SI,2025-02-28,-0.03341532463916086,-9.333333333333334
801730.SI,2025-02-28,-0.031227926280807283,-12.0
801740.SI,2025-02-28,0.022044922260786137,-19.333333333333332
801750.SI,2025-02-28,-0.054254801556916865,-12.333333333333334
801760.SI,2025-02-28,-0.01297383169321753,-7.666666666666667
801770.SI,2025-02-28,-0.038438919201489785,-13.0
801880.SI,2025-02-28,0.011936814255699923,-17.666666666666668
801890.SI,2025-02-28,-0.010485306425565666,-10.333333333333334
801950.SI,2025-02-28,0.036265853843422624,-24.666666666666668
801960.SI,2025-02-28,-0.0069544451938677865,-21.0
801970.SI,2025-02-28,0.028183343447685028,-10.666666666666666
801980.SI,2025-02-28,0.03411996479020818,-19.666666666666668
801010.SI,2025-03-31,0.03385682397959178,-26.0
801030.SI,2025-03-31,-0.02671566542801085,-11.333333333333334
801040.SI,2025-03-31,-0.04056159436604512,-25.666666666666668
801050.SI,2025-03-31,-0.047807767805616685,-14.666666666666666
801080.SI,2025-03-31,-0.04793887727621193,-22.333333333333332
801110.SI,2025-03-31,-0.0565089459069652,-26.0
801120.SI,2025-03-31,-0.002253275109170394,-23.666666666666668
801130.SI,2025-03-31,-0.014923962713717653,-7.666666666666667
801140.SI,2025-03-31,-0.02083427396092008,-8.333333333333334
801150.SI,2025-03-31,-0.020692847648773882,-19.666666666666668
801160.SI,2025-03-31,0.014584623975848032,-9.333333333333334
801170.SI,2025-03-31,-0.012400003725123177,-23.666666666666668
801180.SI,2025-03-31,-0.01621438029465483,-11.666666666666666
801200.SI,2025-03-31,0.017359522673960015,-10.0
801210.SI,2025-03-31,-0.04038192011212338,-6.333333333333333
801230.SI,2025-03-31,-0.03332007465654918,-6.0
801710.SI,2025-03-31,-0.03611775487851221,-18.0
801720.SI,2025-03-31,-0.013572125926281653,-8.666666666666666
801730.SI,2025-03-31,-0.08231644729111176,-13.0
801740.SI,2025-03-31,-0.024634009980604832,-15.0
801750.SI,2025-03-31,-0.04894843926248427,-4.666666666666667
801760.SI,2025-03-31,-0.022250040982995656,-4.333333333333333
801770.SI,2025-03-31,-0.06694075873668481,-13.333333333333334
801880.SI,2025-03-31,-0.0392538469497038,-15.666666666666666
801890.SI,2025-03-31,-0.04643003925259237,-15.666666666666666
801950.SI,2025-03-31,-0.04325880980522745,-26.0
801960.SI,2025-03-31,-0.02114712118291706,-22.666666666666668
801970.SI,2025-03-31,-0.03084223013048648,-19.333333333333332
801980.SI,2025-03-31,0.061484694130310436,-6.333333333333333
801010.SI,2025-04-30,0.02477503527724445,-11.666666666666666
801030.SI,2025-04-30,0.019704567096175296,-23.0
801040.SI,2025-04-30,-0.0030834358016462726,-21.666666666666668
801050.SI,2025-04-30,0.014109014128564912,-16.666666666666668
801080.SI,2025-04-30,-0.02850751918510619,-27.666666666666668
801110.SI,2025-04-30,0.034964513502428796,-12.666666666666666
801120.SI,2025-04-30,-0.001251446420191149,-15.0
801130.SI,2025-04-30,0.06028504865013029,-10.333333333333334
801140.SI,2025-04-30,0.04820116609113545,-8.666666666666666
801150.SI,2025-04-30,0.06420987452972837,-16.666666666666668
801160.SI,2025-04-30,0.023147013420365736,-8.0
801170.SI,2025-04-30,0.055555293618425816,-18.666666666666668
801180.SI,2025-04-30,-0.0043680794960446745,-5.333333333333333
801200.SI,2025-04-30,0.016551460211916336,-8.666666666666666
801210.SI,2025-04-30,-0.008553047023001858,-11.0
801230.SI,2025-04-30,0.04765540925492173,-14.333333333333334
801710.SI,2025-04-30,0.013547860449152571,-21.333333333333332
801720.SI,2025-04-30,0.02909696645195492,-22.0
801730.SI,2025-04-30,0.02171924200184816,-13.0
801740.SI,2025-04-30,0.06337749094202905,-21.0
801750.SI,2025-04-30,-0.006790384832812024,-16.666666666666668
801760.SI,2025-04-30,0.02203999512254584,-10.333333333333334
801770.SI,2025-04-30,0.03975178802930768,-24.0
801880.SI,2025-04-30,0.014383715143065912,-23.666666666666668
801890.SI,2025-04-30,0.007882967293805887,-20.666666666666668
801950.SI,2025-04-30,0.03771383041653409,-9.333333333333334
801960.SI,2025-04-30,0.018819094770598177,-3.6666666666666665
801970.SI,2025-04-30,0.06829268292682933,-15.666666666666666
801980.SI,2025-04-30,0.025482517363836443,-3.6666666666666665
801010.SI,2025-05-31,0.005139202407825394,-8.333333333333334
801030.SI,2025-05-31,0.04099695322866159,-24.0
801040.SI,2025-05-31,-0.0005084338824105084,-21.666666666666668
801050.SI,2025-05-31,0.09255867654587546,-14.333333333333334
801080.SI,2025-05-31,0.08862959578140961,-27.333333333333332
801110.SI,2025-05-31,-0.030377193165945005,-22.333333333333332
801120.SI,2025-05-31,-0.05895218358698018,-8.0
801130.SI,2025-05-31,0.019381147488011896,-21.0
801140.SI,2025-05-31,0.03619922772374018,-12.333333333333334
801150.SI,2025-05-31,0.00704698204487153,-10.333333333333334
801160.SI,2025-05-31,-0.0054425485416492725,-10.0
801170.SI,2025-05-31,-0.01114892932758027,-23.0
801180.SI,2025-05-31,0.009292111002784154,-7.666666666666667
801200.SI,2025-05-31,0.027119361897366856,-7.0
801210.SI,2025-05-31,0.04132303326501652,-11.0
801230.SI,2025-05-31,0.06833158985940169,-16.0
801710.SI,2025-05-31,-0.00775190251090252,-14.666666666666666
801720.SI,2025-05-31,0.014589103369263112,-18.666666666666668
801730.SI,2025-05-31,0.06684695866722845,-12.0
801740.SI,2025-05-31,0.10889876753533678,-19.333333333333332
801750.SI,2025-05-31,0.07108674690189654,-16.666666666666668
801760.SI,2025-05-31,0.0840069197959854,-8.666666666666666
801770.SI,2025-05-31,0.14093933875035036,-26.0
801880.SI,2025-05-31,0.003088731080984175,-18.0
801890.SI,2025-05-31,0.028205064640479893,-24.666666666666668
801950.SI,2025-05-31,-0.011916626272418851,-9.0
801960.SI,2025-05-31,0.01449555469655972,-2.0
801970.SI,2025-05-31,0.01075881803904477,-15.666666666666666
801980.SI,2025-05-31,-0.03610926076864818,-5.333333333333333
801010.SI,2025-06-30,0.03838811824857946,-9.0
801030.SI,2025-06-30,0.058680421502055324,-23.666666666666668
801040.SI,2025-06-30,0.16760476475326036,-19.666666666666668
801050.SI,2025-06-30,0.057433697546706464,-13.666666666666666
801080.SI,2025-06-30,0.0659081541898956,-27.333333333333332
801110.SI,2025-06-30,0.006437161273002312,-13.666666666666666
801120.SI,2025-06-30,0.002083788986922963,-9.333333333333334
801130.SI,2025-06-30,0.007195521659471238,-19.666666666666668
801140.SI,2025-06-30,0.0093397988641295,-16.333333333333332
801150.SI,2025-06-30,0.13927503317638235,-13.0
801160.SI,2025-06-30,-0.0077204251093410114,-8.0
801170.SI,2025-06-30,-0.002186266272777404,-20.0
801180.SI,2025-06-30,0.04253740632857839,-7.333333333333333
801200.SI,2025-06-30,0.019118698114244825,-6.333333333333333
801210.SI,2025-06-30,0.051326306049011894,-9.0
801230.SI,2025-06-30,0.09520628086436123,-15.333333333333334
801710.SI,2025-06-30,0.1336420194343113,-16.333333333333332
801720.SI,2025-06-30,0.054072673590427556,-18.666666666666668
801730.SI,2025-06-30,0.03486764166792877,-11.666666666666666
801740.SI,2025-06-30,0.030786403571942955,-21.666666666666668
801750.SI,2025-06-30,0.03858593268092614,-17.0
801760.SI,2025-06-30,0.0317663406111135,-12.666666666666666
801770.SI,2025-06-30,0.10754203234886917,-27.333333333333332
801880.SI,2025-06-30,0.004213368649734095,-20.0
801890.SI,2025-06-30,0.05665893131611455,-23.666666666666668
801950.SI,2025-06-30,0.026094771626596458,-9.333333333333334
801960.SI,2025-06-30,0.04508341724954401,-2.0
801970.SI,2025-06-30,0.016007918251791597,-20.666666666666668
801980.SI,2025-06-30,0.014926846647307812,-2.6666666666666665
801010.SI,2025-07-31,0.08161933804817223,-23.333333333333332
801030.SI,2025-07-31,0.08981457894807421,-21.666666666666668
801040.SI,2025-07-31,0.0077130052078921985,-15.0
801050.SI,2025-07-31,0.18908746382172392,-4.666666666666667
801080.SI,2025-07-31,0.24787890258520529,-13.0
801110.SI,2025-07-31,0.06739426849817498,-9.333333333333334
801120.SI,2025-07-31,0.06649761594105574,-7.333333333333333
801130.SI,2025-07-31,0.027122463366735516,-13.333333333333334
801140.SI,2025-07-31,0.06402587206041788,-20.0
801150.SI,2025-07-31,0.026063086161909332,-15.0
801160.SI,2025-07-31,0.025287669599434404,-15.333333333333334
801170.SI,2025-07-31,0.021412597669512756,-11.666666666666666
801180.SI,2025-07-31,0.06474414694953623,-7.666666666666667
801200.SI,2025-07-31,0.07473442395961194,-20.333333333333332
801210.SI,2025-07-31,0.0505082855615564,-7.0
801230.SI,2025-07-31,0.21895334125180765,-27.0
801710.SI,2025-07-31,0.06748884305421643,-18.0
801720.SI,2025-07-31,0.01853125890689644,-22.666666666666668
801730.SI,2025-07-31,0.15370286283241508,-19.333333333333332
801740.SI,2025-07-31,0.09889847579790656,-22.333333333333332
801750.SI,2025-07-31,0.15481158955014251,-15.333333333333334
801760.SI,2025-07-31,0.10703237506000307,-13.0
801770.SI,2025-07-31,0.34408831632455095,-21.0
801880.SI,2025-07-31,0.11647670223841389,-8.333333333333334
801890.SI,2025-07-31,0.1291463449416732,-26.0
801950.SI,2025-07-31,0.004413828977513967,-5.0
801960.SI,2025-07-31,0.013728477367326963,-5.333333333333333
801970.SI,2025-07-31,0.052785684352601114,-21.333333333333332
801980.SI,2025-07-31,0.06840856513298954,-5.666666666666667
801010.SI,2025-08-31,-0.012134037625181282,-23.666666666666668
801030.SI,2025-08-31,0.01216445636394936,-22.0
801040.SI,2025-08-31,-0.0019415143812174795,-5.666666666666667
801050.SI,2025-08-31,0.12789751234161728,-1.6666666666666667
801080.SI,2025-08-31,0.1096328285282806,-15.666666666666666
801110.SI,2025-08-31,0.007701327288001547,-10.0
801120.SI,2025-08-31,-0.041452903755386794,-9.333333333333334
801130.SI,2025-08-31,-0.009259656455101961,-12.333333333333334
801140.SI,2025-08-31,-0.005411198369613013,-20.666666666666668
801150.SI,2025-08-31,-0.017106878827562233,-10.666666666666666
801160.SI,2025-08-31,0.004058050474339048,-16.666666666666668
801170.SI,2025-08-31,-0.012835286400624035,-11.333333333333334
801180.SI,2025-08-31,0.0815263710335794,-9.666666666666666
801200.SI,2025-08-31,-0.039068872482379335,-18.666666666666668
801210.SI,2025-08-31,-0.047641189746649104,-13.333333333333334
801230.SI,2025-08-31,-0.005507584844609337,-28.333333333333332
801710.SI,2025-08-31,-0.00711888887406853,-8.0
801720.SI,2025-08-31,0.013403131257086143,-21.333333333333332
801730.SI,2025-08-31,0.21169681321469147,-22.0
801740.SI,2025-08-31,-0.07213813053314189,-15.333333333333334
801750.SI,2025-08-31,-0.019545292640760437,-18.333333333333332
801760.SI,2025-08-31,0.05345506666827271,-21.0
801770.SI,2025-08-31,-0.001462039555490513,-23.333333333333332
801880.SI,2025-08-31,0.05171870555264291,-7.333333333333333
801890.SI,2025-08-31,0.0528985324206217,-22.333333333333332
801950.SI,2025-08-31,0.018834371013499274,-12.0
801960.SI,2025-08-31,-0.03952731632128781,-5.333333333333333
801970.SI,2025-08-31,0.007723245210450536,-22.666666666666668
801980.SI,2025-08-31,-0.05002335505221234,-6.333333333333333
801010.SI,2025-09-30,-0.0059374409629449065,-26.333333333333332
801030.SI,2025-09-30,0.005457321075226007,-12.333333333333334
801040.SI,2025-09-30,0.05163244023744595,-8.0
801050.SI,2025-09-30,0.050026957904195646,-9.666666666666666
801080.SI,2025-09-30,-0.03527200256320562,-27.333333333333332
801110.SI,2025-09-30,0.007043516576952902,-4.0
801120.SI,2025-09-30,-0.004808450861186864,-4.333333333333333
801130.SI,2025-09-30,0.02720356281313796,-15.666666666666666
801140.SI,2025-09-30,0.012855275476497452,-18.666666666666668
801150.SI,2025-09-30,-0.018261042323997834,-6.333333333333333
801160.SI,2025-09-30,0.04473117034083063,-18.333333333333332
801170.SI,2025-09-30,0.028047159815383527,-12.333333333333334
801180.SI,2025-09-30,-0.02371126751801056,-7.666666666666667
801200.SI,2025-09-30,0.012388725650233967,-13.666666666666666
801210.SI,2025-09-30,0.0026888035227357054,-9.666666666666666
801230.SI,2025-09-30,0.0016694135219832429,-26.333333333333332
801710.SI,2025-09-30,0.013067467590415882,-16.333333333333332
801720.SI,2025-09-30,0.02519008012645041,-23.0
801730.SI,2025-09-30,0.009846182745308463,-18.333333333333332
801740.SI,2025-09-30,-0.019904872297054177,-21.666666666666668
801750.SI,2025-09-30,-0.022765051764530808,-20.333333333333332
801760.SI,2025-09-30,-0.060358331141880384,-18.0
801770.SI,2025-09-30,-0.004487536914276391,-24.0
801880.SI,2025-09-30,-0.035843328558589294,-8.0
801890.SI,2025-09-30,-0.016308728696453167,-18.666666666666668
801950.SI,2025-09-30,0.10020145691849391,-10.666666666666666
801960.SI,2025-09-30,0.04727006882778784,-8.666666666666666
801970.SI,2025-09-30,0.025834119916280374,-24.0
801980.SI,2025-09-30,-0.038448236348105125,-2.6666666666666665
801010.SI,2025-10-31,0.015129096190915625,-19.0
801030.SI,2025-10-31,0.012289087300148438,-22.666666666666668
801040.SI,2025-10-31,-0.006228236451774061,-7.333333333333333
801050.SI,2025-10-31,-0.02616462397486885,-20.333333333333332
801080.SI,2025-10-31,-0.050432739842687146,-12.0
801110.SI,2025-10-31,0.0007069010250613239,-20.0
801120.SI,2025-10-31,0.008445132570723324,-9.0
801130.SI,2025-10-31,0.029475877351446522,-12.0
801140.SI,2025-10-31,0.02316932266573657,-14.666666666666666
801150.SI,2025-10-31,-0.036175861264697406,-8.0
801160.SI,2025-10-31,-0.017565116849999618,-24.0
801170.SI,2025-10-31,-0.026928233593473627,-21.666666666666668
801180.SI,2025-10-31,-0.028102059543230085,-26.0
801200.SI,2025-10-31,0.0016210103581271174,-14.333333333333334
801210.SI,2025-10-31,0.012341071098396661,-11.666666666666666
801230.SI,2025-10-31,0.04066367541360094,-12.666666666666666
801710.SI,2025-10-31,-0.02014495883487355,-6.333333333333333
801720.SI,2025-10-31,-0.013393147389636595,-11.333333333333334
801730.SI,2025-10-31,-0.034849339169490845,-23.333333333333332
801740.SI,2025-10-31,-0.015619265119693249,-6.333333333333333
801750.SI,2025-10-31,-0.05261678514434931,-11.666666666666666
801760.SI,2025-10-31,0.016877175050497684,-13.666666666666666
801770.SI,2025-10-31,0.018452174742821015,-6.333333333333333
801880.SI,2025-10-31,-0.050758247633424514,-20.0
801890.SI,2025-10-31,-0.03395328192296254,-23.666666666666668
801950.SI,2025-10-31,-0.030676722380758137,-8.333333333333334
801960.SI,2025-10-31,0.028953058757427597,-13.333333333333334
801970.SI,2025-10-31,-0.0202328325965635,-24.333333333333332
801980.SI,2025-10-31,-0.035470059542897725,-11.0
801010.SI,2025-11-30,-0.003349803759001291,-15.0
801030.SI,2025-11-30,0.04427253750877713,-21.0
801040.SI,2025-11-30,0.021027786306416996,-7.0
801050.SI,2025-11-30,0.1368121200977741,-24.0
801080.SI,2025-11-30,0.05153899838760134,-17.333333333333332
801110.SI,2025-11-30,0.012243929394988529,-14.0
801120.SI,2025-11-30,-0.052169842306986514,-7.666666666666667
801130.SI,2025-11-30,-0.01023613296444259,-12.666666666666666
801140.SI,2025-11-30,0.037567808274633574,-13.0
801150.SI,2025-11-30,-0.04097494314966865,-7.333333333333333
801160.SI,2025-11-30,-0.024618112933779357,-20.333333333333332
801170.SI,2025-11-30,0.02342322934478691,-18.666666666666668
801180.SI,2025-11-30,-0.039636851606586254,-26.333333333333332
801200.SI,2025-11-30,0.03997029379947459,-11.666666666666666
801210.SI,2025-11-30,-0.0057345629083251914,-9.666666666666666
801230.SI,2025-11-30,0.002074042287985245,-12.666666666666666
801710.SI,2025-11-30,0.03682043152115089,-6.333333333333333
801720.SI,2025-11-30,0.0002259355142386621,-7.333333333333333
801730.SI,2025-11-30,0.012655902591308,-24.0
801740.SI,2025-11-30,0.1722358344282282,-15.333333333333334
801750.SI,2025-11-30,-0.002486481313107136,-14.333333333333334
801760.SI,2025-11-30,-0.019145855520587785,-19.666666666666668
801770.SI,2025-11-30,0.12058205282797507,-14.666666666666666
801880.SI,2025-11-30,0.057136723139882495,-19.333333333333332
801890.SI,2025-11-30,0.08592014379771373,-23.333333333333332
801950.SI,2025-11-30,-0.03556934076332674,-4.333333333333333
801960.SI,2025-11-30,0.0700770268145976,-16.0
801970.SI,2025-11-30,-0.00038790155466861265,-20.666666666666668
801980.SI,2025-11-30,-0.017046092742605823,-11.333333333333334
801010.SI,2025-12-31,-0.0014628337582180961,-13.666666666666666
801030.SI,2025-12-31,0.1272116622716637,-19.333333333333332
801040.SI,2025-12-31,0.07069414634696414,-7.333333333333333
801050.SI,2025-12-31,0.22594037763763009,-22.666666666666668
801080.SI,2025-12-31,0.10507782044768321,-17.0
801110.SI,2025-12-31,-0.009684802993731312,-17.666666666666668
801120.SI,2025-12-31,0.0010229494611171397,-7.666666666666667
801130.SI,2025-12-31,0.05932641109134629,-10.666666666666666
801140.SI,2025-12-31,0.05073782779226654,-12.0
801150.SI,2025-12-31,0.031379250205019416,-7.666666666666667
801160.SI,2025-12-31,0.03185882761299497,-18.333333333333332
801170.SI,2025-12-31,-0.0037893804378332785,-18.333333333333332
801180.SI,2025-12-31,0.043036926115907814,-25.0
801200.SI,2025-12-31,0.005260898459912733,-15.0
801210.SI,2025-12-31,0.05926484581980329,-9.0
801230.SI,2025-12-31,0.09971528199063018,-11.666666666666666
801710.SI,2025-12-31,0.1331092609340181,-4.333333333333333
801720.SI,2025-12-31,0.06440766501331763,-7.0
801730.SI,2025-12-31,0.04046200374099329,-23.333333333333332
801740.SI,2025-12-31,0.0408692974130096,-15.0
801750.SI,2025-12-31,0.0694152661736318,-14.333333333333334
801760.SI,2025-12-31,0.1794056289572885,-20.0
801770.SI,2025-12-31,0.06807136936701119,-17.0
801880.SI,2025-12-31,0.002582456844137493,-22.666666666666668
801890.SI,2025-12-31,0.06315065117425256,-21.666666666666668
801950.SI,2025-12-31,0.07856538060403895,-5.0
801960.SI,2025-12-31,0.16305581542791336,-17.333333333333332
801970.SI,2025-12-31,0.05935920347204493,-22.666666666666668
801980.SI,2025-12-31,0.004381819095982564,-11.666666666666666
801010.SI,2026-01-31,-0.0014239937060754881,-14.333333333333334
801030.SI,2026-01-31,0.05733280931800433,-18.666666666666668
801040.SI,2026-01-31,0.10023156339697459,-25.666666666666668
801050.SI,2026-01-31,0.021361157809675957,-20.0
801080.SI,2026-01-31,0.02092811018806029,-11.0
801110.SI,2026-01-31,0.010161994633239413,-13.0
801120.SI,2026-01-31,0.001288005716256757,-13.333333333333334
801130.SI,2026-01-31,-0.0004284475804426924,-13.333333333333334
801140.SI,2026-01-31,0.02761933388550375,-12.666666666666666
801150.SI,2026-01-31,-0.0017508367114204004,-26.0
801160.SI,2026-01-31,0.04535666902538482,-17.0
801170.SI,2026-01-31,0.04116822843368273,-11.0
801180.SI,2026-01-31,-0.000792443510036156,-15.666666666666666
801200.SI,2026-01-31,-0.03540170038208301,-17.666666666666668
801210.SI,2026-01-31,0.009080076976751617,-9.666666666666666
801230.SI,2026-01-31,0.18404702783551108,-8.666666666666666
801710.SI,2026-01-31,0.08147767824450636,-24.666666666666668
801720.SI,2026-01-31,0.03445196288870367,-11.666666666666666
801730.SI,2026-01-31,0.05301331311056545,-13.333333333333334
801740.SI,2026-01-31,0.07265662250579519,-18.0
801750.SI,2026-01-31,0.01558208943439987,-10.0
801760.SI,2026-01-31,-0.049534159402615074,-15.333333333333334
801770.SI,2026-01-31,0.0022794355903728025,-6.666666666666667
801880.SI,2026-01-31,0.026852141294154475,-10.666666666666666
801890.SI,2026-01-31,0.07267280400603515,-10.333333333333334
801950.SI,2026-01-31,0.07129801243730216,-17.0
801960.SI,2026-01-31,0.024386384947032047,-12.0
801970.SI,2026-01-31,0.07727418418078269,-17.0
801980.SI,2026-01-31,0.027491192337771864,-20.666666666666668
801010.SI,2026-02-28,-0.06086590863217378,-14.333333333333334
801030.SI,2026-02-28,-0.10300929923740887,-19.0
801040.SI,2026-02-28,-0.15548010989256433,-25.666666666666668
801050.SI,2026-02-28,-0.1721325566574189,-19.0
801080.SI,2026-02-28,-0.13513476963190063,-10.666666666666666
801110.SI,2026-02-28,-0.0713150440308069,-11.333333333333334
801120.SI,2026-02-28,-0.028885330393575992,-11.333333333333334
801130.SI,2026-02-28,-0.072337100599972,-14.666666666666666
801140.SI,2026-02-28,-0.08734714060211879,-12.0
801150.SI,2026-02-28,-0.03744849045496601,-24.0
801160.SI,2026-02-28,0.012503926631371565,-18.333333333333332
801170.SI,2026-02-28,-0.05544562827667843,-12.666666666666666
801180.SI,2026-02-28,-0.11254110567160003,-14.0
801200.SI,2026-02-28,-0.11756317259228988,-14.333333333333334
801210.SI,2026-02-28,-0.10524394383516888,-12.333333333333334
801230.SI,2026-02-28,-0.12703707401295505,-14.0
801710.SI,2026-02-28,-0.11717928546321343,-17.0
801720.SI,2026-02-28,-0.04762861306880595,-13.666666666666666
801730.SI,2026-02-28,-0.02538345244266882,-10.0
801740.SI,2026-02-28,-0.1593501008401842,-16.333333333333332
801750.SI,2026-02-28,-0.149341677503251,-8.666666666666666
801760.SI,2026-02-28,-0.15017521711686221,-17.333333333333332
801770.SI,2026-02-28,-0.010235320685773264,-10.666666666666666
801880.SI,2026-02-28,-0.0904806843435112,-11.0
801890.SI,2026-02-28,-0.12893440751492213,-9.0
801950.SI,2026-02-28,0.011105100609506868,-22.333333333333332
801960.SI,2026-02-28,-0.03170781565857306,-16.333333333333332
801970.SI,2026-02-28,-0.08104855307192593,-15.333333333333334
801980.SI,2026-02-28,-0.11754440746129502,-19.666666666666668
801010.SI,2026-03-31,0.0219689289923235,-15.333333333333334
801030.SI,2026-03-31,0.06737791963854023,-16.666666666666668
801040.SI,2026-03-31,0.01643933955491761,-19.0
801050.SI,2026-03-31,0.07967477063115025,-17.666666666666668
801080.SI,2026-03-31,0.2679297975675581,-12.0
801110.SI,2026-03-31,0.0627062629160744,-13.666666666666666
801120.SI,2026-03-31,-0.011168919856301085,-12.0
801130.SI,2026-03-31,0.04633183727002543,-14.0
801140.SI,2026-03-31,0.03563375996599172,-11.333333333333334
801150.SI,2026-03-31,0.010320781728384576,-25.333333333333332
801160.SI,2026-03-31,0.0015588228617262612,-20.333333333333332
801170.SI,2026-03-31,-0.0073095619634208076,-12.666666666666666
801180.SI,2026-03-31,0.06975931657915568,-12.333333333333334
801200.SI,2026-03-31,0.020251332641887165,-12.666666666666666
801210.SI,2026-03-31,0.014815919448354586,-12.666666666666666
801230.SI,2026-03-31,0.11241246157054552,-17.0
801710.SI,2026-03-31,0.10369320874980392,-18.0
801720.SI,2026-03-31,0.004074800411070223,-14.0
801730.SI,2026-03-31,0.08975605046642743,-10.0
801740.SI,2026-03-31,0.09283335933255521,-16.333333333333332
801750.SI,2026-03-31,0.06602639061685411,-11.0
801760.SI,2026-03-31,0.022321257059433552,-17.0
801770.SI,2026-03-31,0.22230075500117508,-11.0
801880.SI,2026-03-31,0.04390831682107854,-12.333333333333334
801890.SI,2026-03-31,0.10874897026885355,-13.0
801950.SI,2026-03-31,0.05469170401843915,-16.0
801960.SI,2026-03-31,0.04567434160922468,-16.666666666666668
801970.SI,2026-03-31,0.06880468175643784,-15.333333333333334
801980.SI,2026-03-31,0.01640487955450598,-19.666666666666668
801010.SI,2026-04-30,-0.130571328426218,-14.0
801030.SI,2026-04-30,-0.08925246475979731,-16.666666666666668
801040.SI,2026-04-30,-0.11566383293497529,-13.333333333333334
801050.SI,2026-04-30,-0.07064770401603271,-16.0
801080.SI,2026-04-30,0.17884763136832227,-20.0
801110.SI,2026-04-30,-0.026985194858874073,-17.333333333333332
801120.SI,2026-04-30,-0.05425171658724892,-10.666666666666666
801130.SI,2026-04-30,-0.0841158036972085,-18.0
801140.SI,2026-04-30,-0.06943511032592731,-7.666666666666667
801150.SI,2026-04-30,-0.0733086422193342,-21.666666666666668
801160.SI,2026-04-30,0.08255324614489612,-13.0
801170.SI,2026-04-30,-0.031667515883358255,-19.0
801180.SI,2026-04-30,-0.048157910473851095,-24.333333333333332
801200.SI,2026-04-30,-0.06771382504385481,-11.666666666666666
801210.SI,2026-04-30,-0.07242672861225496,-9.666666666666666
801230.SI,2026-04-30,-0.07395424500631975,-8.333333333333334
801710.SI,2026-04-30,0.061777231534217325,-22.0
801720.SI,2026-04-30,-0.05303900492086833,-25.333333333333332
801730.SI,2026-04-30,-0.022004073534886204,-11.666666666666666
801740.SI,2026-04-30,-0.08694582129444128,-3.6666666666666665
801750.SI,2026-04-30,-0.07100076376332687,-18.333333333333332
801760.SI,2026-04-30,-0.07430790429663026,-24.333333333333332
801770.SI,2026-04-30,0.20397336121656995,-7.0
801880.SI,2026-04-30,-0.04432896080111215,-19.666666666666668
801890.SI,2026-04-30,0.04395859541881597,-16.0
801950.SI,2026-04-30,-0.028141183687432902,-3.3333333333333335
801960.SI,2026-04-30,-0.15074972680397503,-25.666666666666668
801970.SI,2026-04-30,-0.04304748889648102,-10.666666666666666
801980.SI,2026-04-30,-0.08857921662354074,-6.0
801010.SI,2026-05-31,-0.10177868799587175,-12.333333333333334
801030.SI,2026-05-31,0.048840013908389324,-23.0
801040.SI,2026-05-31,-0.09431075429267999,-9.0
801050.SI,2026-05-31,-0.04063947458989503,-8.0
801080.SI,2026-05-31,0.27730253763242896,-17.0
801110.SI,2026-05-31,-0.055339518446882674,-25.666666666666668
801120.SI,2026-05-31,-0.11585545113265805,-10.333333333333334
801130.SI,2026-05-31,-0.06323845159022123,-12.333333333333334
801140.SI,2026-05-31,-0.0931857790924463,-7.333333333333333
801150.SI,2026-05-31,-0.03279844612978877,-17.666666666666668
801160.SI,2026-05-31,-0.14126190384796578,-13.0
801170.SI,2026-05-31,-0.09328521536670542,-16.333333333333332
801180.SI,2026-05-31,-0.11274888845930786,-26.666666666666668
801200.SI,2026-05-31,-0.13284847747144624,-9.333333333333334
801210.SI,2026-05-31,-0.08358110591485757,-8.333333333333334
801230.SI,2026-05-31,-0.06343847275735204,-7.666666666666667
801710.SI,2026-05-31,0.15370404961971862,-22.333333333333332
801720.SI,2026-05-31,-0.04177954822205643,-21.333333333333332
801730.SI,2026-05-31,-0.05735535951947934,-18.666666666666668
801740.SI,2026-05-31,-0.002603815695132461,-6.0
801750.SI,2026-05-31,-0.04289576285583052,-16.666666666666668
801760.SI,2026-05-31,-0.09879834366288665,-22.666666666666668
801770.SI,2026-05-31,0.11332148165418365,-5.0
801880.SI,2026-05-31,-0.12028955166194277,-22.333333333333332
801890.SI,2026-05-31,0.06622050587355188,-19.666666666666668
801950.SI,2026-05-31,-0.1530282156014251,-2.3333333333333335
801960.SI,2026-05-31,-0.12394813702331264,-24.333333333333332
801970.SI,2026-05-31,-0.05603236939188383,-16.0
801980.SI,2026-05-31,-0.10935959256650596,-13.666666666666666
801010.SI,2026-06-30,0.08446961876464298,-14.333333333333334
801030.SI,2026-06-30,-0.13698003545987691,-19.333333333333332
801040.SI,2026-06-30,0.03266842408153425,-14.0
801050.SI,2026-06-30,-0.06416065788689596,-15.666666666666666
801080.SI,2026-06-30,-0.3471672337058811,-20.333333333333332
801110.SI,2026-06-30,0.04867051843382719,-18.0
801120.SI,2026-06-30,0.11344369455474856,-7.666666666666667
801130.SI,2026-06-30,-0.008397391648180874,-11.0
801140.SI,2026-06-30,-0.05337428286653079,-10.0
801150.SI,2026-06-30,0.045167354904868784,-12.666666666666666
801160.SI,2026-06-30,0.01859512528140561,-15.666666666666666
801170.SI,2026-06-30,0.07692189177113429,-19.0
801180.SI,2026-06-30,-0.0035513916880004492,-20.333333333333332
801200.SI,2026-06-30,0.057919732363227894,-10.333333333333334
801210.SI,2026-06-30,-0.0192412478806,-7.666666666666667
801230.SI,2026-06-30,-0.10289205967734816,-4.0
801710.SI,2026-06-30,-0.2789711279932381,-24.666666666666668
801720.SI,2026-06-30,-0.058185812375013635,-17.0
801730.SI,2026-06-30,-0.1568221067619998,-14.333333333333334
801740.SI,2026-06-30,-0.14681591663333593,-5.666666666666667
801750.SI,2026-06-30,-0.030585904801973873,-15.333333333333334
801760.SI,2026-06-30,0.030887277204678876,-23.0
801770.SI,2026-06-30,-0.318992497657154,-25.0
801880.SI,2026-06-30,-0.013043120097388616,-16.0
801890.SI,2026-06-30,-0.22057033196673126,-22.666666666666668
801950.SI,2026-06-30,0.1428919478621027,-5.0
801960.SI,2026-06-30,0.12628844886478663,-18.666666666666668
801970.SI,2026-06-30,-0.07708366951750845,-15.0
801980.SI,2026-06-30,0.08748034346095013,-12.666666666666666
801010.SI,2026-07-31,0.07389641671702085,-13.0
801030.SI,2026-07-31,0.08770978651190964,-16.333333333333332
801040.SI,2026-07-31,0.0028358658379286084,-10.666666666666666
801050.SI,2026-07-31,0.09810294237509165,-10.0
801080.SI,2026-07-31,0.12417135458747142,-28.0
801110.SI,2026-07-31,-0.003714436579160152,-17.333333333333332
801120.SI,2026-07-31,-0.04601324297340048,-18.333333333333332
801130.SI,2026-07-31,0.05652203298188718,-18.333333333333332
801140.SI,2026-07-31,0.06821765568245364,-13.666666666666666
801150.SI,2026-07-31,0.0281447565192392,-16.333333333333332
801160.SI,2026-07-31,-0.021526996513232977,-25.0
801170.SI,2026-07-31,-0.0038055270750375625,-20.666666666666668
801180.SI,2026-07-31,0.032601209152827604,-12.333333333333334
801200.SI,2026-07-31,-0.001288139716166925,-13.333333333333334
801210.SI,2026-07-31,0.05633776998148554,-12.666666666666666
801230.SI,2026-07-31,0.11918295861422146,-11.0
801710.SI,2026-07-31,0.0686369503332922,-22.333333333333332
801720.SI,2026-07-31,0.029501749394641452,-13.333333333333334
801730.SI,2026-07-31,-0.0009314864331740891,-9.333333333333334
801740.SI,2026-07-31,0.04450399427308027,-11.666666666666666
801750.SI,2026-07-31,0.026277362363131607,-17.666666666666668
801760.SI,2026-07-31,0.00750138375040077,-7.333333333333333
801770.SI,2026-07-31,0.10794666551863052,-10.333333333333334
801880.SI,2026-07-31,0.0005734441270666135,-8.666666666666666
801890.SI,2026-07-31,0.10662585821821491,-19.666666666666668
801950.SI,2026-07-31,0.12215506539430954,-16.333333333333332
801960.SI,2026-07-31,0.0975340181583153,-13.666666666666666
801970.SI,2026-07-31,0.06834846845665443,-15.333333333333334
801980.SI,2026-07-31,-0.032355145833100285,-12.333333333333334
801010.SI,2026-08-31,,-11.666666666666666
801030.SI,2026-08-31,,-16.333333333333332
801040.SI,2026-08-31,,-10.666666666666666
801050.SI,2026-08-31,,-13.666666666666666
801080.SI,2026-08-31,,-17.0
801110.SI,2026-08-31,,-11.0
801120.SI,2026-08-31,,-15.333333333333334
801130.SI,2026-08-31,,-20.0
801140.SI,2026-08-31,,-13.333333333333334
801150.SI,2026-08-31,,-6.666666666666667
801160.SI,2026-08-31,,-22.0
801170.SI,2026-08-31,,-22.666666666666668
801180.SI,2026-08-31,,-10.666666666666666
801200.SI,2026-08-31,,-6.0
801210.SI,2026-08-31,,-6.666666666666667
801230.SI,2026-08-31,,-11.0
801710.SI,2026-08-31,,-27.0
801720.SI,2026-08-31,,-20.0
801730.SI,2026-08-31,,-15.333333333333334
801740.SI,2026-08-31,,-23.333333333333332
801750.SI,2026-08-31,,-15.666666666666666
801760.SI,2026-08-31,,-2.6666666666666665
801770.SI,2026-08-31,,-17.666666666666668
801880.SI,2026-08-31,,-12.0
801890.SI,2026-08-31,,-21.666666666666668
801950.SI,2026-08-31,,-23.666666666666668
801960.SI,2026-08-31,,-14.0
801970.SI,2026-08-31,,-13.666666666666666
801980.SI,2026-08-31,,-13.666666666666666
