first_signal,model,feature,splits
2019-01-31,gbdt_price,mom_1,39.0
2019-01-31,gbdt_price,mom_2,13.0
2019-01-31,gbdt_price,mom_3,15.0
2019-01-31,gbdt_price,mom_6,22.0
2019-01-31,gbdt_price,mom_9,80.0
2019-01-31,gbdt_price,mom_12,21.0
2019-01-31,gbdt_price,mom_3_1,23.0
2019-01-31,gbdt_price,vol_3,35.0
2019-01-31,gbdt_price,bias_3,19.0
2019-01-31,gbdt_price,mom_6_1,46.0
2019-01-31,gbdt_price,vol_6,35.0
2019-01-31,gbdt_price,bias_6,10.0
2019-01-31,gbdt_price,mom_12_1,17.0
2019-01-31,gbdt_price,vol_12,73.0
2019-01-31,gbdt_price,bias_12,26.0
2019-01-31,gbdt_price,drawdown_6,31.0
2019-01-31,gbdt_price,drawdown_12,24.0
2019-01-31,gbdt_price,downside_6,53.0
2019-01-31,gbdt_price,positive_6,28.0
2019-01-31,gbdt_price,beta_12,22.0
2019-01-31,gbdt_price,residual_vol_12,40.0
2019-01-31,gbdt_price,market_return,31.0
2019-01-31,gbdt_price,market_mom3,4.0
2019-01-31,gbdt_price,market_mom6,66.0
2019-01-31,gbdt_price,market_vol6,26.0
2019-01-31,gbdt_price,market_breadth,22.0
2019-01-31,ranker_price,mom_1,44.0
2019-01-31,ranker_price,mom_2,43.0
2019-01-31,ranker_price,mom_3,13.0
2019-01-31,ranker_price,mom_6,41.0
2019-01-31,ranker_price,mom_9,29.0
2019-01-31,ranker_price,mom_12,39.0
2019-01-31,ranker_price,mom_3_1,47.0
2019-01-31,ranker_price,vol_3,31.0
2019-01-31,ranker_price,bias_3,39.0
2019-01-31,ranker_price,mom_6_1,71.0
2019-01-31,ranker_price,vol_6,29.0
2019-01-31,ranker_price,bias_6,19.0
2019-01-31,ranker_price,mom_12_1,43.0
2019-01-31,ranker_price,vol_12,31.0
2019-01-31,ranker_price,bias_12,4.0
2019-01-31,ranker_price,drawdown_6,17.0
2019-01-31,ranker_price,drawdown_12,35.0
2019-01-31,ranker_price,downside_6,94.0
2019-01-31,ranker_price,positive_6,15.0
2019-01-31,ranker_price,beta_12,17.0
2019-01-31,ranker_price,residual_vol_12,40.0
2019-01-31,ranker_price,market_return,27.0
2019-01-31,ranker_price,market_mom3,9.0
2019-01-31,ranker_price,market_mom6,30.0
2019-01-31,ranker_price,market_vol6,27.0
2019-01-31,ranker_price,market_breadth,17.0
2019-01-31,gbdt_price_value,mom_1,38.0
2019-01-31,gbdt_price_value,mom_2,12.0
2019-01-31,gbdt_price_value,mom_3,19.0
2019-01-31,gbdt_price_value,mom_6,24.0
2019-01-31,gbdt_price_value,mom_9,82.0
2019-01-31,gbdt_price_value,mom_12,20.0
2019-01-31,gbdt_price_value,mom_3_1,22.0
2019-01-31,gbdt_price_value,vol_3,28.0
2019-01-31,gbdt_price_value,bias_3,16.0
2019-01-31,gbdt_price_value,mom_6_1,38.0
2019-01-31,gbdt_price_value,vol_6,39.0
2019-01-31,gbdt_price_value,bias_6,10.0
2019-01-31,gbdt_price_value,mom_12_1,12.0
2019-01-31,gbdt_price_value,vol_12,73.0
2019-01-31,gbdt_price_value,bias_12,19.0
2019-01-31,gbdt_price_value,drawdown_6,31.0
2019-01-31,gbdt_price_value,drawdown_12,19.0
2019-01-31,gbdt_price_value,downside_6,51.0
2019-01-31,gbdt_price_value,positive_6,30.0
2019-01-31,gbdt_price_value,beta_12,21.0
2019-01-31,gbdt_price_value,residual_vol_12,45.0
2019-01-31,gbdt_price_value,earnings_yield,19.0
2019-01-31,gbdt_price_value,book_yield,18.0
2019-01-31,gbdt_price_value,market_return,37.0
2019-01-31,gbdt_price_value,market_mom3,13.0
2019-01-31,gbdt_price_value,market_mom6,62.0
2019-01-31,gbdt_price_value,market_vol6,19.0
2019-01-31,gbdt_price_value,market_breadth,18.0
2019-01-31,gbdt_tech12,tech_mom_1m,57.0
2019-01-31,gbdt_tech12,tech_mom_3m,32.0
2019-01-31,gbdt_tech12,tech_mom_6m,71.0
2019-01-31,gbdt_tech12,tech_vol_1m,77.0
2019-01-31,gbdt_tech12,tech_vol_3m,60.0
2019-01-31,gbdt_tech12,tech_turnover_chg,71.0
2019-01-31,gbdt_tech12,tech_vol_price_corr,83.0
2019-01-31,gbdt_tech12,tech_max_drawdown_1m,85.0
2019-01-31,gbdt_tech12,tech_high_low_pos,99.0
2019-01-31,gbdt_tech12,tech_pattern_median,39.0
2019-01-31,gbdt_tech12,tech_bullish_ratio,65.0
2019-01-31,gbdt_tech12,tech_signal_strength,24.0
2019-04-30,gbdt_price,mom_1,31.0
2019-04-30,gbdt_price,mom_2,33.0
2019-04-30,gbdt_price,mom_3,19.0
2019-04-30,gbdt_price,mom_6,20.0
2019-04-30,gbdt_price,mom_9,60.0
2019-04-30,gbdt_price,mom_12,21.0
2019-04-30,gbdt_price,mom_3_1,22.0
2019-04-30,gbdt_price,vol_3,32.0
2019-04-30,gbdt_price,bias_3,12.0
2019-04-30,gbdt_price,mom_6_1,45.0
2019-04-30,gbdt_price,vol_6,48.0
2019-04-30,gbdt_price,bias_6,9.0
2019-04-30,gbdt_price,mom_12_1,35.0
2019-04-30,gbdt_price,vol_12,77.0
2019-04-30,gbdt_price,bias_12,24.0
2019-04-30,gbdt_price,drawdown_6,31.0
2019-04-30,gbdt_price,drawdown_12,24.0
2019-04-30,gbdt_price,downside_6,55.0
2019-04-30,gbdt_price,positive_6,12.0
2019-04-30,gbdt_price,beta_12,28.0
2019-04-30,gbdt_price,residual_vol_12,34.0
2019-04-30,gbdt_price,market_return,32.0
2019-04-30,gbdt_price,market_mom3,11.0
2019-04-30,gbdt_price,market_mom6,53.0
2019-04-30,gbdt_price,market_vol6,26.0
2019-04-30,gbdt_price,market_breadth,26.0
2019-04-30,ranker_price,mom_1,54.0
2019-04-30,ranker_price,mom_2,57.0
2019-04-30,ranker_price,mom_3,7.0
2019-04-30,ranker_price,mom_6,55.0
2019-04-30,ranker_price,mom_9,29.0
2019-04-30,ranker_price,mom_12,22.0
2019-04-30,ranker_price,mom_3_1,22.0
2019-04-30,ranker_price,vol_3,28.0
2019-04-30,ranker_price,bias_3,24.0
2019-04-30,ranker_price,mom_6_1,56.0
2019-04-30,ranker_price,vol_6,27.0
2019-04-30,ranker_price,bias_6,23.0
2019-04-30,ranker_price,mom_12_1,43.0
2019-04-30,ranker_price,vol_12,27.0
2019-04-30,ranker_price,bias_12,20.0
2019-04-30,ranker_price,drawdown_6,2.0
2019-04-30,ranker_price,drawdown_12,26.0
2019-04-30,ranker_price,downside_6,98.0
2019-04-30,ranker_price,positive_6,14.0
2019-04-30,ranker_price,beta_12,38.0
2019-04-30,ranker_price,residual_vol_12,28.0
2019-04-30,ranker_price,market_return,74.0
2019-04-30,ranker_price,market_mom3,17.0
2019-04-30,ranker_price,market_mom6,38.0
2019-04-30,ranker_price,market_vol6,22.0
2019-04-30,ranker_price,market_breadth,18.0
2019-04-30,gbdt_price_value,mom_1,33.0
2019-04-30,gbdt_price_value,mom_2,22.0
2019-04-30,gbdt_price_value,mom_3,23.0
2019-04-30,gbdt_price_value,mom_6,17.0
2019-04-30,gbdt_price_value,mom_9,62.0
2019-04-30,gbdt_price_value,mom_12,22.0
2019-04-30,gbdt_price_value,mom_3_1,31.0
2019-04-30,gbdt_price_value,vol_3,32.0
2019-04-30,gbdt_price_value,bias_3,7.0
2019-04-30,gbdt_price_value,mom_6_1,40.0
2019-04-30,gbdt_price_value,vol_6,49.0
2019-04-30,gbdt_price_value,bias_6,7.0
2019-04-30,gbdt_price_value,mom_12_1,33.0
2019-04-30,gbdt_price_value,vol_12,66.0
2019-04-30,gbdt_price_value,bias_12,20.0
2019-04-30,gbdt_price_value,drawdown_6,29.0
2019-04-30,gbdt_price_value,drawdown_12,21.0
2019-04-30,gbdt_price_value,downside_6,47.0
2019-04-30,gbdt_price_value,positive_6,17.0
2019-04-30,gbdt_price_value,beta_12,27.0
2019-04-30,gbdt_price_value,residual_vol_12,43.0
2019-04-30,gbdt_price_value,earnings_yield,27.0
2019-04-30,gbdt_price_value,book_yield,6.0
2019-04-30,gbdt_price_value,market_return,25.0
2019-04-30,gbdt_price_value,market_mom3,10.0
2019-04-30,gbdt_price_value,market_mom6,57.0
2019-04-30,gbdt_price_value,market_vol6,23.0
2019-04-30,gbdt_price_value,market_breadth,23.0
2019-04-30,gbdt_tech12,tech_mom_1m,49.0
2019-04-30,gbdt_tech12,tech_mom_3m,49.0
2019-04-30,gbdt_tech12,tech_mom_6m,74.0
2019-04-30,gbdt_tech12,tech_vol_1m,104.0
2019-04-30,gbdt_tech12,tech_vol_3m,63.0
2019-04-30,gbdt_tech12,tech_turnover_chg,42.0
2019-04-30,gbdt_tech12,tech_vol_price_corr,80.0
2019-04-30,gbdt_tech12,tech_max_drawdown_1m,92.0
2019-04-30,gbdt_tech12,tech_high_low_pos,90.0
2019-04-30,gbdt_tech12,tech_pattern_median,37.0
2019-04-30,gbdt_tech12,tech_bullish_ratio,68.0
2019-04-30,gbdt_tech12,tech_signal_strength,35.0
2019-07-31,gbdt_price,mom_1,26.0
2019-07-31,gbdt_price,mom_2,39.0
2019-07-31,gbdt_price,mom_3,12.0
2019-07-31,gbdt_price,mom_6,15.0
2019-07-31,gbdt_price,mom_9,67.0
2019-07-31,gbdt_price,mom_12,26.0
2019-07-31,gbdt_price,mom_3_1,28.0
2019-07-31,gbdt_price,vol_3,49.0
2019-07-31,gbdt_price,bias_3,18.0
2019-07-31,gbdt_price,mom_6_1,44.0
2019-07-31,gbdt_price,vol_6,51.0
2019-07-31,gbdt_price,bias_6,10.0
2019-07-31,gbdt_price,mom_12_1,39.0
2019-07-31,gbdt_price,vol_12,71.0
2019-07-31,gbdt_price,bias_12,20.0
2019-07-31,gbdt_price,drawdown_6,29.0
2019-07-31,gbdt_price,drawdown_12,2.0
2019-07-31,gbdt_price,downside_6,68.0
2019-07-31,gbdt_price,positive_6,26.0
2019-07-31,gbdt_price,beta_12,45.0
2019-07-31,gbdt_price,residual_vol_12,24.0
2019-07-31,gbdt_price,market_return,41.0
2019-07-31,gbdt_price,market_mom3,12.0
2019-07-31,gbdt_price,market_mom6,19.0
2019-07-31,gbdt_price,market_vol6,10.0
2019-07-31,gbdt_price,market_breadth,15.0
2019-07-31,ranker_price,mom_1,25.0
2019-07-31,ranker_price,mom_2,56.0
2019-07-31,ranker_price,mom_3,13.0
2019-07-31,ranker_price,mom_6,21.0
2019-07-31,ranker_price,mom_9,30.0
2019-07-31,ranker_price,mom_12,49.0
2019-07-31,ranker_price,mom_3_1,58.0
2019-07-31,ranker_price,vol_3,38.0
2019-07-31,ranker_price,bias_3,27.0
2019-07-31,ranker_price,mom_6_1,17.0
2019-07-31,ranker_price,vol_6,47.0
2019-07-31,ranker_price,bias_6,13.0
2019-07-31,ranker_price,mom_12_1,44.0
2019-07-31,ranker_price,vol_12,24.0
2019-07-31,ranker_price,bias_12,45.0
2019-07-31,ranker_price,drawdown_6,18.0
2019-07-31,ranker_price,drawdown_12,22.0
2019-07-31,ranker_price,downside_6,123.0
2019-07-31,ranker_price,positive_6,27.0
2019-07-31,ranker_price,beta_12,13.0
2019-07-31,ranker_price,residual_vol_12,48.0
2019-07-31,ranker_price,market_return,31.0
2019-07-31,ranker_price,market_mom3,26.0
2019-07-31,ranker_price,market_mom6,18.0
2019-07-31,ranker_price,market_vol6,37.0
2019-07-31,ranker_price,market_breadth,30.0
2019-07-31,gbdt_price_value,mom_1,30.0
2019-07-31,gbdt_price_value,mom_2,41.0
2019-07-31,gbdt_price_value,mom_3,12.0
2019-07-31,gbdt_price_value,mom_6,21.0
2019-07-31,gbdt_price_value,mom_9,63.0
2019-07-31,gbdt_price_value,mom_12,21.0
2019-07-31,gbdt_price_value,mom_3_1,26.0
2019-07-31,gbdt_price_value,vol_3,48.0
2019-07-31,gbdt_price_value,bias_3,15.0
2019-07-31,gbdt_price_value,mom_6_1,45.0
2019-07-31,gbdt_price_value,vol_6,59.0
2019-07-31,gbdt_price_value,bias_6,17.0
2019-07-31,gbdt_price_value,mom_12_1,34.0
2019-07-31,gbdt_price_value,vol_12,64.0
2019-07-31,gbdt_price_value,bias_12,14.0
2019-07-31,gbdt_price_value,drawdown_6,28.0
2019-07-31,gbdt_price_value,drawdown_12,2.0
2019-07-31,gbdt_price_value,downside_6,69.0
2019-07-31,gbdt_price_value,positive_6,21.0
2019-07-31,gbdt_price_value,beta_12,41.0
2019-07-31,gbdt_price_value,residual_vol_12,29.0
2019-07-31,gbdt_price_value,earnings_yield,9.0
2019-07-31,gbdt_price_value,book_yield,29.0
2019-07-31,gbdt_price_value,market_return,39.0
2019-07-31,gbdt_price_value,market_mom3,13.0
2019-07-31,gbdt_price_value,market_mom6,16.0
2019-07-31,gbdt_price_value,market_vol6,5.0
2019-07-31,gbdt_price_value,market_breadth,7.0
2019-07-31,gbdt_tech12,tech_mom_1m,41.0
2019-07-31,gbdt_tech12,tech_mom_3m,51.0
2019-07-31,gbdt_tech12,tech_mom_6m,83.0
2019-07-31,gbdt_tech12,tech_vol_1m,110.0
2019-07-31,gbdt_tech12,tech_vol_3m,42.0
2019-07-31,gbdt_tech12,tech_turnover_chg,56.0
2019-07-31,gbdt_tech12,tech_vol_price_corr,90.0
2019-07-31,gbdt_tech12,tech_max_drawdown_1m,78.0
2019-07-31,gbdt_tech12,tech_high_low_pos,91.0
2019-07-31,gbdt_tech12,tech_pattern_median,36.0
2019-07-31,gbdt_tech12,tech_bullish_ratio,68.0
2019-07-31,gbdt_tech12,tech_signal_strength,42.0
2019-10-31,gbdt_price,mom_1,20.0
2019-10-31,gbdt_price,mom_2,34.0
2019-10-31,gbdt_price,mom_3,15.0
2019-10-31,gbdt_price,mom_6,19.0
2019-10-31,gbdt_price,mom_9,44.0
2019-10-31,gbdt_price,mom_12,34.0
2019-10-31,gbdt_price,mom_3_1,22.0
2019-10-31,gbdt_price,vol_3,48.0
2019-10-31,gbdt_price,bias_3,23.0
2019-10-31,gbdt_price,mom_6_1,44.0
2019-10-31,gbdt_price,vol_6,60.0
2019-10-31,gbdt_price,bias_6,9.0
2019-10-31,gbdt_price,mom_12_1,33.0
2019-10-31,gbdt_price,vol_12,58.0
2019-10-31,gbdt_price,bias_12,27.0
2019-10-31,gbdt_price,drawdown_6,29.0
2019-10-31,gbdt_price,drawdown_12,18.0
2019-10-31,gbdt_price,downside_6,60.0
2019-10-31,gbdt_price,positive_6,24.0
2019-10-31,gbdt_price,beta_12,31.0
2019-10-31,gbdt_price,residual_vol_12,36.0
2019-10-31,gbdt_price,market_return,38.0
2019-10-31,gbdt_price,market_mom3,4.0
2019-10-31,gbdt_price,market_mom6,30.0
2019-10-31,gbdt_price,market_vol6,14.0
2019-10-31,gbdt_price,market_breadth,32.0
2019-10-31,ranker_price,mom_1,71.0
2019-10-31,ranker_price,mom_2,11.0
2019-10-31,ranker_price,mom_3,30.0
2019-10-31,ranker_price,mom_6,72.0
2019-10-31,ranker_price,mom_9,32.0
2019-10-31,ranker_price,mom_12,18.0
2019-10-31,ranker_price,mom_3_1,1.0
2019-10-31,ranker_price,vol_3,95.0
2019-10-31,ranker_price,bias_3,8.0
2019-10-31,ranker_price,mom_6_1,87.0
2019-10-31,ranker_price,vol_6,59.0
2019-10-31,ranker_price,bias_6,21.0
2019-10-31,ranker_price,mom_12_1,25.0
2019-10-31,ranker_price,vol_12,47.0
2019-10-31,ranker_price,bias_12,10.0
2019-10-31,ranker_price,drawdown_6,33.0
2019-10-31,ranker_price,drawdown_12,5.0
2019-10-31,ranker_price,downside_6,72.0
2019-10-31,ranker_price,positive_6,16.0
2019-10-31,ranker_price,beta_12,32.0
2019-10-31,ranker_price,residual_vol_12,42.0
2019-10-31,ranker_price,market_return,47.0
2019-10-31,ranker_price,market_mom3,2.0
2019-10-31,ranker_price,market_mom6,35.0
2019-10-31,ranker_price,market_vol6,63.0
2019-10-31,ranker_price,market_breadth,7.0
2019-10-31,gbdt_price_value,mom_1,27.0
2019-10-31,gbdt_price_value,mom_2,30.0
2019-10-31,gbdt_price_value,mom_3,11.0
2019-10-31,gbdt_price_value,mom_6,14.0
2019-10-31,gbdt_price_value,mom_9,41.0
2019-10-31,gbdt_price_value,mom_12,33.0
2019-10-31,gbdt_price_value,mom_3_1,21.0
2019-10-31,gbdt_price_value,vol_3,49.0
2019-10-31,gbdt_price_value,bias_3,25.0
2019-10-31,gbdt_price_value,mom_6_1,44.0
2019-10-31,gbdt_price_value,vol_6,51.0
2019-10-31,gbdt_price_value,bias_6,10.0
2019-10-31,gbdt_price_value,mom_12_1,28.0
2019-10-31,gbdt_price_value,vol_12,53.0
2019-10-31,gbdt_price_value,bias_12,30.0
2019-10-31,gbdt_price_value,drawdown_6,30.0
2019-10-31,gbdt_price_value,drawdown_12,15.0
2019-10-31,gbdt_price_value,downside_6,62.0
2019-10-31,gbdt_price_value,positive_6,19.0
2019-10-31,gbdt_price_value,beta_12,27.0
2019-10-31,gbdt_price_value,residual_vol_12,38.0
2019-10-31,gbdt_price_value,earnings_yield,30.0
2019-10-31,gbdt_price_value,book_yield,20.0
2019-10-31,gbdt_price_value,market_return,37.0
2019-10-31,gbdt_price_value,market_mom3,6.0
2019-10-31,gbdt_price_value,market_mom6,26.0
2019-10-31,gbdt_price_value,market_vol6,15.0
2019-10-31,gbdt_price_value,market_breadth,18.0
2019-10-31,gbdt_tech12,tech_mom_1m,42.0
2019-10-31,gbdt_tech12,tech_mom_3m,53.0
2019-10-31,gbdt_tech12,tech_mom_6m,74.0
2019-10-31,gbdt_tech12,tech_vol_1m,103.0
2019-10-31,gbdt_tech12,tech_vol_3m,40.0
2019-10-31,gbdt_tech12,tech_turnover_chg,56.0
2019-10-31,gbdt_tech12,tech_vol_price_corr,98.0
2019-10-31,gbdt_tech12,tech_max_drawdown_1m,66.0
2019-10-31,gbdt_tech12,tech_high_low_pos,104.0
2019-10-31,gbdt_tech12,tech_pattern_median,43.0
2019-10-31,gbdt_tech12,tech_bullish_ratio,82.0
2019-10-31,gbdt_tech12,tech_signal_strength,51.0
2020-01-31,gbdt_price,mom_1,41.0
2020-01-31,gbdt_price,mom_2,49.0
2020-01-31,gbdt_price,mom_3,12.0
2020-01-31,gbdt_price,mom_6,3.0
2020-01-31,gbdt_price,mom_9,23.0
2020-01-31,gbdt_price,mom_12,33.0
2020-01-31,gbdt_price,mom_3_1,17.0
2020-01-31,gbdt_price,vol_3,55.0
2020-01-31,gbdt_price,bias_3,28.0
2020-01-31,gbdt_price,mom_6_1,41.0
2020-01-31,gbdt_price,vol_6,57.0
2020-01-31,gbdt_price,bias_6,1.0
2020-01-31,gbdt_price,mom_12_1,28.0
2020-01-31,gbdt_price,vol_12,29.0
2020-01-31,gbdt_price,bias_12,48.0
2020-01-31,gbdt_price,drawdown_6,43.0
2020-01-31,gbdt_price,drawdown_12,28.0
2020-01-31,gbdt_price,downside_6,67.0
2020-01-31,gbdt_price,positive_6,46.0
2020-01-31,gbdt_price,beta_12,42.0
2020-01-31,gbdt_price,residual_vol_12,49.0
2020-01-31,gbdt_price,market_return,36.0
2020-01-31,gbdt_price,market_mom3,9.0
2020-01-31,gbdt_price,market_mom6,30.0
2020-01-31,gbdt_price,market_vol6,19.0
2020-01-31,gbdt_price,market_breadth,8.0
2020-01-31,ranker_price,mom_1,68.0
2020-01-31,ranker_price,mom_2,13.0
2020-01-31,ranker_price,mom_3,22.0
2020-01-31,ranker_price,mom_6,62.0
2020-01-31,ranker_price,mom_9,44.0
2020-01-31,ranker_price,mom_12,21.0
2020-01-31,ranker_price,mom_3_1,21.0
2020-01-31,ranker_price,vol_3,93.0
2020-01-31,ranker_price,bias_3,16.0
2020-01-31,ranker_price,mom_6_1,75.0
2020-01-31,ranker_price,vol_6,43.0
2020-01-31,ranker_price,bias_6,9.0
2020-01-31,ranker_price,mom_12_1,20.0
2020-01-31,ranker_price,vol_12,21.0
2020-01-31,ranker_price,bias_12,15.0
2020-01-31,ranker_price,drawdown_6,23.0
2020-01-31,ranker_price,drawdown_12,11.0
2020-01-31,ranker_price,downside_6,75.0
2020-01-31,ranker_price,positive_6,14.0
2020-01-31,ranker_price,beta_12,36.0
2020-01-31,ranker_price,residual_vol_12,40.0
2020-01-31,ranker_price,market_return,54.0
2020-01-31,ranker_price,market_mom3,18.0
2020-01-31,ranker_price,market_mom6,36.0
2020-01-31,ranker_price,market_vol6,38.0
2020-01-31,ranker_price,market_breadth,8.0
2020-01-31,gbdt_price_value,mom_1,43.0
2020-01-31,gbdt_price_value,mom_2,46.0
2020-01-31,gbdt_price_value,mom_3,21.0
2020-01-31,gbdt_price_value,mom_6,2.0
2020-01-31,gbdt_price_value,mom_9,32.0
2020-01-31,gbdt_price_value,mom_12,31.0
2020-01-31,gbdt_price_value,mom_3_1,17.0
2020-01-31,gbdt_price_value,vol_3,54.0
2020-01-31,gbdt_price_value,bias_3,34.0
2020-01-31,gbdt_price_value,mom_6_1,36.0
2020-01-31,gbdt_price_value,vol_6,57.0
2020-01-31,gbdt_price_value,bias_6,2.0
2020-01-31,gbdt_price_value,mom_12_1,28.0
2020-01-31,gbdt_price_value,vol_12,35.0
2020-01-31,gbdt_price_value,bias_12,51.0
2020-01-31,gbdt_price_value,drawdown_6,39.0
2020-01-31,gbdt_price_value,drawdown_12,25.0
2020-01-31,gbdt_price_value,downside_6,56.0
2020-01-31,gbdt_price_value,positive_6,28.0
2020-01-31,gbdt_price_value,beta_12,24.0
2020-01-31,gbdt_price_value,residual_vol_12,50.0
2020-01-31,gbdt_price_value,earnings_yield,31.0
2020-01-31,gbdt_price_value,book_yield,25.0
2020-01-31,gbdt_price_value,market_return,28.0
2020-01-31,gbdt_price_value,market_mom3,8.0
2020-01-31,gbdt_price_value,market_mom6,26.0
2020-01-31,gbdt_price_value,market_vol6,7.0
2020-01-31,gbdt_price_value,market_breadth,4.0
2020-01-31,gbdt_tech12,tech_mom_1m,57.0
2020-01-31,gbdt_tech12,tech_mom_3m,47.0
2020-01-31,gbdt_tech12,tech_mom_6m,72.0
2020-01-31,gbdt_tech12,tech_vol_1m,92.0
2020-01-31,gbdt_tech12,tech_vol_3m,56.0
2020-01-31,gbdt_tech12,tech_turnover_chg,53.0
2020-01-31,gbdt_tech12,tech_vol_price_corr,102.0
2020-01-31,gbdt_tech12,tech_max_drawdown_1m,71.0
2020-01-31,gbdt_tech12,tech_high_low_pos,97.0
2020-01-31,gbdt_tech12,tech_pattern_median,32.0
2020-01-31,gbdt_tech12,tech_bullish_ratio,76.0
2020-01-31,gbdt_tech12,tech_signal_strength,48.0
2020-04-30,gbdt_price,mom_1,41.0
2020-04-30,gbdt_price,mom_2,45.0
2020-04-30,gbdt_price,mom_3,27.0
2020-04-30,gbdt_price,mom_6,9.0
2020-04-30,gbdt_price,mom_9,32.0
2020-04-30,gbdt_price,mom_12,26.0
2020-04-30,gbdt_price,mom_3_1,18.0
2020-04-30,gbdt_price,vol_3,72.0
2020-04-30,gbdt_price,bias_3,26.0
2020-04-30,gbdt_price,mom_6_1,55.0
2020-04-30,gbdt_price,vol_6,64.0
2020-04-30,gbdt_price,bias_6,3.0
2020-04-30,gbdt_price,mom_12_1,30.0
2020-04-30,gbdt_price,vol_12,31.0
2020-04-30,gbdt_price,bias_12,50.0
2020-04-30,gbdt_price,drawdown_6,48.0
2020-04-30,gbdt_price,drawdown_12,22.0
2020-04-30,gbdt_price,downside_6,51.0
2020-04-30,gbdt_price,positive_6,32.0
2020-04-30,gbdt_price,beta_12,28.0
2020-04-30,gbdt_price,residual_vol_12,42.0
2020-04-30,gbdt_price,market_return,43.0
2020-04-30,gbdt_price,market_mom3,7.0
2020-04-30,gbdt_price,market_mom6,32.0
2020-04-30,gbdt_price,market_vol6,30.0
2020-04-30,gbdt_price,market_breadth,5.0
2020-04-30,ranker_price,mom_1,45.0
2020-04-30,ranker_price,mom_2,75.0
2020-04-30,ranker_price,mom_3,5.0
2020-04-30,ranker_price,mom_6,21.0
2020-04-30,ranker_price,mom_9,9.0
2020-04-30,ranker_price,mom_12,29.0
2020-04-30,ranker_price,mom_3_1,22.0
2020-04-30,ranker_price,vol_3,85.0
2020-04-30,ranker_price,bias_3,25.0
2020-04-30,ranker_price,mom_6_1,79.0
2020-04-30,ranker_price,vol_6,38.0
2020-04-30,ranker_price,bias_6,13.0
2020-04-30,ranker_price,mom_12_1,20.0
2020-04-30,ranker_price,vol_12,35.0
2020-04-30,ranker_price,bias_12,26.0
2020-04-30,ranker_price,drawdown_6,28.0
2020-04-30,ranker_price,drawdown_12,43.0
2020-04-30,ranker_price,downside_6,61.0
2020-04-30,ranker_price,positive_6,46.0
2020-04-30,ranker_price,beta_12,17.0
2020-04-30,ranker_price,residual_vol_12,33.0
2020-04-30,ranker_price,market_return,15.0
2020-04-30,ranker_price,market_mom3,10.0
2020-04-30,ranker_price,market_mom6,26.0
2020-04-30,ranker_price,market_vol6,52.0
2020-04-30,ranker_price,market_breadth,2.0
2020-04-30,gbdt_price_value,mom_1,38.0
2020-04-30,gbdt_price_value,mom_2,41.0
2020-04-30,gbdt_price_value,mom_3,24.0
2020-04-30,gbdt_price_value,mom_6,8.0
2020-04-30,gbdt_price_value,mom_9,28.0
2020-04-30,gbdt_price_value,mom_12,25.0
2020-04-30,gbdt_price_value,mom_3_1,17.0
2020-04-30,gbdt_price_value,vol_3,72.0
2020-04-30,gbdt_price_value,bias_3,26.0
2020-04-30,gbdt_price_value,mom_6_1,55.0
2020-04-30,gbdt_price_value,vol_6,47.0
2020-04-30,gbdt_price_value,bias_6,4.0
2020-04-30,gbdt_price_value,mom_12_1,34.0
2020-04-30,gbdt_price_value,vol_12,24.0
2020-04-30,gbdt_price_value,bias_12,56.0
2020-04-30,gbdt_price_value,drawdown_6,49.0
2020-04-30,gbdt_price_value,drawdown_12,20.0
2020-04-30,gbdt_price_value,downside_6,35.0
2020-04-30,gbdt_price_value,positive_6,28.0
2020-04-30,gbdt_price_value,beta_12,22.0
2020-04-30,gbdt_price_value,residual_vol_12,40.0
2020-04-30,gbdt_price_value,earnings_yield,44.0
2020-04-30,gbdt_price_value,book_yield,17.0
2020-04-30,gbdt_price_value,market_return,37.0
2020-04-30,gbdt_price_value,market_mom3,9.0
2020-04-30,gbdt_price_value,market_mom6,23.0
2020-04-30,gbdt_price_value,market_vol6,18.0
2020-04-30,gbdt_price_value,market_breadth,5.0
2020-04-30,gbdt_tech12,tech_mom_1m,67.0
2020-04-30,gbdt_tech12,tech_mom_3m,46.0
2020-04-30,gbdt_tech12,tech_mom_6m,63.0
2020-04-30,gbdt_tech12,tech_vol_1m,87.0
2020-04-30,gbdt_tech12,tech_vol_3m,31.0
2020-04-30,gbdt_tech12,tech_turnover_chg,76.0
2020-04-30,gbdt_tech12,tech_vol_price_corr,92.0
2020-04-30,gbdt_tech12,tech_max_drawdown_1m,74.0
2020-04-30,gbdt_tech12,tech_high_low_pos,95.0
2020-04-30,gbdt_tech12,tech_pattern_median,20.0
2020-04-30,gbdt_tech12,tech_bullish_ratio,97.0
2020-04-30,gbdt_tech12,tech_signal_strength,45.0
2020-07-31,gbdt_price,mom_1,33.0
2020-07-31,gbdt_price,mom_2,53.0
2020-07-31,gbdt_price,mom_3,15.0
2020-07-31,gbdt_price,mom_6,7.0
2020-07-31,gbdt_price,mom_9,32.0
2020-07-31,gbdt_price,mom_12,34.0
2020-07-31,gbdt_price,mom_3_1,8.0
2020-07-31,gbdt_price,vol_3,69.0
2020-07-31,gbdt_price,bias_3,44.0
2020-07-31,gbdt_price,mom_6_1,46.0
2020-07-31,gbdt_price,vol_6,53.0
2020-07-31,gbdt_price,bias_6,13.0
2020-07-31,gbdt_price,mom_12_1,38.0
2020-07-31,gbdt_price,vol_12,14.0
2020-07-31,gbdt_price,bias_12,41.0
2020-07-31,gbdt_price,drawdown_6,57.0
2020-07-31,gbdt_price,drawdown_12,30.0
2020-07-31,gbdt_price,downside_6,54.0
2020-07-31,gbdt_price,positive_6,30.0
2020-07-31,gbdt_price,beta_12,10.0
2020-07-31,gbdt_price,residual_vol_12,28.0
2020-07-31,gbdt_price,market_return,28.0
2020-07-31,gbdt_price,market_mom3,8.0
2020-07-31,gbdt_price,market_mom6,43.0
2020-07-31,gbdt_price,market_vol6,25.0
2020-07-31,gbdt_price,market_breadth,9.0
2020-07-31,ranker_price,mom_1,44.0
2020-07-31,ranker_price,mom_2,56.0
2020-07-31,ranker_price,mom_3,11.0
2020-07-31,ranker_price,mom_6,64.0
2020-07-31,ranker_price,mom_9,24.0
2020-07-31,ranker_price,mom_12,17.0
2020-07-31,ranker_price,mom_3_1,12.0
2020-07-31,ranker_price,vol_3,73.0
2020-07-31,ranker_price,bias_3,34.0
2020-07-31,ranker_price,mom_6_1,65.0
2020-07-31,ranker_price,vol_6,46.0
2020-07-31,ranker_price,bias_6,22.0
2020-07-31,ranker_price,mom_12_1,8.0
2020-07-31,ranker_price,vol_12,27.0
2020-07-31,ranker_price,bias_12,43.0
2020-07-31,ranker_price,drawdown_6,37.0
2020-07-31,ranker_price,drawdown_12,31.0
2020-07-31,ranker_price,downside_6,99.0
2020-07-31,ranker_price,positive_6,43.0
2020-07-31,ranker_price,beta_12,14.0
2020-07-31,ranker_price,residual_vol_12,49.0
2020-07-31,ranker_price,market_return,8.0
2020-07-31,ranker_price,market_mom3,8.0
2020-07-31,ranker_price,market_mom6,27.0
2020-07-31,ranker_price,market_vol6,24.0
2020-07-31,ranker_price,market_breadth,4.0
2020-07-31,gbdt_price_value,mom_1,31.0
2020-07-31,gbdt_price_value,mom_2,39.0
2020-07-31,gbdt_price_value,mom_3,20.0
2020-07-31,gbdt_price_value,mom_6,6.0
2020-07-31,gbdt_price_value,mom_9,29.0
2020-07-31,gbdt_price_value,mom_12,37.0
2020-07-31,gbdt_price_value,mom_3_1,8.0
2020-07-31,gbdt_price_value,vol_3,66.0
2020-07-31,gbdt_price_value,bias_3,42.0
2020-07-31,gbdt_price_value,mom_6_1,47.0
2020-07-31,gbdt_price_value,vol_6,46.0
2020-07-31,gbdt_price_value,bias_6,16.0
2020-07-31,gbdt_price_value,mom_12_1,26.0
2020-07-31,gbdt_price_value,vol_12,15.0
2020-07-31,gbdt_price_value,bias_12,40.0
2020-07-31,gbdt_price_value,drawdown_6,65.0
2020-07-31,gbdt_price_value,drawdown_12,26.0
2020-07-31,gbdt_price_value,downside_6,43.0
2020-07-31,gbdt_price_value,positive_6,29.0
2020-07-31,gbdt_price_value,beta_12,9.0
2020-07-31,gbdt_price_value,residual_vol_12,24.0
2020-07-31,gbdt_price_value,earnings_yield,38.0
2020-07-31,gbdt_price_value,book_yield,27.0
2020-07-31,gbdt_price_value,market_return,23.0
2020-07-31,gbdt_price_value,market_mom3,12.0
2020-07-31,gbdt_price_value,market_mom6,35.0
2020-07-31,gbdt_price_value,market_vol6,29.0
2020-07-31,gbdt_price_value,market_breadth,6.0
2020-07-31,gbdt_tech12,tech_mom_1m,49.0
2020-07-31,gbdt_tech12,tech_mom_3m,52.0
2020-07-31,gbdt_tech12,tech_mom_6m,89.0
2020-07-31,gbdt_tech12,tech_vol_1m,115.0
2020-07-31,gbdt_tech12,tech_vol_3m,26.0
2020-07-31,gbdt_tech12,tech_turnover_chg,50.0
2020-07-31,gbdt_tech12,tech_vol_price_corr,74.0
2020-07-31,gbdt_tech12,tech_max_drawdown_1m,82.0
2020-07-31,gbdt_tech12,tech_high_low_pos,87.0
2020-07-31,gbdt_tech12,tech_pattern_median,35.0
2020-07-31,gbdt_tech12,tech_bullish_ratio,93.0
2020-07-31,gbdt_tech12,tech_signal_strength,69.0
2020-10-31,gbdt_price,mom_1,29.0
2020-10-31,gbdt_price,mom_2,44.0
2020-10-31,gbdt_price,mom_3,30.0
2020-10-31,gbdt_price,mom_6,11.0
2020-10-31,gbdt_price,mom_9,10.0
2020-10-31,gbdt_price,mom_12,42.0
2020-10-31,gbdt_price,mom_3_1,18.0
2020-10-31,gbdt_price,vol_3,89.0
2020-10-31,gbdt_price,bias_3,43.0
2020-10-31,gbdt_price,mom_6_1,49.0
2020-10-31,gbdt_price,vol_6,57.0
2020-10-31,gbdt_price,bias_6,25.0
2020-10-31,gbdt_price,mom_12_1,24.0
2020-10-31,gbdt_price,vol_12,3.0
2020-10-31,gbdt_price,bias_12,60.0
2020-10-31,gbdt_price,drawdown_6,37.0
2020-10-31,gbdt_price,drawdown_12,27.0
2020-10-31,gbdt_price,downside_6,51.0
2020-10-31,gbdt_price,positive_6,42.0
2020-10-31,gbdt_price,beta_12,19.0
2020-10-31,gbdt_price,residual_vol_12,22.0
2020-10-31,gbdt_price,market_return,36.0
2020-10-31,gbdt_price,market_mom3,11.0
2020-10-31,gbdt_price,market_mom6,44.0
2020-10-31,gbdt_price,market_vol6,15.0
2020-10-31,gbdt_price,market_breadth,6.0
2020-10-31,ranker_price,mom_1,43.0
2020-10-31,ranker_price,mom_2,47.0
2020-10-31,ranker_price,mom_3,1.0
2020-10-31,ranker_price,mom_6,32.0
2020-10-31,ranker_price,mom_9,17.0
2020-10-31,ranker_price,mom_12,36.0
2020-10-31,ranker_price,mom_3_1,2.0
2020-10-31,ranker_price,vol_3,66.0
2020-10-31,ranker_price,bias_3,43.0
2020-10-31,ranker_price,mom_6_1,63.0
2020-10-31,ranker_price,vol_6,48.0
2020-10-31,ranker_price,bias_6,7.0
2020-10-31,ranker_price,mom_12_1,9.0
2020-10-31,ranker_price,vol_12,27.0
2020-10-31,ranker_price,bias_12,26.0
2020-10-31,ranker_price,drawdown_6,41.0
2020-10-31,ranker_price,drawdown_12,83.0
2020-10-31,ranker_price,downside_6,83.0
2020-10-31,ranker_price,positive_6,51.0
2020-10-31,ranker_price,beta_12,2.0
2020-10-31,ranker_price,residual_vol_12,23.0
2020-10-31,ranker_price,market_return,29.0
2020-10-31,ranker_price,market_mom3,25.0
2020-10-31,ranker_price,market_mom6,17.0
2020-10-31,ranker_price,market_vol6,25.0
2020-10-31,ranker_price,market_breadth,21.0
2020-10-31,gbdt_price_value,mom_1,27.0
2020-10-31,gbdt_price_value,mom_2,37.0
2020-10-31,gbdt_price_value,mom_3,24.0
2020-10-31,gbdt_price_value,mom_6,8.0
2020-10-31,gbdt_price_value,mom_9,9.0
2020-10-31,gbdt_price_value,mom_12,47.0
2020-10-31,gbdt_price_value,mom_3_1,6.0
2020-10-31,gbdt_price_value,vol_3,82.0
2020-10-31,gbdt_price_value,bias_3,45.0
2020-10-31,gbdt_price_value,mom_6_1,48.0
2020-10-31,gbdt_price_value,vol_6,59.0
2020-10-31,gbdt_price_value,bias_6,21.0
2020-10-31,gbdt_price_value,mom_12_1,25.0
2020-10-31,gbdt_price_value,vol_12,3.0
2020-10-31,gbdt_price_value,bias_12,56.0
2020-10-31,gbdt_price_value,drawdown_6,36.0
2020-10-31,gbdt_price_value,drawdown_12,37.0
2020-10-31,gbdt_price_value,downside_6,48.0
2020-10-31,gbdt_price_value,positive_6,45.0
2020-10-31,gbdt_price_value,beta_12,16.0
2020-10-31,gbdt_price_value,residual_vol_12,23.0
2020-10-31,gbdt_price_value,earnings_yield,14.0
2020-10-31,gbdt_price_value,book_yield,32.0
2020-10-31,gbdt_price_value,market_return,26.0
2020-10-31,gbdt_price_value,market_mom3,9.0
2020-10-31,gbdt_price_value,market_mom6,38.0
2020-10-31,gbdt_price_value,market_vol6,14.0
2020-10-31,gbdt_price_value,market_breadth,6.0
2020-10-31,gbdt_tech12,tech_mom_1m,38.0
2020-10-31,gbdt_tech12,tech_mom_3m,46.0
2020-10-31,gbdt_tech12,tech_mom_6m,59.0
2020-10-31,gbdt_tech12,tech_vol_1m,98.0
2020-10-31,gbdt_tech12,tech_vol_3m,46.0
2020-10-31,gbdt_tech12,tech_turnover_chg,56.0
2020-10-31,gbdt_tech12,tech_vol_price_corr,99.0
2020-10-31,gbdt_tech12,tech_max_drawdown_1m,119.0
2020-10-31,gbdt_tech12,tech_high_low_pos,84.0
2020-10-31,gbdt_tech12,tech_pattern_median,38.0
2020-10-31,gbdt_tech12,tech_bullish_ratio,104.0
2020-10-31,gbdt_tech12,tech_signal_strength,74.0
2021-01-31,gbdt_price,mom_1,43.0
2021-01-31,gbdt_price,mom_2,40.0
2021-01-31,gbdt_price,mom_3,14.0
2021-01-31,gbdt_price,mom_6,8.0
2021-01-31,gbdt_price,mom_9,28.0
2021-01-31,gbdt_price,mom_12,33.0
2021-01-31,gbdt_price,mom_3_1,22.0
2021-01-31,gbdt_price,vol_3,63.0
2021-01-31,gbdt_price,bias_3,41.0
2021-01-31,gbdt_price,mom_6_1,46.0
2021-01-31,gbdt_price,vol_6,70.0
2021-01-31,gbdt_price,bias_6,19.0
2021-01-31,gbdt_price,mom_12_1,21.0
2021-01-31,gbdt_price,vol_12,8.0
2021-01-31,gbdt_price,bias_12,30.0
2021-01-31,gbdt_price,drawdown_6,60.0
2021-01-31,gbdt_price,drawdown_12,50.0
2021-01-31,gbdt_price,downside_6,33.0
2021-01-31,gbdt_price,positive_6,50.0
2021-01-31,gbdt_price,beta_12,12.0
2021-01-31,gbdt_price,residual_vol_12,40.0
2021-01-31,gbdt_price,market_return,17.0
2021-01-31,gbdt_price,market_mom3,13.0
2021-01-31,gbdt_price,market_mom6,64.0
2021-01-31,gbdt_price,market_vol6,13.0
2021-01-31,gbdt_price,market_breadth,9.0
2021-01-31,ranker_price,mom_1,30.0
2021-01-31,ranker_price,mom_2,52.0
2021-01-31,ranker_price,mom_3,17.0
2021-01-31,ranker_price,mom_6,41.0
2021-01-31,ranker_price,mom_9,25.0
2021-01-31,ranker_price,mom_12,37.0
2021-01-31,ranker_price,mom_3_1,13.0
2021-01-31,ranker_price,vol_3,46.0
2021-01-31,ranker_price,bias_3,23.0
2021-01-31,ranker_price,mom_6_1,87.0
2021-01-31,ranker_price,vol_6,53.0
2021-01-31,ranker_price,bias_6,36.0
2021-01-31,ranker_price,mom_12_1,14.0
2021-01-31,ranker_price,vol_12,25.0
2021-01-31,ranker_price,bias_12,19.0
2021-01-31,ranker_price,drawdown_6,38.0
2021-01-31,ranker_price,drawdown_12,46.0
2021-01-31,ranker_price,downside_6,49.0
2021-01-31,ranker_price,positive_6,83.0
2021-01-31,ranker_price,beta_12,10.0
2021-01-31,ranker_price,residual_vol_12,11.0
2021-01-31,ranker_price,market_return,9.0
2021-01-31,ranker_price,market_mom3,10.0
2021-01-31,ranker_price,market_mom6,29.0
2021-01-31,ranker_price,market_vol6,50.0
2021-01-31,ranker_price,market_breadth,12.0
2021-01-31,gbdt_price_value,mom_1,31.0
2021-01-31,gbdt_price_value,mom_2,43.0
2021-01-31,gbdt_price_value,mom_3,15.0
2021-01-31,gbdt_price_value,mom_6,6.0
2021-01-31,gbdt_price_value,mom_9,21.0
2021-01-31,gbdt_price_value,mom_12,44.0
2021-01-31,gbdt_price_value,mom_3_1,18.0
2021-01-31,gbdt_price_value,vol_3,61.0
2021-01-31,gbdt_price_value,bias_3,41.0
2021-01-31,gbdt_price_value,mom_6_1,47.0
2021-01-31,gbdt_price_value,vol_6,68.0
2021-01-31,gbdt_price_value,bias_6,18.0
2021-01-31,gbdt_price_value,mom_12_1,14.0
2021-01-31,gbdt_price_value,vol_12,7.0
2021-01-31,gbdt_price_value,bias_12,31.0
2021-01-31,gbdt_price_value,drawdown_6,56.0
2021-01-31,gbdt_price_value,drawdown_12,42.0
2021-01-31,gbdt_price_value,downside_6,28.0
2021-01-31,gbdt_price_value,positive_6,59.0
2021-01-31,gbdt_price_value,beta_12,9.0
2021-01-31,gbdt_price_value,residual_vol_12,27.0
2021-01-31,gbdt_price_value,earnings_yield,9.0
2021-01-31,gbdt_price_value,book_yield,54.0
2021-01-31,gbdt_price_value,market_return,24.0
2021-01-31,gbdt_price_value,market_mom3,10.0
2021-01-31,gbdt_price_value,market_mom6,57.0
2021-01-31,gbdt_price_value,market_vol6,8.0
2021-01-31,gbdt_price_value,market_breadth,10.0
2021-01-31,gbdt_tech12,tech_mom_1m,50.0
2021-01-31,gbdt_tech12,tech_mom_3m,89.0
2021-01-31,gbdt_tech12,tech_mom_6m,43.0
2021-01-31,gbdt_tech12,tech_vol_1m,92.0
2021-01-31,gbdt_tech12,tech_vol_3m,46.0
2021-01-31,gbdt_tech12,tech_turnover_chg,32.0
2021-01-31,gbdt_tech12,tech_vol_price_corr,87.0
2021-01-31,gbdt_tech12,tech_max_drawdown_1m,123.0
2021-01-31,gbdt_tech12,tech_high_low_pos,95.0
2021-01-31,gbdt_tech12,tech_pattern_median,43.0
2021-01-31,gbdt_tech12,tech_bullish_ratio,112.0
2021-01-31,gbdt_tech12,tech_signal_strength,62.0
2021-04-30,gbdt_price,mom_1,33.0
2021-04-30,gbdt_price,mom_2,50.0
2021-04-30,gbdt_price,mom_3,13.0
2021-04-30,gbdt_price,mom_6,23.0
2021-04-30,gbdt_price,mom_9,33.0
2021-04-30,gbdt_price,mom_12,23.0
2021-04-30,gbdt_price,mom_3_1,12.0
2021-04-30,gbdt_price,vol_3,66.0
2021-04-30,gbdt_price,bias_3,38.0
2021-04-30,gbdt_price,mom_6_1,41.0
2021-04-30,gbdt_price,vol_6,74.0
2021-04-30,gbdt_price,bias_6,14.0
2021-04-30,gbdt_price,mom_12_1,22.0
2021-04-30,gbdt_price,vol_12,13.0
2021-04-30,gbdt_price,bias_12,35.0
2021-04-30,gbdt_price,drawdown_6,58.0
2021-04-30,gbdt_price,drawdown_12,37.0
2021-04-30,gbdt_price,downside_6,25.0
2021-04-30,gbdt_price,positive_6,56.0
2021-04-30,gbdt_price,beta_12,13.0
2021-04-30,gbdt_price,residual_vol_12,25.0
2021-04-30,gbdt_price,market_return,29.0
2021-04-30,gbdt_price,market_mom3,15.0
2021-04-30,gbdt_price,market_mom6,67.0
2021-04-30,gbdt_price,market_vol6,26.0
2021-04-30,gbdt_price,market_breadth,10.0
2021-04-30,ranker_price,mom_1,25.0
2021-04-30,ranker_price,mom_2,71.0
2021-04-30,ranker_price,mom_3,14.0
2021-04-30,ranker_price,mom_6,30.0
2021-04-30,ranker_price,mom_9,39.0
2021-04-30,ranker_price,mom_12,43.0
2021-04-30,ranker_price,mom_3_1,13.0
2021-04-30,ranker_price,vol_3,65.0
2021-04-30,ranker_price,bias_3,20.0
2021-04-30,ranker_price,mom_6_1,48.0
2021-04-30,ranker_price,vol_6,50.0
2021-04-30,ranker_price,bias_6,13.0
2021-04-30,ranker_price,mom_12_1,23.0
2021-04-30,ranker_price,vol_12,62.0
2021-04-30,ranker_price,bias_12,5.0
2021-04-30,ranker_price,drawdown_6,34.0
2021-04-30,ranker_price,drawdown_12,58.0
2021-04-30,ranker_price,downside_6,56.0
2021-04-30,ranker_price,positive_6,68.0
2021-04-30,ranker_price,beta_12,39.0
2021-04-30,ranker_price,residual_vol_12,18.0
2021-04-30,ranker_price,market_return,16.0
2021-04-30,ranker_price,market_mom3,13.0
2021-04-30,ranker_price,market_mom6,28.0
2021-04-30,ranker_price,market_vol6,22.0
2021-04-30,ranker_price,market_breadth,17.0
2021-04-30,gbdt_price_value,mom_1,27.0
2021-04-30,gbdt_price_value,mom_2,49.0
2021-04-30,gbdt_price_value,mom_3,11.0
2021-04-30,gbdt_price_value,mom_6,21.0
2021-04-30,gbdt_price_value,mom_9,28.0
2021-04-30,gbdt_price_value,mom_12,29.0
2021-04-30,gbdt_price_value,mom_3_1,5.0
2021-04-30,gbdt_price_value,vol_3,59.0
2021-04-30,gbdt_price_value,bias_3,36.0
2021-04-30,gbdt_price_value,mom_6_1,41.0
2021-04-30,gbdt_price_value,vol_6,61.0
2021-04-30,gbdt_price_value,bias_6,12.0
2021-04-30,gbdt_price_value,mom_12_1,15.0
2021-04-30,gbdt_price_value,vol_12,13.0
2021-04-30,gbdt_price_value,bias_12,30.0
2021-04-30,gbdt_price_value,drawdown_6,60.0
2021-04-30,gbdt_price_value,drawdown_12,48.0
2021-04-30,gbdt_price_value,downside_6,26.0
2021-04-30,gbdt_price_value,positive_6,61.0
2021-04-30,gbdt_price_value,beta_12,10.0
2021-04-30,gbdt_price_value,residual_vol_12,21.0
2021-04-30,gbdt_price_value,earnings_yield,10.0
2021-04-30,gbdt_price_value,book_yield,60.0
2021-04-30,gbdt_price_value,market_return,24.0
2021-04-30,gbdt_price_value,market_mom3,12.0
2021-04-30,gbdt_price_value,market_mom6,61.0
2021-04-30,gbdt_price_value,market_vol6,15.0
2021-04-30,gbdt_price_value,market_breadth,8.0
2021-04-30,gbdt_tech12,tech_mom_1m,48.0
2021-04-30,gbdt_tech12,tech_mom_3m,65.0
2021-04-30,gbdt_tech12,tech_mom_6m,42.0
2021-04-30,gbdt_tech12,tech_vol_1m,99.0
2021-04-30,gbdt_tech12,tech_vol_3m,45.0
2021-04-30,gbdt_tech12,tech_turnover_chg,32.0
2021-04-30,gbdt_tech12,tech_vol_price_corr,79.0
2021-04-30,gbdt_tech12,tech_max_drawdown_1m,121.0
2021-04-30,gbdt_tech12,tech_high_low_pos,93.0
2021-04-30,gbdt_tech12,tech_pattern_median,45.0
2021-04-30,gbdt_tech12,tech_bullish_ratio,85.0
2021-04-30,gbdt_tech12,tech_signal_strength,80.0
2021-07-31,gbdt_price,mom_1,28.0
2021-07-31,gbdt_price,mom_2,36.0
2021-07-31,gbdt_price,mom_3,21.0
2021-07-31,gbdt_price,mom_6,28.0
2021-07-31,gbdt_price,mom_9,9.0
2021-07-31,gbdt_price,mom_12,34.0
2021-07-31,gbdt_price,mom_3_1,24.0
2021-07-31,gbdt_price,vol_3,73.0
2021-07-31,gbdt_price,bias_3,60.0
2021-07-31,gbdt_price,mom_6_1,44.0
2021-07-31,gbdt_price,vol_6,71.0
2021-07-31,gbdt_price,bias_6,15.0
2021-07-31,gbdt_price,mom_12_1,25.0
2021-07-31,gbdt_price,vol_12,11.0
2021-07-31,gbdt_price,bias_12,34.0
2021-07-31,gbdt_price,drawdown_6,67.0
2021-07-31,gbdt_price,drawdown_12,30.0
2021-07-31,gbdt_price,downside_6,31.0
2021-07-31,gbdt_price,positive_6,43.0
2021-07-31,gbdt_price,beta_12,12.0
2021-07-31,gbdt_price,residual_vol_12,28.0
2021-07-31,gbdt_price,market_return,19.0
2021-07-31,gbdt_price,market_mom3,6.0
2021-07-31,gbdt_price,market_mom6,67.0
2021-07-31,gbdt_price,market_vol6,16.0
2021-07-31,gbdt_price,market_breadth,15.0
2021-07-31,ranker_price,mom_1,15.0
2021-07-31,ranker_price,mom_2,27.0
2021-07-31,ranker_price,mom_3,9.0
2021-07-31,ranker_price,mom_6,63.0
2021-07-31,ranker_price,mom_9,21.0
2021-07-31,ranker_price,mom_12,47.0
2021-07-31,ranker_price,mom_3_1,17.0
2021-07-31,ranker_price,vol_3,71.0
2021-07-31,ranker_price,bias_3,32.0
2021-07-31,ranker_price,mom_6_1,73.0
2021-07-31,ranker_price,vol_6,42.0
2021-07-31,ranker_price,bias_6,34.0
2021-07-31,ranker_price,mom_12_1,48.0
2021-07-31,ranker_price,vol_12,27.0
2021-07-31,ranker_price,bias_12,14.0
2021-07-31,ranker_price,drawdown_6,54.0
2021-07-31,ranker_price,drawdown_12,53.0
2021-07-31,ranker_price,downside_6,61.0
2021-07-31,ranker_price,positive_6,61.0
2021-07-31,ranker_price,beta_12,11.0
2021-07-31,ranker_price,residual_vol_12,43.0
2021-07-31,ranker_price,market_return,19.0
2021-07-31,ranker_price,market_mom3,24.0
2021-07-31,ranker_price,market_mom6,37.0
2021-07-31,ranker_price,market_vol6,27.0
2021-07-31,ranker_price,market_breadth,16.0
2021-07-31,gbdt_price_value,mom_1,19.0
2021-07-31,gbdt_price_value,mom_2,36.0
2021-07-31,gbdt_price_value,mom_3,16.0
2021-07-31,gbdt_price_value,mom_6,22.0
2021-07-31,gbdt_price_value,mom_9,9.0
2021-07-31,gbdt_price_value,mom_12,48.0
2021-07-31,gbdt_price_value,mom_3_1,22.0
2021-07-31,gbdt_price_value,vol_3,69.0
2021-07-31,gbdt_price_value,bias_3,61.0
2021-07-31,gbdt_price_value,mom_6_1,38.0
2021-07-31,gbdt_price_value,vol_6,63.0
2021-07-31,gbdt_price_value,bias_6,15.0
2021-07-31,gbdt_price_value,mom_12_1,20.0
2021-07-31,gbdt_price_value,vol_12,11.0
2021-07-31,gbdt_price_value,bias_12,32.0
2021-07-31,gbdt_price_value,drawdown_6,53.0
2021-07-31,gbdt_price_value,drawdown_12,28.0
2021-07-31,gbdt_price_value,downside_6,28.0
2021-07-31,gbdt_price_value,positive_6,46.0
2021-07-31,gbdt_price_value,beta_12,12.0
2021-07-31,gbdt_price_value,residual_vol_12,26.0
2021-07-31,gbdt_price_value,earnings_yield,9.0
2021-07-31,gbdt_price_value,book_yield,55.0
2021-07-31,gbdt_price_value,market_return,20.0
2021-07-31,gbdt_price_value,market_mom3,8.0
2021-07-31,gbdt_price_value,market_mom6,55.0
2021-07-31,gbdt_price_value,market_vol6,11.0
2021-07-31,gbdt_price_value,market_breadth,17.0
2021-07-31,gbdt_tech12,tech_mom_1m,42.0
2021-07-31,gbdt_tech12,tech_mom_3m,76.0
2021-07-31,gbdt_tech12,tech_mom_6m,47.0
2021-07-31,gbdt_tech12,tech_vol_1m,100.0
2021-07-31,gbdt_tech12,tech_vol_3m,25.0
2021-07-31,gbdt_tech12,tech_turnover_chg,23.0
2021-07-31,gbdt_tech12,tech_vol_price_corr,112.0
2021-07-31,gbdt_tech12,tech_max_drawdown_1m,123.0
2021-07-31,gbdt_tech12,tech_high_low_pos,92.0
2021-07-31,gbdt_tech12,tech_pattern_median,43.0
2021-07-31,gbdt_tech12,tech_bullish_ratio,92.0
2021-07-31,gbdt_tech12,tech_signal_strength,86.0
2021-10-31,gbdt_price,mom_1,29.0
2021-10-31,gbdt_price,mom_2,47.0
2021-10-31,gbdt_price,mom_3,24.0
2021-10-31,gbdt_price,mom_6,44.0
2021-10-31,gbdt_price,mom_9,20.0
2021-10-31,gbdt_price,mom_12,14.0
2021-10-31,gbdt_price,mom_3_1,19.0
2021-10-31,gbdt_price,vol_3,84.0
2021-10-31,gbdt_price,bias_3,41.0
2021-10-31,gbdt_price,mom_6_1,29.0
2021-10-31,gbdt_price,vol_6,70.0
2021-10-31,gbdt_price,bias_6,26.0
2021-10-31,gbdt_price,mom_12_1,22.0
2021-10-31,gbdt_price,vol_12,7.0
2021-10-31,gbdt_price,bias_12,34.0
2021-10-31,gbdt_price,drawdown_6,45.0
2021-10-31,gbdt_price,drawdown_12,46.0
2021-10-31,gbdt_price,downside_6,39.0
2021-10-31,gbdt_price,positive_6,31.0
2021-10-31,gbdt_price,beta_12,12.0
2021-10-31,gbdt_price,residual_vol_12,20.0
2021-10-31,gbdt_price,market_return,17.0
2021-10-31,gbdt_price,market_mom3,6.0
2021-10-31,gbdt_price,market_mom6,70.0
2021-10-31,gbdt_price,market_vol6,25.0
2021-10-31,gbdt_price,market_breadth,38.0
2021-10-31,ranker_price,mom_1,37.0
2021-10-31,ranker_price,mom_2,20.0
2021-10-31,ranker_price,mom_3,9.0
2021-10-31,ranker_price,mom_6,82.0
2021-10-31,ranker_price,mom_9,21.0
2021-10-31,ranker_price,mom_12,41.0
2021-10-31,ranker_price,mom_3_1,10.0
2021-10-31,ranker_price,vol_3,74.0
2021-10-31,ranker_price,bias_3,47.0
2021-10-31,ranker_price,mom_6_1,82.0
2021-10-31,ranker_price,vol_6,37.0
2021-10-31,ranker_price,bias_6,24.0
2021-10-31,ranker_price,mom_12_1,58.0
2021-10-31,ranker_price,vol_12,19.0
2021-10-31,ranker_price,bias_12,17.0
2021-10-31,ranker_price,drawdown_6,42.0
2021-10-31,ranker_price,drawdown_12,58.0
2021-10-31,ranker_price,downside_6,52.0
2021-10-31,ranker_price,positive_6,47.0
2021-10-31,ranker_price,beta_12,17.0
2021-10-31,ranker_price,residual_vol_12,43.0
2021-10-31,ranker_price,market_return,16.0
2021-10-31,ranker_price,market_mom3,20.0
2021-10-31,ranker_price,market_mom6,22.0
2021-10-31,ranker_price,market_vol6,28.0
2021-10-31,ranker_price,market_breadth,14.0
2021-10-31,gbdt_price_value,mom_1,25.0
2021-10-31,gbdt_price_value,mom_2,54.0
2021-10-31,gbdt_price_value,mom_3,25.0
2021-10-31,gbdt_price_value,mom_6,43.0
2021-10-31,gbdt_price_value,mom_9,11.0
2021-10-31,gbdt_price_value,mom_12,15.0
2021-10-31,gbdt_price_value,mom_3_1,13.0
2021-10-31,gbdt_price_value,vol_3,80.0
2021-10-31,gbdt_price_value,bias_3,44.0
2021-10-31,gbdt_price_value,mom_6_1,27.0
2021-10-31,gbdt_price_value,vol_6,59.0
2021-10-31,gbdt_price_value,bias_6,24.0
2021-10-31,gbdt_price_value,mom_12_1,17.0
2021-10-31,gbdt_price_value,vol_12,12.0
2021-10-31,gbdt_price_value,bias_12,28.0
2021-10-31,gbdt_price_value,drawdown_6,48.0
2021-10-31,gbdt_price_value,drawdown_12,34.0
2021-10-31,gbdt_price_value,downside_6,37.0
2021-10-31,gbdt_price_value,positive_6,38.0
2021-10-31,gbdt_price_value,beta_12,10.0
2021-10-31,gbdt_price_value,residual_vol_12,19.0
2021-10-31,gbdt_price_value,earnings_yield,13.0
2021-10-31,gbdt_price_value,book_yield,53.0
2021-10-31,gbdt_price_value,market_return,11.0
2021-10-31,gbdt_price_value,market_mom3,6.0
2021-10-31,gbdt_price_value,market_mom6,68.0
2021-10-31,gbdt_price_value,market_vol6,21.0
2021-10-31,gbdt_price_value,market_breadth,35.0
2021-10-31,gbdt_tech12,tech_mom_1m,39.0
2021-10-31,gbdt_tech12,tech_mom_3m,64.0
2021-10-31,gbdt_tech12,tech_mom_6m,53.0
2021-10-31,gbdt_tech12,tech_vol_1m,94.0
2021-10-31,gbdt_tech12,tech_vol_3m,41.0
2021-10-31,gbdt_tech12,tech_turnover_chg,37.0
2021-10-31,gbdt_tech12,tech_vol_price_corr,107.0
2021-10-31,gbdt_tech12,tech_max_drawdown_1m,126.0
2021-10-31,gbdt_tech12,tech_high_low_pos,91.0
2021-10-31,gbdt_tech12,tech_pattern_median,44.0
2021-10-31,gbdt_tech12,tech_bullish_ratio,80.0
2021-10-31,gbdt_tech12,tech_signal_strength,70.0
2022-01-31,gbdt_price,mom_1,14.0
2022-01-31,gbdt_price,mom_2,39.0
2022-01-31,gbdt_price,mom_3,28.0
2022-01-31,gbdt_price,mom_6,36.0
2022-01-31,gbdt_price,mom_9,2.0
2022-01-31,gbdt_price,mom_12,36.0
2022-01-31,gbdt_price,mom_3_1,28.0
2022-01-31,gbdt_price,vol_3,92.0
2022-01-31,gbdt_price,bias_3,42.0
2022-01-31,gbdt_price,mom_6_1,14.0
2022-01-31,gbdt_price,vol_6,75.0
2022-01-31,gbdt_price,bias_6,26.0
2022-01-31,gbdt_price,mom_12_1,32.0
2022-01-31,gbdt_price,vol_12,6.0
2022-01-31,gbdt_price,bias_12,19.0
2022-01-31,gbdt_price,drawdown_6,50.0
2022-01-31,gbdt_price,drawdown_12,49.0
2022-01-31,gbdt_price,downside_6,35.0
2022-01-31,gbdt_price,positive_6,41.0
2022-01-31,gbdt_price,beta_12,6.0
2022-01-31,gbdt_price,residual_vol_12,44.0
2022-01-31,gbdt_price,market_return,17.0
2022-01-31,gbdt_price,market_mom3,5.0
2022-01-31,gbdt_price,market_mom6,64.0
2022-01-31,gbdt_price,market_vol6,43.0
2022-01-31,gbdt_price,market_breadth,44.0
2022-01-31,ranker_price,mom_1,7.0
2022-01-31,ranker_price,mom_2,29.0
2022-01-31,ranker_price,mom_3,15.0
2022-01-31,ranker_price,mom_6,77.0
2022-01-31,ranker_price,mom_9,12.0
2022-01-31,ranker_price,mom_12,27.0
2022-01-31,ranker_price,mom_3_1,9.0
2022-01-31,ranker_price,vol_3,70.0
2022-01-31,ranker_price,bias_3,78.0
2022-01-31,ranker_price,mom_6_1,49.0
2022-01-31,ranker_price,vol_6,46.0
2022-01-31,ranker_price,bias_6,30.0
2022-01-31,ranker_price,mom_12_1,43.0
2022-01-31,ranker_price,vol_12,37.0
2022-01-31,ranker_price,bias_12,11.0
2022-01-31,ranker_price,drawdown_6,35.0
2022-01-31,ranker_price,drawdown_12,55.0
2022-01-31,ranker_price,downside_6,52.0
2022-01-31,ranker_price,positive_6,46.0
2022-01-31,ranker_price,beta_12,17.0
2022-01-31,ranker_price,residual_vol_12,44.0
2022-01-31,ranker_price,market_return,35.0
2022-01-31,ranker_price,market_mom3,23.0
2022-01-31,ranker_price,market_mom6,37.0
2022-01-31,ranker_price,market_vol6,8.0
2022-01-31,ranker_price,market_breadth,41.0
2022-01-31,gbdt_price_value,mom_1,16.0
2022-01-31,gbdt_price_value,mom_2,34.0
2022-01-31,gbdt_price_value,mom_3,25.0
2022-01-31,gbdt_price_value,mom_6,40.0
2022-01-31,gbdt_price_value,mom_9,2.0
2022-01-31,gbdt_price_value,mom_12,25.0
2022-01-31,gbdt_price_value,mom_3_1,18.0
2022-01-31,gbdt_price_value,vol_3,86.0
2022-01-31,gbdt_price_value,bias_3,48.0
2022-01-31,gbdt_price_value,mom_6_1,15.0
2022-01-31,gbdt_price_value,vol_6,69.0
2022-01-31,gbdt_price_value,bias_6,28.0
2022-01-31,gbdt_price_value,mom_12_1,21.0
2022-01-31,gbdt_price_value,vol_12,11.0
2022-01-31,gbdt_price_value,bias_12,18.0
2022-01-31,gbdt_price_value,drawdown_6,45.0
2022-01-31,gbdt_price_value,drawdown_12,50.0
2022-01-31,gbdt_price_value,downside_6,34.0
2022-01-31,gbdt_price_value,positive_6,42.0
2022-01-31,gbdt_price_value,beta_12,2.0
2022-01-31,gbdt_price_value,residual_vol_12,43.0
2022-01-31,gbdt_price_value,earnings_yield,15.0
2022-01-31,gbdt_price_value,book_yield,55.0
2022-01-31,gbdt_price_value,market_return,13.0
2022-01-31,gbdt_price_value,market_mom3,2.0
2022-01-31,gbdt_price_value,market_mom6,63.0
2022-01-31,gbdt_price_value,market_vol6,28.0
2022-01-31,gbdt_price_value,market_breadth,35.0
2022-01-31,gbdt_tech12,tech_mom_1m,31.0
2022-01-31,gbdt_tech12,tech_mom_3m,59.0
2022-01-31,gbdt_tech12,tech_mom_6m,57.0
2022-01-31,gbdt_tech12,tech_vol_1m,80.0
2022-01-31,gbdt_tech12,tech_vol_3m,34.0
2022-01-31,gbdt_tech12,tech_turnover_chg,49.0
2022-01-31,gbdt_tech12,tech_vol_price_corr,126.0
2022-01-31,gbdt_tech12,tech_max_drawdown_1m,79.0
2022-01-31,gbdt_tech12,tech_high_low_pos,78.0
2022-01-31,gbdt_tech12,tech_pattern_median,65.0
2022-01-31,gbdt_tech12,tech_bullish_ratio,92.0
2022-01-31,gbdt_tech12,tech_signal_strength,61.0
2022-04-30,gbdt_price,mom_1,32.0
2022-04-30,gbdt_price,mom_2,33.0
2022-04-30,gbdt_price,mom_3,22.0
2022-04-30,gbdt_price,mom_6,45.0
2022-04-30,gbdt_price,mom_9,9.0
2022-04-30,gbdt_price,mom_12,15.0
2022-04-30,gbdt_price,mom_3_1,20.0
2022-04-30,gbdt_price,vol_3,107.0
2022-04-30,gbdt_price,bias_3,49.0
2022-04-30,gbdt_price,mom_6_1,8.0
2022-04-30,gbdt_price,vol_6,64.0
2022-04-30,gbdt_price,bias_6,30.0
2022-04-30,gbdt_price,mom_12_1,43.0
2022-04-30,gbdt_price,vol_12,7.0
2022-04-30,gbdt_price,bias_12,22.0
2022-04-30,gbdt_price,drawdown_6,29.0
2022-04-30,gbdt_price,drawdown_12,63.0
2022-04-30,gbdt_price,downside_6,36.0
2022-04-30,gbdt_price,positive_6,36.0
2022-04-30,gbdt_price,beta_12,23.0
2022-04-30,gbdt_price,residual_vol_12,34.0
2022-04-30,gbdt_price,market_return,5.0
2022-04-30,gbdt_price,market_mom3,4.0
2022-04-30,gbdt_price,market_mom6,51.0
2022-04-30,gbdt_price,market_vol6,40.0
2022-04-30,gbdt_price,market_breadth,56.0
2022-04-30,ranker_price,mom_1,39.0
2022-04-30,ranker_price,mom_2,18.0
2022-04-30,ranker_price,mom_3,16.0
2022-04-30,ranker_price,mom_6,51.0
2022-04-30,ranker_price,mom_9,31.0
2022-04-30,ranker_price,mom_12,8.0
2022-04-30,ranker_price,mom_3_1,14.0
2022-04-30,ranker_price,vol_3,65.0
2022-04-30,ranker_price,bias_3,29.0
2022-04-30,ranker_price,mom_6_1,35.0
2022-04-30,ranker_price,vol_6,48.0
2022-04-30,ranker_price,bias_6,17.0
2022-04-30,ranker_price,mom_12_1,60.0
2022-04-30,ranker_price,vol_12,72.0
2022-04-30,ranker_price,bias_12,20.0
2022-04-30,ranker_price,drawdown_6,41.0
2022-04-30,ranker_price,drawdown_12,73.0
2022-04-30,ranker_price,downside_6,42.0
2022-04-30,ranker_price,positive_6,81.0
2022-04-30,ranker_price,beta_12,31.0
2022-04-30,ranker_price,residual_vol_12,21.0
2022-04-30,ranker_price,market_return,21.0
2022-04-30,ranker_price,market_mom3,22.0
2022-04-30,ranker_price,market_mom6,27.0
2022-04-30,ranker_price,market_vol6,23.0
2022-04-30,ranker_price,market_breadth,32.0
2022-04-30,gbdt_price_value,mom_1,33.0
2022-04-30,gbdt_price_value,mom_2,29.0
2022-04-30,gbdt_price_value,mom_3,15.0
2022-04-30,gbdt_price_value,mom_6,36.0
2022-04-30,gbdt_price_value,mom_9,14.0
2022-04-30,gbdt_price_value,mom_12,20.0
2022-04-30,gbdt_price_value,mom_3_1,13.0
2022-04-30,gbdt_price_value,vol_3,107.0
2022-04-30,gbdt_price_value,bias_3,39.0
2022-04-30,gbdt_price_value,mom_6_1,8.0
2022-04-30,gbdt_price_value,vol_6,56.0
2022-04-30,gbdt_price_value,bias_6,29.0
2022-04-30,gbdt_price_value,mom_12_1,34.0
2022-04-30,gbdt_price_value,vol_12,11.0
2022-04-30,gbdt_price_value,bias_12,12.0
2022-04-30,gbdt_price_value,drawdown_6,30.0
2022-04-30,gbdt_price_value,drawdown_12,61.0
2022-04-30,gbdt_price_value,downside_6,35.0
2022-04-30,gbdt_price_value,positive_6,40.0
2022-04-30,gbdt_price_value,beta_12,9.0
2022-04-30,gbdt_price_value,residual_vol_12,38.0
2022-04-30,gbdt_price_value,earnings_yield,27.0
2022-04-30,gbdt_price_value,book_yield,58.0
2022-04-30,gbdt_price_value,market_return,8.0
2022-04-30,gbdt_price_value,market_mom3,1.0
2022-04-30,gbdt_price_value,market_mom6,50.0
2022-04-30,gbdt_price_value,market_vol6,33.0
2022-04-30,gbdt_price_value,market_breadth,50.0
2022-04-30,gbdt_tech12,tech_mom_1m,49.0
2022-04-30,gbdt_tech12,tech_mom_3m,64.0
2022-04-30,gbdt_tech12,tech_mom_6m,54.0
2022-04-30,gbdt_tech12,tech_vol_1m,76.0
2022-04-30,gbdt_tech12,tech_vol_3m,41.0
2022-04-30,gbdt_tech12,tech_turnover_chg,56.0
2022-04-30,gbdt_tech12,tech_vol_price_corr,112.0
2022-04-30,gbdt_tech12,tech_max_drawdown_1m,95.0
2022-04-30,gbdt_tech12,tech_high_low_pos,79.0
2022-04-30,gbdt_tech12,tech_pattern_median,23.0
2022-04-30,gbdt_tech12,tech_bullish_ratio,73.0
2022-04-30,gbdt_tech12,tech_signal_strength,77.0
2022-07-31,gbdt_price,mom_1,35.0
2022-07-31,gbdt_price,mom_2,41.0
2022-07-31,gbdt_price,mom_3,6.0
2022-07-31,gbdt_price,mom_6,52.0
2022-07-31,gbdt_price,mom_9,12.0
2022-07-31,gbdt_price,mom_12,20.0
2022-07-31,gbdt_price,mom_3_1,24.0
2022-07-31,gbdt_price,vol_3,91.0
2022-07-31,gbdt_price,bias_3,56.0
2022-07-31,gbdt_price,mom_6_1,15.0
2022-07-31,gbdt_price,vol_6,54.0
2022-07-31,gbdt_price,bias_6,18.0
2022-07-31,gbdt_price,mom_12_1,59.0
2022-07-31,gbdt_price,vol_12,2.0
2022-07-31,gbdt_price,bias_12,17.0
2022-07-31,gbdt_price,drawdown_6,30.0
2022-07-31,gbdt_price,drawdown_12,74.0
2022-07-31,gbdt_price,downside_6,26.0
2022-07-31,gbdt_price,positive_6,38.0
2022-07-31,gbdt_price,beta_12,16.0
2022-07-31,gbdt_price,residual_vol_12,16.0
2022-07-31,gbdt_price,market_return,16.0
2022-07-31,gbdt_price,market_mom3,14.0
2022-07-31,gbdt_price,market_mom6,57.0
2022-07-31,gbdt_price,market_vol6,26.0
2022-07-31,gbdt_price,market_breadth,56.0
2022-07-31,ranker_price,mom_1,14.0
2022-07-31,ranker_price,mom_2,15.0
2022-07-31,ranker_price,mom_3,11.0
2022-07-31,ranker_price,mom_6,102.0
2022-07-31,ranker_price,mom_9,20.0
2022-07-31,ranker_price,mom_12,16.0
2022-07-31,ranker_price,mom_3_1,16.0
2022-07-31,ranker_price,vol_3,59.0
2022-07-31,ranker_price,bias_3,50.0
2022-07-31,ranker_price,mom_6_1,27.0
2022-07-31,ranker_price,vol_6,46.0
2022-07-31,ranker_price,bias_6,15.0
2022-07-31,ranker_price,mom_12_1,54.0
2022-07-31,ranker_price,vol_12,51.0
2022-07-31,ranker_price,bias_12,8.0
2022-07-31,ranker_price,drawdown_6,20.0
2022-07-31,ranker_price,drawdown_12,99.0
2022-07-31,ranker_price,downside_6,72.0
2022-07-31,ranker_price,positive_6,69.0
2022-07-31,ranker_price,beta_12,20.0
2022-07-31,ranker_price,residual_vol_12,32.0
2022-07-31,ranker_price,market_return,43.0
2022-07-31,ranker_price,market_mom3,37.0
2022-07-31,ranker_price,market_mom6,28.0
2022-07-31,ranker_price,market_vol6,2.0
2022-07-31,ranker_price,market_breadth,31.0
2022-07-31,gbdt_price_value,mom_1,31.0
2022-07-31,gbdt_price_value,mom_2,34.0
2022-07-31,gbdt_price_value,mom_3,7.0
2022-07-31,gbdt_price_value,mom_6,48.0
2022-07-31,gbdt_price_value,mom_9,13.0
2022-07-31,gbdt_price_value,mom_12,14.0
2022-07-31,gbdt_price_value,mom_3_1,23.0
2022-07-31,gbdt_price_value,vol_3,88.0
2022-07-31,gbdt_price_value,bias_3,46.0
2022-07-31,gbdt_price_value,mom_6_1,18.0
2022-07-31,gbdt_price_value,vol_6,52.0
2022-07-31,gbdt_price_value,bias_6,17.0
2022-07-31,gbdt_price_value,mom_12_1,54.0
2022-07-31,gbdt_price_value,vol_12,5.0
2022-07-31,gbdt_price_value,bias_12,16.0
2022-07-31,gbdt_price_value,drawdown_6,25.0
2022-07-31,gbdt_price_value,drawdown_12,66.0
2022-07-31,gbdt_price_value,downside_6,27.0
2022-07-31,gbdt_price_value,positive_6,32.0
2022-07-31,gbdt_price_value,beta_12,19.0
2022-07-31,gbdt_price_value,residual_vol_12,10.0
2022-07-31,gbdt_price_value,earnings_yield,22.0
2022-07-31,gbdt_price_value,book_yield,46.0
2022-07-31,gbdt_price_value,market_return,11.0
2022-07-31,gbdt_price_value,market_mom3,20.0
2022-07-31,gbdt_price_value,market_mom6,63.0
2022-07-31,gbdt_price_value,market_vol6,20.0
2022-07-31,gbdt_price_value,market_breadth,54.0
2022-07-31,gbdt_tech12,tech_mom_1m,51.0
2022-07-31,gbdt_tech12,tech_mom_3m,81.0
2022-07-31,gbdt_tech12,tech_mom_6m,58.0
2022-07-31,gbdt_tech12,tech_vol_1m,88.0
2022-07-31,gbdt_tech12,tech_vol_3m,38.0
2022-07-31,gbdt_tech12,tech_turnover_chg,63.0
2022-07-31,gbdt_tech12,tech_vol_price_corr,101.0
2022-07-31,gbdt_tech12,tech_max_drawdown_1m,102.0
2022-07-31,gbdt_tech12,tech_high_low_pos,70.0
2022-07-31,gbdt_tech12,tech_pattern_median,42.0
2022-07-31,gbdt_tech12,tech_bullish_ratio,88.0
2022-07-31,gbdt_tech12,tech_signal_strength,80.0
2022-10-31,gbdt_price,mom_1,28.0
2022-10-31,gbdt_price,mom_2,28.0
2022-10-31,gbdt_price,mom_3,18.0
2022-10-31,gbdt_price,mom_6,55.0
2022-10-31,gbdt_price,mom_9,11.0
2022-10-31,gbdt_price,mom_12,53.0
2022-10-31,gbdt_price,mom_3_1,14.0
2022-10-31,gbdt_price,vol_3,88.0
2022-10-31,gbdt_price,bias_3,48.0
2022-10-31,gbdt_price,mom_6_1,20.0
2022-10-31,gbdt_price,vol_6,39.0
2022-10-31,gbdt_price,bias_6,36.0
2022-10-31,gbdt_price,mom_12_1,45.0
2022-10-31,gbdt_price,vol_12,14.0
2022-10-31,gbdt_price,bias_12,16.0
2022-10-31,gbdt_price,drawdown_6,50.0
2022-10-31,gbdt_price,drawdown_12,51.0
2022-10-31,gbdt_price,downside_6,15.0
2022-10-31,gbdt_price,positive_6,25.0
2022-10-31,gbdt_price,beta_12,5.0
2022-10-31,gbdt_price,residual_vol_12,21.0
2022-10-31,gbdt_price,market_return,8.0
2022-10-31,gbdt_price,market_mom3,11.0
2022-10-31,gbdt_price,market_mom6,90.0
2022-10-31,gbdt_price,market_vol6,30.0
2022-10-31,gbdt_price,market_breadth,42.0
2022-10-31,ranker_price,mom_1,25.0
2022-10-31,ranker_price,mom_2,12.0
2022-10-31,ranker_price,mom_3,47.0
2022-10-31,ranker_price,mom_6,62.0
2022-10-31,ranker_price,mom_9,14.0
2022-10-31,ranker_price,mom_12,51.0
2022-10-31,ranker_price,mom_3_1,22.0
2022-10-31,ranker_price,vol_3,68.0
2022-10-31,ranker_price,bias_3,55.0
2022-10-31,ranker_price,mom_6_1,17.0
2022-10-31,ranker_price,vol_6,30.0
2022-10-31,ranker_price,bias_6,33.0
2022-10-31,ranker_price,mom_12_1,83.0
2022-10-31,ranker_price,vol_12,24.0
2022-10-31,ranker_price,bias_12,22.0
2022-10-31,ranker_price,drawdown_6,52.0
2022-10-31,ranker_price,drawdown_12,51.0
2022-10-31,ranker_price,downside_6,7.0
2022-10-31,ranker_price,positive_6,17.0
2022-10-31,ranker_price,beta_12,34.0
2022-10-31,ranker_price,residual_vol_12,30.0
2022-10-31,ranker_price,market_return,62.0
2022-10-31,ranker_price,market_mom3,24.0
2022-10-31,ranker_price,market_mom6,60.0
2022-10-31,ranker_price,market_vol6,24.0
2022-10-31,ranker_price,market_breadth,22.0
2022-10-31,gbdt_price_value,mom_1,25.0
2022-10-31,gbdt_price_value,mom_2,25.0
2022-10-31,gbdt_price_value,mom_3,17.0
2022-10-31,gbdt_price_value,mom_6,52.0
2022-10-31,gbdt_price_value,mom_9,9.0
2022-10-31,gbdt_price_value,mom_12,52.0
2022-10-31,gbdt_price_value,mom_3_1,13.0
2022-10-31,gbdt_price_value,vol_3,71.0
2022-10-31,gbdt_price_value,bias_3,45.0
2022-10-31,gbdt_price_value,mom_6_1,17.0
2022-10-31,gbdt_price_value,vol_6,45.0
2022-10-31,gbdt_price_value,bias_6,38.0
2022-10-31,gbdt_price_value,mom_12_1,43.0
2022-10-31,gbdt_price_value,vol_12,14.0
2022-10-31,gbdt_price_value,bias_12,19.0
2022-10-31,gbdt_price_value,drawdown_6,43.0
2022-10-31,gbdt_price_value,drawdown_12,46.0
2022-10-31,gbdt_price_value,downside_6,11.0
2022-10-31,gbdt_price_value,positive_6,26.0
2022-10-31,gbdt_price_value,beta_12,4.0
2022-10-31,gbdt_price_value,residual_vol_12,20.0
2022-10-31,gbdt_price_value,earnings_yield,21.0
2022-10-31,gbdt_price_value,book_yield,38.0
2022-10-31,gbdt_price_value,market_return,14.0
2022-10-31,gbdt_price_value,market_mom3,9.0
2022-10-31,gbdt_price_value,market_mom6,86.0
2022-10-31,gbdt_price_value,market_vol6,19.0
2022-10-31,gbdt_price_value,market_breadth,32.0
2022-10-31,gbdt_tech12,tech_mom_1m,48.0
2022-10-31,gbdt_tech12,tech_mom_3m,79.0
2022-10-31,gbdt_tech12,tech_mom_6m,65.0
2022-10-31,gbdt_tech12,tech_vol_1m,82.0
2022-10-31,gbdt_tech12,tech_vol_3m,66.0
2022-10-31,gbdt_tech12,tech_turnover_chg,52.0
2022-10-31,gbdt_tech12,tech_vol_price_corr,72.0
2022-10-31,gbdt_tech12,tech_max_drawdown_1m,88.0
2022-10-31,gbdt_tech12,tech_high_low_pos,68.0
2022-10-31,gbdt_tech12,tech_pattern_median,27.0
2022-10-31,gbdt_tech12,tech_bullish_ratio,89.0
2022-10-31,gbdt_tech12,tech_signal_strength,59.0
2023-01-31,gbdt_price,mom_1,37.0
2023-01-31,gbdt_price,mom_2,27.0
2023-01-31,gbdt_price,mom_3,16.0
2023-01-31,gbdt_price,mom_6,52.0
2023-01-31,gbdt_price,mom_9,16.0
2023-01-31,gbdt_price,mom_12,30.0
2023-01-31,gbdt_price,mom_3_1,14.0
2023-01-31,gbdt_price,vol_3,95.0
2023-01-31,gbdt_price,bias_3,47.0
2023-01-31,gbdt_price,mom_6_1,16.0
2023-01-31,gbdt_price,vol_6,32.0
2023-01-31,gbdt_price,bias_6,20.0
2023-01-31,gbdt_price,mom_12_1,69.0
2023-01-31,gbdt_price,vol_12,18.0
2023-01-31,gbdt_price,bias_12,6.0
2023-01-31,gbdt_price,drawdown_6,44.0
2023-01-31,gbdt_price,drawdown_12,56.0
2023-01-31,gbdt_price,downside_6,14.0
2023-01-31,gbdt_price,positive_6,26.0
2023-01-31,gbdt_price,beta_12,28.0
2023-01-31,gbdt_price,residual_vol_12,12.0
2023-01-31,gbdt_price,market_return,17.0
2023-01-31,gbdt_price,market_mom3,36.0
2023-01-31,gbdt_price,market_mom6,81.0
2023-01-31,gbdt_price,market_vol6,24.0
2023-01-31,gbdt_price,market_breadth,34.0
2023-01-31,ranker_price,mom_1,43.0
2023-01-31,ranker_price,mom_2,40.0
2023-01-31,ranker_price,mom_3,18.0
2023-01-31,ranker_price,mom_6,48.0
2023-01-31,ranker_price,mom_9,15.0
2023-01-31,ranker_price,mom_12,51.0
2023-01-31,ranker_price,mom_3_1,28.0
2023-01-31,ranker_price,vol_3,34.0
2023-01-31,ranker_price,bias_3,57.0
2023-01-31,ranker_price,mom_6_1,21.0
2023-01-31,ranker_price,vol_6,74.0
2023-01-31,ranker_price,bias_6,29.0
2023-01-31,ranker_price,mom_12_1,62.0
2023-01-31,ranker_price,vol_12,20.0
2023-01-31,ranker_price,bias_12,26.0
2023-01-31,ranker_price,drawdown_6,54.0
2023-01-31,ranker_price,drawdown_12,19.0
2023-01-31,ranker_price,downside_6,22.0
2023-01-31,ranker_price,positive_6,59.0
2023-01-31,ranker_price,beta_12,46.0
2023-01-31,ranker_price,residual_vol_12,62.0
2023-01-31,ranker_price,market_return,6.0
2023-01-31,ranker_price,market_mom3,22.0
2023-01-31,ranker_price,market_mom6,70.0
2023-01-31,ranker_price,market_vol6,10.0
2023-01-31,ranker_price,market_breadth,7.0
2023-01-31,gbdt_price_value,mom_1,35.0
2023-01-31,gbdt_price_value,mom_2,18.0
2023-01-31,gbdt_price_value,mom_3,16.0
2023-01-31,gbdt_price_value,mom_6,44.0
2023-01-31,gbdt_price_value,mom_9,15.0
2023-01-31,gbdt_price_value,mom_12,26.0
2023-01-31,gbdt_price_value,mom_3_1,11.0
2023-01-31,gbdt_price_value,vol_3,74.0
2023-01-31,gbdt_price_value,bias_3,42.0
2023-01-31,gbdt_price_value,mom_6_1,16.0
2023-01-31,gbdt_price_value,vol_6,24.0
2023-01-31,gbdt_price_value,bias_6,16.0
2023-01-31,gbdt_price_value,mom_12_1,65.0
2023-01-31,gbdt_price_value,vol_12,20.0
2023-01-31,gbdt_price_value,bias_12,9.0
2023-01-31,gbdt_price_value,drawdown_6,42.0
2023-01-31,gbdt_price_value,drawdown_12,40.0
2023-01-31,gbdt_price_value,downside_6,14.0
2023-01-31,gbdt_price_value,positive_6,19.0
2023-01-31,gbdt_price_value,beta_12,25.0
2023-01-31,gbdt_price_value,residual_vol_12,22.0
2023-01-31,gbdt_price_value,earnings_yield,28.0
2023-01-31,gbdt_price_value,book_yield,28.0
2023-01-31,gbdt_price_value,market_return,18.0
2023-01-31,gbdt_price_value,market_mom3,37.0
2023-01-31,gbdt_price_value,market_mom6,82.0
2023-01-31,gbdt_price_value,market_vol6,25.0
2023-01-31,gbdt_price_value,market_breadth,34.0
2023-01-31,gbdt_tech12,tech_mom_1m,46.0
2023-01-31,gbdt_tech12,tech_mom_3m,91.0
2023-01-31,gbdt_tech12,tech_mom_6m,53.0
2023-01-31,gbdt_tech12,tech_vol_1m,72.0
2023-01-31,gbdt_tech12,tech_vol_3m,49.0
2023-01-31,gbdt_tech12,tech_turnover_chg,62.0
2023-01-31,gbdt_tech12,tech_vol_price_corr,66.0
2023-01-31,gbdt_tech12,tech_max_drawdown_1m,94.0
2023-01-31,gbdt_tech12,tech_high_low_pos,73.0
2023-01-31,gbdt_tech12,tech_pattern_median,30.0
2023-01-31,gbdt_tech12,tech_bullish_ratio,82.0
2023-01-31,gbdt_tech12,tech_signal_strength,55.0
2023-04-30,gbdt_price,mom_1,28.0
2023-04-30,gbdt_price,mom_2,44.0
2023-04-30,gbdt_price,mom_3,9.0
2023-04-30,gbdt_price,mom_6,42.0
2023-04-30,gbdt_price,mom_9,15.0
2023-04-30,gbdt_price,mom_12,26.0
2023-04-30,gbdt_price,mom_3_1,14.0
2023-04-30,gbdt_price,vol_3,112.0
2023-04-30,gbdt_price,bias_3,43.0
2023-04-30,gbdt_price,mom_6_1,9.0
2023-04-30,gbdt_price,vol_6,42.0
2023-04-30,gbdt_price,bias_6,25.0
2023-04-30,gbdt_price,mom_12_1,61.0
2023-04-30,gbdt_price,vol_12,13.0
2023-04-30,gbdt_price,bias_12,11.0
2023-04-30,gbdt_price,drawdown_6,47.0
2023-04-30,gbdt_price,drawdown_12,40.0
2023-04-30,gbdt_price,downside_6,4.0
2023-04-30,gbdt_price,positive_6,21.0
2023-04-30,gbdt_price,beta_12,28.0
2023-04-30,gbdt_price,residual_vol_12,15.0
2023-04-30,gbdt_price,market_return,17.0
2023-04-30,gbdt_price,market_mom3,51.0
2023-04-30,gbdt_price,market_mom6,85.0
2023-04-30,gbdt_price,market_vol6,62.0
2023-04-30,gbdt_price,market_breadth,24.0
2023-04-30,ranker_price,mom_1,8.0
2023-04-30,ranker_price,mom_2,19.0
2023-04-30,ranker_price,mom_3,39.0
2023-04-30,ranker_price,mom_6,61.0
2023-04-30,ranker_price,mom_9,17.0
2023-04-30,ranker_price,mom_12,46.0
2023-04-30,ranker_price,mom_3_1,22.0
2023-04-30,ranker_price,vol_3,75.0
2023-04-30,ranker_price,bias_3,42.0
2023-04-30,ranker_price,mom_6_1,16.0
2023-04-30,ranker_price,vol_6,24.0
2023-04-30,ranker_price,bias_6,43.0
2023-04-30,ranker_price,mom_12_1,70.0
2023-04-30,ranker_price,vol_12,6.0
2023-04-30,ranker_price,bias_12,16.0
2023-04-30,ranker_price,drawdown_6,34.0
2023-04-30,ranker_price,drawdown_12,78.0
2023-04-30,ranker_price,downside_6,14.0
2023-04-30,ranker_price,positive_6,23.0
2023-04-30,ranker_price,beta_12,42.0
2023-04-30,ranker_price,residual_vol_12,24.0
2023-04-30,ranker_price,market_return,64.0
2023-04-30,ranker_price,market_mom3,23.0
2023-04-30,ranker_price,market_mom6,65.0
2023-04-30,ranker_price,market_vol6,50.0
2023-04-30,ranker_price,market_breadth,19.0
2023-04-30,gbdt_price_value,mom_1,30.0
2023-04-30,gbdt_price_value,mom_2,44.0
2023-04-30,gbdt_price_value,mom_3,12.0
2023-04-30,gbdt_price_value,mom_6,31.0
2023-04-30,gbdt_price_value,mom_9,15.0
2023-04-30,gbdt_price_value,mom_12,22.0
2023-04-30,gbdt_price_value,mom_3_1,8.0
2023-04-30,gbdt_price_value,vol_3,101.0
2023-04-30,gbdt_price_value,bias_3,35.0
2023-04-30,gbdt_price_value,mom_6_1,15.0
2023-04-30,gbdt_price_value,vol_6,37.0
2023-04-30,gbdt_price_value,bias_6,23.0
2023-04-30,gbdt_price_value,mom_12_1,42.0
2023-04-30,gbdt_price_value,vol_12,14.0
2023-04-30,gbdt_price_value,bias_12,11.0
2023-04-30,gbdt_price_value,drawdown_6,31.0
2023-04-30,gbdt_price_value,drawdown_12,48.0
2023-04-30,gbdt_price_value,downside_6,4.0
2023-04-30,gbdt_price_value,positive_6,26.0
2023-04-30,gbdt_price_value,beta_12,27.0
2023-04-30,gbdt_price_value,residual_vol_12,10.0
2023-04-30,gbdt_price_value,earnings_yield,44.0
2023-04-30,gbdt_price_value,book_yield,29.0
2023-04-30,gbdt_price_value,market_return,23.0
2023-04-30,gbdt_price_value,market_mom3,32.0
2023-04-30,gbdt_price_value,market_mom6,92.0
2023-04-30,gbdt_price_value,market_vol6,64.0
2023-04-30,gbdt_price_value,market_breadth,20.0
2023-04-30,gbdt_tech12,tech_mom_1m,54.0
2023-04-30,gbdt_tech12,tech_mom_3m,104.0
2023-04-30,gbdt_tech12,tech_mom_6m,63.0
2023-04-30,gbdt_tech12,tech_vol_1m,61.0
2023-04-30,gbdt_tech12,tech_vol_3m,49.0
2023-04-30,gbdt_tech12,tech_turnover_chg,68.0
2023-04-30,gbdt_tech12,tech_vol_price_corr,82.0
2023-04-30,gbdt_tech12,tech_max_drawdown_1m,94.0
2023-04-30,gbdt_tech12,tech_high_low_pos,57.0
2023-04-30,gbdt_tech12,tech_pattern_median,20.0
2023-04-30,gbdt_tech12,tech_bullish_ratio,80.0
2023-04-30,gbdt_tech12,tech_signal_strength,54.0
2023-07-31,gbdt_price,mom_1,28.0
2023-07-31,gbdt_price,mom_2,53.0
2023-07-31,gbdt_price,mom_3,17.0
2023-07-31,gbdt_price,mom_6,33.0
2023-07-31,gbdt_price,mom_9,20.0
2023-07-31,gbdt_price,mom_12,46.0
2023-07-31,gbdt_price,mom_3_1,10.0
2023-07-31,gbdt_price,vol_3,102.0
2023-07-31,gbdt_price,bias_3,47.0
2023-07-31,gbdt_price,mom_6_1,22.0
2023-07-31,gbdt_price,vol_6,28.0
2023-07-31,gbdt_price,bias_6,26.0
2023-07-31,gbdt_price,mom_12_1,54.0
2023-07-31,gbdt_price,vol_12,16.0
2023-07-31,gbdt_price,bias_12,4.0
2023-07-31,gbdt_price,drawdown_6,38.0
2023-07-31,gbdt_price,drawdown_12,50.0
2023-07-31,gbdt_price,downside_6,5.0
2023-07-31,gbdt_price,positive_6,19.0
2023-07-31,gbdt_price,beta_12,24.0
2023-07-31,gbdt_price,residual_vol_12,19.0
2023-07-31,gbdt_price,market_return,21.0
2023-07-31,gbdt_price,market_mom3,37.0
2023-07-31,gbdt_price,market_mom6,98.0
2023-07-31,gbdt_price,market_vol6,61.0
2023-07-31,gbdt_price,market_breadth,24.0
2023-07-31,ranker_price,mom_1,15.0
2023-07-31,ranker_price,mom_2,21.0
2023-07-31,ranker_price,mom_3,33.0
2023-07-31,ranker_price,mom_6,79.0
2023-07-31,ranker_price,mom_9,16.0
2023-07-31,ranker_price,mom_12,37.0
2023-07-31,ranker_price,mom_3_1,39.0
2023-07-31,ranker_price,vol_3,57.0
2023-07-31,ranker_price,bias_3,35.0
2023-07-31,ranker_price,mom_6_1,23.0
2023-07-31,ranker_price,vol_6,22.0
2023-07-31,ranker_price,bias_6,42.0
2023-07-31,ranker_price,mom_12_1,75.0
2023-07-31,ranker_price,vol_12,24.0
2023-07-31,ranker_price,bias_12,20.0
2023-07-31,ranker_price,drawdown_6,36.0
2023-07-31,ranker_price,drawdown_12,70.0
2023-07-31,ranker_price,downside_6,8.0
2023-07-31,ranker_price,positive_6,14.0
2023-07-31,ranker_price,beta_12,14.0
2023-07-31,ranker_price,residual_vol_12,29.0
2023-07-31,ranker_price,market_return,56.0
2023-07-31,ranker_price,market_mom3,18.0
2023-07-31,ranker_price,market_mom6,106.0
2023-07-31,ranker_price,market_vol6,31.0
2023-07-31,ranker_price,market_breadth,19.0
2023-07-31,gbdt_price_value,mom_1,21.0
2023-07-31,gbdt_price_value,mom_2,63.0
2023-07-31,gbdt_price_value,mom_3,17.0
2023-07-31,gbdt_price_value,mom_6,25.0
2023-07-31,gbdt_price_value,mom_9,19.0
2023-07-31,gbdt_price_value,mom_12,36.0
2023-07-31,gbdt_price_value,mom_3_1,10.0
2023-07-31,gbdt_price_value,vol_3,81.0
2023-07-31,gbdt_price_value,bias_3,34.0
2023-07-31,gbdt_price_value,mom_6_1,23.0
2023-07-31,gbdt_price_value,vol_6,23.0
2023-07-31,gbdt_price_value,bias_6,20.0
2023-07-31,gbdt_price_value,mom_12_1,38.0
2023-07-31,gbdt_price_value,vol_12,10.0
2023-07-31,gbdt_price_value,bias_12,3.0
2023-07-31,gbdt_price_value,drawdown_6,27.0
2023-07-31,gbdt_price_value,drawdown_12,56.0
2023-07-31,gbdt_price_value,downside_6,2.0
2023-07-31,gbdt_price_value,positive_6,21.0
2023-07-31,gbdt_price_value,beta_12,15.0
2023-07-31,gbdt_price_value,residual_vol_12,16.0
2023-07-31,gbdt_price_value,earnings_yield,46.0
2023-07-31,gbdt_price_value,book_yield,35.0
2023-07-31,gbdt_price_value,market_return,17.0
2023-07-31,gbdt_price_value,market_mom3,41.0
2023-07-31,gbdt_price_value,market_mom6,91.0
2023-07-31,gbdt_price_value,market_vol6,69.0
2023-07-31,gbdt_price_value,market_breadth,23.0
2023-07-31,gbdt_tech12,tech_mom_1m,50.0
2023-07-31,gbdt_tech12,tech_mom_3m,103.0
2023-07-31,gbdt_tech12,tech_mom_6m,72.0
2023-07-31,gbdt_tech12,tech_vol_1m,47.0
2023-07-31,gbdt_tech12,tech_vol_3m,51.0
2023-07-31,gbdt_tech12,tech_turnover_chg,85.0
2023-07-31,gbdt_tech12,tech_vol_price_corr,63.0
2023-07-31,gbdt_tech12,tech_max_drawdown_1m,97.0
2023-07-31,gbdt_tech12,tech_high_low_pos,51.0
2023-07-31,gbdt_tech12,tech_pattern_median,26.0
2023-07-31,gbdt_tech12,tech_bullish_ratio,74.0
2023-07-31,gbdt_tech12,tech_signal_strength,87.0
2023-10-31,gbdt_price,mom_1,22.0
2023-10-31,gbdt_price,mom_2,50.0
2023-10-31,gbdt_price,mom_3,15.0
2023-10-31,gbdt_price,mom_6,46.0
2023-10-31,gbdt_price,mom_9,30.0
2023-10-31,gbdt_price,mom_12,39.0
2023-10-31,gbdt_price,mom_3_1,6.0
2023-10-31,gbdt_price,vol_3,76.0
2023-10-31,gbdt_price,bias_3,49.0
2023-10-31,gbdt_price,mom_6_1,37.0
2023-10-31,gbdt_price,vol_6,45.0
2023-10-31,gbdt_price,bias_6,11.0
2023-10-31,gbdt_price,mom_12_1,49.0
2023-10-31,gbdt_price,vol_12,20.0
2023-10-31,gbdt_price,bias_12,1.0
2023-10-31,gbdt_price,drawdown_6,43.0
2023-10-31,gbdt_price,drawdown_12,54.0
2023-10-31,gbdt_price,downside_6,13.0
2023-10-31,gbdt_price,positive_6,17.0
2023-10-31,gbdt_price,beta_12,37.0
2023-10-31,gbdt_price,residual_vol_12,12.0
2023-10-31,gbdt_price,market_return,15.0
2023-10-31,gbdt_price,market_mom3,35.0
2023-10-31,gbdt_price,market_mom6,92.0
2023-10-31,gbdt_price,market_vol6,43.0
2023-10-31,gbdt_price,market_breadth,33.0
2023-10-31,ranker_price,mom_1,17.0
2023-10-31,ranker_price,mom_2,39.0
2023-10-31,ranker_price,mom_3,12.0
2023-10-31,ranker_price,mom_6,28.0
2023-10-31,ranker_price,mom_9,19.0
2023-10-31,ranker_price,mom_12,46.0
2023-10-31,ranker_price,mom_3_1,14.0
2023-10-31,ranker_price,vol_3,81.0
2023-10-31,ranker_price,bias_3,10.0
2023-10-31,ranker_price,mom_6_1,13.0
2023-10-31,ranker_price,vol_6,44.0
2023-10-31,ranker_price,bias_6,17.0
2023-10-31,ranker_price,mom_12_1,73.0
2023-10-31,ranker_price,vol_12,50.0
2023-10-31,ranker_price,bias_12,7.0
2023-10-31,ranker_price,drawdown_6,19.0
2023-10-31,ranker_price,drawdown_12,39.0
2023-10-31,ranker_price,downside_6,38.0
2023-10-31,ranker_price,positive_6,26.0
2023-10-31,ranker_price,beta_12,93.0
2023-10-31,ranker_price,residual_vol_12,51.0
2023-10-31,ranker_price,market_return,15.0
2023-10-31,ranker_price,market_mom3,54.0
2023-10-31,ranker_price,market_mom6,49.0
2023-10-31,ranker_price,market_vol6,20.0
2023-10-31,ranker_price,market_breadth,22.0
2023-10-31,gbdt_price_value,mom_1,27.0
2023-10-31,gbdt_price_value,mom_2,51.0
2023-10-31,gbdt_price_value,mom_3,13.0
2023-10-31,gbdt_price_value,mom_6,39.0
2023-10-31,gbdt_price_value,mom_9,24.0
2023-10-31,gbdt_price_value,mom_12,30.0
2023-10-31,gbdt_price_value,mom_3_1,5.0
2023-10-31,gbdt_price_value,vol_3,65.0
2023-10-31,gbdt_price_value,bias_3,49.0
2023-10-31,gbdt_price_value,mom_6_1,37.0
2023-10-31,gbdt_price_value,vol_6,45.0
2023-10-31,gbdt_price_value,bias_6,11.0
2023-10-31,gbdt_price_value,mom_12_1,50.0
2023-10-31,gbdt_price_value,vol_12,15.0
2023-10-31,gbdt_price_value,bias_12,1.0
2023-10-31,gbdt_price_value,drawdown_6,38.0
2023-10-31,gbdt_price_value,drawdown_12,53.0
2023-10-31,gbdt_price_value,downside_6,13.0
2023-10-31,gbdt_price_value,positive_6,20.0
2023-10-31,gbdt_price_value,beta_12,33.0
2023-10-31,gbdt_price_value,residual_vol_12,11.0
2023-10-31,gbdt_price_value,earnings_yield,34.0
2023-10-31,gbdt_price_value,book_yield,18.0
2023-10-31,gbdt_price_value,market_return,15.0
2023-10-31,gbdt_price_value,market_mom3,33.0
2023-10-31,gbdt_price_value,market_mom6,95.0
2023-10-31,gbdt_price_value,market_vol6,40.0
2023-10-31,gbdt_price_value,market_breadth,33.0
2023-10-31,gbdt_tech12,tech_mom_1m,73.0
2023-10-31,gbdt_tech12,tech_mom_3m,92.0
2023-10-31,gbdt_tech12,tech_mom_6m,80.0
2023-10-31,gbdt_tech12,tech_vol_1m,50.0
2023-10-31,gbdt_tech12,tech_vol_3m,45.0
2023-10-31,gbdt_tech12,tech_turnover_chg,82.0
2023-10-31,gbdt_tech12,tech_vol_price_corr,66.0
2023-10-31,gbdt_tech12,tech_max_drawdown_1m,83.0
2023-10-31,gbdt_tech12,tech_high_low_pos,50.0
2023-10-31,gbdt_tech12,tech_pattern_median,20.0
2023-10-31,gbdt_tech12,tech_bullish_ratio,78.0
2023-10-31,gbdt_tech12,tech_signal_strength,84.0
2024-01-31,gbdt_price,mom_1,31.0
2024-01-31,gbdt_price,mom_2,54.0
2024-01-31,gbdt_price,mom_3,14.0
2024-01-31,gbdt_price,mom_6,45.0
2024-01-31,gbdt_price,mom_9,23.0
2024-01-31,gbdt_price,mom_12,28.0
2024-01-31,gbdt_price,mom_3_1,9.0
2024-01-31,gbdt_price,vol_3,91.0
2024-01-31,gbdt_price,bias_3,67.0
2024-01-31,gbdt_price,mom_6_1,42.0
2024-01-31,gbdt_price,vol_6,37.0
2024-01-31,gbdt_price,bias_6,7.0
2024-01-31,gbdt_price,mom_12_1,39.0
2024-01-31,gbdt_price,vol_12,24.0
2024-01-31,gbdt_price,bias_12,12.0
2024-01-31,gbdt_price,drawdown_6,32.0
2024-01-31,gbdt_price,drawdown_12,56.0
2024-01-31,gbdt_price,downside_6,11.0
2024-01-31,gbdt_price,positive_6,22.0
2024-01-31,gbdt_price,beta_12,39.0
2024-01-31,gbdt_price,residual_vol_12,36.0
2024-01-31,gbdt_price,market_return,9.0
2024-01-31,gbdt_price,market_mom3,28.0
2024-01-31,gbdt_price,market_mom6,81.0
2024-01-31,gbdt_price,market_vol6,47.0
2024-01-31,gbdt_price,market_breadth,17.0
2024-01-31,ranker_price,mom_1,31.0
2024-01-31,ranker_price,mom_2,67.0
2024-01-31,ranker_price,mom_3,13.0
2024-01-31,ranker_price,mom_6,19.0
2024-01-31,ranker_price,mom_9,28.0
2024-01-31,ranker_price,mom_12,10.0
2024-01-31,ranker_price,mom_3_1,4.0
2024-01-31,ranker_price,vol_3,72.0
2024-01-31,ranker_price,bias_3,10.0
2024-01-31,ranker_price,mom_6_1,24.0
2024-01-31,ranker_price,vol_6,31.0
2024-01-31,ranker_price,bias_6,8.0
2024-01-31,ranker_price,mom_12_1,94.0
2024-01-31,ranker_price,vol_12,91.0
2024-01-31,ranker_price,bias_12,11.0
2024-01-31,ranker_price,drawdown_6,13.0
2024-01-31,ranker_price,drawdown_12,29.0
2024-01-31,ranker_price,downside_6,29.0
2024-01-31,ranker_price,positive_6,17.0
2024-01-31,ranker_price,beta_12,87.0
2024-01-31,ranker_price,residual_vol_12,30.0
2024-01-31,ranker_price,market_return,9.0
2024-01-31,ranker_price,market_mom3,45.0
2024-01-31,ranker_price,market_mom6,66.0
2024-01-31,ranker_price,market_vol6,29.0
2024-01-31,ranker_price,market_breadth,15.0
2024-01-31,gbdt_price_value,mom_1,27.0
2024-01-31,gbdt_price_value,mom_2,53.0
2024-01-31,gbdt_price_value,mom_3,15.0
2024-01-31,gbdt_price_value,mom_6,31.0
2024-01-31,gbdt_price_value,mom_9,11.0
2024-01-31,gbdt_price_value,mom_12,31.0
2024-01-31,gbdt_price_value,mom_3_1,3.0
2024-01-31,gbdt_price_value,vol_3,82.0
2024-01-31,gbdt_price_value,bias_3,56.0
2024-01-31,gbdt_price_value,mom_6_1,41.0
2024-01-31,gbdt_price_value,vol_6,38.0
2024-01-31,gbdt_price_value,bias_6,5.0
2024-01-31,gbdt_price_value,mom_12_1,36.0
2024-01-31,gbdt_price_value,vol_12,22.0
2024-01-31,gbdt_price_value,bias_12,11.0
2024-01-31,gbdt_price_value,drawdown_6,25.0
2024-01-31,gbdt_price_value,drawdown_12,36.0
2024-01-31,gbdt_price_value,downside_6,8.0
2024-01-31,gbdt_price_value,positive_6,32.0
2024-01-31,gbdt_price_value,beta_12,29.0
2024-01-31,gbdt_price_value,residual_vol_12,15.0
2024-01-31,gbdt_price_value,earnings_yield,41.0
2024-01-31,gbdt_price_value,book_yield,36.0
2024-01-31,gbdt_price_value,market_return,7.0
2024-01-31,gbdt_price_value,market_mom3,35.0
2024-01-31,gbdt_price_value,market_mom6,86.0
2024-01-31,gbdt_price_value,market_vol6,57.0
2024-01-31,gbdt_price_value,market_breadth,17.0
2024-01-31,gbdt_tech12,tech_mom_1m,52.0
2024-01-31,gbdt_tech12,tech_mom_3m,80.0
2024-01-31,gbdt_tech12,tech_mom_6m,57.0
2024-01-31,gbdt_tech12,tech_vol_1m,60.0
2024-01-31,gbdt_tech12,tech_vol_3m,30.0
2024-01-31,gbdt_tech12,tech_turnover_chg,89.0
2024-01-31,gbdt_tech12,tech_vol_price_corr,66.0
2024-01-31,gbdt_tech12,tech_max_drawdown_1m,94.0
2024-01-31,gbdt_tech12,tech_high_low_pos,80.0
2024-01-31,gbdt_tech12,tech_pattern_median,38.0
2024-01-31,gbdt_tech12,tech_bullish_ratio,91.0
2024-01-31,gbdt_tech12,tech_signal_strength,93.0
2024-04-30,gbdt_price,mom_1,44.0
2024-04-30,gbdt_price,mom_2,40.0
2024-04-30,gbdt_price,mom_3,15.0
2024-04-30,gbdt_price,mom_6,28.0
2024-04-30,gbdt_price,mom_9,7.0
2024-04-30,gbdt_price,mom_12,19.0
2024-04-30,gbdt_price,mom_3_1,3.0
2024-04-30,gbdt_price,vol_3,62.0
2024-04-30,gbdt_price,bias_3,68.0
2024-04-30,gbdt_price,mom_6_1,36.0
2024-04-30,gbdt_price,vol_6,42.0
2024-04-30,gbdt_price,bias_6,2.0
2024-04-30,gbdt_price,mom_12_1,53.0
2024-04-30,gbdt_price,vol_12,26.0
2024-04-30,gbdt_price,bias_12,14.0
2024-04-30,gbdt_price,drawdown_6,41.0
2024-04-30,gbdt_price,drawdown_12,48.0
2024-04-30,gbdt_price,downside_6,15.0
2024-04-30,gbdt_price,positive_6,48.0
2024-04-30,gbdt_price,beta_12,48.0
2024-04-30,gbdt_price,residual_vol_12,25.0
2024-04-30,gbdt_price,market_return,21.0
2024-04-30,gbdt_price,market_mom3,29.0
2024-04-30,gbdt_price,market_mom6,78.0
2024-04-30,gbdt_price,market_vol6,58.0
2024-04-30,gbdt_price,market_breadth,28.0
2024-04-30,ranker_price,mom_1,24.0
2024-04-30,ranker_price,mom_2,29.0
2024-04-30,ranker_price,mom_3,11.0
2024-04-30,ranker_price,mom_6,66.0
2024-04-30,ranker_price,mom_9,30.0
2024-04-30,ranker_price,mom_12,16.0
2024-04-30,ranker_price,mom_3_1,10.0
2024-04-30,ranker_price,vol_3,60.0
2024-04-30,ranker_price,bias_3,34.0
2024-04-30,ranker_price,mom_6_1,49.0
2024-04-30,ranker_price,vol_6,68.0
2024-04-30,ranker_price,bias_6,6.0
2024-04-30,ranker_price,mom_12_1,105.0
2024-04-30,ranker_price,vol_12,65.0
2024-04-30,ranker_price,bias_12,3.0
2024-04-30,ranker_price,drawdown_6,17.0
2024-04-30,ranker_price,drawdown_12,26.0
2024-04-30,ranker_price,downside_6,38.0
2024-04-30,ranker_price,positive_6,24.0
2024-04-30,ranker_price,beta_12,54.0
2024-04-30,ranker_price,residual_vol_12,49.0
2024-04-30,ranker_price,market_return,51.0
2024-04-30,ranker_price,market_mom3,44.0
2024-04-30,ranker_price,market_mom6,42.0
2024-04-30,ranker_price,market_vol6,18.0
2024-04-30,ranker_price,market_breadth,13.0
2024-04-30,gbdt_price_value,mom_1,42.0
2024-04-30,gbdt_price_value,mom_2,39.0
2024-04-30,gbdt_price_value,mom_3,15.0
2024-04-30,gbdt_price_value,mom_6,24.0
2024-04-30,gbdt_price_value,mom_9,4.0
2024-04-30,gbdt_price_value,mom_12,15.0
2024-04-30,gbdt_price_value,mom_3_1,2.0
2024-04-30,gbdt_price_value,vol_3,54.0
2024-04-30,gbdt_price_value,bias_3,63.0
2024-04-30,gbdt_price_value,mom_6_1,32.0
2024-04-30,gbdt_price_value,vol_6,43.0
2024-04-30,gbdt_price_value,bias_6,1.0
2024-04-30,gbdt_price_value,mom_12_1,50.0
2024-04-30,gbdt_price_value,vol_12,13.0
2024-04-30,gbdt_price_value,bias_12,10.0
2024-04-30,gbdt_price_value,drawdown_6,40.0
2024-04-30,gbdt_price_value,drawdown_12,38.0
2024-04-30,gbdt_price_value,downside_6,12.0
2024-04-30,gbdt_price_value,positive_6,38.0
2024-04-30,gbdt_price_value,beta_12,34.0
2024-04-30,gbdt_price_value,residual_vol_12,22.0
2024-04-30,gbdt_price_value,earnings_yield,32.0
2024-04-30,gbdt_price_value,book_yield,39.0
2024-04-30,gbdt_price_value,market_return,9.0
2024-04-30,gbdt_price_value,market_mom3,33.0
2024-04-30,gbdt_price_value,market_mom6,78.0
2024-04-30,gbdt_price_value,market_vol6,58.0
2024-04-30,gbdt_price_value,market_breadth,26.0
2024-04-30,gbdt_tech12,tech_mom_1m,67.0
2024-04-30,gbdt_tech12,tech_mom_3m,96.0
2024-04-30,gbdt_tech12,tech_mom_6m,86.0
2024-04-30,gbdt_tech12,tech_vol_1m,41.0
2024-04-30,gbdt_tech12,tech_vol_3m,51.0
2024-04-30,gbdt_tech12,tech_turnover_chg,61.0
2024-04-30,gbdt_tech12,tech_vol_price_corr,52.0
2024-04-30,gbdt_tech12,tech_max_drawdown_1m,75.0
2024-04-30,gbdt_tech12,tech_high_low_pos,69.0
2024-04-30,gbdt_tech12,tech_pattern_median,30.0
2024-04-30,gbdt_tech12,tech_bullish_ratio,110.0
2024-04-30,gbdt_tech12,tech_signal_strength,49.0
2024-07-31,gbdt_price,mom_1,26.0
2024-07-31,gbdt_price,mom_2,36.0
2024-07-31,gbdt_price,mom_3,16.0
2024-07-31,gbdt_price,mom_6,33.0
2024-07-31,gbdt_price,mom_9,21.0
2024-07-31,gbdt_price,mom_12,18.0
2024-07-31,gbdt_price,mom_3_1,2.0
2024-07-31,gbdt_price,vol_3,93.0
2024-07-31,gbdt_price,bias_3,62.0
2024-07-31,gbdt_price,mom_6_1,26.0
2024-07-31,gbdt_price,vol_6,30.0
2024-07-31,gbdt_price,bias_6,3.0
2024-07-31,gbdt_price,mom_12_1,47.0
2024-07-31,gbdt_price,vol_12,15.0
2024-07-31,gbdt_price,bias_12,7.0
2024-07-31,gbdt_price,drawdown_6,66.0
2024-07-31,gbdt_price,drawdown_12,31.0
2024-07-31,gbdt_price,downside_6,26.0
2024-07-31,gbdt_price,positive_6,37.0
2024-07-31,gbdt_price,beta_12,40.0
2024-07-31,gbdt_price,residual_vol_12,32.0
2024-07-31,gbdt_price,market_return,19.0
2024-07-31,gbdt_price,market_mom3,45.0
2024-07-31,gbdt_price,market_mom6,78.0
2024-07-31,gbdt_price,market_vol6,37.0
2024-07-31,gbdt_price,market_breadth,21.0
2024-07-31,ranker_price,mom_1,22.0
2024-07-31,ranker_price,mom_2,24.0
2024-07-31,ranker_price,mom_3,18.0
2024-07-31,ranker_price,mom_6,23.0
2024-07-31,ranker_price,mom_9,18.0
2024-07-31,ranker_price,mom_12,35.0
2024-07-31,ranker_price,mom_3_1,31.0
2024-07-31,ranker_price,vol_3,88.0
2024-07-31,ranker_price,bias_3,11.0
2024-07-31,ranker_price,mom_6_1,29.0
2024-07-31,ranker_price,vol_6,36.0
2024-07-31,ranker_price,bias_6,19.0
2024-07-31,ranker_price,mom_12_1,101.0
2024-07-31,ranker_price,vol_12,42.0
2024-07-31,ranker_price,bias_12,9.0
2024-07-31,ranker_price,drawdown_6,21.0
2024-07-31,ranker_price,drawdown_12,44.0
2024-07-31,ranker_price,downside_6,22.0
2024-07-31,ranker_price,positive_6,21.0
2024-07-31,ranker_price,beta_12,67.0
2024-07-31,ranker_price,residual_vol_12,76.0
2024-07-31,ranker_price,market_return,23.0
2024-07-31,ranker_price,market_mom3,34.0
2024-07-31,ranker_price,market_mom6,54.0
2024-07-31,ranker_price,market_vol6,49.0
2024-07-31,ranker_price,market_breadth,14.0
2024-07-31,gbdt_price_value,mom_1,22.0
2024-07-31,gbdt_price_value,mom_2,30.0
2024-07-31,gbdt_price_value,mom_3,10.0
2024-07-31,gbdt_price_value,mom_6,24.0
2024-07-31,gbdt_price_value,mom_9,13.0
2024-07-31,gbdt_price_value,mom_12,19.0
2024-07-31,gbdt_price_value,mom_3_1,4.0
2024-07-31,gbdt_price_value,vol_3,82.0
2024-07-31,gbdt_price_value,bias_3,51.0
2024-07-31,gbdt_price_value,mom_6_1,28.0
2024-07-31,gbdt_price_value,vol_6,12.0
2024-07-31,gbdt_price_value,bias_6,3.0
2024-07-31,gbdt_price_value,mom_12_1,50.0
2024-07-31,gbdt_price_value,vol_12,10.0
2024-07-31,gbdt_price_value,bias_12,6.0
2024-07-31,gbdt_price_value,drawdown_6,56.0
2024-07-31,gbdt_price_value,drawdown_12,31.0
2024-07-31,gbdt_price_value,downside_6,20.0
2024-07-31,gbdt_price_value,positive_6,28.0
2024-07-31,gbdt_price_value,beta_12,33.0
2024-07-31,gbdt_price_value,residual_vol_12,27.0
2024-07-31,gbdt_price_value,earnings_yield,36.0
2024-07-31,gbdt_price_value,book_yield,47.0
2024-07-31,gbdt_price_value,market_return,22.0
2024-07-31,gbdt_price_value,market_mom3,38.0
2024-07-31,gbdt_price_value,market_mom6,99.0
2024-07-31,gbdt_price_value,market_vol6,33.0
2024-07-31,gbdt_price_value,market_breadth,13.0
2024-07-31,gbdt_tech12,tech_mom_1m,80.0
2024-07-31,gbdt_tech12,tech_mom_3m,83.0
2024-07-31,gbdt_tech12,tech_mom_6m,105.0
2024-07-31,gbdt_tech12,tech_vol_1m,53.0
2024-07-31,gbdt_tech12,tech_vol_3m,42.0
2024-07-31,gbdt_tech12,tech_turnover_chg,62.0
2024-07-31,gbdt_tech12,tech_vol_price_corr,53.0
2024-07-31,gbdt_tech12,tech_max_drawdown_1m,68.0
2024-07-31,gbdt_tech12,tech_high_low_pos,73.0
2024-07-31,gbdt_tech12,tech_pattern_median,34.0
2024-07-31,gbdt_tech12,tech_bullish_ratio,108.0
2024-07-31,gbdt_tech12,tech_signal_strength,39.0
2024-10-31,gbdt_price,mom_1,24.0
2024-10-31,gbdt_price,mom_2,39.0
2024-10-31,gbdt_price,mom_3,6.0
2024-10-31,gbdt_price,mom_6,46.0
2024-10-31,gbdt_price,mom_9,13.0
2024-10-31,gbdt_price,mom_12,8.0
2024-10-31,gbdt_price,mom_3_1,8.0
2024-10-31,gbdt_price,vol_3,56.0
2024-10-31,gbdt_price,bias_3,44.0
2024-10-31,gbdt_price,mom_6_1,30.0
2024-10-31,gbdt_price,vol_6,31.0
2024-10-31,gbdt_price,bias_6,0.0
2024-10-31,gbdt_price,mom_12_1,54.0
2024-10-31,gbdt_price,vol_12,17.0
2024-10-31,gbdt_price,bias_12,17.0
2024-10-31,gbdt_price,drawdown_6,59.0
2024-10-31,gbdt_price,drawdown_12,35.0
2024-10-31,gbdt_price,downside_6,36.0
2024-10-31,gbdt_price,positive_6,35.0
2024-10-31,gbdt_price,beta_12,46.0
2024-10-31,gbdt_price,residual_vol_12,38.0
2024-10-31,gbdt_price,market_return,18.0
2024-10-31,gbdt_price,market_mom3,78.0
2024-10-31,gbdt_price,market_mom6,75.0
2024-10-31,gbdt_price,market_vol6,32.0
2024-10-31,gbdt_price,market_breadth,26.0
2024-10-31,ranker_price,mom_1,49.0
2024-10-31,ranker_price,mom_2,85.0
2024-10-31,ranker_price,mom_3,16.0
2024-10-31,ranker_price,mom_6,23.0
2024-10-31,ranker_price,mom_9,9.0
2024-10-31,ranker_price,mom_12,41.0
2024-10-31,ranker_price,mom_3_1,10.0
2024-10-31,ranker_price,vol_3,70.0
2024-10-31,ranker_price,bias_3,35.0
2024-10-31,ranker_price,mom_6_1,19.0
2024-10-31,ranker_price,vol_6,23.0
2024-10-31,ranker_price,bias_6,26.0
2024-10-31,ranker_price,mom_12_1,80.0
2024-10-31,ranker_price,vol_12,27.0
2024-10-31,ranker_price,bias_12,45.0
2024-10-31,ranker_price,drawdown_6,11.0
2024-10-31,ranker_price,drawdown_12,24.0
2024-10-31,ranker_price,downside_6,23.0
2024-10-31,ranker_price,positive_6,11.0
2024-10-31,ranker_price,beta_12,105.0
2024-10-31,ranker_price,residual_vol_12,68.0
2024-10-31,ranker_price,market_return,5.0
2024-10-31,ranker_price,market_mom3,77.0
2024-10-31,ranker_price,market_mom6,32.0
2024-10-31,ranker_price,market_vol6,12.0
2024-10-31,ranker_price,market_breadth,2.0
2024-10-31,gbdt_price_value,mom_1,20.0
2024-10-31,gbdt_price_value,mom_2,38.0
2024-10-31,gbdt_price_value,mom_3,6.0
2024-10-31,gbdt_price_value,mom_6,40.0
2024-10-31,gbdt_price_value,mom_9,7.0
2024-10-31,gbdt_price_value,mom_12,10.0
2024-10-31,gbdt_price_value,mom_3_1,7.0
2024-10-31,gbdt_price_value,vol_3,47.0
2024-10-31,gbdt_price_value,bias_3,32.0
2024-10-31,gbdt_price_value,mom_6_1,22.0
2024-10-31,gbdt_price_value,vol_6,17.0
2024-10-31,gbdt_price_value,bias_6,0.0
2024-10-31,gbdt_price_value,mom_12_1,55.0
2024-10-31,gbdt_price_value,vol_12,11.0
2024-10-31,gbdt_price_value,bias_12,13.0
2024-10-31,gbdt_price_value,drawdown_6,46.0
2024-10-31,gbdt_price_value,drawdown_12,26.0
2024-10-31,gbdt_price_value,downside_6,35.0
2024-10-31,gbdt_price_value,positive_6,17.0
2024-10-31,gbdt_price_value,beta_12,42.0
2024-10-31,gbdt_price_value,residual_vol_12,39.0
2024-10-31,gbdt_price_value,earnings_yield,28.0
2024-10-31,gbdt_price_value,book_yield,46.0
2024-10-31,gbdt_price_value,market_return,12.0
2024-10-31,gbdt_price_value,market_mom3,81.0
2024-10-31,gbdt_price_value,market_mom6,77.0
2024-10-31,gbdt_price_value,market_vol6,31.0
2024-10-31,gbdt_price_value,market_breadth,19.0
2024-10-31,gbdt_tech12,tech_mom_1m,72.0
2024-10-31,gbdt_tech12,tech_mom_3m,71.0
2024-10-31,gbdt_tech12,tech_mom_6m,64.0
2024-10-31,gbdt_tech12,tech_vol_1m,69.0
2024-10-31,gbdt_tech12,tech_vol_3m,45.0
2024-10-31,gbdt_tech12,tech_turnover_chg,53.0
2024-10-31,gbdt_tech12,tech_vol_price_corr,52.0
2024-10-31,gbdt_tech12,tech_max_drawdown_1m,58.0
2024-10-31,gbdt_tech12,tech_high_low_pos,62.0
2024-10-31,gbdt_tech12,tech_pattern_median,43.0
2024-10-31,gbdt_tech12,tech_bullish_ratio,136.0
2024-10-31,gbdt_tech12,tech_signal_strength,55.0
2025-01-31,gbdt_price,mom_1,27.0
2025-01-31,gbdt_price,mom_2,40.0
2025-01-31,gbdt_price,mom_3,3.0
2025-01-31,gbdt_price,mom_6,30.0
2025-01-31,gbdt_price,mom_9,13.0
2025-01-31,gbdt_price,mom_12,23.0
2025-01-31,gbdt_price,mom_3_1,5.0
2025-01-31,gbdt_price,vol_3,51.0
2025-01-31,gbdt_price,bias_3,51.0
2025-01-31,gbdt_price,mom_6_1,45.0
2025-01-31,gbdt_price,vol_6,16.0
2025-01-31,gbdt_price,bias_6,6.0
2025-01-31,gbdt_price,mom_12_1,41.0
2025-01-31,gbdt_price,vol_12,7.0
2025-01-31,gbdt_price,bias_12,11.0
2025-01-31,gbdt_price,drawdown_6,68.0
2025-01-31,gbdt_price,drawdown_12,30.0
2025-01-31,gbdt_price,downside_6,52.0
2025-01-31,gbdt_price,positive_6,22.0
2025-01-31,gbdt_price,beta_12,50.0
2025-01-31,gbdt_price,residual_vol_12,53.0
2025-01-31,gbdt_price,market_return,8.0
2025-01-31,gbdt_price,market_mom3,65.0
2025-01-31,gbdt_price,market_mom6,87.0
2025-01-31,gbdt_price,market_vol6,15.0
2025-01-31,gbdt_price,market_breadth,28.0
2025-01-31,ranker_price,mom_1,36.0
2025-01-31,ranker_price,mom_2,30.0
2025-01-31,ranker_price,mom_3,24.0
2025-01-31,ranker_price,mom_6,12.0
2025-01-31,ranker_price,mom_9,13.0
2025-01-31,ranker_price,mom_12,37.0
2025-01-31,ranker_price,mom_3_1,32.0
2025-01-31,ranker_price,vol_3,86.0
2025-01-31,ranker_price,bias_3,12.0
2025-01-31,ranker_price,mom_6_1,34.0
2025-01-31,ranker_price,vol_6,31.0
2025-01-31,ranker_price,bias_6,20.0
2025-01-31,ranker_price,mom_12_1,84.0
2025-01-31,ranker_price,vol_12,31.0
2025-01-31,ranker_price,bias_12,65.0
2025-01-31,ranker_price,drawdown_6,17.0
2025-01-31,ranker_price,drawdown_12,52.0
2025-01-31,ranker_price,downside_6,16.0
2025-01-31,ranker_price,positive_6,18.0
2025-01-31,ranker_price,beta_12,79.0
2025-01-31,ranker_price,residual_vol_12,35.0
2025-01-31,ranker_price,market_return,4.0
2025-01-31,ranker_price,market_mom3,54.0
2025-01-31,ranker_price,market_mom6,51.0
2025-01-31,ranker_price,market_vol6,66.0
2025-01-31,ranker_price,market_breadth,2.0
2025-01-31,gbdt_price_value,mom_1,13.0
2025-01-31,gbdt_price_value,mom_2,32.0
2025-01-31,gbdt_price_value,mom_3,2.0
2025-01-31,gbdt_price_value,mom_6,24.0
2025-01-31,gbdt_price_value,mom_9,10.0
2025-01-31,gbdt_price_value,mom_12,24.0
2025-01-31,gbdt_price_value,mom_3_1,0.0
2025-01-31,gbdt_price_value,vol_3,46.0
2025-01-31,gbdt_price_value,bias_3,44.0
2025-01-31,gbdt_price_value,mom_6_1,50.0
2025-01-31,gbdt_price_value,vol_6,13.0
2025-01-31,gbdt_price_value,bias_6,2.0
2025-01-31,gbdt_price_value,mom_12_1,45.0
2025-01-31,gbdt_price_value,vol_12,9.0
2025-01-31,gbdt_price_value,bias_12,8.0
2025-01-31,gbdt_price_value,drawdown_6,56.0
2025-01-31,gbdt_price_value,drawdown_12,21.0
2025-01-31,gbdt_price_value,downside_6,40.0
2025-01-31,gbdt_price_value,positive_6,21.0
2025-01-31,gbdt_price_value,beta_12,39.0
2025-01-31,gbdt_price_value,residual_vol_12,57.0
2025-01-31,gbdt_price_value,earnings_yield,31.0
2025-01-31,gbdt_price_value,book_yield,52.0
2025-01-31,gbdt_price_value,market_return,5.0
2025-01-31,gbdt_price_value,market_mom3,44.0
2025-01-31,gbdt_price_value,market_mom6,88.0
2025-01-31,gbdt_price_value,market_vol6,17.0
2025-01-31,gbdt_price_value,market_breadth,19.0
2025-01-31,gbdt_tech12,tech_mom_1m,62.0
2025-01-31,gbdt_tech12,tech_mom_3m,73.0
2025-01-31,gbdt_tech12,tech_mom_6m,86.0
2025-01-31,gbdt_tech12,tech_vol_1m,73.0
2025-01-31,gbdt_tech12,tech_vol_3m,55.0
2025-01-31,gbdt_tech12,tech_turnover_chg,92.0
2025-01-31,gbdt_tech12,tech_vol_price_corr,73.0
2025-01-31,gbdt_tech12,tech_max_drawdown_1m,66.0
2025-01-31,gbdt_tech12,tech_high_low_pos,68.0
2025-01-31,gbdt_tech12,tech_pattern_median,32.0
2025-01-31,gbdt_tech12,tech_bullish_ratio,86.0
2025-01-31,gbdt_tech12,tech_signal_strength,56.0
2025-04-30,gbdt_price,mom_1,29.0
2025-04-30,gbdt_price,mom_2,31.0
2025-04-30,gbdt_price,mom_3,9.0
2025-04-30,gbdt_price,mom_6,51.0
2025-04-30,gbdt_price,mom_9,12.0
2025-04-30,gbdt_price,mom_12,23.0
2025-04-30,gbdt_price,mom_3_1,2.0
2025-04-30,gbdt_price,vol_3,56.0
2025-04-30,gbdt_price,bias_3,56.0
2025-04-30,gbdt_price,mom_6_1,58.0
2025-04-30,gbdt_price,vol_6,27.0
2025-04-30,gbdt_price,bias_6,4.0
2025-04-30,gbdt_price,mom_12_1,22.0
2025-04-30,gbdt_price,vol_12,17.0
2025-04-30,gbdt_price,bias_12,12.0
2025-04-30,gbdt_price,drawdown_6,32.0
2025-04-30,gbdt_price,drawdown_12,55.0
2025-04-30,gbdt_price,downside_6,43.0
2025-04-30,gbdt_price,positive_6,31.0
2025-04-30,gbdt_price,beta_12,47.0
2025-04-30,gbdt_price,residual_vol_12,47.0
2025-04-30,gbdt_price,market_return,4.0
2025-04-30,gbdt_price,market_mom3,72.0
2025-04-30,gbdt_price,market_mom6,72.0
2025-04-30,gbdt_price,market_vol6,8.0
2025-04-30,gbdt_price,market_breadth,38.0
2025-04-30,ranker_price,mom_1,34.0
2025-04-30,ranker_price,mom_2,21.0
2025-04-30,ranker_price,mom_3,83.0
2025-04-30,ranker_price,mom_6,28.0
2025-04-30,ranker_price,mom_9,14.0
2025-04-30,ranker_price,mom_12,60.0
2025-04-30,ranker_price,mom_3_1,49.0
2025-04-30,ranker_price,vol_3,52.0
2025-04-30,ranker_price,bias_3,34.0
2025-04-30,ranker_price,mom_6_1,47.0
2025-04-30,ranker_price,vol_6,7.0
2025-04-30,ranker_price,bias_6,11.0
2025-04-30,ranker_price,mom_12_1,14.0
2025-04-30,ranker_price,vol_12,17.0
2025-04-30,ranker_price,bias_12,29.0
2025-04-30,ranker_price,drawdown_6,22.0
2025-04-30,ranker_price,drawdown_12,36.0
2025-04-30,ranker_price,downside_6,24.0
2025-04-30,ranker_price,positive_6,9.0
2025-04-30,ranker_price,beta_12,54.0
2025-04-30,ranker_price,residual_vol_12,26.0
2025-04-30,ranker_price,market_return,6.0
2025-04-30,ranker_price,market_mom3,87.0
2025-04-30,ranker_price,market_mom6,51.0
2025-04-30,ranker_price,market_vol6,68.0
2025-04-30,ranker_price,market_breadth,17.0
2025-04-30,gbdt_price_value,mom_1,20.0
2025-04-30,gbdt_price_value,mom_2,24.0
2025-04-30,gbdt_price_value,mom_3,4.0
2025-04-30,gbdt_price_value,mom_6,34.0
2025-04-30,gbdt_price_value,mom_9,12.0
2025-04-30,gbdt_price_value,mom_12,21.0
2025-04-30,gbdt_price_value,mom_3_1,3.0
2025-04-30,gbdt_price_value,vol_3,51.0
2025-04-30,gbdt_price_value,bias_3,54.0
2025-04-30,gbdt_price_value,mom_6_1,49.0
2025-04-30,gbdt_price_value,vol_6,30.0
2025-04-30,gbdt_price_value,bias_6,2.0
2025-04-30,gbdt_price_value,mom_12_1,21.0
2025-04-30,gbdt_price_value,vol_12,16.0
2025-04-30,gbdt_price_value,bias_12,9.0
2025-04-30,gbdt_price_value,drawdown_6,23.0
2025-04-30,gbdt_price_value,drawdown_12,44.0
2025-04-30,gbdt_price_value,downside_6,30.0
2025-04-30,gbdt_price_value,positive_6,23.0
2025-04-30,gbdt_price_value,beta_12,40.0
2025-04-30,gbdt_price_value,residual_vol_12,43.0
2025-04-30,gbdt_price_value,earnings_yield,29.0
2025-04-30,gbdt_price_value,book_yield,48.0
2025-04-30,gbdt_price_value,market_return,2.0
2025-04-30,gbdt_price_value,market_mom3,50.0
2025-04-30,gbdt_price_value,market_mom6,79.0
2025-04-30,gbdt_price_value,market_vol6,14.0
2025-04-30,gbdt_price_value,market_breadth,30.0
2025-04-30,gbdt_tech12,tech_mom_1m,92.0
2025-04-30,gbdt_tech12,tech_mom_3m,79.0
2025-04-30,gbdt_tech12,tech_mom_6m,71.0
2025-04-30,gbdt_tech12,tech_vol_1m,82.0
2025-04-30,gbdt_tech12,tech_vol_3m,65.0
2025-04-30,gbdt_tech12,tech_turnover_chg,85.0
2025-04-30,gbdt_tech12,tech_vol_price_corr,71.0
2025-04-30,gbdt_tech12,tech_max_drawdown_1m,62.0
2025-04-30,gbdt_tech12,tech_high_low_pos,59.0
2025-04-30,gbdt_tech12,tech_pattern_median,29.0
2025-04-30,gbdt_tech12,tech_bullish_ratio,92.0
2025-04-30,gbdt_tech12,tech_signal_strength,60.0
2025-07-31,gbdt_price,mom_1,43.0
2025-07-31,gbdt_price,mom_2,30.0
2025-07-31,gbdt_price,mom_3,23.0
2025-07-31,gbdt_price,mom_6,23.0
2025-07-31,gbdt_price,mom_9,12.0
2025-07-31,gbdt_price,mom_12,15.0
2025-07-31,gbdt_price,mom_3_1,8.0
2025-07-31,gbdt_price,vol_3,55.0
2025-07-31,gbdt_price,bias_3,58.0
2025-07-31,gbdt_price,mom_6_1,57.0
2025-07-31,gbdt_price,vol_6,46.0
2025-07-31,gbdt_price,bias_6,11.0
2025-07-31,gbdt_price,mom_12_1,37.0
2025-07-31,gbdt_price,vol_12,8.0
2025-07-31,gbdt_price,bias_12,10.0
2025-07-31,gbdt_price,drawdown_6,33.0
2025-07-31,gbdt_price,drawdown_12,42.0
2025-07-31,gbdt_price,downside_6,39.0
2025-07-31,gbdt_price,positive_6,29.0
2025-07-31,gbdt_price,beta_12,49.0
2025-07-31,gbdt_price,residual_vol_12,42.0
2025-07-31,gbdt_price,market_return,10.0
2025-07-31,gbdt_price,market_mom3,62.0
2025-07-31,gbdt_price,market_mom6,64.0
2025-07-31,gbdt_price,market_vol6,3.0
2025-07-31,gbdt_price,market_breadth,36.0
2025-07-31,ranker_price,mom_1,68.0
2025-07-31,ranker_price,mom_2,41.0
2025-07-31,ranker_price,mom_3,25.0
2025-07-31,ranker_price,mom_6,41.0
2025-07-31,ranker_price,mom_9,37.0
2025-07-31,ranker_price,mom_12,12.0
2025-07-31,ranker_price,mom_3_1,28.0
2025-07-31,ranker_price,vol_3,112.0
2025-07-31,ranker_price,bias_3,33.0
2025-07-31,ranker_price,mom_6_1,8.0
2025-07-31,ranker_price,vol_6,32.0
2025-07-31,ranker_price,bias_6,14.0
2025-07-31,ranker_price,mom_12_1,12.0
2025-07-31,ranker_price,vol_12,75.0
2025-07-31,ranker_price,bias_12,39.0
2025-07-31,ranker_price,drawdown_6,24.0
2025-07-31,ranker_price,drawdown_12,52.0
2025-07-31,ranker_price,downside_6,38.0
2025-07-31,ranker_price,positive_6,23.0
2025-07-31,ranker_price,beta_12,20.0
2025-07-31,ranker_price,residual_vol_12,33.0
2025-07-31,ranker_price,market_return,7.0
2025-07-31,ranker_price,market_mom3,30.0
2025-07-31,ranker_price,market_mom6,50.0
2025-07-31,ranker_price,market_vol6,68.0
2025-07-31,ranker_price,market_breadth,14.0
2025-07-31,gbdt_price_value,mom_1,36.0
2025-07-31,gbdt_price_value,mom_2,22.0
2025-07-31,gbdt_price_value,mom_3,20.0
2025-07-31,gbdt_price_value,mom_6,30.0
2025-07-31,gbdt_price_value,mom_9,9.0
2025-07-31,gbdt_price_value,mom_12,11.0
2025-07-31,gbdt_price_value,mom_3_1,12.0
2025-07-31,gbdt_price_value,vol_3,47.0
2025-07-31,gbdt_price_value,bias_3,44.0
2025-07-31,gbdt_price_value,mom_6_1,67.0
2025-07-31,gbdt_price_value,vol_6,39.0
2025-07-31,gbdt_price_value,bias_6,6.0
2025-07-31,gbdt_price_value,mom_12_1,31.0
2025-07-31,gbdt_price_value,vol_12,11.0
2025-07-31,gbdt_price_value,bias_12,13.0
2025-07-31,gbdt_price_value,drawdown_6,26.0
2025-07-31,gbdt_price_value,drawdown_12,37.0
2025-07-31,gbdt_price_value,downside_6,31.0
2025-07-31,gbdt_price_value,positive_6,24.0
2025-07-31,gbdt_price_value,beta_12,36.0
2025-07-31,gbdt_price_value,residual_vol_12,43.0
2025-07-31,gbdt_price_value,earnings_yield,28.0
2025-07-31,gbdt_price_value,book_yield,54.0
2025-07-31,gbdt_price_value,market_return,8.0
2025-07-31,gbdt_price_value,market_mom3,39.0
2025-07-31,gbdt_price_value,market_mom6,92.0
2025-07-31,gbdt_price_value,market_vol6,5.0
2025-07-31,gbdt_price_value,market_breadth,29.0
2025-07-31,gbdt_tech12,tech_mom_1m,96.0
2025-07-31,gbdt_tech12,tech_mom_3m,101.0
2025-07-31,gbdt_tech12,tech_mom_6m,73.0
2025-07-31,gbdt_tech12,tech_vol_1m,92.0
2025-07-31,gbdt_tech12,tech_vol_3m,56.0
2025-07-31,gbdt_tech12,tech_turnover_chg,87.0
2025-07-31,gbdt_tech12,tech_vol_price_corr,69.0
2025-07-31,gbdt_tech12,tech_max_drawdown_1m,50.0
2025-07-31,gbdt_tech12,tech_high_low_pos,68.0
2025-07-31,gbdt_tech12,tech_pattern_median,20.0
2025-07-31,gbdt_tech12,tech_bullish_ratio,83.0
2025-07-31,gbdt_tech12,tech_signal_strength,69.0
2025-10-31,gbdt_price,mom_1,46.0
2025-10-31,gbdt_price,mom_2,34.0
2025-10-31,gbdt_price,mom_3,26.0
2025-10-31,gbdt_price,mom_6,24.0
2025-10-31,gbdt_price,mom_9,20.0
2025-10-31,gbdt_price,mom_12,23.0
2025-10-31,gbdt_price,mom_3_1,6.0
2025-10-31,gbdt_price,vol_3,69.0
2025-10-31,gbdt_price,bias_3,50.0
2025-10-31,gbdt_price,mom_6_1,61.0
2025-10-31,gbdt_price,vol_6,28.0
2025-10-31,gbdt_price,bias_6,4.0
2025-10-31,gbdt_price,mom_12_1,45.0
2025-10-31,gbdt_price,vol_12,6.0
2025-10-31,gbdt_price,bias_12,4.0
2025-10-31,gbdt_price,drawdown_6,19.0
2025-10-31,gbdt_price,drawdown_12,29.0
2025-10-31,gbdt_price,downside_6,41.0
2025-10-31,gbdt_price,positive_6,41.0
2025-10-31,gbdt_price,beta_12,34.0
2025-10-31,gbdt_price,residual_vol_12,62.0
2025-10-31,gbdt_price,market_return,4.0
2025-10-31,gbdt_price,market_mom3,64.0
2025-10-31,gbdt_price,market_mom6,82.0
2025-10-31,gbdt_price,market_vol6,10.0
2025-10-31,gbdt_price,market_breadth,41.0
2025-10-31,ranker_price,mom_1,48.0
2025-10-31,ranker_price,mom_2,20.0
2025-10-31,ranker_price,mom_3,8.0
2025-10-31,ranker_price,mom_6,25.0
2025-10-31,ranker_price,mom_9,35.0
2025-10-31,ranker_price,mom_12,46.0
2025-10-31,ranker_price,mom_3_1,91.0
2025-10-31,ranker_price,vol_3,19.0
2025-10-31,ranker_price,bias_3,41.0
2025-10-31,ranker_price,mom_6_1,58.0
2025-10-31,ranker_price,vol_6,15.0
2025-10-31,ranker_price,bias_6,23.0
2025-10-31,ranker_price,mom_12_1,52.0
2025-10-31,ranker_price,vol_12,65.0
2025-10-31,ranker_price,bias_12,72.0
2025-10-31,ranker_price,drawdown_6,7.0
2025-10-31,ranker_price,drawdown_12,38.0
2025-10-31,ranker_price,downside_6,7.0
2025-10-31,ranker_price,positive_6,14.0
2025-10-31,ranker_price,beta_12,24.0
2025-10-31,ranker_price,residual_vol_12,42.0
2025-10-31,ranker_price,market_return,9.0
2025-10-31,ranker_price,market_mom3,66.0
2025-10-31,ranker_price,market_mom6,66.0
2025-10-31,ranker_price,market_vol6,36.0
2025-10-31,ranker_price,market_breadth,9.0
2025-10-31,gbdt_price_value,mom_1,37.0
2025-10-31,gbdt_price_value,mom_2,23.0
2025-10-31,gbdt_price_value,mom_3,15.0
2025-10-31,gbdt_price_value,mom_6,17.0
2025-10-31,gbdt_price_value,mom_9,16.0
2025-10-31,gbdt_price_value,mom_12,17.0
2025-10-31,gbdt_price_value,mom_3_1,11.0
2025-10-31,gbdt_price_value,vol_3,48.0
2025-10-31,gbdt_price_value,bias_3,42.0
2025-10-31,gbdt_price_value,mom_6_1,63.0
2025-10-31,gbdt_price_value,vol_6,29.0
2025-10-31,gbdt_price_value,bias_6,3.0
2025-10-31,gbdt_price_value,mom_12_1,44.0
2025-10-31,gbdt_price_value,vol_12,3.0
2025-10-31,gbdt_price_value,bias_12,1.0
2025-10-31,gbdt_price_value,drawdown_6,11.0
2025-10-31,gbdt_price_value,drawdown_12,27.0
2025-10-31,gbdt_price_value,downside_6,32.0
2025-10-31,gbdt_price_value,positive_6,41.0
2025-10-31,gbdt_price_value,beta_12,31.0
2025-10-31,gbdt_price_value,residual_vol_12,39.0
2025-10-31,gbdt_price_value,earnings_yield,31.0
2025-10-31,gbdt_price_value,book_yield,60.0
2025-10-31,gbdt_price_value,market_return,9.0
2025-10-31,gbdt_price_value,market_mom3,56.0
2025-10-31,gbdt_price_value,market_mom6,97.0
2025-10-31,gbdt_price_value,market_vol6,18.0
2025-10-31,gbdt_price_value,market_breadth,32.0
2025-10-31,gbdt_tech12,tech_mom_1m,126.0
2025-10-31,gbdt_tech12,tech_mom_3m,91.0
2025-10-31,gbdt_tech12,tech_mom_6m,87.0
2025-10-31,gbdt_tech12,tech_vol_1m,98.0
2025-10-31,gbdt_tech12,tech_vol_3m,51.0
2025-10-31,gbdt_tech12,tech_turnover_chg,51.0
2025-10-31,gbdt_tech12,tech_vol_price_corr,67.0
2025-10-31,gbdt_tech12,tech_max_drawdown_1m,65.0
2025-10-31,gbdt_tech12,tech_high_low_pos,50.0
2025-10-31,gbdt_tech12,tech_pattern_median,24.0
2025-10-31,gbdt_tech12,tech_bullish_ratio,78.0
2025-10-31,gbdt_tech12,tech_signal_strength,49.0
2026-01-31,gbdt_price,mom_1,66.0
2026-01-31,gbdt_price,mom_2,24.0
2026-01-31,gbdt_price,mom_3,32.0
2026-01-31,gbdt_price,mom_6,24.0
2026-01-31,gbdt_price,mom_9,25.0
2026-01-31,gbdt_price,mom_12,27.0
2026-01-31,gbdt_price,mom_3_1,15.0
2026-01-31,gbdt_price,vol_3,48.0
2026-01-31,gbdt_price,bias_3,35.0
2026-01-31,gbdt_price,mom_6_1,44.0
2026-01-31,gbdt_price,vol_6,18.0
2026-01-31,gbdt_price,bias_6,4.0
2026-01-31,gbdt_price,mom_12_1,40.0
2026-01-31,gbdt_price,vol_12,13.0
2026-01-31,gbdt_price,bias_12,12.0
2026-01-31,gbdt_price,drawdown_6,33.0
2026-01-31,gbdt_price,drawdown_12,38.0
2026-01-31,gbdt_price,downside_6,45.0
2026-01-31,gbdt_price,positive_6,49.0
2026-01-31,gbdt_price,beta_12,37.0
2026-01-31,gbdt_price,residual_vol_12,43.0
2026-01-31,gbdt_price,market_return,7.0
2026-01-31,gbdt_price,market_mom3,76.0
2026-01-31,gbdt_price,market_mom6,62.0
2026-01-31,gbdt_price,market_vol6,27.0
2026-01-31,gbdt_price,market_breadth,36.0
2026-01-31,ranker_price,mom_1,77.0
2026-01-31,ranker_price,mom_2,53.0
2026-01-31,ranker_price,mom_3,28.0
2026-01-31,ranker_price,mom_6,33.0
2026-01-31,ranker_price,mom_9,23.0
2026-01-31,ranker_price,mom_12,8.0
2026-01-31,ranker_price,mom_3_1,20.0
2026-01-31,ranker_price,vol_3,81.0
2026-01-31,ranker_price,bias_3,44.0
2026-01-31,ranker_price,mom_6_1,18.0
2026-01-31,ranker_price,vol_6,25.0
2026-01-31,ranker_price,bias_6,23.0
2026-01-31,ranker_price,mom_12_1,42.0
2026-01-31,ranker_price,vol_12,60.0
2026-01-31,ranker_price,bias_12,9.0
2026-01-31,ranker_price,drawdown_6,39.0
2026-01-31,ranker_price,drawdown_12,19.0
2026-01-31,ranker_price,downside_6,37.0
2026-01-31,ranker_price,positive_6,22.0
2026-01-31,ranker_price,beta_12,28.0
2026-01-31,ranker_price,residual_vol_12,36.0
2026-01-31,ranker_price,market_return,15.0
2026-01-31,ranker_price,market_mom3,56.0
2026-01-31,ranker_price,market_mom6,55.0
2026-01-31,ranker_price,market_vol6,90.0
2026-01-31,ranker_price,market_breadth,14.0
2026-01-31,gbdt_price_value,mom_1,62.0
2026-01-31,gbdt_price_value,mom_2,23.0
2026-01-31,gbdt_price_value,mom_3,28.0
2026-01-31,gbdt_price_value,mom_6,17.0
2026-01-31,gbdt_price_value,mom_9,23.0
2026-01-31,gbdt_price_value,mom_12,17.0
2026-01-31,gbdt_price_value,mom_3_1,13.0
2026-01-31,gbdt_price_value,vol_3,40.0
2026-01-31,gbdt_price_value,bias_3,36.0
2026-01-31,gbdt_price_value,mom_6_1,47.0
2026-01-31,gbdt_price_value,vol_6,29.0
2026-01-31,gbdt_price_value,bias_6,5.0
2026-01-31,gbdt_price_value,mom_12_1,42.0
2026-01-31,gbdt_price_value,vol_12,6.0
2026-01-31,gbdt_price_value,bias_12,5.0
2026-01-31,gbdt_price_value,drawdown_6,26.0
2026-01-31,gbdt_price_value,drawdown_12,24.0
2026-01-31,gbdt_price_value,downside_6,39.0
2026-01-31,gbdt_price_value,positive_6,42.0
2026-01-31,gbdt_price_value,beta_12,26.0
2026-01-31,gbdt_price_value,residual_vol_12,37.0
2026-01-31,gbdt_price_value,earnings_yield,23.0
2026-01-31,gbdt_price_value,book_yield,49.0
2026-01-31,gbdt_price_value,market_return,4.0
2026-01-31,gbdt_price_value,market_mom3,74.0
2026-01-31,gbdt_price_value,market_mom6,69.0
2026-01-31,gbdt_price_value,market_vol6,22.0
2026-01-31,gbdt_price_value,market_breadth,19.0
2026-01-31,gbdt_tech12,tech_mom_1m,98.0
2026-01-31,gbdt_tech12,tech_mom_3m,65.0
2026-01-31,gbdt_tech12,tech_mom_6m,105.0
2026-01-31,gbdt_tech12,tech_vol_1m,92.0
2026-01-31,gbdt_tech12,tech_vol_3m,53.0
2026-01-31,gbdt_tech12,tech_turnover_chg,62.0
2026-01-31,gbdt_tech12,tech_vol_price_corr,87.0
2026-01-31,gbdt_tech12,tech_max_drawdown_1m,85.0
2026-01-31,gbdt_tech12,tech_high_low_pos,58.0
2026-01-31,gbdt_tech12,tech_pattern_median,40.0
2026-01-31,gbdt_tech12,tech_bullish_ratio,75.0
2026-01-31,gbdt_tech12,tech_signal_strength,45.0
2026-04-30,gbdt_price,mom_1,60.0
2026-04-30,gbdt_price,mom_2,19.0
2026-04-30,gbdt_price,mom_3,31.0
2026-04-30,gbdt_price,mom_6,18.0
2026-04-30,gbdt_price,mom_9,27.0
2026-04-30,gbdt_price,mom_12,28.0
2026-04-30,gbdt_price,mom_3_1,33.0
2026-04-30,gbdt_price,vol_3,40.0
2026-04-30,gbdt_price,bias_3,38.0
2026-04-30,gbdt_price,mom_6_1,34.0
2026-04-30,gbdt_price,vol_6,38.0
2026-04-30,gbdt_price,bias_6,5.0
2026-04-30,gbdt_price,mom_12_1,35.0
2026-04-30,gbdt_price,vol_12,23.0
2026-04-30,gbdt_price,bias_12,15.0
2026-04-30,gbdt_price,drawdown_6,29.0
2026-04-30,gbdt_price,drawdown_12,31.0
2026-04-30,gbdt_price,downside_6,29.0
2026-04-30,gbdt_price,positive_6,48.0
2026-04-30,gbdt_price,beta_12,28.0
2026-04-30,gbdt_price,residual_vol_12,30.0
2026-04-30,gbdt_price,market_return,9.0
2026-04-30,gbdt_price,market_mom3,99.0
2026-04-30,gbdt_price,market_mom6,53.0
2026-04-30,gbdt_price,market_vol6,21.0
2026-04-30,gbdt_price,market_breadth,30.0
2026-04-30,ranker_price,mom_1,69.0
2026-04-30,ranker_price,mom_2,49.0
2026-04-30,ranker_price,mom_3,22.0
2026-04-30,ranker_price,mom_6,33.0
2026-04-30,ranker_price,mom_9,3.0
2026-04-30,ranker_price,mom_12,31.0
2026-04-30,ranker_price,mom_3_1,69.0
2026-04-30,ranker_price,vol_3,91.0
2026-04-30,ranker_price,bias_3,86.0
2026-04-30,ranker_price,mom_6_1,15.0
2026-04-30,ranker_price,vol_6,27.0
2026-04-30,ranker_price,bias_6,2.0
2026-04-30,ranker_price,mom_12_1,50.0
2026-04-30,ranker_price,vol_12,11.0
2026-04-30,ranker_price,bias_12,35.0
2026-04-30,ranker_price,drawdown_6,7.0
2026-04-30,ranker_price,drawdown_12,28.0
2026-04-30,ranker_price,downside_6,39.0
2026-04-30,ranker_price,positive_6,11.0
2026-04-30,ranker_price,beta_12,32.0
2026-04-30,ranker_price,residual_vol_12,13.0
2026-04-30,ranker_price,market_return,10.0
2026-04-30,ranker_price,market_mom3,41.0
2026-04-30,ranker_price,market_mom6,39.0
2026-04-30,ranker_price,market_vol6,48.0
2026-04-30,ranker_price,market_breadth,12.0
2026-04-30,gbdt_price_value,mom_1,51.0
2026-04-30,gbdt_price_value,mom_2,21.0
2026-04-30,gbdt_price_value,mom_3,32.0
2026-04-30,gbdt_price_value,mom_6,19.0
2026-04-30,gbdt_price_value,mom_9,20.0
2026-04-30,gbdt_price_value,mom_12,24.0
2026-04-30,gbdt_price_value,mom_3_1,32.0
2026-04-30,gbdt_price_value,vol_3,26.0
2026-04-30,gbdt_price_value,bias_3,34.0
2026-04-30,gbdt_price_value,mom_6_1,34.0
2026-04-30,gbdt_price_value,vol_6,40.0
2026-04-30,gbdt_price_value,bias_6,3.0
2026-04-30,gbdt_price_value,mom_12_1,40.0
2026-04-30,gbdt_price_value,vol_12,13.0
2026-04-30,gbdt_price_value,bias_12,11.0
2026-04-30,gbdt_price_value,drawdown_6,19.0
2026-04-30,gbdt_price_value,drawdown_12,25.0
2026-04-30,gbdt_price_value,downside_6,23.0
2026-04-30,gbdt_price_value,positive_6,47.0
2026-04-30,gbdt_price_value,beta_12,18.0
2026-04-30,gbdt_price_value,residual_vol_12,38.0
2026-04-30,gbdt_price_value,earnings_yield,13.0
2026-04-30,gbdt_price_value,book_yield,59.0
2026-04-30,gbdt_price_value,market_return,11.0
2026-04-30,gbdt_price_value,market_mom3,102.0
2026-04-30,gbdt_price_value,market_mom6,69.0
2026-04-30,gbdt_price_value,market_vol6,21.0
2026-04-30,gbdt_price_value,market_breadth,13.0
2026-04-30,gbdt_tech12,tech_mom_1m,123.0
2026-04-30,gbdt_tech12,tech_mom_3m,73.0
2026-04-30,gbdt_tech12,tech_mom_6m,95.0
2026-04-30,gbdt_tech12,tech_vol_1m,115.0
2026-04-30,gbdt_tech12,tech_vol_3m,34.0
2026-04-30,gbdt_tech12,tech_turnover_chg,55.0
2026-04-30,gbdt_tech12,tech_vol_price_corr,57.0
2026-04-30,gbdt_tech12,tech_max_drawdown_1m,45.0
2026-04-30,gbdt_tech12,tech_high_low_pos,62.0
2026-04-30,gbdt_tech12,tech_pattern_median,48.0
2026-04-30,gbdt_tech12,tech_bullish_ratio,104.0
2026-04-30,gbdt_tech12,tech_signal_strength,52.0
2026-07-31,gbdt_price,mom_1,58.0
2026-07-31,gbdt_price,mom_2,8.0
2026-07-31,gbdt_price,mom_3,14.0
2026-07-31,gbdt_price,mom_6,10.0
2026-07-31,gbdt_price,mom_9,37.0
2026-07-31,gbdt_price,mom_12,18.0
2026-07-31,gbdt_price,mom_3_1,34.0
2026-07-31,gbdt_price,vol_3,46.0
2026-07-31,gbdt_price,bias_3,40.0
2026-07-31,gbdt_price,mom_6_1,39.0
2026-07-31,gbdt_price,vol_6,41.0
2026-07-31,gbdt_price,bias_6,10.0
2026-07-31,gbdt_price,mom_12_1,40.0
2026-07-31,gbdt_price,vol_12,17.0
2026-07-31,gbdt_price,bias_12,11.0
2026-07-31,gbdt_price,drawdown_6,34.0
2026-07-31,gbdt_price,drawdown_12,34.0
2026-07-31,gbdt_price,downside_6,20.0
2026-07-31,gbdt_price,positive_6,61.0
2026-07-31,gbdt_price,beta_12,38.0
2026-07-31,gbdt_price,residual_vol_12,29.0
2026-07-31,gbdt_price,market_return,13.0
2026-07-31,gbdt_price,market_mom3,87.0
2026-07-31,gbdt_price,market_mom6,56.0
2026-07-31,gbdt_price,market_vol6,38.0
2026-07-31,gbdt_price,market_breadth,33.0
2026-07-31,ranker_price,mom_1,53.0
2026-07-31,ranker_price,mom_2,27.0
2026-07-31,ranker_price,mom_3,26.0
2026-07-31,ranker_price,mom_6,57.0
2026-07-31,ranker_price,mom_9,55.0
2026-07-31,ranker_price,mom_12,14.0
2026-07-31,ranker_price,mom_3_1,29.0
2026-07-31,ranker_price,vol_3,103.0
2026-07-31,ranker_price,bias_3,32.0
2026-07-31,ranker_price,mom_6_1,13.0
2026-07-31,ranker_price,vol_6,11.0
2026-07-31,ranker_price,bias_6,15.0
2026-07-31,ranker_price,mom_12_1,44.0
2026-07-31,ranker_price,vol_12,42.0
2026-07-31,ranker_price,bias_12,17.0
2026-07-31,ranker_price,drawdown_6,13.0
2026-07-31,ranker_price,drawdown_12,8.0
2026-07-31,ranker_price,downside_6,16.0
2026-07-31,ranker_price,positive_6,18.0
2026-07-31,ranker_price,beta_12,45.0
2026-07-31,ranker_price,residual_vol_12,42.0
2026-07-31,ranker_price,market_return,9.0
2026-07-31,ranker_price,market_mom3,61.0
2026-07-31,ranker_price,market_mom6,44.0
2026-07-31,ranker_price,market_vol6,70.0
2026-07-31,ranker_price,market_breadth,18.0
2026-07-31,gbdt_price_value,mom_1,46.0
2026-07-31,gbdt_price_value,mom_2,14.0
2026-07-31,gbdt_price_value,mom_3,6.0
2026-07-31,gbdt_price_value,mom_6,8.0
2026-07-31,gbdt_price_value,mom_9,34.0
2026-07-31,gbdt_price_value,mom_12,16.0
2026-07-31,gbdt_price_value,mom_3_1,30.0
2026-07-31,gbdt_price_value,vol_3,33.0
2026-07-31,gbdt_price_value,bias_3,36.0
2026-07-31,gbdt_price_value,mom_6_1,43.0
2026-07-31,gbdt_price_value,vol_6,35.0
2026-07-31,gbdt_price_value,bias_6,8.0
2026-07-31,gbdt_price_value,mom_12_1,39.0
2026-07-31,gbdt_price_value,vol_12,6.0
2026-07-31,gbdt_price_value,bias_12,10.0
2026-07-31,gbdt_price_value,drawdown_6,28.0
2026-07-31,gbdt_price_value,drawdown_12,26.0
2026-07-31,gbdt_price_value,downside_6,26.0
2026-07-31,gbdt_price_value,positive_6,51.0
2026-07-31,gbdt_price_value,beta_12,38.0
2026-07-31,gbdt_price_value,residual_vol_12,33.0
2026-07-31,gbdt_price_value,earnings_yield,32.0
2026-07-31,gbdt_price_value,book_yield,49.0
2026-07-31,gbdt_price_value,market_return,11.0
2026-07-31,gbdt_price_value,market_mom3,80.0
2026-07-31,gbdt_price_value,market_mom6,56.0
2026-07-31,gbdt_price_value,market_vol6,21.0
2026-07-31,gbdt_price_value,market_breadth,36.0
2026-07-31,gbdt_tech12,tech_mom_1m,123.0
2026-07-31,gbdt_tech12,tech_mom_3m,47.0
2026-07-31,gbdt_tech12,tech_mom_6m,88.0
2026-07-31,gbdt_tech12,tech_vol_1m,112.0
2026-07-31,gbdt_tech12,tech_vol_3m,43.0
2026-07-31,gbdt_tech12,tech_turnover_chg,32.0
2026-07-31,gbdt_tech12,tech_vol_price_corr,47.0
2026-07-31,gbdt_tech12,tech_max_drawdown_1m,62.0
2026-07-31,gbdt_tech12,tech_high_low_pos,55.0
2026-07-31,gbdt_tech12,tech_pattern_median,74.0
2026-07-31,gbdt_tech12,tech_bullish_ratio,96.0
2026-07-31,gbdt_tech12,tech_signal_strength,68.0
