signal_date,scope,horizon,prediction_stocks,observed_labels,positive_utility_stocks,rank_ic,return_mae,risk_mae,top5_observed,top5_mean_forward_return,positive_utility_mean_forward_return
2025-12-31,all_boards,5,4999,4989,4721,0.152694684025162,0.04717313340781143,0.018195791968044,5,0.01891428977251053,0.05113597214221954
2025-12-31,all_boards,10,4999,4975,4721,0.04345810790550589,0.06832610863895894,0.03686321368703002,5,0.04991715028882027,0.06439672410488129
2025-12-31,all_boards,20,4999,4963,4721,0.17623249093310922,0.09204171896738045,0.0488179977093459,5,0.0916365385055542,0.07644020766019821
2025-12-31,buyable_mainboard,5,3082,3076,2926,0.12591245360805112,0.03943589167236082,0.017236723045502104,5,0.026785776019096375,0.04021642729640007
2025-12-31,buyable_mainboard,10,3082,3067,2926,0.04318137965545563,0.05453523226686112,0.035899182793806134,5,0.044599052518606186,0.04459865018725395
2025-12-31,buyable_mainboard,20,3082,3060,2926,0.1784152041727415,0.08530050339934475,0.047475043570869485,5,0.03415435925126076,0.06740587204694748
2026-01-05,all_boards,5,4995,4985,4220,0.1717881170805752,0.061458036409942976,0.018406127143748095,5,0.02278437465429306,0.055027417838573456
2026-01-05,all_boards,10,4995,4973,4220,0.05758189888601224,0.06262618649113871,0.034765519968453965,5,0.052031077444553375,0.060756128281354904
2026-01-05,all_boards,20,4995,4962,4220,0.20417799337161713,0.09016475548708375,0.04598180442914659,5,0.026610497385263443,0.03625454008579254
2026-01-05,buyable_mainboard,5,3080,3072,2585,0.1272580898005943,0.050242109760940484,0.018076261039876085,5,0.027124743908643723,0.04380093887448311
2026-01-05,buyable_mainboard,10,3080,3066,2585,0.059565483467870654,0.05363140275656015,0.03478373752705014,5,0.06505260616540909,0.05063110589981079
2026-01-05,buyable_mainboard,20,3080,3059,2585,0.20334254035558624,0.08427766527491852,0.045301259281838716,5,0.07001651078462601,0.033609967678785324
2026-01-06,all_boards,5,4995,4981,2377,-0.04945961941647591,0.05179523944718852,0.017582638248049627,5,-0.015205636620521545,0.03582312911748886
2026-01-06,all_boards,10,4995,4975,2377,-0.05699920833182606,0.05925367586403073,0.03180821894704321,5,-0.013098331168293953,0.05489666759967804
2026-01-06,all_boards,20,4995,4964,2377,0.22377141165931488,0.09133997686498166,0.04358847185634811,5,-0.04766223952174187,0.05852753296494484
2026-01-06,buyable_mainboard,5,3080,3070,1359,-0.06752067339193284,0.041369508092582226,0.01610006850050392,5,0.009820237755775452,0.023913098499178886
2026-01-06,buyable_mainboard,10,3080,3067,1359,-0.07069019883539848,0.05259451126750479,0.03058465564556242,5,0.03194059804081917,0.04682926833629608
2026-01-06,buyable_mainboard,20,3080,3060,1359,0.22886326154553815,0.08505544911407129,0.042062421332613835,5,0.02648661658167839,0.0517992302775383
2026-01-07,all_boards,5,4996,4982,1102,0.004664834339260161,0.05725495468750695,0.022077956038274536,5,-0.02502725087106228,0.044001203030347824
2026-01-07,all_boards,10,4996,4975,1102,,0.06341567213193382,0.03620960663813037,5,0.0047917841002345085,0.07046130299568176
2026-01-07,all_boards,20,4996,4965,1102,0.21428900960751923,0.0869633444304959,0.04721965517981213,5,0.006193675100803375,0.07450900226831436
2026-01-07,buyable_mainboard,5,3081,3072,616,0.019798791121823634,0.04437176404073532,0.020532412869757016,5,0.03477584570646286,0.029108833521604538
2026-01-07,buyable_mainboard,10,3081,3068,616,,0.056839102136591546,0.03514032582215373,5,0.08001430332660675,0.05975496023893356
2026-01-07,buyable_mainboard,20,3081,3062,616,0.21314435775211935,0.08051509659665473,0.04603891252967849,5,0.0996062383055687,0.06822890788316727
2026-01-08,all_boards,5,4997,4982,580,0.0633211868882211,0.045489354582740525,0.0238483417088665,5,-0.006085586734116077,0.029562177136540413
2026-01-08,all_boards,10,4997,4977,580,,0.060946394371933485,0.034837718493192865,5,0.003717791987583041,0.06636469066143036
2026-01-08,all_boards,20,4997,4966,580,0.2574165670944799,0.08339743548700375,0.04563795705542793,5,0.015383327379822731,0.061684150248765945
2026-01-08,buyable_mainboard,5,3080,3071,285,0.06088366521210143,0.039260796140966545,0.022721402274992065,5,0.03432529419660568,0.017294075340032578
2026-01-08,buyable_mainboard,10,3080,3068,285,,0.05634188839261987,0.034390234159794635,5,0.06328856199979782,0.05941416323184967
2026-01-08,buyable_mainboard,20,3080,3062,285,0.264823374372958,0.07730859854601807,0.045030276126506404,5,0.03038555011153221,0.05948448181152344
2026-01-09,all_boards,5,4997,4983,447,-0.08876338242341962,0.04012717772776807,0.02068790329031411,5,0.025363123044371605,0.015098213218152523
2026-01-09,all_boards,10,4997,4979,447,,0.05981488814654327,0.0326977946661095,5,0.06031227111816406,0.05931836739182472
2026-01-09,all_boards,20,4997,4966,447,0.3192299070584686,0.08770626322491457,0.045916270029373735,5,0.07478059083223343,0.05624053254723549
2026-01-09,buyable_mainboard,5,3080,3071,237,-0.061936621589930664,0.03673074243832405,0.01947022419935301,5,0.03213537484407425,0.006517254281789064
2026-01-09,buyable_mainboard,10,3080,3069,237,,0.05594485036027891,0.03206979499721915,5,0.07329763472080231,0.05674038827419281
2026-01-09,buyable_mainboard,20,3080,3062,237,0.3201656904733549,0.08210720191837369,0.04446923896463134,5,0.08168503642082214,0.05751275271177292
2026-01-12,all_boards,5,4994,4982,4,0.3021085164423596,0.04726508242787888,0.02333602471552578,5,0.0239388607442379,0.03545454889535904
2026-01-12,all_boards,10,4994,4977,4,,0.07026808034630078,0.03568762752993506,5,0.04009999334812164,0.06362056732177734
2026-01-12,all_boards,20,4994,4965,4,0.3423321069490604,0.08932407689906621,0.049744770552374216,5,0.09274356067180634,0.11261086165904999
2026-01-12,buyable_mainboard,5,3076,3070,2,0.305673088206257,0.04353453487295695,0.022270695873664197,5,0.040373604744672775,0.03756854683160782
2026-01-12,buyable_mainboard,10,3076,3067,2,,0.06658151634983209,0.03357385871718257,5,0.059909455478191376,0.08838021010160446
2026-01-12,buyable_mainboard,20,3076,3060,2,0.3391188105910794,0.08331112132920522,0.04643752355359479,5,0.0589548721909523,0.08209270238876343
2026-01-13,all_boards,5,4991,4985,0,0.2651100055197762,0.047135649297460225,0.025783547466299267,5,0.026829909533262253,
2026-01-13,all_boards,10,4991,4979,0,,0.06722240011302073,0.033747930894552865,5,0.0612335205078125,
2026-01-13,all_boards,20,4991,4967,0,0.23938499357885584,0.08204407178359062,0.044737670835257995,4,0.03814182057976723,
2026-01-13,buyable_mainboard,5,3075,3072,0,0.2538034511062634,0.04385549482993042,0.02433486765867858,5,0.029988547787070274,
2026-01-13,buyable_mainboard,10,3075,3069,0,,0.06239699394213371,0.03200430858746779,5,0.06626967340707779,
2026-01-13,buyable_mainboard,20,3075,3061,0,0.23584271747789967,0.07728450251014686,0.04275283176742551,4,0.03872225433588028,
2026-01-14,all_boards,5,4990,4983,0,0.30705683752866475,0.0571580781372806,0.03171344325483264,5,0.0636034607887268,
2026-01-14,all_boards,10,4990,4978,0,,0.07479240626455355,0.037432935152328914,5,0.08530761301517487,
2026-01-14,all_boards,20,4990,4967,0,0.29850094367339763,0.08316570495190231,0.04758399566326461,5,0.06404134631156921,
2026-01-14,buyable_mainboard,5,3075,3071,0,0.2663638438395745,0.05350737767716709,0.030611165382991107,5,0.06934478133916855,
2026-01-14,buyable_mainboard,10,3075,3068,0,,0.07101197081731797,0.03600609525066496,5,0.07851242274045944,
2026-01-14,buyable_mainboard,20,3075,3061,0,0.29248454090495324,0.07959355242055938,0.0458131612302164,5,0.021280014887452126,
2026-01-15,all_boards,5,4989,4984,0,0.060623258390633684,0.054588848521808446,0.026821461528803235,5,0.027393873780965805,
2026-01-15,all_boards,10,4989,4978,0,,0.07143213460784388,0.03366236507282242,5,0.03505359962582588,
2026-01-15,all_boards,20,4989,4968,0,0.1948423389955357,0.0821693164145778,0.043294292494172486,5,0.009204083122313023,
2026-01-15,buyable_mainboard,5,3075,3072,0,0.050691872146325714,0.05428892488047762,0.026323609699965837,5,0.025203924626111984,
2026-01-15,buyable_mainboard,10,3075,3068,0,,0.06679278395510166,0.032075547146653276,5,0.030450617894530296,
2026-01-15,buyable_mainboard,20,3075,3062,0,0.183789930018025,0.07740163941646176,0.04134053599858833,5,-0.03664492443203926,
2026-01-16,all_boards,5,4988,4984,7,0.08282879946996174,0.049800814174662145,0.026346427236924288,5,0.030363107100129128,0.03227287903428078
2026-01-16,all_boards,10,4988,4976,7,,0.06897643087186282,0.03565103520211962,5,-0.029486406594514847,-0.025197532027959824
2026-01-16,all_boards,20,4988,4966,7,0.18264915033539914,0.07909121844597891,0.04396333255466831,5,-0.08788073062896729,-0.06808789819478989
2026-01-16,buyable_mainboard,5,3074,3072,4,0.10606151539238684,0.05007363058604155,0.027783734659378334,5,0.045434512197971344,0.030670518055558205
2026-01-16,buyable_mainboard,10,3074,3067,4,,0.06391786291846878,0.034869083275564455,5,0.010002564638853073,0.010991980321705341
2026-01-16,buyable_mainboard,20,3074,3060,4,0.16290646240127937,0.07404204495715078,0.04386678172303265,5,0.0022658437956124544,-0.031278230249881744
2026-01-19,all_boards,5,4986,4981,25,-0.1525974889597958,0.04428724975141474,0.021884626710204958,5,0.038961660116910934,0.011510428972542286
2026-01-19,all_boards,10,4986,4975,25,,0.07587656371689058,0.03539381027098791,5,-0.014969895593822002,-0.0402805469930172
2026-01-19,all_boards,20,4986,4965,25,0.1765232048634296,0.07865738670094638,0.040182846941612,5,0.026836495846509933,-0.025759566575288773
2026-01-19,buyable_mainboard,5,3073,3070,8,-0.10426458402277286,0.04117183858496436,0.022198900888318055,5,0.030765298753976822,0.023744145408272743
2026-01-19,buyable_mainboard,10,3073,3066,8,,0.06867913197007029,0.032462294603283065,5,-0.03370748087763786,-0.04422510415315628
2026-01-19,buyable_mainboard,20,3073,3059,8,0.15347219393994818,0.07358687004910563,0.03883948812108667,5,-0.011563434265553951,-0.026180211454629898
2026-01-20,all_boards,5,4986,4980,96,0.14084592876232058,0.04273503541963808,0.022825084014600133,5,0.09634046256542206,0.041101306676864624
2026-01-20,all_boards,10,4986,4975,96,,0.06317152035641345,0.031149295326872783,5,0.02816471830010414,0.0016460145125165582
2026-01-20,all_boards,20,4986,4963,96,0.09034442099700403,0.07742445798067277,0.03742290953227457,5,0.02716543711721897,0.022431686520576477
2026-01-20,buyable_mainboard,5,3073,3070,47,0.14074228592255314,0.03979256772596674,0.02210257379020808,5,0.09204240888357162,0.030645713210105896
2026-01-20,buyable_mainboard,10,3073,3066,47,,0.05885137262639133,0.02979355525432293,5,0.029624059796333313,-0.02091822773218155
2026-01-20,buyable_mainboard,20,3073,3057,47,0.07965703970200805,0.0736733627901888,0.03707330175615453,5,0.02480376325547695,0.004105877131223679
2026-01-21,all_boards,5,4985,4980,47,-0.01706247509045069,0.05179425472795209,0.02338907966606005,5,0.04518970847129822,0.027757305651903152
2026-01-21,all_boards,10,4985,4975,47,,0.06572767594622655,0.03490788684462181,5,0.03229329735040665,-0.008789947256445885
2026-01-21,all_boards,20,4985,4962,47,0.08665483622447052,0.07945502079683227,0.038417265793569945,5,0.07664628326892853,0.034004367887973785
2026-01-21,buyable_mainboard,5,3072,3069,26,-0.006871554299188423,0.048779188481267874,0.022694010685740906,5,0.05524264648556709,0.03955221548676491
2026-01-21,buyable_mainboard,10,3072,3066,26,,0.05928683031829978,0.03257506722399364,5,0.020279766991734505,-0.011058112606406212
2026-01-21,buyable_mainboard,20,3072,3056,26,0.06976223309727998,0.07532540965502463,0.03786156137446393,5,0.09503637254238129,0.04535024240612984
2026-01-22,all_boards,5,4990,4984,22,-0.1432108837678281,0.0579584077097174,0.02438231271590719,5,-0.012782583013176918,-0.004426952451467514
2026-01-22,all_boards,10,4990,4979,22,,0.06930958655710498,0.03473478751828868,5,-0.0719621330499649,-0.029746292158961296
2026-01-22,all_boards,20,4990,4965,22,0.08317004052663056,0.07834675535537004,0.03560527774724,5,0.004969363566488028,0.05081656202673912
2026-01-22,buyable_mainboard,5,3075,3071,8,-0.1297021469272911,0.053052352599005106,0.023114388723271085,5,-0.007249356713145971,-0.01053470280021429
2026-01-22,buyable_mainboard,10,3075,3069,8,,0.06288880542456539,0.03206031805476038,5,-0.02702120877802372,-0.036409929394721985
2026-01-22,buyable_mainboard,20,3075,3057,8,0.07254086708216692,0.07428291775037296,0.034533518979996757,5,0.04286827892065048,0.025012319907546043
2026-01-23,all_boards,5,4990,4982,0,-0.18405589160399832,0.0647162572296696,0.035715037364308,5,-0.06238485127687454,
2026-01-23,all_boards,10,4990,4977,0,,0.07569797784772611,0.04310410117792422,5,-0.044085096567869186,
2026-01-23,all_boards,20,4990,4963,0,0.1310258373429225,0.08983951853804588,0.04216160892086491,5,0.000733470544219017,
2026-01-23,buyable_mainboard,5,3075,3070,0,-0.1788647969557888,0.057415230310666344,0.031044861759859484,5,-0.03447248414158821,
2026-01-23,buyable_mainboard,10,3075,3068,0,,0.06801538006997322,0.03817837062980176,5,-0.0020754062570631504,
2026-01-23,buyable_mainboard,20,3075,3055,0,0.11326060128083727,0.08477188358638367,0.03901309542415928,5,0.014593623578548431,
2026-01-26,all_boards,5,4990,4984,26,-0.12160869401624473,0.0727093798672359,0.029048160749451827,5,-0.05155671760439873,-0.05220688879489899
2026-01-26,all_boards,10,4990,4978,26,,0.057701176188671564,0.030965536559928345,5,-0.036438118666410446,-0.01862877421081066
2026-01-26,all_boards,20,4990,4965,26,0.11064294154554419,0.09884278182428327,0.03988512828760093,5,-0.005129746161401272,-0.03649497777223587
2026-01-26,buyable_mainboard,5,3073,3069,12,-0.14948815007588728,0.06752343644833021,0.026432978008905778,5,-0.044906746596097946,-0.04025012627243996
2026-01-26,buyable_mainboard,10,3073,3066,12,,0.05380329861479331,0.028988088867015618,5,-0.02507951855659485,-0.010434507392346859
2026-01-26,buyable_mainboard,20,3073,3054,12,0.07556736030410395,0.09207059269617707,0.036841395111804905,5,0.017056036740541458,-0.007349494379013777
2026-01-27,all_boards,5,4990,4985,4,-0.07950934538584604,0.057604420191129733,0.03008416518691161,5,-0.0187520794570446,-0.03089076466858387
2026-01-27,all_boards,10,4990,4978,4,,0.058277886470058715,0.03415664783697471,5,-0.016959238797426224,-0.035496268421411514
2026-01-27,all_boards,20,4990,4966,4,0.1454189662386614,0.09983492724894732,0.04637659353074068,5,-0.07325094938278198,-0.10263899713754654
2026-01-27,buyable_mainboard,5,3073,3069,0,-0.07901217490211696,0.05371467716307332,0.02679899858093129,5,-0.028551572933793068,
2026-01-27,buyable_mainboard,10,3073,3065,0,,0.05318352680407832,0.031720849224746654,5,-0.027765925973653793,
2026-01-27,buyable_mainboard,20,3073,3054,0,0.11426585557852745,0.09315455975922388,0.041806625794193086,5,0.03549483045935631,
2026-01-28,all_boards,5,4992,4987,35,-0.08530225442712447,0.05330510756293258,0.027248396532423003,5,-0.040594249963760376,-0.01890069991350174
2026-01-28,all_boards,10,4992,4981,35,,0.05619458384517865,0.03359686158444046,5,-0.04114639014005661,-0.003034256398677826
2026-01-28,all_boards,20,4992,4969,35,0.106141437523737,0.09004454637422378,0.043369564337224685,5,-0.04937804117798805,-0.009365224279463291
2026-01-28,buyable_mainboard,5,3073,3070,13,-0.062384655977397924,0.0488867447386909,0.02640454965364601,5,-0.0334431417286396,-0.01479279063642025
2026-01-28,buyable_mainboard,10,3073,3066,13,,0.052967506447279246,0.03379447282907103,5,-0.03788226097822189,0.004672303795814514
2026-01-28,buyable_mainboard,20,3073,3055,13,0.06812897110808573,0.08471469021134358,0.0408296699606155,5,0.020164210349321365,0.010673397220671177
2026-01-29,all_boards,5,4996,4991,7,-0.06638676287641157,0.05076368095906196,0.022972608122528698,4,-0.028376515954732895,-0.024868467822670937
2026-01-29,all_boards,10,4996,4985,7,,0.05434065957498402,0.030407443937425605,4,0.017558017745614052,0.007111914921551943
2026-01-29,all_boards,20,4996,4972,7,0.1017205310433008,0.08671450176620363,0.04083271239256846,4,0.0165471900254488,0.01776106469333172
2026-01-29,buyable_mainboard,5,3075,3073,4,-0.05456333038627843,0.04805262627174135,0.022829767866128878,5,-0.025249058380723,-0.02435765415430069
2026-01-29,buyable_mainboard,10,3075,3068,4,,0.05282335189697476,0.030524037428808888,5,0.004950448404997587,-0.007646254729479551
2026-01-29,buyable_mainboard,20,3075,3056,4,0.06802906689550116,0.08237563945093189,0.038184031165907344,5,0.02494215965270996,0.022173114120960236
2026-01-30,all_boards,5,4994,4989,2,-0.15763206667372867,0.046400361629669096,0.019938417287812146,5,-0.022742724046111107,-0.06023233011364937
2026-01-30,all_boards,10,4994,4983,2,,0.049890868937320657,0.02850985002911814,5,-0.0028567907866090536,-0.02893988788127899
2026-01-30,all_boards,20,4994,4972,2,0.05422193113633546,0.0863568659351379,0.03943380366810733,5,0.02566089667379856,-0.07431651651859283
2026-01-30,buyable_mainboard,5,3074,3072,1,-0.11665983191022454,0.04228583751394419,0.018635069294970576,5,-0.027918051928281784,-0.0744466781616211
2026-01-30,buyable_mainboard,10,3074,3066,1,,0.048536974920355344,0.028087730145356427,5,-0.007656690664589405,-0.04532457888126373
2026-01-30,buyable_mainboard,20,3074,3056,1,0.016830875755827812,0.08298700092655495,0.036199441808041403,5,0.03149774670600891,-0.06904585659503937
2026-02-02,all_boards,5,4995,4988,0,-0.07598696405941816,0.033894288520383044,0.018082428951050916,5,0.07594406604766846,
2026-02-02,all_boards,10,4995,4984,0,,0.04773122612844366,0.03217102396927263,5,0.06425094604492188,
2026-02-02,all_boards,20,4995,4973,0,0.0378270768600308,0.09392991293594534,0.040733666018163334,5,0.04512729123234749,
2026-02-02,buyable_mainboard,5,3074,3070,0,-0.05194864683511587,0.03187567505768517,0.01742840836129529,5,0.07594406604766846,
2026-02-02,buyable_mainboard,10,3074,3066,0,,0.04576040562688198,0.03265494446039757,5,0.06425094604492188,
2026-02-02,buyable_mainboard,20,3074,3056,0,-0.0005024971661193758,0.08926682869539725,0.03986383995497071,5,0.04512729123234749,
2026-02-03,all_boards,5,4997,4989,0,0.025648337002896534,0.033242221987825865,0.019113653444691046,5,0.02825237810611725,
2026-02-03,all_boards,10,4997,4984,0,,0.0475066409617419,0.03181731183111292,5,0.04906102642416954,
2026-02-03,all_boards,20,4997,4975,0,0.11745959086230667,0.08808723480840949,0.04069869629354992,5,0.038862571120262146,
2026-02-03,buyable_mainboard,5,3076,3071,0,0.033673777556540815,0.03175719490732465,0.01948291071989753,5,0.03445916622877121,
2026-02-03,buyable_mainboard,10,3076,3066,0,,0.0454087527442886,0.03338143048912722,5,0.04019247740507126,
2026-02-03,buyable_mainboard,20,3076,3058,0,0.08225656959738017,0.08507114642201617,0.03954152824937191,5,0.04694431275129318,
2026-02-04,all_boards,5,4998,4991,0,0.12367059835100375,0.032759529666661846,0.016916478035800223,5,0.031080996617674828,
2026-02-04,all_boards,10,4998,4982,0,,0.05424295886400292,0.027564429839904748,5,0.021811719983816147,
2026-02-04,all_boards,20,4998,4976,0,0.07429736078052807,0.10372743771845475,0.03696811843573612,5,-0.005488029681146145,
2026-02-04,buyable_mainboard,5,3077,3072,0,0.10943666373131294,0.03147601550609758,0.016328156964799726,5,0.038799308240413666,
2026-02-04,buyable_mainboard,10,3077,3065,0,,0.051101758076845846,0.027570331773571776,5,0.03300482779741287,
2026-02-04,buyable_mainboard,20,3077,3059,0,0.03705317630978949,0.09983527119328839,0.03619958344417524,5,0.011053577065467834,
2026-02-05,all_boards,5,4997,4991,0,0.24647690746967685,0.04062253787300921,0.022876211751720395,5,-0.0017538173124194145,
2026-02-05,all_boards,10,4997,4980,0,,0.06656792210161892,0.034665935322856875,5,0.007543803192675114,
2026-02-05,all_boards,20,4997,4976,0,0.06055396216220062,0.11765342186509303,0.04299480592020365,5,-0.0011611797381192446,
2026-02-05,buyable_mainboard,5,3077,3072,0,0.1949826123275412,0.04042186091020686,0.021728487788809453,5,-0.003924822900444269,
2026-02-05,buyable_mainboard,10,3077,3063,0,,0.06450606751713045,0.03462452014443124,5,-0.0002600453735794872,
2026-02-05,buyable_mainboard,20,3077,3059,0,0.004263537809074299,0.11508013147227858,0.04289331466554666,5,-0.008500637486577034,
2026-02-06,all_boards,5,4996,4990,0,0.11329881874688497,0.035997831077443206,0.019247890089810222,5,0.009989109821617603,
2026-02-06,all_boards,10,4996,4979,0,,0.06980348508158675,0.029735339044910273,5,-0.005993560887873173,
2026-02-06,all_boards,20,4996,4975,0,0.14353568500530667,0.09344649563044657,0.042666385969869304,5,0.008268196135759354,
2026-02-06,buyable_mainboard,5,3077,3071,0,0.07314772046168606,0.03486986984211808,0.01794111023820691,5,0.006915326230227947,
2026-02-06,buyable_mainboard,10,3077,3062,0,,0.06848147929501797,0.0290744268225915,5,-0.005384390242397785,
2026-02-06,buyable_mainboard,20,3077,3059,0,0.1247992023251223,0.08963049019838225,0.04051563094376497,5,0.018051709979772568,
2026-02-09,all_boards,5,4996,4992,0,-0.02148546993973079,0.0678229586640946,0.10616598506239316,5,-0.0037070810794830322,
2026-02-09,all_boards,10,4996,4981,0,,0.0862325361668278,0.03488196353009549,5,-0.02958463504910469,
2026-02-09,all_boards,20,4996,4975,0,0.22051235659528548,0.0852000655070661,0.04478770403208924,5,-0.010464740917086601,
2026-02-09,buyable_mainboard,5,3077,3073,0,-0.06984703696204383,0.0650602340291922,0.10128065991649628,5,-0.0037070810794830322,
2026-02-09,buyable_mainboard,10,3077,3064,0,,0.08172645156086983,0.03301680954460509,5,-0.02958463504910469,
2026-02-09,buyable_mainboard,20,3077,3062,0,0.19170341553036652,0.08429870315348993,0.04176483691530478,5,-0.010464740917086601,
2026-02-10,all_boards,5,4997,4991,0,-0.08233460387162746,0.07958363757174024,0.11035048504112956,5,0.00025845400523394346,
2026-02-10,all_boards,10,4997,4983,0,,0.09064357171724677,0.040690278137209324,5,-0.031164079904556274,
2026-02-10,all_boards,20,4997,4977,0,0.1584388110055845,0.08987600365969538,0.04560804489483818,5,-0.004472215194255114,
2026-02-10,buyable_mainboard,5,3078,3073,0,-0.14207262804535117,0.0767368510295629,0.10612286283811041,5,0.00025845400523394346,
2026-02-10,buyable_mainboard,10,3078,3066,0,,0.08619509339923194,0.03856420553473376,5,-0.031164079904556274,
2026-02-10,buyable_mainboard,20,3078,3064,0,0.14891587855494792,0.08628835216106093,0.04281079953957894,5,-0.004472215194255114,
2026-02-11,all_boards,5,4998,4989,0,-0.1293036359207844,0.08189651781598078,0.1107504361282178,5,-0.006879507564008236,
2026-02-11,all_boards,10,4998,4984,0,,0.08069743961458065,0.03742919982538064,5,-0.02967165783047676,
2026-02-11,all_boards,20,4998,4977,0,0.19304521736522645,0.07983919253895147,0.04571382952134045,5,-0.03097701631486416,
2026-02-11,buyable_mainboard,5,3078,3071,0,-0.1752935004141,0.07543388017674227,0.10569739340077054,5,-0.008353563025593758,
2026-02-11,buyable_mainboard,10,3078,3066,0,,0.07589854240497906,0.03443623616715593,5,-0.030693311244249344,
2026-02-11,buyable_mainboard,20,3078,3063,0,0.20439292975673867,0.07704205662761925,0.04276923527333641,5,-0.037903256714344025,
2026-02-12,all_boards,5,4999,4988,0,-0.12453299697938107,0.0961337499862833,0.10275501569291232,5,0.01740306057035923,
2026-02-12,all_boards,10,4999,4985,0,,0.06962929918799991,0.036772694473251766,5,0.014126665890216827,
2026-02-12,all_boards,20,4999,4977,0,0.2256157562960241,0.08642815914091156,0.051792391284362506,5,-0.04082069918513298,
2026-02-12,buyable_mainboard,5,3079,3070,0,-0.17681750610222732,0.09262148439168862,0.10074154695999604,5,0.03113684616982937,
2026-02-12,buyable_mainboard,10,3079,3067,0,,0.06470057855079375,0.033703499370833764,5,0.025266248732805252,
2026-02-12,buyable_mainboard,20,3079,3063,0,0.23338271348561307,0.08160715859460252,0.04740935040067716,5,-0.017602862790226936,
2026-02-13,all_boards,5,4999,4988,0,-0.07656573899228312,0.08102748091325171,0.09281401784146874,5,-0.013533368706703186,
2026-02-13,all_boards,10,4999,4987,0,,0.07699321735625553,0.04248285048611459,5,-0.0038612172938883305,
2026-02-13,all_boards,20,4999,4977,0,0.18548263767309223,0.1211149391139715,0.08656198155903096,5,-0.11150507628917694,
2026-02-13,buyable_mainboard,5,3079,3070,0,-0.10912624343811962,0.08216562073692787,0.09398791268206666,5,-0.012845763936638832,
2026-02-13,buyable_mainboard,10,3079,3069,0,,0.07188907848633964,0.0383801687510339,5,0.00849467795342207,
2026-02-13,buyable_mainboard,20,3079,3063,0,0.18464333720701215,0.11359430583806432,0.07824794810925233,5,-0.10691297054290771,
2026-02-24,all_boards,5,4999,4988,0,0.004975796989165714,0.05624998341234698,0.031400224720870014,5,0.014121955260634422,
2026-02-24,all_boards,10,4999,4986,0,,0.0633695055396308,0.04146041241721455,5,0.04993646591901779,
2026-02-24,all_boards,20,4999,4975,0,0.17410669040384094,0.11016406350964555,0.08859207326901114,5,-0.0034370392095297575,
2026-02-24,buyable_mainboard,5,3079,3070,0,-0.018259140354238527,0.05310482967065783,0.029290475947819177,5,0.021325398236513138,
2026-02-24,buyable_mainboard,10,3079,3068,0,,0.060157795913358146,0.03757579470635684,5,0.05543402582406998,
2026-02-24,buyable_mainboard,20,3079,3063,0,0.18180930759466288,0.10419771606433394,0.082100427325681,5,-0.0075141387060284615,
2026-02-25,all_boards,5,4999,4991,0,-0.0686631772055249,0.059243055796168266,0.04277795715357251,5,-0.04524154216051102,
2026-02-25,all_boards,10,4999,4989,0,,0.07065800890927547,0.04437570964345666,5,-0.021540699526667595,
2026-02-25,all_boards,20,4999,4978,0,0.20676037198400915,0.10488907195062709,0.09443004164364027,5,-0.06311733275651932,
2026-02-25,buyable_mainboard,5,3080,3073,0,-0.08599805148523917,0.055521913947332226,0.03919109002502797,5,-0.042569469660520554,
2026-02-25,buyable_mainboard,10,3080,3071,0,,0.06750265945081431,0.039913938227446336,5,-0.010025734081864357,
2026-02-25,buyable_mainboard,20,3080,3066,0,0.22270900592547163,0.09976804156964277,0.0882403674262647,5,-0.05431005358695984,
2026-02-26,all_boards,5,5000,4995,0,-0.035524549301620016,0.04765049874682191,0.039712586477014034,5,-0.01784646511077881,
2026-02-26,all_boards,10,5000,4993,0,,0.07352652721402056,0.041705155411370945,5,-0.018296154215931892,
2026-02-26,all_boards,20,5000,4980,0,0.23850830300073997,0.11663509240687261,0.09180172063240424,5,-0.05294858664274216,
2026-02-26,buyable_mainboard,5,3079,3074,0,-0.07956368789367642,0.04389567705594191,0.03578514930459095,5,-0.023020949214696884,
2026-02-26,buyable_mainboard,10,3079,3072,0,,0.06905799337807739,0.03659916264494405,5,-0.025146041065454483,
2026-02-26,buyable_mainboard,20,3079,3065,0,0.23559786340868213,0.10844796286016403,0.08432711222058413,5,-0.06291265040636063,
2026-02-27,all_boards,5,5000,4997,0,0.13719592438288605,0.03756113609502292,0.03379915038106124,5,-0.011222404427826405,
2026-02-27,all_boards,10,5000,4995,0,,0.07211162764779384,0.03877357622437802,5,-0.013863923959434032,
2026-02-27,all_boards,20,5000,4980,0,0.24683727939098044,0.10613083363676273,0.08926086460177526,5,-0.04188597947359085,
2026-02-27,buyable_mainboard,5,3079,3076,0,0.09774098793257127,0.034887795333193125,0.0300467395862085,5,-0.00593839306384325,
2026-02-27,buyable_mainboard,10,3079,3074,0,,0.06650631309603253,0.034023964940932454,5,-0.015527838841080666,
2026-02-27,buyable_mainboard,20,3079,3065,0,0.24043313958361814,0.09857156933587276,0.08206006001733958,5,-0.043134041130542755,
2026-03-02,all_boards,5,4999,4998,0,0.22150747902147996,0.039479626417155106,0.031539912747663816,5,0.010386088863015175,
2026-03-02,all_boards,10,4999,4994,0,,0.06540242641443922,0.03656636176968955,5,0.0235460102558136,
2026-03-02,all_boards,20,4999,4976,0,0.3087431455103292,0.11497723358085607,0.08590087903107532,5,-0.0479624979197979,
2026-03-02,buyable_mainboard,5,3077,3076,0,0.17355594013999567,0.03634908646556817,0.02722113652754985,5,0.0014807581901550293,
2026-03-02,buyable_mainboard,10,3077,3073,0,,0.061516165290935884,0.03298760465645456,5,-0.00022119414643384516,
2026-03-02,buyable_mainboard,20,3077,3062,0,0.2917176595763322,0.10751088741889207,0.07927020084752222,5,-0.0643095076084137,
2026-03-03,all_boards,5,5000,4998,0,0.005451574363262975,0.06691476758796984,0.026660250715885864,5,0.04373056814074516,
2026-03-03,all_boards,10,5000,4993,0,,0.05505088879392547,0.035269736170341855,5,0.04163692146539688,
2026-03-03,all_boards,20,5000,4976,0,0.24360578944533853,0.09832676586335333,0.05727616020609587,5,-0.018820974975824356,
2026-03-03,buyable_mainboard,5,3078,3076,0,0.016597053123647138,0.05911018908638554,0.025353916159955945,5,0.05351851135492325,
2026-03-03,buyable_mainboard,10,3078,3075,0,,0.053056560375986286,0.03512446341873896,5,0.023402834311127663,
2026-03-03,buyable_mainboard,20,3078,3062,0,0.23783197482766488,0.09481838082468316,0.05579529778809692,5,-0.04517623037099838,
2026-03-04,all_boards,5,5004,5002,284,0.05480456452742956,0.040396212956799446,0.023408469158552724,5,0.029661690816283226,0.03347444161772728
2026-03-04,all_boards,10,5004,4997,284,,0.05839442412984042,0.03667984985502397,5,0.06800349056720734,0.025555728003382683
2026-03-04,all_boards,20,5004,4979,284,0.3076401545284183,0.10005935331563812,0.06882335060383556,4,0.07580355554819107,-0.0077652898617088795
2026-03-04,buyable_mainboard,5,3080,3078,150,0.03327604399493797,0.03691200699333154,0.022365401331859682,5,0.0209510400891304,0.02943529188632965
2026-03-04,buyable_mainboard,10,3080,3077,150,,0.05580302401545392,0.036453469353438274,5,0.06235629320144653,0.02570461481809616
2026-03-04,buyable_mainboard,20,3080,3063,150,0.2898304250559454,0.09476697108669446,0.064919281933375,4,-0.03356321156024933,-0.006899198982864618
2026-03-05,all_boards,5,5006,5004,331,0.0076543160832960744,0.04041838552813604,0.023882921185687273,5,0.03794294223189354,0.0268584992736578
2026-03-05,all_boards,10,5006,4998,331,,0.06826293843841624,0.03738125278980618,5,0.05438119173049927,0.0011842556996271014
2026-03-05,all_boards,20,5006,4979,331,0.2975021877300751,0.10677592631669793,0.0652200135244218,4,-0.06010802835226059,-0.01838398352265358
2026-03-05,buyable_mainboard,5,3081,3079,182,-0.03836963494068332,0.03835347122730467,0.023118729050596237,5,0.030965033918619156,0.024702860042452812
2026-03-05,buyable_mainboard,10,3081,3077,182,,0.06654277020828034,0.03786367389614067,5,0.06942326575517654,0.004312439355999231
2026-03-05,buyable_mainboard,20,3081,3062,182,0.2788612320486345,0.10001646556882747,0.06144810886667662,4,-0.031135382130742073,-0.013021744787693024
2026-03-06,all_boards,5,5007,5005,3,-0.03454711323458744,0.03729108715257846,0.01996325422792365,5,0.0399886891245842,0.06784313172101974
2026-03-06,all_boards,10,5007,4998,3,,0.088782307609657,0.038195626676394374,4,-0.059774890542030334,-0.06055957451462746
2026-03-06,all_boards,20,5007,4979,3,0.17978253204481132,0.11731717590306213,0.07178252042372743,4,-0.05975610390305519,-0.08284083008766174
2026-03-06,buyable_mainboard,5,3082,3080,2,-0.02912689008431955,0.036020155344122444,0.01987057382747833,5,0.03129372000694275,0.1071082130074501
2026-03-06,buyable_mainboard,10,3082,3077,2,,0.08777466895915656,0.03967269945584412,4,-0.06224038451910019,-0.036004647612571716
2026-03-06,buyable_mainboard,20,3082,3062,2,0.2080248599877764,0.11269003303993413,0.06949498419222687,4,-0.07394188642501831,-0.002322880318388343
2026-03-09,all_boards,5,5008,5004,3,0.007657827089347471,0.03911551765342701,0.023682916464027395,5,0.050137508660554886,0.0802655890583992
2026-03-09,all_boards,10,5008,4998,3,,0.13814458259488546,0.08028964957312956,4,-0.11966577172279358,-0.1418544054031372
2026-03-09,all_boards,20,5008,4976,3,0.25560506055134136,0.11278115361352598,0.07933134621296295,4,-0.009876399300992489,0.008976951241493225
2026-03-09,buyable_mainboard,5,3083,3080,1,0.010734352548086037,0.03768662190436389,0.02317499974451489,5,0.06486313045024872,0.2744629979133606
2026-03-09,buyable_mainboard,10,3083,3077,1,,0.1317620204220035,0.07486312643591818,4,-0.09882333129644394,
2026-03-09,buyable_mainboard,20,3083,3061,1,0.24064173165713476,0.10619530046982649,0.0735777549515126,4,-0.07767719030380249,
2026-03-10,all_boards,5,5008,5003,0,0.046992417726878226,0.04850574714996713,0.027598052001360347,5,-0.05034290999174118,
2026-03-10,all_boards,10,5008,4997,0,,0.12030351447491552,0.09123650428820515,5,-0.10291361808776855,
2026-03-10,all_boards,20,5008,4977,0,0.1604442096440186,0.08603275696475314,0.08725038739689425,5,-0.045652978122234344,
2026-03-10,buyable_mainboard,5,3082,3081,0,0.03492315046202429,0.04366328759981593,0.02499237113762918,5,-0.005194334778934717,
2026-03-10,buyable_mainboard,10,3082,3077,0,,0.11262583126180249,0.08309576891022032,5,-0.040082015097141266,
2026-03-10,buyable_mainboard,20,3082,3062,0,0.17529213153616371,0.0811527034399286,0.07920141046071591,5,-0.011673256754875183,
2026-03-11,all_boards,5,5012,5007,0,0.1066492548787973,0.036803788811516025,0.02584390628600426,5,0.00865697581321001,
2026-03-11,all_boards,10,5012,5001,0,,0.10228880699896561,0.08761321210965982,5,-0.042097847908735275,
2026-03-11,all_boards,20,5012,4981,0,0.11318083057520904,0.10080438603907023,0.08405925431029601,5,-0.028063753619790077,
2026-03-11,buyable_mainboard,5,3085,3084,0,0.09529872461524229,0.03465112708670869,0.024480282724910544,5,-0.017529504373669624,
2026-03-11,buyable_mainboard,10,3085,3080,0,,0.09608757238810324,0.08105959866823836,5,-0.06340618431568146,
2026-03-11,buyable_mainboard,20,3085,3065,0,0.14631135891597105,0.09611922101205177,0.07739955322717974,5,-0.06942444294691086,
2026-03-12,all_boards,5,5014,5008,0,0.2021713725711332,0.043357970132814755,0.02698258213952303,5,-0.025988221168518066,
2026-03-12,all_boards,10,5014,5001,0,,0.10575110624739338,0.0795309727532952,5,-0.0667773112654686,
2026-03-12,all_boards,20,5014,4983,0,0.1285892754667121,0.09258672272658591,0.07637114587079745,5,0.014967501163482666,
2026-03-12,buyable_mainboard,5,3086,3084,0,0.20080101352375185,0.04236678646827288,0.027355858478605805,5,0.007767891976982355,
2026-03-12,buyable_mainboard,10,3086,3079,0,,0.0997862600221391,0.07515071074316884,5,-0.0031271190382540226,
2026-03-12,buyable_mainboard,20,3086,3066,0,0.1818554969604953,0.0897638444461665,0.07197251597986641,5,0.03676933795213699,
2026-03-13,all_boards,5,5016,5009,0,0.10890992650519525,0.05774420592568154,0.03386641885269527,5,-0.06724385172128677,
2026-03-13,all_boards,10,5016,5001,0,,0.08975905352943707,0.0742425701784324,5,-0.055080514401197433,
2026-03-13,all_boards,20,5016,4983,0,0.03178533730393728,0.0913771291697905,0.07040425758406274,5,-0.032233916223049164,
2026-03-13,buyable_mainboard,5,3088,3085,0,0.1424772178081022,0.0565525763558809,0.03412338584273794,5,-0.07910464704036713,
2026-03-13,buyable_mainboard,10,3088,3079,0,,0.08616215417785032,0.07066858143581244,5,-0.07711419463157654,
2026-03-13,buyable_mainboard,20,3088,3066,0,0.08416828217388277,0.08840255327817718,0.06708416337286911,5,-0.0326332189142704,
2026-03-16,all_boards,5,5014,5008,0,-0.065567046729394,0.10328059905123693,0.08155307880151763,5,-0.15032118558883667,
2026-03-16,all_boards,10,5014,4996,0,,0.08918521266736068,0.07723410608462675,5,-0.047552019357681274,
2026-03-16,all_boards,20,5014,4982,0,-0.05873403624313887,0.0877485811277007,0.07203332353407277,5,-0.04769715666770935,
2026-03-16,buyable_mainboard,5,3087,3084,0,-0.06560751556827815,0.09817511720735024,0.07767346275304796,5,-0.1282714307308197,
2026-03-16,buyable_mainboard,10,3087,3076,0,,0.08312626033938142,0.07166701029131603,5,-0.024195851758122444,
2026-03-16,buyable_mainboard,20,3087,3065,0,-0.014164407813490841,0.08459688537891467,0.06675891575558696,5,-0.021950896829366684,
2026-03-17,all_boards,5,5011,5005,22,-0.05919922136086707,0.0639154695192489,0.06655425907439179,5,-0.052979715168476105,-0.04050690308213234
2026-03-17,all_boards,10,5011,4994,22,,0.08813910082278745,0.06271150095625949,5,0.00483429292216897,-0.017634369432926178
2026-03-17,all_boards,20,5011,4980,22,-0.015850744173815944,0.09290834117268955,0.0570592212955742,5,0.0919756144285202,-0.006689447443932295
2026-03-17,buyable_mainboard,5,3087,3083,15,-0.05159586968041099,0.06253110384713309,0.06593409413614806,5,-0.06535173952579498,-0.029627451673150063
2026-03-17,buyable_mainboard,10,3087,3074,15,,0.08380720961711276,0.05995037495227553,5,0.010995748452842236,0.008335348218679428
2026-03-17,buyable_mainboard,20,3087,3065,15,0.012775250186815683,0.09119955360982475,0.054707277666146296,5,0.0427059568464756,-0.0055249775759875774
2026-03-18,all_boards,5,5012,5006,1038,-0.12060889198318667,0.0621472658621822,0.06569442310825195,5,-0.012868329882621765,-0.04529326781630516
2026-03-18,all_boards,10,5012,4994,1038,,0.07478066868304349,0.060686230160756506,5,-0.02313373237848282,-0.026954201981425285
2026-03-18,all_boards,20,5012,4981,1038,-0.0343936986496587,0.09038555022809044,0.055052244699364365,5,-0.031284257769584656,-0.0076265716925263405
2026-03-18,buyable_mainboard,5,3087,3083,612,-0.10699157007164536,0.05905370672377739,0.06289493668939457,5,-0.019619813188910484,-0.040442489087581635
2026-03-18,buyable_mainboard,10,3087,3073,612,,0.07042346821678892,0.055952050251108644,5,0.023753713816404343,-0.02535204030573368
2026-03-18,buyable_mainboard,20,3087,3065,612,-0.010682319703873693,0.08777137934665818,0.05095124063527206,5,0.007355853915214539,-0.014175035059452057
2026-03-19,all_boards,5,5015,5008,3014,-0.08907978383323889,0.061645127671442077,0.052364149946319605,5,-0.07710013538599014,-0.04223349317908287
2026-03-19,all_boards,10,5015,4996,3014,,0.08118370092292894,0.05237401999205872,5,-0.07497955113649368,-0.02929627150297165
2026-03-19,all_boards,20,5015,4982,3014,0.13226163987247236,0.09651197843693775,0.04495422141878561,5,-0.015656042844057083,0.020054655149579048
2026-03-19,buyable_mainboard,5,3088,3083,1746,-0.09446184890950689,0.055653191203737004,0.04844937036330488,5,-0.048485830426216125,-0.033946625888347626
2026-03-19,buyable_mainboard,10,3088,3073,1746,,0.07357636748861816,0.04623938991996064,5,-0.0583764910697937,-0.02340272068977356
2026-03-19,buyable_mainboard,20,3088,3065,1746,0.1366958696343891,0.09407904136927447,0.040231727927797035,5,-0.08478744328022003,0.010610584169626236
2026-03-20,all_boards,5,5018,5010,3182,-0.02260717045778493,0.03838390538682966,0.020303033670983208,5,0.02738030254840851,0.020383400842547417
2026-03-20,all_boards,10,5018,4999,3182,,0.07047224060741397,0.024873087742418025,5,-0.03440406918525696,-0.0076605030335485935
2026-03-20,all_boards,20,5018,4979,3182,0.23264979210938116,0.08732451668398507,0.02700620908339667,5,0.0914473682641983,0.07910822331905365
2026-03-20,buyable_mainboard,5,3089,3083,1822,-0.008929307631458603,0.03839566240342572,0.020238004524836466,5,0.0223032645881176,0.025230640545487404
2026-03-20,buyable_mainboard,10,3089,3074,1822,,0.06563073384565125,0.023329219491807242,5,-0.04918839409947395,-0.006340473890304565
2026-03-20,buyable_mainboard,20,3089,3064,1822,0.2519802165926878,0.08284762368990678,0.02782347154703858,5,0.02809181809425354,0.06707969307899475
2026-03-23,all_boards,5,5019,5007,4348,0.17465522646249648,0.04948730420865763,0.022838998849081738,5,0.03885916620492935,0.041378963738679886
2026-03-23,all_boards,10,5019,4997,4348,,0.05991240642502991,0.03173415283974978,5,-0.01368320919573307,0.02200269140303135
2026-03-23,all_boards,20,5019,4978,4348,0.25372452663557943,0.091964191284739,0.04190872419772635,5,0.10350114107131958,0.09409909695386887
2026-03-23,buyable_mainboard,5,3089,3081,2565,0.22665797881139846,0.051261247792601876,0.02270821984640336,5,0.053478170186281204,0.0455048568546772
2026-03-23,buyable_mainboard,10,3089,3073,2565,,0.05659941034876058,0.032102727548760784,5,0.0009782593697309494,0.023420600220561028
2026-03-23,buyable_mainboard,20,3089,3063,2565,0.26463734871998323,0.08694626355311716,0.042999697573235476,5,0.11199275404214859,0.08130690455436707
2026-03-24,all_boards,5,5018,5007,3724,0.21575618837030025,0.038660708818570005,0.025087788271623383,5,0.04585703834891319,0.006334129720926285
2026-03-24,all_boards,10,5018,4998,3724,,0.052764800297398134,0.03317032909758334,5,0.09724340587854385,0.04201551899313927
2026-03-24,all_boards,20,5018,4976,3724,0.2181974002688124,0.09316351644252921,0.03997779456254441,5,0.15741796791553497,0.07694394886493683
2026-03-24,buyable_mainboard,5,3089,3080,2151,0.199706570527219,0.03834809242992635,0.025768214329031668,5,0.013885563239455223,0.011494005098938942
2026-03-24,buyable_mainboard,10,3089,3074,2151,,0.04990089838831577,0.03385397195548487,5,0.06918668001890182,0.03673848509788513
2026-03-24,buyable_mainboard,20,3089,3060,2151,0.22095435960937004,0.08748590931247245,0.0414798193743866,5,0.11868830025196075,0.0604545995593071
2026-03-25,all_boards,5,5018,5006,3528,0.1833241849227482,0.03748310052625832,0.019139315179478998,5,0.048242684453725815,0.011103545315563679
2026-03-25,all_boards,10,5018,4998,3528,,0.05918748012978793,0.0318015678032864,5,0.06542669236660004,0.01565314270555973
2026-03-25,all_boards,20,5018,4972,3528,0.14997398304954576,0.09575799356940787,0.035430830350053864,5,0.11441738903522491,0.04701809212565422
2026-03-25,buyable_mainboard,5,3089,3079,2021,0.17473170368686253,0.03592891325250908,0.019598369927332143,5,0.04288465529680252,0.010119018144905567
2026-03-25,buyable_mainboard,10,3089,3074,2021,,0.05859062899063993,0.032541594529677004,5,0.05697896331548691,0.010118091478943825
2026-03-25,buyable_mainboard,20,3089,3057,2021,0.14388100535729803,0.09212461579418324,0.03691782639304119,5,0.09009794145822525,0.03171136975288391
2026-03-26,all_boards,5,5017,5005,4236,0.13678119730387328,0.0413080252984742,0.031239010118128196,5,0.08523785322904587,0.01995053142309189
2026-03-26,all_boards,10,5017,4999,4236,,0.060337580253384766,0.0359499602868575,5,0.11631232500076294,0.05279598385095596
2026-03-26,all_boards,20,5017,4968,4236,0.2219388256494689,0.0963420991958549,0.04515998373737709,5,0.1369234025478363,0.0727824717760086
2026-03-26,buyable_mainboard,5,3088,3078,2506,0.1361978055300171,0.03974277371704533,0.03060042784656563,5,0.07385481894016266,0.017570581287145615
2026-03-26,buyable_mainboard,10,3088,3075,2506,,0.056299412696583985,0.036443214963767644,5,0.11528082937002182,0.04264117777347565
2026-03-26,buyable_mainboard,20,3088,3053,2506,0.23227884119936565,0.09216293529702246,0.045093745450373424,5,0.13144415616989136,0.05509527772665024
2026-03-27,all_boards,5,5015,5004,3297,0.049440034143203165,0.0480215713255993,0.028303069980426764,5,-0.004345098044723272,-0.019415944814682007
2026-03-27,all_boards,10,5015,4997,3297,,0.055426284877775615,0.032982026586809626,5,0.06149958446621895,0.03615104779601097
2026-03-27,all_boards,20,5015,4960,3297,0.18485875072704647,0.09706284602160418,0.040996997603752305,5,0.18579666316509247,0.06657972931861877
2026-03-27,buyable_mainboard,5,3086,3077,1872,0.08018871325480074,0.04735591755242357,0.02855372699558829,5,-0.004345098044723272,-0.021972883492708206
2026-03-27,buyable_mainboard,10,3086,3073,1872,,0.0528624572046685,0.03439306494026756,5,0.06149958446621895,0.028135960921645164
2026-03-27,buyable_mainboard,20,3086,3046,1872,0.1844301172183729,0.0911033998512688,0.041993707018984826,5,0.18579666316509247,0.04676258936524391
2026-03-30,all_boards,5,5010,5000,2974,0.01098135881472863,0.04064803899701599,0.025483609348807713,5,-0.0005308270337991416,-0.02047707699239254
2026-03-30,all_boards,10,5010,4996,2974,,0.05655545805171507,0.028208640649457183,5,0.07675989717245102,0.03209014981985092
2026-03-30,all_boards,20,5010,4945,2974,0.12276012663892781,0.10092783645048427,0.03479296211614842,5,0.08964285254478455,0.04244176670908928
2026-03-30,buyable_mainboard,5,3083,3075,1559,-0.0028903220966976216,0.03923186994539527,0.026040181934847927,5,8.892640471458435e-05,-0.0236967746168375
2026-03-30,buyable_mainboard,10,3083,3072,1559,,0.0535608937966404,0.028972593424256954,5,0.08134246617555618,0.01842726208269596
2026-03-30,buyable_mainboard,20,3083,3035,1559,0.0987673088082746,0.0951115513376839,0.03535587101920258,5,0.11663849651813507,0.025793395936489105
2026-03-31,all_boards,5,5008,4999,4505,,0.03435942857098543,0.027622291825379765,5,0.0047675915993750095,0.016897376626729965
2026-03-31,all_boards,10,5008,4994,4505,-0.025825819370199996,0.05596546795935996,0.02517712227720172,5,0.0160493366420269,0.02219262532889843
2026-03-31,all_boards,20,5008,4908,4505,0.13004500122318255,0.09908408127437583,0.03175451577558748,5,0.03450966626405716,0.04774222895503044
2026-03-31,buyable_mainboard,5,3081,3075,2703,,0.031434658354895735,0.028236374349536318,5,0.0047675915993750095,0.008454778231680393
2026-03-31,buyable_mainboard,10,3081,3072,2703,-0.03272924171174329,0.053112396183138566,0.025757824132930984,5,0.0160493366420269,0.010378372855484486
2026-03-31,buyable_mainboard,20,3081,3005,2703,0.11196235700475342,0.09218728627433091,0.03186697902939522,5,0.03450966626405716,0.03255552053451538
2026-04-01,all_boards,5,5011,5003,4463,,0.03901012967601919,0.0223317266254706,5,-0.028518546372652054,0.006948222406208515
2026-04-01,all_boards,10,5011,4998,4463,-0.04210387530525286,0.056591392680079705,0.02027424797649844,5,-0.00216487655416131,0.03840796649456024
2026-04-01,all_boards,20,5011,4875,4463,0.15739130132926943,0.10074299937024,0.028890198440133352,4,0.03347187861800194,0.0555553063750267
2026-04-01,buyable_mainboard,5,3082,3077,2681,,0.03766353964342964,0.022355146194792473,5,-0.028518546372652054,0.001690356177277863
2026-04-01,buyable_mainboard,10,3082,3074,2681,-0.045456582830241954,0.05139829651510352,0.020720690033306295,5,-0.00216487655416131,0.026342986151576042
2026-04-01,buyable_mainboard,20,3082,2981,2681,0.1506944417723974,0.0919816752104637,0.028817429678153574,4,0.03347187861800194,0.03867623582482338
2026-04-02,all_boards,5,5012,5006,4640,,0.04105401851915089,0.017131171854502594,5,0.03139279782772064,0.02850758098065853
2026-04-02,all_boards,10,5012,4998,4640,-0.03396713082247133,0.06896967381214801,0.020266008516932898,5,0.02659299038350582,0.05359083414077759
2026-04-02,all_boards,20,5012,4872,4640,0.21250308170807997,0.10930828673992478,0.03268204621033612,4,0.0672541931271553,0.08649380505084991
2026-04-02,buyable_mainboard,5,3083,3080,2806,,0.03701545976737904,0.017353856172870673,5,0.03139279782772064,0.020692816004157066
2026-04-02,buyable_mainboard,10,3083,3075,2806,-0.03222417309118968,0.06092418225809216,0.020124735089634457,5,0.02659299038350582,0.03774268180131912
2026-04-02,buyable_mainboard,20,3083,2980,2806,0.2092365002923085,0.09729877727547807,0.03123914438872234,4,0.0672541931271553,0.06544869393110275
2026-04-03,all_boards,5,5015,5008,4990,,0.05442631062907998,0.026683643835329163,5,0.05556027218699455,0.05143912509083748
2026-04-03,all_boards,10,5015,4995,4990,-0.0323994170938685,0.07920552841603212,0.0386477780737581,5,0.07486431300640106,0.08368109166622162
2026-04-03,all_boards,20,5015,4876,4990,0.2511930277543947,0.11774572413501856,0.04640112981472968,4,0.12073062360286713,0.12251473218202591
2026-04-03,buyable_mainboard,5,3083,3079,3071,,0.04925452711832539,0.02635664064107113,5,0.04407171159982681,0.044824447482824326
2026-04-03,buyable_mainboard,10,3083,3073,3071,-0.027576523720278866,0.06926549744716641,0.03756772627975814,5,0.05772861838340759,0.06908538937568665
2026-04-03,buyable_mainboard,20,3083,2981,3071,0.27042153374263456,0.10307034473146401,0.044900174568265755,4,0.08069010078907013,0.09777667373418808
2026-04-07,all_boards,5,5011,5007,4929,,0.0442755707209825,0.02553260899196468,5,0.025152210146188736,0.0316585972905159
2026-04-07,all_boards,10,5011,4992,4929,-0.031151042747125657,0.0660127349379529,0.03664546114500043,5,-0.020461460575461388,0.05002019554376602
2026-04-07,all_boards,20,5011,4874,4929,0.21504559425312608,0.11180966416547657,0.04214837044949876,3,-0.004311679396778345,0.09947556257247925
2026-04-07,buyable_mainboard,5,3081,3078,3021,,0.03986578273271131,0.024757778186770656,5,0.025152210146188736,0.023952215909957886
2026-04-07,buyable_mainboard,10,3081,3071,3021,-0.030746902728001062,0.0605357032568141,0.03444618420911943,5,-0.020461460575461388,0.03901904448866844
2026-04-07,buyable_mainboard,20,3081,2980,3021,0.22729856060528017,0.10142237753833654,0.04002123127088352,3,-0.004311679396778345,0.07821997255086899
2026-04-08,all_boards,5,5011,5006,4771,,0.03774419570488298,0.02079816746401473,5,-0.003165940986946225,0.013276547193527222
2026-04-08,all_boards,10,5011,4989,4771,-0.03233117667540659,0.0663895844535571,0.030799120623528835,5,0.007946426048874855,0.04186131805181503
2026-04-08,all_boards,20,5011,4873,4771,0.17025689053038895,0.11534730232246689,0.038831804233608665,3,0.1327892541885376,0.09898310154676437
2026-04-08,buyable_mainboard,5,3081,3078,2866,,0.036455257800122584,0.02079020945486428,5,-0.003165940986946225,0.008497393690049648
2026-04-08,buyable_mainboard,10,3081,3067,2866,-0.035650315718171025,0.06188025333358462,0.029621016401741588,5,0.007946426048874855,0.031157612800598145
2026-04-08,buyable_mainboard,20,3081,2979,2866,0.18325131701749253,0.10470497212533424,0.03746656153998217,3,0.1327892541885376,0.07673613727092743
2026-04-09,all_boards,5,5014,5009,5002,,0.03537236940234471,0.02290367160136662,5,-0.0009380780393257737,0.025587404146790504
2026-04-09,all_boards,10,5014,4988,5002,-0.035392923483661486,0.06140249845724593,0.03028544699852905,5,-0.08855811506509781,0.026570115238428116
2026-04-09,all_boards,20,5014,4872,5002,0.13457152478478482,0.11475578616170427,0.039577135195071514,3,0.010423506610095501,0.08261722326278687
2026-04-09,buyable_mainboard,5,3082,3079,3074,,0.03262465772553027,0.02285232712087189,5,-0.0009380780393257737,0.019477395340800285
2026-04-09,buyable_mainboard,10,3082,3065,3074,-0.04158315920822795,0.058371170637808494,0.02904744429866242,5,-0.08855811506509781,0.020138315856456757
2026-04-09,buyable_mainboard,20,3082,2979,3074,0.1387118880834544,0.10647969352587028,0.0383781669348013,3,0.010423506610095501,0.06070254370570183
2026-04-10,all_boards,5,5016,5008,5011,,0.04165709979183263,0.023360371054696027,5,-0.05505825951695442,0.028775257989764214
2026-04-10,all_boards,10,5016,4985,5011,-0.024735079921383064,0.06180150648721127,0.031685293837921805,5,-0.11609606444835663,0.023834064602851868
2026-04-10,all_boards,20,5016,4873,5011,0.17304945672524435,0.12143237523576933,0.040153343892329274,3,-0.025693314149975777,0.09602116048336029
2026-04-10,buyable_mainboard,5,3083,3078,3079,,0.03786141389552178,0.02311353210051819,5,-0.05505825951695442,0.020421629771590233
2026-04-10,buyable_mainboard,10,3083,3061,3079,-0.029139056860255377,0.05783634287389968,0.029932671514775914,5,-0.11609606444835663,0.01706642471253872
2026-04-10,buyable_mainboard,20,3083,2980,3079,0.18154102483353607,0.11083259168160127,0.03810377303841299,3,-0.025693314149975777,0.0713912695646286
2026-04-13,all_boards,5,5017,5004,5017,,0.03829460442193629,0.019927795273357148,5,-0.04009762778878212,0.023209121078252792
2026-04-13,all_boards,10,5017,4980,5017,0.019099159800608154,0.06320779151436873,0.02793886644116249,5,-0.02204003371298313,0.019264718517661095
2026-04-13,all_boards,20,5017,4874,5017,0.20121837116299707,0.1221558929559191,0.03591672961291453,2,0.1400926411151886,0.06337661296129227
2026-04-13,buyable_mainboard,5,3082,3076,3082,,0.03605196683078149,0.01988546673889062,5,-0.04009762778878212,0.016489466652274132
2026-04-13,buyable_mainboard,10,3082,3055,3082,0.008163776687200412,0.0599813658335652,0.02716306148848806,5,-0.02204003371298313,0.010309080593287945
2026-04-13,buyable_mainboard,20,3082,2979,3082,0.17149409984518676,0.11452278537151446,0.03444397295992734,2,0.1400926411151886,0.040990348905324936
2026-04-14,all_boards,5,5019,5004,5019,,0.038594117892270234,0.019275731647761227,5,-0.031918689608573914,0.013374479487538338
2026-04-14,all_boards,10,5019,4968,5019,0.020937511011494363,0.07037600430414356,0.0310954373653759,4,-0.04799787700176239,0.002457641065120697
2026-04-14,all_boards,20,5019,4877,5019,0.17004401459750468,0.12569150495904358,0.03782431794669982,3,0.020358050242066383,0.049235571175813675
2026-04-14,buyable_mainboard,5,3083,3076,3083,,0.03741067965030853,0.019499477664973106,5,-0.031918689608573914,0.010586285963654518
2026-04-14,buyable_mainboard,10,3083,3046,3083,0.009765306018209794,0.06612412555533392,0.029667225777400223,4,-0.04799787700176239,-0.00030134417465887964
2026-04-14,buyable_mainboard,20,3083,2981,3083,0.14909124902003612,0.11971718849112396,0.03643947108528832,3,0.020358050242066383,0.027646256610751152
2026-04-15,all_boards,5,5019,5002,5019,,0.043774578523730505,0.023229916360811002,5,-0.03439623862504959,0.025404633954167366
2026-04-15,all_boards,10,5019,4933,5019,0.09174270513074108,0.06853751317438608,0.03272801428614934,3,-0.034058887511491776,0.022338280454277992
2026-04-15,all_boards,20,5019,4879,5019,0.23008314573483027,0.12657237140100688,0.04152374638421075,0,,0.05752221494913101
2026-04-15,buyable_mainboard,5,3084,3073,3084,,0.040836858063768834,0.022868257198292767,5,-0.03439623862504959,0.019438190385699272
2026-04-15,buyable_mainboard,10,3084,3017,3084,0.11009404917352753,0.06345290833271629,0.03069163369678765,3,-0.034058887511491776,0.019637517631053925
2026-04-15,buyable_mainboard,20,3084,2982,3084,0.2222297483087633,0.11824285311619293,0.04047309501916716,0,,0.03225432336330414
2026-04-16,all_boards,5,5021,5000,5021,,0.04516581048015679,0.022126805610170247,5,-0.04700576514005661,0.002626399975270033
2026-04-16,all_boards,10,5021,4896,5021,0.0653768946811456,0.06935609543082813,0.0337733034882261,0,,0.0159530658274889
2026-04-16,all_boards,20,5021,4877,5021,0.174644102233339,0.1272195998398068,0.041530604405712525,0,,0.055232830345630646
2026-04-16,buyable_mainboard,5,3085,3071,3085,,0.04345702232975095,0.02163655561140916,5,-0.04700576514005661,0.0017369939014315605
2026-04-16,buyable_mainboard,10,3085,2990,3085,0.06929403125212555,0.0647340176177581,0.03154572213534023,0,,0.011445131152868271
2026-04-16,buyable_mainboard,20,3085,2979,3085,0.15772343729664617,0.1184732611007183,0.041056404323870116,0,,0.028631573542952538
2026-04-17,all_boards,5,5021,4998,5004,,0.04505051015097971,0.024769824571308233,5,-0.01706874556839466,-0.00506893265992403
2026-04-17,all_boards,10,5021,4894,5004,0.08388731249336621,0.06986112677871853,0.033297376988411016,1,0.018711019307374954,0.02794821374118328
2026-04-17,all_boards,20,5021,4879,5004,0.12299701102766085,0.12721435336532033,0.04196585570111813,1,0.014553014189004898,0.04496567323803902
2026-04-17,buyable_mainboard,5,3085,3068,3075,,0.04172110331079275,0.023697245472035396,5,-0.01706874556839466,-0.0038917455822229385
2026-04-17,buyable_mainboard,10,3085,2989,3075,0.09993621969456899,0.06448601016558278,0.031203190171859407,1,0.018711019307374954,0.022826792672276497
2026-04-17,buyable_mainboard,20,3085,2980,3075,0.13020528396695968,0.11598016786991622,0.041789324163524474,1,0.014553014189004898,0.01703796163201332
2026-04-20,all_boards,5,5015,4991,1667,,0.04659325601561199,0.027403585863567857,5,-0.07357677072286606,0.0012322411639615893
2026-04-20,all_boards,10,5015,4895,1667,0.12773944823262207,0.0709499144687201,0.033408566266197655,3,0.011528398841619492,0.028501003980636597
2026-04-20,all_boards,20,5015,4880,1667,0.0016831438796210435,0.12520059448520302,0.04530608608633093,3,-0.04976598918437958,-0.0029033920727670193
2026-04-20,buyable_mainboard,5,3082,3061,955,,0.043431139784543,0.02600272277930286,5,-0.08462529629468918,0.0001878788898466155
2026-04-20,buyable_mainboard,10,3082,2989,955,0.128878830622607,0.06442334567552838,0.03138137808497638,3,0.0029483300168067217,0.02308311127126217
2026-04-20,buyable_mainboard,20,3082,2980,955,0.027389152066707265,0.11713030236536501,0.04540611067635483,3,-0.06327781081199646,-0.017282485961914062
2026-04-21,all_boards,5,5018,4982,237,,0.05097515600637409,0.027858826235032216,5,-0.023387214168906212,0.002104284707456827
2026-04-21,all_boards,10,5018,4899,237,-0.02740471273360045,0.0719475831759894,0.030478214858298828,5,-0.03016241267323494,0.048738062381744385
2026-04-21,all_boards,20,5018,4885,237,0.030736270589019565,0.12809851650312645,0.044978400897211175,5,-0.04846969246864319,0.029809333384037018
2026-04-21,buyable_mainboard,5,3085,3055,152,,0.047293393550254595,0.026308758662157147,5,-0.02563454583287239,0.0044174292124807835
2026-04-21,buyable_mainboard,10,3085,2993,152,-0.03187157300832065,0.06468711823137799,0.028843854156331603,5,-0.028348376974463463,0.04362257197499275
2026-04-21,buyable_mainboard,20,3085,2984,152,0.04322339949474925,0.11623711969233644,0.045312638273132456,5,-0.04760591685771942,0.021980883553624153
2026-04-22,all_boards,5,5016,4946,14,,0.05042625906736257,0.0316063528778039,5,-0.020139232277870178,-0.018121769651770592
2026-04-22,all_boards,10,5016,4898,14,-0.019432212579846078,0.07527938929775559,0.030109133006084473,5,-0.03592660278081894,0.009903195314109325
2026-04-22,all_boards,20,5016,4885,14,-0.0811939153765396,0.13050386548313708,0.04545361143268836,5,-0.054662514477968216,-0.010953656397759914
2026-04-22,buyable_mainboard,5,3081,3025,12,,0.046318975405656264,0.028483246088448683,5,-0.020139232277870178,-0.023093052208423615
2026-04-22,buyable_mainboard,10,3081,2992,12,-0.021456453705428025,0.06758874367957933,0.02881596398790454,5,-0.03592660278081894,0.001149341813288629
2026-04-22,buyable_mainboard,20,3081,2984,12,-0.02555533763814952,0.11759095043724843,0.045831883822829045,5,-0.054662514477968216,-0.021719569340348244
2026-04-23,all_boards,5,5015,4908,2348,,0.05181454619271986,0.02613539930994034,5,-0.016253557056188583,0.01288666296750307
2026-04-23,all_boards,10,5015,4895,2348,-0.024579421434222145,0.0816007877504298,0.029405598616335446,5,-0.003063539043068886,0.033443525433540344
2026-04-23,all_boards,20,5015,4885,2348,-0.08842737346021279,0.13598153203362695,0.04706555316702141,5,-0.028633857145905495,-0.0065412684343755245
2026-04-23,buyable_mainboard,5,3081,2998,1603,,0.048551291949494556,0.025110324930003845,5,-0.016253557056188583,0.011518525891005993
2026-04-23,buyable_mainboard,10,3081,2992,1603,-0.021371146491323018,0.07180110926757508,0.028533743190970295,5,-0.003063539043068886,0.02606905624270439
2026-04-23,buyable_mainboard,20,3081,2985,1603,-0.03874392157808853,0.12416736155083988,0.04683737230257892,5,-0.028633857145905495,-0.01550449151545763
2026-04-24,all_boards,5,5017,4910,2426,,0.0523307355470318,0.023542404310848263,4,-0.01843627169728279,0.023632006719708443
2026-04-24,all_boards,10,5017,4901,2426,-0.034366750382306806,0.0868902557705042,0.029538465259366195,4,0.016496289521455765,0.0411263108253479
2026-04-24,all_boards,20,5017,4891,2426,-0.09941965276133335,0.13987931421743718,0.049622215832667495,4,-0.027701828628778458,-0.023474829271435738
2026-04-24,buyable_mainboard,5,3080,2999,1639,,0.047800378119722715,0.022843557384863385,4,-0.01843627169728279,0.020796069875359535
2026-04-24,buyable_mainboard,10,3080,2996,1639,-0.02759908295055962,0.07585061256644367,0.02842858117533008,4,0.016496289521455765,0.0326114296913147
2026-04-24,buyable_mainboard,20,3080,2989,1639,-0.06609247230479469,0.13165065877859167,0.04956215535762726,4,-0.027701828628778458,-0.03126322850584984
2026-04-27,all_boards,5,5012,4914,103,,0.0524703844107187,0.022200310318177627,4,-0.033454183489084244,0.016099069267511368
2026-04-27,all_boards,10,5012,4904,103,-0.018561817924160062,0.07877100680742365,0.02859459553377387,4,-0.0052193826995790005,0.011066111735999584
2026-04-27,all_boards,20,5012,4895,103,-0.1357971451935649,0.1399663480195056,0.05188952446781314,4,-0.028365274891257286,-0.046101849526166916
2026-04-27,buyable_mainboard,5,3074,3001,76,,0.04730840725064704,0.022087900289480898,4,-0.033454183489084244,0.014310861006379128
2026-04-27,buyable_mainboard,10,3074,2997,76,-0.01682227907563721,0.07070229213113638,0.02818487438662532,4,-0.0052193826995790005,0.008830331265926361
2026-04-27,buyable_mainboard,20,3074,2991,76,-0.09301927369464233,0.12996650771925558,0.05199459447931473,4,-0.028365274891257286,-0.055231958627700806
2026-04-28,all_boards,5,4999,4913,228,,0.06554363727848196,0.02617598290556454,5,-0.009627985768020153,0.0377560555934906
2026-04-28,all_boards,10,4999,4905,228,-0.022687980820061095,0.08226122578898624,0.03478307141960803,5,0.019630247727036476,0.01415938325226307
2026-04-28,all_boards,20,4999,4896,228,-0.12579250477571974,0.13603462983377118,0.05345192208032889,5,0.00870998203754425,-0.044512003660202026
2026-04-28,buyable_mainboard,5,3065,3001,177,,0.057709780897056105,0.026233769657855236,5,-0.006710353307425976,0.03269551694393158
2026-04-28,buyable_mainboard,10,3065,2998,177,-0.018435704431792658,0.07299086493272032,0.03251854106326055,5,0.03093051351606846,0.00849238596856594
2026-04-28,buyable_mainboard,20,3065,2992,177,-0.06701734848299844,0.1275210665238045,0.05284305761612851,5,0.011099642142653465,-0.04731413349509239
2026-04-29,all_boards,5,4962,4913,136,,0.06242762622079088,0.02444931340560736,5,-0.0007404688512906432,0.0241621732711792
2026-04-29,all_boards,10,4962,4907,136,-0.016564167858223885,0.08405184724290617,0.03477090817339598,5,-0.011064375750720501,-0.010432036593556404
2026-04-29,all_boards,20,4962,4895,136,-0.06739260774097978,0.12642089668704243,0.05901587113492254,5,-0.02856561169028282,-0.03914457932114601
2026-04-29,buyable_mainboard,5,3035,3001,105,,0.052998483634177536,0.0238539677182119,5,-6.226450295798713e-06,0.016401950269937515
2026-04-29,buyable_mainboard,10,3035,2999,105,-0.008565403633720796,0.07754484308257534,0.033192670222131446,5,-0.01427057571709156,-0.013736015185713768
2026-04-29,buyable_mainboard,20,3035,2991,105,-0.009596913489951418,0.11943349365829992,0.05854401820310219,5,-0.020200183615088463,-0.037613093852996826
2026-04-30,all_boards,5,4927,4914,150,,0.05296600571725469,0.02464229551387493,5,-0.010795807465910912,0.002666795626282692
2026-04-30,all_boards,10,4927,4908,150,-0.011678125732095956,0.0821666480983906,0.03465709298458052,5,-0.048367686569690704,-0.010574222542345524
2026-04-30,all_boards,20,4927,4896,150,-0.09672832126312786,0.13959811810523484,0.06515246520959818,5,-0.10192670673131943,-0.061252135783433914
2026-04-30,buyable_mainboard,5,3008,3002,109,,0.04883829863558034,0.024345117958914357,5,-0.00682758167386055,0.00022102655202616006
2026-04-30,buyable_mainboard,10,3008,2997,109,-0.0024413282018515866,0.07613245416187492,0.03391700084764289,5,-0.03872538357973099,-0.013000219129025936
2026-04-30,buyable_mainboard,20,3008,2990,109,-0.033870190888401236,0.13187745327619074,0.06337636544613376,5,-0.08881840854883194,-0.059613436460494995
2026-05-06,all_boards,5,4926,4917,0,,0.05200667631534939,0.022854822811240266,5,-0.01986263133585453,
2026-05-06,all_boards,10,4926,4911,0,-0.00399542289657692,0.08582252170541353,0.03571434989347024,5,-0.04878256097435951,
2026-05-06,all_boards,20,4926,4900,0,-0.08895788721422986,0.14606855418812362,0.07089249407431719,5,-0.1151927262544632,
2026-05-06,buyable_mainboard,5,3008,3005,0,,0.04722807711297201,0.022631660563324243,5,-0.021202843636274338,
2026-05-06,buyable_mainboard,10,3008,2999,0,0.005317468292456441,0.08085252706248096,0.03586155729579504,5,-0.05369849130511284,
2026-05-06,buyable_mainboard,20,3008,2993,0,-0.02847954374567665,0.1377097162937984,0.06827860904853307,5,-0.10867182165384293,
2026-05-07,all_boards,5,4928,4918,0,,0.05127074883076394,0.022099904929074286,5,-0.017936337739229202,
2026-05-07,all_boards,10,4928,4913,0,0.0034857292444889967,0.09049994372938051,0.03942836596495512,5,-0.06415246427059174,
2026-05-07,all_boards,20,4928,4902,0,-0.05073386171092288,0.15053623567513302,0.07775044981651921,5,-0.09806843101978302,
2026-05-07,buyable_mainboard,5,3008,3004,0,,0.04719014496709649,0.021644833675143593,5,-0.017936337739229202,
2026-05-07,buyable_mainboard,10,3008,2999,0,0.009477053250069672,0.08944359311350344,0.03956276822840332,5,-0.06415246427059174,
2026-05-07,buyable_mainboard,20,3008,2993,0,0.0014302843836000324,0.1405351554750318,0.07319737843154744,5,-0.09806843101978302,
2026-05-08,all_boards,5,4930,4922,0,,0.05707831121550361,0.02681955484878819,5,-0.024560829624533653,
2026-05-08,all_boards,10,4930,4916,0,,0.08848852985452432,0.04525747268874851,5,-0.05866958945989609,
2026-05-08,all_boards,20,4930,4905,0,0.011382441385618999,0.14734259920844495,0.08852296599251126,5,-0.09949423372745514,
2026-05-08,buyable_mainboard,5,3008,3005,0,,0.05493851312273601,0.026743251067024996,5,-0.024560829624533653,
2026-05-08,buyable_mainboard,10,3008,2999,0,,0.08630174873368449,0.04659562456910974,5,-0.05866958945989609,
2026-05-08,buyable_mainboard,20,3008,2993,0,0.07042607712377681,0.13880684602464793,0.08299488092525259,5,-0.09949423372745514,
2026-05-11,all_boards,5,4931,4925,0,,0.05868694077903629,0.03131457812817614,5,-0.04853203892707825,
2026-05-11,all_boards,10,4931,4918,0,,0.09442872250920416,0.04761733192537566,5,-0.08271310478448868,
2026-05-11,all_boards,20,4931,4905,0,0.09191809777529082,0.1520092205572783,0.10358900295789158,5,-0.1548660695552826,
2026-05-11,buyable_mainboard,5,3010,3008,0,,0.05828426367017767,0.0318952494806435,5,-0.04853203892707825,
2026-05-11,buyable_mainboard,10,3010,3002,0,,0.09022203446316186,0.04856071324948614,5,-0.08271310478448868,
2026-05-11,buyable_mainboard,20,3010,2994,0,0.15964954984593457,0.14222141563005924,0.0965028238957796,5,-0.1548660695552826,
2026-05-12,all_boards,5,4929,4923,0,,0.052758171412021736,0.02694461471944147,5,-0.0065321302972733974,
2026-05-12,all_boards,10,4929,4919,0,-0.0006222975302607065,0.09776538843909817,0.0478391964642639,5,-0.006627082824707031,
2026-05-12,all_boards,20,4929,4905,0,0.036241282189045355,0.1483542619971025,0.09703426213409892,5,-0.038990460336208344,
2026-05-12,buyable_mainboard,5,3010,3005,0,,0.050171904250182135,0.02768358256657515,5,-0.0065321302972733974,
2026-05-12,buyable_mainboard,10,3010,3003,0,0.0020413473769531902,0.09363800500206304,0.047612049229137594,5,-0.006627082824707031,
2026-05-12,buyable_mainboard,20,3010,2993,0,0.11577167030366096,0.13982985571298692,0.09109516704888126,5,-0.038990460336208344,
2026-05-13,all_boards,5,4928,4922,0,,0.05968848919750125,0.03386368317690083,5,-0.00650821253657341,
2026-05-13,all_boards,10,4928,4918,0,0.00879782407115552,0.11100982380653977,0.059080383388523686,5,-0.0008157171541824937,
2026-05-13,all_boards,20,4928,4902,0,0.11757176872145148,0.1557149714942311,0.10945539970675401,5,-0.03313923627138138,
2026-05-13,buyable_mainboard,5,3010,3004,0,,0.059542093943319205,0.034641522678954526,5,-0.00650821253657341,
2026-05-13,buyable_mainboard,10,3010,3003,0,0.009862753101670714,0.10775680301393761,0.05922751061552298,5,-0.0008157171541824937,
2026-05-13,buyable_mainboard,20,3010,2992,0,0.19835235626616468,0.14681997178232253,0.10208396089783581,5,-0.03313923627138138,
2026-05-14,all_boards,5,4928,4923,0,,0.06339681369599028,0.030144748683839432,5,-0.01818089187145233,
2026-05-14,all_boards,10,4928,4918,0,0.01388838884724149,0.10020405635450116,0.05146679604136703,5,-0.06268495321273804,
2026-05-14,all_boards,20,4928,4899,0,0.04604472369933448,0.15139837004324758,0.10138273970320887,5,-0.11375550925731659,
2026-05-14,buyable_mainboard,5,3009,3004,0,,0.06323516154138295,0.030750332823222183,5,-0.01818089187145233,
2026-05-14,buyable_mainboard,10,3009,3002,0,0.020942745716335063,0.09623108323338009,0.0506388693855343,5,-0.06268495321273804,
2026-05-14,buyable_mainboard,20,3009,2990,0,0.13550044147036922,0.14260183713673458,0.09402651146823075,5,-0.11375550925731659,
2026-05-15,all_boards,5,4930,4924,0,,0.051730371494350266,0.026325705284121564,5,-0.01311974786221981,
2026-05-15,all_boards,10,4930,4919,0,,0.1067508703321502,0.05440926248703557,5,-0.04249756410717964,
2026-05-15,all_boards,20,4930,4898,0,0.05948997646123565,0.13551543139240002,0.09624106037110239,5,-0.0973094180226326,
2026-05-15,buyable_mainboard,5,3011,3005,0,,0.05048880630267319,0.02677536686136211,5,-0.01655697450041771,
2026-05-15,buyable_mainboard,10,3011,3003,0,,0.09897138561194843,0.0506037816494366,5,-0.045665644109249115,
2026-05-15,buyable_mainboard,20,3011,2990,0,0.13383534787811238,0.12521493636903785,0.08818980327531646,5,-0.09571408480405807,
2026-05-18,all_boards,5,4931,4924,0,,0.057650972851464186,0.027922182409801592,5,-0.021633660420775414,
2026-05-18,all_boards,10,4931,4917,0,,0.09612958119253306,0.05726028456248511,5,-0.03789255768060684,
2026-05-18,all_boards,20,4931,4893,0,-0.007940145455303398,0.13373699438596406,0.09728161634321492,5,-0.10637787729501724,
2026-05-18,buyable_mainboard,5,3012,3006,0,,0.05337881685067017,0.027306422686767123,5,-0.014587548561394215,
2026-05-18,buyable_mainboard,10,3012,3002,0,,0.08490632789160417,0.0512631001335784,5,-0.024493306875228882,
2026-05-18,buyable_mainboard,20,3012,2986,0,0.07614064452129088,0.1212206739543766,0.08748532700832566,5,-0.10329647362232208,
2026-05-19,all_boards,5,4930,4926,0,,0.06773646495495693,0.03777389699944953,5,-0.04032253473997116,
2026-05-19,all_boards,10,4930,4916,0,0.020917304991465147,0.10749755912528712,0.06277235053484134,5,-0.04236790910363197,
2026-05-19,all_boards,20,4930,4893,0,-0.0626773993084861,0.13866669038188462,0.10141248439292233,5,-0.1024802103638649,
2026-05-19,buyable_mainboard,5,3009,3007,0,,0.06344827534936542,0.035052163471624806,5,-0.0329381600022316,
2026-05-19,buyable_mainboard,10,3009,3000,0,0.013052623910675706,0.09445032496061606,0.05435315207618489,5,-0.03439275920391083,
2026-05-19,buyable_mainboard,20,3009,2986,0,0.018229855214142523,0.12793485120455653,0.09056961914373231,5,-0.09708760678768158,
2026-05-20,all_boards,5,4933,4929,0,,0.07646981577601057,0.04604802815105392,5,-0.04265813156962395,
2026-05-20,all_boards,10,4933,4920,0,,0.11448438976456408,0.06683569106293442,5,-0.047838564962148666,
2026-05-20,all_boards,20,4933,4895,0,-0.06948826499240661,0.14426106435829364,0.10223704640319255,5,-0.11431927978992462,
2026-05-20,buyable_mainboard,5,3012,3011,0,,0.07008832477517332,0.03973934305284027,5,-0.01278105191886425,
2026-05-20,buyable_mainboard,10,3012,3004,0,,0.10092942740293971,0.055560993721882786,5,-0.028997207060456276,
2026-05-20,buyable_mainboard,20,3012,2989,0,0.00617788752091189,0.1338599552568248,0.08960456590607044,5,-0.09055875241756439,
2026-05-21,all_boards,5,4935,4930,0,,0.0630502021538629,0.03499388924550681,5,-0.020670488476753235,
2026-05-21,all_boards,10,4935,4922,0,0.0036097621367852275,0.11103151143750957,0.057540371236868726,5,-0.04945824667811394,
2026-05-21,all_boards,20,4935,4893,0,-0.15536801358492755,0.1456637724024938,0.08746159842950695,5,-0.09787707030773163,
2026-05-21,buyable_mainboard,5,3012,3010,0,,0.05756426116437147,0.031382269968531246,5,-0.020670488476753235,
2026-05-21,buyable_mainboard,10,3012,3004,0,0.0013772150932448522,0.10039563478291172,0.04851286881447937,5,-0.04945824667811394,
2026-05-21,buyable_mainboard,20,3012,2987,0,-0.05679749233100978,0.1342882299347636,0.07879079300217888,5,-0.09787707030773163,
2026-05-22,all_boards,5,4937,4932,0,,0.08035598678170397,0.05087706441264167,5,-0.04837561771273613,
2026-05-22,all_boards,10,4937,4925,0,,0.10382740797040117,0.06671752323166141,5,-0.0732363909482956,
2026-05-22,all_boards,20,4937,4894,0,-0.09847693247081091,0.14421425422640188,0.10323822086699434,5,-0.09950517863035202,
2026-05-22,buyable_mainboard,5,3012,3010,0,,0.07022303515292129,0.042490271620964526,5,-0.04837561771273613,
2026-05-22,buyable_mainboard,10,3012,3005,0,,0.09249656320147708,0.05563931718195709,5,-0.0732363909482956,
2026-05-22,buyable_mainboard,20,3012,2986,0,-0.00959098146722997,0.13363001153991988,0.09360145841046681,5,-0.09950517863035202,
2026-05-25,all_boards,5,4941,4934,0,,0.06641087335193162,0.04738618002789106,5,0.01281477976590395,
2026-05-25,all_boards,10,4941,4928,0,0.011039952198023905,0.11886499528324898,0.07245146362247147,5,-0.054833460599184036,
2026-05-25,all_boards,20,4941,4898,0,-0.04203607257331226,0.13160063886186418,0.09657526995403898,5,-0.025902440771460533,
2026-05-25,buyable_mainboard,5,3015,3011,0,,0.054923752393051105,0.037416275574831126,5,0.01474366057664156,
2026-05-25,buyable_mainboard,10,3015,3007,0,0.013827426394745877,0.1053516039936171,0.060463922972753666,5,-0.057121820747852325,
2026-05-25,buyable_mainboard,20,3015,2989,0,0.04709808364303666,0.12384644394470944,0.08687130713483512,5,-0.035284724086523056,
2026-05-26,all_boards,5,4941,4931,0,,0.06591121871220651,0.04481887392015357,5,-0.0016243041027337313,
2026-05-26,all_boards,10,4941,4927,0,0.11869459807030157,0.09762994790960798,0.06845293096977723,5,-0.04865799844264984,
2026-05-26,all_boards,20,4941,4898,0,-0.1302606908745051,0.14234634672708427,0.08987093676652011,5,-0.0638359785079956,
2026-05-26,buyable_mainboard,5,3016,3009,0,,0.05552693432859692,0.03511888673723062,5,0.012901080772280693,
2026-05-26,buyable_mainboard,10,3016,3006,0,0.14217140637509498,0.08934547967541936,0.0589655222631562,5,-0.027491828426718712,
2026-05-26,buyable_mainboard,20,3016,2989,0,-0.028359598662422235,0.13509056632522676,0.0826969849938571,5,-0.03187388926744461,
2026-05-27,all_boards,5,4941,4932,0,,0.05729959113996409,0.03564985779945456,5,-0.03467056155204773,
2026-05-27,all_boards,10,4941,4925,0,0.020418037971224726,0.10346791280881797,0.05992776762200484,5,-0.07654236257076263,
2026-05-27,all_boards,20,4941,4896,0,-0.13813285096852027,0.15197507680937544,0.08055130515053563,5,-0.13567933440208435,
2026-05-27,buyable_mainboard,5,3017,3010,0,,0.04899227638786072,0.029393625032233934,5,-0.033686332404613495,
2026-05-27,buyable_mainboard,10,3017,3006,0,0.03235120014685974,0.09466394889201477,0.052013063881383374,5,-0.07430791109800339,
2026-05-27,buyable_mainboard,20,3017,2987,0,-0.021437099585335153,0.1432442861089622,0.07592971359176548,5,-0.12999378144741058,
2026-05-28,all_boards,5,4941,4933,0,,0.06814828209197674,0.04683319721552741,5,-0.04241946339607239,
2026-05-28,all_boards,10,4941,4922,0,,0.10927147808760879,0.07181403720927158,5,-0.06418386846780777,
2026-05-28,all_boards,20,4941,4894,0,-0.09364716280702776,0.16255440710726327,0.09601260245845612,5,-0.07488307356834412,
2026-05-28,buyable_mainboard,5,3017,3011,0,,0.05882397558748066,0.03722177265758267,5,-0.04241946339607239,
2026-05-28,buyable_mainboard,10,3017,3005,0,,0.100169189168075,0.062357664450777665,5,-0.06418386846780777,
2026-05-28,buyable_mainboard,20,3017,2987,0,0.026386732878729873,0.15589917847246104,0.09001299298252959,5,-0.07488307356834412,
2026-05-29,all_boards,5,4941,4934,0,,0.051746634127987114,0.030198982495210507,5,-0.022424111142754555,
2026-05-29,all_boards,10,4941,4920,0,0.004084389486349599,0.08984277057031954,0.052953562162567906,5,-0.027003183960914612,
2026-05-29,all_boards,20,4941,4888,0,-0.11205529331880303,0.15899735982924149,0.08948117327061195,5,-0.037369780242443085,
2026-05-29,buyable_mainboard,5,3017,3012,0,,0.04869157506141215,0.026412921276546937,5,-0.022424111142754555,
2026-05-29,buyable_mainboard,10,3017,3004,0,0.014125957385229905,0.08481787094342959,0.050054948855741965,5,-0.027003183960914612,
2026-05-29,buyable_mainboard,20,3017,2985,0,0.009703124682259553,0.15187870429737327,0.0907048489633732,5,-0.037369780242443085,
2026-06-01,all_boards,5,4939,4933,0,,0.08025905995816458,0.049492780915487714,5,-0.0584467351436615,
2026-06-01,all_boards,10,4939,4914,0,,0.09359892532405303,0.061331128681876,5,-0.04402775689959526,
2026-06-01,all_boards,20,4939,4886,0,-0.23405135397184523,0.18183761815245694,0.09935421438233892,5,-0.12362362444400787,
2026-06-01,buyable_mainboard,5,3016,3012,0,,0.07785016663325227,0.04711869045705561,5,-0.0584467351436615,
2026-06-01,buyable_mainboard,10,3016,3000,0,,0.0883436744745944,0.0607765137695654,5,-0.04402775689959526,
2026-06-01,buyable_mainboard,20,3016,2983,0,-0.09668739839978906,0.17294746458997678,0.10332961565392733,5,-0.12362362444400787,
2026-06-02,all_boards,5,4936,4932,12,,0.06534031869346181,0.041182084579417376,5,-0.05396290868520737,-0.05382787808775902
2026-06-02,all_boards,10,4936,4913,12,,0.08613401852562257,0.05116654866113988,5,-0.035442840307950974,-0.04732736945152283
2026-06-02,all_boards,20,4936,4884,12,-0.1829053080433368,0.16123929273204585,0.08900085658912109,5,-0.04227132350206375,-0.045472681522369385
2026-06-02,buyable_mainboard,5,3013,3010,10,,0.06365828184641394,0.03946243672816621,5,-0.05396290868520737,-0.048312824219465256
2026-06-02,buyable_mainboard,10,3013,2999,10,,0.08126549846493158,0.05050779422677691,5,-0.035442840307950974,-0.03714023157954216
2026-06-02,buyable_mainboard,20,3013,2980,10,-0.06746974409268705,0.1511179571493653,0.0925207996008435,5,-0.04227132350206375,-0.055129677057266235
2026-06-03,all_boards,5,4938,4931,22,,0.0654513281647471,0.03943518751345934,5,-0.03626159206032753,-0.03868875652551651
2026-06-03,all_boards,10,4938,4913,22,,0.09212747349313836,0.0446237826486978,5,-0.05752568691968918,-0.04717497527599335
2026-06-03,all_boards,20,4938,4886,22,-0.134844414352515,0.1472957100751884,0.08115104425881414,5,-0.04612793028354645,-0.026560503989458084
2026-06-03,buyable_mainboard,5,3015,3011,15,,0.06344761140565791,0.038679987633396876,5,-0.03626159206032753,-0.030000220984220505
2026-06-03,buyable_mainboard,10,3015,3000,15,,0.08604134987482798,0.04539903660461209,5,-0.05752568691968918,-0.03284293785691261
2026-06-03,buyable_mainboard,20,3015,2982,15,-0.028270882360718168,0.13973282363869186,0.08528501867892735,5,-0.04612793028354645,-0.04307236894965172
2026-06-04,all_boards,5,4938,4927,16,,0.06777468277263266,0.04178459701664169,5,-0.03828919306397438,-0.032183267176151276
2026-06-04,all_boards,10,4938,4909,16,-0.15874479364180033,0.08702896152498299,0.0416336918625672,5,-0.057165563106536865,-0.0326121561229229
2026-06-04,all_boards,20,4938,4886,16,-0.07064159328470485,0.12906102092789642,0.07568640609503165,5,-0.005142253823578358,0.0039438814856112
2026-06-04,buyable_mainboard,5,3015,3009,12,,0.0647283231596257,0.03962670529704678,5,-0.032120224088430405,-0.024606863036751747
2026-06-04,buyable_mainboard,10,3015,2998,12,-0.059787269645077176,0.08035627198881687,0.04313400023013182,5,-0.04901093989610672,-0.02984962798655033
2026-06-04,buyable_mainboard,20,3015,2982,12,0.018783630863772938,0.12180568645218144,0.07905888714051443,5,-0.011909845285117626,-0.003438364015892148
2026-06-05,all_boards,5,4939,4925,92,,0.05332440856341924,0.028643881130538822,5,-0.02547878958284855,0.0019411601824685931
2026-06-05,all_boards,10,4939,4908,92,-0.013788224400874034,0.1010926599459824,0.039487637306182065,5,-0.06318674981594086,-0.019435103982686996
2026-06-05,all_boards,20,4939,4886,92,-0.11516742030118603,0.1298188983533097,0.06790573777646723,5,0.0104572344571352,-0.0035305749624967575
2026-06-05,buyable_mainboard,5,3015,3007,70,,0.04917057713357924,0.027848345623945305,5,-0.01961674727499485,0.0023992168717086315
2026-06-05,buyable_mainboard,10,3015,2996,70,-0.0028975951404543922,0.09208381574425842,0.04126280988374751,5,-0.060795821249485016,-0.02373419888317585
2026-06-05,buyable_mainboard,20,3015,2981,70,-0.04012312243392134,0.11745001816003435,0.07066802909817896,5,-0.03589228540658951,-0.01927896775305271
2026-06-08,all_boards,5,4938,4919,694,,0.053018734273690714,0.028139326584622888,5,0.0028904438950121403,0.010302618145942688
2026-06-08,all_boards,10,4938,4908,694,0.00041929578639802,0.08946024635002708,0.03950097983246386,5,0.016943205147981644,0.005904369056224823
2026-06-08,all_boards,20,4938,4886,694,-0.040949022772546764,0.13993622260807181,0.07059986202759583,5,0.13146483898162842,-0.0442781038582325
2026-06-08,buyable_mainboard,5,3015,3003,406,,0.04835773991496606,0.027471198965760987,5,0.010410720482468605,0.010942374356091022
2026-06-08,buyable_mainboard,10,3015,2997,406,0.009891488168610497,0.08299310433088568,0.041690154780127484,5,-0.0035725899506360292,-0.003807188244536519
2026-06-08,buyable_mainboard,20,3015,2981,406,-0.008780545907881729,0.1301727791362302,0.07230386481314093,5,-0.039966076612472534,-0.05830767750740051
2026-06-09,all_boards,5,4939,4920,285,,0.05192079303711283,0.026191919181602068,5,-0.013218492269515991,0.011268328875303268
2026-06-09,all_boards,10,4939,4910,285,-0.009237729367845981,0.09994941763065947,0.0379314567908754,5,-0.023183414712548256,-0.01184090506285429
2026-06-09,all_boards,20,4939,4888,285,0.019914729542122343,0.13414138400587966,0.07069511611026383,5,-0.02828298509120941,-0.030908092856407166
2026-06-09,buyable_mainboard,5,3015,3004,201,,0.04647475393193472,0.025540984729159572,5,-0.0060479603707790375,0.009028147906064987
2026-06-09,buyable_mainboard,10,3015,2998,201,-0.0051646933632551505,0.09313672592589994,0.039889318142810846,5,-0.042375750839710236,-0.025975748896598816
2026-06-09,buyable_mainboard,20,3015,2983,201,0.08226596319749663,0.12471877490494372,0.07122800865046,5,-0.05502520874142647,-0.04491911828517914
2026-06-10,all_boards,5,4937,4919,481,,0.061526661365360766,0.020636197237014552,5,-0.011099626310169697,0.006320315413177013
2026-06-10,all_boards,10,4937,4908,481,-0.011945210527187595,0.1088388518958271,0.03807451662484628,5,-0.028186876326799393,-0.02578008361160755
2026-06-10,all_boards,20,4937,4888,481,-0.0948656357051472,0.13491911855251687,0.06852710387177792,5,0.0605037584900856,-0.050087686628103256
2026-06-10,buyable_mainboard,5,3014,3003,302,,0.05340930105413615,0.021077331664285832,5,0.010761388577520847,0.0026517058722674847
2026-06-10,buyable_mainboard,10,3014,2995,302,-0.0071257263107664046,0.10186725038077452,0.04008075839261922,5,-0.028154512867331505,-0.03556729480624199
2026-06-10,buyable_mainboard,20,3014,2983,302,-0.04341086787423876,0.12433792007384979,0.06861230608569541,5,-0.03937029838562012,-0.06475483626127243
2026-06-11,all_boards,5,4934,4916,593,,0.060127764223725816,0.024647965075432862,5,-0.002575960010290146,0.000567061360925436
2026-06-11,all_boards,10,4934,4906,593,-0.0047324435247005385,0.11246545506693126,0.04577564052196188,5,-0.05672438070178032,-0.05836740881204605
2026-06-11,all_boards,20,4934,4888,593,0.010164785782208967,0.11881657524264673,0.0686893767648436,5,0.0915544182062149,-0.030135901644825935
2026-06-11,buyable_mainboard,5,3012,3001,358,,0.0538657660812902,0.024533759053211528,5,0.007427991833537817,-0.006584622897207737
2026-06-11,buyable_mainboard,10,3012,2994,358,-0.0019542397507491807,0.10932145850942486,0.04807406500854254,5,-0.05489181727170944,-0.06390166282653809
2026-06-11,buyable_mainboard,20,3012,2982,358,0.04967346657162316,0.11210739172734593,0.06913309677269304,5,0.006566430442035198,-0.04780205711722374
2026-06-12,all_boards,5,4932,4915,235,,0.07139726909750459,0.03349176020626867,5,-0.0070084212347865105,-0.026173874735832214
2026-06-12,all_boards,10,4932,4900,235,-0.0015001918025853939,0.12267595477056746,0.06735566383339829,5,0.0021766952704638243,-0.06600765138864517
2026-06-12,all_boards,20,4932,4888,235,0.06632446722266627,0.14340099103628112,0.08025496092664551,5,0.012926928699016571,-0.061263348907232285
2026-06-12,buyable_mainboard,5,3011,3000,175,,0.06512218148750204,0.036416357014712845,5,-0.03893796354532242,-0.028807150200009346
2026-06-12,buyable_mainboard,10,3011,2992,175,0.0007089395126859873,0.11762245811634174,0.07124366800167925,5,-0.051532816141843796,-0.0730273649096489
2026-06-12,buyable_mainboard,20,3011,2982,175,0.10947234181395138,0.13666508833412191,0.08043911717901794,5,-0.0390862338244915,-0.07310530543327332
2026-06-15,all_boards,5,4929,4918,55,,0.05712152631954995,0.03246552617523359,5,0.005853785667568445,-0.018036946654319763
2026-06-15,all_boards,10,4929,4901,55,-0.006825808370111068,0.12139878647594,0.06732394877774843,5,-0.022274810820817947,-0.0752800852060318
2026-06-15,all_boards,20,4929,4891,55,0.1901059711449765,0.13634339969211157,0.09197725051920952,5,0.03311396390199661,-0.029332008212804794
2026-06-15,buyable_mainboard,5,3008,3002,44,,0.05526746302105206,0.03540952170115079,5,0.012683677487075329,-0.02128707990050316
2026-06-15,buyable_mainboard,10,3008,2991,44,-0.004361726466115567,0.11788997196704218,0.07037701055890712,5,-0.008161067962646484,-0.08662594854831696
2026-06-15,buyable_mainboard,20,3008,2983,44,0.2174582733418633,0.1268051256735226,0.08858823092862891,5,0.030123671516776085,-0.04879000410437584
2026-06-16,all_boards,5,4928,4918,59,,0.06979860799422817,0.03465810573250464,5,0.0017834104364737868,-0.03167540207505226
2026-06-16,all_boards,10,4928,4899,59,0.002498382146175002,0.10656739909082591,0.06602684643442044,5,0.02147645130753517,-0.030797136947512627
2026-06-16,all_boards,20,4928,4892,59,0.3368725876246088,0.13466905094652618,0.0934629707496315,5,0.09566157311201096,0.0025689895264804363
2026-06-16,buyable_mainboard,5,3007,3001,45,,0.06720070637805009,0.035703263265708135,5,-0.027877843007445335,-0.037530794739723206
2026-06-16,buyable_mainboard,10,3007,2988,45,0.005697663087665682,0.09846362506901196,0.06657436689958282,5,-0.030696991831064224,-0.04612819477915764
2026-06-16,buyable_mainboard,20,3007,2983,45,0.33905602660840295,0.12136742528213161,0.08756376705269198,5,0.021921390667557716,-0.018329620361328125
2026-06-17,all_boards,5,4929,4918,62,,0.07141529678876087,0.03410025943532635,5,-0.011528586968779564,-0.028584694489836693
2026-06-17,all_boards,10,4929,4902,62,0.014393020146025745,0.09069523035779735,0.05766704004486966,5,0.042063962668180466,-0.0014067704323679209
2026-06-17,all_boards,20,4929,4893,62,0.5151579238537418,0.1339683257038475,0.09217587104746748,5,0.11298605054616928,0.030343540012836456
2026-06-17,buyable_mainboard,5,3008,3000,48,,0.06920339632006685,0.03355864755637196,5,-0.03038625419139862,-0.03153757005929947
2026-06-17,buyable_mainboard,10,3008,2990,48,0.016828469804852714,0.08508608504970906,0.05672134640766096,5,-0.005648888647556305,-0.014013808220624924
2026-06-17,buyable_mainboard,20,3008,2985,48,0.4753772414436239,0.11732070488674143,0.082089551959633,5,0.05282024294137955,0.010541821829974651
2026-06-18,all_boards,5,4925,4915,77,,0.08116883739591768,0.04513535543936557,5,-0.04186001792550087,-0.04937383159995079
2026-06-18,all_boards,10,4925,4902,77,0.01957159255976011,0.0790469406033706,0.05478823013945162,5,0.04913494735956192,0.016085950657725334
2026-06-18,all_boards,20,4925,4891,77,0.583297565746091,0.15963193613699753,0.10799766264127247,5,0.03230034187436104,-0.00843837857246399
2026-06-18,buyable_mainboard,5,3006,2999,64,,0.07647200804752091,0.040778549109138244,5,-0.05513710528612137,-0.046986594796180725
2026-06-18,buyable_mainboard,10,3006,2990,64,0.019608191099913103,0.0704628363803987,0.05131250023168598,5,0.00867350585758686,0.011222410947084427
2026-06-18,buyable_mainboard,20,3006,2983,64,0.4959457968469038,0.13515422836840651,0.08890301904152344,5,0.02055264264345169,-0.013586902059614658
2026-06-22,all_boards,5,4925,4910,65,,0.08542642256063925,0.06292252597497756,5,-0.012038535438477993,-0.028479544445872307
2026-06-22,all_boards,10,4925,4903,65,0.02708802274518092,0.0885774778884434,0.056715072180926265,5,0.04123277962207794,0.02707185409963131
2026-06-22,all_boards,20,4925,4893,65,0.5768760842437823,0.17950046551160181,0.13005391902928834,5,0.023487698286771774,-0.02316240407526493
2026-06-22,buyable_mainboard,5,3005,2997,51,,0.07849083204820029,0.059523608047510515,5,-0.012038535438477993,-0.03473662585020065
2026-06-22,buyable_mainboard,10,3005,2990,51,0.027800103831150138,0.07804967825979431,0.05336135906239619,5,0.04123277962207794,0.021848391741514206
2026-06-22,buyable_mainboard,20,3005,2984,51,0.4828778596660572,0.15043151291222212,0.10465545282487124,5,0.023487698286771774,-0.02689649537205696
2026-06-23,all_boards,5,4924,4907,52,,0.08575473936304129,0.06223857485607276,5,-0.06218671798706055,-0.056573256850242615
2026-06-23,all_boards,10,4924,4902,52,0.010586757980428371,0.09896126221152278,0.05945943349615168,5,-0.025175977498292923,-0.02416922338306904
2026-06-23,all_boards,20,4924,4893,52,0.46616808501087104,0.1667794853189822,0.14570512772438401,5,-0.030330652371048927,-0.056130167096853256
2026-06-23,buyable_mainboard,5,3005,2994,43,,0.08131440689973841,0.059875080228178314,5,-0.06218671798706055,-0.061692554503679276
2026-06-23,buyable_mainboard,10,3005,2989,43,0.0047491036668290834,0.08973770466507272,0.05562784027822862,5,-0.025175977498292923,-0.030986525118350983
2026-06-23,buyable_mainboard,20,3005,2984,43,0.3867244542137714,0.14285141841870516,0.116185099917228,5,-0.030330652371048927,-0.06076857075095177
2026-06-24,all_boards,5,4925,4906,176,,0.05857106972561975,0.04940683426620858,5,0.0024558096192777157,-0.007163946516811848
2026-06-24,all_boards,10,4925,4903,176,0.017900699142772744,0.099696200346943,0.05707484015632711,5,0.008133454248309135,-0.015020444057881832
2026-06-24,all_boards,20,4925,4894,176,0.5323654448597765,0.17127309233818755,0.13924044490764753,5,0.0022823051549494267,-0.047211021184921265
2026-06-24,buyable_mainboard,5,3005,2992,147,,0.051198850532057416,0.044775171615846224,5,0.0024558096192777157,-0.01039128378033638
2026-06-24,buyable_mainboard,10,3005,2990,147,0.013244876104055966,0.08813635434893168,0.05072163369728627,5,0.008133454248309135,-0.016432544216513634
2026-06-24,buyable_mainboard,20,3005,2984,147,0.43564163783206095,0.14351854535729147,0.10796206792160251,5,0.0022823051549494267,-0.04856618493795395
2026-06-25,all_boards,5,4924,4908,179,,0.05482559580202133,0.03683205193464731,5,0.032846249639987946,0.020994549617171288
2026-06-25,all_boards,10,4924,4904,179,0.008884841040711732,0.08889784046953161,0.052445439837898775,5,0.02479587495326996,0.00014485947031062096
2026-06-25,all_boards,20,4924,4894,179,0.5786618064825856,0.14961832789360052,0.12974674221713578,5,0.025158900767564774,-0.0027500567957758904
2026-06-25,buyable_mainboard,5,3002,2992,147,,0.04818943028755079,0.03358825796808781,5,0.032846249639987946,0.017644120380282402
2026-06-25,buyable_mainboard,10,3002,2990,147,0.0030653444444265904,0.07975175411363952,0.04677124810606679,5,0.02479587495326996,-0.004541853908449411
2026-06-25,buyable_mainboard,20,3002,2983,147,0.47845689502739136,0.12388249903852426,0.10034030188524942,5,0.025158900767564774,-0.006662081461399794
2026-06-26,all_boards,5,4921,4908,265,,0.06546425526180014,0.02482225794230512,5,0.06682135164737701,0.06398695707321167
2026-06-26,all_boards,10,4921,4903,265,0.006955306845957222,0.07776253385122092,0.04365289979979706,5,0.05150187760591507,0.038581185042858124
2026-06-26,all_boards,20,4921,4893,265,0.5811820057487845,0.15126267349631017,0.12499854146114302,5,0.0010359532898291945,0.005997739732265472
2026-06-26,buyable_mainboard,5,3001,2992,214,,0.05705579943248829,0.022373210195635353,5,0.06682135164737701,0.05985323339700699
2026-06-26,buyable_mainboard,10,3001,2989,214,-0.0008838283792418679,0.06736361624038045,0.039020284940439534,5,0.05150187760591507,0.03339973837137222
2026-06-26,buyable_mainboard,20,3001,2983,214,0.47242740245784465,0.1256994599844784,0.09754166656790329,5,0.0010359532898291945,0.002283315872773528
2026-06-29,all_boards,5,4917,4910,154,,0.059726330836667056,0.028402568981958292,5,0.0479811355471611,0.053420260548591614
2026-06-29,all_boards,10,4917,4905,154,0.0037218011529026995,0.09327742337729618,0.04984445028444756,5,0.011442405171692371,0.003996460698544979
2026-06-29,all_boards,20,4917,4891,154,0.5514130259661035,0.13093586786738307,0.12188736977246983,5,-0.003513698000460863,0.010106603614985943
2026-06-29,buyable_mainboard,5,3001,2994,131,,0.05403135446758803,0.02513372384273668,5,0.0479811355471611,0.054407861083745956
2026-06-29,buyable_mainboard,10,3001,2991,131,-0.00631008622391436,0.08148579429123722,0.04342973929976893,5,0.011442405171692371,0.0024244156666100025
2026-06-29,buyable_mainboard,20,3001,2985,131,0.44324258326260196,0.10841537078365616,0.09470360935779251,5,-0.003513698000460863,0.00901749636977911
2026-06-30,all_boards,5,4914,4909,970,,0.06293279329444804,0.03711767941404862,5,-0.026087652891874313,0.025687698274850845
2026-06-30,all_boards,10,4914,4904,970,-0.13662319134200465,0.10147223549677217,0.07194954458981943,5,-0.027163714170455933,0.03165474906563759
2026-06-30,all_boards,20,4914,4891,970,0.12386256072038909,0.16214341781322117,0.12065900218719035,5,-0.060917384922504425,0.02789829671382904
2026-06-30,buyable_mainboard,5,2998,2993,740,,0.05473217993043944,0.03242071209200333,5,-0.015537786297500134,0.028693247586488724
2026-06-30,buyable_mainboard,10,2998,2990,740,-0.14982035880660596,0.08742791033257291,0.061119365519815415,5,-0.006465745158493519,0.03467155620455742
2026-06-30,buyable_mainboard,20,2998,2985,740,0.07734468264085405,0.12927289281932058,0.09409214033068122,5,-0.0435701385140419,0.03495783358812332
2026-07-01,all_boards,5,4912,4909,8,,0.06804514743291416,0.040256125146615786,5,-0.007128758821636438,-0.003131211269646883
2026-07-01,all_boards,10,4912,4905,8,0.3933479535300787,0.10199987390134421,0.06951811249335628,5,0.0231238454580307,0.02462666854262352
2026-07-01,all_boards,20,4912,4891,8,0.4320456526718017,0.1466859272662642,0.11905878850302222,5,0.0594920814037323,0.046298518776893616
2026-07-01,buyable_mainboard,5,2995,2993,6,,0.05962753889496638,0.03524896841871819,5,-0.029989544302225113,-0.018390627577900887
2026-07-01,buyable_mainboard,10,2995,2990,6,0.3681866794446482,0.08789047537513499,0.0589417944303403,5,-0.012606295756995678,0.005666370969265699
2026-07-01,buyable_mainboard,20,2995,2984,6,0.37294802877562344,0.11762257384659262,0.09170550940955864,5,0.039410121738910675,0.05924440547823906
2026-07-02,all_boards,5,4913,4909,9,,0.06509698252024887,0.04844744717711328,5,-0.03497879579663277,-0.026958735659718513
2026-07-02,all_boards,10,4913,4904,9,-0.4377549484025045,0.10806496002350331,0.07329093250983858,5,-0.00024515241966582835,0.002130329143255949
2026-07-02,all_boards,20,4913,4891,9,0.42902054396820294,0.16016190561987276,0.12042296397300224,5,0.0349205918610096,0.007798073813319206
2026-07-02,buyable_mainboard,5,2995,2993,7,,0.05920265155508853,0.04285627100280446,5,-0.03497879579663277,-0.028970850631594658
2026-07-02,buyable_mainboard,10,2995,2990,7,-0.44433128885605727,0.09202908254767575,0.061452632106363536,5,-0.00024515241966582835,0.003849215339869261
2026-07-02,buyable_mainboard,20,2995,2984,7,0.36084915181625493,0.1274332797227062,0.09248340993692299,5,0.0349205918610096,0.01373295672237873
2026-07-03,all_boards,5,4916,4911,0,,0.06338088280590454,0.0523383414370631,5,-0.03625719994306564,
2026-07-03,all_boards,10,4916,4905,0,-0.2130943265545144,0.14218922613299276,0.0939789510183375,5,-0.04010084643959999,
2026-07-03,all_boards,20,4916,4892,0,0.4190197761417788,0.14130288093838536,0.12092902877123654,5,-0.019718298688530922,
2026-07-03,buyable_mainboard,5,2998,2995,0,,0.05636953254156809,0.0462924224380353,5,-0.0250849686563015,
2026-07-03,buyable_mainboard,10,2998,2991,0,-0.3018226036566977,0.11594572878300406,0.07407628510492643,5,-0.015773123130202293,
2026-07-03,buyable_mainboard,20,2998,2985,0,0.34553906662605527,0.11539914180525696,0.0926598106162037,5,0.0025510049890726805,
2026-07-06,all_boards,5,4915,4910,3,,0.08273239768066501,0.04919158281379055,5,-0.05104580521583557,-0.041062042117118835
2026-07-06,all_boards,10,4915,4905,3,-0.24199502586062596,0.15107806743221253,0.10395286361298271,5,-0.0465286485850811,-0.03405386954545975
2026-07-06,all_boards,20,4915,4889,3,0.2510101706522899,0.1330191583319983,0.10906661167073875,5,0.024408351629972458,0.011745444498956203
2026-07-06,buyable_mainboard,5,2997,2994,3,,0.07412079136558339,0.043570021141910366,5,-0.05104580521583557,-0.041062042117118835
2026-07-06,buyable_mainboard,10,2997,2991,3,-0.3069363857671094,0.12190047988854937,0.07831754474582606,5,-0.0465286485850811,-0.03405386954545975
2026-07-06,buyable_mainboard,20,2997,2983,3,0.18976224455598562,0.10747899794458618,0.08253507758322728,5,0.024408351629972458,0.011745444498956203
2026-07-07,all_boards,5,4916,4911,5,,0.05941571567467203,0.045021687915531385,5,0.02309662476181984,0.02309662476181984
2026-07-07,all_boards,10,4916,4907,5,-0.21962353626240114,0.12374427404563165,0.11487389016824363,5,-0.012435567565262318,-0.012435567565262318
2026-07-07,all_boards,20,4916,4889,5,0.14054503591129647,0.12322128607911086,0.10429251949167433,5,0.040261410176754,0.040261410176754
2026-07-07,buyable_mainboard,5,2998,2995,4,,0.05223368857026085,0.037799458031366764,5,0.02390378899872303,0.02036416530609131
2026-07-07,buyable_mainboard,10,2998,2993,4,-0.26849780872165285,0.10159866413140954,0.08632643580818634,5,-0.00020318702445365489,-0.015859520062804222
2026-07-07,buyable_mainboard,20,2998,2984,4,0.10086362170922655,0.10275578575572117,0.0799304402030155,5,0.0501343198120594,0.04182014614343643
2026-07-08,all_boards,5,4915,4911,291,,0.06022642875839027,0.03456746420575476,5,0.025491658598184586,0.01738307997584343
2026-07-08,all_boards,10,4915,4906,291,-0.1759194534068591,0.12338928157084939,0.1044250411296348,5,-0.06064533442258835,-0.04461900517344475
2026-07-08,all_boards,20,4915,4889,291,-0.3776297409105082,0.11154854861597854,0.09698094881379223,5,0.031082969158887863,0.06360260397195816
2026-07-08,buyable_mainboard,5,2998,2995,191,,0.05278950705336251,0.028137010350227053,5,0.025491658598184586,0.01950169913470745
2026-07-08,buyable_mainboard,10,2998,2992,191,-0.2363627314463774,0.10054142490205396,0.07712260212324339,5,-0.06064533442258835,-0.03964940831065178
2026-07-08,buyable_mainboard,20,2998,2984,191,-0.32954011678266687,0.09288337776852366,0.07376036870417689,5,0.031082969158887863,0.06196001544594765
2026-07-09,all_boards,5,4914,4909,8,,0.07858695471073059,0.04591956573328349,5,0.026002537459135056,0.012781349010765553
2026-07-09,all_boards,10,4914,4904,8,-0.1721003316792009,0.1220026470663069,0.11047166076667736,5,-0.030180135741829872,-0.008097754791378975
2026-07-09,all_boards,20,4914,4888,8,-0.3128929520995757,0.11287096323550562,0.1022004214275719,5,0.03992500528693199,0.057417113333940506
2026-07-09,buyable_mainboard,5,2998,2995,7,,0.06664978375079281,0.0356501971975473,5,0.026002537459135056,0.013724739663302898
2026-07-09,buyable_mainboard,10,2998,2991,7,-0.2154112916465009,0.09663624658519156,0.08176098333684366,5,-0.030180135741829872,-0.049519333988428116
2026-07-09,buyable_mainboard,20,2998,2984,7,-0.2791134171083509,0.0959876339871168,0.07811483831423885,5,0.03992500528693199,0.03473152592778206
2026-07-10,all_boards,5,4914,4908,0,,0.09332711506653497,0.06303787733546269,5,-0.005639613606035709,
2026-07-10,all_boards,10,4914,4904,0,-0.22933432853491356,0.13130139475804883,0.10886569095109014,5,-0.04083263874053955,
2026-07-10,all_boards,20,4914,4889,0,0.0732806549171073,0.0919662869024216,0.09748870796921434,5,0.019399773329496384,
2026-07-10,buyable_mainboard,5,2998,2994,0,,0.07288464937862643,0.04696315066973016,5,-0.008709642104804516,
2026-07-10,buyable_mainboard,10,2998,2992,0,-0.24085628091599032,0.10371792006376582,0.0809725087810344,5,-0.02647789940237999,
2026-07-10,buyable_mainboard,20,2998,2985,0,0.014248469301461973,0.08186925896877996,0.07476997275758224,5,0.07023023068904877,
2026-07-13,all_boards,5,4914,4909,96,,0.09294054446853887,0.06793670409931926,5,-0.046992406249046326,-0.010091838426887989
2026-07-13,all_boards,10,4914,4900,96,-0.017523030059682233,0.08870031443911615,0.0885724378516797,5,-0.03333296254277229,0.008441510610282421
2026-07-13,all_boards,20,4914,4890,96,-0.16168452029375888,0.10147528868578526,0.08346352772885576,5,0.06924916803836823,0.10882558673620224
2026-07-13,buyable_mainboard,5,2998,2995,68,,0.07367811808595331,0.04941278599990977,5,-0.046992406249046326,-0.006951449438929558
2026-07-13,buyable_mainboard,10,2998,2992,68,-0.04429035440290486,0.07135647730324944,0.06707487177859305,5,-0.03333296254277229,0.011232757940888405
2026-07-13,buyable_mainboard,20,2998,2986,68,-0.057156258868299475,0.09237381895407565,0.06669937590799274,5,0.06924916803836823,0.10740751028060913
2026-07-14,all_boards,5,4913,4909,102,,0.08494907387556729,0.09525069507210833,5,-0.0772930383682251,-0.02177833393216133
2026-07-14,all_boards,10,4913,4900,102,-0.048515955056518345,0.10325396588109653,0.094011425000418,5,-0.05638064816594124,-0.002443757141008973
2026-07-14,all_boards,20,4913,4889,102,-0.23827654077244903,0.09413772791160012,0.08675447273578261,5,0.04355165734887123,0.0789458230137825
2026-07-14,buyable_mainboard,5,2997,2995,70,,0.06932719391505843,0.06968860211281368,5,-0.0772930383682251,-0.017331797629594803
2026-07-14,buyable_mainboard,10,2997,2992,70,-0.0799602936294017,0.07982971134236576,0.0704127204454777,5,-0.05638064816594124,0.0019427516963332891
2026-07-14,buyable_mainboard,20,2997,2985,70,-0.13165712788446277,0.08189586366687653,0.067535473658877,5,0.04355165734887123,0.07586125284433365
2026-07-15,all_boards,5,4914,4909,7,,0.08640027273403371,0.0870063346672859,5,-0.07893473654985428,-0.09324396401643753
2026-07-15,all_boards,10,4914,4900,7,-0.19036797131042432,0.09128864345123273,0.08543110674374307,5,-0.02687063440680504,-0.06085876002907753
2026-07-15,all_boards,20,4914,4889,7,-0.10341191251640913,0.08187056974650771,0.0747219901679674,5,0.08986127376556396,0.0640852078795433
2026-07-15,buyable_mainboard,5,2997,2994,6,,0.0720678610373407,0.06387945923175184,5,-0.07893473654985428,-0.0828678086400032
2026-07-15,buyable_mainboard,10,2997,2991,6,-0.1505564473001578,0.07072350320523295,0.06301678559497778,5,-0.02687063440680504,-0.0276193767786026
2026-07-15,buyable_mainboard,20,2997,2985,6,0.03449353156296928,0.07523897313598607,0.05709896848637511,5,0.08986127376556396,0.08915861696004868
2026-07-16,all_boards,5,4913,4908,29,,0.07560796744493756,0.08479443227813732,5,-0.06382164359092712,-0.017016978934407234
2026-07-16,all_boards,10,4913,4900,29,-0.33527195418055317,0.10483152319063875,0.08645530242941689,5,-0.0955483466386795,-0.0001636459637666121
2026-07-16,all_boards,20,4913,4889,29,-0.08656231486930002,0.07114279707082394,0.07063206702453696,5,0.01637427881360054,0.06640829145908356
2026-07-16,buyable_mainboard,5,2998,2994,22,,0.06268379517180993,0.06330335251733255,5,-0.05485890433192253,-0.009980755858123302
2026-07-16,buyable_mainboard,10,2998,2992,22,-0.2890363573311193,0.08048057576460547,0.0639827558858876,5,-0.045857541263103485,0.012925219722092152
2026-07-16,buyable_mainboard,20,2998,2986,22,0.04622521537992303,0.06419212255701036,0.054158754998002226,5,0.06232418864965439,0.06964349746704102
2026-07-17,all_boards,5,4913,4909,431,,0.05977843161599397,0.058167115381280464,5,-0.04761553183197975,-0.043104562908411026
2026-07-17,all_boards,10,4913,4900,431,-0.142197491876571,0.07152691399657819,0.06040428131829705,5,-0.03161570057272911,-0.03104456141591072
2026-07-17,all_boards,20,4913,4891,431,0.14595865988510215,0.07841785887453902,0.053044048194837094,5,0.07426416873931885,0.07412851601839066
2026-07-17,buyable_mainboard,5,2998,2996,253,,0.05070243966977172,0.04410050437891628,5,-0.04425574466586113,-0.028267577290534973
2026-07-17,buyable_mainboard,10,2998,2992,253,-0.08875603253402219,0.05983636610458682,0.04671525412256596,5,0.013836726546287537,-0.0011285310611128807
2026-07-17,buyable_mainboard,20,2998,2988,253,0.25740727353807463,0.0714580685770047,0.0449608964825106,5,0.10850528627634048,0.07528270035982132
2026-07-20,all_boards,5,4914,4905,322,,0.04333171318523994,0.027848783740420047,5,0.01473157573491335,0.022442404180765152
2026-07-20,all_boards,10,4914,4898,322,0.07960492651887623,0.07137745681606267,0.0336437753799155,5,0.0352848656475544,0.036342937499284744
2026-07-20,all_boards,20,4914,4890,322,0.5379157546276421,0.11766346727477643,0.033945317066125365,5,0.16449305415153503,0.13239088654518127
2026-07-20,buyable_mainboard,5,2999,2996,215,,0.0388979231181753,0.021997547093572788,5,0.01292879693210125,0.02032957412302494
2026-07-20,buyable_mainboard,10,2999,2991,215,0.15588374055816565,0.06403275004308213,0.027058868628339238,5,0.07482144981622696,0.042382240295410156
2026-07-20,buyable_mainboard,20,2999,2987,215,0.5488807806567496,0.10073078472572707,0.03243795268051675,5,0.21452708542346954,0.11526095122098923
2026-07-21,all_boards,5,4916,4907,278,,0.045161043545770864,0.02390953519852128,5,0.01891913264989853,0.0020928652957081795
2026-07-21,all_boards,10,4916,4898,278,0.1259836646458017,0.07632899076920302,0.04147679412301271,5,0.05651894211769104,0.052039384841918945
2026-07-21,all_boards,20,4916,4891,278,0.3911151278963756,0.10898247337235852,0.05079524968634288,5,0.19970038533210754,0.12937095761299133
2026-07-21,buyable_mainboard,5,2999,2996,182,,0.03988762866708507,0.020522944366041285,5,0.03838138282299042,0.010503734461963177
2026-07-21,buyable_mainboard,10,2999,2990,182,0.22173451569046942,0.06798016000555633,0.034780117814830064,5,0.09101904928684235,0.05532418563961983
2026-07-21,buyable_mainboard,20,2999,2986,182,0.43410269264351753,0.09864266413823512,0.048083087116947094,5,0.2390221655368805,0.11777622997760773
2026-07-22,all_boards,5,4915,4906,176,,0.05881416793171553,0.0328189486433169,5,0.05839258432388306,0.03876814991235733
2026-07-22,all_boards,10,4915,4898,176,0.2474761305262782,0.08537287856300493,0.04671778854236003,5,0.10094710439443588,0.09799148887395859
2026-07-22,all_boards,20,4915,4891,176,0.2465756808420458,0.08705466957324375,0.05656464141515302,5,0.21468110382556915,0.12901458144187927
2026-07-22,buyable_mainboard,5,2998,2995,118,,0.053813351049285946,0.02746886813508259,5,0.05839258432388306,0.04608924686908722
2026-07-22,buyable_mainboard,10,2998,2990,118,0.33113887337132586,0.0768140720798417,0.04032848291667312,5,0.10094710439443588,0.09936428815126419
2026-07-22,buyable_mainboard,20,2998,2986,118,0.3226453404885169,0.08052477396743968,0.052954236708121376,5,0.21468110382556915,0.12995664775371552
2026-07-23,all_boards,5,4913,4905,0,,0.05466177819854343,0.029272991558676804,5,0.025961846113204956,
2026-07-23,all_boards,10,4913,4897,0,0.2557624244821439,0.07560483003196475,0.035509192662925605,5,0.0224998090416193,
2026-07-23,all_boards,20,4913,4890,0,0.011456440204548298,0.09754474719084026,0.0467819697395595,5,0.023838553577661514,
2026-07-23,buyable_mainboard,5,2997,2995,0,,0.04639722876348687,0.02309542711474809,5,0.025961846113204956,
2026-07-23,buyable_mainboard,10,2997,2990,0,0.25107949551226744,0.06644443945517377,0.030093842885147565,5,0.0224998090416193,
2026-07-23,buyable_mainboard,20,2997,2985,0,0.01499565481187175,0.08428673642917296,0.04358338782884784,5,0.023838553577661514,
2026-07-24,all_boards,5,4914,4905,0,,0.06945311110389843,0.04174798609159207,5,0.03960849344730377,
2026-07-24,all_boards,10,4914,4899,0,0.318187643544795,0.09716908827209837,0.04866945412356645,5,0.039891425520181656,
2026-07-24,all_boards,20,4914,4892,0,-0.029794952953655564,0.11073407546093855,0.062216829076822744,5,0.02436036244034767,
2026-07-24,buyable_mainboard,5,2997,2993,0,,0.0639142676580493,0.037658506933192046,5,0.03960849344730377,
2026-07-24,buyable_mainboard,10,2997,2990,0,0.3949857079249271,0.08294006170820473,0.045260460455753895,5,0.039891425520181656,
2026-07-24,buyable_mainboard,20,2997,2985,0,-0.036100364951477545,0.09711160572445181,0.060279156750129494,5,0.02436036244034767,
2026-07-27,all_boards,5,4916,4909,0,,0.07057896697147789,0.042157960834554566,5,0.06871247291564941,
2026-07-27,all_boards,10,4916,4906,0,0.04531580527292176,0.08877856819964809,0.048404847834985484,5,0.09181290864944458,
2026-07-27,all_boards,20,4916,4898,0,0.15810610113627754,0.08673161101146475,0.06785125661183332,5,0.07055802643299103,
2026-07-27,buyable_mainboard,5,2999,2994,0,,0.06414501940062839,0.036283044472361706,5,0.06871247291564941,
2026-07-27,buyable_mainboard,10,2999,2993,0,0.09034555477808319,0.07949495583206513,0.04408884354074254,5,0.09181290864944458,
2026-07-27,buyable_mainboard,20,2999,2988,0,0.16319695469834042,0.07953407255494209,0.0682497021249489,5,0.07055802643299103,
2026-07-28,all_boards,5,4920,4911,0,,0.05793440903497322,0.04802380237087635,5,0.04229871556162834,
2026-07-28,all_boards,10,4920,4909,0,0.3626433348980167,0.08285788571135344,0.04170594456167717,5,0.034068651497364044,
2026-07-28,all_boards,20,4920,4900,0,0.19615099353158755,0.0968995413295963,0.06567621504205262,5,0.019261624664068222,
2026-07-28,buyable_mainboard,5,3001,2995,0,,0.05081394230981855,0.04877553456407722,5,0.04229871556162834,
2026-07-28,buyable_mainboard,10,3001,2994,0,0.41256159742819026,0.06970758635736467,0.040571725712781476,5,0.034068651497364044,
2026-07-28,buyable_mainboard,20,3001,2988,0,0.18532043747429247,0.08483232065604017,0.06718986572832153,5,0.019261624664068222,
2026-07-29,all_boards,5,4921,4913,0,,0.060536599104379724,0.05226078399553976,5,0.045119769871234894,
2026-07-29,all_boards,10,4921,4910,0,0.4614908786311085,0.09107326593709526,0.03351021486312022,5,0.0613422617316246,
2026-07-29,all_boards,20,4921,4901,0,0.2818775114306512,0.09468354618431883,0.05869394828194056,5,0.03914449363946915,
2026-07-29,buyable_mainboard,5,3002,2997,0,,0.04944963817789714,0.05349813714000616,5,0.045119769871234894,
2026-07-29,buyable_mainboard,10,3002,2996,0,0.4765046520861278,0.07481822048771887,0.03273852107393985,5,0.0613422617316246,
2026-07-29,buyable_mainboard,20,3002,2989,0,0.2586085610021861,0.08301963377502357,0.05930516744041595,5,0.03914449363946915,
2026-07-30,all_boards,5,4922,4914,0,,0.0716321017263479,0.033976731374533005,5,0.010495606809854507,
2026-07-30,all_boards,10,4922,4911,0,0.43241060817906174,0.08930350346378411,0.04428358744002761,5,0.01224149763584137,
2026-07-30,all_boards,20,4922,4903,0,0.2381104615321982,0.10998854741548092,0.06866314015080814,5,0.003918960690498352,
2026-07-30,buyable_mainboard,5,3004,2999,0,,0.059725913671854695,0.03125194336076259,5,0.010495606809854507,
2026-07-30,buyable_mainboard,10,3004,2998,0,0.4719793760908327,0.07473977938299424,0.042012882054387274,5,0.01224149763584137,
2026-07-30,buyable_mainboard,20,3004,2991,0,0.19402901014843724,0.09483145940127734,0.06638848926632573,5,0.003918960690498352,
2026-07-31,all_boards,5,4922,4916,0,,0.07429294875023963,0.028519157128705525,5,0.007760245352983475,
2026-07-31,all_boards,10,4922,4913,0,0.2790825420274233,0.08940018339948322,0.03991461723769783,5,0.04340453818440437,
2026-07-31,all_boards,20,4922,4902,0,0.34109108907011787,0.10749591389933479,0.06776269854949957,5,0.07263122498989105,
2026-07-31,buyable_mainboard,5,3004,3001,0,,0.057171387211635054,0.02669332721087582,5,0.012101377360522747,
2026-07-31,buyable_mainboard,10,3004,3000,0,0.2826260578471873,0.07217622260909026,0.03797194606200214,5,0.04864456132054329,
2026-07-31,buyable_mainboard,20,3004,2990,0,0.2887621405858876,0.0953813656673375,0.06448781954429511,5,0.083840012550354,
2026-08-03,all_boards,5,4925,4922,0,,0.0702223671404049,0.026563387204129752,5,0.004377742297947407,
2026-08-03,all_boards,10,4925,4917,0,0.5508548389264235,0.09556815542392923,0.037544537675773315,5,0.0015142622869461775,
2026-08-03,all_boards,20,4925,4905,0,0.18654412680712157,0.11142645224843063,0.06614025403895632,5,-0.007526873145252466,
2026-08-03,buyable_mainboard,5,3006,3005,0,,0.05530042050891473,0.023085641232177326,5,0.006539436988532543,
2026-08-03,buyable_mainboard,10,3006,3002,0,0.552272895354837,0.07538686425552935,0.03312472598491044,5,0.004300158005207777,
2026-08-03,buyable_mainboard,20,3006,2993,0,0.11657612639432002,0.0955687280543303,0.059571606562357986,5,0.00855613686144352,
2026-08-04,all_boards,5,4924,4922,0,,0.0523265680702336,0.026537152443488896,5,-0.00023782365315128118,
2026-08-04,all_boards,10,4924,4917,0,0.4915208825580284,0.08093415678838423,0.0390519633614198,5,0.00917857326567173,
2026-08-04,all_boards,20,4924,4905,0,0.07890823204894418,0.1066364598822918,0.07659135636854429,5,-0.002393345581367612,
2026-08-04,buyable_mainboard,5,3006,3005,0,,0.042339270874899096,0.023023267501303093,5,-0.00023782365315128118,
2026-08-04,buyable_mainboard,10,3006,3002,0,0.4538583565062095,0.06577572968124609,0.03489509304746024,5,0.00917857326567173,
2026-08-04,buyable_mainboard,20,3006,2993,0,0.0303612063908143,0.09889382638171919,0.07072538324347272,5,-0.002393345581367612,
2026-08-05,all_boards,5,4927,4924,0,,0.04728727647238213,0.02327448570312796,5,0.01075603999197483,
2026-08-05,all_boards,10,4927,4920,0,0.14818149260559557,0.0599518813868976,0.03436559382557348,5,0.01788054034113884,
2026-08-05,all_boards,20,4927,4907,0,0.14926736239647442,0.09511280471869332,0.0728673702036373,5,0.040379516780376434,
2026-08-05,buyable_mainboard,5,3007,3006,0,,0.04035449374073784,0.021204240198699147,5,0.01075603999197483,
2026-08-05,buyable_mainboard,10,3007,3003,0,0.1066791632989325,0.05533384272626554,0.03197256643118831,5,0.01788054034113884,
2026-08-05,buyable_mainboard,20,3007,2994,0,0.12544440045616337,0.09088949589766851,0.06872230551433968,5,0.040379516780376434,
2026-08-06,all_boards,5,4928,4925,0,,0.03707299058896729,0.023467435168123548,5,0.017434732988476753,
2026-08-06,all_boards,10,4928,4921,0,0.08100543828091546,0.05716679483238224,0.03196429736062468,5,0.013436736539006233,
2026-08-06,all_boards,20,4928,4909,0,0.1560018074804006,0.08668118260692802,0.06703849138568484,5,0.01900298148393631,
2026-08-06,buyable_mainboard,5,3009,3008,0,,0.03289001743783903,0.02238724514689203,5,0.017434732988476753,
2026-08-06,buyable_mainboard,10,3009,3004,0,0.06450324025731433,0.050286926458073096,0.02972215069751188,5,0.013436736539006233,
2026-08-06,buyable_mainboard,20,3009,2996,0,0.1424229231305088,0.0834242739602039,0.06456168204519779,5,0.01900298148393631,
2026-08-07,all_boards,5,4931,4928,0,,0.032764485210574776,0.024733422765126942,5,0.01302381418645382,
2026-08-07,all_boards,10,4931,4924,0,0.12216201917013984,0.05271118539704878,0.03202924506547605,5,0.00516883097589016,
2026-08-07,all_boards,20,4931,4911,0,0.29441894391489504,0.08357217754420738,0.06551964234523433,5,0.03449384123086929,
2026-08-07,buyable_mainboard,5,3011,3010,0,,0.031064953762368508,0.025052040014793865,5,0.01302381418645382,
2026-08-07,buyable_mainboard,10,3011,3006,0,0.16574066792077224,0.04868037093310235,0.03168798957854277,5,0.00516883097589016,
2026-08-07,buyable_mainboard,20,3011,2997,0,0.26741993270314324,0.08491614172796426,0.06667539435188834,5,0.03449384123086929,
2026-08-10,all_boards,5,4931,4926,0,,0.040878912195974296,0.02242477317551182,5,0.010468081571161747,
2026-08-10,all_boards,10,4931,4923,0,-0.0039202013343746425,0.06549626954396642,0.029564960111447172,5,-0.009008809924125671,
2026-08-10,all_boards,20,4931,4909,0,0.2033672448939021,0.07978966971066145,0.05819614535578564,5,0.010464990511536598,
2026-08-10,buyable_mainboard,5,3011,3008,0,,0.036043204272022955,0.02099370434835233,5,0.010468081571161747,
2026-08-10,buyable_mainboard,10,3011,3006,0,0.022412336892041654,0.06110130710657249,0.027802156118508593,5,-0.009008809924125671,
2026-08-10,buyable_mainboard,20,3011,2995,0,0.2194066664149459,0.07712364589352816,0.05683639005592073,5,0.010464990511536598,
2026-08-11,all_boards,5,4932,4927,0,,0.03988624630665735,0.024306841259660334,5,0.0021482601296156645,
2026-08-11,all_boards,10,4932,4923,0,0.12547777127302753,0.056543865520788245,0.03180851636437832,5,0.00731589924544096,
2026-08-11,all_boards,20,4932,4910,0,0.23950793375371726,0.09331140333412273,0.06359962152755304,5,0.03526769205927849,
2026-08-11,buyable_mainboard,5,3011,3008,0,,0.035391912973049874,0.022112890409522495,5,0.0021482601296156645,
2026-08-11,buyable_mainboard,10,3011,3005,0,0.1638600158734248,0.051476543095012144,0.0295971587174163,5,0.00731589924544096,
2026-08-11,buyable_mainboard,20,3011,2996,0,0.21935544310044228,0.09547699860849958,0.06344389122501261,5,0.03526769205927849,
2026-08-12,all_boards,5,4933,4929,0,,0.05909229080641351,0.023404721953323198,5,-0.018898487091064453,
2026-08-12,all_boards,10,4933,4924,0,0.18791751182923658,0.06351055436226616,0.03301361437765723,5,-0.017519677057862282,
2026-08-12,all_boards,20,4933,4911,0,0.26173716093711286,0.08250447680481053,0.06223438663819107,5,0.013060444965958595,
2026-08-12,buyable_mainboard,5,3012,3009,0,,0.05459461439461274,0.02185369580961882,5,-0.018898487091064453,
2026-08-12,buyable_mainboard,10,3012,3005,0,0.18462435277940553,0.05661749488066548,0.02973616293057349,5,-0.017519677057862282,
2026-08-12,buyable_mainboard,20,3012,2996,0,0.2438630015299883,0.08446525137473168,0.06342290789903665,5,0.013060444965958595,
2026-08-13,all_boards,5,4934,4930,0,,0.04270675013393975,0.02416399626898422,5,-0.0022126808762550354,
2026-08-13,all_boards,10,4934,4926,0,-0.004844588333442584,0.055881090853010594,0.03257177211054433,5,-0.004512259736657143,
2026-08-13,all_boards,20,4934,4912,0,0.28944157237847495,0.07989054920233687,0.0724585426887835,5,0.01609085313975811,
2026-08-13,buyable_mainboard,5,3014,3010,0,,0.039961514507950976,0.0236997568071624,5,-0.0022126808762550354,
2026-08-13,buyable_mainboard,10,3014,3007,0,0.03794793086284438,0.05219891085357589,0.030900536265665184,5,-0.004512259736657143,
2026-08-13,buyable_mainboard,20,3014,2998,0,0.27485224449718565,0.08090176593069671,0.07443985787449306,5,0.01609085313975811,
2026-08-14,all_boards,5,4943,4939,0,,0.04083887407026383,0.024947603896796688,5,-0.010761791840195656,
2026-08-14,all_boards,10,4943,4932,0,-0.02516428514768511,0.053897522050896256,0.03323523258928314,5,0.023137908428907394,
2026-08-14,all_boards,20,4943,4921,0,0.30488570658550357,0.07401692623322857,0.06872044389118279,5,0.02027277834713459,
2026-08-14,buyable_mainboard,5,3017,3013,0,,0.03725380711163823,0.024124738842160463,5,-0.010761791840195656,
2026-08-14,buyable_mainboard,10,3017,3007,0,-0.03742398357395997,0.05124492776533404,0.03118668400808661,5,0.023137908428907394,
2026-08-14,buyable_mainboard,20,3017,3001,0,0.2804822568481893,0.07308702723559156,0.07375558413624934,5,0.02027277834713459,
2026-08-17,all_boards,5,4944,4941,0,,0.05957709724099844,0.033819015710205,5,-0.017082655802369118,
2026-08-17,all_boards,10,4944,4932,0,0.24961958409086585,0.05351065506823423,0.03746401333449317,5,0.010381000116467476,
2026-08-17,all_boards,20,4944,4921,0,0.3685370947040042,0.07160315257700833,0.05777548719539232,5,0.009889150969684124,
2026-08-17,buyable_mainboard,5,3017,3015,0,,0.0510162424736722,0.029153704071316625,5,-0.017082655802369118,
2026-08-17,buyable_mainboard,10,3017,3008,0,0.25377901831541405,0.04960870039561015,0.03245392372771145,5,0.010381000116467476,
2026-08-17,buyable_mainboard,20,3017,3000,0,0.34397139614678,0.07050467653487899,0.06197116404357443,5,0.009889150969684124,
2026-08-18,all_boards,5,4945,4941,0,,0.04229080382787875,0.0293034607433053,5,0.004117550794035196,
2026-08-18,all_boards,10,4945,4933,0,0.2629218355957585,0.05749652299246091,0.03168793036075506,5,0.0336788147687912,
2026-08-18,all_boards,20,4945,4919,0,0.2652720353775191,0.06798028731578783,0.07392386089322515,5,0.008402318693697453,
2026-08-18,buyable_mainboard,5,3018,3015,0,,0.03612692258510052,0.025015254782996876,5,0.004117550794035196,
2026-08-18,buyable_mainboard,10,3018,3009,0,0.25100877187644477,0.054459278733743774,0.028462989725324257,5,0.0336788147687912,
2026-08-18,buyable_mainboard,20,3018,2998,0,0.24906527996408856,0.0658953953931773,0.07945487349642334,5,0.008402318693697453,
2026-08-19,all_boards,5,4950,4945,0,,0.03963550044427061,0.027760507615156544,5,0.024732565507292747,
2026-08-19,all_boards,10,4950,4937,0,0.020607778256465446,0.06242566056505153,0.033409492214804784,5,0.036319803446531296,
2026-08-19,all_boards,20,4950,4924,0,0.07706289509571268,0.08190407569519809,0.09275270909109626,5,0.017581505700945854,
2026-08-19,buyable_mainboard,5,3021,3017,0,,0.03738755608589109,0.02681031964208255,5,0.024732565507292747,
2026-08-19,buyable_mainboard,10,3021,3012,0,-0.001970565754560217,0.06005975610633873,0.03244094257302256,5,0.036319803446531296,
2026-08-19,buyable_mainboard,20,3021,3001,0,0.08038423181432953,0.07828569118067001,0.09736038844834635,5,0.017581505700945854,
2026-08-20,all_boards,5,4955,4951,0,,0.03772097582709372,0.02399241324090918,5,0.03074786067008972,
2026-08-20,all_boards,10,4955,4943,0,0.02537576896834844,0.056446352157493725,0.030617786115012622,5,0.030728042125701904,
2026-08-20,all_boards,20,4955,4930,0,0.046450989241555,0.07613307179449352,0.07885134786801568,5,0.010071424767374992,
2026-08-20,buyable_mainboard,5,3026,3023,0,,0.036081871554599736,0.02380282572224263,5,0.03074786067008972,
2026-08-20,buyable_mainboard,10,3026,3018,0,0.0034392679885407286,0.05362617120774814,0.030266697779810323,5,0.030728042125701904,
2026-08-20,buyable_mainboard,20,3026,3007,0,0.04486345032321735,0.07304321240974629,0.08260189981992795,5,0.010071424767374992,
2026-08-21,all_boards,5,4964,4957,0,,0.03777751861790623,0.024595369763655745,5,0.03661394864320755,
2026-08-21,all_boards,10,4964,4951,0,0.012853900062039566,0.05773186381837653,0.031458923747453765,5,0.04475022107362747,
2026-08-21,all_boards,20,4964,4939,0,-0.014577814515745947,0.07632153173210299,0.08259576007545691,5,0.023311611264944077,
2026-08-21,buyable_mainboard,5,3035,3029,0,,0.03781388284027845,0.025770004132075537,5,0.03661394864320755,
2026-08-21,buyable_mainboard,10,3035,3026,0,-0.02463563839452159,0.05477505078362878,0.032043983823495305,5,0.04475022107362747,
2026-08-21,buyable_mainboard,20,3035,3016,0,0.017467067325091724,0.07257993358305853,0.08783111849542911,5,0.023311611264944077,
2026-08-24,all_boards,5,4978,4969,0,,0.052228561553715705,0.03396096736376915,5,0.03892984613776207,
2026-08-24,all_boards,10,4978,4964,0,-6.586854772930793e-05,0.06464551335238898,0.04106276677609765,5,0.05013495683670044,
2026-08-24,all_boards,20,4978,4952,0,-0.12150704604775399,0.0980190051169906,0.09746725508849476,5,0.05836539715528488,
2026-08-24,buyable_mainboard,5,3045,3038,0,,0.04847595160777728,0.0349324776096359,5,0.03892984613776207,
2026-08-24,buyable_mainboard,10,3045,3034,0,-0.056934184226480916,0.0631626272661512,0.04206487673369471,5,0.05013495683670044,
2026-08-24,buyable_mainboard,20,3045,3026,0,-0.08835272068113831,0.09142280383635477,0.0984575093215959,5,0.05836539715528488,
2026-08-25,all_boards,5,5013,5005,0,,0.0417958559446561,0.030096212864126365,5,0.06159960478544235,
2026-08-25,all_boards,10,5013,5000,0,-0.0119856935349225,0.05672368908800668,0.034890457911457375,5,0.08312732726335526,
2026-08-25,all_boards,20,5013,4988,0,-0.13810044360600926,0.08777551960952053,0.08647725524059388,5,0.06683258712291718,
2026-08-25,buyable_mainboard,5,3072,3066,0,,0.04039704135349532,0.031769434963081565,5,0.06159960478544235,
2026-08-25,buyable_mainboard,10,3072,3063,0,-0.07387641773066952,0.056955870959045474,0.03611440622124424,5,0.08312732726335526,
2026-08-25,buyable_mainboard,20,3072,3054,0,-0.09073045684534263,0.07904950229208743,0.08903628384084025,5,0.06683258712291718,
2026-08-26,all_boards,5,5046,5038,0,,0.03921859779931185,0.031707945598468214,5,0.011297991499304771,
2026-08-26,all_boards,10,5046,5033,0,-0.0008434451935287633,0.05424035501336837,0.046538677363664745,5,0.023849207907915115,
2026-08-26,all_boards,20,5046,5022,0,-0.1626364712732608,0.09218773997904868,0.09369312667756335,5,-0.0017092075431719422,
2026-08-26,buyable_mainboard,5,3095,3090,0,,0.03620736887779291,0.031159491479814803,5,0.011297991499304771,
2026-08-26,buyable_mainboard,10,3095,3086,0,-0.05256381666026204,0.05256191551362285,0.04716119364697274,5,0.023849207907915115,
2026-08-26,buyable_mainboard,20,3095,3078,0,-0.07234683861544207,0.07648929733284043,0.09243009843583078,5,-0.0017092075431719422,
2026-08-27,all_boards,5,5048,5040,0,,0.03762162360228014,0.02953418156024296,5,0.008516927249729633,
2026-08-27,all_boards,10,5048,5034,0,0.29204990714239953,0.05326931746572799,0.03552754082551977,5,0.01951642706990242,
2026-08-27,all_boards,20,5048,5023,0,0.04264811061810497,0.07294397817602208,0.04029630461933235,5,-0.013442439958453178,
2026-08-27,buyable_mainboard,5,3096,3091,0,,0.03448289913148581,0.02975851812329994,5,0.008516927249729633,
2026-08-27,buyable_mainboard,10,3096,3087,0,0.263525758677283,0.050806450357599287,0.035899778628227005,5,0.01951642706990242,
2026-08-27,buyable_mainboard,20,3096,3079,0,0.11466378150261465,0.06598849348745173,0.04048896467514405,5,-0.013442439958453178,
2026-08-28,all_boards,5,5046,5040,0,,0.037409902304380446,0.031003156001278526,5,0.01722036674618721,
2026-08-28,all_boards,10,5046,5035,0,0.12910537783622672,0.05194296507740206,0.032530767066915725,5,0.0057615735568106174,
2026-08-28,all_boards,20,5046,0,0,,,,0,,
2026-08-28,buyable_mainboard,5,3094,3091,0,,0.035310087258198584,0.029716871542798427,5,0.016357045620679855,
2026-08-28,buyable_mainboard,10,3094,3088,0,0.09100270635551419,0.0496627562483972,0.03172267803666364,5,0.006159001495689154,
2026-08-28,buyable_mainboard,20,3094,0,0,,,,0,,
2026-08-31,all_boards,5,5046,5041,0,,0.03594952293730593,0.028820018839737935,5,0.008336527273058891,
2026-08-31,all_boards,10,5046,5035,0,0.18788382326090228,0.05035907150709452,0.03443174277126148,5,0.014817161485552788,
2026-08-31,all_boards,20,5046,0,0,,,,0,,
2026-08-31,buyable_mainboard,5,3095,3091,0,,0.03421282234426362,0.029139325382131053,5,0.008336527273058891,
2026-08-31,buyable_mainboard,10,3095,3087,0,0.17417400190867977,0.04719847089652554,0.03153423578962122,5,0.014817161485552788,
2026-08-31,buyable_mainboard,20,3095,0,0,,,,0,,
2026-09-01,all_boards,5,5047,5042,0,,0.032973916671403106,0.026083042692968444,5,0.015320648439228535,
2026-09-01,all_boards,10,5047,5032,0,0.13584157672083405,0.058853056651984065,0.02992513643504799,5,-0.003552605165168643,
2026-09-01,all_boards,20,5047,0,0,,,,0,,
2026-09-01,buyable_mainboard,5,3095,3092,0,,0.03171575610501719,0.026218948401307143,5,0.015320648439228535,
2026-09-01,buyable_mainboard,10,3095,3084,0,0.156907502600086,0.05579509499288748,0.02906165527549049,5,-0.003552605165168643,
2026-09-01,buyable_mainboard,20,3095,0,0,,,,0,,
2026-09-02,all_boards,5,5051,5046,0,,0.03717403371704729,0.022862925572281662,5,0.011927967891097069,
2026-09-02,all_boards,10,5051,5037,0,0.11213064060393417,0.05273942276722566,0.03213525192807584,5,-0.025695601478219032,
2026-09-02,all_boards,20,5051,0,0,,,,0,,
2026-09-02,buyable_mainboard,5,3097,3093,0,,0.035098837961529086,0.02427295629138667,5,0.011927967891097069,
2026-09-02,buyable_mainboard,10,3097,3086,0,0.1236920956439737,0.049133312851868324,0.030044268774851165,5,-0.025695601478219032,
2026-09-02,buyable_mainboard,20,3097,0,0,,,,0,,
2026-09-03,all_boards,5,5052,5046,0,,0.04090365329244961,0.024301805404073767,5,0.023066427558660507,
2026-09-03,all_boards,10,5052,5038,0,-0.0407791474837555,0.049461925292442054,0.030358821738098247,5,0.005339509341865778,
2026-09-03,all_boards,20,5052,0,0,,,,0,,
2026-09-03,buyable_mainboard,5,3097,3093,0,,0.03787654582888825,0.02568499065779191,5,0.023066427558660507,
2026-09-03,buyable_mainboard,10,3097,3086,0,-0.04513029361066048,0.046600618297167586,0.02866689013365335,5,0.005339509341865778,
2026-09-03,buyable_mainboard,20,3097,0,0,,,,0,,
2026-09-04,all_boards,5,5053,5047,0,,0.045527893965489855,0.025447882634446896,5,-2.7490406864671968e-05,
2026-09-04,all_boards,10,5053,5040,0,0.11544136079798409,0.05378464203575864,0.027451750308448233,5,0.011988319456577301,
2026-09-04,all_boards,20,5053,0,0,,,,0,,
2026-09-04,buyable_mainboard,5,3097,3094,0,,0.04180737861285233,0.024971143021230623,5,-2.7490406864671968e-05,
2026-09-04,buyable_mainboard,10,3097,3087,0,0.11286010862624216,0.048135818278809354,0.026621010304868603,5,0.011988319456577301,
2026-09-04,buyable_mainboard,20,3097,0,0,,,,0,,
2026-09-07,all_boards,5,5054,5047,0,,0.04849671338623684,0.027133304086382197,5,0.011283524334430695,
2026-09-07,all_boards,10,5054,5041,0,0.06652766038631402,0.05045718342184025,0.029473767119299225,5,0.014561062678694725,
2026-09-07,all_boards,20,5054,0,0,,,,0,,
2026-09-07,buyable_mainboard,5,3098,3094,0,,0.04532372915122417,0.025027487429651097,5,0.011283524334430695,
2026-09-07,buyable_mainboard,10,3098,3090,0,0.07464544214880016,0.04562778761251028,0.029202368854972065,5,0.014561062678694725,
2026-09-07,buyable_mainboard,20,3098,0,0,,,,0,,
2026-09-08,all_boards,5,5053,5043,0,,0.06260506894208694,0.029379331896212526,5,-0.039562810212373734,
2026-09-08,all_boards,10,5053,5040,0,0.1448911110666343,0.051578970420841946,0.028857444629348517,5,-0.01587541401386261,
2026-09-08,all_boards,20,5053,0,0,,,,0,,
2026-09-08,buyable_mainboard,5,3098,3090,0,,0.0625567023659212,0.028390746003812695,5,-0.039562810212373734,
2026-09-08,buyable_mainboard,10,3098,3089,0,0.16094691092942548,0.04618323747637091,0.029198052422253058,5,-0.01587541401386261,
2026-09-08,buyable_mainboard,20,3098,0,0,,,,0,,
2026-09-09,all_boards,5,5057,5048,0,,0.05305451926751653,0.026972940727764516,5,-0.030246013775467873,
2026-09-09,all_boards,10,5057,5045,0,0.16920874944424188,0.0610304539628964,0.02429478410206366,5,-0.0013682050630450249,
2026-09-09,all_boards,20,5057,0,0,,,,0,,
2026-09-09,buyable_mainboard,5,3101,3094,0,,0.05543160715336901,0.02841843299899839,5,-0.033503543585538864,
2026-09-09,buyable_mainboard,10,3101,3093,0,0.1561707651608382,0.052548495756552904,0.026037688745321228,5,-0.016198862344026566,
2026-09-09,buyable_mainboard,20,3101,0,0,,,,0,,
2026-09-10,all_boards,5,5059,5051,0,,0.04411233680644207,0.019681718261175103,5,-0.012313966639339924,
2026-09-10,all_boards,10,5059,5047,0,0.13091747853197344,0.060824527396263456,0.024066836863606614,5,-0.004834675695747137,
2026-09-10,all_boards,20,5059,0,0,,,,0,,
2026-09-10,buyable_mainboard,5,3104,3097,0,,0.04464285464022568,0.021062193971106157,5,-0.012313966639339924,
2026-09-10,buyable_mainboard,10,3104,3096,0,0.10182199003205036,0.052619796608493495,0.02429854019935195,5,-0.004834675695747137,
2026-09-10,buyable_mainboard,20,3104,0,0,,,,0,,
2026-09-11,all_boards,5,5061,5054,0,,0.0449340418035749,0.023630516186830514,5,0.012574312277138233,
2026-09-11,all_boards,10,5061,0,0,,,,0,,
2026-09-11,all_boards,20,5061,0,0,,,,0,,
2026-09-11,buyable_mainboard,5,3106,3099,0,,0.03651477575447002,0.02156058240029923,5,0.0014302104245871305,
2026-09-11,buyable_mainboard,10,3106,0,0,,,,0,,
2026-09-11,buyable_mainboard,20,3106,0,0,,,,0,,
2026-09-14,all_boards,5,5059,5053,0,,0.04424671724643371,0.018412334142389523,5,0.03352849557995796,
2026-09-14,all_boards,10,5059,0,0,,,,0,,
2026-09-14,all_boards,20,5059,0,0,,,,0,,
2026-09-14,buyable_mainboard,5,3104,3100,0,,0.036333509932561445,0.016824991978163187,5,0.05296908691525459,
2026-09-14,buyable_mainboard,10,3104,0,0,,,,0,,
2026-09-14,buyable_mainboard,20,3104,0,0,,,,0,,
2026-09-15,all_boards,5,5056,5053,1,,0.055490861713458496,0.029817960112928966,5,0.09391559660434723,0.17501585185527802
2026-09-15,all_boards,10,5056,0,1,,,,0,,
2026-09-15,all_boards,20,5056,0,1,,,,0,,
2026-09-15,buyable_mainboard,5,3100,3099,1,,0.04564737965165958,0.027577200066089096,5,0.09825602918863297,0.17501585185527802
2026-09-15,buyable_mainboard,10,3100,0,1,,,,0,,
2026-09-15,buyable_mainboard,20,3100,0,1,,,,0,,
2026-09-16,all_boards,5,5057,5054,0,,0.04573769033424598,0.024294999681490233,5,0.04053262248635292,
2026-09-16,all_boards,10,5057,0,0,,,,0,,
2026-09-16,all_boards,20,5057,0,0,,,,0,,
2026-09-16,buyable_mainboard,5,3100,3099,0,,0.0372813335361515,0.022932450263251355,5,0.04053262248635292,
2026-09-16,buyable_mainboard,10,3100,0,0,,,,0,,
2026-09-16,buyable_mainboard,20,3100,0,0,,,,0,,
2026-09-17,all_boards,5,5058,5054,4971,,0.037973252187699674,0.02478072910950798,5,0.005773779936134815,0.013256351463496685
2026-09-17,all_boards,10,5058,0,4971,,,,0,,
2026-09-17,all_boards,20,5058,0,4971,,,,0,,
2026-09-17,buyable_mainboard,5,3100,3099,3052,,0.034594901465153906,0.023222581929811612,5,0.003195152385160327,0.006453481502830982
2026-09-17,buyable_mainboard,10,3100,0,3052,,,,0,,
2026-09-17,buyable_mainboard,20,3100,0,3052,,,,0,,
2026-09-18,all_boards,5,5058,0,4839,,,,0,,
2026-09-18,all_boards,10,5058,0,4839,,,,0,,
2026-09-18,all_boards,20,5058,0,4839,,,,0,,
2026-09-18,buyable_mainboard,5,3100,0,2997,,,,0,,
2026-09-18,buyable_mainboard,10,3100,0,2997,,,,0,,
2026-09-18,buyable_mainboard,20,3100,0,2997,,,,0,,
2026-09-21,all_boards,5,5058,0,3085,,,,0,,
2026-09-21,all_boards,10,5058,0,3085,,,,0,,
2026-09-21,all_boards,20,5058,0,3085,,,,0,,
2026-09-21,buyable_mainboard,5,3101,0,2026,,,,0,,
2026-09-21,buyable_mainboard,10,3101,0,2026,,,,0,,
2026-09-21,buyable_mainboard,20,3101,0,2026,,,,0,,
2026-09-22,all_boards,5,5059,0,4847,,,,0,,
2026-09-22,all_boards,10,5059,0,4847,,,,0,,
2026-09-22,all_boards,20,5059,0,4847,,,,0,,
2026-09-22,buyable_mainboard,5,3101,0,2989,,,,0,,
2026-09-22,buyable_mainboard,10,3101,0,2989,,,,0,,
2026-09-22,buyable_mainboard,20,3101,0,2989,,,,0,,
2026-09-23,all_boards,5,5063,0,4817,,,,0,,
2026-09-23,all_boards,10,5063,0,4817,,,,0,,
2026-09-23,all_boards,20,5063,0,4817,,,,0,,
2026-09-23,buyable_mainboard,5,3104,0,2994,,,,0,,
2026-09-23,buyable_mainboard,10,3104,0,2994,,,,0,,
2026-09-23,buyable_mainboard,20,3104,0,2994,,,,0,,
