date,ts_code,actual_ret,pred_ensemble,risk_exposure,trend_score,selection_score,industry_rank,target_equity_weight,trend_weight
2019-01-31,801960.SI,0.12861591970811226,0.9724137931034482,1.0,0.30344827586206896,0.9724137931034482,1,0.2,0.0
2019-01-31,801030.SI,0.1793120172773528,0.9241379310344828,1.0,0.306896551724138,0.9241379310344828,2,0.2,0.0
2019-01-31,801880.SI,0.15702613176297398,0.9068965517241379,1.0,0.6000000000000001,0.9068965517241379,3,0.2,0.0
2019-01-31,801720.SI,0.14399025536834986,0.9034482758620689,1.0,0.48275862068965514,0.9034482758620689,4,0.2,0.0
2019-01-31,801730.SI,0.17077446943734476,0.7655172413793103,1.0,0.8862068965517241,0.7655172413793103,5,0.2,0.0
2019-02-28,801030.SI,0.09610422866365864,0.9482758620689655,1.0,0.3413793103448276,1.0036501847345076,1,0.2,0.0
2019-02-28,801890.SI,0.09378740933737073,0.9517241379310345,1.0,0.710344827586207,0.9517241379310345,2,0.2,0.0
2019-02-28,801880.SI,0.03894848010586438,0.8827586206896552,1.0,0.47241379310344833,0.9381329433551973,3,0.2,0.0
2019-02-28,801740.SI,0.10793159048499001,0.9172413793103449,1.0,0.789655172413793,0.9172413793103449,4,0.2,0.0
2019-02-28,801180.SI,0.11857409882425873,0.9137931034482758,1.0,0.43793103448275866,0.9137931034482758,5,0.2,0.0
2019-03-31,801890.SI,-0.04706147445337716,0.9275862068965517,1.0,0.6310344827586206,0.979227190958868,1,0.2,0.0
2019-03-31,801180.SI,-0.03965245925768801,0.9,1.0,0.7448275862068965,0.9516409840623163,2,0.2,0.0
2019-03-31,801730.SI,-0.05081937950070958,0.8758620689655172,1.0,0.6,0.8758620689655172,3,0.2,0.0
2019-03-31,801030.SI,-0.013960518351497808,0.8103448275862069,1.0,0.45862068965517244,0.8619858116485232,4,0.2,0.0
2019-03-31,801140.SI,-0.06697343551872914,0.8551724137931034,1.0,0.710344827586207,0.8551724137931034,5,0.2,0.0
2019-04-30,801890.SI,-0.05659755943081535,0.9310344827586207,1.0,0.5448275862068965,0.9801313024805907,1,0.2,0.0
2019-04-30,801740.SI,-0.01566690190543396,0.9172413793103449,1.0,0.503448275862069,0.9172413793103449,2,0.2,0.0
2019-04-30,801010.SI,-0.017263242757527997,0.903448275862069,1.0,0.9931034482758622,0.903448275862069,3,0.2,0.0
2019-04-30,801140.SI,-0.07448608914910892,0.8275862068965517,1.0,0.5379310344827586,0.8766830266185217,4,0.2,0.0
2019-04-30,801180.SI,-0.07454188924200422,0.8206896551724138,1.0,0.43448275862068964,0.8697864748943838,5,0.2,0.0
2019-05-31,801740.SI,-0.0006183682248349642,0.9482758620689655,1.0,0.810344827586207,0.9989127100021534,1,0.2,0.0
2019-05-31,801180.SI,0.009033166259942771,0.9310344827586208,1.0,0.5379310344827586,0.9816713306918087,2,0.2,0.0
2019-05-31,801140.SI,-0.005337987911027353,0.8275862068965517,1.0,0.5,0.8782230548297396,3,0.2,0.0
2019-05-31,801730.SI,-0.013667803214807539,0.8586206896551725,1.0,0.4655172413793104,0.8586206896551725,4,0.2,0.0
2019-05-31,801890.SI,0.019755981846338422,0.796551724137931,1.0,0.5724137931034483,0.8471885720711189,5,0.2,0.0
2019-06-30,801890.SI,-0.0039940308988763995,0.8793103448275862,1.0,0.5172413793103449,0.9307126275221679,1,0.2,0.0
2019-06-30,801180.SI,-0.015008194406563202,0.8655172413793104,1.0,0.42758620689655175,0.9169195240738921,2,0.2,0.0
2019-06-30,801740.SI,0.04998430704389545,0.8275862068965517,1.0,0.5,0.8789884895911334,3,0.2,0.0
2019-06-30,801720.SI,-0.025825577263055566,0.8344827586206897,1.0,0.19310344827586207,0.8344827586206897,4,0.2,0.0
2019-06-30,801200.SI,-0.04308082023772675,0.8206896551724138,1.0,0.48965517241379314,0.8206896551724138,5,0.2,0.0
2019-07-31,801230.SI,-0.01153701480386049,1.0,1.0,0.4413793103448276,1.0,1,0.2,0.0
2019-07-31,801180.SI,-0.06717407232245898,0.9103448275862069,1.0,0.46551724137931033,0.9643566351144831,2,0.2,0.0
2019-07-31,801140.SI,-0.015841886520558623,0.9275862068965517,1.0,0.32068965517241377,0.9275862068965517,3,0.2,0.0
2019-07-31,801750.SI,0.03136054586367942,0.8896551724137931,1.0,0.7034482758620689,0.8896551724137931,4,0.2,0.0
2019-07-31,801730.SI,-0.01401442661563379,0.8620689655172413,1.0,0.506896551724138,0.8620689655172413,5,0.2,0.0
2019-08-31,801140.SI,0.0008581776573204358,0.9241379310344828,1.0,0.3586206896551724,0.9755653228258725,1,0.2,0.0
2019-08-31,801180.SI,0.012871838518845324,0.8448275862068966,1.0,0.1413793103448276,0.8962549779982862,2,0.2,0.0
2019-08-31,801200.SI,-0.011992331227763109,0.8586206896551725,1.0,0.43103448275862066,0.8586206896551725,3,0.2,0.0
2019-08-31,801230.SI,0.0025386796780517695,0.796551724137931,1.0,0.47241379310344833,0.8479791159293206,4,0.2,0.0
2019-08-31,801980.SI,0.005782885120844572,0.8275862068965518,1.0,0.8068965517241379,0.8275862068965518,5,0.2,0.0
2019-09-30,801880.SI,-0.014550705320448665,0.9482758620689655,1.0,0.4,0.9482758620689655,1,0.2,0.0
2019-09-30,801950.SI,-0.028048918724888794,0.9310344827586207,1.0,0.30344827586206896,0.9310344827586207,2,0.2,0.0
2019-09-30,801010.SI,0.1259784115697462,0.9310344827586207,1.0,0.5724137931034483,0.9310344827586207,3,0.2,0.0
2019-09-30,801180.SI,0.020117953399589217,0.7724137931034483,1.0,0.3206896551724138,0.8241648534203857,4,0.2,0.0
2019-09-30,801110.SI,0.04803849207927646,0.8103448275862069,1.0,0.7172413793103448,0.8103448275862069,5,0.2,0.0
2019-10-31,801880.SI,0.01843440036068511,0.9103448275862069,1.0,0.25517241379310346,0.9592690452348592,1,0.2,0.0
2019-10-31,801010.SI,-0.09573178866850485,0.8275862068965517,1.0,0.8241379310344827,0.876510424545204,2,0.2,0.0
2019-10-31,801210.SI,-0.044744089739466086,0.8724137931034482,1.0,0.6137931034482759,0.8724137931034482,3,0.2,0.0
2019-10-31,801200.SI,-0.04072784113288641,0.8413793103448276,1.0,0.3551724137931035,0.8413793103448276,4,0.2,0.0
2019-10-31,801760.SI,-0.011568582848601072,0.8,1.0,0.7758620689655172,0.8,5,0.2,0.0
2019-11-30,801210.SI,0.08231749555872403,0.9413793103448276,1.0,0.28965517241379307,0.9959925481307732,1,0.2,0.0
2019-11-30,801710.SI,0.14377078351474704,0.9517241379310344,1.0,0.9310344827586208,0.9517241379310344,2,0.2,0.0
2019-11-30,801120.SI,0.04601040115873256,0.9172413793103448,1.0,0.5551724137931034,0.9172413793103448,3,0.2,0.0
2019-11-30,801010.SI,0.016831932721449228,0.8620689655172413,1.0,0.1586206896551724,0.916682203303187,4,0.2,0.0
2019-11-30,801740.SI,0.05666094428653179,0.9103448275862069,1.0,0.25172413793103454,0.9103448275862069,5,0.2,0.0
2019-12-31,801010.SI,-0.04006529427768202,0.9655172413793103,1.0,0.33793103448275863,1.0161074390385567,1,0.2,0.0
2019-12-31,801120.SI,-0.058685391683798604,0.8551724137931034,1.0,0.47586206896551725,0.9057626114523499,2,0.2,0.0
2019-12-31,801980.SI,0.010263802618228679,0.9034482758620689,1.0,0.46206896551724136,0.9034482758620689,3,0.2,0.0
2019-12-31,801740.SI,0.0316497838226546,0.8482758620689654,1.0,0.2,0.898866059728212,4,0.2,0.0
2019-12-31,801180.SI,-0.06589924772441891,0.8724137931034484,1.0,0.7620689655172413,0.8724137931034484,5,0.2,0.0
2020-01-31,801120.SI,-0.02401867952580017,1.0,1.0,0.2586206896551724,1.0500721409244258,1,0.2,0.0
2020-01-31,801740.SI,0.008536711300815902,0.9103448275862069,1.0,0.6310344827586207,0.9604169685106329,2,0.2,0.0
2020-01-31,801710.SI,0.07158773483208791,0.9172413793103448,1.0,0.7241379310344827,0.9172413793103448,3,0.2,0.0
2020-01-31,801010.SI,0.0824925367494238,0.8620689655172413,1.0,0.09310344827586206,0.9121411064416672,4,0.2,0.0
2020-01-31,801180.SI,-0.019329334447368063,0.8275862068965517,1.0,0.3482758620689655,0.8776583478209776,5,0.2,0.0
2020-02-29,801750.SI,-0.12811190368838843,1.0,1.0,0.9655172413793104,1.0,1,0.2,0.0
2020-02-29,801080.SI,-0.20437596938310032,0.9137931034482758,1.0,0.9724137931034483,0.9137931034482758,2,0.2,0.0
2020-02-29,801730.SI,-0.0805549124025623,0.8482758620689654,1.0,0.7758620689655172,0.8482758620689654,3,0.2,0.0
2020-02-29,801010.SI,0.11299716074379207,0.7275862068965517,1.0,0.5413793103448276,0.7766442614111462,4,0.2,0.0
2020-02-29,801740.SI,-0.08440561111300737,0.7137931034482758,1.0,0.5137931034482759,0.7628511579628703,5,0.2,0.0
2020-03-31,801080.SI,0.11424079377389651,1.0,1.0,0.5241379310344827,1.0477867552419968,1,0.2,0.0
2020-03-31,801750.SI,0.0755829525273295,0.8482758620689654,1.0,0.7310344827586207,0.8960626173109624,2,0.2,0.0
2020-03-31,801110.SI,0.07653987238512605,0.8793103448275862,1.0,0.17586206896551726,0.8793103448275862,3,0.2,0.0
2020-03-31,801760.SI,0.05558450581900298,0.8103448275862069,1.0,0.4413793103448276,0.8103448275862069,4,0.2,0.0
2020-03-31,801010.SI,-0.00315738574733071,0.7206896551724138,1.0,0.9896551724137932,0.7684764104144107,5,0.2,0.0
2020-04-30,801080.SI,-0.015388531995796817,0.9896551724137932,1.0,0.6206896551724138,1.0389181280432527,1,0.2,0.0
2020-04-30,801760.SI,0.023830538393645018,0.8103448275862069,1.0,0.5448275862068965,0.8596077832156663,2,0.2,0.0
2020-04-30,801050.SI,0.041198613655271776,0.8551724137931035,1.0,0.25517241379310346,0.8551724137931035,3,0.2,0.0
2020-04-30,801880.SI,-0.001995856634124493,0.8413793103448275,1.0,0.2793103448275862,0.8413793103448275,4,0.2,0.0
2020-04-30,801710.SI,-0.016152427675268255,0.8241379310344827,1.0,0.9482758620689655,0.8241379310344827,5,0.2,0.0
2020-05-31,801080.SI,0.19160564867942598,0.9827586206896551,1.0,0.3310344827586207,1.0328063302191528,1,0.2,0.0
2020-05-31,801770.SI,0.07804701564427452,0.9137931034482758,1.0,0.19655172413793104,0.9137931034482758,2,0.2,0.0
2020-05-31,801750.SI,0.1145726161570435,0.9137931034482758,1.0,0.41034482758620683,0.9137931034482758,3,0.2,0.0
2020-05-31,801230.SI,0.06933796929767033,0.8827586206896552,1.0,0.48275862068965525,0.8827586206896552,4,0.2,0.0
2020-05-31,801760.SI,0.16563413208649913,0.8206896551724138,1.0,0.5620689655172413,0.8707373647019114,5,0.2,0.0
2020-06-30,801230.SI,0.12005205936871421,0.9482758620689655,1.0,0.5689655172413793,0.9928621775455,1,0.2,0.0
2020-06-30,801880.SI,0.1421973568506505,0.9620689655172414,1.0,0.45517241379310347,0.9620689655172414,2,0.2,0.0
2020-06-30,801120.SI,0.17286250878024578,0.8551724137931035,1.0,0.8344827586206895,0.8551724137931035,3,0.2,0.0
2020-06-30,801050.SI,0.20294950311005522,0.806896551724138,1.0,0.4827586206896552,0.806896551724138,4,0.2,0.0
2020-06-30,801730.SI,0.2115806218365872,0.7689655172413794,1.0,0.7931034482758621,0.7689655172413794,5,0.2,0.0
2020-07-31,801760.SI,0.02995870178958926,0.9758620689655173,1.0,0.5862068965517241,0.9758620689655173,1,0.2,0.0
2020-07-31,801230.SI,0.02199556332820829,0.8689655172413793,1.0,0.4896551724137931,0.9219139186220165,2,0.2,0.0
2020-07-31,801150.SI,-0.027681337948046725,0.8724137931034482,1.0,0.9068965517241381,0.8724137931034482,3,0.2,0.0
2020-07-31,801120.SI,0.12040826126159776,0.7655172413793103,1.0,0.8758620689655172,0.8184656427599476,4,0.2,0.0
2020-07-31,801880.SI,0.04960903678446149,0.7275862068965517,1.0,0.5482758620689655,0.780534608277189,5,0.2,0.0
2020-08-31,801890.SI,-0.04145865137324478,0.9586206896551724,1.0,0.6551724137931034,0.9586206896551724,1,0.2,0.0
2020-08-31,801120.SI,-0.09181520053461079,0.8344827586206897,1.0,0.9724137931034482,0.8881424390573955,2,0.2,0.0
2020-08-31,801030.SI,-0.060199486233813215,0.8448275862068966,1.0,0.7586206896551725,0.8448275862068966,3,0.2,0.0
2020-08-31,801230.SI,-0.1074156167813215,0.7793103448275862,1.0,0.5,0.8329700252642921,4,0.2,0.0
2020-08-31,801880.SI,0.011246824207247652,0.7793103448275862,1.0,0.6172413793103448,0.8329700252642921,5,0.2,0.0
2020-09-30,801230.SI,0.018965517241379404,0.9482758620689655,1.0,0.2655172413793103,1.0028800791203012,1,0.2,0.0
2020-09-30,801980.SI,0.05672748369372793,1.0,1.0,0.35517241379310344,1.0,2,0.2,0.0
2020-09-30,801200.SI,-0.018752126209000464,0.8344827586206895,1.0,0.28620689655172415,0.8344827586206895,3,0.2,0.0
2020-09-30,801120.SI,0.041639557579700615,0.7793103448275862,1.0,0.7689655172413793,0.8339145618789218,4,0.2,0.0
2020-09-30,801760.SI,-0.028560163623370438,0.8206896551724138,1.0,0.40689655172413797,0.8206896551724138,5,0.2,0.0
2020-10-31,801210.SI,0.015808833012623813,0.9827586206896552,1.0,0.3413793103448276,0.9827586206896552,1,0.2,0.0
2020-10-31,801150.SI,-0.0663055883876954,0.9379310344827586,1.0,0.5275862068965518,0.9379310344827586,2,0.2,0.0
2020-10-31,801200.SI,-0.011522666223198086,0.8689655172413793,1.0,0.27241379310344827,0.9223936081383172,3,0.2,0.0
2020-10-31,801050.SI,0.20511651295056832,0.7793103448275862,1.0,0.4517241379310345,0.7793103448275862,4,0.2,0.0
2020-10-31,801880.SI,0.08008455735505793,0.7793103448275862,1.0,0.9689655172413794,0.7793103448275862,5,0.2,0.0
2020-11-30,801210.SI,0.24981336215258687,1.0,1.0,0.5655172413793104,1.0553746294238506,1,0.2,0.0
2020-11-30,801150.SI,0.09518135546650774,0.8827586206896552,1.0,0.2206896551724138,0.9381332501135057,2,0.2,0.0
2020-11-30,801120.SI,0.17986788868336068,0.9103448275862069,1.0,0.6241379310344828,0.9103448275862069,3,0.2,0.0
2020-11-30,801880.SI,-0.004273727911804248,0.806896551724138,1.0,0.9586206896551724,0.8622711811479885,4,0.2,0.0
2020-11-30,801050.SI,0.06110876421849776,0.7896551724137931,1.0,0.9068965517241379,0.8450298018376436,5,0.2,0.0
2020-12-31,801210.SI,0.01187183811129855,0.9517241379310345,1.0,0.8689655172413793,1.0037691198475198,1,0.2,0.0
2020-12-31,801030.SI,0.06650023567067498,0.9655172413793103,1.0,0.710344827586207,0.9655172413793103,2,0.2,0.0
2020-12-31,801230.SI,-0.0397298785371063,0.9,1.0,0.4620689655172414,0.9,3,0.2,0.0
2020-12-31,801010.SI,0.003194398303135726,0.8793103448275862,1.0,0.3793103448275862,0.8793103448275862,4,0.2,0.0
2020-12-31,801150.SI,0.0053364002109719255,0.7344827586206897,1.0,0.5655172413793104,0.7865277405371749,5,0.2,0.0
2021-01-31,801030.SI,0.04289755719031918,0.9551724137931034,1.0,0.8551724137931035,1.007555409671316,1,0.2,0.0
2021-01-31,801010.SI,0.08307774607703267,0.8689655172413793,1.0,0.4620689655172414,0.9213485131195918,2,0.2,0.0
2021-01-31,801880.SI,-0.051590176033238455,0.8620689655172414,1.0,0.8275862068965517,0.8620689655172414,3,0.2,0.0
2021-01-31,801150.SI,-0.016065881066194,0.7793103448275862,1.0,0.43103448275862066,0.8316933407057987,4,0.2,0.0
2021-01-31,801740.SI,-0.015702350032856582,0.803448275862069,1.0,0.4862068965517241,0.803448275862069,5,0.2,0.0
2021-02-28,801030.SI,-0.06490127575281246,0.9413793103448276,1.0,0.8275862068965517,0.9939151418245376,1,0.2,0.0
2021-02-28,801880.SI,-0.059128589596250336,0.8793103448275862,1.0,0.43448275862068964,0.9318461763072962,2,0.2,0.0
2021-02-28,801010.SI,-0.07562803846904664,0.8448275862068966,1.0,0.6517241379310346,0.8973634176866065,3,0.2,0.0
2021-02-28,801050.SI,-0.10210012382181999,0.896551724137931,1.0,0.9137931034482759,0.896551724137931,4,0.2,0.0
2021-02-28,801980.SI,-0.0045800504973686484,0.8172413793103448,1.0,0.6862068965517242,0.8172413793103448,5,0.2,0.0
2021-03-31,801210.SI,0.013222545914387762,0.9827586206896551,1.0,0.8724137931034484,0.9827586206896551,1,0.2,0.0
2021-03-31,801030.SI,0.03648138779983978,0.8896551724137931,1.0,0.6,0.9418276138816554,2,0.2,0.0
2021-03-31,801050.SI,0.09013414732895408,0.8655172413793104,1.0,0.5310344827586206,0.9176896828471727,3,0.2,0.0
2021-03-31,801730.SI,0.06870495088946704,0.896551724137931,1.0,0.48275862068965514,0.896551724137931,4,0.2,0.0
2021-03-31,801040.SI,0.08850467217486058,0.8448275862068966,1.0,0.9758620689655173,0.8448275862068966,5,0.2,0.0
2021-04-30,801040.SI,-0.008843745118366275,1.0,1.0,0.9689655172413794,1.0525949681791382,1,0.2,0.0
2021-04-30,801950.SI,0.038825662995768395,0.9206896551724139,1.0,0.8758620689655171,0.9206896551724139,2,0.2,0.0
2021-04-30,801210.SI,0.033481929687072975,0.8206896551724138,1.0,0.8413793103448275,0.873284623351552,3,0.2,0.0
2021-04-30,801030.SI,0.06929651077070131,0.8103448275862069,1.0,0.6068965517241379,0.8629397957653451,4,0.2,0.0
2021-04-30,801140.SI,0.008379917973222462,0.8344827586206895,1.0,0.6137931034482759,0.8344827586206895,5,0.2,0.0
2021-05-31,801030.SI,0.05371075641519396,0.9827586206896552,1.0,0.6344827586206896,1.0338599615315713,1,0.2,0.0
2021-05-31,801210.SI,-0.08669822587050569,0.8379310344827586,1.0,0.7448275862068966,0.8890323753246747,2,0.2,0.0
2021-05-31,801950.SI,0.02530601504900787,0.8206896551724138,1.0,0.8241379310344827,0.8717909960143299,3,0.2,0.0
2021-05-31,801050.SI,-0.0438692827825885,0.8275862068965517,1.0,0.7551724137931034,0.8275862068965517,4,0.2,0.0
2021-05-31,801130.SI,0.01953931356348293,0.7793103448275862,1.0,0.6482758620689655,0.7793103448275862,5,0.2,0.0
2021-06-30,801030.SI,0.05127979514253167,0.9827586206896551,1.0,0.8551724137931035,1.0343900647257223,1,0.2,0.0
2021-06-30,801960.SI,0.015531624318235293,0.9103448275862069,1.0,0.6448275862068966,0.9103448275862069,2,0.2,0.0
2021-06-30,801050.SI,0.27401585061339695,0.8448275862068966,1.0,0.6551724137931034,0.8964590302429637,3,0.2,0.0
2021-06-30,801210.SI,-0.19737708969719914,0.8103448275862069,1.0,0.2827586206896552,0.861976271622274,4,0.2,0.0
2021-06-30,801950.SI,0.01661221387608447,0.796551724137931,1.0,0.7551724137931035,0.8481831681739981,5,0.2,0.0
2021-07-31,801030.SI,0.12462121537286142,0.996551724137931,1.0,0.8862068965517241,1.0532009852131077,1,0.2,0.0
2021-07-31,801950.SI,0.27566168903042887,0.9379310344827587,1.0,0.7586206896551724,0.9945802955579353,2,0.2,0.0
2021-07-31,801730.SI,0.053703526869399054,0.9448275862068966,1.0,0.9655172413793104,0.9448275862068966,3,0.2,0.0
2021-07-31,801050.SI,0.1799989092421279,0.8344827586206897,1.0,0.9724137931034482,0.8911320196958662,4,0.2,0.0
2021-07-31,801960.SI,0.08502756018484825,0.7862068965517242,1.0,0.596551724137931,0.8428561576269007,5,0.2,0.0
2021-08-31,801730.SI,-0.03014095661083649,0.9724137931034482,1.0,0.8206896551724138,1.0246516362262192,1,0.2,0.0
2021-08-31,801030.SI,-0.03830865613425105,0.9482758620689655,1.0,0.8517241379310344,1.0005137051917365,2,0.2,0.0
2021-08-31,801960.SI,0.05337448982008497,0.7413793103448276,1.0,0.6517241379310346,0.7936171534675988,3,0.2,0.0
2021-08-31,801230.SI,-0.12149055981009582,0.7827586206896552,1.0,0.789655172413793,0.7827586206896552,4,0.2,0.0
2021-08-31,801050.SI,-0.18111045955728355,0.7206896551724138,1.0,0.9724137931034483,0.7729274982951849,5,0.2,0.0
2021-09-30,801960.SI,-0.09147730679297317,0.9896551724137932,1.0,0.8517241379310344,1.0425544665026663,1,0.2,0.0
2021-09-30,801730.SI,0.11700718983573899,0.8344827586206897,1.0,0.7517241379310344,0.8873820527095626,2,0.2,0.0
2021-09-30,801230.SI,0.014128978637652168,0.8206896551724137,1.0,0.38965517241379305,0.8735889492612866,3,0.2,0.0
2021-09-30,801170.SI,-0.017215327413796055,0.8241379310344827,1.0,0.5206896551724138,0.8241379310344827,4,0.2,0.0
2021-09-30,801970.SI,-0.09125842254830119,0.8103448275862069,1.0,0.7344827586206897,0.8103448275862069,5,0.2,0.0
2021-10-31,801730.SI,0.03347142223022748,1.0,1.0,0.9827586206896552,1.0542603178772854,1,0.2,0.0
2021-10-31,801080.SI,0.08530447760597637,0.9,1.0,0.403448275862069,0.9,2,0.2,0.0
2021-10-31,801880.SI,0.05222065826120814,0.8827586206896552,1.0,0.8310344827586207,0.8827586206896552,3,0.2,0.0
2021-10-31,801210.SI,-0.1661897748428235,0.8724137931034482,1.0,0.6448275862068965,0.8724137931034482,4,0.2,0.0
2021-10-31,801050.SI,0.08841935254862987,0.8517241379310344,1.0,0.45862068965517244,0.8517241379310344,5,0.2,0.0
2021-11-30,801050.SI,-0.06215481550209623,0.9551724137931034,1.0,0.5448275862068965,1.0116017539129663,1,0.2,0.0
2021-11-30,801880.SI,-0.04797536338719266,0.9482758620689655,1.0,0.7517241379310345,1.0047052021888285,2,0.2,0.0
2021-11-30,801730.SI,-0.08579218674913602,0.8586206896551725,1.0,0.8827586206896552,0.9150500297750354,3,0.2,0.0
2021-11-30,801080.SI,0.011380518364018322,0.8310344827586207,1.0,0.7999999999999999,0.8874638228784836,4,0.2,0.0
2021-11-30,801950.SI,0.07674081756732587,0.8758620689655172,1.0,0.28965517241379307,0.8758620689655172,5,0.2,0.0
2021-12-31,801950.SI,-0.042096041585358734,1.0,1.0,0.43448275862068964,1.0534137819727956,1,0.2,0.0
2021-12-31,801050.SI,-0.10737522211905937,0.9137931034482758,1.0,0.4758620689655173,0.9672068854210714,2,0.2,0.0
2021-12-31,801730.SI,-0.1081864931198937,0.8620689655172413,1.0,0.5344827586206897,0.9154827474900369,3,0.2,0.0
2021-12-31,801040.SI,-0.07358927767682988,0.8655172413793104,1.0,0.3068965517241379,0.8655172413793104,4,0.2,0.0
2021-12-31,801960.SI,-0.04840854539690642,0.810344827586207,1.0,0.33448275862068966,0.810344827586207,5,0.2,0.0
2022-01-31,801950.SI,0.1553258349045359,0.9827586206896551,1.0,0.7517241379310345,1.035087434351499,1,0.2,0.0
2022-01-31,801040.SI,0.07910013207947797,0.9206896551724137,1.0,0.3448275862068966,0.9730184688342577,2,0.2,0.0
2022-01-31,801730.SI,0.02543255922114751,0.896551724137931,1.0,0.2103448275862069,0.948880537799775,3,0.2,0.0
2022-01-31,801970.SI,0.0770485912141492,0.8655172413793104,1.0,0.6724137931034484,0.8655172413793104,4,0.2,0.0
2022-01-31,801230.SI,0.08543287613155481,0.7448275862068965,1.0,0.4655172413793104,0.7448275862068965,5,0.2,0.0
2022-02-28,801730.SI,-0.1009533445559927,0.9413793103448276,1.0,0.20344827586206896,0.9883771725169678,1,0.2,0.0
2022-02-28,801120.SI,-0.10261061880532174,0.896551724137931,1.0,0.43448275862068964,0.896551724137931,2,0.2,0.0
2022-02-28,801080.SI,-0.14973257590857747,0.8827586206896552,1.0,0.2793103448275862,0.8827586206896552,3,0.2,0.0
2022-02-28,801150.SI,0.00870543627980136,0.8413793103448275,1.0,0.3137931034482759,0.8413793103448275,4,0.2,0.0
2022-02-28,801970.SI,-0.09540191534257947,0.7931034482758621,1.0,0.6793103448275862,0.8401013104480023,5,0.2,0.0
2022-03-31,801730.SI,-0.15533573676592138,0.9482758620689655,1.0,0.3275862068965517,1.0018610989508416,1,0.2,0.0
2022-03-31,801080.SI,-0.1390666054561971,0.9034482758620689,1.0,0.05517241379310345,0.9570335127439449,2,0.2,0.0
2022-03-31,801950.SI,-0.0387937309764117,0.9482758620689655,1.0,0.9896551724137932,0.9482758620689655,3,0.2,0.0
2022-03-31,801760.SI,-0.13951921295126424,0.8724137931034484,1.0,0.5172413793103449,0.8724137931034484,4,0.2,0.0
2022-03-31,801230.SI,-0.12677583238267986,0.8448275862068966,1.0,0.9241379310344827,0.8448275862068966,5,0.2,0.0
2022-04-30,801950.SI,0.09727050817368155,0.8827586206896552,1.0,0.9586206896551724,0.9338689358050422,1,0.2,0.0
2022-04-30,801720.SI,0.016563464613782664,0.903448275862069,1.0,0.9103448275862068,0.903448275862069,2,0.2,0.0
2022-04-30,801770.SI,0.06084310401657489,0.8793103448275863,1.0,0.49999999999999994,0.8793103448275863,3,0.2,0.0
2022-04-30,801050.SI,0.07982793439460556,0.8551724137931034,1.0,0.5379310344827586,0.8551724137931034,4,0.2,0.0
2022-04-30,801890.SI,0.10414815660126675,0.8206896551724139,1.0,0.1482758620689655,0.8206896551724139,5,0.2,0.0
2022-05-31,801890.SI,0.1043201582778428,0.9517241379310345,1.0,0.30344827586206896,1.0046513613621357,1,0.2,0.0
2022-05-31,801950.SI,0.015829144115513172,0.9241379310344828,1.0,0.9517241379310345,0.977065154465584,2,0.2,0.0
2022-05-31,801050.SI,0.1196406354675088,0.8310344827586208,1.0,0.2655172413793103,0.8839617061897219,3,0.2,0.0
2022-05-31,801030.SI,0.08126292568592297,0.8724137931034484,1.0,0.5586206896551724,0.8724137931034484,4,0.2,0.0
2022-05-31,801230.SI,0.043988816402609654,0.8137931034482759,1.0,0.6793103448275862,0.8137931034482759,5,0.2,0.0
2022-06-30,801050.SI,-0.016247653848756483,0.9379310344827586,1.0,0.7724137931034484,0.977048181369608,1,0.2,0.0
2022-06-30,801970.SI,0.053251937074430655,0.8482758620689654,1.0,0.16896551724137931,0.8482758620689654,2,0.2,0.0
2022-06-30,801230.SI,0.01855323454145097,0.7551724137931035,1.0,0.4,0.7942895606799529,3,0.2,0.0
2022-06-30,801160.SI,0.04046392755672601,0.789655172413793,1.0,0.36551724137931035,0.789655172413793,4,0.2,0.0
2022-06-30,801030.SI,-0.02150702166003604,0.6931034482758621,1.0,0.5862068965517241,0.7322205951627115,5,0.2,0.0
2022-07-31,801010.SI,0.00520315585094866,0.996551724137931,1.0,0.7275862068965517,0.996551724137931,1,0.2,0.0
2022-07-31,801160.SI,-0.004563591022443858,0.903448275862069,1.0,0.7793103448275862,0.9585476733592504,2,0.2,0.0
2022-07-31,801970.SI,-0.060363319313785135,0.8620689655172413,1.0,0.789655172413793,0.9171683630144227,3,0.2,0.0
2022-07-31,801880.SI,-0.11849927671735527,0.893103448275862,1.0,0.9758620689655173,0.893103448275862,4,0.2,0.0
2022-07-31,801030.SI,-0.02748553507202056,0.8241379310344827,1.0,0.7241379310344828,0.8792373285316641,5,0.2,0.0
2022-08-31,801010.SI,-0.10378327426082179,0.9862068965517241,1.0,0.8896551724137931,1.0394256952039045,1,0.2,0.0
2022-08-31,801170.SI,-0.026708871588673078,0.896551724137931,1.0,0.503448275862069,0.896551724137931,2,0.2,0.0
2022-08-31,801950.SI,0.016902224244873754,0.8931034482758621,1.0,0.6724137931034483,0.8931034482758621,3,0.2,0.0
2022-08-31,801770.SI,-0.0826014764860653,0.8103448275862069,1.0,0.7931034482758621,0.8103448275862069,4,0.2,0.0
2022-08-31,801140.SI,-0.08053859521654716,0.8103448275862069,1.0,0.5758620689655172,0.8103448275862069,5,0.2,0.0
2022-09-30,801230.SI,0.010318314161255948,0.9758620689655173,1.0,0.8206896551724138,0.9758620689655173,1,0.2,0.0
2022-09-30,801740.SI,0.1163035096458962,0.9517241379310346,1.0,0.7448275862068965,0.9517241379310346,2,0.2,0.0
2022-09-30,801880.SI,-0.015063249621694919,0.9137931034482758,1.0,0.37586206896551727,0.9137931034482758,3,0.2,0.0
2022-09-30,801950.SI,-0.1258223015053359,0.796551724137931,1.0,1.0,0.8489175305351697,4,0.2,0.0
2022-09-30,801170.SI,-0.034122072990647734,0.7551724137931034,1.0,0.8689655172413794,0.8075382201903422,5,0.2,0.0
2022-10-31,801230.SI,0.09823107367982087,0.9620689655172414,1.0,0.8620689655172413,1.0147471939741177,1,0.2,0.0
2022-10-31,801880.SI,0.08037334372711769,0.8896551724137931,1.0,0.4517241379310345,0.9423334008706694,2,0.2,0.0
2022-10-31,801770.SI,0.011734847325626241,0.8689655172413793,1.0,0.8655172413793103,0.8689655172413793,3,0.2,0.0
2022-10-31,801010.SI,0.05329956645665068,0.8620689655172414,1.0,0.3758620689655172,0.8620689655172414,4,0.2,0.0
2022-10-31,801970.SI,0.07469312684858997,0.8517241379310345,1.0,0.596551724137931,0.8517241379310345,5,0.2,0.0
2022-11-30,801010.SI,0.01431843510063846,0.8931034482758621,1.0,0.14827586206896554,0.9435759902445474,1,0.2,0.0
2022-11-30,801950.SI,-0.10878577360365793,0.9379310344827586,1.0,0.33448275862068966,0.9379310344827586,2,0.2,0.0
2022-11-30,801140.SI,0.0087773696512905,0.906896551724138,1.0,0.6172413793103448,0.906896551724138,3,0.2,0.0
2022-11-30,801230.SI,0.022748538804735485,0.8379310344827586,1.0,0.8482758620689654,0.888403576451444,4,0.2,0.0
2022-11-30,801770.SI,-0.041289212234999595,0.7517241379310344,1.0,0.5379310344827586,0.8021966798997198,5,0.2,0.0
2022-12-31,801230.SI,0.0008585426652611972,0.9620689655172414,1.0,0.9137931034482759,1.016577595653213,1,0.2,0.0
2022-12-31,801010.SI,0.032821714414056125,0.9379310344827585,1.0,0.5,0.9924396646187301,2,0.2,0.0
2022-12-31,801950.SI,0.0515195401524593,0.9241379310344828,1.0,0.08620689655172413,0.9786465611704545,3,0.2,0.0
2022-12-31,801770.SI,0.09237983332245348,0.8827586206896552,1.0,0.5862068965517241,0.9372672508256268,4,0.2,0.0
2022-12-31,801960.SI,0.0789934375418524,0.896551724137931,1.0,0.1896551724137931,0.896551724137931,5,0.2,0.0
2023-01-31,801950.SI,0.029332422255913038,0.9241379310344827,1.0,0.2206896551724138,0.9757170380509707,1,0.2,0.0
2023-01-31,801960.SI,0.020036970871032178,0.9103448275862069,1.0,0.5758620689655173,0.9619239346026949,2,0.2,0.0
2023-01-31,801170.SI,-0.004776891785985282,0.9517241379310346,1.0,0.4103448275862069,0.9517241379310346,3,0.2,0.0
2023-01-31,801160.SI,0.011332819756956658,0.9275862068965517,1.0,0.14482758620689656,0.9275862068965517,4,0.2,0.0
2023-01-31,801770.SI,0.08588715701409311,0.8241379310344827,1.0,0.4241379310344827,0.8757170380509707,5,0.2,0.0
2023-02-28,801950.SI,-0.044459734188944444,0.9655172413793103,1.0,0.20689655172413793,1.0202829839892187,1,0.2,0.0
2023-02-28,801980.SI,-0.04664270632590939,0.9448275862068966,1.0,0.7862068965517242,0.9448275862068966,2,0.2,0.0
2023-02-28,801230.SI,-0.012325896300906858,0.893103448275862,1.0,0.4379310344827586,0.893103448275862,3,0.2,0.0
2023-02-28,801720.SI,0.028331253450363247,0.8793103448275862,1.0,0.403448275862069,0.8793103448275862,4,0.2,0.0
2023-02-28,801120.SI,-0.017446050390955925,0.8172413793103448,1.0,0.7551724137931035,0.8172413793103448,5,0.2,0.0
2023-03-31,801770.SI,0.034741007073371355,1.0,1.0,0.9310344827586207,1.0,1,0.2,0.0
2023-03-31,801230.SI,-0.0433186736568294,0.9310344827586207,1.0,0.42413793103448283,0.9865794074723823,2,0.2,0.0
2023-03-31,801210.SI,-0.05395233145570166,0.9655172413793103,1.0,0.6172413793103448,0.9655172413793103,3,0.2,0.0
2023-03-31,801120.SI,-0.0595865903887105,0.8862068965517241,1.0,0.596551724137931,0.9417518212654857,4,0.2,0.0
2023-03-31,801980.SI,-0.04872282929311744,0.7862068965517242,1.0,0.3,0.8417518212654858,5,0.2,0.0
2023-04-30,801770.SI,0.013619000840278117,0.8275862068965517,1.0,0.9517241379310345,0.877672254817753,1,0.2,0.0
2023-04-30,801960.SI,-0.08079222170432354,0.8586206896551725,1.0,0.8551724137931035,0.8586206896551725,2,0.2,0.0
2023-04-30,801980.SI,-0.0651335786035141,0.806896551724138,1.0,0.3931034482758621,0.8569825996453393,3,0.2,0.0
2023-04-30,801110.SI,-0.07372480821283822,0.8344827586206897,1.0,0.8206896551724138,0.8344827586206897,4,0.2,0.0
2023-04-30,801880.SI,-0.006332684955139611,0.8172413793103448,1.0,0.15172413793103448,0.8172413793103448,5,0.2,0.0
2023-05-31,801980.SI,-0.012482277212371384,0.9241379310344828,1.0,0.35172413793103446,0.9739307752132219,1,0.2,0.0
2023-05-31,801210.SI,-0.004092608395099284,0.906896551724138,1.0,0.5379310344827586,0.906896551724138,2,0.2,0.0
2023-05-31,801120.SI,0.005467300006406717,0.8620689655172413,1.0,0.4,0.8620689655172413,3,0.2,0.0
2023-05-31,801140.SI,0.03186860357409116,0.8620689655172413,1.0,0.3724137931034483,0.8620689655172413,4,0.2,0.0
2023-05-31,801110.SI,0.11249095330238523,0.8103448275862069,1.0,0.6448275862068966,0.8601376717649459,5,0.2,0.0
2023-06-30,801010.SI,0.056012089665015585,0.9827586206896552,1.0,0.2931034482758621,0.9827586206896552,1,0.2,0.0
2023-06-30,801140.SI,0.0560017165277098,0.906896551724138,1.0,0.6,0.9576325983214516,2,0.2,0.0
2023-06-30,801120.SI,0.0924272120015579,0.8068965517241379,1.0,0.20344827586206898,0.8576325983214516,3,0.2,0.0
2023-06-30,801030.SI,0.03913517227312502,0.8275862068965517,1.0,0.32413793103448274,0.8275862068965517,4,0.2,0.0
2023-06-30,801960.SI,0.04341466894977164,0.8172413793103448,1.0,0.6379310344827587,0.8172413793103448,5,0.2,0.0
2023-07-31,801760.SI,-0.011175694268946823,0.9517241379310344,1.0,0.32068965517241377,0.9517241379310344,1,0.2,0.0
2023-07-31,801960.SI,-0.033428493281821736,0.8896551724137931,1.0,0.4931034482758621,0.9376925849328787,2,0.2,0.0
2023-07-31,801750.SI,-0.03722537832773121,0.896551724137931,1.0,0.45172413793103444,0.896551724137931,3,0.2,0.0
2023-07-31,801130.SI,-0.05314753205545619,0.7931034482758621,1.0,0.7793103448275862,0.7931034482758621,4,0.2,0.0
2023-07-31,801010.SI,-0.08177666685747365,0.6689655172413793,1.0,0.43448275862068964,0.7170029297604649,5,0.2,0.0
2023-08-31,801760.SI,-0.07630271191253724,0.9862068965517242,1.0,0.5172413793103448,1.0338362765530107,1,0.2,0.0
2023-08-31,801750.SI,-0.04262112338247992,0.9482758620689655,1.0,0.5172413793103449,0.995905242070252,2,0.2,0.0
2023-08-31,801720.SI,-0.009126278879869387,0.9448275862068966,1.0,0.34827586206896555,0.9448275862068966,3,0.2,0.0
2023-08-31,801210.SI,-0.037079536458421214,0.8448275862068966,1.0,0.3137931034482759,0.8448275862068966,4,0.2,0.0
2023-08-31,801140.SI,-0.008618916991516845,0.7586206896551724,1.0,0.6655172413793103,0.7586206896551724,5,0.2,0.0
2023-09-30,801210.SI,-0.08124134945259665,0.906896551724138,1.0,0.19655172413793104,0.9499635313704827,1,0.2,0.0
2023-09-30,801750.SI,-0.03799078594512828,0.8310344827586207,1.0,0.12758620689655173,0.8741014624049654,2,0.2,0.0
2023-09-30,801720.SI,-0.056362402443162485,0.7758620689655172,1.0,0.46896551724137925,0.818929048611862,3,0.2,0.0
2023-09-30,801130.SI,-0.01912712016484852,0.7793103448275862,1.0,0.8275862068965517,0.7793103448275862,4,0.2,0.0
2023-09-30,801040.SI,-0.007476811146757578,0.7586206896551724,1.0,0.8379310344827586,0.7586206896551724,5,0.2,0.0
2023-10-31,801120.SI,0.005046544373606743,0.9172413793103449,1.0,0.45517241379310347,0.9172413793103449,1,0.2,0.0
2023-10-31,801720.SI,-0.017476356575209517,0.8620689655172413,1.0,0.1724137931034483,0.9129327460678865,2,0.2,0.0
2023-10-31,801180.SI,-0.014806478200295348,0.893103448275862,1.0,0.1482758620689655,0.893103448275862,3,0.2,0.0
2023-10-31,801760.SI,0.06000457800595149,0.8793103448275862,1.0,0.1896551724137931,0.8793103448275862,4,0.2,0.0
2023-10-31,801140.SI,0.004821029992499559,0.8793103448275862,1.0,0.7275862068965517,0.8793103448275862,5,0.2,0.0
2023-11-30,801120.SI,-0.05009772912347332,0.9310344827586207,1.0,0.506896551724138,0.97882408164633,1,0.2,0.0
2023-11-30,801750.SI,-0.01977960728759043,0.9655172413793103,1.0,0.3586206896551724,0.9655172413793103,2,0.2,0.0
2023-11-30,801770.SI,0.001781086679551791,0.9379310344827585,1.0,0.39655172413793105,0.9379310344827585,3,0.2,0.0
2023-11-30,801760.SI,-0.027501850937808547,0.8034482758620689,1.0,0.3275862068965517,0.8512378747497782,4,0.2,0.0
2023-11-30,801140.SI,-0.029862088502578765,0.7206896551724138,1.0,0.6517241379310343,0.7684792540601231,5,0.2,0.0
2023-12-31,801750.SI,-0.2365036794147053,0.8931034482758621,1.0,0.46896551724137936,0.9433175304769685,1,0.2,0.0
2023-12-31,801720.SI,-0.03548426426076223,0.9310344827586207,1.0,0.30344827586206896,0.9310344827586207,2,0.2,0.0
2023-12-31,801960.SI,-0.01218740543068586,0.903448275862069,1.0,0.5758620689655172,0.903448275862069,3,0.2,0.0
2023-12-31,801040.SI,-0.06920914721295857,0.9000000000000001,1.0,0.48275862068965514,0.9000000000000001,4,0.2,0.0
2023-12-31,801110.SI,-0.019624040935915965,0.8034482758620689,1.0,0.5620689655172414,0.8034482758620689,5,0.2,0.0
2024-01-31,801770.SI,0.19523204749590706,0.9344827586206896,1.0,0.5482758620689655,0.9344827586206896,1,0.2,0.0
2024-01-31,801760.SI,0.14824474173030366,0.9310344827586207,1.0,0.4862068965517241,0.9310344827586207,2,0.2,0.0
2024-01-31,801210.SI,0.06404051992025206,0.8413793103448276,1.0,0.37586206896551727,0.8413793103448276,3,0.2,0.0
2024-01-31,801140.SI,0.05221524103072572,0.8,1.0,0.41724137931034483,0.8,4,0.2,0.0
2024-01-31,801750.SI,0.17777226109757782,0.7413793103448276,1.0,0.0793103448275862,0.7930479176462194,5,0.2,0.0
2024-02-29,801750.SI,-0.004787336349241,0.9827586206896552,1.0,0.43793103448275866,1.0359675237227384,1,0.2,0.0
2024-02-29,801080.SI,0.010669314628581228,0.9827586206896551,1.0,0.4655172413793104,0.9827586206896551,2,0.2,0.0
2024-02-29,801150.SI,-0.022655829702844965,0.8793103448275861,1.0,0.41379310344827586,0.8793103448275861,3,0.2,0.0
2024-02-29,801740.SI,0.044114553838686454,0.8448275862068966,1.0,0.4,0.8448275862068966,4,0.2,0.0
2024-02-29,801210.SI,0.020841020487738504,0.7241379310344828,1.0,0.2103448275862069,0.7773468340675658,5,0.2,0.0
2024-03-31,801130.SI,-0.014297548153124673,0.8344827586206895,1.0,0.6517241379310345,0.8344827586206895,1,0.2,0.0
2024-03-31,801720.SI,-0.021529125432887763,0.8275862068965517,1.0,0.5482758620689655,0.8275862068965517,2,0.2,0.0
2024-03-31,801080.SI,-0.0035388028991307774,0.7758620689655172,1.0,0.28620689655172415,0.8176165260521276,3,0.2,0.0
2024-03-31,801230.SI,-0.08551728204739395,0.7931034482758621,1.0,0.3896551724137931,0.7931034482758621,4,0.2,0.0
2024-03-31,801140.SI,-0.00947822915331753,0.7862068965517242,1.0,0.4724137931034483,0.7862068965517242,5,0.2,0.0
2024-04-30,801120.SI,-0.03673805221269555,0.9103448275862069,1.0,0.5896551724137931,0.9103448275862069,1,0.2,0.0
2024-04-30,801150.SI,-0.04231855400651052,0.8793103448275862,1.0,0.5241379310344828,0.8793103448275862,2,0.2,0.0
2024-04-30,801080.SI,-0.012458267650461097,0.8275862068965517,1.0,0.6,0.8757232345674408,3,0.2,0.0
2024-04-30,801970.SI,-0.010446588435330306,0.7655172413793103,1.0,0.4275862068965518,0.7655172413793103,4,0.2,0.0
2024-04-30,801040.SI,-0.022217836298531135,0.7413793103448276,1.0,0.596551724137931,0.7413793103448276,5,0.2,0.0
2024-05-31,801080.SI,0.0319285499685904,0.9137931034482758,1.0,0.4137931034482759,0.9660169620589485,1,0.2,0.0
2024-05-31,801770.SI,0.029215269274559086,0.903448275862069,1.0,0.44827586206896547,0.903448275862069,2,0.2,0.0
2024-05-31,801030.SI,-0.09062909155189103,0.8620689655172413,1.0,0.7034482758620689,0.8620689655172413,3,0.2,0.0
2024-05-31,801120.SI,-0.11783060343978824,0.7862068965517242,1.0,0.35862068965517246,0.8384307551623968,4,0.2,0.0
2024-05-31,801140.SI,-0.11837002991098045,0.8172413793103448,1.0,0.4344827586206897,0.8172413793103448,5,0.2,0.0
2024-06-30,801880.SI,0.0024487807619886226,0.9827586206896551,1.0,0.7793103448275862,0.9827586206896551,1,0.2,0.0
2024-06-30,801050.SI,-0.0357637216790081,0.9379310344827587,1.0,0.7000000000000001,0.9379310344827587,2,0.2,0.0
2024-06-30,801120.SI,-0.02741363146610243,0.8758620689655172,1.0,0.28620689655172415,0.9288332432323811,3,0.2,0.0
2024-06-30,801030.SI,-0.032433002326056504,0.8310344827586207,1.0,0.5931034482758621,0.8840056570254846,4,0.2,0.0
2024-06-30,801150.SI,0.0022291600591037852,0.8793103448275862,1.0,0.37241379310344824,0.8793103448275862,5,0.2,0.0
2024-07-31,801880.SI,-0.05688525386792054,0.9724137931034483,1.0,0.8137931034482759,1.0206016086609222,1,0.2,0.0
2024-07-31,801030.SI,-0.04034405497252036,0.8379310344827586,1.0,0.3655172413793103,0.8861188500402325,2,0.2,0.0
2024-07-31,801010.SI,-0.08359110593544161,0.8586206896551725,1.0,0.6551724137931034,0.8586206896551725,3,0.2,0.0
2024-07-31,801210.SI,-0.02850932595554856,0.7862068965517242,1.0,0.3137931034482759,0.7862068965517242,4,0.2,0.0
2024-07-31,801040.SI,-0.06956788231688626,0.7862068965517242,1.0,0.5103448275862069,0.7862068965517242,5,0.2,0.0
2024-08-31,801770.SI,0.2459881602914391,1.0,1.0,0.7379310344827587,1.0,1,0.2,0.0
2024-08-31,801950.SI,0.14654150700569324,0.9482758620689655,1.0,0.4413793103448276,0.9482758620689655,2,0.2,0.0
2024-08-31,801880.SI,0.22464061069428398,0.8413793103448276,1.0,0.7275862068965517,0.8912532809484843,3,0.2,0.0
2024-08-31,801010.SI,0.19483934732922092,0.7758620689655171,1.0,0.20344827586206896,0.8257360395691739,4,0.2,0.0
2024-08-31,801050.SI,0.19600148725781819,0.8137931034482758,1.0,0.596551724137931,0.8137931034482758,5,0.2,0.0
2024-09-30,801740.SI,0.10211067955660136,0.9793103448275862,1.0,0.4896551724137931,0.9793103448275862,1,0.2,0.0
2024-09-30,801160.SI,-0.04161267098632104,0.9758620689655173,1.0,0.2827586206896552,0.9758620689655173,2,0.2,0.0
2024-09-30,801880.SI,0.014531661383161643,0.8689655172413793,1.0,0.6758620689655173,0.9237957368391968,3,0.2,0.0
2024-09-30,801080.SI,0.1464949766228678,0.8724137931034482,1.0,0.5724137931034483,0.8724137931034482,4,0.2,0.0
2024-09-30,801170.SI,-0.03931565828234773,0.8551724137931035,1.0,0.4241379310344827,0.8551724137931035,5,0.2,0.0
2024-10-31,801880.SI,0.006936856897219901,0.9655172413793103,1.0,0.5172413793103448,1.0193936452418029,1,0.2,0.0
2024-10-31,801160.SI,-0.022302350427350404,0.896551724137931,1.0,0.18275862068965518,0.9504281280004236,2,0.2,0.0
2024-10-31,801770.SI,-0.019085019463281117,0.9482758620689655,1.0,0.7689655172413793,0.9482758620689655,3,0.2,0.0
2024-10-31,801170.SI,0.02119262975496028,0.8448275862068966,1.0,0.2620689655172414,0.8987039900693892,4,0.2,0.0
2024-10-31,801890.SI,0.03427651100002693,0.8620689655172413,1.0,0.6310344827586207,0.8620689655172413,5,0.2,0.0
2024-11-30,801880.SI,0.017000110884062947,0.9655172413793103,1.0,0.49310344827586206,1.0178144769594921,1,0.2,0.0
2024-11-30,801730.SI,-0.059973329914769336,1.0,1.0,0.7241379310344828,1.0,2,0.2,0.0
2024-11-30,801890.SI,-0.019229153878460914,0.9275862068965517,1.0,0.6793103448275862,0.9798834424767334,3,0.2,0.0
2024-11-30,801770.SI,0.04391524746366393,0.8155172413793104,1.0,0.593103448275862,0.8678144769594921,4,0.2,0.0
2024-11-30,801170.SI,0.001630198200118782,0.7172413793103448,1.0,0.32413793103448274,0.7695386148905266,5,0.2,0.0
2024-12-31,801880.SI,0.008353296304488111,0.9655172413793103,1.0,0.6931034482758621,1.0157309852960734,1,0.2,0.0
2024-12-31,801770.SI,-0.00848946037524212,0.8862068965517241,1.0,0.8689655172413793,0.9364206404684873,2,0.2,0.0
2024-12-31,801080.SI,-0.0026600485080940928,0.9137931034482758,1.0,0.8931034482758621,0.9137931034482758,3,0.2,0.0
2024-12-31,801170.SI,-0.042041216357048605,0.8310344827586207,1.0,0.4896551724137931,0.8812482266753838,4,0.2,0.0
2024-12-31,801740.SI,-0.07277017589064128,0.8793103448275862,1.0,0.6344827586206896,0.8793103448275862,5,0.2,0.0
2025-01-31,801880.SI,0.09178464128764174,0.9793103448275862,1.0,0.8793103448275862,1.033849194796547,1,0.2,0.0
2025-01-31,801890.SI,0.10708296629800018,0.9655172413793103,1.0,0.8793103448275863,0.9655172413793103,2,0.2,0.0
2025-01-31,801750.SI,0.16305346060724113,0.8724137931034482,1.0,0.6620689655172415,0.8724137931034482,3,0.2,0.0
2025-01-31,801770.SI,0.03663637626035965,0.7862068965517242,1.0,0.8137931034482758,0.8407457465206849,4,0.2,0.0
2025-01-31,801210.SI,0.037610465789372105,0.8344827586206897,1.0,0.5172413793103448,0.8344827586206897,5,0.2,0.0
2025-02-28,801890.SI,-0.010485306425565666,0.9517241379310346,1.0,0.9448275862068966,1.0074339590446129,1,0.2,0.0
2025-02-28,801200.SI,-0.035273790911352854,0.996551724137931,1.0,0.5206896551724138,0.996551724137931,2,0.2,0.0
2025-02-28,801880.SI,0.011936814255699923,0.9310344827586207,1.0,0.9241379310344828,0.9867443038721988,3,0.2,0.0
2025-02-28,801770.SI,-0.038438919201489785,0.8172413793103448,1.0,0.7862068965517242,0.8729512004239229,4,0.2,0.0
2025-02-28,801230.SI,-0.04322019943280586,0.8068965517241379,1.0,0.7172413793103449,0.8068965517241379,5,0.2,0.0
2025-03-31,801200.SI,0.017359522673960015,0.9793103448275862,1.0,0.3137931034482758,1.0304213246412872,1,0.2,0.0
2025-03-31,801710.SI,-0.03611775487851221,0.9413793103448275,1.0,0.5586206896551724,0.9413793103448275,2,0.2,0.0
2025-03-31,801770.SI,-0.06694075873668481,0.8758620689655172,1.0,0.4689655172413793,0.9269730487792183,3,0.2,0.0
2025-03-31,801230.SI,-0.03332007465654918,0.8655172413793104,1.0,0.4068965517241379,0.9166282211930115,4,0.2,0.0
2025-03-31,801730.SI,-0.08231644729111176,0.8068965517241379,1.0,0.41724137931034483,0.8068965517241379,5,0.2,0.0
2025-04-30,801230.SI,0.04765540925492173,0.8896551724137931,1.0,0.33448275862068966,0.9404015968427326,1,0.2,0.0
2025-04-30,801180.SI,-0.0043680794960446745,0.9137931034482758,1.0,0.2931034482758621,0.9137931034482758,2,0.2,0.0
2025-04-30,801760.SI,0.02203999512254584,0.9034482758620689,1.0,0.6862068965517241,0.9034482758620689,3,0.2,0.0
2025-04-30,801040.SI,-0.0030834358016462726,0.8448275862068966,1.0,0.6172413793103448,0.8448275862068966,4,0.2,0.0
2025-04-30,801730.SI,0.02171924200184816,0.7931034482758621,1.0,0.0896551724137931,0.8438498727048016,5,0.2,0.0
2025-05-31,801230.SI,0.06833158985940169,0.9517241379310344,1.0,0.3896551724137931,0.9988757191921525,1,0.2,0.0
2025-05-31,801760.SI,0.0840069197959854,0.8517241379310345,1.0,0.45517241379310347,0.8988757191921526,2,0.2,0.0
2025-05-31,801210.SI,0.04132303326501652,0.8758620689655172,1.0,0.23793103448275862,0.8758620689655172,3,0.2,0.0
2025-05-31,801200.SI,0.027119361897366856,0.8655172413793104,1.0,0.39999999999999997,0.8655172413793104,4,0.2,0.0
2025-05-31,801970.SI,0.01075881803904477,0.8,1.0,0.893103448275862,0.8,5,0.2,0.0
2025-06-30,801200.SI,0.019118698114244825,0.9793103448275862,1.0,0.5586206896551724,1.0357008394926273,1,0.2,0.0
2025-06-30,801180.SI,0.04253740632857839,0.9655172413793103,1.0,0.2517241379310345,0.9655172413793103,2,0.2,0.0
2025-06-30,801890.SI,0.05665893131611455,0.9172413793103448,1.0,0.503448275862069,0.9172413793103448,3,0.2,0.0
2025-06-30,801210.SI,0.051326306049011894,0.8413793103448276,1.0,0.4344827586206897,0.8977698050098687,4,0.2,0.0
2025-06-30,801880.SI,0.004213368649734095,0.8551724137931034,1.0,0.39655172413793105,0.8551724137931034,5,0.2,0.0
2025-07-31,801200.SI,0.07473442395961194,0.9655172413793103,1.0,0.31724137931034485,1.018713692470498,1,0.2,0.0
2025-07-31,801210.SI,0.0505082855615564,0.9655172413793103,1.0,0.49310344827586206,1.018713692470498,2,0.2,0.0
2025-07-31,801890.SI,0.1291463449416732,0.9655172413793103,1.0,0.5931034482758621,1.018713692470498,3,0.2,0.0
2025-07-31,801230.SI,0.21895334125180765,0.8310344827586207,1.0,0.8931034482758621,0.8310344827586207,4,0.2,0.0
2025-07-31,801140.SI,0.06402587206041788,0.8172413793103448,1.0,0.4103448275862069,0.8172413793103448,5,0.2,0.0
2025-08-31,801880.SI,0.05171870555264291,0.9551724137931035,1.0,0.47931034482758617,0.9551724137931035,1,0.2,0.0
2025-08-31,801760.SI,0.05345506666827271,0.9310344827586207,1.0,0.7620689655172415,0.9310344827586207,2,0.2,0.0
2025-08-31,801890.SI,0.0528985324206217,0.8724137931034484,1.0,0.7068965517241379,0.9254157433193217,3,0.2,0.0
2025-08-31,801200.SI,-0.039068872482379335,0.8275862068965517,1.0,0.4724137931034483,0.8805881571124251,4,0.2,0.0
2025-08-31,801140.SI,-0.005411198369613013,0.7827586206896552,1.0,0.39999999999999997,0.8357605709055286,5,0.2,0.0
2025-09-30,801880.SI,-0.035843328558589294,0.9379310344827587,1.0,0.6586206896551724,0.9875485626327102,1,0.2,0.0
2025-09-30,801760.SI,-0.060358331141880384,0.9310344827586207,1.0,0.8172413793103449,0.9806520109085721,2,0.2,0.0
2025-09-30,801890.SI,-0.016308728696453167,0.8862068965517241,1.0,0.8172413793103448,0.9358244247016756,3,0.2,0.0
2025-09-30,801970.SI,0.025834119916280374,0.9275862068965517,1.0,0.47241379310344833,0.9275862068965517,4,0.2,0.0
2025-09-30,801030.SI,0.005457321075226007,0.896551724137931,1.0,0.6482758620689655,0.896551724137931,5,0.2,0.0
2025-10-31,801130.SI,0.029475877351446522,0.993103448275862,1.0,0.4,0.993103448275862,1,0.2,0.0
2025-10-31,801200.SI,0.0016210103581271174,0.9482758620689655,1.0,0.3620689655172414,0.9482758620689655,2,0.2,0.0
2025-10-31,801140.SI,0.02316932266573657,0.9,1.0,0.4896551724137931,0.9,3,0.2,0.0
2025-10-31,801030.SI,0.012289087300148438,0.8241379310344827,1.0,0.6758620689655173,0.8775618886358794,4,0.2,0.0
2025-10-31,801210.SI,0.012341071098396661,0.8,1.0,0.21724137931034482,0.8,5,0.2,0.0
2025-11-30,801030.SI,0.04427253750877713,0.9827586206896552,1.0,0.7275862068965517,1.0379328817424744,1,0.2,0.0
2025-11-30,801760.SI,-0.019145855520587785,0.9482758620689655,1.0,0.6379310344827587,0.9482758620689655,2,0.2,0.0
2025-11-30,801110.SI,0.012243929394988529,0.8827586206896552,1.0,0.4517241379310345,0.8827586206896552,3,0.2,0.0
2025-11-30,801230.SI,0.002074042287985245,0.8793103448275862,1.0,0.8827586206896552,0.8793103448275862,4,0.2,0.0
2025-11-30,801770.SI,0.12058205282797507,0.8172413793103448,1.0,0.7137931034482758,0.8172413793103448,5,0.2,0.0
2025-12-31,801080.SI,0.10507782044768321,0.9758620689655173,1.0,0.5482758620689655,0.9758620689655173,1,0.2,0.0
2025-12-31,801880.SI,0.002582456844137493,0.9551724137931034,1.0,0.47931034482758617,0.9551724137931034,2,0.2,0.0
2025-12-31,801030.SI,0.1272116622716637,0.8413793103448275,1.0,0.7758620689655172,0.8956405673854422,3,0.2,0.0
2025-12-31,801230.SI,0.09971528199063018,0.7896551724137931,1.0,0.7,0.8439164294544078,4,0.2,0.0
2025-12-31,801750.SI,0.0694152661736318,0.8241379310344827,1.0,0.2482758620689655,0.8241379310344827,5,0.2,0.0
2026-01-31,801230.SI,0.18404702783551108,0.9310344827586207,1.0,0.796551724137931,0.9811106944233422,1,0.2,0.0
2026-01-31,801080.SI,0.02092811018806029,0.9137931034482758,1.0,0.7724137931034483,0.9638693151129973,2,0.2,0.0
2026-01-31,801970.SI,0.07727418418078269,0.9379310344827587,1.0,0.4793103448275862,0.9379310344827587,3,0.2,0.0
2026-01-31,801210.SI,0.009080076976751617,0.8896551724137931,1.0,0.4344827586206897,0.8896551724137931,4,0.2,0.0
2026-01-31,801890.SI,0.07267280400603515,0.8137931034482757,1.0,0.6896551724137931,0.8137931034482757,5,0.2,0.0
2026-02-28,801890.SI,-0.12893440751492213,1.0,1.0,0.7965517241379311,1.0520263747775946,1,0.2,0.0
2026-02-28,801740.SI,-0.1593501008401842,0.9137931034482758,1.0,0.8344827586206897,0.9137931034482758,2,0.2,0.0
2026-02-28,801880.SI,-0.0904806843435112,0.8862068965517241,1.0,0.43103448275862066,0.8862068965517241,3,0.2,0.0
2026-02-28,801970.SI,-0.08104855307192593,0.8206896551724138,1.0,0.6827586206896552,0.8727160299500083,4,0.2,0.0
2026-02-28,801080.SI,-0.13513476963190063,0.8103448275862069,1.0,0.6241379310344828,0.8623712023638014,5,0.2,0.0
2026-03-31,801880.SI,0.04390831682107854,0.9551724137931035,1.0,0.2793103448275862,1.0051916049461793,1,0.2,0.0
2026-03-31,801080.SI,0.2679297975675581,0.8517241379310345,1.0,0.3413793103448276,0.9017433290841105,2,0.2,0.0
2026-03-31,801770.SI,0.22230075500117508,0.7827586206896552,1.0,0.8448275862068966,0.7827586206896552,3,0.2,0.0
2026-03-31,801030.SI,0.06737791963854023,0.7758620689655171,1.0,0.7586206896551724,0.7758620689655171,4,0.2,0.0
2026-03-31,801200.SI,0.020251332641887165,0.7586206896551724,1.0,0.1413793103448276,0.7586206896551724,5,0.2,0.0
2026-04-30,801050.SI,-0.07064770401603271,1.0,1.0,0.4724137931034482,1.0,1,0.2,0.0
2026-04-30,801030.SI,-0.08925246475979731,0.9172413793103449,1.0,0.6965517241379311,0.9690478818768234,2,0.2,0.0
2026-04-30,801080.SI,0.17884763136832227,0.8517241379310345,1.0,0.9068965517241379,0.9035306404975131,3,0.2,0.0
2026-04-30,801750.SI,-0.07100076376332687,0.8827586206896552,1.0,0.2724137931034483,0.8827586206896552,4,0.2,0.0
2026-04-30,801890.SI,0.04395859541881597,0.8724137931034482,1.0,0.7413793103448276,0.8724137931034482,5,0.2,0.0
2026-05-31,801760.SI,-0.09879834366288665,0.9586206896551724,1.0,0.1413793103448276,0.9586206896551724,1,0.2,0.0
2026-05-31,801050.SI,-0.04063947458989503,0.8862068965517242,1.0,0.41724137931034483,0.9302145552887925,2,0.2,0.0
2026-05-31,801030.SI,0.048840013908389324,0.8275862068965517,1.0,0.40344827586206894,0.87159386563362,3,0.2,0.0
2026-05-31,801040.SI,-0.09431075429267999,0.8206896551724139,1.0,0.1413793103448276,0.8206896551724139,4,0.2,0.0
2026-05-31,801960.SI,-0.12394813702331264,0.7551724137931034,1.0,0.3758620689655172,0.7551724137931034,5,0.2,0.0
2026-06-30,801040.SI,0.03266842408153425,1.0,1.0,0.1793103448275862,1.043627357889041,1,0.2,0.0
2026-06-30,801050.SI,-0.06416065788689596,0.789655172413793,1.0,0.6758620689655171,0.833282530302834,2,0.2,0.0
2026-06-30,801960.SI,0.12628844886478663,0.7655172413793103,1.0,0.2,0.8091445992683513,3,0.2,0.0
2026-06-30,801760.SI,0.030887277204678876,0.7482758620689656,1.0,0.2517241379310345,0.7919032199580065,4,0.2,0.0
2026-06-30,801230.SI,-0.10289205967734816,0.7275862068965517,1.0,0.7068965517241379,0.7275862068965517,5,0.2,0.0
2026-07-31,801230.SI,0.11918295861422146,0.9862068965517241,1.0,0.3034482758620689,1.040869177949814,1,0.2,0.0
2026-07-31,801050.SI,0.09810294237509165,0.9103448275862069,1.0,0.2724137931034483,0.9650071089842969,2,0.2,0.0
2026-07-31,801730.SI,-0.0009314864331740891,0.9206896551724137,1.0,0.24482758620689654,0.9206896551724137,3,0.2,0.0
2026-07-31,801030.SI,0.08770978651190964,0.9103448275862069,1.0,0.2793103448275862,0.9103448275862069,4,0.2,0.0
2026-07-31,801140.SI,0.06821765568245364,0.8862068965517241,1.0,0.21379310344827585,0.8862068965517241,5,0.2,0.0
2026-08-31,801030.SI,,0.8448275862068966,1.0,0.7137931034482758,0.8853578744322687,1,0.2,0.0
2026-08-31,801710.SI,,0.8793103448275862,1.0,0.45862068965517244,0.8793103448275862,2,0.2,0.0
2026-08-31,801740.SI,,0.8172413793103448,1.0,0.21034482758620693,0.8172413793103448,3,0.2,0.0
2026-08-31,801730.SI,,0.7724137931034483,1.0,0.1793103448275862,0.8129440813288203,4,0.2,0.0
2026-08-31,801960.SI,,0.7586206896551724,1.0,0.8793103448275862,0.7586206896551724,5,0.2,0.0
2019-01-31,801880.SI,0.15702613176297398,0.8301724137931034,1.0,0.6000000000000001,0.8301724137931034,1,0.2,0.25
2019-01-31,801960.SI,0.12861591970811226,0.8051724137931034,1.0,0.30344827586206896,0.8051724137931034,2,0.2,0.25
2019-01-31,801720.SI,0.14399025536834986,0.7982758620689655,1.0,0.48275862068965514,0.7982758620689655,3,0.2,0.25
2019-01-31,801730.SI,0.17077446943734476,0.7956896551724137,1.0,0.8862068965517241,0.7956896551724137,4,0.2,0.25
2019-01-31,801030.SI,0.1793120172773528,0.7698275862068966,1.0,0.306896551724138,0.7698275862068966,5,0.2,0.25
2019-02-28,801890.SI,0.09378740933737073,0.8913793103448275,1.0,0.710344827586207,0.8913793103448275,1,0.2,0.25
2019-02-28,801740.SI,0.10793159048499001,0.885344827586207,1.0,0.789655172413793,0.885344827586207,2,0.2,0.25
2019-02-28,801030.SI,0.09610422866365864,0.7965517241379311,1.0,0.3413793103448276,0.83884933926321,3,0.2,0.25
2019-02-28,801880.SI,0.03894848010586438,0.7801724137931034,1.0,0.47241379310344833,0.8224700289183824,4,0.2,0.25
2019-02-28,801180.SI,0.11857409882425873,0.7948275862068965,1.0,0.43793103448275866,0.7948275862068965,5,0.2,0.25
2019-03-31,801180.SI,-0.03965245925768801,0.8612068965517241,1.0,0.7448275862068965,0.9063638431008533,1,0.2,0.25
2019-03-31,801890.SI,-0.04706147445337716,0.853448275862069,1.0,0.6310344827586206,0.8986052224111981,2,0.2,0.25
2019-03-31,801140.SI,-0.06697343551872914,0.8189655172413792,1.0,0.710344827586207,0.8189655172413792,3,0.2,0.25
2019-03-31,801730.SI,-0.05081937950070958,0.8068965517241379,1.0,0.6,0.8068965517241379,4,0.2,0.25
2019-03-31,801740.SI,-0.07316714223810183,0.7543103448275861,1.0,0.7724137931034483,0.7994672913767152,5,0.2,0.25
2019-04-30,801010.SI,-0.017263242757527997,0.9258620689655173,1.0,0.9931034482758622,0.9258620689655173,1,0.2,0.25
2019-04-30,801890.SI,-0.05659755943081535,0.8344827586206897,1.0,0.5448275862068965,0.8757339714704515,2,0.2,0.25
2019-04-30,801740.SI,-0.01566690190543396,0.8137931034482759,1.0,0.503448275862069,0.8550443162980378,3,0.2,0.25
2019-04-30,801140.SI,-0.07448608914910892,0.7551724137931035,1.0,0.5379310344827586,0.7964236266428654,4,0.2,0.25
2019-04-30,801180.SI,-0.07454188924200422,0.7241379310344827,1.0,0.43448275862068964,0.7653891438842445,5,0.2,0.25
2019-05-31,801740.SI,-0.0006183682248349642,0.9137931034482759,1.0,0.810344827586207,0.9560358650623331,1,0.2,0.25
2019-05-31,801180.SI,0.009033166259942771,0.8327586206896551,1.0,0.5379310344827586,0.8750013823037123,2,0.2,0.25
2019-05-31,801140.SI,-0.005337987911027353,0.7456896551724138,1.0,0.5,0.787932416786471,3,0.2,0.25
2019-05-31,801890.SI,0.019755981846338422,0.7405172413793103,1.0,0.5724137931034483,0.7827600029933675,4,0.2,0.25
2019-05-31,801730.SI,-0.013667803214807539,0.760344827586207,1.0,0.4655172413793104,0.760344827586207,5,0.2,0.25
2019-06-30,801890.SI,-0.0039940308988763995,0.7887931034482758,1.0,0.5172413793103449,0.8259460613332023,1,0.2,0.25
2019-06-30,801180.SI,-0.015008194406563202,0.7560344827586207,1.0,0.42758620689655175,0.7931874406435472,2,0.2,0.25
2019-06-30,801740.SI,0.04998430704389545,0.7456896551724138,1.0,0.5,0.7828426130573403,3,0.2,0.25
2019-06-30,801010.SI,0.0730661066924354,0.7637931034482759,1.0,0.6758620689655173,0.7637931034482759,4,0.2,0.25
2019-06-30,801200.SI,-0.04308082023772675,0.7379310344827585,1.0,0.48965517241379314,0.7379310344827585,5,0.2,0.25
2019-07-31,801230.SI,-0.01153701480386049,0.8603448275862069,1.0,0.4413793103448276,0.8603448275862069,1,0.2,0.25
2019-07-31,801750.SI,0.03136054586367942,0.8431034482758621,1.0,0.7034482758620689,0.8431034482758621,2,0.2,0.25
2019-07-31,801180.SI,-0.06717407232245898,0.7991379310344828,1.0,0.46551724137931033,0.8398567462516399,3,0.2,0.25
2019-07-31,801140.SI,-0.015841886520558623,0.7758620689655172,1.0,0.32068965517241377,0.7758620689655172,4,0.2,0.25
2019-07-31,801730.SI,-0.01401442661563379,0.7732758620689655,1.0,0.506896551724138,0.7732758620689655,5,0.2,0.25
2019-08-31,801140.SI,0.0008581776573204358,0.7827586206896552,1.0,0.3586206896551724,0.8231006325066831,1,0.2,0.25
2019-08-31,801980.SI,0.005782885120844572,0.8224137931034484,1.0,0.8068965517241379,0.8224137931034484,2,0.2,0.25
2019-08-31,801740.SI,-0.06933927973404552,0.7663793103448275,1.0,0.903448275862069,0.7663793103448275,3,0.2,0.25
2019-08-31,801230.SI,0.0025386796780517695,0.7155172413793103,1.0,0.47241379310344833,0.7558592531963382,4,0.2,0.25
2019-08-31,801200.SI,-0.011992331227763109,0.7517241379310345,1.0,0.43103448275862066,0.7517241379310345,5,0.2,0.25
2019-09-30,801010.SI,0.1259784115697462,0.8413793103448276,1.0,0.5724137931034483,0.8413793103448276,1,0.2,0.25
2019-09-30,801880.SI,-0.014550705320448665,0.8112068965517242,1.0,0.4,0.8112068965517242,2,0.2,0.25
2019-09-30,801110.SI,0.04803849207927646,0.7870689655172414,1.0,0.7172413793103448,0.7870689655172414,3,0.2,0.25
2019-09-30,801950.SI,-0.028048918724888794,0.7741379310344828,1.0,0.30344827586206896,0.7741379310344828,4,0.2,0.25
2019-09-30,801980.SI,0.024409586663207472,0.6939655172413793,1.0,0.8206896551724139,0.7343279718134953,5,0.2,0.25
2019-10-31,801010.SI,-0.09573178866850485,0.8267241379310345,1.0,0.8241379310344827,0.8684580200729378,1,0.2,0.25
2019-10-31,801210.SI,-0.044744089739466086,0.8077586206896552,1.0,0.6137931034482759,0.8077586206896552,2,0.2,0.25
2019-10-31,801760.SI,-0.011568582848601072,0.7939655172413794,1.0,0.7758620689655172,0.7939655172413794,3,0.2,0.25
2019-10-31,801980.SI,-0.05938355741316481,0.75,1.0,0.8896551724137931,0.7917338821419033,4,0.2,0.25
2019-10-31,801880.SI,0.01843440036068511,0.746551724137931,1.0,0.25517241379310346,0.7882856062798343,5,0.2,0.25
2019-11-30,801710.SI,0.14377078351474704,0.9465517241379311,1.0,0.9310344827586208,0.9465517241379311,1,0.2,0.25
2019-11-30,801120.SI,0.04601040115873256,0.8267241379310345,1.0,0.5551724137931034,0.8267241379310345,2,0.2,0.25
2019-11-30,801210.SI,0.08231749555872403,0.778448275862069,1.0,0.28965517241379307,0.8165294832890442,3,0.2,0.25
2019-11-30,801180.SI,0.10439539233823147,0.8060344827586206,1.0,0.6793103448275862,0.8060344827586206,4,0.2,0.25
2019-11-30,801960.SI,0.05041070041070039,0.7681034482758621,1.0,0.693103448275862,0.7681034482758621,5,0.2,0.25
2019-12-31,801180.SI,-0.06589924772441891,0.8448275862068966,1.0,0.7620689655172413,0.8866242550382154,1,0.2,0.25
2019-12-31,801710.SI,-0.058900707929026686,0.8094827586206897,1.0,0.9827586206896552,0.8512794274520086,2,0.2,0.25
2019-12-31,801010.SI,-0.04006529427768202,0.8086206896551723,1.0,0.33793103448275863,0.8086206896551723,3,0.2,0.25
2019-12-31,801120.SI,-0.058685391683798604,0.7603448275862068,1.0,0.47586206896551725,0.8021414964175256,4,0.2,0.25
2019-12-31,801980.SI,0.010263802618228679,0.793103448275862,1.0,0.46206896551724136,0.793103448275862,5,0.2,0.25
2020-01-31,801710.SI,0.07158773483208791,0.8689655172413793,1.0,0.7241379310344827,0.9090058400462,1,0.2,0.25
2020-01-31,801120.SI,-0.02401867952580017,0.8146551724137931,1.0,0.2586206896551724,0.8546954952186139,2,0.2,0.25
2020-01-31,801740.SI,0.008536711300815902,0.8405172413793104,1.0,0.6310344827586207,0.8405172413793104,3,0.2,0.25
2020-01-31,801730.SI,0.016738125390988845,0.7879310344827586,1.0,0.9172413793103449,0.7879310344827586,4,0.2,0.25
2020-01-31,801080.SI,0.054112537678331574,0.7827586206896552,1.0,1.0,0.7827586206896552,5,0.2,0.25
2020-02-29,801750.SI,-0.12811190368838843,0.9913793103448276,1.0,0.9655172413793104,0.9913793103448276,1,0.2,0.25
2020-02-29,801080.SI,-0.20437596938310032,0.9284482758620689,1.0,0.9724137931034483,0.9741645521479304,2,0.2,0.25
2020-02-29,801730.SI,-0.0805549124025623,0.8301724137931034,1.0,0.7758620689655172,0.8758886900789649,3,0.2,0.25
2020-02-29,801230.SI,-0.07340300621140283,0.736206896551724,1.0,0.8448275862068965,0.736206896551724,4,0.2,0.25
2020-02-29,801760.SI,-0.10828393201627773,0.7336206896551725,1.0,0.8448275862068966,0.7336206896551725,5,0.2,0.25
2020-03-31,801080.SI,0.11424079377389651,0.8810344827586207,1.0,0.5241379310344827,0.9184378887308731,1,0.2,0.25
2020-03-31,801750.SI,0.0755829525273295,0.8189655172413792,1.0,0.7310344827586207,0.8563689232136316,2,0.2,0.25
2020-03-31,801010.SI,-0.00315738574733071,0.7879310344827586,1.0,0.9896551724137932,0.7879310344827586,3,0.2,0.25
2020-03-31,801760.SI,0.05558450581900298,0.718103448275862,1.0,0.4413793103448276,0.7555068542481144,4,0.2,0.25
2020-03-31,801110.SI,0.07653987238512605,0.7034482758620689,1.0,0.17586206896551726,0.7034482758620689,5,0.2,0.25
2020-04-30,801080.SI,-0.015388531995796817,0.8974137931034483,1.0,0.6206896551724138,0.9383159839191163,1,0.2,0.25
2020-04-30,801710.SI,-0.016152427675268255,0.8551724137931034,1.0,0.9482758620689655,0.8551724137931034,2,0.2,0.25
2020-04-30,801150.SI,0.0502430319882643,0.8129310344827586,1.0,0.8206896551724138,0.8129310344827586,3,0.2,0.25
2020-04-30,801760.SI,0.023830538393645018,0.7439655172413793,1.0,0.5448275862068965,0.7848677080570473,4,0.2,0.25
2020-04-30,801750.SI,-0.022566371681415953,0.6939655172413792,1.0,0.7999999999999999,0.7348677080570473,5,0.2,0.25
2020-05-31,801080.SI,0.19160564867942598,0.8198275862068964,1.0,0.3310344827586207,0.8589458729806742,1,0.2,0.25
2020-05-31,801750.SI,0.1145726161570435,0.7879310344827586,1.0,0.41034482758620683,0.8270493212565363,2,0.2,0.25
2020-05-31,801150.SI,0.1687925741774423,0.7862068965517242,1.0,0.8793103448275862,0.8253251833255019,3,0.2,0.25
2020-05-31,801760.SI,0.16563413208649913,0.7560344827586206,1.0,0.5620689655172413,0.7951527695323983,4,0.2,0.25
2020-05-31,801230.SI,0.06933796929767033,0.7827586206896552,1.0,0.48275862068965525,0.7827586206896552,5,0.2,0.25
2020-06-30,801230.SI,0.12005205936871421,0.8534482758620691,1.0,0.5689655172413793,0.8950729843664793,1,0.2,0.25
2020-06-30,801120.SI,0.17286250878024578,0.8500000000000001,1.0,0.8344827586206895,0.8500000000000001,2,0.2,0.25
2020-06-30,801880.SI,0.1421973568506505,0.8353448275862069,1.0,0.45517241379310347,0.8353448275862069,3,0.2,0.25
2020-06-30,801730.SI,0.2115806218365872,0.7750000000000001,1.0,0.7931034482758621,0.7750000000000001,4,0.2,0.25
2020-06-30,801760.SI,0.07448355395106288,0.6862068965517241,1.0,0.8206896551724138,0.7278316050561343,5,0.2,0.25
2020-07-31,801760.SI,0.02995870178958926,0.8784482758620691,1.0,0.5862068965517241,0.926470016415937,1,0.2,0.25
2020-07-31,801150.SI,-0.027681337948046725,0.8810344827586207,1.0,0.9068965517241381,0.8810344827586207,2,0.2,0.25
2020-07-31,801120.SI,0.12040826126159776,0.7931034482758621,1.0,0.8758620689655172,0.84112518882973,3,0.2,0.25
2020-07-31,801230.SI,0.02199556332820829,0.7741379310344827,1.0,0.4896551724137931,0.8221596715883506,4,0.2,0.25
2020-07-31,801730.SI,0.018053460140429856,0.7137931034482758,1.0,0.8482758620689655,0.7618148440021437,5,0.2,0.25
2020-08-31,801120.SI,-0.09181520053461079,0.8689655172413793,1.0,0.9724137931034482,0.9176120315373801,1,0.2,0.25
2020-08-31,801890.SI,-0.04145865137324478,0.8827586206896552,1.0,0.6551724137931034,0.8827586206896552,2,0.2,0.25
2020-08-31,801030.SI,-0.060199486233813215,0.8232758620689655,1.0,0.7586206896551725,0.8232758620689655,3,0.2,0.25
2020-08-31,801230.SI,-0.1074156167813215,0.7094827586206897,1.0,0.5,0.7581292729166904,4,0.2,0.25
2020-08-31,801760.SI,-0.08069229549418933,0.7094827586206897,1.0,0.6655172413793103,0.7581292729166904,5,0.2,0.25
2020-09-30,801980.SI,0.05672748369372793,0.8387931034482758,1.0,0.35517241379310344,0.8387931034482758,1,0.2,0.25
2020-09-30,801230.SI,0.018965517241379404,0.7775862068965518,1.0,0.2655172413793103,0.8208839953873549,2,0.2,0.25
2020-09-30,801120.SI,0.041639557579700615,0.7767241379310345,1.0,0.7689655172413793,0.8200219264218376,3,0.2,0.25
2020-09-30,801730.SI,0.064989036648045,0.8112068965517242,1.0,0.9379310344827586,0.8112068965517242,4,0.2,0.25
2020-09-30,801760.SI,-0.028560163623370438,0.7172413793103448,1.0,0.40689655172413797,0.7605391678011479,5,0.2,0.25
2020-10-31,801730.SI,0.01567640880786869,0.8137931034482758,1.0,0.9586206896551724,0.8596905767266368,1,0.2,0.25
2020-10-31,801150.SI,-0.0663055883876954,0.8353448275862069,1.0,0.5275862068965518,0.8353448275862069,2,0.2,0.25
2020-10-31,801880.SI,0.08008455735505793,0.8267241379310345,1.0,0.9689655172413794,0.8267241379310345,3,0.2,0.25
2020-10-31,801210.SI,0.015808833012623813,0.8224137931034483,1.0,0.3413793103448276,0.8224137931034483,4,0.2,0.25
2020-10-31,801030.SI,0.07642140113972351,0.7603448275862069,1.0,0.8068965517241379,0.7603448275862069,5,0.2,0.25
2020-11-30,801210.SI,0.24981336215258687,0.8913793103448275,1.0,0.5655172413793104,0.9379131510987896,1,0.2,0.25
2020-11-30,801880.SI,-0.004273727911804248,0.8448275862068966,1.0,0.9586206896551724,0.8913614269608586,2,0.2,0.25
2020-11-30,801120.SI,0.17986788868336068,0.8387931034482758,1.0,0.6241379310344828,0.8387931034482758,3,0.2,0.25
2020-11-30,801030.SI,0.025958507997289715,0.7741379310344827,1.0,0.7689655172413793,0.8206717717884447,4,0.2,0.25
2020-11-30,801050.SI,0.06110876421849776,0.8189655172413792,1.0,0.9068965517241379,0.8189655172413792,5,0.2,0.25
2020-12-31,801210.SI,0.01187183811129855,0.9310344827586207,1.0,0.8689655172413793,0.9764200073978825,1,0.2,0.25
2020-12-31,801030.SI,0.06650023567067498,0.9017241379310343,1.0,0.710344827586207,0.9471096625702962,2,0.2,0.25
2020-12-31,801120.SI,0.014308329380036122,0.7732758620689655,1.0,0.9310344827586207,0.8186613867082273,3,0.2,0.25
2020-12-31,801050.SI,0.03914447331913484,0.7456896551724138,1.0,0.9137931034482759,0.7910751798116756,4,0.2,0.25
2020-12-31,801230.SI,-0.0397298785371063,0.7905172413793105,1.0,0.4620689655172414,0.7905172413793105,5,0.2,0.25
2021-01-31,801030.SI,0.04289755719031918,0.9301724137931033,1.0,0.8551724137931035,0.9796435423417599,1,0.2,0.25
2021-01-31,801880.SI,-0.051590176033238455,0.853448275862069,1.0,0.8275862068965517,0.853448275862069,2,0.2,0.25
2021-01-31,801050.SI,0.06679609551096566,0.7448275862068966,1.0,0.9310344827586207,0.7942987147555531,3,0.2,0.25
2021-01-31,801010.SI,0.08307774607703267,0.7672413793103448,1.0,0.4620689655172414,0.7672413793103448,4,0.2,0.25
2021-01-31,801890.SI,0.014506149066728202,0.7663793103448275,1.0,0.7275862068965517,0.7663793103448275,5,0.2,0.25
2021-02-28,801030.SI,-0.06490127575281246,0.9129310344827586,1.0,0.8275862068965517,0.9618496097754136,1,0.2,0.25
2021-02-28,801050.SI,-0.10210012382181999,0.9008620689655172,1.0,0.9137931034482759,0.9497806442581722,2,0.2,0.25
2021-02-28,801010.SI,-0.07562803846904664,0.796551724137931,1.0,0.6517241379310346,0.8454702994305859,3,0.2,0.25
2021-02-28,801880.SI,-0.059128589596250336,0.768103448275862,1.0,0.43448275862068964,0.8170220235685169,4,0.2,0.25
2021-02-28,801980.SI,-0.0045800504973686484,0.7844827586206896,1.0,0.6862068965517242,0.7844827586206896,5,0.2,0.25
2021-03-31,801210.SI,0.013222545914387762,0.9551724137931035,1.0,0.8724137931034484,0.9551724137931035,1,0.2,0.25
2021-03-31,801040.SI,0.08850467217486058,0.8775862068965516,1.0,0.9758620689655173,0.8775862068965516,2,0.2,0.25
2021-03-31,801030.SI,0.03648138779983978,0.8172413793103449,1.0,0.6,0.8639742416372685,3,0.2,0.25
2021-03-31,801050.SI,0.09013414732895408,0.781896551724138,1.0,0.5310344827586206,0.8286294140510616,4,0.2,0.25
2021-03-31,801730.SI,0.06870495088946704,0.7931034482758621,1.0,0.48275862068965514,0.7931034482758621,5,0.2,0.25
2021-04-30,801040.SI,-0.008843745118366275,0.9922413793103448,1.0,0.9689655172413794,1.0413825078900865,1,0.2,0.25
2021-04-30,801950.SI,0.038825662995768395,0.9094827586206896,1.0,0.8758620689655171,0.9094827586206896,2,0.2,0.25
2021-04-30,801210.SI,0.033481929687072975,0.8258620689655172,1.0,0.8413793103448275,0.8750031975452589,3,0.2,0.25
2021-04-30,801030.SI,0.06929651077070131,0.7594827586206896,1.0,0.6068965517241379,0.8086238872004313,4,0.2,0.25
2021-04-30,801140.SI,0.008379917973222462,0.7793103448275862,1.0,0.6137931034482759,0.7793103448275862,5,0.2,0.25
2021-05-31,801030.SI,0.05371075641519396,0.8956896551724138,1.0,0.6344827586206896,0.9413854210989343,1,0.2,0.25
2021-05-31,801950.SI,0.02530601504900787,0.821551724137931,1.0,0.8241379310344827,0.8672474900644515,2,0.2,0.25
2021-05-31,801210.SI,-0.08669822587050569,0.8146551724137931,1.0,0.7448275862068966,0.8603509383403136,3,0.2,0.25
2021-05-31,801050.SI,-0.0438692827825885,0.8094827586206896,1.0,0.7551724137931034,0.8094827586206896,4,0.2,0.25
2021-05-31,801120.SI,-0.05664675830488308,0.7724137931034484,1.0,0.8758620689655173,0.7724137931034484,5,0.2,0.25
2021-06-30,801030.SI,0.05127979514253167,0.9508620689655172,1.0,0.8551724137931035,0.9977471869211573,1,0.2,0.25
2021-06-30,801050.SI,0.27401585061339695,0.7974137931034482,1.0,0.6551724137931034,0.8442989110590883,2,0.2,0.25
2021-06-30,801960.SI,0.015531624318235293,0.8439655172413794,1.0,0.6448275862068966,0.8439655172413794,3,0.2,0.25
2021-06-30,801230.SI,-0.03898725927395219,0.8422413793103449,1.0,0.8758620689655172,0.8422413793103449,4,0.2,0.25
2021-06-30,801950.SI,0.01661221387608447,0.7862068965517242,1.0,0.7551724137931035,0.8330920145073643,5,0.2,0.25
2021-07-31,801030.SI,0.12462121537286142,0.9689655172413792,1.0,0.8862068965517241,1.0232420529686976,1,0.2,0.25
2021-07-31,801730.SI,0.053703526869399054,0.9500000000000001,1.0,0.9655172413793104,0.9500000000000001,2,0.2,0.25
2021-07-31,801950.SI,0.27566168903042887,0.8931034482758622,1.0,0.7586206896551724,0.9473799840031805,3,0.2,0.25
2021-07-31,801050.SI,0.1799989092421279,0.8689655172413793,1.0,0.9724137931034482,0.9232420529686975,4,0.2,0.25
2021-07-31,801230.SI,0.10550428282887858,0.806896551724138,1.0,0.7137931034482758,0.8611730874514563,5,0.2,0.25
2021-08-31,801730.SI,-0.03014095661083649,0.9344827586206896,1.0,0.8206896551724138,0.9846159894734859,1,0.2,0.25
2021-08-31,801030.SI,-0.03830865613425105,0.9241379310344828,1.0,0.8517241379310344,0.9742711618872791,2,0.2,0.25
2021-08-31,801230.SI,-0.12149055981009582,0.7844827586206897,1.0,0.789655172413793,0.834615989473486,3,0.2,0.25
2021-08-31,801050.SI,-0.18111045955728355,0.7836206896551724,1.0,0.9724137931034483,0.8337539205079687,4,0.2,0.25
2021-08-31,801880.SI,-0.08890514845012731,0.7362068965517241,1.0,0.7413793103448276,0.7362068965517241,5,0.2,0.25
2021-09-30,801960.SI,-0.09147730679297317,0.9551724137931035,1.0,0.8517241379310344,0.9551724137931035,1,0.2,0.25
2021-09-30,801730.SI,0.11700718983573899,0.8137931034482758,1.0,0.7517241379310344,0.8594195817513112,2,0.2,0.25
2021-09-30,801950.SI,-0.1528890533832622,0.8068965517241379,1.0,0.9517241379310345,0.8068965517241379,3,0.2,0.25
2021-09-30,801050.SI,-0.006222573408023124,0.7491379310344827,1.0,0.7517241379310344,0.794764409337518,4,0.2,0.25
2021-09-30,801970.SI,-0.09125842254830119,0.7913793103448276,1.0,0.7344827586206897,0.7913793103448276,5,0.2,0.25
2021-10-31,801730.SI,0.03347142223022748,0.9956896551724138,1.0,0.9827586206896552,1.0429276184446852,1,0.2,0.25
2021-10-31,801880.SI,0.05222065826120814,0.8698275862068965,1.0,0.8310344827586207,0.8698275862068965,2,0.2,0.25
2021-10-31,801210.SI,-0.1661897748428235,0.8155172413793104,1.0,0.6448275862068965,0.8155172413793104,3,0.2,0.25
2021-10-31,801030.SI,-0.0034892196654970897,0.8112068965517243,1.0,0.7413793103448276,0.8112068965517243,4,0.2,0.25
2021-10-31,801050.SI,0.08841935254862987,0.7534482758620689,1.0,0.45862068965517244,0.8006862391343401,5,0.2,0.25
2021-11-30,801880.SI,-0.04797536338719266,0.8991379310344828,1.0,0.7517241379310345,0.946140220552933,1,0.2,0.25
2021-11-30,801730.SI,-0.08579218674913602,0.8646551724137932,1.0,0.8827586206896552,0.9116574619322435,2,0.2,0.25
2021-11-30,801050.SI,-0.06215481550209623,0.8525862068965516,1.0,0.5448275862068965,0.8995884964150018,3,0.2,0.25
2021-11-30,801080.SI,0.011380518364018322,0.8232758620689655,1.0,0.7999999999999999,0.8232758620689655,4,0.2,0.25
2021-11-30,801740.SI,-0.010113090472377961,0.7844827586206897,1.0,0.8517241379310345,0.7844827586206897,5,0.2,0.25
2021-12-31,801950.SI,-0.042096041585358734,0.8586206896551725,1.0,0.43448275862068964,0.8586206896551725,1,0.2,0.25
2021-12-31,801050.SI,-0.10737522211905937,0.8043103448275861,1.0,0.4758620689655173,0.8464757535397452,2,0.2,0.25
2021-12-31,801730.SI,-0.1081864931198937,0.7801724137931034,1.0,0.5344827586206897,0.8223378225052626,3,0.2,0.25
2021-12-31,801040.SI,-0.07358927767682988,0.7258620689655173,1.0,0.3068965517241379,0.7258620689655173,4,0.2,0.25
2021-12-31,801740.SI,-0.17921938741981303,0.6620689655172414,1.0,0.8172413793103448,0.7042343742294005,5,0.2,0.25
2022-01-31,801950.SI,0.1553258349045359,0.9249999999999999,1.0,0.7517241379310345,0.9667324321031915,1,0.2,0.25
2022-01-31,801040.SI,0.07910013207947797,0.7767241379310346,1.0,0.3448275862068966,0.8184565700342261,2,0.2,0.25
2022-01-31,801970.SI,0.0770485912141492,0.8172413793103449,1.0,0.6724137931034484,0.8172413793103449,3,0.2,0.25
2022-01-31,801730.SI,0.02543255922114751,0.725,1.0,0.2103448275862069,0.7667324321031915,4,0.2,0.25
2022-01-31,801720.SI,0.040313307760944106,0.7568965517241378,1.0,0.9275862068965518,0.7568965517241378,5,0.2,0.25
2022-02-28,801970.SI,-0.09540191534257947,0.7646551724137931,1.0,0.6793103448275862,0.7999998197760634,1,0.2,0.25
2022-02-28,801730.SI,-0.1009533445559927,0.756896551724138,1.0,0.20344827586206896,0.7922411990864082,2,0.2,0.25
2022-02-28,801120.SI,-0.10261061880532174,0.7810344827586206,1.0,0.43448275862068964,0.7810344827586206,3,0.2,0.25
2022-02-28,801040.SI,-0.1010232055549255,0.7181034482758619,1.0,0.503448275862069,0.7534480956381322,4,0.2,0.25
2022-02-28,801080.SI,-0.14973257590857747,0.7318965517241379,1.0,0.2793103448275862,0.7318965517241379,5,0.2,0.25
2022-03-31,801950.SI,-0.0387937309764117,0.9586206896551726,1.0,0.9896551724137932,0.9586206896551726,1,0.2,0.25
2022-03-31,801230.SI,-0.12677583238267986,0.8646551724137931,1.0,0.9241379310344827,0.8646551724137931,2,0.2,0.25
2022-03-31,801730.SI,-0.15533573676592138,0.7931034482758621,1.0,0.3275862068965517,0.8367969708748182,3,0.2,0.25
2022-03-31,801760.SI,-0.13951921295126424,0.7836206896551724,1.0,0.5172413793103449,0.7836206896551724,4,0.2,0.25
2022-03-31,801080.SI,-0.1390666054561971,0.6913793103448276,1.0,0.05517241379310345,0.7350728329437837,5,0.2,0.25
2022-04-30,801950.SI,0.09727050817368155,0.9017241379310345,1.0,0.9586206896551724,0.9388934944866336,1,0.2,0.25
2022-04-30,801720.SI,0.016563464613782664,0.9051724137931034,1.0,0.9103448275862068,0.9051724137931034,2,0.2,0.25
2022-04-30,801770.SI,0.06084310401657489,0.7844827586206897,1.0,0.49999999999999994,0.7844827586206897,3,0.2,0.25
2022-04-30,801050.SI,0.07982793439460556,0.7758620689655171,1.0,0.5379310344827586,0.7758620689655171,4,0.2,0.25
2022-04-30,801160.SI,0.09097295398665262,0.7258620689655171,1.0,0.710344827586207,0.7258620689655171,5,0.2,0.25
2022-05-31,801950.SI,0.015829144115513172,0.9310344827586208,1.0,0.9517241379310345,0.9734408159565608,1,0.2,0.25
2022-05-31,801960.SI,-0.03349683425511152,0.8215517241379311,1.0,0.8862068965517241,0.8215517241379311,2,0.2,0.25
2022-05-31,801160.SI,0.006086737091244299,0.7775862068965518,1.0,0.6896551724137931,0.8199925400944919,3,0.2,0.25
2022-05-31,801030.SI,0.08126292568592297,0.7939655172413793,1.0,0.5586206896551724,0.7939655172413793,4,0.2,0.25
2022-05-31,801890.SI,0.1043201582778428,0.7896551724137931,1.0,0.30344827586206896,0.7896551724137931,5,0.2,0.25
2022-06-30,801050.SI,-0.016247653848756483,0.896551724137931,1.0,0.7724137931034484,0.896551724137931,1,0.2,0.25
2022-06-30,801160.SI,0.04046392755672601,0.6836206896551723,1.0,0.36551724137931035,0.7167177551831042,2,0.2,0.25
2022-06-30,801200.SI,-0.07050567192137813,0.713793103448276,1.0,0.8068965517241379,0.713793103448276,3,0.2,0.25
2022-06-30,801120.SI,-0.0968960160949317,0.7051724137931036,1.0,0.8758620689655173,0.7051724137931036,4,0.2,0.25
2022-06-30,801030.SI,-0.02150702166003604,0.6663793103448277,1.0,0.5862068965517241,0.6994763758727596,5,0.2,0.25
2022-07-31,801010.SI,0.00520315585094866,0.9293103448275861,1.0,0.7275862068965517,0.9293103448275861,1,0.2,0.25
2022-07-31,801160.SI,-0.004563591022443858,0.8724137931034482,1.0,0.7793103448275862,0.923458010654559,2,0.2,0.25
2022-07-31,801880.SI,-0.11849927671735527,0.9137931034482758,1.0,0.9758620689655173,0.9137931034482758,3,0.2,0.25
2022-07-31,801030.SI,-0.02748553507202056,0.7991379310344827,1.0,0.7241379310344828,0.8501821485855935,4,0.2,0.25
2022-07-31,801970.SI,-0.060363319313785135,0.8439655172413794,1.0,0.789655172413793,0.8439655172413794,5,0.2,0.25
2022-08-31,801010.SI,-0.10378327426082179,0.9620689655172414,1.0,0.8896551724137931,1.0084318373270513,1,0.2,0.25
2022-08-31,801950.SI,0.016902224244873754,0.8379310344827586,1.0,0.6724137931034483,0.8379310344827586,2,0.2,0.25
2022-08-31,801770.SI,-0.0826014764860653,0.8060344827586207,1.0,0.7931034482758621,0.8060344827586207,3,0.2,0.25
2022-08-31,801170.SI,-0.026708871588673078,0.7982758620689655,1.0,0.503448275862069,0.7982758620689655,4,0.2,0.25
2022-08-31,801230.SI,-0.05199042854035241,0.7827586206896553,1.0,0.9379310344827586,0.7827586206896553,5,0.2,0.25
2022-09-30,801230.SI,0.010318314161255948,0.9370689655172415,1.0,0.8206896551724138,0.9825375962626063,1,0.2,0.25
2022-09-30,801740.SI,0.1163035096458962,0.9000000000000001,1.0,0.7448275862068965,0.9000000000000001,2,0.2,0.25
2022-09-30,801950.SI,-0.1258223015053359,0.8474137931034482,1.0,1.0,0.892882423848813,3,0.2,0.25
2022-09-30,801170.SI,-0.034122072990647734,0.7836206896551724,1.0,0.8689655172413794,0.8290893204005372,4,0.2,0.25
2022-09-30,801770.SI,0.05543334799824029,0.7379310344827585,1.0,0.6965517241379311,0.7833996652281233,5,0.2,0.25
2022-10-31,801230.SI,0.09823107367982087,0.9370689655172413,1.0,0.8620689655172413,0.9788391331006858,1,0.2,0.25
2022-10-31,801770.SI,0.011734847325626241,0.868103448275862,1.0,0.8655172413793103,0.9098736158593066,2,0.2,0.25
2022-10-31,801970.SI,0.07469312684858997,0.7879310344827586,1.0,0.596551724137931,0.7879310344827586,3,0.2,0.25
2022-10-31,801880.SI,0.08037334372711769,0.7801724137931035,1.0,0.4517241379310345,0.7801724137931035,4,0.2,0.25
2022-10-31,801010.SI,0.05329956645665068,0.7405172413793104,1.0,0.3758620689655172,0.7405172413793104,5,0.2,0.25
2022-11-30,801230.SI,0.022748538804735485,0.8405172413793103,1.0,0.8482758620689654,0.8796412542253729,1,0.2,0.25
2022-11-30,801140.SI,0.0087773696512905,0.8344827586206897,1.0,0.6172413793103448,0.8344827586206897,2,0.2,0.25
2022-11-30,801210.SI,0.06457441027699384,0.7982758620689655,1.0,0.9379310344827586,0.7982758620689655,3,0.2,0.25
2022-11-30,801950.SI,-0.10878577360365793,0.7870689655172414,1.0,0.33448275862068966,0.7870689655172414,4,0.2,0.25
2022-11-30,801010.SI,0.01431843510063846,0.7068965517241379,1.0,0.14827586206896554,0.7460205645702005,5,0.2,0.25
2022-12-31,801230.SI,0.0008585426652611972,0.95,1.0,0.9137931034482759,0.9930196969594403,1,0.2,0.25
2022-12-31,801210.SI,-0.00298757446934661,0.8620689655172413,1.0,0.9758620689655173,0.9050886624766816,2,0.2,0.25
2022-12-31,801010.SI,0.032821714414056125,0.8284482758620688,1.0,0.5,0.8714679728215091,3,0.2,0.25
2022-12-31,801770.SI,0.09237983332245348,0.8086206896551724,1.0,0.5862068965517241,0.8086206896551724,4,0.2,0.25
2022-12-31,801950.SI,0.0515195401524593,0.7146551724137932,1.0,0.08620689655172413,0.7576748693732335,5,0.2,0.25
2023-01-31,801960.SI,0.020036970871032178,0.8267241379310345,1.0,0.5758620689655173,0.8267241379310345,1,0.2,0.25
2023-01-31,801170.SI,-0.004776891785985282,0.8163793103448277,1.0,0.4103448275862069,0.8163793103448277,2,0.2,0.25
2023-01-31,801950.SI,0.029332422255913038,0.7482758620689655,1.0,0.2206896551724138,0.7818455151343536,3,0.2,0.25
2023-01-31,801770.SI,0.08588715701409311,0.7241379310344828,1.0,0.4241379310344827,0.7577075840998709,4,0.2,0.25
2023-01-31,801160.SI,0.011332819756956658,0.7318965517241379,1.0,0.14482758620689656,0.7318965517241379,5,0.2,0.25
2023-02-28,801980.SI,-0.04664270632590939,0.9051724137931034,1.0,0.7862068965517242,0.9051724137931034,1,0.2,0.25
2023-02-28,801950.SI,-0.044459734188944444,0.7758620689655171,1.0,0.20689655172413793,0.821963591155407,2,0.2,0.25
2023-02-28,801130.SI,-0.053807318444497265,0.8137931034482759,1.0,0.8137931034482759,0.8137931034482759,3,0.2,0.25
2023-02-28,801210.SI,-0.003402616060782071,0.806896551724138,1.0,0.7965517241379312,0.806896551724138,4,0.2,0.25
2023-02-28,801120.SI,-0.017446050390955925,0.8017241379310345,1.0,0.7551724137931035,0.8017241379310345,5,0.2,0.25
2023-03-31,801770.SI,0.034741007073371355,0.9827586206896551,1.0,0.9310344827586207,0.9827586206896551,1,0.2,0.25
2023-03-31,801210.SI,-0.05395233145570166,0.8784482758620689,1.0,0.6172413793103448,0.9261455252921301,2,0.2,0.25
2023-03-31,801120.SI,-0.0595865903887105,0.8137931034482759,1.0,0.596551724137931,0.8614903528783372,3,0.2,0.25
2023-03-31,801750.SI,-0.06992580681082528,0.8405172413793105,1.0,0.9931034482758622,0.8405172413793105,4,0.2,0.25
2023-03-31,801230.SI,-0.0433186736568294,0.8043103448275862,1.0,0.42413793103448283,0.8043103448275862,5,0.2,0.25
2023-04-30,801770.SI,0.013619000840278117,0.8586206896551725,1.0,0.9517241379310345,0.9003955082422148,1,0.2,0.25
2023-04-30,801960.SI,-0.08079222170432354,0.8577586206896552,1.0,0.8551724137931035,0.8577586206896552,2,0.2,0.25
2023-04-30,801110.SI,-0.07372480821283822,0.8310344827586207,1.0,0.8206896551724138,0.8310344827586207,3,0.2,0.25
2023-04-30,801760.SI,-0.04535302373832917,0.7801724137931034,1.0,1.0,0.7801724137931034,4,0.2,0.25
2023-04-30,801130.SI,-0.0271542851508092,0.7629310344827587,1.0,0.7241379310344829,0.7629310344827587,5,0.2,0.25
2023-05-31,801210.SI,-0.004092608395099284,0.8146551724137931,1.0,0.5379310344827586,0.8146551724137931,1,0.2,0.25
2023-05-31,801110.SI,0.11249095330238523,0.7689655172413793,1.0,0.6448275862068966,0.807733653706266,2,0.2,0.25
2023-05-31,801770.SI,0.10914610215376719,0.764655172413793,1.0,0.9586206896551724,0.8034233088786797,3,0.2,0.25
2023-05-31,801980.SI,-0.012482277212371384,0.7810344827586208,1.0,0.35172413793103446,0.7810344827586208,4,0.2,0.25
2023-05-31,801120.SI,0.005467300006406717,0.746551724137931,1.0,0.4,0.746551724137931,5,0.2,0.25
2023-06-30,801770.SI,-0.07656811912361527,0.8120689655172414,1.0,0.9931034482758622,0.8525022187885727,1,0.2,0.25
2023-06-30,801140.SI,0.0560017165277098,0.8301724137931035,1.0,0.6,0.8301724137931035,2,0.2,0.25
2023-06-30,801010.SI,0.056012089665015585,0.810344827586207,1.0,0.2931034482758621,0.810344827586207,3,0.2,0.25
2023-06-30,801960.SI,0.04341466894977164,0.7724137931034483,1.0,0.6379310344827587,0.7724137931034483,4,0.2,0.25
2023-06-30,801130.SI,0.03907143823735648,0.7637931034482759,1.0,0.7172413793103448,0.7637931034482759,5,0.2,0.25
2023-07-31,801960.SI,-0.033428493281821736,0.7905172413793105,1.0,0.4931034482758621,0.8252895478960288,1,0.2,0.25
2023-07-31,801130.SI,-0.05314753205545619,0.7896551724137931,1.0,0.7793103448275862,0.8244274789305115,2,0.2,0.25
2023-07-31,801760.SI,-0.011175694268946823,0.7939655172413793,1.0,0.32068965517241377,0.7939655172413793,3,0.2,0.25
2023-07-31,801750.SI,-0.03722537832773121,0.7853448275862069,1.0,0.45172413793103444,0.7853448275862069,4,0.2,0.25
2023-07-31,801140.SI,-0.05220665375668132,0.6543103448275862,1.0,0.796551724137931,0.6890826513443046,5,0.2,0.25
2023-08-31,801760.SI,-0.07630271191253724,0.8689655172413794,1.0,0.5172413793103448,0.9056337892334573,1,0.2,0.25
2023-08-31,801750.SI,-0.04262112338247992,0.8405172413793104,1.0,0.5172413793103449,0.8771855133713883,2,0.2,0.25
2023-08-31,801720.SI,-0.009126278879869387,0.7956896551724139,1.0,0.34827586206896555,0.7956896551724139,3,0.2,0.25
2023-08-31,801140.SI,-0.008618916991516845,0.7353448275862068,1.0,0.6655172413793103,0.7720130995782847,4,0.2,0.25
2023-08-31,801210.SI,-0.037079536458421214,0.7120689655172413,1.0,0.3137931034482759,0.7120689655172413,5,0.2,0.25
2023-09-30,801130.SI,-0.01912712016484852,0.7913793103448276,1.0,0.8275862068965517,0.7913793103448276,1,0.2,0.25
2023-09-30,801040.SI,-0.007476811146757578,0.7784482758620689,1.0,0.8379310344827586,0.7784482758620689,2,0.2,0.25
2023-09-30,801210.SI,-0.08124134945259665,0.7293103448275862,1.0,0.19655172413793104,0.7605840872946361,3,0.2,0.25
2023-09-30,801720.SI,-0.056362402443162485,0.6991379310344827,1.0,0.46896551724137925,0.7304116735015327,4,0.2,0.25
2023-09-30,801110.SI,-0.03582918795040613,0.7008620689655173,1.0,0.6413793103448276,0.7008620689655173,5,0.2,0.25
2023-10-31,801140.SI,0.004821029992499559,0.8413793103448275,1.0,0.7275862068965517,0.8413793103448275,1,0.2,0.25
2023-10-31,801110.SI,-0.004904223146576681,0.7905172413793105,1.0,0.6379310344827587,0.8229544119660281,2,0.2,0.25
2023-10-31,801120.SI,0.005046544373606743,0.8017241379310346,1.0,0.45517241379310347,0.8017241379310346,3,0.2,0.25
2023-10-31,801720.SI,-0.017476356575209517,0.6896551724137931,1.0,0.1724137931034483,0.7220923430005108,4,0.2,0.25
2023-10-31,801180.SI,-0.014806478200295348,0.7068965517241379,1.0,0.1482758620689655,0.7068965517241379,5,0.2,0.25
2023-11-30,801120.SI,-0.05009772912347332,0.825,1.0,0.506896551724138,0.8587224366681809,1,0.2,0.25
2023-11-30,801750.SI,-0.01977960728759043,0.8137931034482757,1.0,0.3586206896551724,0.8137931034482757,2,0.2,0.25
2023-11-30,801770.SI,0.001781086679551791,0.8025862068965516,1.0,0.39655172413793105,0.8025862068965516,3,0.2,0.25
2023-11-30,801140.SI,-0.029862088502578765,0.7034482758620689,1.0,0.6517241379310343,0.7371707125302499,4,0.2,0.25
2023-11-30,801960.SI,-0.007910550281349904,0.706896551724138,1.0,0.5413793103448276,0.706896551724138,5,0.2,0.25
2023-12-31,801960.SI,-0.01218740543068586,0.821551724137931,1.0,0.5758620689655172,0.8594718132439093,1,0.2,0.25
2023-12-31,801750.SI,-0.2365036794147053,0.7870689655172414,1.0,0.46896551724137936,0.8249890546232197,2,0.2,0.25
2023-12-31,801040.SI,-0.06920914721295857,0.7956896551724139,1.0,0.48275862068965514,0.7956896551724139,3,0.2,0.25
2023-12-31,801720.SI,-0.03548426426076223,0.7741379310344828,1.0,0.30344827586206896,0.7741379310344828,4,0.2,0.25
2023-12-31,801110.SI,-0.019624040935915965,0.743103448275862,1.0,0.5620689655172414,0.743103448275862,5,0.2,0.25
2024-01-31,801770.SI,0.19523204749590706,0.8379310344827585,1.0,0.5482758620689655,0.8379310344827585,1,0.2,0.25
2024-01-31,801760.SI,0.14824474173030366,0.8198275862068966,1.0,0.4862068965517241,0.8198275862068966,2,0.2,0.25
2024-01-31,801130.SI,0.02713786287571307,0.7543103448275863,1.0,0.7827586206896553,0.7543103448275863,3,0.2,0.25
2024-01-31,801010.SI,0.055738972186881064,0.7370689655172413,1.0,0.6724137931034483,0.7370689655172413,4,0.2,0.25
2024-01-31,801230.SI,0.0008049452992973105,0.728448275862069,1.0,0.5862068965517241,0.728448275862069,5,0.2,0.25
2024-02-29,801080.SI,0.010669314628581228,0.853448275862069,1.0,0.4655172413793104,0.853448275862069,1,0.2,0.25
2024-02-29,801750.SI,-0.004787336349241,0.8465517241379311,1.0,0.43793103448275866,0.8465517241379311,2,0.2,0.25
2024-02-29,801150.SI,-0.022655829702844965,0.7629310344827585,1.0,0.41379310344827586,0.7629310344827585,3,0.2,0.25
2024-02-29,801740.SI,0.044114553838686454,0.7336206896551724,1.0,0.4,0.7336206896551724,4,0.2,0.25
2024-02-29,801890.SI,0.036080474008626684,0.731896551724138,1.0,0.6206896551724138,0.731896551724138,5,0.2,0.25
2024-03-31,801130.SI,-0.014297548153124673,0.7887931034482758,1.0,0.6517241379310345,0.7887931034482758,1,0.2,0.25
2024-03-31,801720.SI,-0.021529125432887763,0.7577586206896552,1.0,0.5482758620689655,0.7577586206896552,2,0.2,0.25
2024-03-31,801140.SI,-0.00947822915331753,0.7077586206896551,1.0,0.4724137931034483,0.7077586206896551,3,0.2,0.25
2024-03-31,801230.SI,-0.08551728204739395,0.6922413793103448,1.0,0.3896551724137931,0.6922413793103448,4,0.2,0.25
2024-03-31,801080.SI,-0.0035388028991307774,0.653448275862069,1.0,0.28620689655172415,0.6900953480337989,5,0.2,0.25
2024-04-30,801120.SI,-0.03673805221269555,0.8301724137931035,1.0,0.5896551724137931,0.8301724137931035,1,0.2,0.25
2024-04-30,801080.SI,-0.012458267650461097,0.7706896551724138,1.0,0.6,0.812417049907499,2,0.2,0.25
2024-04-30,801150.SI,-0.04231855400651052,0.7905172413793103,1.0,0.5241379310344828,0.7905172413793103,3,0.2,0.25
2024-04-30,801050.SI,-0.002809840245425854,0.7586206896551724,1.0,0.9344827586206896,0.7586206896551724,4,0.2,0.25
2024-04-30,801770.SI,-0.06133930191760928,0.743103448275862,1.0,0.9137931034482759,0.743103448275862,5,0.2,0.25
2024-05-31,801770.SI,0.029215269274559086,0.789655172413793,1.0,0.44827586206896547,0.8319968147580106,1,0.2,0.25
2024-05-31,801080.SI,0.0319285499685904,0.7887931034482758,1.0,0.4137931034482759,0.8311347457924934,2,0.2,0.25
2024-05-31,801030.SI,-0.09062909155189103,0.8224137931034483,1.0,0.7034482758620689,0.8224137931034483,3,0.2,0.25
2024-05-31,801050.SI,-0.07328972671846568,0.7482758620689656,1.0,0.9241379310344828,0.7906175044131831,4,0.2,0.25
2024-05-31,801130.SI,-0.11489081236675214,0.7508620689655171,1.0,0.5620689655172414,0.7508620689655171,5,0.2,0.25
2024-06-30,801880.SI,0.0024487807619886226,0.9318965517241379,1.0,0.7793103448275862,0.9318965517241379,1,0.2,0.25
2024-06-30,801050.SI,-0.0357637216790081,0.8784482758620691,1.0,0.7000000000000001,0.9215808768408985,2,0.2,0.25
2024-06-30,801030.SI,-0.032433002326056504,0.771551724137931,1.0,0.5931034482758621,0.8146843251167605,3,0.2,0.25
2024-06-30,801150.SI,0.0022291600591037852,0.7525862068965516,1.0,0.37241379310344824,0.7525862068965516,4,0.2,0.25
2024-06-30,801170.SI,0.0049806979766824355,0.746551724137931,1.0,0.8551724137931035,0.746551724137931,5,0.2,0.25
2024-07-31,801880.SI,-0.05688525386792054,0.9327586206896552,1.0,0.8137931034482759,0.9729273344455599,1,0.2,0.25
2024-07-31,801010.SI,-0.08359110593544161,0.8077586206896552,1.0,0.6551724137931034,0.8077586206896552,2,0.2,0.25
2024-07-31,801160.SI,-0.04675489703457936,0.7698275862068966,1.0,0.8344827586206897,0.7698275862068966,3,0.2,0.25
2024-07-31,801030.SI,-0.04034405497252036,0.7198275862068966,1.0,0.3655172413793103,0.7599962999628013,4,0.2,0.25
2024-07-31,801040.SI,-0.06956788231688626,0.7172413793103448,1.0,0.5103448275862069,0.7172413793103448,5,0.2,0.25
2024-08-31,801770.SI,0.2459881602914391,0.9344827586206896,1.0,0.7379310344827587,0.9344827586206896,1,0.2,0.25
2024-08-31,801880.SI,0.22464061069428398,0.8129310344827587,1.0,0.7275862068965517,0.8537943765260727,2,0.2,0.25
2024-08-31,801950.SI,0.14654150700569324,0.8215517241379311,1.0,0.4413793103448276,0.8215517241379311,3,0.2,0.25
2024-08-31,801110.SI,0.21905641019778854,0.7655172413793103,1.0,0.8068965517241379,0.7655172413793103,4,0.2,0.25
2024-08-31,801050.SI,0.19600148725781819,0.7594827586206896,1.0,0.596551724137931,0.7594827586206896,5,0.2,0.25
2024-09-30,801880.SI,0.014531661383161643,0.8206896551724138,1.0,0.6758620689655173,0.8606980679534318,1,0.2,0.25
2024-09-30,801740.SI,0.10211067955660136,0.8568965517241379,1.0,0.4896551724137931,0.8568965517241379,2,0.2,0.25
2024-09-30,801160.SI,-0.04161267098632104,0.8025862068965518,1.0,0.2827586206896552,0.8025862068965518,3,0.2,0.25
2024-09-30,801080.SI,0.1464949766228678,0.7974137931034483,1.0,0.5724137931034483,0.7974137931034483,4,0.2,0.25
2024-09-30,801040.SI,-0.005270515867468184,0.7525862068965516,1.0,0.47586206896551725,0.7525862068965516,5,0.2,0.25
2024-10-31,801770.SI,-0.019085019463281117,0.903448275862069,1.0,0.7689655172413793,0.903448275862069,1,0.2,0.25
2024-10-31,801880.SI,0.006936856897219901,0.8534482758620688,1.0,0.5172413793103448,0.897786093915434,2,0.2,0.25
2024-10-31,801890.SI,0.03427651100002693,0.8043103448275862,1.0,0.6310344827586207,0.8043103448275862,3,0.2,0.25
2024-10-31,801730.SI,0.012136493753176936,0.7913793103448277,1.0,0.7655172413793104,0.7913793103448277,4,0.2,0.25
2024-10-31,801760.SI,0.06651086702500564,0.7862068965517242,1.0,0.7862068965517242,0.7862068965517242,5,0.2,0.25
2024-11-30,801730.SI,-0.059973329914769336,0.9310344827586207,1.0,0.7241379310344828,0.9753927030948559,1,0.2,0.25
2024-11-30,801890.SI,-0.019229153878460914,0.8655172413793103,1.0,0.6793103448275862,0.9098754617155456,2,0.2,0.25
2024-11-30,801880.SI,0.017000110884062947,0.8474137931034482,1.0,0.49310344827586206,0.8917720134396835,3,0.2,0.25
2024-11-30,801770.SI,0.04391524746366393,0.7599137931034483,1.0,0.593103448275862,0.8042720134396836,4,0.2,0.25
2024-11-30,801760.SI,-0.058389575481345046,0.6896551724137931,1.0,0.8862068965517241,0.7340133927500284,5,0.2,0.25
2024-12-31,801880.SI,0.008353296304488111,0.8974137931034482,1.0,0.6931034482758621,0.9419324329261066,1,0.2,0.25
2024-12-31,801770.SI,-0.00848946037524212,0.881896551724138,1.0,0.8689655172413793,0.9264151915467964,2,0.2,0.25
2024-12-31,801080.SI,-0.0026600485080940928,0.9086206896551724,1.0,0.8931034482758621,0.9086206896551724,3,0.2,0.25
2024-12-31,801740.SI,-0.07277017589064128,0.818103448275862,1.0,0.6344827586206896,0.818103448275862,4,0.2,0.25
2024-12-31,801110.SI,-0.006752683128478654,0.7810344827586206,1.0,0.5896551724137932,0.7810344827586206,5,0.2,0.25
2025-01-31,801880.SI,0.09178464128764174,0.9543103448275863,1.0,0.8793103448275862,1.0028628596554514,1,0.2,0.25
2025-01-31,801890.SI,0.10708296629800018,0.9439655172413792,1.0,0.8793103448275863,0.9439655172413792,2,0.2,0.25
2025-01-31,801770.SI,0.03663637626035965,0.793103448275862,1.0,0.8137931034482758,0.8416559631037273,3,0.2,0.25
2025-01-31,801760.SI,0.060991026141240745,0.8206896551724137,1.0,0.8310344827586207,0.8206896551724137,4,0.2,0.25
2025-01-31,801750.SI,0.16305346060724113,0.8198275862068966,1.0,0.6620689655172415,0.8198275862068966,5,0.2,0.25
2025-02-28,801890.SI,-0.010485306425565666,0.9500000000000001,1.0,0.9448275862068966,1.0017823974031925,1,0.2,0.25
2025-02-28,801880.SI,0.011936814255699923,0.9293103448275862,1.0,0.9241379310344828,0.9810927422307787,2,0.2,0.25
2025-02-28,801200.SI,-0.035273790911352854,0.8775862068965516,1.0,0.5206896551724138,0.8775862068965516,3,0.2,0.25
2025-02-28,801770.SI,-0.038438919201489785,0.8094827586206896,1.0,0.7862068965517242,0.8612651560238821,4,0.2,0.25
2025-02-28,801230.SI,-0.04322019943280586,0.7844827586206896,1.0,0.7172413793103449,0.7844827586206896,5,0.2,0.25
2025-03-31,801200.SI,0.017359522673960015,0.8129310344827586,1.0,0.3137931034482758,0.8527171483475657,1,0.2,0.25
2025-03-31,801710.SI,-0.03611775487851221,0.8456896551724137,1.0,0.5586206896551724,0.8456896551724137,2,0.2,0.25
2025-03-31,801770.SI,-0.06694075873668481,0.7741379310344827,1.0,0.4689655172413793,0.8139240448992898,3,0.2,0.25
2025-03-31,801230.SI,-0.03332007465654918,0.7508620689655173,1.0,0.4068965517241379,0.7906481828303245,4,0.2,0.25
2025-03-31,801760.SI,-0.022250040982995656,0.7586206896551724,1.0,0.696551724137931,0.7586206896551724,5,0.2,0.25
2025-04-30,801760.SI,0.02203999512254584,0.8491379310344827,1.0,0.6862068965517241,0.8882784389681384,1,0.2,0.25
2025-04-30,801980.SI,0.025482517363836443,0.8189655172413793,1.0,0.9379310344827587,0.8189655172413793,2,0.2,0.25
2025-04-30,801230.SI,0.04765540925492173,0.7508620689655173,1.0,0.33448275862068966,0.7900025768991731,3,0.2,0.25
2025-04-30,801040.SI,-0.0030834358016462726,0.7879310344827586,1.0,0.6172413793103448,0.7879310344827586,4,0.2,0.25
2025-04-30,801180.SI,-0.0043680794960446745,0.7586206896551724,1.0,0.2931034482758621,0.7586206896551724,5,0.2,0.25
2025-05-31,801230.SI,0.06833158985940169,0.8112068965517241,1.0,0.3896551724137931,0.8461424702481084,1,0.2,0.25
2025-05-31,801970.SI,0.01075881803904477,0.8232758620689655,1.0,0.893103448275862,0.8232758620689655,2,0.2,0.25
2025-05-31,801760.SI,0.0840069197959854,0.7525862068965518,1.0,0.45517241379310347,0.7875217805929361,3,0.2,0.25
2025-05-31,801200.SI,0.027119361897366856,0.7491379310344828,1.0,0.39999999999999997,0.7491379310344828,4,0.2,0.25
2025-05-31,801210.SI,0.04132303326501652,0.7163793103448275,1.0,0.23793103448275862,0.7163793103448275,5,0.2,0.25
2025-06-30,801200.SI,0.019118698114244825,0.8741379310344828,1.0,0.5586206896551724,0.9200759815422839,1,0.2,0.25
2025-06-30,801760.SI,0.0317663406111135,0.8267241379310345,1.0,0.9172413793103448,0.8726621884388355,2,0.2,0.25
2025-06-30,801890.SI,0.05665893131611455,0.8137931034482758,1.0,0.503448275862069,0.8137931034482758,3,0.2,0.25
2025-06-30,801180.SI,0.04253740632857839,0.7870689655172413,1.0,0.2517241379310345,0.7870689655172413,4,0.2,0.25
2025-06-30,801210.SI,0.051326306049011894,0.7396551724137932,1.0,0.4344827586206897,0.7855932229215943,5,0.2,0.25
2025-07-31,801890.SI,0.1291463449416732,0.8724137931034481,1.0,0.5931034482758621,0.9149207495380975,1,0.2,0.25
2025-07-31,801210.SI,0.0505082855615564,0.8474137931034482,1.0,0.49310344827586206,0.8899207495380976,2,0.2,0.25
2025-07-31,801230.SI,0.21895334125180765,0.8465517241379311,1.0,0.8931034482758621,0.8465517241379311,3,0.2,0.25
2025-07-31,801200.SI,0.07473442395961194,0.8034482758620689,1.0,0.31724137931034485,0.8459552322967183,4,0.2,0.25
2025-07-31,801140.SI,0.06402587206041788,0.7155172413793103,1.0,0.4103448275862069,0.7155172413793103,5,0.2,0.25
2025-08-31,801760.SI,0.05345506666827271,0.8887931034482759,1.0,0.7620689655172415,0.8887931034482759,1,0.2,0.25
2025-08-31,801890.SI,0.0528985324206217,0.8310344827586207,1.0,0.7068965517241379,0.8752946275987271,2,0.2,0.25
2025-08-31,801880.SI,0.05171870555264291,0.8362068965517242,1.0,0.47931034482758617,0.8362068965517242,3,0.2,0.25
2025-08-31,801200.SI,-0.039068872482379335,0.7387931034482759,1.0,0.4724137931034483,0.7830532482883823,4,0.2,0.25
2025-08-31,801730.SI,0.21169681321469147,0.7706896551724137,1.0,0.7551724137931034,0.7706896551724137,5,0.2,0.25
2025-09-30,801760.SI,-0.060358331141880384,0.9025862068965518,1.0,0.8172413793103449,0.9475694295206486,1,0.2,0.25
2025-09-30,801890.SI,-0.016308728696453167,0.8689655172413793,1.0,0.8172413793103448,0.9139487398654761,2,0.2,0.25
2025-09-30,801880.SI,-0.035843328558589294,0.8681034482758622,1.0,0.6586206896551724,0.913086670899959,3,0.2,0.25
2025-09-30,801030.SI,0.005457321075226007,0.8344827586206897,1.0,0.6482758620689655,0.8344827586206897,4,0.2,0.25
2025-09-30,801970.SI,0.025834119916280374,0.8137931034482758,1.0,0.47241379310344833,0.8137931034482758,5,0.2,0.25
2025-10-31,801130.SI,0.029475877351446522,0.8448275862068965,1.0,0.4,0.8448275862068965,1,0.2,0.25
2025-10-31,801030.SI,0.012289087300148438,0.7870689655172414,1.0,0.6758620689655173,0.8265875512370308,2,0.2,0.25
2025-10-31,801200.SI,0.0016210103581271174,0.8017241379310346,1.0,0.3620689655172414,0.8017241379310346,3,0.2,0.25
2025-10-31,801140.SI,0.02316932266573657,0.7974137931034483,1.0,0.4896551724137931,0.7974137931034483,4,0.2,0.25
2025-10-31,801970.SI,-0.0202328325965635,0.6982758620689655,1.0,0.6103448275862069,0.7377944477887549,5,0.2,0.25
2025-11-30,801030.SI,0.04427253750877713,0.9189655172413793,1.0,0.7275862068965517,0.963473042709996,1,0.2,0.25
2025-11-30,801230.SI,0.002074042287985245,0.8801724137931034,1.0,0.8827586206896552,0.8801724137931034,2,0.2,0.25
2025-11-30,801760.SI,-0.019145855520587785,0.8706896551724139,1.0,0.6379310344827587,0.8706896551724139,3,0.2,0.25
2025-11-30,801770.SI,0.12058205282797507,0.7913793103448274,1.0,0.7137931034482758,0.7913793103448274,4,0.2,0.25
2025-11-30,801110.SI,0.012243929394988529,0.775,1.0,0.4517241379310345,0.775,5,0.2,0.25
2025-12-31,801030.SI,0.1272116622716637,0.825,1.0,0.7758620689655172,0.8706790349214738,1,0.2,0.25
2025-12-31,801080.SI,0.10507782044768321,0.8689655172413794,1.0,0.5482758620689655,0.8689655172413794,2,0.2,0.25
2025-12-31,801880.SI,0.002582456844137493,0.836206896551724,1.0,0.47931034482758617,0.836206896551724,3,0.2,0.25
2025-12-31,801230.SI,0.09971528199063018,0.7672413793103448,1.0,0.7,0.8129204142318186,4,0.2,0.25
2025-12-31,801740.SI,0.0408692974130096,0.7827586206896551,1.0,0.8551724137931034,0.7827586206896551,5,0.2,0.25
2026-01-31,801230.SI,0.18404702783551108,0.8974137931034483,1.0,0.796551724137931,0.942050441219313,1,0.2,0.25
2026-01-31,801080.SI,0.02092811018806029,0.8784482758620689,1.0,0.7724137931034483,0.9230849239779336,2,0.2,0.25
2026-01-31,801970.SI,0.07727418418078269,0.8232758620689656,1.0,0.4793103448275862,0.8232758620689656,3,0.2,0.25
2026-01-31,801890.SI,0.07267280400603515,0.7827586206896551,1.0,0.6896551724137931,0.7827586206896551,4,0.2,0.25
2026-01-31,801210.SI,0.009080076976751617,0.7758620689655173,1.0,0.4344827586206897,0.7758620689655173,5,0.2,0.25
2026-02-28,801890.SI,-0.12893440751492213,0.9491379310344827,1.0,0.7965517241379311,0.9940751312359868,1,0.2,0.25
2026-02-28,801740.SI,-0.1593501008401842,0.8939655172413793,1.0,0.8344827586206897,0.8939655172413793,2,0.2,0.25
2026-02-28,801970.SI,-0.08104855307192593,0.7862068965517242,1.0,0.6827586206896552,0.8311440967532282,3,0.2,0.25
2026-02-28,801080.SI,-0.13513476963190063,0.7637931034482759,1.0,0.6241379310344828,0.8087303036497799,4,0.2,0.25
2026-02-28,801880.SI,-0.0904806843435112,0.7724137931034483,1.0,0.43103448275862066,0.7724137931034483,5,0.2,0.25
2026-03-31,801880.SI,0.04390831682107854,0.7862068965517242,1.0,0.2793103448275862,0.8209799052928705,1,0.2,0.25
2026-03-31,801770.SI,0.22230075500117508,0.7982758620689656,1.0,0.8448275862068966,0.7982758620689656,2,0.2,0.25
2026-03-31,801030.SI,0.06737791963854023,0.771551724137931,1.0,0.7586206896551724,0.771551724137931,3,0.2,0.25
2026-03-31,801080.SI,0.2679297975675581,0.7241379310344828,1.0,0.3413793103448276,0.7589109397756291,4,0.2,0.25
2026-03-31,801730.SI,0.08975605046642743,0.7232758620689655,1.0,0.7517241379310345,0.7232758620689655,5,0.2,0.25
2026-04-30,801080.SI,0.17884763136832227,0.8655172413793104,1.0,0.9068965517241379,0.909801342595433,1,0.2,0.25
2026-04-30,801030.SI,-0.08925246475979731,0.8620689655172415,1.0,0.6965517241379311,0.9063530667333641,2,0.2,0.25
2026-04-30,801050.SI,-0.07064770401603271,0.868103448275862,1.0,0.4724137931034482,0.868103448275862,3,0.2,0.25
2026-04-30,801890.SI,0.04395859541881597,0.8396551724137931,1.0,0.7413793103448276,0.8396551724137931,4,0.2,0.25
2026-04-30,801710.SI,0.061777231534217325,0.8258620689655173,1.0,0.7999999999999999,0.8258620689655173,5,0.2,0.25
2026-05-31,801050.SI,-0.04063947458989503,0.7689655172413794,1.0,0.41724137931034483,0.7999838491088356,1,0.2,0.25
2026-05-31,801760.SI,-0.09879834366288665,0.7543103448275863,1.0,0.1413793103448276,0.7543103448275863,2,0.2,0.25
2026-05-31,801030.SI,0.048840013908389324,0.721551724137931,1.0,0.40344827586206894,0.7525700560053872,3,0.2,0.25
2026-05-31,801960.SI,-0.12394813702331264,0.6603448275862069,1.0,0.3758620689655172,0.6603448275862069,4,0.2,0.25
2026-05-31,801890.SI,0.06622050587355188,0.6232758620689656,1.0,0.8379310344827586,0.6542941939364217,5,0.2,0.25
2026-06-30,801050.SI,-0.06416065788689596,0.761206896551724,1.0,0.6758620689655171,0.7953009184201035,1,0.2,0.25
2026-06-30,801040.SI,0.03266842408153425,0.7948275862068965,1.0,0.1793103448275862,0.7948275862068965,2,0.2,0.25
2026-06-30,801890.SI,-0.22057033196673126,0.7310344827586207,1.0,0.896551724137931,0.7651285046270002,3,0.2,0.25
2026-06-30,801230.SI,-0.10289205967734816,0.7224137931034482,1.0,0.7068965517241379,0.7224137931034482,4,0.2,0.25
2026-06-30,801970.SI,-0.07708366951750845,0.7189655172413792,1.0,0.6931034482758621,0.7189655172413792,5,0.2,0.25
2026-07-31,801230.SI,0.11918295861422146,0.8155172413793104,1.0,0.3034482758620689,0.8474067942660972,1,0.2,0.25
2026-07-31,801050.SI,0.09810294237509165,0.7508620689655173,1.0,0.2724137931034483,0.7827516218523042,2,0.2,0.25
2026-07-31,801030.SI,0.08770978651190964,0.7525862068965518,1.0,0.2793103448275862,0.7525862068965518,3,0.2,0.25
2026-07-31,801730.SI,-0.0009314864331740891,0.7517241379310345,1.0,0.24482758620689654,0.7517241379310345,4,0.2,0.25
2026-07-31,801890.SI,0.10662585821821491,0.6991379310344829,1.0,0.5724137931034483,0.7310274839212697,5,0.2,0.25
2026-08-31,801030.SI,,0.8120689655172413,1.0,0.7137931034482758,0.8411714959699319,1,0.2,0.25
2026-08-31,801960.SI,,0.7887931034482758,1.0,0.8793103448275862,0.7887931034482758,2,0.2,0.25
2026-08-31,801710.SI,,0.7741379310344827,1.0,0.45862068965517244,0.7741379310344827,3,0.2,0.25
2026-08-31,801890.SI,,0.678448275862069,1.0,0.5724137931034483,0.7075508063147596,4,0.2,0.25
2026-08-31,801970.SI,,0.6844827586206896,1.0,0.5344827586206896,0.6844827586206896,5,0.2,0.25
2019-01-31,801730.SI,0.17077446943734476,0.8258620689655172,1.0,0.8862068965517241,0.8258620689655172,1,0.2,0.5
2019-01-31,801010.SI,0.21977167902555883,0.7862068965517242,1.0,0.9172413793103448,0.7862068965517242,2,0.2,0.5
2019-01-31,801880.SI,0.15702613176297398,0.753448275862069,1.0,0.6000000000000001,0.753448275862069,3,0.2,0.5
2019-01-31,801110.SI,0.10322283560272227,0.75,1.0,0.9310344827586208,0.75,4,0.2,0.5
2019-01-31,801120.SI,0.12600095208191964,0.7482758620689656,1.0,0.9310344827586208,0.7482758620689656,5,0.2,0.5
2019-02-28,801740.SI,0.10793159048499001,0.853448275862069,1.0,0.789655172413793,0.853448275862069,1,0.2,0.5
2019-02-28,801010.SI,0.17539736425201502,0.8017241379310345,1.0,0.9275862068965517,0.8366951881049038,2,0.2,0.5
2019-02-28,801890.SI,0.09378740933737073,0.8310344827586207,1.0,0.710344827586207,0.8310344827586207,3,0.2,0.5
2019-02-28,801730.SI,0.07486616000898505,0.7448275862068965,1.0,0.7655172413793103,0.7797986363807659,4,0.2,0.5
2019-02-28,801880.SI,0.03894848010586438,0.6775862068965517,1.0,0.47241379310344833,0.7125572570704211,5,0.2,0.5
2019-03-31,801010.SI,0.05821731145210007,0.8534482758620691,1.0,0.9827586206896552,0.8966251591195972,1,0.2,0.5
2019-03-31,801890.SI,-0.04706147445337716,0.7793103448275862,1.0,0.6310344827586206,0.8224872280851143,2,0.2,0.5
2019-03-31,801180.SI,-0.03965245925768801,0.8224137931034483,1.0,0.7448275862068965,0.8224137931034483,3,0.2,0.5
2019-03-31,801740.SI,-0.07316714223810183,0.7603448275862068,1.0,0.7724137931034483,0.8035217108437349,4,0.2,0.5
2019-03-31,801750.SI,-0.07320660468988494,0.8,1.0,0.9551724137931035,0.8,5,0.2,0.5
2019-04-30,801010.SI,-0.017263242757527997,0.9482758620689655,1.0,0.9931034482758622,0.9862696525193917,1,0.2,0.5
2019-04-30,801890.SI,-0.05659755943081535,0.7379310344827585,1.0,0.5448275862068965,0.7759248249331847,2,0.2,0.5
2019-04-30,801750.SI,-0.05641225259753868,0.7258620689655172,1.0,0.7379310344827585,0.7638558594159434,3,0.2,0.5
2019-04-30,801740.SI,-0.01566690190543396,0.710344827586207,1.0,0.503448275862069,0.7483386180366332,4,0.2,0.5
2019-04-30,801710.SI,-0.0404388209752472,0.710344827586207,1.0,0.6068965517241379,0.710344827586207,5,0.2,0.5
2019-05-31,801740.SI,-0.0006183682248349642,0.8793103448275863,1.0,0.810344827586207,0.9187487112497724,1,0.2,0.5
2019-05-31,801010.SI,-0.08030968535830874,0.756896551724138,1.0,0.9862068965517242,0.7963349181463241,2,0.2,0.5
2019-05-31,801180.SI,0.009033166259942771,0.7344827586206897,1.0,0.5379310344827586,0.7344827586206897,3,0.2,0.5
2019-05-31,801750.SI,0.02264755204811708,0.6844827586206896,1.0,0.7655172413793103,0.7239211250428758,4,0.2,0.5
2019-05-31,801890.SI,0.019755981846338422,0.6844827586206896,1.0,0.5724137931034483,0.7239211250428758,5,0.2,0.5
2019-06-30,801010.SI,0.0730661066924354,0.7344827586206897,1.0,0.6758620689655173,0.7651627260959106,1,0.2,0.5
2019-06-30,801890.SI,-0.0039940308988763995,0.6982758620689655,1.0,0.5172413793103449,0.7289558295441865,2,0.2,0.5
2019-06-30,801740.SI,0.04998430704389545,0.6637931034482758,1.0,0.5,0.6944730709234967,3,0.2,0.5
2019-06-30,801750.SI,-0.013502901321646998,0.6517241379310346,1.0,0.5793103448275863,0.6824041054062555,4,0.2,0.5
2019-06-30,801180.SI,-0.015008194406563202,0.646551724137931,1.0,0.42758620689655175,0.677231691613152,5,0.2,0.5
2019-07-31,801750.SI,0.03136054586367942,0.796551724137931,1.0,0.7034482758620689,0.8313556472311755,1,0.2,0.5
2019-07-31,801740.SI,0.045589252619801846,0.7448275862068966,1.0,0.9344827586206897,0.7796315093001411,2,0.2,0.5
2019-07-31,801180.SI,-0.06717407232245898,0.6879310344827586,1.0,0.46551724137931033,0.7227349575760031,3,0.2,0.5
2019-07-31,801230.SI,-0.01153701480386049,0.7206896551724138,1.0,0.4413793103448276,0.7206896551724138,4,0.2,0.5
2019-07-31,801890.SI,-0.046252148239545265,0.6827586206896552,1.0,0.6758620689655173,0.7175625437828997,5,0.2,0.5
2019-08-31,801740.SI,-0.06933927973404552,0.8120689655172414,1.0,0.903448275862069,0.8488690558044992,1,0.2,0.5
2019-08-31,801980.SI,0.005782885120844572,0.8172413793103448,1.0,0.8068965517241379,0.8172413793103448,2,0.2,0.5
2019-08-31,801750.SI,0.03593188051171725,0.6586206896551724,1.0,0.7862068965517242,0.6954207799424302,3,0.2,0.5
2019-08-31,801110.SI,0.0022028740714929995,0.6913793103448276,1.0,0.7275862068965517,0.6913793103448276,4,0.2,0.5
2019-08-31,801010.SI,-0.08530524845271692,0.6827586206896552,1.0,0.7965517241379312,0.6827586206896552,5,0.2,0.5
2019-09-30,801110.SI,0.04803849207927646,0.7637931034482759,1.0,0.7172413793103448,0.7982591092309577,1,0.2,0.5
2019-09-30,801010.SI,0.1259784115697462,0.7517241379310344,1.0,0.5724137931034483,0.7861901437137162,2,0.2,0.5
2019-09-30,801980.SI,0.024409586663207472,0.7362068965517241,1.0,0.8206896551724139,0.7706729023344059,3,0.2,0.5
2019-09-30,801080.SI,0.0017934026518622304,0.7413793103448276,1.0,0.9896551724137932,0.7413793103448276,4,0.2,0.5
2019-09-30,801890.SI,-0.020846046161024923,0.6775862068965517,1.0,0.6482758620689655,0.6775862068965517,5,0.2,0.5
2019-10-31,801010.SI,-0.09573178866850485,0.8258620689655172,1.0,0.8241379310344827,0.8657839605994192,1,0.2,0.5
2019-10-31,801980.SI,-0.05938355741316481,0.7965517241379311,1.0,0.8896551724137931,0.8364736157718331,2,0.2,0.5
2019-10-31,801080.SI,0.035991417608382203,0.7672413793103449,1.0,0.9172413793103449,0.8071632709442469,3,0.2,0.5
2019-10-31,801760.SI,-0.011568582848601072,0.7879310344827586,1.0,0.7758620689655172,0.7879310344827586,4,0.2,0.5
2019-10-31,801150.SI,-0.026464137330702853,0.7637931034482759,1.0,0.9379310344827586,0.7637931034482759,5,0.2,0.5
2019-11-30,801710.SI,0.14377078351474704,0.9413793103448276,1.0,0.9310344827586208,0.9413793103448276,1,0.2,0.5
2019-11-30,801180.SI,0.10439539233823147,0.7637931034482759,1.0,0.6793103448275862,0.7637931034482759,2,0.2,0.5
2019-11-30,801960.SI,0.05041070041070039,0.743103448275862,1.0,0.693103448275862,0.743103448275862,3,0.2,0.5
2019-11-30,801120.SI,0.04601040115873256,0.7362068965517241,1.0,0.5551724137931034,0.7362068965517241,4,0.2,0.5
2019-11-30,801890.SI,0.08871536804575508,0.6293103448275862,1.0,0.5862068965517241,0.6293103448275862,5,0.2,0.5
2019-12-31,801710.SI,-0.058900707929026686,0.8672413793103448,1.0,0.9827586206896552,0.9062257463452249,1,0.2,0.5
2019-12-31,801180.SI,-0.06589924772441891,0.8172413793103448,1.0,0.7620689655172413,0.8562257463452249,2,0.2,0.5
2019-12-31,801110.SI,-0.026310377096551818,0.8155172413793104,1.0,0.9241379310344827,0.8155172413793104,3,0.2,0.5
2019-12-31,801080.SI,0.13541169776837791,0.753448275862069,1.0,0.9551724137931035,0.753448275862069,4,0.2,0.5
2019-12-31,801120.SI,-0.058685391683798604,0.6655172413793103,1.0,0.47586206896551725,0.7045016084141904,5,0.2,0.5
2020-01-31,801080.SI,0.054112537678331574,0.8551724137931034,1.0,1.0,0.8922883766687564,1,0.2,0.5
2020-01-31,801710.SI,0.07158773483208791,0.8206896551724137,1.0,0.7241379310344827,0.8578056180480667,2,0.2,0.5
2020-01-31,801730.SI,0.016738125390988845,0.8310344827586207,1.0,0.9172413793103449,0.8310344827586207,3,0.2,0.5
2020-01-31,801740.SI,0.008536711300815902,0.7706896551724138,1.0,0.6310344827586207,0.7706896551724138,4,0.2,0.5
2020-01-31,801150.SI,0.02340718996588853,0.6775862068965517,1.0,0.7241379310344828,0.6775862068965517,5,0.2,0.5
2020-02-29,801080.SI,-0.20437596938310032,0.943103448275862,1.0,0.9724137931034483,0.9889969890904482,1,0.2,0.5
2020-02-29,801750.SI,-0.12811190368838843,0.9827586206896552,1.0,0.9655172413793104,0.9827586206896552,2,0.2,0.5
2020-02-29,801730.SI,-0.0805549124025623,0.8120689655172413,1.0,0.7758620689655172,0.8579625063318275,3,0.2,0.5
2020-02-29,801770.SI,-0.07935396231061986,0.796551724137931,1.0,0.9344827586206896,0.796551724137931,4,0.2,0.5
2020-02-29,801230.SI,-0.07340300621140283,0.7724137931034483,1.0,0.8448275862068965,0.7724137931034483,5,0.2,0.5
2020-03-31,801010.SI,-0.00315738574733071,0.8551724137931035,1.0,0.9896551724137932,0.8551724137931035,1,0.2,0.5
2020-03-31,801750.SI,0.0755829525273295,0.789655172413793,1.0,0.7310344827586207,0.8232925940428991,2,0.2,0.5
2020-03-31,801080.SI,0.11424079377389651,0.7620689655172413,1.0,0.5241379310344827,0.7957063871463474,3,0.2,0.5
2020-03-31,801150.SI,0.05433009883551154,0.7793103448275862,1.0,0.9344827586206897,0.7793103448275862,4,0.2,0.5
2020-03-31,801980.SI,0.09464844806169359,0.7155172413793103,1.0,0.8931034482758621,0.7155172413793103,5,0.2,0.5
2020-04-30,801710.SI,-0.016152427675268255,0.8862068965517241,1.0,0.9482758620689655,0.8862068965517241,1,0.2,0.5
2020-04-30,801150.SI,0.0502430319882643,0.8155172413793104,1.0,0.8206896551724138,0.8532096164045501,2,0.2,0.5
2020-04-30,801080.SI,-0.015388531995796817,0.8051724137931036,1.0,0.6206896551724138,0.8428647888183433,3,0.2,0.5
2020-04-30,801980.SI,0.16822384741776464,0.7413793103448276,1.0,0.8931034482758621,0.7790716853700673,4,0.2,0.5
2020-04-30,801750.SI,-0.022566371681415953,0.7293103448275862,1.0,0.7999999999999999,0.7670027198528259,5,0.2,0.5
2020-05-31,801150.SI,0.1687925741774423,0.8172413793103448,1.0,0.8793103448275862,0.8515589640107643,1,0.2,0.5
2020-05-31,801980.SI,0.12149584258352752,0.7793103448275862,1.0,1.0,0.8136279295280057,2,0.2,0.5
2020-05-31,801120.SI,0.08590427610232187,0.7793103448275862,1.0,0.9448275862068966,0.7793103448275862,3,0.2,0.5
2020-05-31,801750.SI,0.1145726161570435,0.6620689655172414,1.0,0.41034482758620683,0.6963865502176608,4,0.2,0.5
2020-05-31,801760.SI,0.16563413208649913,0.6913793103448276,1.0,0.5620689655172413,0.6913793103448276,5,0.2,0.5
2020-06-30,801120.SI,0.17286250878024578,0.8448275862068966,1.0,0.8344827586206895,0.8875584885527156,1,0.2,0.5
2020-06-30,801980.SI,0.07610780504598424,0.7965517241379311,1.0,0.9551724137931035,0.8392826264837501,2,0.2,0.5
2020-06-30,801730.SI,0.2115806218365872,0.7810344827586208,1.0,0.7931034482758621,0.7810344827586208,3,0.2,0.5
2020-06-30,801760.SI,0.07448355395106288,0.7310344827586206,1.0,0.8206896551724138,0.7737653851044396,4,0.2,0.5
2020-06-30,801230.SI,0.12005205936871421,0.7586206896551724,1.0,0.5689655172413793,0.7586206896551724,5,0.2,0.5
2020-07-31,801150.SI,-0.027681337948046725,0.8896551724137931,1.0,0.9068965517241381,0.8896551724137931,1,0.2,0.5
2020-07-31,801120.SI,0.12040826126159776,0.8206896551724138,1.0,0.8758620689655172,0.8669989124286792,2,0.2,0.5
2020-07-31,801760.SI,0.02995870178958926,0.7810344827586206,1.0,0.5862068965517241,0.8273437400148861,3,0.2,0.5
2020-07-31,801730.SI,0.018053460140429856,0.7586206896551724,1.0,0.8482758620689655,0.8049299469114378,4,0.2,0.5
2020-07-31,801210.SI,-0.08815456853172055,0.7931034482758621,1.0,1.0,0.7931034482758621,5,0.2,0.5
2020-08-31,801120.SI,-0.09181520053461079,0.903448275862069,1.0,0.9724137931034482,0.9491416022319116,1,0.2,0.5
2020-08-31,801890.SI,-0.04145865137324478,0.806896551724138,1.0,0.6551724137931034,0.806896551724138,2,0.2,0.5
2020-08-31,801030.SI,-0.060199486233813215,0.8017241379310345,1.0,0.7586206896551725,0.8017241379310345,3,0.2,0.5
2020-08-31,801740.SI,-0.04815763135434503,0.7862068965517242,1.0,0.9103448275862068,0.7862068965517242,4,0.2,0.5
2020-08-31,801210.SI,0.03138340944536444,0.7275862068965517,1.0,0.806896551724138,0.7732795332663943,5,0.2,0.5
2020-09-30,801730.SI,0.064989036648045,0.853448275862069,1.0,0.9379310344827586,0.853448275862069,1,0.2,0.5
2020-09-30,801210.SI,-0.09195713520137616,0.7827586206896552,1.0,1.0,0.8200280408937708,2,0.2,0.5
2020-09-30,801120.SI,0.041639557579700615,0.7741379310344827,1.0,0.7689655172413793,0.8114073512385983,3,0.2,0.5
2020-09-30,801880.SI,0.11588264356820743,0.7637931034482759,1.0,0.8517241379310345,0.7637931034482759,4,0.2,0.5
2020-09-30,801890.SI,0.016256196509150334,0.710344827586207,1.0,0.7241379310344828,0.7476142477903226,5,0.2,0.5
2020-10-31,801880.SI,0.08008455735505793,0.8741379310344828,1.0,0.9689655172413794,0.9164358222565585,1,0.2,0.5
2020-10-31,801730.SI,0.01567640880786869,0.8620689655172413,1.0,0.9586206896551724,0.904366856739317,2,0.2,0.5
2020-10-31,801120.SI,0.02299268128675447,0.7448275862068965,1.0,0.9172413793103448,0.7871254774289722,3,0.2,0.5
2020-10-31,801030.SI,0.07642140113972351,0.7758620689655171,1.0,0.8068965517241379,0.7758620689655171,4,0.2,0.5
2020-10-31,801890.SI,0.04821437395435524,0.7051724137931035,1.0,0.7448275862068965,0.7474703050151792,5,0.2,0.5
2020-11-30,801880.SI,-0.004273727911804248,0.8827586206896552,1.0,0.9586206896551724,0.925500552916817,1,0.2,0.5
2020-11-30,801050.SI,0.06110876421849776,0.8482758620689654,1.0,0.9068965517241379,0.8482758620689654,2,0.2,0.5
2020-11-30,801030.SI,0.025958507997289715,0.7724137931034483,1.0,0.7689655172413793,0.8151557253306101,3,0.2,0.5
2020-11-30,801730.SI,0.19937051313788579,0.7724137931034483,1.0,0.7724137931034483,0.8151557253306101,4,0.2,0.5
2020-11-30,801120.SI,0.17986788868336068,0.7672413793103449,1.0,0.6241379310344828,0.8099833115375067,5,0.2,0.5
2020-12-31,801210.SI,0.01187183811129855,0.9103448275862069,1.0,0.8689655172413793,0.9103448275862069,1,0.2,0.5
2020-12-31,801030.SI,0.06650023567067498,0.8379310344827586,1.0,0.710344827586207,0.8816997915334898,2,0.2,0.5
2020-12-31,801120.SI,0.014308329380036122,0.8258620689655172,1.0,0.9310344827586207,0.8696308260162483,3,0.2,0.5
2020-12-31,801050.SI,0.03914447331913484,0.8017241379310345,1.0,0.9137931034482759,0.8454928949817656,4,0.2,0.5
2020-12-31,801110.SI,-0.03096790137501093,0.753448275862069,1.0,0.8379310344827586,0.753448275862069,5,0.2,0.5
2021-01-31,801030.SI,0.04289755719031918,0.9051724137931034,1.0,0.8551724137931035,0.954241720294174,1,0.2,0.5
2021-01-31,801050.SI,0.06679609551096566,0.806896551724138,1.0,0.9310344827586207,0.8559658582252085,2,0.2,0.5
2021-01-31,801880.SI,-0.051590176033238455,0.8448275862068966,1.0,0.8275862068965517,0.8448275862068966,3,0.2,0.5
2021-01-31,801210.SI,0.0686050648832246,0.7206896551724138,1.0,0.7965517241379311,0.7697589616734843,4,0.2,0.5
2021-01-31,801120.SI,-0.05046059382939616,0.7172413793103448,1.0,0.8620689655172413,0.7663106858114154,5,0.2,0.5
2021-02-28,801050.SI,-0.10210012382181999,0.9051724137931034,1.0,0.9137931034482759,0.9518855075744705,1,0.2,0.5
2021-02-28,801030.SI,-0.06490127575281246,0.8844827586206896,1.0,0.8275862068965517,0.9311958524020567,2,0.2,0.5
2021-02-28,801960.SI,-0.09131141881465288,0.8137931034482758,1.0,0.8896551724137931,0.8137931034482758,3,0.2,0.5
2021-02-28,801210.SI,0.017528722241680228,0.7413793103448276,1.0,0.9448275862068966,0.7880924041261947,4,0.2,0.5
2021-02-28,801040.SI,0.06628042574408366,0.7551724137931035,1.0,0.7689655172413794,0.7551724137931035,5,0.2,0.5
2021-03-31,801210.SI,0.013222545914387762,0.9275862068965517,1.0,0.8724137931034484,0.971607566197929,1,0.2,0.5
2021-03-31,801040.SI,0.08850467217486058,0.9103448275862069,1.0,0.9758620689655173,0.9543661868875842,2,0.2,0.5
2021-03-31,801030.SI,0.03648138779983978,0.7448275862068965,1.0,0.6,0.7888489455082738,3,0.2,0.5
2021-03-31,801950.SI,0.05932698893535515,0.7827586206896553,1.0,0.7724137931034484,0.7827586206896553,4,0.2,0.5
2021-03-31,801050.SI,0.09013414732895408,0.6982758620689655,1.0,0.5310344827586206,0.7422972213703428,5,0.2,0.5
2021-04-30,801040.SI,-0.008843745118366275,0.9844827586206897,1.0,0.9689655172413794,1.0314768255925837,1,0.2,0.5
2021-04-30,801950.SI,0.038825662995768395,0.8982758620689655,1.0,0.8758620689655171,0.9452699290408595,2,0.2,0.5
2021-04-30,801210.SI,0.033481929687072975,0.8310344827586207,1.0,0.8413793103448275,0.8780285497305147,3,0.2,0.5
2021-04-30,801030.SI,0.06929651077070131,0.7086206896551723,1.0,0.6068965517241379,0.7556147566270663,4,0.2,0.5
2021-04-30,801230.SI,0.02635646530204694,0.7327586206896552,1.0,0.6965517241379311,0.7327586206896552,5,0.2,0.5
2021-05-31,801950.SI,0.02530601504900787,0.8224137931034483,1.0,0.8241379310344827,0.8656279366777245,1,0.2,0.5
2021-05-31,801030.SI,0.05371075641519396,0.8086206896551724,1.0,0.6344827586206896,0.8518348332294486,2,0.2,0.5
2021-05-31,801210.SI,-0.08669822587050569,0.7913793103448277,1.0,0.7448275862068966,0.8345934539191039,3,0.2,0.5
2021-05-31,801120.SI,-0.05664675830488308,0.806896551724138,1.0,0.8758620689655173,0.806896551724138,4,0.2,0.5
2021-05-31,801050.SI,-0.0438692827825885,0.7913793103448276,1.0,0.7551724137931034,0.7913793103448276,5,0.2,0.5
2021-06-30,801030.SI,0.05127979514253167,0.9189655172413793,1.0,0.8551724137931035,0.9642017185850986,1,0.2,0.5
2021-06-30,801230.SI,-0.03898725927395219,0.853448275862069,1.0,0.8758620689655172,0.853448275862069,2,0.2,0.5
2021-06-30,801080.SI,0.040063917919116676,0.8258620689655174,1.0,0.8758620689655173,0.8258620689655174,3,0.2,0.5
2021-06-30,801950.SI,0.01661221387608447,0.7758620689655172,1.0,0.7551724137931035,0.8210982703092365,4,0.2,0.5
2021-06-30,801730.SI,0.10720279653671394,0.7965517241379311,1.0,0.9896551724137932,0.7965517241379311,5,0.2,0.5
2021-07-31,801730.SI,0.053703526869399054,0.9551724137931035,1.0,0.9655172413793104,1.0085649637989522,1,0.2,0.5
2021-07-31,801030.SI,0.12462121537286142,0.9413793103448276,1.0,0.8862068965517241,0.9947718603506763,2,0.2,0.5
2021-07-31,801050.SI,0.1799989092421279,0.903448275862069,1.0,0.9724137931034482,0.903448275862069,3,0.2,0.5
2021-07-31,801950.SI,0.27566168903042887,0.8482758620689655,1.0,0.7586206896551724,0.9016684120748143,4,0.2,0.5
2021-07-31,801080.SI,-0.06966802266453576,0.8224137931034483,1.0,0.8689655172413793,0.8758063431092971,5,0.2,0.5
2021-08-31,801030.SI,-0.03830865613425105,0.8999999999999999,1.0,0.8517241379310344,0.950096136556731,1,0.2,0.5
2021-08-31,801730.SI,-0.03014095661083649,0.896551724137931,1.0,0.8206896551724138,0.9466478606946621,2,0.2,0.5
2021-08-31,801050.SI,-0.18111045955728355,0.846551724137931,1.0,0.9724137931034483,0.8966478606946621,3,0.2,0.5
2021-08-31,801230.SI,-0.12149055981009582,0.7862068965517242,1.0,0.789655172413793,0.7862068965517242,4,0.2,0.5
2021-08-31,801950.SI,0.0487915333122757,0.7275862068965517,1.0,0.9551724137931035,0.7776823434532828,5,0.2,0.5
2021-09-30,801960.SI,-0.09147730679297317,0.9206896551724137,1.0,0.8517241379310344,0.9206896551724137,1,0.2,0.5
2021-09-30,801950.SI,-0.1528890533832622,0.8551724137931034,1.0,0.9517241379310345,0.8960714118840661,2,0.2,0.5
2021-09-30,801730.SI,0.11700718983573899,0.7931034482758621,1.0,0.7517241379310344,0.8340024463668249,3,0.2,0.5
2021-09-30,801050.SI,-0.006222573408023124,0.7499999999999999,1.0,0.7517241379310344,0.7908989980909626,4,0.2,0.5
2021-09-30,801030.SI,-0.003651097908952683,0.7396551724137932,1.0,0.7275862068965517,0.780554170504756,5,0.2,0.5
2021-10-31,801730.SI,0.03347142223022748,0.9913793103448276,1.0,0.9827586206896552,1.0338047162603519,1,0.2,0.5
2021-10-31,801880.SI,0.05222065826120814,0.8568965517241379,1.0,0.8310344827586207,0.8568965517241379,2,0.2,0.5
2021-10-31,801030.SI,-0.0034892196654970897,0.7879310344827587,1.0,0.7413793103448276,0.8303564403982828,3,0.2,0.5
2021-10-31,801210.SI,-0.1661897748428235,0.7586206896551724,1.0,0.6448275862068965,0.7586206896551724,4,0.2,0.5
2021-10-31,801950.SI,-0.04184496502567925,0.6982758620689655,1.0,0.7206896551724138,0.7407012679844898,5,0.2,0.5
2021-11-30,801730.SI,-0.08579218674913602,0.8706896551724138,1.0,0.8827586206896552,0.9116010074647831,1,0.2,0.5
2021-11-30,801880.SI,-0.04797536338719266,0.8500000000000001,1.0,0.7517241379310345,0.8909113522923694,2,0.2,0.5
2021-11-30,801080.SI,0.011380518364018322,0.8155172413793104,1.0,0.7999999999999999,0.8155172413793104,3,0.2,0.5
2021-11-30,801740.SI,-0.010113090472377961,0.806896551724138,1.0,0.8517241379310345,0.806896551724138,4,0.2,0.5
2021-11-30,801050.SI,-0.06215481550209623,0.75,1.0,0.5448275862068965,0.75,5,0.2,0.5
2021-12-31,801740.SI,-0.17921938741981303,0.7137931034482758,1.0,0.8172413793103448,0.7480207310451774,1,0.2,0.5
2021-12-31,801730.SI,-0.1081864931198937,0.6982758620689655,1.0,0.5344827586206897,0.7325034896658671,2,0.2,0.5
2021-12-31,801050.SI,-0.10737522211905937,0.6948275862068966,1.0,0.4758620689655173,0.7290552138037981,3,0.2,0.5
2021-12-31,801760.SI,-0.14401347686745003,0.7224137931034482,1.0,0.8758620689655172,0.7224137931034482,4,0.2,0.5
2021-12-31,801950.SI,-0.042096041585358734,0.7172413793103448,1.0,0.43448275862068964,0.7172413793103448,5,0.2,0.5
2022-01-31,801950.SI,0.1553258349045359,0.8672413793103448,1.0,0.7517241379310345,0.9042806044059838,1,0.2,0.5
2022-01-31,801180.SI,-0.007794143275222765,0.8155172413793104,1.0,0.9482758620689655,0.8155172413793104,2,0.2,0.5
2022-01-31,801720.SI,0.040313307760944106,0.8137931034482759,1.0,0.9275862068965518,0.8137931034482759,3,0.2,0.5
2022-01-31,801970.SI,0.0770485912141492,0.7689655172413794,1.0,0.6724137931034484,0.7689655172413794,4,0.2,0.5
2022-01-31,801010.SI,0.0075964418446730075,0.6810344827586208,1.0,0.8620689655172414,0.6810344827586208,5,0.2,0.5
2022-02-28,801720.SI,-0.019815462427106634,0.7465517241379311,1.0,0.8551724137931035,0.7761627578496946,1,0.2,0.5
2022-02-28,801970.SI,-0.09540191534257947,0.7362068965517241,1.0,0.6793103448275862,0.7658179302634875,2,0.2,0.5
2022-02-28,801950.SI,0.10806937509144587,0.7137931034482758,1.0,0.9,0.7434041371600393,3,0.2,0.5
2022-02-28,801120.SI,-0.10261061880532174,0.6655172413793103,1.0,0.43448275862068964,0.6655172413793103,4,0.2,0.5
2022-02-28,801160.SI,-0.09607424653990437,0.6551724137931034,1.0,0.7931034482758621,0.6551724137931034,5,0.2,0.5
2022-03-31,801950.SI,-0.0387937309764117,0.9689655172413794,1.0,0.9896551724137932,1.0082828833069397,1,0.2,0.5
2022-03-31,801230.SI,-0.12677583238267986,0.8844827586206896,1.0,0.9241379310344827,0.8844827586206896,2,0.2,0.5
2022-03-31,801720.SI,-0.02973771453057006,0.7637931034482759,1.0,0.8724137931034482,0.8031104695138362,3,0.2,0.5
2022-03-31,801010.SI,-0.12757594032348318,0.7758620689655172,1.0,0.9172413793103448,0.7758620689655172,4,0.2,0.5
2022-03-31,801180.SI,-0.08357665040866213,0.7327586206896551,1.0,0.9448275862068966,0.7327586206896551,5,0.2,0.5
2022-04-30,801950.SI,0.09727050817368155,0.9206896551724137,1.0,0.9586206896551724,0.9522524812899512,1,0.2,0.5
2022-04-30,801720.SI,0.016563464613782664,0.9068965517241379,1.0,0.9103448275862068,0.9384593778416753,2,0.2,0.5
2022-04-30,801160.SI,0.09097295398665262,0.7206896551724138,1.0,0.710344827586207,0.7206896551724138,3,0.2,0.5
2022-04-30,801180.SI,-0.05912666206051753,0.6879310344827586,1.0,0.8896551724137931,0.7194938606002961,4,0.2,0.5
2022-04-30,801050.SI,0.07982793439460556,0.696551724137931,1.0,0.5379310344827586,0.696551724137931,5,0.2,0.5
2022-05-31,801950.SI,0.015829144115513172,0.9379310344827587,1.0,0.9517241379310345,0.974246377586269,1,0.2,0.5
2022-05-31,801960.SI,-0.03349683425511152,0.8431034482758621,1.0,0.8862068965517241,0.8431034482758621,2,0.2,0.5
2022-05-31,801160.SI,0.006086737091244299,0.7482758620689656,1.0,0.6896551724137931,0.7845912051724758,3,0.2,0.5
2022-05-31,801170.SI,0.01982926778111027,0.7827586206896552,1.0,0.8448275862068966,0.7827586206896552,4,0.2,0.5
2022-05-31,801230.SI,0.043988816402609654,0.7465517241379311,1.0,0.6793103448275862,0.7465517241379311,5,0.2,0.5
2022-06-30,801050.SI,-0.016247653848756483,0.8551724137931035,1.0,0.7724137931034484,0.8551724137931035,1,0.2,0.5
2022-06-30,801120.SI,-0.0968960160949317,0.7620689655172415,1.0,0.8758620689655173,0.7620689655172415,2,0.2,0.5
2022-06-30,801200.SI,-0.07050567192137813,0.7448275862068965,1.0,0.8068965517241379,0.7448275862068965,3,0.2,0.5
2022-06-30,801880.SI,0.050914911104382066,0.7396551724137932,1.0,0.9206896551724139,0.7396551724137932,4,0.2,0.5
2022-06-30,801980.SI,-0.02186301813772562,0.7224137931034482,1.0,0.8689655172413793,0.7224137931034482,5,0.2,0.5
2022-07-31,801880.SI,-0.11849927671735527,0.9344827586206896,1.0,0.9758620689655173,0.9832960932139035,1,0.2,0.5
2022-07-31,801010.SI,0.00520315585094866,0.8620689655172413,1.0,0.7275862068965517,0.8620689655172413,2,0.2,0.5
2022-07-31,801160.SI,-0.004563591022443858,0.8413793103448276,1.0,0.7793103448275862,0.8413793103448276,3,0.2,0.5
2022-07-31,801970.SI,-0.060363319313785135,0.8258620689655172,1.0,0.789655172413793,0.8258620689655172,4,0.2,0.5
2022-07-31,801890.SI,-0.07342254998569564,0.7965517241379311,1.0,0.8655172413793104,0.7965517241379311,5,0.2,0.5
2022-08-31,801010.SI,-0.10378327426082179,0.9379310344827586,1.0,0.8896551724137931,0.979771039705401,1,0.2,0.5
2022-08-31,801230.SI,-0.05199042854035241,0.8344827586206898,1.0,0.9379310344827586,0.8344827586206898,2,0.2,0.5
2022-08-31,801770.SI,-0.0826014764860653,0.8017241379310345,1.0,0.7931034482758621,0.8017241379310345,3,0.2,0.5
2022-08-31,801950.SI,0.016902224244873754,0.7827586206896552,1.0,0.6724137931034483,0.7827586206896552,4,0.2,0.5
2022-08-31,801160.SI,-0.07830832310377378,0.6913793103448276,1.0,0.7620689655172415,0.73321931556747,5,0.2,0.5
2022-09-30,801230.SI,0.010318314161255948,0.8982758620689655,1.0,0.8206896551724138,0.9405704400105247,1,0.2,0.5
2022-09-30,801950.SI,-0.1258223015053359,0.8982758620689655,1.0,1.0,0.9405704400105247,2,0.2,0.5
2022-09-30,801740.SI,0.1163035096458962,0.8482758620689655,1.0,0.7448275862068965,0.8482758620689655,3,0.2,0.5
2022-09-30,801170.SI,-0.034122072990647734,0.8120689655172414,1.0,0.8689655172413794,0.8120689655172414,4,0.2,0.5
2022-09-30,801770.SI,0.05543334799824029,0.7241379310344828,1.0,0.6965517241379311,0.766432508976042,5,0.2,0.5
2022-10-31,801230.SI,0.09823107367982087,0.9120689655172414,1.0,0.8620689655172413,0.949067351756892,1,0.2,0.5
2022-10-31,801770.SI,0.011734847325626241,0.8672413793103448,1.0,0.8655172413793103,0.9042397655499955,2,0.2,0.5
2022-10-31,801740.SI,-0.05281143402085797,0.6896551724137931,1.0,0.9931034482758622,0.7266535586534438,3,0.2,0.5
2022-10-31,801970.SI,0.07469312684858997,0.7241379310344828,1.0,0.596551724137931,0.7241379310344828,4,0.2,0.5
2022-10-31,801890.SI,0.058381316834162034,0.710344827586207,1.0,0.8206896551724139,0.710344827586207,5,0.2,0.5
2022-11-30,801230.SI,0.022748538804735485,0.843103448275862,1.0,0.8482758620689654,0.8763807779354257,1,0.2,0.5
2022-11-30,801210.SI,0.06457441027699384,0.8448275862068966,1.0,0.9379310344827586,0.8448275862068966,2,0.2,0.5
2022-11-30,801140.SI,0.0087773696512905,0.7620689655172415,1.0,0.6172413793103448,0.7620689655172415,3,0.2,0.5
2022-11-30,801770.SI,-0.041289212234999595,0.6448275862068965,1.0,0.5379310344827586,0.6781049158664602,4,0.2,0.5
2022-11-30,801970.SI,-0.05071942832004628,0.6120689655172414,1.0,0.5413793103448277,0.6453462951768051,5,0.2,0.5
2022-12-31,801230.SI,0.0008585426652611972,0.9379310344827587,1.0,0.9137931034482759,0.9757298411791049,1,0.2,0.5
2022-12-31,801210.SI,-0.00298757446934661,0.9,1.0,0.9758620689655173,0.9377988066963462,2,0.2,0.5
2022-12-31,801770.SI,0.09237983332245348,0.7344827586206897,1.0,0.5862068965517241,0.7722815653170358,3,0.2,0.5
2022-12-31,801200.SI,-0.011849696868219572,0.746551724137931,1.0,0.8344827586206897,0.746551724137931,4,0.2,0.5
2022-12-31,801170.SI,0.019712556924130986,0.7327586206896551,1.0,0.693103448275862,0.7327586206896551,5,0.2,0.5
2023-01-31,801960.SI,0.020036970871032178,0.743103448275862,1.0,0.5758620689655173,0.743103448275862,1,0.2,0.5
2023-01-31,801170.SI,-0.004776891785985282,0.6810344827586208,1.0,0.4103448275862069,0.7010576135987959,2,0.2,0.5
2023-01-31,801770.SI,0.08588715701409311,0.6241379310344828,1.0,0.4241379310344827,0.6441610618746579,3,0.2,0.5
2023-01-31,801120.SI,0.010498487611337426,0.6431034482758621,1.0,0.8172413793103448,0.6431034482758621,4,0.2,0.5
2023-01-31,801150.SI,0.00116765155688614,0.6241379310344828,1.0,0.5379310344827586,0.6241379310344828,5,0.2,0.5
2023-02-28,801980.SI,-0.04664270632590939,0.8655172413793104,1.0,0.7862068965517242,0.8655172413793104,1,0.2,0.5
2023-02-28,801120.SI,-0.017446050390955925,0.7862068965517242,1.0,0.7551724137931035,0.8282325344190054,2,0.2,0.5
2023-02-28,801130.SI,-0.053807318444497265,0.8137931034482759,1.0,0.8137931034482759,0.8137931034482759,3,0.2,0.5
2023-02-28,801140.SI,-0.07357647763118513,0.8051724137931034,1.0,0.8931034482758621,0.8051724137931034,4,0.2,0.5
2023-02-28,801210.SI,-0.003402616060782071,0.8034482758620691,1.0,0.7965517241379312,0.8034482758620691,5,0.2,0.5
2023-03-31,801770.SI,0.034741007073371355,0.9655172413793103,1.0,0.9310344827586207,0.9655172413793103,1,0.2,0.5
2023-03-31,801750.SI,-0.06992580681082528,0.8913793103448278,1.0,0.9931034482758622,0.8913793103448278,2,0.2,0.5
2023-03-31,801210.SI,-0.05395233145570166,0.7913793103448276,1.0,0.6172413793103448,0.8349225836123368,3,0.2,0.5
2023-03-31,801120.SI,-0.0595865903887105,0.7413793103448276,1.0,0.596551724137931,0.7849225836123369,4,0.2,0.5
2023-03-31,801760.SI,0.13063697080090542,0.7689655172413793,1.0,0.9724137931034482,0.7689655172413793,5,0.2,0.5
2023-04-30,801770.SI,0.013619000840278117,0.8896551724137931,1.0,0.9517241379310345,0.9282222754559548,1,0.2,0.5
2023-04-30,801760.SI,-0.04535302373832917,0.853448275862069,1.0,1.0,0.8920153789042307,2,0.2,0.5
2023-04-30,801960.SI,-0.08079222170432354,0.856896551724138,1.0,0.8551724137931035,0.856896551724138,3,0.2,0.5
2023-04-30,801110.SI,-0.07372480821283822,0.8275862068965517,1.0,0.8206896551724138,0.8275862068965517,4,0.2,0.5
2023-04-30,801130.SI,-0.0271542851508092,0.75,1.0,0.7241379310344829,0.75,5,0.2,0.5
2023-05-31,801770.SI,0.10914610215376719,0.8293103448275863,1.0,0.9586206896551724,0.8642919580911201,1,0.2,0.5
2023-05-31,801110.SI,0.11249095330238523,0.7275862068965517,1.0,0.6448275862068966,0.7625678201600856,2,0.2,0.5
2023-05-31,801160.SI,-0.013654071636597598,0.7310344827586207,1.0,0.896551724137931,0.7310344827586207,3,0.2,0.5
2023-05-31,801210.SI,-0.004092608395099284,0.7224137931034482,1.0,0.5379310344827586,0.7224137931034482,4,0.2,0.5
2023-05-31,801130.SI,0.02991409674885337,0.6620689655172414,1.0,0.6413793103448276,0.6970505787807753,5,0.2,0.5
2023-06-30,801770.SI,-0.07656811912361527,0.8724137931034484,1.0,0.9931034482758622,0.9087982976704155,1,0.2,0.5
2023-06-30,801130.SI,0.03907143823735648,0.7482758620689656,1.0,0.7172413793103448,0.7846603666359327,2,0.2,0.5
2023-06-30,801110.SI,0.00712207284575328,0.7241379310344827,1.0,0.9241379310344826,0.7605224356014498,3,0.2,0.5
2023-06-30,801140.SI,0.0560017165277098,0.753448275862069,1.0,0.6,0.753448275862069,4,0.2,0.5
2023-06-30,801960.SI,0.04341466894977164,0.7275862068965517,1.0,0.6379310344827587,0.7275862068965517,5,0.2,0.5
2023-07-31,801130.SI,-0.05314753205545619,0.7862068965517242,1.0,0.7793103448275862,0.8130550910499995,1,0.2,0.5
2023-07-31,801140.SI,-0.05220665375668132,0.7017241379310344,1.0,0.796551724137931,0.7285723324293097,2,0.2,0.5
2023-07-31,801960.SI,-0.033428493281821736,0.6913793103448276,1.0,0.4931034482758621,0.7182275048431029,3,0.2,0.5
2023-07-31,801750.SI,-0.03722537832773121,0.6741379310344827,1.0,0.45172413793103444,0.6741379310344827,4,0.2,0.5
2023-07-31,801110.SI,-0.05086413213133667,0.6206896551724138,1.0,0.7310344827586207,0.6475378496706892,5,0.2,0.5
2023-08-31,801750.SI,-0.04262112338247992,0.7327586206896552,1.0,0.5172413793103449,0.7626200013572709,1,0.2,0.5
2023-08-31,801760.SI,-0.07630271191253724,0.7517241379310344,1.0,0.5172413793103448,0.7517241379310344,2,0.2,0.5
2023-08-31,801110.SI,0.0014821627901677736,0.7137931034482758,1.0,0.8689655172413793,0.7436544841158915,3,0.2,0.5
2023-08-31,801140.SI,-0.008618916991516845,0.7120689655172414,1.0,0.6655172413793103,0.7419303461848571,4,0.2,0.5
2023-08-31,801130.SI,0.010347112811663672,0.6706896551724137,1.0,0.6931034482758621,0.7005510358400294,5,0.2,0.5
2023-09-30,801130.SI,-0.01912712016484852,0.8034482758620689,1.0,0.8275862068965517,0.8306517476476154,1,0.2,0.5
2023-09-30,801040.SI,-0.007476811146757578,0.7982758620689655,1.0,0.8379310344827586,0.7982758620689655,2,0.2,0.5
2023-09-30,801110.SI,-0.03582918795040613,0.6810344827586208,1.0,0.6413793103448276,0.7082379545441673,3,0.2,0.5
2023-09-30,801960.SI,-0.0538339606841185,0.6879310344827587,1.0,0.9586206896551724,0.6879310344827587,4,0.2,0.5
2023-09-30,801880.SI,0.024133317071070914,0.6517241379310345,1.0,0.7586206896551724,0.6517241379310345,5,0.2,0.5
2023-10-31,801140.SI,0.004821029992499559,0.8034482758620689,1.0,0.7275862068965517,0.8034482758620689,1,0.2,0.5
2023-10-31,801110.SI,-0.004904223146576681,0.7396551724137932,1.0,0.6379310344827587,0.7641847190476007,2,0.2,0.5
2023-10-31,801130.SI,0.009740587463409778,0.6655172413793103,1.0,0.8137931034482759,0.6900467880131178,3,0.2,0.5
2023-10-31,801120.SI,0.005046544373606743,0.6862068965517242,1.0,0.45517241379310347,0.6862068965517242,4,0.2,0.5
2023-10-31,801040.SI,-0.018136326751420073,0.6293103448275862,1.0,0.8103448275862069,0.6538398914613937,5,0.2,0.5
2023-11-30,801130.SI,-0.013432798520517819,0.7241379310344828,1.0,0.7758620689655172,0.7523799809853188,1,0.2,0.5
2023-11-30,801120.SI,-0.05009772912347332,0.7189655172413794,1.0,0.506896551724138,0.7472075671922154,2,0.2,0.5
2023-11-30,801140.SI,-0.029862088502578765,0.6862068965517241,1.0,0.6517241379310343,0.7144489465025601,3,0.2,0.5
2023-11-30,801880.SI,-0.059310549381989985,0.7120689655172414,1.0,0.9310344827586207,0.7120689655172414,4,0.2,0.5
2023-11-30,801040.SI,-0.03625853432324588,0.6413793103448275,1.0,0.596551724137931,0.6696213602956635,5,0.2,0.5
2023-12-31,801880.SI,-0.15393578292533994,0.7103448275862069,1.0,0.6965517241379311,0.7428623484413025,1,0.2,0.5
2023-12-31,801960.SI,-0.01218740543068586,0.7396551724137931,1.0,0.5758620689655172,0.7396551724137931,2,0.2,0.5
2023-12-31,801040.SI,-0.06920914721295857,0.6913793103448276,1.0,0.48275862068965514,0.7238968311999232,3,0.2,0.5
2023-12-31,801010.SI,-0.13224304126502773,0.7137931034482758,1.0,0.8172413793103448,0.7137931034482758,4,0.2,0.5
2023-12-31,801110.SI,-0.019624040935915965,0.6827586206896552,1.0,0.5620689655172414,0.6827586206896552,5,0.2,0.5
2024-01-31,801130.SI,0.02713786287571307,0.7637931034482759,1.0,0.7827586206896553,0.7637931034482759,1,0.2,0.5
2024-01-31,801010.SI,0.055738972186881064,0.7155172413793103,1.0,0.6724137931034483,0.7488842901796303,2,0.2,0.5
2024-01-31,801770.SI,0.19523204749590706,0.7413793103448276,1.0,0.5482758620689655,0.7413793103448276,3,0.2,0.5
2024-01-31,801760.SI,0.14824474173030366,0.7086206896551723,1.0,0.4862068965517241,0.7086206896551723,4,0.2,0.5
2024-01-31,801160.SI,0.03533806985832233,0.7017241379310345,1.0,0.9655172413793104,0.7017241379310345,5,0.2,0.5
2024-02-29,801770.SI,0.042477468250716965,0.7327586206896551,1.0,0.8689655172413793,0.7644443170391282,1,0.2,0.5
2024-02-29,801080.SI,0.010669314628581228,0.7241379310344828,1.0,0.4655172413793104,0.7241379310344828,2,0.2,0.5
2024-02-29,801750.SI,-0.004787336349241,0.710344827586207,1.0,0.43793103448275866,0.710344827586207,3,0.2,0.5
2024-02-29,801890.SI,0.036080474008626684,0.6948275862068967,1.0,0.6206896551724138,0.6948275862068967,4,0.2,0.5
2024-02-29,801880.SI,0.046133055897952024,0.6913793103448276,1.0,0.6379310344827587,0.6913793103448276,5,0.2,0.5
2024-03-31,801960.SI,0.009200864109995655,0.7448275862068965,1.0,0.9517241379310345,0.7448275862068965,1,0.2,0.5
2024-03-31,801130.SI,-0.014297548153124673,0.743103448275862,1.0,0.6517241379310345,0.743103448275862,2,0.2,0.5
2024-03-31,801770.SI,0.015043595726390802,0.6982758620689655,1.0,0.8034482758620689,0.7347632811051092,3,0.2,0.5
2024-03-31,801720.SI,-0.021529125432887763,0.6879310344827586,1.0,0.5482758620689655,0.6879310344827586,4,0.2,0.5
2024-03-31,801880.SI,0.02555260687756622,0.6379310344827586,1.0,0.793103448275862,0.6744184535189023,5,0.2,0.5
2024-04-30,801770.SI,-0.06133930191760928,0.8,1.0,0.9137931034482759,0.8395245224080121,1,0.2,0.5
2024-04-30,801050.SI,-0.002809840245425854,0.8172413793103448,1.0,0.9344827586206896,0.8172413793103448,2,0.2,0.5
2024-04-30,801880.SI,-0.035417771953186294,0.7206896551724138,1.0,0.8551724137931035,0.7602141775804259,3,0.2,0.5
2024-04-30,801120.SI,-0.03673805221269555,0.75,1.0,0.5896551724137931,0.75,4,0.2,0.5
2024-04-30,801890.SI,-0.021956839954202167,0.7224137931034482,1.0,0.703448275862069,0.7224137931034482,5,0.2,0.5
2024-05-31,801050.SI,-0.07328972671846568,0.806896551724138,1.0,0.9241379310344828,0.8455236184038456,1,0.2,0.5
2024-05-31,801030.SI,-0.09062909155189103,0.7827586206896551,1.0,0.7034482758620689,0.7827586206896551,2,0.2,0.5
2024-05-31,801880.SI,-0.027934354812565787,0.6775862068965517,1.0,0.5965517241379311,0.7162132735762593,3,0.2,0.5
2024-05-31,801160.SI,0.0072666943177104315,0.7155172413793103,1.0,0.9310344827586207,0.7155172413793103,4,0.2,0.5
2024-05-31,801770.SI,0.029215269274559086,0.6758620689655173,1.0,0.44827586206896547,0.7144891356452249,5,0.2,0.5
2024-06-30,801880.SI,0.0024487807619886226,0.8810344827586207,1.0,0.7793103448275862,0.9210444611301253,1,0.2,0.5
2024-06-30,801050.SI,-0.0357637216790081,0.8189655172413794,1.0,0.7000000000000001,0.858975495612884,2,0.2,0.5
2024-06-30,801170.SI,0.0049806979766824355,0.7827586206896552,1.0,0.8551724137931035,0.7827586206896552,3,0.2,0.5
2024-06-30,801030.SI,-0.032433002326056504,0.7120689655172414,1.0,0.5931034482758621,0.752078943888746,4,0.2,0.5
2024-06-30,801960.SI,-0.05575386707462171,0.7310344827586207,1.0,0.8448275862068966,0.7310344827586207,5,0.2,0.5
2024-07-31,801880.SI,-0.05688525386792054,0.8931034482758622,1.0,0.8137931034482759,0.9299338756491551,1,0.2,0.5
2024-07-31,801160.SI,-0.04675489703457936,0.7913793103448277,1.0,0.8344827586206897,0.7913793103448277,2,0.2,0.5
2024-07-31,801080.SI,-0.05279259263567471,0.7706896551724138,1.0,0.9586206896551724,0.7706896551724138,3,0.2,0.5
2024-07-31,801740.SI,-0.0890487152944085,0.7620689655172413,1.0,0.9310344827586207,0.7620689655172413,4,0.2,0.5
2024-07-31,801010.SI,-0.08359110593544161,0.756896551724138,1.0,0.6551724137931034,0.756896551724138,5,0.2,0.5
2024-08-31,801770.SI,0.2459881602914391,0.8689655172413793,1.0,0.7379310344827587,0.8689655172413793,1,0.2,0.5
2024-08-31,801880.SI,0.22464061069428398,0.7844827586206897,1.0,0.7275862068965517,0.8204426243263089,2,0.2,0.5
2024-08-31,801110.SI,0.21905641019778854,0.7793103448275862,1.0,0.8068965517241379,0.7793103448275862,3,0.2,0.5
2024-08-31,801960.SI,0.08130315698428725,0.7396551724137932,1.0,0.9172413793103449,0.7396551724137932,4,0.2,0.5
2024-08-31,801080.SI,0.1911641901019281,0.6810344827586208,1.0,0.8551724137931035,0.7169943484642399,5,0.2,0.5
2024-09-30,801880.SI,0.014531661383161643,0.7724137931034483,1.0,0.6758620689655173,0.8037371611985754,1,0.2,0.5
2024-09-30,801080.SI,0.1464949766228678,0.7224137931034482,1.0,0.5724137931034483,0.7537371611985754,2,0.2,0.5
2024-09-30,801740.SI,0.10211067955660136,0.7344827586206897,1.0,0.4896551724137931,0.7344827586206897,3,0.2,0.5
2024-09-30,801770.SI,0.06280631096524725,0.6586206896551725,1.0,0.6655172413793105,0.6899440577502997,4,0.2,0.5
2024-09-30,801730.SI,0.04343141236881731,0.6758620689655173,1.0,0.7965517241379311,0.6758620689655173,5,0.2,0.5
2024-10-31,801770.SI,-0.019085019463281117,0.8586206896551725,1.0,0.7689655172413793,0.8997082283158392,1,0.2,0.5
2024-10-31,801730.SI,0.012136493753176936,0.7827586206896553,1.0,0.7655172413793104,0.823846159350322,2,0.2,0.5
2024-10-31,801760.SI,0.06651086702500564,0.7862068965517242,1.0,0.7862068965517242,0.7862068965517242,3,0.2,0.5
2024-10-31,801880.SI,0.006936856897219901,0.7413793103448275,1.0,0.5172413793103448,0.7824668490054942,4,0.2,0.5
2024-10-31,801080.SI,-0.00843030052335303,0.7379310344827585,1.0,0.9310344827586206,0.7790185731434253,5,0.2,0.5
2024-11-30,801730.SI,-0.059973329914769336,0.8620689655172413,1.0,0.7241379310344828,0.9031283041415089,1,0.2,0.5
2024-11-30,801890.SI,-0.019229153878460914,0.8034482758620689,1.0,0.6793103448275862,0.8034482758620689,2,0.2,0.5
2024-11-30,801760.SI,-0.058389575481345046,0.7551724137931035,1.0,0.8862068965517241,0.7962317524173711,3,0.2,0.5
2024-11-30,801230.SI,-0.018238053841235113,0.7810344827586206,1.0,0.9655172413793104,0.7810344827586206,4,0.2,0.5
2024-11-30,801880.SI,0.017000110884062947,0.7293103448275862,1.0,0.49310344827586206,0.7703696834518537,5,0.2,0.5
2024-12-31,801080.SI,-0.0026600485080940928,0.903448275862069,1.0,0.8931034482758621,0.903448275862069,1,0.2,0.5
2024-12-31,801770.SI,-0.00848946037524212,0.8775862068965516,1.0,0.8689655172413793,0.8775862068965516,2,0.2,0.5
2024-12-31,801880.SI,0.008353296304488111,0.8293103448275863,1.0,0.6931034482758621,0.8711923488294869,3,0.2,0.5
2024-12-31,801200.SI,-0.0761452154648753,0.7672413793103449,1.0,0.9344827586206896,0.7672413793103449,4,0.2,0.5
2024-12-31,801890.SI,0.00965814387076791,0.7189655172413794,1.0,0.7310344827586207,0.76084752124328,5,0.2,0.5
2025-01-31,801880.SI,0.09178464128764174,0.9293103448275861,1.0,0.8793103448275862,0.9746866754528031,1,0.2,0.5
2025-01-31,801890.SI,0.10708296629800018,0.9224137931034483,1.0,0.8793103448275863,0.9677901237286652,2,0.2,0.5
2025-01-31,801770.SI,0.03663637626035965,0.8,1.0,0.8137931034482758,0.845376330625217,3,0.2,0.5
2025-01-31,801760.SI,0.060991026141240745,0.8241379310344827,1.0,0.8310344827586207,0.8241379310344827,4,0.2,0.5
2025-01-31,801080.SI,0.08306375354601103,0.7724137931034483,1.0,0.7827586206896552,0.8177901237286652,5,0.2,0.5
2025-02-28,801890.SI,-0.010485306425565666,0.9482758620689655,1.0,0.9448275862068966,0.9977644990586729,1,0.2,0.5
2025-02-28,801880.SI,0.011936814255699923,0.9275862068965517,1.0,0.9241379310344828,0.9770748438862591,2,0.2,0.5
2025-02-28,801770.SI,-0.038438919201489785,0.8017241379310345,1.0,0.7862068965517242,0.8512127749207419,3,0.2,0.5
2025-02-28,801080.SI,-0.043718825976890585,0.7724137931034483,1.0,0.9241379310344827,0.8219024300931557,4,0.2,0.5
2025-02-28,801750.SI,-0.054254801556916865,0.7689655172413792,1.0,0.9310344827586206,0.7689655172413792,5,0.2,0.5
2025-03-31,801880.SI,-0.0392538469497038,0.7241379310344828,1.0,0.8758620689655172,0.7575573741963132,1,0.2,0.5
2025-03-31,801710.SI,-0.03611775487851221,0.75,1.0,0.5586206896551724,0.75,2,0.2,0.5
2025-03-31,801760.SI,-0.022250040982995656,0.7379310344827585,1.0,0.696551724137931,0.7379310344827585,3,0.2,0.5
2025-03-31,801770.SI,-0.06694075873668481,0.6724137931034483,1.0,0.4689655172413793,0.7058332362652787,4,0.2,0.5
2025-03-31,801890.SI,-0.04643003925259237,0.6706896551724137,1.0,0.8206896551724138,0.7041090983342442,5,0.2,0.5
2025-04-30,801980.SI,0.025482517363836443,0.8586206896551725,1.0,0.9379310344827587,0.8586206896551725,1,0.2,0.5
2025-04-30,801760.SI,0.02203999512254584,0.7948275862068965,1.0,0.6862068965517241,0.828092918010187,2,0.2,0.5
2025-04-30,801040.SI,-0.0030834358016462726,0.7310344827586207,1.0,0.6172413793103448,0.7310344827586207,3,0.2,0.5
2025-04-30,801880.SI,0.014383715143065912,0.6827586206896552,1.0,0.8586206896551725,0.7160239524929457,4,0.2,0.5
2025-04-30,801200.SI,0.016551460211916336,0.6982758620689655,1.0,0.706896551724138,0.6982758620689655,5,0.2,0.5
2025-05-31,801970.SI,0.01075881803904477,0.846551724137931,1.0,0.893103448275862,0.846551724137931,1,0.2,0.5
2025-05-31,801010.SI,0.005139202407825394,0.7068965517241379,1.0,0.8172413793103448,0.7068965517241379,2,0.2,0.5
2025-05-31,801130.SI,0.019381147488011896,0.6913793103448276,1.0,0.8241379310344829,0.6913793103448276,3,0.2,0.5
2025-05-31,801760.SI,0.0840069197959854,0.653448275862069,1.0,0.45517241379310347,0.6836413018967563,4,0.2,0.5
2025-05-31,801980.SI,-0.03610926076864818,0.6482758620689655,1.0,0.8931034482758621,0.6784688881036528,5,0.2,0.5
2025-06-30,801760.SI,0.0317663406111135,0.8568965517241379,1.0,0.9172413793103448,0.8973537444133517,1,0.2,0.5
2025-06-30,801740.SI,0.030786403571942955,0.7844827586206897,1.0,0.9827586206896552,0.7844827586206897,2,0.2,0.5
2025-06-30,801200.SI,0.019118698114244825,0.7689655172413793,1.0,0.5586206896551724,0.7689655172413793,3,0.2,0.5
2025-06-30,801770.SI,0.10754203234886917,0.756896551724138,1.0,0.9517241379310344,0.756896551724138,4,0.2,0.5
2025-06-30,801750.SI,0.03858593268092614,0.7189655172413794,1.0,0.6275862068965518,0.7189655172413794,5,0.2,0.5
2025-07-31,801230.SI,0.21895334125180765,0.8620689655172413,1.0,0.8931034482758621,0.8620689655172413,1,0.2,0.5
2025-07-31,801890.SI,0.1291463449416732,0.7793103448275862,1.0,0.5931034482758621,0.7793103448275862,2,0.2,0.5
2025-07-31,801210.SI,0.0505082855615564,0.7293103448275862,1.0,0.49310344827586206,0.7293103448275862,3,0.2,0.5
2025-07-31,801750.SI,0.15481158955014251,0.6827586206896552,1.0,0.6482758620689655,0.7212897007567439,4,0.2,0.5
2025-07-31,801770.SI,0.34408831632455095,0.6672413793103449,1.0,0.9586206896551724,0.7057724593774336,5,0.2,0.5
2025-08-31,801760.SI,0.05345506666827271,0.846551724137931,1.0,0.7620689655172415,0.846551724137931,1,0.2,0.5
2025-08-31,801890.SI,0.0528985324206217,0.7896551724137931,1.0,0.7068965517241379,0.8309451005083295,2,0.2,0.5
2025-08-31,801730.SI,0.21169681321469147,0.7655172413793103,1.0,0.7551724137931034,0.7655172413793103,3,0.2,0.5
2025-08-31,801230.SI,-0.005507584844609337,0.6982758620689655,1.0,0.9310344827586207,0.7395657901635019,4,0.2,0.5
2025-08-31,801750.SI,-0.019545292640760437,0.6879310344827586,1.0,0.7586206896551724,0.729220962577295,5,0.2,0.5
2025-09-30,801760.SI,-0.060358331141880384,0.8741379310344828,1.0,0.8172413793103449,0.9181690325090237,1,0.2,0.5
2025-09-30,801890.SI,-0.016308728696453167,0.8517241379310345,1.0,0.8172413793103448,0.8957552394055754,2,0.2,0.5
2025-09-30,801730.SI,0.009846182745308463,0.7879310344827586,1.0,0.9344827586206896,0.8319621359572995,3,0.2,0.5
2025-09-30,801050.SI,0.050026957904195646,0.8086206896551724,1.0,0.9310344827586208,0.8086206896551724,4,0.2,0.5
2025-09-30,801880.SI,-0.035843328558589294,0.7982758620689656,1.0,0.6586206896551724,0.7982758620689656,5,0.2,0.5
2025-10-31,801050.SI,-0.02616462397486885,0.7637931034482759,1.0,0.9586206896551724,0.795179856206144,1,0.2,0.5
2025-10-31,801030.SI,0.012289087300148438,0.75,1.0,0.6758620689655173,0.75,2,0.2,0.5
2025-10-31,801130.SI,0.029475877351446522,0.6965517241379311,1.0,0.4,0.6965517241379311,3,0.2,0.5
2025-10-31,801140.SI,0.02316932266573657,0.6948275862068966,1.0,0.4896551724137931,0.6948275862068966,4,0.2,0.5
2025-10-31,801890.SI,-0.03395328192296254,0.6603448275862069,1.0,0.7241379310344828,0.691731580344075,5,0.2,0.5
2025-11-30,801030.SI,0.04427253750877713,0.8551724137931035,1.0,0.7275862068965517,0.8933117878917074,1,0.2,0.5
2025-11-30,801230.SI,0.002074042287985245,0.8810344827586207,1.0,0.8827586206896552,0.8810344827586207,2,0.2,0.5
2025-11-30,801760.SI,-0.019145855520587785,0.7931034482758621,1.0,0.6379310344827587,0.7931034482758621,3,0.2,0.5
2025-11-30,801770.SI,0.12058205282797507,0.7655172413793103,1.0,0.7137931034482758,0.7655172413793103,4,0.2,0.5
2025-11-30,801140.SI,0.037567808274633574,0.7137931034482758,1.0,0.7344827586206897,0.7519324775468798,5,0.2,0.5
2025-12-31,801030.SI,0.1272116622716637,0.8086206896551724,1.0,0.7758620689655172,0.8504950883068865,1,0.2,0.5
2025-12-31,801740.SI,0.0408692974130096,0.8068965517241379,1.0,0.8551724137931034,0.8068965517241379,2,0.2,0.5
2025-12-31,801230.SI,0.09971528199063018,0.7448275862068965,1.0,0.7,0.7867019848586105,3,0.2,0.5
2025-12-31,801080.SI,0.10507782044768321,0.7620689655172415,1.0,0.5482758620689655,0.7620689655172415,4,0.2,0.5
2025-12-31,801050.SI,0.22594037763763009,0.7258620689655173,1.0,0.9827586206896552,0.7258620689655173,5,0.2,0.5
2026-01-31,801230.SI,0.18404702783551108,0.8637931034482758,1.0,0.796551724137931,0.9074055659213174,1,0.2,0.5
2026-01-31,801080.SI,0.02092811018806029,0.843103448275862,1.0,0.7724137931034483,0.8867159107489035,2,0.2,0.5
2026-01-31,801760.SI,-0.049534159402615074,0.7810344827586208,1.0,0.8241379310344829,0.7810344827586208,3,0.2,0.5
2026-01-31,801890.SI,0.07267280400603515,0.7517241379310344,1.0,0.6896551724137931,0.7517241379310344,4,0.2,0.5
2026-01-31,801030.SI,0.05733280931800433,0.6672413793103448,1.0,0.8517241379310344,0.7108538417833863,5,0.2,0.5
2026-02-28,801890.SI,-0.12893440751492213,0.8982758620689655,1.0,0.7965517241379311,0.9410866914697136,1,0.2,0.5
2026-02-28,801740.SI,-0.1593501008401842,0.8741379310344828,1.0,0.8344827586206897,0.8741379310344828,2,0.2,0.5
2026-02-28,801230.SI,-0.12703707401295505,0.7775862068965518,1.0,0.9551724137931035,0.8203970362972999,3,0.2,0.5
2026-02-28,801080.SI,-0.13513476963190063,0.7172413793103448,1.0,0.6241379310344828,0.7600522087110929,4,0.2,0.5
2026-02-28,801970.SI,-0.08104855307192593,0.7517241379310344,1.0,0.6827586206896552,0.7517241379310344,5,0.2,0.5
2026-03-31,801770.SI,0.22230075500117508,0.8137931034482759,1.0,0.8448275862068966,0.8137931034482759,1,0.2,0.5
2026-03-31,801030.SI,0.06737791963854023,0.7672413793103448,1.0,0.7586206896551724,0.7672413793103448,2,0.2,0.5
2026-03-31,801730.SI,0.08975605046642743,0.7327586206896552,1.0,0.7517241379310345,0.7327586206896552,3,0.2,0.5
2026-03-31,801710.SI,0.10369320874980392,0.6913793103448276,1.0,0.7448275862068966,0.6913793103448276,4,0.2,0.5
2026-03-31,801970.SI,0.06880468175643784,0.6189655172413793,1.0,0.6448275862068966,0.6469811102205493,5,0.2,0.5
2026-04-30,801080.SI,0.17884763136832227,0.8793103448275862,1.0,0.9068965517241379,0.8793103448275862,1,0.2,0.5
2026-04-30,801710.SI,0.061777231534217325,0.8172413793103448,1.0,0.7999999999999999,0.8586569012325624,2,0.2,0.5
2026-04-30,801030.SI,-0.08925246475979731,0.806896551724138,1.0,0.6965517241379311,0.8483120736463556,3,0.2,0.5
2026-04-30,801890.SI,0.04395859541881597,0.806896551724138,1.0,0.7413793103448276,0.806896551724138,4,0.2,0.5
2026-04-30,801770.SI,0.20397336121656995,0.7293103448275863,1.0,0.9931034482758622,0.7707258667498039,5,0.2,0.5
2026-05-31,801080.SI,0.27730253763242896,0.7206896551724138,1.0,0.9655172413793104,0.7485363318942505,1,0.2,0.5
2026-05-31,801710.SI,0.15370404961971862,0.7051724137931035,1.0,0.8724137931034482,0.7330190905149402,2,0.2,0.5
2026-05-31,801890.SI,0.06622050587355188,0.6948275862068966,1.0,0.8379310344827586,0.7226742629287333,3,0.2,0.5
2026-05-31,801730.SI,-0.05735535951947934,0.7068965517241379,1.0,0.8310344827586207,0.7068965517241379,4,0.2,0.5
2026-05-31,801770.SI,0.11332148165418365,0.6672413793103449,1.0,1.0,0.6950880560321816,5,0.2,0.5
2026-06-30,801890.SI,-0.22057033196673126,0.7862068965517242,1.0,0.896551724137931,0.8193911933490408,1,0.2,0.5
2026-06-30,801080.SI,-0.3471672337058811,0.7327586206896551,1.0,1.0,0.7659429174869716,2,0.2,0.5
2026-06-30,801050.SI,-0.06416065788689596,0.732758620689655,1.0,0.6758620689655171,0.732758620689655,3,0.2,0.5
2026-06-30,801770.SI,-0.318992497657154,0.6948275862068966,1.0,0.9586206896551724,0.728011883004213,4,0.2,0.5
2026-06-30,801230.SI,-0.10289205967734816,0.7172413793103448,1.0,0.7068965517241379,0.7172413793103448,5,0.2,0.5
2026-07-31,801890.SI,0.10662585821821491,0.656896551724138,1.0,0.5724137931034483,0.6715378810308008,1,0.2,0.5
2026-07-31,801230.SI,0.11918295861422146,0.6448275862068965,1.0,0.3034482758620689,0.6594689155135594,2,0.2,0.5
2026-07-31,801050.SI,0.09810294237509165,0.5913793103448276,1.0,0.2724137931034483,0.6060206396514904,3,0.2,0.5
2026-07-31,801030.SI,0.08770978651190964,0.5948275862068966,1.0,0.2793103448275862,0.5948275862068966,4,0.2,0.5
2026-07-31,801950.SI,0.12215506539430954,0.5862068965517242,1.0,0.9103448275862069,0.5862068965517242,5,0.2,0.5
2026-08-31,801960.SI,,0.8189655172413792,1.0,0.8793103448275862,0.8189655172413792,1,0.2,0.5
2026-08-31,801030.SI,,0.7793103448275862,1.0,0.7137931034482758,0.804254141001297,2,0.2,0.5
2026-08-31,801710.SI,,0.6689655172413793,1.0,0.45862068965517244,0.6689655172413793,3,0.2,0.5
2026-08-31,801890.SI,,0.6431034482758621,1.0,0.5724137931034483,0.6680472444495729,4,0.2,0.5
2026-08-31,801050.SI,,0.6172413793103448,1.0,0.6827586206896552,0.6421851754840556,5,0.2,0.5
2019-01-31,801730.SI,0.17077446943734476,0.8560344827586207,1.0,0.8862068965517241,0.8560344827586207,1,0.2,0.75
2019-01-31,801010.SI,0.21977167902555883,0.8517241379310345,1.0,0.9172413793103448,0.8517241379310345,2,0.2,0.75
2019-01-31,801110.SI,0.10322283560272227,0.8405172413793104,1.0,0.9310344827586208,0.8405172413793104,3,0.2,0.75
2019-01-31,801120.SI,0.12600095208191964,0.8396551724137931,1.0,0.9310344827586208,0.8396551724137931,4,0.2,0.75
2019-01-31,801180.SI,0.13690504045078056,0.7370689655172414,1.0,0.8689655172413794,0.7370689655172414,5,0.2,0.75
2019-02-28,801010.SI,0.17539736425201502,0.8646551724137931,1.0,0.9275862068965517,0.9016413039443922,1,0.2,0.75
2019-02-28,801740.SI,0.10793159048499001,0.8215517241379309,1.0,0.789655172413793,0.8215517241379309,2,0.2,0.75
2019-02-28,801770.SI,0.05643870648407856,0.810344827586207,1.0,0.9758620689655173,0.810344827586207,3,0.2,0.75
2019-02-28,801730.SI,0.07486616000898505,0.7551724137931034,1.0,0.7655172413793103,0.7921585453237026,4,0.2,0.75
2019-02-28,801890.SI,0.09378740933737073,0.770689655172414,1.0,0.710344827586207,0.770689655172414,5,0.2,0.75
2019-03-31,801010.SI,0.05821731145210007,0.9181034482758621,1.0,0.9827586206896552,0.9643859667197014,1,0.2,0.75
2019-03-31,801750.SI,-0.07320660468988494,0.8775862068965518,1.0,0.9551724137931035,0.8775862068965518,2,0.2,0.75
2019-03-31,801740.SI,-0.07316714223810183,0.7663793103448276,1.0,0.7724137931034483,0.812661828788667,3,0.2,0.75
2019-03-31,801180.SI,-0.03965245925768801,0.7836206896551724,1.0,0.7448275862068965,0.7836206896551724,4,0.2,0.75
2019-03-31,801890.SI,-0.04706147445337716,0.7051724137931034,1.0,0.6310344827586206,0.7514549322369427,5,0.2,0.75
2019-04-30,801010.SI,-0.017263242757527997,0.9706896551724138,1.0,0.9931034482758622,1.0111383184439637,1,0.2,0.75
2019-04-30,801120.SI,-0.04343478450722671,0.7956896551724137,1.0,0.9724137931034482,0.7956896551724137,2,0.2,0.75
2019-04-30,801750.SI,-0.05641225259753868,0.7318965517241378,1.0,0.7379310344827585,0.7723452149956879,3,0.2,0.75
2019-04-30,801230.SI,-0.06322075589932563,0.7258620689655173,1.0,0.7655172413793104,0.7258620689655173,4,0.2,0.75
2019-04-30,801890.SI,-0.05659755943081535,0.6413793103448275,1.0,0.5448275862068965,0.6818279736163776,5,0.2,0.75
2019-05-31,801010.SI,-0.08030968535830874,0.8715517241379311,1.0,0.9862068965517242,0.9148748343727062,1,0.2,0.75
2019-05-31,801740.SI,-0.0006183682248349642,0.8448275862068966,1.0,0.810344827586207,0.8448275862068966,2,0.2,0.75
2019-05-31,801120.SI,0.10231455486929941,0.7353448275862069,1.0,0.9448275862068966,0.778667937820982,3,0.2,0.75
2019-05-31,801750.SI,0.02264755204811708,0.725,1.0,0.7655172413793103,0.7683231102347751,4,0.2,0.75
2019-05-31,801110.SI,0.03969926048158512,0.7681034482758621,1.0,0.8689655172413793,0.7681034482758621,5,0.2,0.75
2019-06-30,801120.SI,-0.0273049532804458,0.7672413793103449,1.0,1.0,0.8036412287641297,1,0.2,0.75
2019-06-30,801110.SI,0.009354415052569953,0.7560344827586208,1.0,0.9413793103448277,0.7924343322124057,2,0.2,0.75
2019-06-30,801210.SI,0.010552112008306747,0.7456896551724137,1.0,0.8793103448275862,0.7456896551724137,3,0.2,0.75
2019-06-30,801010.SI,0.0730661066924354,0.7051724137931035,1.0,0.6758620689655173,0.7415722632468883,4,0.2,0.75
2019-06-30,801710.SI,-0.036932688863697605,0.7232758620689654,1.0,0.8310344827586206,0.7232758620689654,5,0.2,0.75
2019-07-31,801740.SI,0.045589252619801846,0.8396551724137932,1.0,0.9344827586206897,0.8396551724137932,1,0.2,0.75
2019-07-31,801010.SI,0.0082519634131204,0.7724137931034482,1.0,0.8793103448275861,0.8121271259080123,2,0.2,0.75
2019-07-31,801080.SI,0.043762776642076284,0.7758620689655172,1.0,0.9103448275862069,0.7758620689655172,3,0.2,0.75
2019-07-31,801210.SI,0.019537522218624703,0.731896551724138,1.0,0.9413793103448277,0.7716098845287022,4,0.2,0.75
2019-07-31,801980.SI,0.02984735509438985,0.7534482758620689,1.0,0.8172413793103448,0.7534482758620689,5,0.2,0.75
2019-08-31,801740.SI,-0.06933927973404552,0.8577586206896551,1.0,0.903448275862069,0.9004796086180777,1,0.2,0.75
2019-08-31,801980.SI,0.005782885120844572,0.8120689655172413,1.0,0.8068965517241379,0.8547899534456639,2,0.2,0.75
2019-08-31,801120.SI,-0.022492267448938508,0.8008620689655173,1.0,1.0,0.8008620689655173,3,0.2,0.75
2019-08-31,801080.SI,0.07625930932689018,0.7560344827586207,1.0,0.9,0.7987554706870433,4,0.2,0.75
2019-08-31,801010.SI,-0.08530524845271692,0.7396551724137933,1.0,0.7965517241379312,0.7823761603422159,5,0.2,0.75
2019-09-30,801080.SI,0.0017934026518622304,0.8655172413793104,1.0,0.9896551724137932,0.9023208511276014,1,0.2,0.75
2019-09-30,801980.SI,0.024409586663207472,0.778448275862069,1.0,0.8206896551724139,0.81525188561036,2,0.2,0.75
2019-09-30,801110.SI,0.04803849207927646,0.7405172413793103,1.0,0.7172413793103448,0.7405172413793103,3,0.2,0.75
2019-09-30,801750.SI,0.011420690404853717,0.7155172413793103,1.0,0.8793103448275862,0.7155172413793103,4,0.2,0.75
2019-09-30,801010.SI,0.1259784115697462,0.6620689655172414,1.0,0.5724137931034483,0.6988725752655324,5,0.2,0.75
2019-10-31,801980.SI,-0.05938355741316481,0.8431034482758621,1.0,0.8896551724137931,0.8872588625703391,1,0.2,0.75
2019-10-31,801080.SI,0.035991417608382203,0.8422413793103449,1.0,0.9172413793103449,0.8863967936048219,2,0.2,0.75
2019-10-31,801010.SI,-0.09573178866850485,0.825,1.0,0.8241379310344827,0.869155414294477,3,0.2,0.75
2019-10-31,801150.SI,-0.026464137330702853,0.8508620689655172,1.0,0.9379310344827586,0.8508620689655172,4,0.2,0.75
2019-10-31,801120.SI,-0.025714233303109513,0.8043103448275862,1.0,0.906896551724138,0.8043103448275862,5,0.2,0.75
2019-11-30,801710.SI,0.14377078351474704,0.9362068965517241,1.0,0.9310344827586208,0.9362068965517241,1,0.2,0.75
2019-11-30,801080.SI,0.10540476152661094,0.7698275862068966,1.0,0.9931034482758622,0.8032029065725873,2,0.2,0.75
2019-11-30,801180.SI,0.10439539233823147,0.721551724137931,1.0,0.6793103448275862,0.721551724137931,3,0.2,0.75
2019-11-30,801960.SI,0.05041070041070039,0.718103448275862,1.0,0.693103448275862,0.718103448275862,4,0.2,0.75
2019-11-30,801110.SI,0.10758594375108554,0.7129310344827587,1.0,0.8586206896551725,0.7129310344827587,5,0.2,0.75
2019-12-31,801710.SI,-0.058900707929026686,0.925,1.0,0.9827586206896552,0.9683338913824682,1,0.2,0.75
2019-12-31,801110.SI,-0.026310377096551818,0.8698275862068965,1.0,0.9241379310344827,0.9131614775893646,2,0.2,0.75
2019-12-31,801080.SI,0.13541169776837791,0.8543103448275862,1.0,0.9551724137931035,0.8976442362100543,3,0.2,0.75
2019-12-31,801180.SI,-0.06589924772441891,0.789655172413793,1.0,0.7620689655172413,0.8329890637962611,4,0.2,0.75
2019-12-31,801230.SI,0.01975809303751208,0.7034482758620689,1.0,0.7517241379310344,0.7034482758620689,5,0.2,0.75
2020-01-31,801080.SI,0.054112537678331574,0.9275862068965517,1.0,1.0,0.9703684584311936,1,0.2,0.75
2020-01-31,801730.SI,0.016738125390988845,0.8741379310344829,1.0,0.9172413793103449,0.8741379310344829,2,0.2,0.75
2020-01-31,801710.SI,0.07158773483208791,0.7724137931034482,1.0,0.7241379310344827,0.81519604463809,3,0.2,0.75
2020-01-31,801750.SI,0.1061495695162249,0.7698275862068966,1.0,0.8965517241379312,0.7698275862068966,4,0.2,0.75
2020-01-31,801230.SI,0.031828165822755494,0.7086206896551724,1.0,0.7689655172413793,0.7514029411898143,5,0.2,0.75
2020-02-29,801750.SI,-0.12811190368838843,0.9741379310344828,1.0,0.9655172413793104,1.0236900271144824,1,0.2,0.75
2020-02-29,801080.SI,-0.20437596938310032,0.9577586206896552,1.0,0.9724137931034483,1.007310716769655,2,0.2,0.75
2020-02-29,801770.SI,-0.07935396231061986,0.8655172413793103,1.0,0.9344827586206896,0.8655172413793103,3,0.2,0.75
2020-02-29,801230.SI,-0.07340300621140283,0.8086206896551724,1.0,0.8448275862068965,0.8581727857351721,4,0.2,0.75
2020-02-29,801730.SI,-0.0805549124025623,0.7939655172413793,1.0,0.7758620689655172,0.843517613321379,5,0.2,0.75
2020-03-31,801010.SI,-0.00315738574733071,0.9224137931034483,1.0,0.9896551724137932,0.9224137931034483,1,0.2,0.75
2020-03-31,801150.SI,0.05433009883551154,0.856896551724138,1.0,0.9344827586206897,0.856896551724138,2,0.2,0.75
2020-03-31,801980.SI,0.09464844806169359,0.8043103448275861,1.0,0.8931034482758621,0.8043103448275861,3,0.2,0.75
2020-03-31,801750.SI,0.0755829525273295,0.7603448275862068,1.0,0.7310344827586207,0.7988280452680212,4,0.2,0.75
2020-03-31,801710.SI,0.08592362240704676,0.7853448275862068,1.0,0.8793103448275862,0.7853448275862068,5,0.2,0.75
2020-04-30,801710.SI,-0.016152427675268255,0.9172413793103449,1.0,0.9482758620689655,0.958107215431928,1,0.2,0.75
2020-04-30,801150.SI,0.0502430319882643,0.818103448275862,1.0,0.8206896551724138,0.8589692843974451,2,0.2,0.75
2020-04-30,801980.SI,0.16822384741776464,0.8172413793103448,1.0,0.8931034482758621,0.8581072154319279,3,0.2,0.75
2020-04-30,801750.SI,-0.022566371681415953,0.7646551724137931,1.0,0.7999999999999999,0.8055210085353762,4,0.2,0.75
2020-04-30,801730.SI,-0.007351070865340703,0.7318965517241379,1.0,0.8275862068965517,0.7318965517241379,5,0.2,0.75
2020-05-31,801980.SI,0.12149584258352752,0.8896551724137931,1.0,1.0,0.9276964921571174,1,0.2,0.75
2020-05-31,801150.SI,0.1687925741774423,0.8482758620689654,1.0,0.8793103448275862,0.8863171818122897,2,0.2,0.75
2020-05-31,801120.SI,0.08590427610232187,0.8620689655172414,1.0,0.9448275862068966,0.8620689655172414,3,0.2,0.75
2020-05-31,801710.SI,-0.01119322917655019,0.6870689655172413,1.0,0.7620689655172413,0.7251102852605655,4,0.2,0.75
2020-05-31,801210.SI,0.253584078259403,0.7129310344827586,1.0,0.8620689655172414,0.7129310344827586,5,0.2,0.75
2020-06-30,801980.SI,0.07610780504598424,0.8758620689655172,1.0,0.9551724137931035,0.9234843379098406,1,0.2,0.75
2020-06-30,801120.SI,0.17286250878024578,0.8396551724137931,1.0,0.8344827586206895,0.8872774413581165,2,0.2,0.75
2020-06-30,801210.SI,0.4138692678551408,0.8370689655172414,1.0,0.9793103448275862,0.8846912344615648,3,0.2,0.75
2020-06-30,801150.SI,0.15620086561246138,0.8017241379310346,1.0,0.9241379310344828,0.849346406875358,4,0.2,0.75
2020-06-30,801080.SI,0.10812694909894205,0.8163793103448277,1.0,0.9275862068965518,0.8163793103448277,5,0.2,0.75
2020-07-31,801150.SI,-0.027681337948046725,0.8982758620689656,1.0,0.9068965517241381,0.9464309493825299,1,0.2,0.75
2020-07-31,801210.SI,-0.08815456853172055,0.896551724137931,1.0,1.0,0.9447068114514954,2,0.2,0.75
2020-07-31,801120.SI,0.12040826126159776,0.8482758620689654,1.0,0.8758620689655172,0.8964309493825298,3,0.2,0.75
2020-07-31,801730.SI,0.018053460140429856,0.8034482758620689,1.0,0.8482758620689655,0.8034482758620689,4,0.2,0.75
2020-07-31,801980.SI,-0.021900525328234832,0.7086206896551724,1.0,0.803448275862069,0.7567757769687368,5,0.2,0.75
2020-08-31,801120.SI,-0.09181520053461079,0.9379310344827586,1.0,0.9724137931034482,0.9831366919753692,1,0.2,0.75
2020-08-31,801740.SI,-0.04815763135434503,0.8482758620689654,1.0,0.9103448275862068,0.8482758620689654,2,0.2,0.75
2020-08-31,801210.SI,0.03138340944536444,0.7672413793103449,1.0,0.806896551724138,0.8124470368029555,3,0.2,0.75
2020-08-31,801730.SI,0.021636704705330523,0.7413793103448277,1.0,0.7689655172413794,0.7865849678374384,4,0.2,0.75
2020-08-31,801030.SI,-0.060199486233813215,0.7801724137931034,1.0,0.7586206896551725,0.7801724137931034,5,0.2,0.75
2020-09-30,801730.SI,0.064989036648045,0.8956896551724137,1.0,0.9379310344827586,0.9347351939990097,1,0.2,0.75
2020-09-30,801210.SI,-0.09195713520137616,0.8913793103448275,1.0,1.0,0.9304248491714235,2,0.2,0.75
2020-09-30,801120.SI,0.041639557579700615,0.771551724137931,1.0,0.7689655172413793,0.810597262964527,3,0.2,0.75
2020-09-30,801880.SI,0.11588264356820743,0.8077586206896552,1.0,0.8517241379310345,0.8077586206896552,4,0.2,0.75
2020-09-30,801740.SI,-0.04202092660207213,0.7413793103448276,1.0,0.896551724137931,0.7804248491714236,5,0.2,0.75
2020-10-31,801880.SI,0.08008455735505793,0.9215517241379311,1.0,0.9689655172413794,0.9651655011170178,1,0.2,0.75
2020-10-31,801730.SI,0.01567640880786869,0.9103448275862069,1.0,0.9586206896551724,0.9539586045652937,2,0.2,0.75
2020-10-31,801120.SI,0.02299268128675447,0.8310344827586207,1.0,0.9172413793103448,0.8746482597377074,3,0.2,0.75
2020-10-31,801110.SI,0.08752651737214667,0.7982758620689656,1.0,0.8586206896551725,0.7982758620689656,4,0.2,0.75
2020-10-31,801030.SI,0.07642140113972351,0.7913793103448274,1.0,0.8068965517241379,0.7913793103448274,5,0.2,0.75
2020-11-30,801880.SI,-0.004273727911804248,0.9206896551724139,1.0,0.9586206896551724,0.9659751151945596,1,0.2,0.75
2020-11-30,801050.SI,0.06110876421849776,0.8775862068965516,1.0,0.9068965517241379,0.8775862068965516,2,0.2,0.75
2020-11-30,801110.SI,0.043044332153597376,0.7991379310344827,1.0,0.8724137931034482,0.8444233910566284,3,0.2,0.75
2020-11-30,801730.SI,0.19937051313788579,0.7724137931034483,1.0,0.7724137931034483,0.817699253125594,4,0.2,0.75
2020-11-30,801030.SI,0.025958507997289715,0.7706896551724138,1.0,0.7689655172413793,0.8159751151945596,5,0.2,0.75
2020-12-31,801050.SI,0.03914447331913484,0.8577586206896552,1.0,0.9137931034482759,0.905468733701908,1,0.2,0.75
2020-12-31,801210.SI,0.01187183811129855,0.8896551724137931,1.0,0.8689655172413793,0.8896551724137931,2,0.2,0.75
2020-12-31,801730.SI,0.05746197802716235,0.8344827586206898,1.0,0.9758620689655173,0.8821928716329425,3,0.2,0.75
2020-12-31,801120.SI,0.014308329380036122,0.878448275862069,1.0,0.9310344827586207,0.878448275862069,4,0.2,0.75
2020-12-31,801110.SI,-0.03096790137501093,0.7956896551724137,1.0,0.8379310344827586,0.8433997681846664,5,0.2,0.75
2021-01-31,801050.SI,0.06679609551096566,0.8689655172413793,1.0,0.9310344827586207,0.9202021359728273,1,0.2,0.75
2021-01-31,801730.SI,-0.060330030058499684,0.8508620689655173,1.0,0.9689655172413794,0.9020986876969653,2,0.2,0.75
2021-01-31,801030.SI,0.04289755719031918,0.8801724137931035,1.0,0.8551724137931035,0.8801724137931035,3,0.2,0.75
2021-01-31,801120.SI,-0.05046059382939616,0.7896551724137931,1.0,0.8620689655172413,0.8408917911452412,4,0.2,0.75
2021-01-31,801880.SI,-0.051590176033238455,0.8362068965517242,1.0,0.8275862068965517,0.8362068965517242,5,0.2,0.75
2021-02-28,801050.SI,-0.10210012382181999,0.9094827586206897,1.0,0.9137931034482759,0.9556051171375244,1,0.2,0.75
2021-02-28,801030.SI,-0.06490127575281246,0.8560344827586207,1.0,0.8275862068965517,0.9021568412754554,2,0.2,0.75
2021-02-28,801960.SI,-0.09131141881465288,0.8517241379310345,1.0,0.8896551724137931,0.8517241379310345,3,0.2,0.75
2021-02-28,801210.SI,0.017528722241680228,0.8431034482758621,1.0,0.9448275862068966,0.8431034482758621,4,0.2,0.75
2021-02-28,801040.SI,0.06628042574408366,0.7620689655172415,1.0,0.7689655172413794,0.7620689655172415,5,0.2,0.75
2021-03-31,801040.SI,0.08850467217486058,0.9431034482758622,1.0,0.9758620689655173,0.9876424492653184,1,0.2,0.75
2021-03-31,801210.SI,0.013222545914387762,0.9,1.0,0.8724137931034484,0.9445390009894562,2,0.2,0.75
2021-03-31,801950.SI,0.05932698893535515,0.7775862068965518,1.0,0.7724137931034484,0.7775862068965518,3,0.2,0.75
2021-03-31,801160.SI,-0.08974721052938306,0.7637931034482759,1.0,0.8896551724137931,0.7637931034482759,4,0.2,0.75
2021-03-31,801960.SI,-0.0007827304935321688,0.6991379310344827,1.0,0.7137931034482758,0.7436769320239389,5,0.2,0.75
2021-04-30,801040.SI,-0.008843745118366275,0.9767241379310345,1.0,0.9689655172413794,1.0230599352714171,1,0.2,0.75
2021-04-30,801950.SI,0.038825662995768395,0.8870689655172413,1.0,0.8758620689655171,0.9334047628576241,2,0.2,0.75
2021-04-30,801210.SI,0.033481929687072975,0.8362068965517241,1.0,0.8413793103448275,0.8825426938921068,3,0.2,0.75
2021-04-30,801980.SI,0.05741491073801264,0.8327586206896551,1.0,0.9517241379310344,0.8327586206896551,4,0.2,0.75
2021-04-30,801050.SI,0.08420780156211327,0.7189655172413794,1.0,0.7586206896551725,0.7189655172413794,5,0.2,0.75
2021-05-31,801950.SI,0.02530601504900787,0.8232758620689655,1.0,0.8241379310344827,0.8674281505666429,1,0.2,0.75
2021-05-31,801980.SI,-0.006348677460830232,0.8034482758620691,1.0,0.9448275862068967,0.8476005643597465,2,0.2,0.75
2021-05-31,801120.SI,-0.05664675830488308,0.8413793103448276,1.0,0.8758620689655173,0.8413793103448276,3,0.2,0.75
2021-05-31,801050.SI,-0.0438692827825885,0.7732758620689655,1.0,0.7551724137931034,0.8174281505666429,4,0.2,0.75
2021-05-31,801210.SI,-0.08669822587050569,0.7681034482758621,1.0,0.7448275862068966,0.8122557367735395,5,0.2,0.75
2021-06-30,801730.SI,0.10720279653671394,0.8931034482758621,1.0,0.9896551724137932,0.8931034482758621,1,0.2,0.75
2021-06-30,801030.SI,0.05127979514253167,0.8870689655172415,1.0,0.8551724137931035,0.8870689655172415,2,0.2,0.75
2021-06-30,801230.SI,-0.03898725927395219,0.864655172413793,1.0,0.8758620689655172,0.864655172413793,3,0.2,0.75
2021-06-30,801080.SI,0.040063917919116676,0.8508620689655173,1.0,0.8758620689655173,0.8508620689655173,4,0.2,0.75
2021-06-30,801950.SI,0.01661221387608447,0.7655172413793103,1.0,0.7551724137931035,0.8125289940815359,5,0.2,0.75
2021-07-31,801730.SI,0.053703526869399054,0.9603448275862069,1.0,0.9655172413793104,1.0144151981884888,1,0.2,0.75
2021-07-31,801030.SI,0.12462121537286142,0.9137931034482759,1.0,0.8862068965517241,0.9678634740505578,2,0.2,0.75
2021-07-31,801050.SI,0.1799989092421279,0.9379310344827586,1.0,0.9724137931034482,0.9379310344827586,3,0.2,0.75
2021-07-31,801080.SI,-0.06966802266453576,0.8456896551724138,1.0,0.8689655172413793,0.8997600257746957,4,0.2,0.75
2021-07-31,801950.SI,0.27566168903042887,0.8034482758620689,1.0,0.7586206896551724,0.8575186464643508,5,0.2,0.75
2021-08-31,801050.SI,-0.18111045955728355,0.9094827586206897,1.0,0.9724137931034483,0.9616137325290285,1,0.2,0.75
2021-08-31,801030.SI,-0.03830865613425105,0.8758620689655172,1.0,0.8517241379310344,0.927993042873856,2,0.2,0.75
2021-08-31,801730.SI,-0.03014095661083649,0.8586206896551724,1.0,0.8206896551724138,0.9107516635635111,3,0.2,0.75
2021-08-31,801950.SI,0.0487915333122757,0.8413793103448276,1.0,0.9551724137931035,0.8935102842531664,4,0.2,0.75
2021-08-31,801040.SI,-0.13403809035605752,0.8500000000000001,1.0,0.9689655172413794,0.8500000000000001,5,0.2,0.75
2021-09-30,801950.SI,-0.1528890533832622,0.903448275862069,1.0,0.9517241379310345,0.9430865513369522,1,0.2,0.75
2021-09-30,801960.SI,-0.09147730679297317,0.886206896551724,1.0,0.8517241379310344,0.886206896551724,2,0.2,0.75
2021-09-30,801160.SI,-0.0781923287006131,0.8241379310344827,1.0,0.9103448275862069,0.8241379310344827,3,0.2,0.75
2021-09-30,801730.SI,0.11700718983573899,0.7724137931034483,1.0,0.7517241379310344,0.8120520685783315,4,0.2,0.75
2021-09-30,801050.SI,-0.006222573408023124,0.7508620689655172,1.0,0.7517241379310344,0.7905003444404004,5,0.2,0.75
2021-10-31,801730.SI,0.03347142223022748,0.9870689655172414,1.0,0.9827586206896552,1.0276848709620012,1,0.2,0.75
2021-10-31,801880.SI,0.05222065826120814,0.8439655172413794,1.0,0.8310344827586207,0.8439655172413794,2,0.2,0.75
2021-10-31,801740.SI,0.12984384364010548,0.7836206896551725,1.0,0.8655172413793104,0.7836206896551725,3,0.2,0.75
2021-10-31,801030.SI,-0.0034892196654970897,0.7646551724137932,1.0,0.7413793103448276,0.7646551724137932,4,0.2,0.75
2021-10-31,801950.SI,-0.04184496502567925,0.7094827586206897,1.0,0.7206896551724138,0.7500986640654494,5,0.2,0.75
2021-11-30,801730.SI,-0.08579218674913602,0.8767241379310344,1.0,0.8827586206896552,0.9164461847766537,1,0.2,0.75
2021-11-30,801740.SI,-0.010113090472377961,0.8293103448275863,1.0,0.8517241379310345,0.8690323916732056,2,0.2,0.75
2021-11-30,801880.SI,-0.04797536338719266,0.8008620689655173,1.0,0.7517241379310345,0.8405841158111366,3,0.2,0.75
2021-11-30,801080.SI,0.011380518364018322,0.8077586206896552,1.0,0.7999999999999999,0.8077586206896552,4,0.2,0.75
2021-11-30,801770.SI,0.017856809047574584,0.7543103448275862,1.0,0.8379310344827586,0.7543103448275862,5,0.2,0.75
2021-12-31,801760.SI,-0.14401347686745003,0.7991379310344826,1.0,0.8758620689655172,0.7991379310344826,1,0.2,0.75
2021-12-31,801740.SI,-0.17921938741981303,0.7655172413793103,1.0,0.8172413793103448,0.7976709114930561,2,0.2,0.75
2021-12-31,801140.SI,-0.09641593939373105,0.7232758620689654,1.0,0.7758620689655172,0.7232758620689654,3,0.2,0.75
2021-12-31,801720.SI,-0.028850148069733517,0.7086206896551724,1.0,0.7137931034482758,0.7086206896551724,4,0.2,0.75
2021-12-31,801010.SI,-0.04599045192090567,0.6818965517241378,1.0,0.7,0.6818965517241378,5,0.2,0.75
2022-01-31,801720.SI,0.040313307760944106,0.8706896551724139,1.0,0.9275862068965518,0.9110533722778755,1,0.2,0.75
2022-01-31,801180.SI,-0.007794143275222765,0.881896551724138,1.0,0.9482758620689655,0.881896551724138,2,0.2,0.75
2022-01-31,801010.SI,0.0075964418446730075,0.771551724137931,1.0,0.8620689655172414,0.8119154412433927,3,0.2,0.75
2022-01-31,801950.SI,0.1553258349045359,0.8094827586206897,1.0,0.7517241379310345,0.8094827586206897,4,0.2,0.75
2022-01-31,801170.SI,0.02799470131836257,0.7758620689655172,1.0,0.8758620689655173,0.7758620689655172,5,0.2,0.75
2022-02-28,801950.SI,0.10806937509144587,0.806896551724138,1.0,0.9,0.8399345103429652,1,0.2,0.75
2022-02-28,801720.SI,-0.019815462427106634,0.8008620689655173,1.0,0.8551724137931035,0.8339000275843444,2,0.2,0.75
2022-02-28,801960.SI,-0.11744173579481154,0.7327586206896552,1.0,0.8310344827586207,0.7327586206896552,3,0.2,0.75
2022-02-28,801160.SI,-0.09607424653990437,0.7241379310344828,1.0,0.7931034482758621,0.7241379310344828,4,0.2,0.75
2022-02-28,801170.SI,-0.07208777183250692,0.6879310344827585,1.0,0.7689655172413792,0.7209689931015857,5,0.2,0.75
2022-03-31,801950.SI,-0.0387937309764117,0.9793103448275862,1.0,0.9896551724137932,1.021519013171543,1,0.2,0.75
2022-03-31,801230.SI,-0.12677583238267986,0.9043103448275862,1.0,0.9241379310344827,0.9043103448275862,2,0.2,0.75
2022-03-31,801720.SI,-0.02973771453057006,0.818103448275862,1.0,0.8724137931034482,0.8603121166198188,3,0.2,0.75
2022-03-31,801010.SI,-0.12757594032348318,0.846551724137931,1.0,0.9172413793103448,0.846551724137931,4,0.2,0.75
2022-03-31,801180.SI,-0.08357665040866213,0.8387931034482758,1.0,0.9448275862068966,0.8387931034482758,5,0.2,0.75
2022-04-30,801950.SI,0.09727050817368155,0.9396551724137931,1.0,0.9586206896551724,0.9778155849967316,1,0.2,0.75
2022-04-30,801720.SI,0.016563464613782664,0.9086206896551723,1.0,0.9103448275862068,0.9467811022381107,2,0.2,0.75
2022-04-30,801180.SI,-0.05912666206051753,0.7887931034482759,1.0,0.8896551724137931,0.8269535160312144,3,0.2,0.75
2022-04-30,801170.SI,0.06952339505314309,0.7172413793103448,1.0,0.8620689655172414,0.7172413793103448,4,0.2,0.75
2022-04-30,801160.SI,0.09097295398665262,0.7155172413793105,1.0,0.710344827586207,0.7155172413793105,5,0.2,0.75
2022-05-31,801950.SI,0.015829144115513172,0.9448275862068966,1.0,0.9517241379310345,0.9817438716161647,1,0.2,0.75
2022-05-31,801960.SI,-0.03349683425511152,0.8646551724137932,1.0,0.8862068965517241,0.8646551724137932,2,0.2,0.75
2022-05-31,801170.SI,0.01982926778111027,0.8137931034482758,1.0,0.8448275862068966,0.850709388857544,3,0.2,0.75
2022-05-31,801160.SI,0.006086737091244299,0.7189655172413794,1.0,0.6896551724137931,0.7558818026506475,4,0.2,0.75
2022-05-31,801720.SI,-0.0016051217560307807,0.6982758620689655,1.0,0.7655172413793103,0.7351921474782337,5,0.2,0.75
2022-06-30,801880.SI,0.050914911104382066,0.8301724137931035,1.0,0.9206896551724139,0.8301724137931035,1,0.2,0.75
2022-06-30,801120.SI,-0.0968960160949317,0.8189655172413793,1.0,0.8758620689655173,0.8189655172413793,2,0.2,0.75
2022-06-30,801050.SI,-0.016247653848756483,0.8137931034482759,1.0,0.7724137931034484,0.8137931034482759,3,0.2,0.75
2022-06-30,801980.SI,-0.02186301813772562,0.7956896551724137,1.0,0.8689655172413793,0.7956896551724137,4,0.2,0.75
2022-06-30,801200.SI,-0.07050567192137813,0.7758620689655171,1.0,0.8068965517241379,0.7758620689655171,5,0.2,0.75
2022-07-31,801880.SI,-0.11849927671735527,0.9551724137931035,1.0,0.9758620689655173,1.0038307334379923,1,0.2,0.75
2022-07-31,801890.SI,-0.07342254998569564,0.8310344827586207,1.0,0.8655172413793104,0.8310344827586207,2,0.2,0.75
2022-07-31,801050.SI,-0.06482222310719477,0.7801724137931034,1.0,0.8172413793103448,0.8288307334379923,3,0.2,0.75
2022-07-31,801730.SI,-0.07883750368071385,0.825,1.0,0.8758620689655172,0.825,4,0.2,0.75
2022-07-31,801160.SI,-0.004563591022443858,0.8103448275862069,1.0,0.7793103448275862,0.8103448275862069,5,0.2,0.75
2022-08-31,801010.SI,-0.10378327426082179,0.9137931034482759,1.0,0.8896551724137931,0.9137931034482759,1,0.2,0.75
2022-08-31,801230.SI,-0.05199042854035241,0.8862068965517241,1.0,0.9379310344827586,0.8862068965517241,2,0.2,0.75
2022-08-31,801770.SI,-0.0826014764860653,0.7974137931034483,1.0,0.7931034482758621,0.7974137931034483,3,0.2,0.75
2022-08-31,801160.SI,-0.07830832310377378,0.7267241379310345,1.0,0.7620689655172415,0.7671648475404734,4,0.2,0.75
2022-08-31,801950.SI,0.016902224244873754,0.7275862068965517,1.0,0.6724137931034483,0.7275862068965517,5,0.2,0.75
2022-09-30,801950.SI,-0.1258223015053359,0.9491379310344827,1.0,1.0,0.9928012165707543,1,0.2,0.75
2022-09-30,801230.SI,0.010318314161255948,0.8594827586206897,1.0,0.8206896551724138,0.9031460441569612,2,0.2,0.75
2022-09-30,801170.SI,-0.034122072990647734,0.8405172413793104,1.0,0.8689655172413794,0.8405172413793104,3,0.2,0.75
2022-09-30,801160.SI,-0.0343107720603224,0.7603448275862068,1.0,0.8103448275862069,0.8040081131224783,4,0.2,0.75
2022-09-30,801740.SI,0.1163035096458962,0.7965517241379311,1.0,0.7448275862068965,0.7965517241379311,5,0.2,0.75
2022-10-31,801230.SI,0.09823107367982087,0.8870689655172415,1.0,0.8620689655172413,0.9276571017952581,1,0.2,0.75
2022-10-31,801740.SI,-0.05281143402085797,0.8413793103448276,1.0,0.9931034482758622,0.8819674466228442,2,0.2,0.75
2022-10-31,801770.SI,0.011734847325626241,0.8663793103448275,1.0,0.8655172413793103,0.8663793103448275,3,0.2,0.75
2022-10-31,801890.SI,0.058381316834162034,0.7655172413793104,1.0,0.8206896551724139,0.7655172413793104,4,0.2,0.75
2022-10-31,801750.SI,0.00021085844792945174,0.7405172413793104,1.0,0.9310344827586208,0.7405172413793104,5,0.2,0.75
2022-11-30,801210.SI,0.06457441027699384,0.8913793103448275,1.0,0.9379310344827586,0.8913793103448275,1,0.2,0.75
2022-11-30,801230.SI,0.022748538804735485,0.8456896551724137,1.0,0.8482758620689654,0.8814325475715736,2,0.2,0.75
2022-11-30,801180.SI,-0.09066013304065612,0.7706896551724138,1.0,0.9206896551724137,0.7706896551724138,3,0.2,0.75
2022-11-30,801140.SI,0.0087773696512905,0.6896551724137931,1.0,0.6172413793103448,0.6896551724137931,4,0.2,0.75
2022-11-30,801890.SI,-0.054694627856211264,0.6206896551724138,1.0,0.7000000000000001,0.6564325475715738,5,0.2,0.75
2022-12-31,801210.SI,-0.00298757446934661,0.9379310344827587,1.0,0.9758620689655173,0.9792270045386509,1,0.2,0.75
2022-12-31,801230.SI,0.0008585426652611972,0.9258620689655173,1.0,0.9137931034482759,0.9671580390214094,2,0.2,0.75
2022-12-31,801200.SI,-0.011849696868219572,0.7905172413793103,1.0,0.8344827586206897,0.7905172413793103,3,0.2,0.75
2022-12-31,801750.SI,0.12797893350888745,0.7534482758620691,1.0,0.8862068965517242,0.7534482758620691,4,0.2,0.75
2022-12-31,801980.SI,0.008103127149880596,0.7241379310344828,1.0,0.8137931034482759,0.7241379310344828,5,0.2,0.75
2023-01-31,801120.SI,0.010498487611337426,0.7301724137931034,1.0,0.8172413793103448,0.7301724137931034,1,0.2,0.75
2023-01-31,801960.SI,0.020036970871032178,0.6594827586206897,1.0,0.5758620689655173,0.6594827586206897,2,0.2,0.75
2023-01-31,801760.SI,0.041612300313855544,0.6431034482758621,1.0,0.7724137931034484,0.6431034482758621,3,0.2,0.75
2023-01-31,801180.SI,-0.02015252824090319,0.6344827586206896,1.0,0.6448275862068965,0.6344827586206896,4,0.2,0.75
2023-01-31,801210.SI,0.027019844905346924,0.6017241379310345,1.0,0.7448275862068965,0.6236881258602576,5,0.2,0.75
2023-02-28,801140.SI,-0.07357647763118513,0.8491379310344828,1.0,0.8931034482758621,0.8491379310344828,1,0.2,0.75
2023-02-28,801210.SI,-0.003402616060782071,0.8000000000000002,1.0,0.7965517241379312,0.8438371786660094,2,0.2,0.75
2023-02-28,801770.SI,0.09180627083744164,0.8422413793103448,1.0,0.9275862068965517,0.8422413793103448,3,0.2,0.75
2023-02-28,801760.SI,0.22673257270542013,0.7862068965517242,1.0,0.7965517241379311,0.8300440752177334,4,0.2,0.75
2023-02-28,801980.SI,-0.04664270632590939,0.8258620689655172,1.0,0.7862068965517242,0.8258620689655172,5,0.2,0.75
2023-03-31,801770.SI,0.034741007073371355,0.9482758620689655,1.0,0.9310344827586207,0.9924143463250429,1,0.2,0.75
2023-03-31,801750.SI,-0.06992580681082528,0.9422413793103449,1.0,0.9931034482758622,0.9422413793103449,2,0.2,0.75
2023-03-31,801760.SI,0.13063697080090542,0.8706896551724137,1.0,0.9724137931034482,0.9148281394284911,3,0.2,0.75
2023-03-31,801720.SI,0.10325537750830094,0.7767241379310346,1.0,0.8413793103448276,0.7767241379310346,4,0.2,0.75
2023-03-31,801210.SI,-0.05395233145570166,0.7043103448275863,1.0,0.6172413793103448,0.7484488290836636,5,0.2,0.75
2023-04-30,801760.SI,-0.04535302373832917,0.9267241379310345,1.0,1.0,0.9683831117976355,1,0.2,0.75
2023-04-30,801770.SI,0.013619000840278117,0.9206896551724137,1.0,0.9517241379310345,0.9623486290390147,2,0.2,0.75
2023-04-30,801720.SI,-0.08866008047368257,0.8258620689655172,1.0,0.9379310344827586,0.8675210428321182,3,0.2,0.75
2023-04-30,801960.SI,-0.08079222170432354,0.8560344827586208,1.0,0.8551724137931035,0.8560344827586208,4,0.2,0.75
2023-04-30,801110.SI,-0.07372480821283822,0.8241379310344827,1.0,0.8206896551724138,0.8241379310344827,5,0.2,0.75
2023-05-31,801770.SI,0.10914610215376719,0.8939655172413794,1.0,0.9586206896551724,0.9344817104989683,1,0.2,0.75
2023-05-31,801760.SI,-0.014791802503228202,0.7818965517241379,1.0,0.903448275862069,0.8224127449817268,2,0.2,0.75
2023-05-31,801160.SI,-0.013654071636597598,0.8137931034482759,1.0,0.896551724137931,0.8137931034482759,3,0.2,0.75
2023-05-31,801750.SI,0.002485195336353385,0.7948275862068965,1.0,0.9172413793103448,0.7948275862068965,4,0.2,0.75
2023-05-31,801080.SI,0.015976856397305506,0.7439655172413794,1.0,0.8758620689655173,0.7439655172413794,5,0.2,0.75
2023-06-30,801770.SI,-0.07656811912361527,0.9327586206896552,1.0,0.9931034482758622,0.9732691012072312,1,0.2,0.75
2023-06-30,801110.SI,0.00712207284575328,0.8241379310344827,1.0,0.9241379310344826,0.8241379310344827,2,0.2,0.75
2023-06-30,801890.SI,-0.017387742240428494,0.7879310344827586,1.0,0.8793103448275862,0.7879310344827586,3,0.2,0.75
2023-06-30,801740.SI,-0.0433914421553091,0.7517241379310345,1.0,0.7965517241379311,0.7517241379310345,4,0.2,0.75
2023-06-30,801130.SI,0.03907143823735648,0.7327586206896551,1.0,0.7172413793103448,0.7327586206896551,5,0.2,0.75
2023-07-31,801130.SI,-0.05314753205545619,0.7827586206896552,1.0,0.7793103448275862,0.811788428534397,1,0.2,0.75
2023-07-31,801140.SI,-0.05220665375668132,0.7491379310344827,1.0,0.796551724137931,0.7491379310344827,2,0.2,0.75
2023-07-31,801110.SI,-0.05086413213133667,0.6758620689655173,1.0,0.7310344827586207,0.7048918768102591,3,0.2,0.75
2023-07-31,801880.SI,-0.07233187507209127,0.6870689655172413,1.0,0.8655172413793103,0.6870689655172413,4,0.2,0.75
2023-07-31,801040.SI,-0.06707424830221065,0.6431034482758622,1.0,0.6827586206896552,0.6431034482758622,5,0.2,0.75
2023-08-31,801110.SI,0.0014821627901677736,0.7913793103448276,1.0,0.8689655172413793,0.8215451435469903,1,0.2,0.75
2023-08-31,801960.SI,0.03485431312729381,0.7327586206896551,1.0,0.8068965517241379,0.7327586206896551,2,0.2,0.75
2023-08-31,801140.SI,-0.008618916991516845,0.6887931034482759,1.0,0.6655172413793103,0.7189589366504386,3,0.2,0.75
2023-08-31,801130.SI,0.010347112811663672,0.681896551724138,1.0,0.6931034482758621,0.7120623849263007,4,0.2,0.75
2023-08-31,801770.SI,0.007048587230336745,0.6689655172413793,1.0,0.7241379310344828,0.6689655172413793,5,0.2,0.75
2023-09-30,801960.SI,-0.0538339606841185,0.8232758620689655,1.0,0.9586206896551724,0.8570502675224099,1,0.2,0.75
2023-09-30,801130.SI,-0.01912712016484852,0.8155172413793104,1.0,0.8275862068965517,0.8492916468327547,2,0.2,0.75
2023-09-30,801040.SI,-0.007476811146757578,0.818103448275862,1.0,0.8379310344827586,0.818103448275862,3,0.2,0.75
2023-09-30,801950.SI,-0.03011761710222327,0.7051724137931035,1.0,0.9275862068965517,0.7051724137931035,4,0.2,0.75
2023-09-30,801880.SI,0.024133317071070914,0.7051724137931034,1.0,0.7586206896551724,0.7051724137931034,5,0.2,0.75
2023-10-31,801880.SI,0.027422882993013875,0.7836206896551725,1.0,0.9413793103448277,0.818773357250522,1,0.2,0.75
2023-10-31,801130.SI,0.009740587463409778,0.7396551724137931,1.0,0.8137931034482759,0.7748078400091426,2,0.2,0.75
2023-10-31,801140.SI,0.004821029992499559,0.7655172413793103,1.0,0.7275862068965517,0.7655172413793103,3,0.2,0.75
2023-10-31,801040.SI,-0.018136326751420073,0.7198275862068966,1.0,0.8103448275862069,0.7549802538022461,4,0.2,0.75
2023-10-31,801080.SI,0.00747769995529346,0.7422413793103448,1.0,0.9551724137931035,0.7422413793103448,5,0.2,0.75
2023-11-30,801880.SI,-0.059310549381989985,0.8215517241379311,1.0,0.9310344827586207,0.8571196551096119,1,0.2,0.75
2023-11-30,801130.SI,-0.013432798520517819,0.75,1.0,0.7758620689655172,0.7855679309716808,2,0.2,0.75
2023-11-30,801950.SI,0.003353841049571926,0.7551724137931035,1.0,0.9896551724137932,0.7551724137931035,3,0.2,0.75
2023-11-30,801150.SI,-0.04603877771554321,0.7172413793103448,1.0,0.8517241379310345,0.7172413793103448,4,0.2,0.75
2023-11-30,801010.SI,-0.01363296448054474,0.7155172413793103,1.0,0.8206896551724138,0.7155172413793103,5,0.2,0.75
2023-12-31,801950.SI,0.06665133130139744,0.7922413793103449,1.0,0.9931034482758622,0.8293873355582085,1,0.2,0.75
2023-12-31,801010.SI,-0.13224304126502773,0.7655172413793103,1.0,0.8172413793103448,0.802663197627174,2,0.2,0.75
2023-12-31,801080.SI,-0.23912095905100383,0.7681034482758622,1.0,0.8586206896551725,0.7681034482758622,3,0.2,0.75
2023-12-31,801880.SI,-0.15393578292533994,0.7034482758620689,1.0,0.6965517241379311,0.7405942321099326,4,0.2,0.75
2023-12-31,801130.SI,-0.09969855483642154,0.6887931034482758,1.0,0.7517241379310344,0.7259390596961395,5,0.2,0.75
2024-01-31,801950.SI,0.07567864459780038,0.8318965517241379,1.0,1.0,0.8718626969437693,1,0.2,0.75
2024-01-31,801160.SI,0.03533806985832233,0.8336206896551724,1.0,0.9655172413793104,0.8336206896551724,2,0.2,0.75
2024-01-31,801130.SI,0.02713786287571307,0.7732758620689655,1.0,0.7827586206896553,0.8132420072885969,3,0.2,0.75
2024-01-31,801110.SI,0.09875667582034553,0.7577586206896553,1.0,0.9137931034482759,0.7577586206896553,4,0.2,0.75
2024-01-31,801960.SI,0.056035203030134095,0.7560344827586207,1.0,0.9137931034482759,0.7560344827586207,5,0.2,0.75
2024-02-29,801770.SI,0.042477468250716965,0.8008620689655173,1.0,0.8689655172413793,0.8008620689655173,1,0.2,0.75
2024-02-29,801950.SI,-0.03723995777299538,0.7474137931034482,1.0,0.903448275862069,0.7818911017860722,2,0.2,0.75
2024-02-29,801110.SI,0.023587325932955316,0.728448275862069,1.0,0.896551724137931,0.762925584544693,3,0.2,0.75
2024-02-29,801050.SI,0.12495511136097415,0.7163793103448277,1.0,0.7517241379310345,0.7163793103448277,4,0.2,0.75
2024-02-29,801960.SI,0.06006382193153659,0.6741379310344827,1.0,0.8172413793103448,0.7086152397171067,5,0.2,0.75
2024-03-31,801960.SI,0.009200864109995655,0.8482758620689654,1.0,0.9517241379310345,0.8896087331775042,1,0.2,0.75
2024-03-31,801050.SI,0.024040631308739346,0.803448275862069,1.0,0.9379310344827587,0.8447811469706078,2,0.2,0.75
2024-03-31,801770.SI,0.015043595726390802,0.7508620689655172,1.0,0.8034482758620689,0.792194940074056,3,0.2,0.75
2024-03-31,801160.SI,0.012988026054058244,0.7543103448275862,1.0,0.8344827586206897,0.7543103448275862,4,0.2,0.75
2024-03-31,801110.SI,0.08500099042054465,0.7120689655172413,1.0,0.8448275862068966,0.7534018366257801,5,0.2,0.75
2024-04-30,801050.SI,-0.002809840245425854,0.8758620689655172,1.0,0.9344827586206896,0.9180546113586874,1,0.2,0.75
2024-04-30,801770.SI,-0.06133930191760928,0.856896551724138,1.0,0.9137931034482759,0.8990890941173082,2,0.2,0.75
2024-04-30,801110.SI,-0.04001296589993164,0.7655172413793103,1.0,0.9551724137931035,0.8077097837724805,3,0.2,0.75
2024-04-30,801880.SI,-0.035417771953186294,0.7879310344827587,1.0,0.8551724137931035,0.7879310344827587,4,0.2,0.75
2024-04-30,801030.SI,-0.01456451136699144,0.7198275862068966,1.0,0.7724137931034484,0.7198275862068966,5,0.2,0.75
2024-05-31,801050.SI,-0.07328972671846568,0.8655172413793104,1.0,0.9241379310344828,0.9082377074325542,1,0.2,0.75
2024-05-31,801160.SI,0.0072666943177104315,0.8232758620689655,1.0,0.9310344827586207,0.8232758620689655,2,0.2,0.75
2024-05-31,801030.SI,-0.09062909155189103,0.743103448275862,1.0,0.7034482758620689,0.7858239143291058,3,0.2,0.75
2024-05-31,801010.SI,-0.1101346720396732,0.7491379310344828,1.0,0.8620689655172414,0.7491379310344828,4,0.2,0.75
2024-05-31,801170.SI,-0.043715390822828715,0.7336206896551724,1.0,0.8517241379310344,0.7336206896551724,5,0.2,0.75
2024-06-30,801160.SI,-0.008412531088893616,0.8232758620689656,1.0,0.9758620689655173,0.8682989295952739,1,0.2,0.75
2024-06-30,801170.SI,0.0049806979766824355,0.8189655172413793,1.0,0.8551724137931035,0.8639885847676876,2,0.2,0.75
2024-06-30,801880.SI,0.0024487807619886226,0.8301724137931035,1.0,0.7793103448275862,0.8301724137931035,3,0.2,0.75
2024-06-30,801080.SI,0.011281092113234248,0.8094827586206897,1.0,0.8896551724137931,0.8094827586206897,4,0.2,0.75
2024-06-30,801050.SI,-0.0357637216790081,0.7594827586206897,1.0,0.7000000000000001,0.804505826146998,5,0.2,0.75
2024-07-31,801080.SI,-0.05279259263567471,0.8646551724137932,1.0,0.9586206896551724,0.9040370212186414,1,0.2,0.75
2024-07-31,801880.SI,-0.05688525386792054,0.853448275862069,1.0,0.8137931034482759,0.8928301246669171,2,0.2,0.75
2024-07-31,801160.SI,-0.04675489703457936,0.8129310344827586,1.0,0.8344827586206897,0.8523128832876068,3,0.2,0.75
2024-07-31,801740.SI,-0.0890487152944085,0.846551724137931,1.0,0.9310344827586207,0.846551724137931,4,0.2,0.75
2024-07-31,801170.SI,-0.04824271437050909,0.753448275862069,1.0,0.8137931034482759,0.7928301246669172,5,0.2,0.75
2024-08-31,801960.SI,0.08130315698428725,0.828448275862069,1.0,0.9172413793103449,0.828448275862069,1,0.2,0.75
2024-08-31,801080.SI,0.1911641901019281,0.7681034482758622,1.0,0.8551724137931035,0.8049451447572444,2,0.2,0.75
2024-08-31,801770.SI,0.2459881602914391,0.803448275862069,1.0,0.7379310344827587,0.803448275862069,3,0.2,0.75
2024-08-31,801110.SI,0.21905641019778854,0.793103448275862,1.0,0.8068965517241379,0.793103448275862,4,0.2,0.75
2024-08-31,801880.SI,0.22464061069428398,0.7560344827586206,1.0,0.7275862068965517,0.7928761792400029,5,0.2,0.75
2024-09-30,801180.SI,0.030565982756551868,0.7844827586206896,1.0,1.0,0.7844827586206896,1,0.2,0.75
2024-09-30,801880.SI,0.014531661383161643,0.7241379310344828,1.0,0.6758620689655173,0.7580170376910108,2,0.2,0.75
2024-09-30,801730.SI,0.04343141236881731,0.7362068965517242,1.0,0.7965517241379311,0.7362068965517242,3,0.2,0.75
2024-09-30,801110.SI,-0.013522953974836605,0.6646551724137931,1.0,0.7103448275862069,0.6985342790703212,4,0.2,0.75
2024-09-30,801770.SI,0.06280631096524725,0.6620689655172415,1.0,0.6655172413793105,0.6959480721737695,5,0.2,0.75
2024-10-31,801770.SI,-0.019085019463281117,0.8137931034482759,1.0,0.7689655172413793,0.8592870378080322,1,0.2,0.75
2024-10-31,801180.SI,-0.005413788945392239,0.8008620689655173,1.0,0.8655172413793104,0.8463560033252735,2,0.2,0.75
2024-10-31,801080.SI,-0.00843030052335303,0.8344827586206895,1.0,0.9310344827586206,0.8344827586206895,3,0.2,0.75
2024-10-31,801730.SI,0.012136493753176936,0.7741379310344829,1.0,0.7655172413793104,0.8196318653942392,4,0.2,0.75
2024-10-31,801760.SI,0.06651086702500564,0.7862068965517242,1.0,0.7862068965517242,0.7862068965517242,5,0.2,0.75
2024-11-30,801230.SI,-0.018238053841235113,0.8732758620689656,1.0,0.9655172413793104,0.8732758620689656,1,0.2,0.75
2024-11-30,801760.SI,-0.058389575481345046,0.8206896551724139,1.0,0.8862068965517241,0.8641598010189815,2,0.2,0.75
2024-11-30,801730.SI,-0.059973329914769336,0.7931034482758621,1.0,0.7241379310344828,0.8365735941224297,3,0.2,0.75
2024-11-30,801750.SI,-0.07065273545815898,0.8224137931034483,1.0,0.9655172413793104,0.8224137931034483,4,0.2,0.75
2024-11-30,801200.SI,0.0007241000151971821,0.8112068965517241,1.0,0.9344827586206896,0.8112068965517241,5,0.2,0.75
2024-12-31,801080.SI,-0.0026600485080940928,0.8982758620689655,1.0,0.8931034482758621,0.8982758620689655,1,0.2,0.75
2024-12-31,801200.SI,-0.0761452154648753,0.8508620689655172,1.0,0.9344827586206896,0.8937339592994546,2,0.2,0.75
2024-12-31,801770.SI,-0.00848946037524212,0.8732758620689655,1.0,0.8689655172413793,0.8732758620689655,3,0.2,0.75
2024-12-31,801230.SI,-0.027673190704617934,0.7758620689655172,1.0,0.906896551724138,0.8187339592994547,4,0.2,0.75
2024-12-31,801880.SI,0.008353296304488111,0.7612068965517242,1.0,0.6931034482758621,0.7612068965517242,5,0.2,0.75
2025-01-31,801880.SI,0.09178464128764174,0.9043103448275862,1.0,0.8793103448275862,0.9499116629075891,1,0.2,0.75
2025-01-31,801890.SI,0.10708296629800018,0.9008620689655173,1.0,0.8793103448275863,0.9008620689655173,2,0.2,0.75
2025-01-31,801770.SI,0.03663637626035965,0.806896551724138,1.0,0.8137931034482758,0.8524978698041409,3,0.2,0.75
2025-01-31,801760.SI,0.060991026141240745,0.8275862068965518,1.0,0.8310344827586207,0.8275862068965518,4,0.2,0.75
2025-01-31,801230.SI,0.028378002062212637,0.7810344827586208,1.0,0.8862068965517241,0.8266358008386236,5,0.2,0.75
2025-02-28,801890.SI,-0.010485306425565666,0.9465517241379311,1.0,0.9448275862068966,0.9956099517795564,1,0.2,0.75
2025-02-28,801880.SI,0.011936814255699923,0.9258620689655173,1.0,0.9241379310344828,0.9749202966071425,2,0.2,0.75
2025-02-28,801750.SI,-0.054254801556916865,0.8499999999999999,1.0,0.9310344827586206,0.8499999999999999,3,0.2,0.75
2025-02-28,801080.SI,-0.043718825976890585,0.8482758620689654,1.0,0.9241379310344827,0.8482758620689654,4,0.2,0.75
2025-02-28,801770.SI,-0.038438919201489785,0.7939655172413793,1.0,0.7862068965517242,0.8430237448830046,5,0.2,0.75
2025-03-31,801880.SI,-0.0392538469497038,0.7999999999999999,1.0,0.8758620689655172,0.8348440128553934,1,0.2,0.75
2025-03-31,801890.SI,-0.04643003925259237,0.7456896551724137,1.0,0.8206896551724138,0.7805336680278072,2,0.2,0.75
2025-03-31,801110.SI,-0.0565089459069652,0.7310344827586207,1.0,0.7931034482758621,0.7310344827586207,3,0.2,0.75
2025-03-31,801760.SI,-0.022250040982995656,0.7172413793103448,1.0,0.696551724137931,0.7172413793103448,4,0.2,0.75
2025-03-31,801210.SI,-0.04038192011212338,0.7051724137931035,1.0,0.7758620689655172,0.7051724137931035,5,0.2,0.75
2025-04-30,801980.SI,0.025482517363836443,0.8982758620689656,1.0,0.9379310344827587,0.8982758620689656,1,0.2,0.75
2025-04-30,801880.SI,0.014383715143065912,0.7706896551724138,1.0,0.8586206896551725,0.8067314144019159,2,0.2,0.75
2025-04-30,801760.SI,0.02203999512254584,0.7405172413793103,1.0,0.6862068965517241,0.7765590006088123,3,0.2,0.75
2025-04-30,801890.SI,0.007882967293805887,0.6715517241379311,1.0,0.7517241379310345,0.7075934833674331,4,0.2,0.75
2025-04-30,801200.SI,0.016551460211916336,0.7025862068965518,1.0,0.706896551724138,0.7025862068965518,5,0.2,0.75
2025-05-31,801970.SI,0.01075881803904477,0.8698275862068965,1.0,0.893103448275862,0.8698275862068965,1,0.2,0.75
2025-05-31,801980.SI,-0.03610926076864818,0.7706896551724137,1.0,0.8931034482758621,0.8066986144788313,2,0.2,0.75
2025-05-31,801010.SI,0.005139202407825394,0.7620689655172413,1.0,0.8172413793103448,0.7620689655172413,3,0.2,0.75
2025-05-31,801130.SI,0.019381147488011896,0.7577586206896553,1.0,0.8241379310344829,0.7577586206896553,4,0.2,0.75
2025-05-31,801150.SI,0.00704698204487153,0.7318965517241379,1.0,0.8137931034482759,0.7318965517241379,5,0.2,0.75
2025-06-30,801760.SI,0.0317663406111135,0.8870689655172413,1.0,0.9172413793103448,0.8870689655172413,1,0.2,0.75
2025-06-30,801740.SI,0.030786403571942955,0.8836206896551725,1.0,0.9827586206896552,0.8836206896551725,2,0.2,0.75
2025-06-30,801770.SI,0.10754203234886917,0.8543103448275862,1.0,0.9517241379310344,0.8543103448275862,3,0.2,0.75
2025-06-30,801230.SI,0.09520628086436123,0.7336206896551725,1.0,0.7517241379310345,0.7336206896551725,4,0.2,0.75
2025-06-30,801140.SI,0.0093397988641295,0.7051724137931035,1.0,0.6931034482758621,0.7051724137931035,5,0.2,0.75
2025-07-31,801230.SI,0.21895334125180765,0.8775862068965516,1.0,0.8931034482758621,0.9207518270831629,1,0.2,0.75
2025-07-31,801770.SI,0.34408831632455095,0.8129310344827587,1.0,0.9586206896551724,0.85609665466937,2,0.2,0.75
2025-07-31,801150.SI,0.026063086161909332,0.7724137931034483,1.0,0.9586206896551724,0.7724137931034483,3,0.2,0.75
2025-07-31,801040.SI,0.0077130052078921985,0.7637931034482758,1.0,0.8724137931034481,0.7637931034482758,4,0.2,0.75
2025-07-31,801760.SI,0.10703237506000307,0.6706896551724139,1.0,0.7344827586206897,0.7138552753590252,5,0.2,0.75
2025-08-31,801770.SI,-0.001462039555490513,0.8336206896551724,1.0,1.0,0.8788633680577633,1,0.2,0.75
2025-08-31,801230.SI,-0.005507584844609337,0.8146551724137931,1.0,0.9310344827586207,0.8598978508163839,2,0.2,0.75
2025-08-31,801760.SI,0.05345506666827271,0.8043103448275862,1.0,0.7620689655172415,0.8495530232301771,3,0.2,0.75
2025-08-31,801080.SI,0.1096328285282806,0.828448275862069,1.0,0.9344827586206897,0.828448275862069,4,0.2,0.75
2025-08-31,801730.SI,0.21169681321469147,0.7603448275862069,1.0,0.7551724137931034,0.7603448275862069,5,0.2,0.75
2025-09-30,801730.SI,0.009846182745308463,0.8612068965517241,1.0,0.9344827586206896,0.9081924457977213,1,0.2,0.75
2025-09-30,801760.SI,-0.060358331141880384,0.8456896551724138,1.0,0.8172413793103449,0.892675204418411,2,0.2,0.75
2025-09-30,801050.SI,0.050026957904195646,0.8698275862068966,1.0,0.9310344827586208,0.8698275862068966,3,0.2,0.75
2025-09-30,801080.SI,-0.03527200256320562,0.8051724137931036,1.0,0.9482758620689656,0.8521579630391007,4,0.2,0.75
2025-09-30,801890.SI,-0.016308728696453167,0.8344827586206895,1.0,0.8172413793103448,0.8344827586206895,5,0.2,0.75
2025-10-31,801050.SI,-0.02616462397486885,0.8612068965517242,1.0,0.9586206896551724,0.8947381974505773,1,0.2,0.75
2025-10-31,801730.SI,-0.034849339169490845,0.7025862068965517,1.0,0.896551724137931,0.7361175077954047,2,0.2,0.75
2025-10-31,801230.SI,0.04066367541360094,0.7336206896551725,1.0,0.7793103448275862,0.7336206896551725,3,0.2,0.75
2025-10-31,801890.SI,-0.03395328192296254,0.6922413793103448,1.0,0.7241379310344828,0.7257726802091978,4,0.2,0.75
2025-10-31,801030.SI,0.012289087300148438,0.7129310344827586,1.0,0.6758620689655173,0.7129310344827586,5,0.2,0.75
2025-11-30,801230.SI,0.002074042287985245,0.881896551724138,1.0,0.8827586206896552,0.9201754647521452,1,0.2,0.75
2025-11-30,801030.SI,0.04427253750877713,0.7913793103448276,1.0,0.7275862068965517,0.8296582233728348,2,0.2,0.75
2025-11-30,801050.SI,0.1368121200977741,0.7603448275862069,1.0,0.8482758620689655,0.7986237406142142,3,0.2,0.75
2025-11-30,801770.SI,0.12058205282797507,0.7396551724137932,1.0,0.7137931034482758,0.7396551724137932,4,0.2,0.75
2025-11-30,801140.SI,0.037567808274633574,0.7241379310344828,1.0,0.7344827586206897,0.7241379310344828,5,0.2,0.75
2025-12-31,801050.SI,0.22594037763763009,0.8543103448275863,1.0,0.9827586206896552,0.8984120126972257,1,0.2,0.75
2025-12-31,801770.SI,0.06807136936701119,0.8086206896551724,1.0,0.9517241379310345,0.8527223575248117,2,0.2,0.75
2025-12-31,801030.SI,0.1272116622716637,0.7922413793103448,1.0,0.7758620689655172,0.8363430471799842,3,0.2,0.75
2025-12-31,801740.SI,0.0408692974130096,0.8310344827586207,1.0,0.8551724137931034,0.8310344827586207,4,0.2,0.75
2025-12-31,801230.SI,0.09971528199063018,0.7224137931034482,1.0,0.7,0.7665154609730875,5,0.2,0.75
2026-01-31,801230.SI,0.18404702783551108,0.8301724137931034,1.0,0.796551724137931,0.8774638142642119,1,0.2,0.75
2026-01-31,801050.SI,0.021361157809675957,0.8224137931034483,1.0,1.0,0.8697051935745569,2,0.2,0.75
2026-01-31,801770.SI,0.0022794355903728025,0.7646551724137932,1.0,0.8862068965517242,0.8119465728849018,3,0.2,0.75
2026-01-31,801080.SI,0.02092811018806029,0.8077586206896552,1.0,0.7724137931034483,0.8077586206896552,4,0.2,0.75
2026-01-31,801030.SI,0.05733280931800433,0.7594827586206896,1.0,0.8517241379310344,0.8067741590917982,5,0.2,0.75
2026-02-28,801230.SI,-0.12703707401295505,0.8663793103448276,1.0,0.9551724137931035,0.9127149243861719,1,0.2,0.75
2026-02-28,801740.SI,-0.1593501008401842,0.8543103448275862,1.0,0.8344827586206897,0.8543103448275862,2,0.2,0.75
2026-02-28,801890.SI,-0.12893440751492213,0.8474137931034483,1.0,0.7965517241379311,0.8474137931034483,3,0.2,0.75
2026-02-28,801030.SI,-0.10300929923740887,0.7318965517241378,1.0,0.8241379310344826,0.778232165765482,4,0.2,0.75
2026-02-28,801710.SI,-0.11717928546321343,0.7698275862068966,1.0,0.8551724137931035,0.7698275862068966,5,0.2,0.75
2026-03-31,801770.SI,0.22230075500117508,0.8293103448275861,1.0,0.8448275862068966,0.8293103448275861,1,0.2,0.75
2026-03-31,801030.SI,0.06737791963854023,0.7629310344827585,1.0,0.7586206896551724,0.7979888927002251,2,0.2,0.75
2026-03-31,801950.SI,0.05469170401843915,0.7560344827586206,1.0,0.9620689655172414,0.7560344827586206,3,0.2,0.75
2026-03-31,801710.SI,0.10369320874980392,0.7181034482758621,1.0,0.7448275862068966,0.7531613064933288,4,0.2,0.75
2026-03-31,801730.SI,0.08975605046642743,0.7422413793103448,1.0,0.7517241379310345,0.7422413793103448,5,0.2,0.75
2026-04-30,801770.SI,0.20397336121656995,0.8612068965517242,1.0,0.9931034482758622,0.9053249791809619,1,0.2,0.75
2026-04-30,801080.SI,0.17884763136832227,0.893103448275862,1.0,0.9068965517241379,0.893103448275862,2,0.2,0.75
2026-04-30,801710.SI,0.061777231534217325,0.8086206896551724,1.0,0.7999999999999999,0.8527387722844101,3,0.2,0.75
2026-04-30,801230.SI,-0.07395424500631975,0.8198275862068967,1.0,0.9482758620689656,0.8198275862068967,4,0.2,0.75
2026-04-30,801030.SI,-0.08925246475979731,0.7517241379310344,1.0,0.6965517241379311,0.7958422205602721,5,0.2,0.75
2026-05-31,801080.SI,0.27730253763242896,0.843103448275862,1.0,0.9655172413793104,0.8802056787391478,1,0.2,0.75
2026-05-31,801770.SI,0.11332148165418365,0.8336206896551724,1.0,1.0,0.8707229201184582,2,0.2,0.75
2026-05-31,801710.SI,0.15370404961971862,0.7887931034482758,1.0,0.8724137931034482,0.8258953339115616,3,0.2,0.75
2026-05-31,801730.SI,-0.05735535951947934,0.7689655172413794,1.0,0.8310344827586207,0.7689655172413794,4,0.2,0.75
2026-05-31,801890.SI,0.06622050587355188,0.7663793103448275,1.0,0.8379310344827586,0.7663793103448275,5,0.2,0.75
2026-06-30,801080.SI,-0.3471672337058811,0.8663793103448276,1.0,1.0,0.9078489623410889,1,0.2,0.75
2026-06-30,801890.SI,-0.22057033196673126,0.8413793103448276,1.0,0.896551724137931,0.8828489623410889,2,0.2,0.75
2026-06-30,801770.SI,-0.318992497657154,0.8267241379310345,1.0,0.9586206896551724,0.8681937899272958,3,0.2,0.75
2026-06-30,801710.SI,-0.2789711279932381,0.8077586206896551,1.0,0.9379310344827586,0.8492282726859164,4,0.2,0.75
2026-06-30,801030.SI,-0.13698003545987691,0.732758620689655,1.0,0.8517241379310344,0.732758620689655,5,0.2,0.75
2026-07-31,801950.SI,0.12215506539430954,0.7482758620689656,1.0,0.9103448275862069,0.7482758620689656,1,0.2,0.75
2026-07-31,801110.SI,-0.003714436579160152,0.728448275862069,1.0,0.8931034482758621,0.728448275862069,2,0.2,0.75
2026-07-31,801160.SI,-0.021526996513232977,0.703448275862069,1.0,0.8586206896551725,0.703448275862069,3,0.2,0.75
2026-07-31,801170.SI,-0.0038055270750375625,0.6931034482758621,1.0,0.8517241379310345,0.6931034482758621,4,0.2,0.75
2026-07-31,801080.SI,0.12417135458747142,0.6581896551724138,1.0,0.7965517241379311,0.6822778229998943,5,0.2,0.75
2026-08-31,801960.SI,,0.8491379310344827,1.0,0.8793103448275862,0.8491379310344827,1,0.2,0.75
2026-08-31,801950.SI,,0.7896551724137931,1.0,0.9724137931034483,0.820774480408176,2,0.2,0.75
2026-08-31,801030.SI,,0.7465517241379311,1.0,0.7137931034482758,0.7465517241379311,3,0.2,0.75
2026-08-31,801080.SI,,0.6879310344827587,1.0,0.7482758620689656,0.7190503424771416,4,0.2,0.75
2026-08-31,801110.SI,,0.6741379310344827,1.0,0.7344827586206896,0.7052572390288656,5,0.2,0.75
2019-01-31,801110.SI,0.10322283560272227,0.9310344827586208,1.0,0.9310344827586208,0.9310344827586208,1,0.2,1.0
2019-01-31,801120.SI,0.12600095208191964,0.9310344827586208,1.0,0.9310344827586208,0.9310344827586208,2,0.2,1.0
2019-01-31,801010.SI,0.21977167902555883,0.9172413793103448,1.0,0.9172413793103448,0.9172413793103448,3,0.2,1.0
2019-01-31,801730.SI,0.17077446943734476,0.8862068965517241,1.0,0.8862068965517241,0.8862068965517241,4,0.2,1.0
2019-01-31,801180.SI,0.13690504045078056,0.8689655172413794,1.0,0.8689655172413794,0.8689655172413794,5,0.2,1.0
2019-02-28,801770.SI,0.05643870648407856,0.9758620689655173,1.0,0.9758620689655173,0.9758620689655173,1,0.2,1.0
2019-02-28,801010.SI,0.17539736425201502,0.9275862068965517,1.0,0.9275862068965517,0.974746433478839,2,0.2,1.0
2019-02-28,801750.SI,0.1496025698600958,0.8310344827586207,1.0,0.8310344827586207,0.8310344827586207,3,0.2,1.0
2019-02-28,801730.SI,0.07486616000898505,0.7655172413793103,1.0,0.7655172413793103,0.8126774679615977,4,0.2,1.0
2019-02-28,801740.SI,0.10793159048499001,0.789655172413793,1.0,0.789655172413793,0.789655172413793,5,0.2,1.0
2019-03-31,801010.SI,0.05821731145210007,0.9827586206896552,1.0,0.9827586206896552,1.0363555853299338,1,0.2,1.0
2019-03-31,801750.SI,-0.07320660468988494,0.9551724137931035,1.0,0.9551724137931035,1.008769378433382,2,0.2,1.0
2019-03-31,801230.SI,-0.05190958828797665,0.8413793103448276,1.0,0.8413793103448276,0.8413793103448276,3,0.2,1.0
2019-03-31,801120.SI,0.06350158473392353,0.8344827586206897,1.0,0.8344827586206897,0.8344827586206897,4,0.2,1.0
2019-03-31,801740.SI,-0.07316714223810183,0.7724137931034483,1.0,0.7724137931034483,0.8260107577437268,5,0.2,1.0
2019-04-30,801010.SI,-0.017263242757527997,0.9931034482758622,1.0,0.9931034482758622,1.04084610535074,1,0.2,1.0
2019-04-30,801120.SI,-0.04343478450722671,0.9724137931034482,1.0,0.9724137931034482,1.0201564501783262,2,0.2,1.0
2019-04-30,801770.SI,-0.08837692568985156,0.8172413793103448,1.0,0.8172413793103448,0.8172413793103448,3,0.2,1.0
2019-04-30,801230.SI,-0.06322075589932563,0.7655172413793104,1.0,0.7655172413793104,0.8132598984541883,4,0.2,1.0
2019-04-30,801750.SI,-0.05641225259753868,0.7379310344827585,1.0,0.7379310344827585,0.7856736915576364,5,0.2,1.0
2019-05-31,801010.SI,-0.08030968535830874,0.9862068965517242,1.0,0.9862068965517242,1.0386375394227936,1,0.2,1.0
2019-05-31,801120.SI,0.10231455486929941,0.9448275862068966,1.0,0.9448275862068966,0.9972582290779659,2,0.2,1.0
2019-05-31,801110.SI,0.03969926048158512,0.8689655172413793,1.0,0.8689655172413793,0.8689655172413793,3,0.2,1.0
2019-05-31,801710.SI,0.033276038695818855,0.8586206896551724,1.0,0.8586206896551724,0.8586206896551724,4,0.2,1.0
2019-05-31,801750.SI,0.02264755204811708,0.7655172413793103,1.0,0.7655172413793103,0.8179478842503797,5,0.2,1.0
2019-06-30,801120.SI,-0.0273049532804458,1.0,1.0,1.0,1.0503131015495155,1,0.2,1.0
2019-06-30,801110.SI,0.009354415052569953,0.9413793103448277,1.0,0.9413793103448277,0.9916924118943431,2,0.2,1.0
2019-06-30,801710.SI,-0.036932688863697605,0.8310344827586206,1.0,0.8310344827586206,0.881347584308136,3,0.2,1.0
2019-06-30,801210.SI,0.010552112008306747,0.8793103448275862,1.0,0.8793103448275862,0.8793103448275862,4,0.2,1.0
2019-06-30,801050.SI,-0.05644506126870219,0.7551724137931034,1.0,0.7551724137931034,0.7551724137931034,5,0.2,1.0
2019-07-31,801210.SI,0.019537522218624703,0.9413793103448277,1.0,0.9413793103448277,0.9938724444862155,1,0.2,1.0
2019-07-31,801740.SI,0.045589252619801846,0.9344827586206897,1.0,0.9344827586206897,0.9344827586206897,2,0.2,1.0
2019-07-31,801080.SI,0.043762776642076284,0.9103448275862069,1.0,0.9103448275862069,0.9103448275862069,3,0.2,1.0
2019-07-31,801010.SI,0.0082519634131204,0.8793103448275861,1.0,0.8793103448275861,0.8793103448275861,4,0.2,1.0
2019-07-31,801120.SI,0.08993278208922595,0.8241379310344829,1.0,0.8241379310344829,0.8766310651758706,5,0.2,1.0
2019-08-31,801120.SI,-0.022492267448938508,1.0,1.0,1.0,1.0551360717746152,1,0.2,1.0
2019-08-31,801740.SI,-0.06933927973404552,0.903448275862069,1.0,0.903448275862069,0.9585843476366842,2,0.2,1.0
2019-08-31,801080.SI,0.07625930932689018,0.9,1.0,0.9,0.9551360717746152,3,0.2,1.0
2019-08-31,801210.SI,-0.013931218860128713,0.8965517241379309,1.0,0.8965517241379309,0.9516877959125462,4,0.2,1.0
2019-08-31,801150.SI,-0.001259627674722097,0.8724137931034482,1.0,0.8724137931034482,0.8724137931034482,5,0.2,1.0
2019-09-30,801080.SI,0.0017934026518622304,0.9896551724137932,1.0,0.9896551724137932,1.0357954817621715,1,0.2,1.0
2019-09-30,801750.SI,0.011420690404853717,0.8793103448275862,1.0,0.8793103448275862,0.8793103448275862,2,0.2,1.0
2019-09-30,801150.SI,0.046662352095528714,0.8310344827586207,1.0,0.8310344827586207,0.8771747921069991,3,0.2,1.0
2019-09-30,801980.SI,0.024409586663207472,0.8206896551724139,1.0,0.8206896551724139,0.8206896551724139,4,0.2,1.0
2019-09-30,801120.SI,0.016584859040020383,0.7586206896551724,1.0,0.7586206896551724,0.8047609990035508,5,0.2,1.0
2019-10-31,801150.SI,-0.026464137330702853,0.9379310344827586,1.0,0.9379310344827586,0.9909361894990204,1,0.2,1.0
2019-10-31,801080.SI,0.035991417608382203,0.9172413793103449,1.0,0.9172413793103449,0.9702465343266067,2,0.2,1.0
2019-10-31,801120.SI,-0.025714233303109513,0.906896551724138,1.0,0.906896551724138,0.9599017067403998,3,0.2,1.0
2019-10-31,801980.SI,-0.05938355741316481,0.8896551724137931,1.0,0.8896551724137931,0.9426603274300549,4,0.2,1.0
2019-10-31,801750.SI,-0.028640200622467193,0.8448275862068966,1.0,0.8448275862068966,0.8978327412231584,5,0.2,1.0
2019-11-30,801080.SI,0.10540476152661094,0.9931034482758622,1.0,0.9931034482758622,1.0411666675011344,1,0.2,1.0
2019-11-30,801710.SI,0.14377078351474704,0.9310344827586208,1.0,0.9310344827586208,0.9310344827586208,2,0.2,1.0
2019-11-30,801110.SI,0.10758594375108554,0.8586206896551725,1.0,0.8586206896551725,0.8586206896551725,3,0.2,1.0
2019-11-30,801760.SI,0.11804254199953967,0.7862068965517242,1.0,0.7862068965517242,0.7862068965517242,4,0.2,1.0
2019-11-30,801150.SI,0.040323661745623296,0.7275862068965517,1.0,0.7275862068965517,0.7756494261218241,5,0.2,1.0
2019-12-31,801710.SI,-0.058900707929026686,0.9827586206896552,1.0,0.9827586206896552,1.0358726238630827,1,0.2,1.0
2019-12-31,801080.SI,0.13541169776837791,0.9551724137931035,1.0,0.9551724137931035,1.0082864169665309,2,0.2,1.0
2019-12-31,801110.SI,-0.026310377096551818,0.9241379310344827,1.0,0.9241379310344827,0.97725193420791,3,0.2,1.0
2019-12-31,801760.SI,0.02571491582739105,0.8931034482758621,1.0,0.8931034482758621,0.9462174514492894,4,0.2,1.0
2019-12-31,801180.SI,-0.06589924772441891,0.7620689655172413,1.0,0.7620689655172413,0.7620689655172413,5,0.2,1.0
2020-01-31,801080.SI,0.054112537678331574,1.0,1.0,1.0,1.054418806389646,1,0.2,1.0
2020-01-31,801760.SI,0.01796055272060082,0.8931034482758621,1.0,0.8931034482758621,0.9475222546655082,2,0.2,1.0
2020-01-31,801730.SI,0.016738125390988845,0.9172413793103449,1.0,0.9172413793103449,0.9172413793103449,3,0.2,1.0
2020-01-31,801750.SI,0.1061495695162249,0.8965517241379312,1.0,0.8965517241379312,0.8965517241379312,4,0.2,1.0
2020-01-31,801050.SI,-0.024439066654715957,0.7931034482758621,1.0,0.7931034482758621,0.7931034482758621,5,0.2,1.0
2020-02-29,801080.SI,-0.20437596938310032,0.9724137931034483,1.0,0.9724137931034483,1.0284276961071628,1,0.2,1.0
2020-02-29,801750.SI,-0.12811190368838843,0.9655172413793104,1.0,0.9655172413793104,1.0215311443830248,2,0.2,1.0
2020-02-29,801770.SI,-0.07935396231061986,0.9344827586206896,1.0,0.9344827586206896,0.9344827586206896,3,0.2,1.0
2020-02-29,801760.SI,-0.10828393201627773,0.8448275862068966,1.0,0.8448275862068966,0.900841489210611,4,0.2,1.0
2020-02-29,801710.SI,0.0062994844592314525,0.8551724137931035,1.0,0.8551724137931035,0.8551724137931035,5,0.2,1.0
2020-03-31,801010.SI,-0.00315738574733071,0.9896551724137932,1.0,0.9896551724137932,0.9896551724137932,1,0.2,1.0
2020-03-31,801150.SI,0.05433009883551154,0.9344827586206897,1.0,0.9344827586206897,0.9344827586206897,2,0.2,1.0
2020-03-31,801710.SI,0.08592362240704676,0.8793103448275862,1.0,0.8793103448275862,0.9287821600985069,3,0.2,1.0
2020-03-31,801980.SI,0.09464844806169359,0.8931034482758621,1.0,0.8931034482758621,0.8931034482758621,4,0.2,1.0
2020-03-31,801770.SI,0.01854622972747033,0.7413793103448276,1.0,0.7413793103448276,0.7908511256157483,5,0.2,1.0
2020-04-30,801710.SI,-0.016152427675268255,0.9482758620689655,1.0,0.9482758620689655,0.9974784381614795,1,0.2,1.0
2020-04-30,801980.SI,0.16822384741776464,0.8931034482758621,1.0,0.8931034482758621,0.9423060243683761,2,0.2,1.0
2020-04-30,801150.SI,0.0502430319882643,0.8206896551724138,1.0,0.8206896551724138,0.8698922312649278,3,0.2,1.0
2020-04-30,801730.SI,-0.007351070865340703,0.8275862068965517,1.0,0.8275862068965517,0.8275862068965517,4,0.2,1.0
2020-04-30,801120.SI,0.090723237518892,0.8172413793103448,1.0,0.8172413793103448,0.8172413793103448,5,0.2,1.0
2020-05-31,801980.SI,0.12149584258352752,1.0,1.0,1.0,1.0483588308848095,1,0.2,1.0
2020-05-31,801120.SI,0.08590427610232187,0.9448275862068966,1.0,0.9448275862068966,0.9931864170917061,2,0.2,1.0
2020-05-31,801150.SI,0.1687925741774423,0.8793103448275862,1.0,0.8793103448275862,0.9276691757123957,3,0.2,1.0
2020-05-31,801210.SI,0.253584078259403,0.8620689655172414,1.0,0.8620689655172414,0.8620689655172414,4,0.2,1.0
2020-05-31,801200.SI,0.09071600262218671,0.8310344827586207,1.0,0.8310344827586207,0.8310344827586207,5,0.2,1.0
2020-06-30,801210.SI,0.4138692678551408,0.9793103448275862,1.0,0.9793103448275862,1.0346137607295878,1,0.2,1.0
2020-06-30,801980.SI,0.07610780504598424,0.9551724137931035,1.0,0.9551724137931035,1.010475829695105,2,0.2,1.0
2020-06-30,801150.SI,0.15620086561246138,0.9241379310344828,1.0,0.9241379310344828,0.9794413469364844,3,0.2,1.0
2020-06-30,801080.SI,0.10812694909894205,0.9275862068965518,1.0,0.9275862068965518,0.9275862068965518,4,0.2,1.0
2020-06-30,801120.SI,0.17286250878024578,0.8344827586206895,1.0,0.8344827586206895,0.8897861745226912,5,0.2,1.0
2020-07-31,801210.SI,-0.08815456853172055,1.0,1.0,1.0,1.0531900643492098,1,0.2,1.0
2020-07-31,801150.SI,-0.027681337948046725,0.9068965517241381,1.0,0.9068965517241381,0.9600866160733479,2,0.2,1.0
2020-07-31,801120.SI,0.12040826126159776,0.8758620689655172,1.0,0.8758620689655172,0.929052133314727,3,0.2,1.0
2020-07-31,801980.SI,-0.021900525328234832,0.803448275862069,1.0,0.803448275862069,0.8566383402112788,4,0.2,1.0
2020-07-31,801730.SI,0.018053460140429856,0.8482758620689655,1.0,0.8482758620689655,0.8482758620689655,5,0.2,1.0
2020-08-31,801120.SI,-0.09181520053461079,0.9724137931034482,1.0,0.9724137931034482,1.0196736866385145,1,0.2,1.0
2020-08-31,801740.SI,-0.04815763135434503,0.9103448275862068,1.0,0.9103448275862068,0.9103448275862068,2,0.2,1.0
2020-08-31,801210.SI,0.03138340944536444,0.806896551724138,1.0,0.806896551724138,0.8541564452592044,3,0.2,1.0
2020-08-31,801730.SI,0.021636704705330523,0.7689655172413794,1.0,0.7689655172413794,0.8162254107764458,4,0.2,1.0
2020-08-31,801010.SI,-0.172885898651853,0.793103448275862,1.0,0.793103448275862,0.793103448275862,5,0.2,1.0
2020-09-30,801210.SI,-0.09195713520137616,1.0,1.0,1.0,1.0477632887050206,1,0.2,1.0
2020-09-30,801730.SI,0.064989036648045,0.9379310344827586,1.0,0.9379310344827586,0.9856943231877792,2,0.2,1.0
2020-09-30,801740.SI,-0.04202092660207213,0.896551724137931,1.0,0.896551724137931,0.9443150128429516,3,0.2,1.0
2020-09-30,801880.SI,0.11588264356820743,0.8517241379310345,1.0,0.8517241379310345,0.8517241379310345,4,0.2,1.0
2020-09-30,801120.SI,0.041639557579700615,0.7689655172413793,1.0,0.7689655172413793,0.8167288059463998,5,0.2,1.0
2020-10-31,801880.SI,0.08008455735505793,0.9689655172413794,1.0,0.9689655172413794,1.0184198181158106,1,0.2,1.0
2020-10-31,801730.SI,0.01567640880786869,0.9586206896551724,1.0,0.9586206896551724,1.0080749905296036,2,0.2,1.0
2020-10-31,801120.SI,0.02299268128675447,0.9172413793103448,1.0,0.9172413793103448,0.9666956801847759,3,0.2,1.0
2020-10-31,801110.SI,0.08752651737214667,0.8586206896551725,1.0,0.8586206896551725,0.8586206896551725,4,0.2,1.0
2020-10-31,801030.SI,0.07642140113972351,0.8068965517241379,1.0,0.8068965517241379,0.8068965517241379,5,0.2,1.0
2020-11-30,801880.SI,-0.004273727911804248,0.9586206896551724,1.0,0.9586206896551724,1.0118851120404129,1,0.2,1.0
2020-11-30,801110.SI,0.043044332153597376,0.8724137931034482,1.0,0.8724137931034482,0.9256782154886886,2,0.2,1.0
2020-11-30,801050.SI,0.06110876421849776,0.9068965517241379,1.0,0.9068965517241379,0.9068965517241379,3,0.2,1.0
2020-11-30,801950.SI,-1.1591918114728372e-05,0.8379310344827586,1.0,0.8379310344827586,0.8379310344827586,4,0.2,1.0
2020-11-30,801730.SI,0.19937051313788579,0.7724137931034483,1.0,0.7724137931034483,0.8256782154886886,5,0.2,1.0
2020-12-31,801730.SI,0.05746197802716235,0.9758620689655173,1.0,0.9758620689655173,1.0319111386849074,1,0.2,1.0
2020-12-31,801050.SI,0.03914447331913484,0.9137931034482759,1.0,0.9137931034482759,0.9698421731676659,2,0.2,1.0
2020-12-31,801120.SI,0.014308329380036122,0.9310344827586207,1.0,0.9310344827586207,0.9310344827586207,3,0.2,1.0
2020-12-31,801110.SI,-0.03096790137501093,0.8379310344827586,1.0,0.8379310344827586,0.8939801042021486,4,0.2,1.0
2020-12-31,801210.SI,0.01187183811129855,0.8689655172413793,1.0,0.8689655172413793,0.8689655172413793,5,0.2,1.0
2021-01-31,801730.SI,-0.060330030058499684,0.9689655172413794,1.0,0.9689655172413794,1.0246393471391415,1,0.2,1.0
2021-01-31,801050.SI,0.06679609551096566,0.9310344827586207,1.0,0.9310344827586207,0.9867083126563829,2,0.2,1.0
2021-01-31,801120.SI,-0.05046059382939616,0.8620689655172413,1.0,0.8620689655172413,0.9177427954150036,3,0.2,1.0
2021-01-31,801960.SI,0.08008338087900357,0.9172413793103449,1.0,0.9172413793103449,0.9172413793103449,4,0.2,1.0
2021-01-31,801030.SI,0.04289755719031918,0.8551724137931035,1.0,0.8551724137931035,0.8551724137931035,5,0.2,1.0
2021-02-28,801050.SI,-0.10210012382181999,0.9137931034482759,1.0,0.9137931034482759,0.9610001313387185,1,0.2,1.0
2021-02-28,801210.SI,0.017528722241680228,0.9448275862068966,1.0,0.9448275862068966,0.9448275862068966,2,0.2,1.0
2021-02-28,801960.SI,-0.09131141881465288,0.8896551724137931,1.0,0.8896551724137931,0.9368622003042357,3,0.2,1.0
2021-02-28,801030.SI,-0.06490127575281246,0.8275862068965517,1.0,0.8275862068965517,0.8747932347869943,4,0.2,1.0
2021-02-28,801730.SI,-0.046533269079661155,0.7896551724137931,1.0,0.7896551724137931,0.8368622003042357,5,0.2,1.0
2021-03-31,801040.SI,0.08850467217486058,0.9758620689655173,1.0,0.9758620689655173,0.9758620689655173,1,0.2,1.0
2021-03-31,801210.SI,0.013222545914387762,0.8724137931034484,1.0,0.8724137931034484,0.9205956156557417,2,0.2,1.0
2021-03-31,801160.SI,-0.08974721052938306,0.8896551724137931,1.0,0.8896551724137931,0.8896551724137931,3,0.2,1.0
2021-03-31,801970.SI,-0.0811094139857883,0.7827586206896552,1.0,0.7827586206896552,0.7827586206896552,4,0.2,1.0
2021-03-31,801950.SI,0.05932698893535515,0.7724137931034484,1.0,0.7724137931034484,0.7724137931034484,5,0.2,1.0
2021-04-30,801040.SI,-0.008843745118366275,0.9689655172413794,1.0,0.9689655172413794,1.0161941300933486,1,0.2,1.0
2021-04-30,801980.SI,0.05741491073801264,0.9517241379310344,1.0,0.9517241379310344,0.9517241379310344,2,0.2,1.0
2021-04-30,801950.SI,0.038825662995768395,0.8758620689655171,1.0,0.8758620689655171,0.9230906818174862,3,0.2,1.0
2021-04-30,801210.SI,0.033481929687072975,0.8413793103448275,1.0,0.8413793103448275,0.8886079231967966,4,0.2,1.0
2021-04-30,801050.SI,0.08420780156211327,0.7586206896551725,1.0,0.7586206896551725,0.7586206896551725,5,0.2,1.0
2021-05-31,801980.SI,-0.006348677460830232,0.9448275862068967,1.0,0.9448275862068967,0.9931389735579472,1,0.2,1.0
2021-05-31,801120.SI,-0.05664675830488308,0.8758620689655173,1.0,0.8758620689655173,0.8758620689655173,2,0.2,1.0
2021-05-31,801950.SI,0.02530601504900787,0.8241379310344827,1.0,0.8241379310344827,0.8724493183855333,3,0.2,1.0
2021-05-31,801730.SI,0.1354585982163523,0.8310344827586207,1.0,0.8310344827586207,0.8310344827586207,4,0.2,1.0
2021-05-31,801050.SI,-0.0438692827825885,0.7551724137931034,1.0,0.7551724137931034,0.803483801144154,5,0.2,1.0
2021-06-30,801730.SI,0.10720279653671394,0.9896551724137932,1.0,0.9896551724137932,1.0415164028860004,1,0.2,1.0
2021-06-30,801980.SI,-0.19894551479092637,0.8793103448275862,1.0,0.8793103448275862,0.9311715752997933,2,0.2,1.0
2021-06-30,801080.SI,0.040063917919116676,0.8758620689655173,1.0,0.8758620689655173,0.8758620689655173,3,0.2,1.0
2021-06-30,801230.SI,-0.03898725927395219,0.8758620689655172,1.0,0.8758620689655172,0.8758620689655172,4,0.2,1.0
2021-06-30,801030.SI,0.05127979514253167,0.8551724137931035,1.0,0.8551724137931035,0.8551724137931035,5,0.2,1.0
2021-07-31,801730.SI,0.053703526869399054,0.9655172413793104,1.0,0.9655172413793104,1.0217708108072323,1,0.2,1.0
2021-07-31,801050.SI,0.1799989092421279,0.9724137931034482,1.0,0.9724137931034482,0.9724137931034482,2,0.2,1.0
2021-07-31,801030.SI,0.12462121537286142,0.8862068965517241,1.0,0.8862068965517241,0.9424604659796461,3,0.2,1.0
2021-07-31,801080.SI,-0.06966802266453576,0.8689655172413793,1.0,0.8689655172413793,0.9252190866693012,4,0.2,1.0
2021-07-31,801040.SI,0.175641853457553,0.906896551724138,1.0,0.906896551724138,0.906896551724138,5,0.2,1.0
2021-08-31,801050.SI,-0.18111045955728355,0.9724137931034483,1.0,0.9724137931034483,1.0284261798041017,1,0.2,1.0
2021-08-31,801040.SI,-0.13403809035605752,0.9689655172413794,1.0,0.9689655172413794,1.0249779039420326,2,0.2,1.0
2021-08-31,801950.SI,0.0487915333122757,0.9551724137931035,1.0,0.9551724137931035,0.9551724137931035,3,0.2,1.0
2021-08-31,801030.SI,-0.03830865613425105,0.8517241379310344,1.0,0.8517241379310344,0.9077365246316876,4,0.2,1.0
2021-08-31,801730.SI,-0.03014095661083649,0.8206896551724138,1.0,0.8206896551724138,0.876702041873067,5,0.2,1.0
2021-09-30,801950.SI,-0.1528890533832622,0.9517241379310345,1.0,0.9517241379310345,0.993880632515758,1,0.2,1.0
2021-09-30,801160.SI,-0.0781923287006131,0.9103448275862069,1.0,0.9103448275862069,0.9103448275862069,2,0.2,1.0
2021-09-30,801960.SI,-0.09147730679297317,0.8517241379310344,1.0,0.8517241379310344,0.8517241379310344,3,0.2,1.0
2021-09-30,801050.SI,-0.006222573408023124,0.7517241379310344,1.0,0.7517241379310344,0.7938806325157579,4,0.2,1.0
2021-09-30,801730.SI,0.11700718983573899,0.7517241379310344,1.0,0.7517241379310344,0.7938806325157579,5,0.2,1.0
2021-10-31,801730.SI,0.03347142223022748,0.9827586206896552,1.0,0.9827586206896552,1.0249561952421635,1,0.2,1.0
2021-10-31,801740.SI,0.12984384364010548,0.8655172413793104,1.0,0.8655172413793104,0.8655172413793104,2,0.2,1.0
2021-10-31,801880.SI,0.05222065826120814,0.8310344827586207,1.0,0.8310344827586207,0.8310344827586207,3,0.2,1.0
2021-10-31,801160.SI,-0.007188767910195848,0.7793103448275862,1.0,0.7793103448275862,0.8215079193800945,4,0.2,1.0
2021-10-31,801950.SI,-0.04184496502567925,0.7206896551724138,1.0,0.7206896551724138,0.7628872297249221,5,0.2,1.0
2021-11-30,801730.SI,-0.08579218674913602,0.8827586206896552,1.0,0.8827586206896552,0.9265937891919191,1,0.2,1.0
2021-11-30,801740.SI,-0.010113090472377961,0.8517241379310345,1.0,0.8517241379310345,0.8955593064332985,2,0.2,1.0
2021-11-30,801770.SI,0.017856809047574584,0.8379310344827586,1.0,0.8379310344827586,0.8379310344827586,3,0.2,1.0
2021-11-30,801080.SI,0.011380518364018322,0.7999999999999999,1.0,0.7999999999999999,0.7999999999999999,4,0.2,1.0
2021-11-30,801880.SI,-0.04797536338719266,0.7517241379310345,1.0,0.7517241379310345,0.7955593064332985,5,0.2,1.0
2021-12-31,801760.SI,-0.14401347686745003,0.8758620689655172,1.0,0.8758620689655172,0.8758620689655172,1,0.2,1.0
2021-12-31,801740.SI,-0.17921938741981303,0.8172413793103448,1.0,0.8172413793103448,0.8541860098332998,2,0.2,1.0
2021-12-31,801770.SI,-0.08238254186160776,0.7689655172413793,1.0,0.7689655172413793,0.8059101477643343,3,0.2,1.0
2021-12-31,801140.SI,-0.09641593939373105,0.7758620689655172,1.0,0.7758620689655172,0.7758620689655172,4,0.2,1.0
2021-12-31,801720.SI,-0.028850148069733517,0.7137931034482758,1.0,0.7137931034482758,0.7137931034482758,5,0.2,1.0
2022-01-31,801720.SI,0.040313307760944106,0.9275862068965518,1.0,0.9275862068965518,0.9777217459671598,1,0.2,1.0
2022-01-31,801180.SI,-0.007794143275222765,0.9482758620689655,1.0,0.9482758620689655,0.9482758620689655,2,0.2,1.0
2022-01-31,801170.SI,0.02799470131836257,0.8758620689655173,1.0,0.8758620689655173,0.8758620689655173,3,0.2,1.0
2022-01-31,801010.SI,0.0075964418446730075,0.8620689655172414,1.0,0.8620689655172414,0.8620689655172414,4,0.2,1.0
2022-01-31,801140.SI,0.008794987769945584,0.7689655172413793,1.0,0.7689655172413793,0.8191010563119873,5,0.2,1.0
2022-02-28,801950.SI,0.10806937509144587,0.9,1.0,0.9,0.9,1,0.2,1.0
2022-02-28,801720.SI,-0.019815462427106634,0.8551724137931035,1.0,0.8551724137931035,0.8986847600160283,2,0.2,1.0
2022-02-28,801960.SI,-0.11744173579481154,0.8310344827586207,1.0,0.8310344827586207,0.8310344827586207,3,0.2,1.0
2022-02-28,801170.SI,-0.07208777183250692,0.7689655172413792,1.0,0.7689655172413792,0.812477863464304,4,0.2,1.0
2022-02-28,801160.SI,-0.09607424653990437,0.7931034482758621,1.0,0.7931034482758621,0.7931034482758621,5,0.2,1.0
2022-03-31,801950.SI,-0.0387937309764117,0.9896551724137932,1.0,0.9896551724137932,1.0408046899502867,1,0.2,1.0
2022-03-31,801180.SI,-0.08357665040866213,0.9448275862068966,1.0,0.9448275862068966,0.9448275862068966,2,0.2,1.0
2022-03-31,801230.SI,-0.12677583238267986,0.9241379310344827,1.0,0.9241379310344827,0.9241379310344827,3,0.2,1.0
2022-03-31,801720.SI,-0.02973771453057006,0.8724137931034482,1.0,0.8724137931034482,0.9235633106399419,4,0.2,1.0
2022-03-31,801010.SI,-0.12757594032348318,0.9172413793103448,1.0,0.9172413793103448,0.9172413793103448,5,0.2,1.0
2022-04-30,801950.SI,0.09727050817368155,0.9586206896551724,1.0,0.9586206896551724,1.0111713923591306,1,0.2,1.0
2022-04-30,801720.SI,0.016563464613782664,0.9103448275862068,1.0,0.9103448275862068,0.9628955302901651,2,0.2,1.0
2022-04-30,801180.SI,-0.05912666206051753,0.8896551724137931,1.0,0.8896551724137931,0.9422058751177513,3,0.2,1.0
2022-04-30,801170.SI,0.06952339505314309,0.8620689655172414,1.0,0.8620689655172414,0.8620689655172414,4,0.2,1.0
2022-04-30,801120.SI,0.019460652627061314,0.8137931034482759,1.0,0.8137931034482759,0.8137931034482759,5,0.2,1.0
2022-05-31,801950.SI,0.015829144115513172,0.9517241379310345,1.0,0.9517241379310345,0.9956595569727753,1,0.2,1.0
2022-05-31,801170.SI,0.01982926778111027,0.8448275862068966,1.0,0.8448275862068966,0.8887630052486375,2,0.2,1.0
2022-05-31,801960.SI,-0.03349683425511152,0.8862068965517241,1.0,0.8862068965517241,0.8862068965517241,3,0.2,1.0
2022-05-31,801720.SI,-0.0016051217560307807,0.7655172413793103,1.0,0.7655172413793103,0.8094526604210512,4,0.2,1.0
2022-05-31,801980.SI,0.10564200306306581,0.7206896551724138,1.0,0.7206896551724138,0.7206896551724138,5,0.2,1.0
2022-06-30,801880.SI,0.050914911104382066,0.9206896551724139,1.0,0.9206896551724139,0.9206896551724139,1,0.2,1.0
2022-06-30,801980.SI,-0.02186301813772562,0.8689655172413793,1.0,0.8689655172413793,0.9145450387472402,2,0.2,1.0
2022-06-30,801120.SI,-0.0968960160949317,0.8758620689655173,1.0,0.8758620689655173,0.8758620689655173,3,0.2,1.0
2022-06-30,801730.SI,-0.0037982301899451842,0.8413793103448275,1.0,0.8413793103448275,0.8413793103448275,4,0.2,1.0
2022-06-30,801200.SI,-0.07050567192137813,0.8068965517241379,1.0,0.8068965517241379,0.8068965517241379,5,0.2,1.0
2022-07-31,801880.SI,-0.11849927671735527,0.9758620689655173,1.0,0.9758620689655173,1.02646032442033,1,0.2,1.0
2022-07-31,801730.SI,-0.07883750368071385,0.8758620689655172,1.0,0.8758620689655172,0.92646032442033,2,0.2,1.0
2022-07-31,801890.SI,-0.07342254998569564,0.8655172413793104,1.0,0.8655172413793104,0.8655172413793104,3,0.2,1.0
2022-07-31,801050.SI,-0.06482222310719477,0.8172413793103448,1.0,0.8172413793103448,0.8172413793103448,4,0.2,1.0
2022-07-31,801740.SI,-0.04284216989264655,0.8034482758620689,1.0,0.8034482758620689,0.8034482758620689,5,0.2,1.0
2022-08-31,801230.SI,-0.05199042854035241,0.9379310344827586,1.0,0.9379310344827586,0.9379310344827586,1,0.2,1.0
2022-08-31,801010.SI,-0.10378327426082179,0.8896551724137931,1.0,0.8896551724137931,0.8896551724137931,2,0.2,1.0
2022-08-31,801770.SI,-0.0826014764860653,0.7931034482758621,1.0,0.7931034482758621,0.7931034482758621,3,0.2,1.0
2022-08-31,801730.SI,-0.10657659900262972,0.7310344827586207,1.0,0.7310344827586207,0.7735093076847522,4,0.2,1.0
2022-08-31,801160.SI,-0.07830832310377378,0.7620689655172415,1.0,0.7620689655172415,0.7620689655172415,5,0.2,1.0
2022-09-30,801950.SI,-0.1258223015053359,1.0,1.0,1.0,1.0,1,0.2,1.0
2022-09-30,801230.SI,0.010318314161255948,0.8206896551724138,1.0,0.8206896551724138,0.8698867071527956,2,0.2,1.0
2022-09-30,801170.SI,-0.034122072990647734,0.8689655172413794,1.0,0.8689655172413794,0.8689655172413794,3,0.2,1.0
2022-09-30,801160.SI,-0.0343107720603224,0.8103448275862069,1.0,0.8103448275862069,0.8595418795665887,4,0.2,1.0
2022-09-30,801960.SI,-0.08846047370737964,0.8413793103448277,1.0,0.8413793103448277,0.8413793103448277,5,0.2,1.0
2022-10-31,801740.SI,-0.05281143402085797,0.9931034482758622,1.0,0.9931034482758622,0.9931034482758622,1,0.2,1.0
2022-10-31,801750.SI,0.00021085844792945174,0.9310344827586208,1.0,0.9310344827586208,0.9310344827586208,2,0.2,1.0
2022-10-31,801230.SI,0.09823107367982087,0.8620689655172413,1.0,0.8620689655172413,0.9128655753106366,3,0.2,1.0
2022-10-31,801770.SI,0.011734847325626241,0.8655172413793103,1.0,0.8655172413793103,0.8655172413793103,4,0.2,1.0
2022-10-31,801150.SI,0.07365829186296624,0.8241379310344827,1.0,0.8241379310344827,0.8241379310344827,5,0.2,1.0
2022-11-30,801210.SI,0.06457441027699384,0.9379310344827586,1.0,0.9379310344827586,0.9379310344827586,1,0.2,1.0
2022-11-30,801180.SI,-0.09066013304065612,0.9206896551724137,1.0,0.9206896551724137,0.9206896551724137,2,0.2,1.0
2022-11-30,801230.SI,0.022748538804735485,0.8482758620689654,1.0,0.8482758620689654,0.8934556080237493,3,0.2,1.0
2022-11-30,801750.SI,-0.01617171942943063,0.7482758620689656,1.0,0.7482758620689656,0.7934556080237495,4,0.2,1.0
2022-11-30,801150.SI,-0.025735993116730915,0.7448275862068966,1.0,0.7448275862068966,0.7900073321616805,5,0.2,1.0
2022-12-31,801210.SI,-0.00298757446934661,0.9758620689655173,1.0,0.9758620689655173,1.0276357726388134,1,0.2,1.0
2022-12-31,801230.SI,0.0008585426652611972,0.9137931034482759,1.0,0.9137931034482759,0.9655668071215721,2,0.2,1.0
2022-12-31,801750.SI,0.12797893350888745,0.8862068965517242,1.0,0.8862068965517242,0.9379806002250204,3,0.2,1.0
2022-12-31,801760.SI,0.05060946241339703,0.8655172413793103,1.0,0.8655172413793103,0.8655172413793103,4,0.2,1.0
2022-12-31,801200.SI,-0.011849696868219572,0.8344827586206897,1.0,0.8344827586206897,0.8344827586206897,5,0.2,1.0
2023-01-31,801120.SI,0.010498487611337426,0.8172413793103448,1.0,0.8172413793103448,0.8172413793103448,1,0.2,1.0
2023-01-31,801760.SI,0.041612300313855544,0.7724137931034484,1.0,0.7724137931034484,0.8094461384014088,2,0.2,1.0
2023-01-31,801210.SI,0.027019844905346924,0.7448275862068965,1.0,0.7448275862068965,0.7818599315048569,3,0.2,1.0
2023-01-31,801110.SI,0.0030968039559355898,0.7655172413793103,1.0,0.7655172413793103,0.7655172413793103,4,0.2,1.0
2023-01-31,801710.SI,0.0005629063004428669,0.7482758620689655,1.0,0.7482758620689655,0.7482758620689655,5,0.2,1.0
2023-02-28,801750.SI,0.14741576829622183,0.9689655172413794,1.0,0.9689655172413794,0.9689655172413794,1,0.2,1.0
2023-02-28,801770.SI,0.09180627083744164,0.9275862068965517,1.0,0.9275862068965517,0.9275862068965517,2,0.2,1.0
2023-02-28,801140.SI,-0.07357647763118513,0.8931034482758621,1.0,0.8931034482758621,0.8931034482758621,3,0.2,1.0
2023-02-28,801210.SI,-0.003402616060782071,0.7965517241379312,1.0,0.7965517241379312,0.8474632388861311,4,0.2,1.0
2023-02-28,801760.SI,0.22673257270542013,0.7965517241379311,1.0,0.7965517241379311,0.847463238886131,5,0.2,1.0
2023-03-31,801750.SI,-0.06992580681082528,0.9931034482758622,1.0,0.9931034482758622,1.0424146543036859,1,0.2,1.0
2023-03-31,801760.SI,0.13063697080090542,0.9724137931034482,1.0,0.9724137931034482,1.0217249991312718,2,0.2,1.0
2023-03-31,801770.SI,0.034741007073371355,0.9310344827586207,1.0,0.9310344827586207,0.9803456887864442,3,0.2,1.0
2023-03-31,801080.SI,-0.07502464485338478,0.8862068965517241,1.0,0.8862068965517241,0.8862068965517241,4,0.2,1.0
2023-03-31,801720.SI,0.10325537750830094,0.8413793103448276,1.0,0.8413793103448276,0.8413793103448276,5,0.2,1.0
2023-04-30,801760.SI,-0.04535302373832917,1.0,1.0,1.0,1.049892699542524,1,0.2,1.0
2023-04-30,801770.SI,0.013619000840278117,0.9517241379310345,1.0,0.9517241379310345,1.0016168374735583,2,0.2,1.0
2023-04-30,801720.SI,-0.08866008047368257,0.9379310344827586,1.0,0.9379310344827586,0.9878237340252825,3,0.2,1.0
2023-04-30,801960.SI,-0.08079222170432354,0.8551724137931035,1.0,0.8551724137931035,0.8551724137931035,4,0.2,1.0
2023-04-30,801110.SI,-0.07372480821283822,0.8206896551724138,1.0,0.8206896551724138,0.8206896551724138,5,0.2,1.0
2023-05-31,801770.SI,0.10914610215376719,0.9586206896551724,1.0,0.9586206896551724,1.0111232072487184,1,0.2,1.0
2023-05-31,801760.SI,-0.014791802503228202,0.903448275862069,1.0,0.903448275862069,0.9559507934556151,2,0.2,1.0
2023-05-31,801750.SI,0.002485195336353385,0.9172413793103448,1.0,0.9172413793103448,0.9172413793103448,3,0.2,1.0
2023-05-31,801160.SI,-0.013654071636597598,0.896551724137931,1.0,0.896551724137931,0.896551724137931,4,0.2,1.0
2023-05-31,801080.SI,0.015976856397305506,0.8758620689655173,1.0,0.8758620689655173,0.8758620689655173,5,0.2,1.0
2023-06-30,801770.SI,-0.07656811912361527,0.9931034482758622,1.0,0.9931034482758622,1.0439625531406487,1,0.2,1.0
2023-06-30,801110.SI,0.00712207284575328,0.9241379310344826,1.0,0.9241379310344826,0.9241379310344826,2,0.2,1.0
2023-06-30,801890.SI,-0.017387742240428494,0.8793103448275862,1.0,0.8793103448275862,0.8793103448275862,3,0.2,1.0
2023-06-30,801760.SI,-0.07573122939970411,0.8068965517241379,1.0,0.8068965517241379,0.8577556565889245,4,0.2,1.0
2023-06-30,801740.SI,-0.0433914421553091,0.7965517241379311,1.0,0.7965517241379311,0.7965517241379311,5,0.2,1.0
2023-07-31,801880.SI,-0.07233187507209127,0.8655172413793103,1.0,0.8655172413793103,0.8655172413793103,1,0.2,1.0
2023-07-31,801180.SI,-0.06930453180453189,0.796551724137931,1.0,0.796551724137931,0.796551724137931,2,0.2,1.0
2023-07-31,801140.SI,-0.05220665375668132,0.796551724137931,1.0,0.796551724137931,0.796551724137931,3,0.2,1.0
2023-07-31,801130.SI,-0.05314753205545619,0.7793103448275862,1.0,0.7793103448275862,0.7793103448275862,4,0.2,1.0
2023-07-31,801110.SI,-0.05086413213133667,0.7310344827586207,1.0,0.7310344827586207,0.7707185587532667,5,0.2,1.0
2023-08-31,801110.SI,0.0014821627901677736,0.8689655172413793,1.0,0.8689655172413793,0.9063739184782452,1,0.2,1.0
2023-08-31,801960.SI,0.03485431312729381,0.8068965517241379,1.0,0.8068965517241379,0.8068965517241379,2,0.2,1.0
2023-08-31,801880.SI,0.004678050644042919,0.7620689655172413,1.0,0.7620689655172413,0.7994773667541073,3,0.2,1.0
2023-08-31,801180.SI,-0.05487091676413758,0.7344827586206897,1.0,0.7344827586206897,0.7718911598575556,4,0.2,1.0
2023-08-31,801130.SI,0.010347112811663672,0.6931034482758621,1.0,0.6931034482758621,0.7305118495127281,5,0.2,1.0
2023-09-30,801960.SI,-0.0538339606841185,0.9586206896551724,1.0,0.9586206896551724,1.0053121420585327,1,0.2,1.0
2023-09-30,801950.SI,-0.03011761710222327,0.9275862068965517,1.0,0.9275862068965517,0.9275862068965517,2,0.2,1.0
2023-09-30,801130.SI,-0.01912712016484852,0.8275862068965517,1.0,0.8275862068965517,0.8742776592999119,3,0.2,1.0
2023-09-30,801040.SI,-0.007476811146757578,0.8379310344827586,1.0,0.8379310344827586,0.8379310344827586,4,0.2,1.0
2023-09-30,801880.SI,0.024133317071070914,0.7586206896551724,1.0,0.7586206896551724,0.8053121420585325,5,0.2,1.0
2023-10-31,801880.SI,0.027422882993013875,0.9413793103448277,1.0,0.9413793103448277,0.9957319016234303,1,0.2,1.0
2023-10-31,801080.SI,0.00747769995529346,0.9551724137931035,1.0,0.9551724137931035,0.9551724137931035,2,0.2,1.0
2023-10-31,801950.SI,0.07059186903980552,0.8448275862068966,1.0,0.8448275862068966,0.8991801774854992,3,0.2,1.0
2023-10-31,801130.SI,0.009740587463409778,0.8137931034482759,1.0,0.8137931034482759,0.8681456947268785,4,0.2,1.0
2023-10-31,801150.SI,0.028938176737687726,0.8655172413793104,1.0,0.8655172413793104,0.8655172413793104,5,0.2,1.0
2023-11-30,801950.SI,0.003353841049571926,0.9896551724137932,1.0,0.9896551724137932,1.0400495740808602,1,0.2,1.0
2023-11-30,801880.SI,-0.059310549381989985,0.9310344827586207,1.0,0.9310344827586207,0.9814288844256877,2,0.2,1.0
2023-11-30,801150.SI,-0.04603877771554321,0.8517241379310345,1.0,0.8517241379310345,0.9021185395981015,3,0.2,1.0
2023-11-30,801080.SI,-0.012258514398009401,0.7896551724137931,1.0,0.7896551724137931,0.8400495740808601,4,0.2,1.0
2023-11-30,801130.SI,-0.013432798520517819,0.7758620689655172,1.0,0.7758620689655172,0.8262564706325842,5,0.2,1.0
2023-12-31,801950.SI,0.06665133130139744,0.9931034482758622,1.0,0.9931034482758622,1.0421466115794789,1,0.2,1.0
2023-12-31,801080.SI,-0.23912095905100383,0.8586206896551725,1.0,0.8586206896551725,0.907663852958789,2,0.2,1.0
2023-12-31,801230.SI,-0.15072818467488514,0.8758620689655173,1.0,0.8758620689655173,0.8758620689655173,3,0.2,1.0
2023-12-31,801010.SI,-0.13224304126502773,0.8172413793103448,1.0,0.8172413793103448,0.8172413793103448,4,0.2,1.0
2023-12-31,801150.SI,-0.18592806274226992,0.7620689655172413,1.0,0.7620689655172413,0.8111121288208579,5,0.2,1.0
2024-01-31,801950.SI,0.07567864459780038,1.0,1.0,1.0,1.0540611610935278,1,0.2,1.0
2024-01-31,801160.SI,0.03533806985832233,0.9655172413793104,1.0,0.9655172413793104,0.9655172413793104,2,0.2,1.0
2024-01-31,801110.SI,0.09875667582034553,0.9137931034482759,1.0,0.9137931034482759,0.9137931034482759,3,0.2,1.0
2024-01-31,801960.SI,0.056035203030134095,0.9137931034482759,1.0,0.9137931034482759,0.9137931034482759,4,0.2,1.0
2024-01-31,801170.SI,0.049903555550971035,0.8620689655172413,1.0,0.8620689655172413,0.8620689655172413,5,0.2,1.0
2024-02-29,801950.SI,-0.03723995777299538,0.903448275862069,1.0,0.903448275862069,0.9493349687590062,1,0.2,1.0
2024-02-29,801110.SI,0.023587325932955316,0.896551724137931,1.0,0.896551724137931,0.9424384170348683,2,0.2,1.0
2024-02-29,801770.SI,0.042477468250716965,0.8689655172413793,1.0,0.8689655172413793,0.8689655172413793,3,0.2,1.0
2024-02-29,801960.SI,0.06006382193153659,0.8172413793103448,1.0,0.8172413793103448,0.863128072207282,4,0.2,1.0
2024-02-29,801160.SI,0.03563093549719065,0.7689655172413793,1.0,0.7689655172413793,0.8148522101383165,5,0.2,1.0
2024-03-31,801960.SI,0.009200864109995655,0.9517241379310345,1.0,0.9517241379310345,1.0014657840359613,1,0.2,1.0
2024-03-31,801050.SI,0.024040631308739346,0.9379310344827587,1.0,0.9379310344827587,0.9379310344827587,2,0.2,1.0
2024-03-31,801110.SI,0.08500099042054465,0.8448275862068966,1.0,0.8448275862068966,0.8945692323118235,3,0.2,1.0
2024-03-31,801160.SI,0.012988026054058244,0.8344827586206897,1.0,0.8344827586206897,0.8842244047256166,4,0.2,1.0
2024-03-31,801770.SI,0.015043595726390802,0.8034482758620689,1.0,0.8034482758620689,0.8531899219669958,5,0.2,1.0
2024-04-30,801110.SI,-0.04001296589993164,0.9551724137931035,1.0,0.9551724137931035,1.0041136413771314,1,0.2,1.0
2024-04-30,801050.SI,-0.002809840245425854,0.9344827586206896,1.0,0.9344827586206896,0.9834239862047177,2,0.2,1.0
2024-04-30,801770.SI,-0.06133930191760928,0.9137931034482759,1.0,0.9137931034482759,0.962734331032304,3,0.2,1.0
2024-04-30,801880.SI,-0.035417771953186294,0.8551724137931035,1.0,0.8551724137931035,0.8551724137931035,4,0.2,1.0
2024-04-30,801030.SI,-0.01456451136699144,0.7724137931034484,1.0,0.7724137931034484,0.7724137931034484,5,0.2,1.0
2024-05-31,801050.SI,-0.07328972671846568,0.9241379310344828,1.0,0.9241379310344828,0.9769752142253222,1,0.2,1.0
2024-05-31,801160.SI,0.0072666943177104315,0.9310344827586207,1.0,0.9310344827586207,0.9310344827586207,2,0.2,1.0
2024-05-31,801110.SI,-0.05541863795666335,0.810344827586207,1.0,0.810344827586207,0.8631821107770463,3,0.2,1.0
2024-05-31,801010.SI,-0.1101346720396732,0.8620689655172414,1.0,0.8620689655172414,0.8620689655172414,4,0.2,1.0
2024-05-31,801170.SI,-0.043715390822828715,0.8517241379310344,1.0,0.8517241379310344,0.8517241379310344,5,0.2,1.0
2024-06-30,801160.SI,-0.008412531088893616,0.9758620689655173,1.0,0.9758620689655173,1.0318911327428968,1,0.2,1.0
2024-06-30,801170.SI,0.0049806979766824355,0.8551724137931035,1.0,0.8551724137931035,0.911201477570483,2,0.2,1.0
2024-06-30,801950.SI,-0.10859997239174202,0.9103448275862069,1.0,0.9103448275862069,0.9103448275862069,3,0.2,1.0
2024-06-30,801110.SI,-0.02266022401367418,0.8482758620689655,1.0,0.8482758620689655,0.904304925846345,4,0.2,1.0
2024-06-30,801080.SI,0.011281092113234248,0.8896551724137931,1.0,0.8896551724137931,0.8896551724137931,5,0.2,1.0
2024-07-31,801080.SI,-0.05279259263567471,0.9586206896551724,1.0,0.9586206896551724,1.005491517140607,1,0.2,1.0
2024-07-31,801740.SI,-0.0890487152944085,0.9310344827586207,1.0,0.9310344827586207,0.9310344827586207,2,0.2,1.0
2024-07-31,801160.SI,-0.04675489703457936,0.8344827586206897,1.0,0.8344827586206897,0.8813535861061241,3,0.2,1.0
2024-07-31,801170.SI,-0.04824271437050909,0.8137931034482759,1.0,0.8137931034482759,0.8606639309337104,4,0.2,1.0
2024-07-31,801880.SI,-0.05688525386792054,0.8137931034482759,1.0,0.8137931034482759,0.8137931034482759,5,0.2,1.0
2024-08-31,801960.SI,0.08130315698428725,0.9172413793103449,1.0,0.9172413793103449,0.9172413793103449,1,0.2,1.0
2024-08-31,801160.SI,0.08917447179263771,0.8724137931034484,1.0,0.8724137931034484,0.9155694265379059,2,0.2,1.0
2024-08-31,801080.SI,0.1911641901019281,0.8551724137931035,1.0,0.8551724137931035,0.898328047227561,3,0.2,1.0
2024-08-31,801110.SI,0.21905641019778854,0.8068965517241379,1.0,0.8068965517241379,0.8068965517241379,4,0.2,1.0
2024-08-31,801170.SI,0.16351799458489258,0.7379310344827585,1.0,0.7379310344827585,0.781086667917216,5,0.2,1.0
2024-09-30,801180.SI,0.030565982756551868,1.0,1.0,1.0,1.0,1,0.2,1.0
2024-09-30,801750.SI,0.14462667274747587,0.8206896551724138,1.0,0.8206896551724138,0.8206896551724138,2,0.2,1.0
2024-09-30,801730.SI,0.04343141236881731,0.7965517241379311,1.0,0.7965517241379311,0.7965517241379311,3,0.2,1.0
2024-09-30,801110.SI,-0.013522953974836605,0.7103448275862069,1.0,0.7103448275862069,0.7561770709343242,4,0.2,1.0
2024-09-30,801200.SI,0.0401920344774771,0.7482758620689655,1.0,0.7482758620689655,0.7482758620689655,5,0.2,1.0
2024-10-31,801750.SI,0.04393584516901616,0.9724137931034483,1.0,0.9724137931034483,1.0281845632321405,1,0.2,1.0
2024-10-31,801080.SI,-0.00843030052335303,0.9310344827586206,1.0,0.9310344827586206,0.9310344827586206,2,0.2,1.0
2024-10-31,801230.SI,0.08574013908444522,0.9275862068965518,1.0,0.9275862068965518,0.9275862068965518,3,0.2,1.0
2024-10-31,801180.SI,-0.005413788945392239,0.8655172413793104,1.0,0.8655172413793104,0.9212880115080024,4,0.2,1.0
2024-10-31,801730.SI,0.012136493753176936,0.7655172413793104,1.0,0.7655172413793104,0.8212880115080025,5,0.2,1.0
2024-11-30,801230.SI,-0.018238053841235113,0.9655172413793104,1.0,0.9655172413793104,1.016301142237523,1,0.2,1.0
2024-11-30,801750.SI,-0.07065273545815898,0.9655172413793104,1.0,0.9655172413793104,1.016301142237523,2,0.2,1.0
2024-11-30,801200.SI,0.0007241000151971821,0.9344827586206896,1.0,0.9344827586206896,0.9344827586206896,3,0.2,1.0
2024-11-30,801760.SI,-0.058389575481345046,0.8862068965517241,1.0,0.8862068965517241,0.8862068965517241,4,0.2,1.0
2024-11-30,801080.SI,0.004876732702449038,0.7413793103448275,1.0,0.7413793103448275,0.7921632112030401,5,0.2,1.0
2024-12-31,801200.SI,-0.0761452154648753,0.9344827586206896,1.0,0.9344827586206896,0.9817437304307299,1,0.2,1.0
2024-12-31,801230.SI,-0.027673190704617934,0.906896551724138,1.0,0.906896551724138,0.9541575235341783,2,0.2,1.0
2024-12-31,801080.SI,-0.0026600485080940928,0.8931034482758621,1.0,0.8931034482758621,0.9403644200859024,3,0.2,1.0
2024-12-31,801770.SI,-0.00848946037524212,0.8689655172413793,1.0,0.8689655172413793,0.8689655172413793,4,0.2,1.0
2024-12-31,801750.SI,-0.021630071994354738,0.7413793103448276,1.0,0.7413793103448276,0.7886402821548679,5,0.2,1.0
2025-01-31,801230.SI,0.028378002062212637,0.8862068965517241,1.0,0.8862068965517241,0.9353877178643442,1,0.2,1.0
2025-01-31,801890.SI,0.10708296629800018,0.8793103448275863,1.0,0.8793103448275863,0.8793103448275863,2,0.2,1.0
2025-01-31,801880.SI,0.09178464128764174,0.8793103448275862,1.0,0.8793103448275862,0.8793103448275862,3,0.2,1.0
2025-01-31,801770.SI,0.03663637626035965,0.8137931034482758,1.0,0.8137931034482758,0.8629739247608958,4,0.2,1.0
2025-01-31,801200.SI,0.02973796170953391,0.7862068965517242,1.0,0.7862068965517242,0.8353877178643442,5,0.2,1.0
2025-02-28,801890.SI,-0.010485306425565666,0.9448275862068966,1.0,0.9448275862068966,0.9953663852185235,1,0.2,1.0
2025-02-28,801880.SI,0.011936814255699923,0.9241379310344828,1.0,0.9241379310344828,0.9746767300461098,2,0.2,1.0
2025-02-28,801750.SI,-0.054254801556916865,0.9310344827586206,1.0,0.9310344827586206,0.9310344827586206,3,0.2,1.0
2025-02-28,801080.SI,-0.043718825976890585,0.9241379310344827,1.0,0.9241379310344827,0.9241379310344827,4,0.2,1.0
2025-02-28,801770.SI,-0.038438919201489785,0.7862068965517242,1.0,0.7862068965517242,0.8367456955633511,5,0.2,1.0
2025-03-31,801880.SI,-0.0392538469497038,0.8758620689655172,1.0,0.8758620689655172,0.9191595632154553,1,0.2,1.0
2025-03-31,801890.SI,-0.04643003925259237,0.8206896551724138,1.0,0.8206896551724138,0.8639871494223519,2,0.2,1.0
2025-03-31,801050.SI,-0.047807767805616685,0.8551724137931034,1.0,0.8551724137931034,0.8551724137931034,3,0.2,1.0
2025-03-31,801750.SI,-0.04894843926248427,0.7551724137931035,1.0,0.7551724137931035,0.7984699080430416,4,0.2,1.0
2025-03-31,801110.SI,-0.0565089459069652,0.7931034482758621,1.0,0.7931034482758621,0.7931034482758621,5,0.2,1.0
2025-04-30,801980.SI,0.025482517363836443,0.9379310344827587,1.0,0.9379310344827587,0.9379310344827587,1,0.2,1.0
2025-04-30,801880.SI,0.014383715143065912,0.8586206896551725,1.0,0.8586206896551725,0.9045473451661905,2,0.2,1.0
2025-04-30,801120.SI,-0.001251446420191149,0.8551724137931035,1.0,0.8551724137931035,0.8551724137931035,3,0.2,1.0
2025-04-30,801010.SI,0.02477503527724445,0.806896551724138,1.0,0.806896551724138,0.806896551724138,4,0.2,1.0
2025-04-30,801890.SI,0.007882967293805887,0.7517241379310345,1.0,0.7517241379310345,0.7976507934420526,5,0.2,1.0
2025-05-31,801980.SI,-0.03610926076864818,0.8931034482758621,1.0,0.8931034482758621,0.9418433015490849,1,0.2,1.0
2025-05-31,801970.SI,0.01075881803904477,0.893103448275862,1.0,0.893103448275862,0.893103448275862,2,0.2,1.0
2025-05-31,801010.SI,0.005139202407825394,0.8172413793103448,1.0,0.8172413793103448,0.8659812325835676,3,0.2,1.0
2025-05-31,801130.SI,0.019381147488011896,0.8241379310344829,1.0,0.8241379310344829,0.8241379310344829,4,0.2,1.0
2025-05-31,801150.SI,0.00704698204487153,0.8137931034482759,1.0,0.8137931034482759,0.8137931034482759,5,0.2,1.0
2025-06-30,801740.SI,0.030786403571942955,0.9827586206896552,1.0,0.9827586206896552,0.9827586206896552,1,0.2,1.0
2025-06-30,801770.SI,0.10754203234886917,0.9517241379310344,1.0,0.9517241379310344,0.9517241379310344,2,0.2,1.0
2025-06-30,801760.SI,0.0317663406111135,0.9172413793103448,1.0,0.9172413793103448,0.9172413793103448,3,0.2,1.0
2025-06-30,801050.SI,0.057433697546706464,0.8482758620689655,1.0,0.8482758620689655,0.8482758620689655,4,0.2,1.0
2025-06-30,801230.SI,0.09520628086436123,0.7517241379310345,1.0,0.7517241379310345,0.7517241379310345,5,0.2,1.0
2025-07-31,801770.SI,0.34408831632455095,0.9586206896551724,1.0,0.9586206896551724,1.012867544404663,1,0.2,1.0
2025-07-31,801150.SI,0.026063086161909332,0.9586206896551724,1.0,0.9586206896551724,0.9586206896551724,2,0.2,1.0
2025-07-31,801230.SI,0.21895334125180765,0.8931034482758621,1.0,0.8931034482758621,0.9473503030253527,3,0.2,1.0
2025-07-31,801050.SI,0.18908746382172392,0.8517241379310344,1.0,0.8517241379310344,0.9059709926805251,4,0.2,1.0
2025-07-31,801740.SI,0.09889847579790656,0.8206896551724139,1.0,0.8206896551724139,0.8749365099219045,5,0.2,1.0
2025-08-31,801770.SI,-0.001462039555490513,1.0,1.0,1.0,1.0546359385590842,1,0.2,1.0
2025-08-31,801230.SI,-0.005507584844609337,0.9310344827586207,1.0,0.9310344827586207,0.985670421317705,2,0.2,1.0
2025-08-31,801050.SI,0.12789751234161728,0.9172413793103449,1.0,0.9172413793103449,0.9718773178694292,3,0.2,1.0
2025-08-31,801080.SI,0.1096328285282806,0.9344827586206897,1.0,0.9344827586206897,0.9344827586206897,4,0.2,1.0
2025-08-31,801740.SI,-0.07213813053314189,0.803448275862069,1.0,0.803448275862069,0.8580842144211533,5,0.2,1.0
2025-09-30,801080.SI,-0.03527200256320562,0.9482758620689656,1.0,0.9482758620689656,1.0014755062436136,1,0.2,1.0
2025-09-30,801050.SI,0.050026957904195646,0.9310344827586208,1.0,0.9310344827586208,0.9842341269332687,2,0.2,1.0
2025-09-30,801770.SI,-0.004487536914276391,0.9103448275862069,1.0,0.9103448275862069,0.9635444717608549,3,0.2,1.0
2025-09-30,801730.SI,0.009846182745308463,0.9344827586206896,1.0,0.9344827586206896,0.9344827586206896,4,0.2,1.0
2025-09-30,801230.SI,0.0016694135219832429,0.7793103448275862,1.0,0.7793103448275862,0.8325099890022342,5,0.2,1.0
2025-10-31,801050.SI,-0.02616462397486885,0.9586206896551724,1.0,0.9586206896551724,1.0031108940955882,1,0.2,1.0
2025-10-31,801730.SI,-0.034849339169490845,0.896551724137931,1.0,0.896551724137931,0.9410419285783468,2,0.2,1.0
2025-10-31,801770.SI,0.018452174742821015,0.8482758620689654,1.0,0.8482758620689654,0.8927660665093812,3,0.2,1.0
2025-10-31,801230.SI,0.04066367541360094,0.7793103448275862,1.0,0.7793103448275862,0.823800549268002,4,0.2,1.0
2025-10-31,801080.SI,-0.050432739842687146,0.7448275862068965,1.0,0.7448275862068965,0.7893177906473122,5,0.2,1.0
2025-11-30,801230.SI,0.002074042287985245,0.8827586206896552,1.0,0.8827586206896552,0.927624084035719,1,0.2,1.0
2025-11-30,801050.SI,0.1368121200977741,0.8482758620689655,1.0,0.8482758620689655,0.8931413254150296,2,0.2,1.0
2025-11-30,801730.SI,0.012655902591308,0.8206896551724138,1.0,0.8206896551724138,0.8655551185184778,3,0.2,1.0
2025-11-30,801040.SI,0.021027786306416996,0.7655172413793103,1.0,0.7655172413793103,0.7655172413793103,4,0.2,1.0
2025-11-30,801770.SI,0.12058205282797507,0.7137931034482758,1.0,0.7137931034482758,0.7586585667943397,5,0.2,1.0
2025-12-31,801050.SI,0.22594037763763009,0.9827586206896552,1.0,0.9827586206896552,1.0343439846089024,1,0.2,1.0
2025-12-31,801770.SI,0.06807136936701119,0.9517241379310345,1.0,0.9517241379310345,1.0033095018502816,2,0.2,1.0
2025-12-31,801740.SI,0.0408692974130096,0.8551724137931034,1.0,0.8551724137931034,0.8551724137931034,3,0.2,1.0
2025-12-31,801960.SI,0.16305581542791336,0.8517241379310345,1.0,0.8517241379310345,0.8517241379310345,4,0.2,1.0
2025-12-31,801040.SI,0.07069414634696414,0.7689655172413793,1.0,0.7689655172413793,0.8205508811606264,5,0.2,1.0
2026-01-31,801050.SI,0.021361157809675957,1.0,1.0,1.0,1.0547331652811023,1,0.2,1.0
2026-01-31,801960.SI,0.024386384947032047,0.906896551724138,1.0,0.906896551724138,0.9616297170052404,2,0.2,1.0
2026-01-31,801770.SI,0.0022794355903728025,0.8862068965517242,1.0,0.8862068965517242,0.9409400618328265,3,0.2,1.0
2026-01-31,801030.SI,0.05733280931800433,0.8517241379310344,1.0,0.8517241379310344,0.8517241379310344,4,0.2,1.0
2026-01-31,801760.SI,-0.049534159402615074,0.8241379310344829,1.0,0.8241379310344829,0.8241379310344829,5,0.2,1.0
2026-02-28,801230.SI,-0.12703707401295505,0.9551724137931035,1.0,0.9551724137931035,0.9551724137931035,1,0.2,1.0
2026-02-28,801050.SI,-0.1721325566574189,0.8896551724137931,1.0,0.8896551724137931,0.9440795971307843,2,0.2,1.0
2026-02-28,801960.SI,-0.03170781565857306,0.8241379310344827,1.0,0.8241379310344827,0.8785623557514739,3,0.2,1.0
2026-02-28,801030.SI,-0.10300929923740887,0.8241379310344826,1.0,0.8241379310344826,0.8785623557514738,4,0.2,1.0
2026-02-28,801710.SI,-0.11717928546321343,0.8551724137931035,1.0,0.8551724137931035,0.8551724137931035,5,0.2,1.0
2026-03-31,801960.SI,0.04567434160922468,0.9482758620689655,1.0,0.9482758620689655,0.9986911579163198,1,0.2,1.0
2026-03-31,801950.SI,0.05469170401843915,0.9620689655172414,1.0,0.9620689655172414,0.9620689655172414,2,0.2,1.0
2026-03-31,801160.SI,0.0015588228617262612,0.8758620689655172,1.0,0.8758620689655172,0.8758620689655172,3,0.2,1.0
2026-03-31,801770.SI,0.22230075500117508,0.8448275862068966,1.0,0.8448275862068966,0.8448275862068966,4,0.2,1.0
2026-03-31,801230.SI,0.11241246157054552,0.7793103448275861,1.0,0.7793103448275861,0.8297256406749404,5,0.2,1.0
2026-04-30,801770.SI,0.20397336121656995,0.9931034482758622,1.0,0.9931034482758622,1.04462587928306,1,0.2,1.0
2026-04-30,801230.SI,-0.07395424500631975,0.9482758620689656,1.0,0.9482758620689656,0.9997982930761634,2,0.2,1.0
2026-04-30,801080.SI,0.17884763136832227,0.9068965517241379,1.0,0.9068965517241379,0.9068965517241379,3,0.2,1.0
2026-04-30,801950.SI,-0.028141183687432902,0.7827586206896552,1.0,0.7827586206896552,0.834281051696853,4,0.2,1.0
2026-04-30,801710.SI,0.061777231534217325,0.7999999999999999,1.0,0.7999999999999999,0.7999999999999999,5,0.2,1.0
2026-05-31,801770.SI,0.11332148165418365,1.0,1.0,1.0,1.0525885083886253,1,0.2,1.0
2026-05-31,801080.SI,0.27730253763242896,0.9655172413793104,1.0,0.9655172413793104,1.0181057497679358,2,0.2,1.0
2026-05-31,801710.SI,0.15370404961971862,0.8724137931034482,1.0,0.8724137931034482,0.9250023014920735,3,0.2,1.0
2026-05-31,801160.SI,-0.14126190384796578,0.8896551724137931,1.0,0.8896551724137931,0.8896551724137931,4,0.2,1.0
2026-05-31,801950.SI,-0.1530282156014251,0.8103448275862069,1.0,0.8103448275862069,0.8629333359748321,5,0.2,1.0
2026-06-30,801080.SI,-0.3471672337058811,1.0,1.0,1.0,1.0549363793440867,1,0.2,1.0
2026-06-30,801770.SI,-0.318992497657154,0.9586206896551724,1.0,0.9586206896551724,1.0135570689992592,2,0.2,1.0
2026-06-30,801710.SI,-0.2789711279932381,0.9379310344827586,1.0,0.9379310344827586,0.9928674138268454,3,0.2,1.0
2026-06-30,801890.SI,-0.22057033196673126,0.896551724137931,1.0,0.896551724137931,0.896551724137931,4,0.2,1.0
2026-06-30,801030.SI,-0.13698003545987691,0.8517241379310344,1.0,0.8517241379310344,0.8517241379310344,5,0.2,1.0
2026-07-31,801950.SI,0.12215506539430954,0.9103448275862069,1.0,0.9103448275862069,0.9103448275862069,1,0.2,1.0
2026-07-31,801110.SI,-0.003714436579160152,0.8931034482758621,1.0,0.8931034482758621,0.8931034482758621,2,0.2,1.0
2026-07-31,801160.SI,-0.021526996513232977,0.8586206896551725,1.0,0.8586206896551725,0.8586206896551725,3,0.2,1.0
2026-07-31,801170.SI,-0.0038055270750375625,0.8517241379310345,1.0,0.8517241379310345,0.8517241379310345,4,0.2,1.0
2026-07-31,801080.SI,0.12417135458747142,0.7965517241379311,1.0,0.7965517241379311,0.8425360421123812,5,0.2,1.0
2026-08-31,801950.SI,,0.9724137931034483,1.0,0.9724137931034483,1.0158374314382388,1,0.2,1.0
2026-08-31,801960.SI,,0.8793103448275862,1.0,0.8793103448275862,0.8793103448275862,2,0.2,1.0
2026-08-31,801010.SI,,0.796551724137931,1.0,0.796551724137931,0.796551724137931,3,0.2,1.0
2026-08-31,801080.SI,,0.7482758620689656,1.0,0.7482758620689656,0.7916995004037559,4,0.2,1.0
2026-08-31,801150.SI,,0.7793103448275862,1.0,0.7793103448275862,0.7793103448275862,5,0.2,1.0
