signal_date,ts_code,up_limit,down_limit,official_band_fraction,eligible
2025-12-31,000782.SZ,5.5,4.5,0.1,True
2025-12-31,603255.SH,31.76,25.98,0.10010391409767927,True
2025-12-31,002715.SZ,19.36,15.84,0.09999999999999998,True
2025-12-31,002629.SZ,7.49,6.13,0.0998531571218796,True
2025-12-31,001277.SZ,43.21,35.35,0.100050916496945,True
2025-12-31,001367.SZ,24.15,19.76,0.09997722614438619,True
2025-12-31,601015.SH,4.04,3.3,0.10081743869209812,True
2025-12-31,002321.SZ,2.59,2.12,0.09978768577494687,True
2025-12-31,603815.SH,8.38,6.86,0.09973753280839896,True
2025-12-31,605500.SH,10.34,8.46,0.09999999999999995,True
2025-12-31,605055.SH,11.08,9.06,0.10029791459781527,True
2025-12-31,002513.SZ,7.39,6.05,0.09970238095238095,True
2025-12-31,000014.SZ,14.91,12.2,0.09996311324234602,True
2025-12-31,002289.SZ,32.24,29.17,0.04999185800358248,False
2025-12-31,002455.SZ,8.01,6.55,0.10027472527472528,True
2025-12-31,002453.SZ,7.06,5.78,0.09968847352024918,True
2025-12-31,003018.SZ,17.82,14.58,0.1,True
2025-12-31,605178.SH,58.28,47.68,0.10003775009437524,True
2025-12-31,002298.SZ,11.5,9.41,0.09995217599234815,True
2025-12-31,600355.SH,2.33,2.11,0.0495495495495496,False
2025-12-31,600228.SH,5.97,5.41,0.04920913884007027,False
2025-12-31,002981.SZ,31.58,25.84,0.09996516893068615,True
2025-12-31,600082.SH,4.42,3.62,0.09950248756218905,True
2025-12-31,603790.SH,21.54,17.62,0.10010214504596524,True
2025-12-31,000668.SZ,10.42,9.42,0.05040322580645162,False
2025-12-31,603959.SH,6.44,5.27,0.09991460290350135,True
2025-12-31,605303.SH,19.48,15.94,0.09994353472614344,True
2025-12-31,600167.SH,7.81,6.39,0.1,True
2025-12-31,600180.SH,3.88,3.18,0.09915014164305945,True
2025-12-31,000638.SZ,4.68,4.24,0.049327354260089634,False
2025-12-31,600576.SH,6.99,5.72,0.09992132179386314,True
2025-12-31,000695.SZ,14.33,11.73,0.09976976208749039,True
2025-12-31,603038.SH,17.9,14.64,0.10018438844499072,True
2025-12-31,002231.SZ,1.54,1.4,0.047619047619047665,False
2025-12-31,600403.SH,7.76,6.35,0.09992912827781716,True
2025-12-31,600696.SH,3.2,2.9,0.04918032786885251,False
2025-12-31,002889.SZ,17.44,14.27,0.09996846420687486,True
2025-12-31,605378.SH,25.2,20.62,0.09995635093845479,True
2025-12-31,002176.SZ,10.89,8.91,0.10000000000000002,True
2025-12-31,000002.SZ,5.08,4.16,0.09956709956709955,True
2026-01-05,000782.SZ,5.46,4.46,0.10080645161290323,True
2026-01-05,603255.SH,32.25,26.39,0.09993178717598908,True
2026-01-20,605003.SH,35.2,28.8,0.10000000000000003,True
2026-01-21,002788.SZ,18.3,14.98,0.09975961538461539,True
2026-01-21,605003.SH,34.32,28.08,0.10000000000000003,True
2026-01-22,603458.SH,13.19,10.79,0.10008340283569644,True
2026-01-22,605003.SH,35.64,29.16,0.1,True
2026-01-26,002361.SZ,13.71,11.21,0.10032102728731941,True
2026-01-26,002151.SZ,54.66,44.72,0.10002012477359627,True
2026-01-26,000901.SZ,30.57,25.01,0.10003598416696652,True
2026-01-26,002899.SZ,37.64,30.8,0.09994155464640561,True
2026-01-26,600118.SH,119.79,98.01,0.1,True
2026-01-26,002246.SZ,25.54,20.9,0.09991386735572784,True
2026-01-26,600501.SH,32.26,26.4,0.09989771564950563,True
2026-01-26,600855.SH,24.18,19.78,0.100090991810737,True
2026-01-26,000547.SZ,32.36,26.48,0.09993201903467026,True
2026-01-26,002446.SZ,13.21,10.81,0.09991673605328892,True
2026-01-26,603085.SH,13.62,11.14,0.10016155088852984,True
2026-01-26,002766.SZ,6.97,5.71,0.09936908517350156,True
2026-01-26,002985.SZ,44.55,36.45,0.09999999999999994,True
2026-01-26,003009.SZ,84.35,69.01,0.10002608242044854,True
2026-01-26,601698.SH,46.73,38.23,0.10004708097928437,True
2026-01-26,600198.SH,11.67,9.55,0.09990574929311967,True
2026-01-26,001208.SZ,27.41,22.43,0.09991974317817015,True
2026-01-26,002465.SZ,21.53,17.61,0.10015329586101179,True
2026-01-26,600577.SH,17.04,13.94,0.10006455777921239,True
2026-01-26,600345.SH,37.79,30.92,0.0999854460777179,True
2026-01-26,600562.SH,35.49,29.03,0.10012399256044636,True
2026-01-26,002025.SZ,61.41,50.25,0.09994626544868347,True
2026-01-26,600363.SH,78.01,63.83,0.09997179921037794,True
2026-01-26,002735.SZ,22.06,18.05,0.09997506856145595,True
2026-01-26,002383.SZ,13.42,10.98,0.09999999999999999,True
2026-01-26,600105.SH,29.98,24.53,0.09998165474224911,True
2026-01-26,603011.SH,29.6,24.22,0.09996283909327393,True
2026-01-26,603703.SH,17.91,14.65,0.1001228501228501,True
2026-01-26,002886.SZ,27.03,22.11,0.10012210012210015,True
2026-01-26,600271.SH,12.19,9.97,0.10018050541516241,True
2026-01-26,603458.SH,13.37,10.94,0.09995886466474702,True
2026-01-26,603211.SH,26.17,21.41,0.10004203446826401,True
2026-01-26,002569.SZ,16.5,14.92,0.05028644175684278,False
2026-01-26,600765.SH,22.61,18.5,0.09997567501824373,True
2026-01-26,000981.SZ,5.52,4.52,0.09960159362549802,True
2026-01-26,002297.SZ,14.07,11.51,0.10007818608287727,True
2026-01-26,601106.SH,6.46,5.28,0.10051107325383302,True
2026-01-26,002177.SZ,8.95,7.33,0.09950859950859946,True
2026-01-26,605168.SH,49.37,40.39,0.10004456327985738,True
2026-01-26,603678.SH,46.33,37.91,0.09995251661918331,True
2026-01-27,002177.SZ,8.69,7.11,0.09999999999999995,True
2026-01-27,600838.SH,15.82,12.94,0.1001390820584145,True
2026-01-27,603216.SH,56.32,46.08,0.10000000000000002,True
2026-01-27,603716.SH,28.51,23.33,0.0999228395061729,True
2026-01-27,603261.SH,33.38,30.2,0.05001572821642031,False
2026-01-27,002427.SZ,8.66,7.08,0.10038119440914867,True
2026-01-27,002899.SZ,36.48,29.84,0.10012062726176112,True
2026-01-27,002250.SZ,20.63,16.88,0.09997334044254866,True
2026-01-27,601611.SH,18.4,15.06,0.0998206814106395,True
2026-01-27,001231.SZ,27.51,22.51,0.09996001599360255,True
2026-01-27,002357.SZ,14.27,11.67,0.10023130300693908,True
2026-01-27,002627.SZ,10.47,8.57,0.09978991596638657,True
2026-01-27,600192.SH,12.14,9.94,0.09963768115942034,True
2026-01-27,605168.SH,48.41,39.61,0.0999772778913883,True
2026-01-27,600501.SH,30.06,24.6,0.09989023051591653,True
2026-01-27,603579.SH,28.05,22.95,0.10000000000000003,True
2026-01-27,603127.SH,45.53,37.25,0.1000241604252235,True
2026-01-27,603598.SH,29.01,23.73,0.1001137656427759,True
2026-01-27,600736.SH,8.67,7.09,0.100253807106599,True
2026-01-27,600118.SH,107.81,88.21,0.09998979695949398,True
2026-01-27,600094.SH,5.76,4.72,0.09923664122137404,True
2026-01-27,003004.SZ,32.0,28.96,0.04986876640419946,False
2026-01-27,002182.SZ,22.31,18.25,0.10009861932938852,True
2026-01-27,002735.SZ,21.1,17.26,0.10010427528675704,True
2026-01-27,002848.SZ,13.37,12.09,0.05027494108405339,False
2026-01-27,000901.SZ,27.79,22.73,0.10015835312747425,True
2026-01-27,601700.SH,7.21,5.9,0.09992372234935161,True
2026-01-27,605222.SH,24.68,20.2,0.09982174688057042,True
2026-01-27,002361.SZ,12.33,10.09,0.09991079393398751,True
2026-01-27,605003.SH,35.71,29.21,0.10012322858903265,True
2026-01-27,002968.SZ,15.14,12.38,0.10029069767441859,True
2026-01-27,002648.SZ,24.98,20.44,0.09995596653456625,True
2026-01-28,605003.SH,37.39,30.59,0.10002942041776994,True
2026-01-28,603216.SH,54.08,44.24,0.10008136696501217,True
2026-01-28,002899.SZ,36.81,30.11,0.10011954572624032,True
2026-01-28,603458.SH,13.11,10.73,0.09983221476510062,True
2026-01-28,603667.SH,90.53,74.07,0.10000000000000005,True
2026-01-28,002173.SZ,31.7,25.94,0.09993060374739761,True
2026-01-28,002315.SZ,59.21,48.45,0.0999442689949842,True
2026-01-28,600855.SH,22.59,18.49,0.09980525803310618,True
2026-01-28,603716.SH,26.88,22.0,0.09983633387888706,True
2026-01-28,003007.SZ,49.61,40.59,0.09999999999999995,True
2026-01-28,002347.SZ,11.01,9.01,0.0999000999000999,True
2026-01-28,603859.SH,54.23,44.37,0.1,True
2026-01-28,600776.SH,20.96,17.15,0.09997376016793498,True
2026-01-28,600775.SH,16.28,13.32,0.10000000000000002,True
2026-01-28,000681.SZ,30.81,25.21,0.09996429846483396,True
2026-01-28,001266.SZ,37.55,30.73,0.09988283538371406,True
2026-01-28,002465.SZ,19.6,16.04,0.09988776655443328,True
2026-01-28,603626.SH,25.08,20.52,0.09999999999999998,True
2026-01-28,603119.SH,122.66,100.36,0.09999103219442201,True
2026-01-28,002747.SZ,27.67,22.64,0.0999801232359372,True
2026-01-28,600838.SH,14.66,12.0,0.09977494373593399,True
2026-01-28,001208.SZ,25.23,20.65,0.09982563208369664,True
2026-01-28,002735.SZ,20.74,16.97,0.09997348183505701,True
2026-01-28,600501.SH,30.34,24.82,0.10007251631617113,True
2026-01-28,603085.SH,13.44,11.0,0.09983633387888706,True
2026-01-28,002044.SZ,7.91,6.47,0.1001390820584145,True
2026-01-28,603533.SH,27.29,22.33,0.0999596936719065,True
2026-01-28,603687.SH,12.51,10.23,0.10026385224274402,True
2026-01-28,002250.SZ,19.91,16.29,0.10000000000000002,True
2026-01-28,000547.SZ,30.5,24.96,0.09989181391994228,True
2026-01-28,002985.SZ,42.97,35.15,0.10010240655401946,True
2026-01-28,603308.SH,59.59,48.75,0.10005538120731035,True
2026-01-28,600435.SH,19.2,15.71,0.09997135491263245,True
2026-01-28,600783.SH,27.06,22.14,0.09999999999999995,True
2026-01-28,603171.SH,86.52,70.79,0.09999364312503967,True
2026-01-28,000559.SZ,20.36,16.66,0.09994597514856833,True
2026-01-28,605069.SH,15.1,12.36,0.09978150036416607,True
2026-01-28,605222.SH,24.12,19.74,0.0998632010943913,True
2026-01-28,603017.SH,13.52,11.06,0.10008136696501217,True
2026-01-28,000738.SZ,28.96,23.7,0.09988606152677558,True
2026-01-29,002246.SZ,26.09,21.35,0.0999156829679595,True
2026-01-29,002196.SZ,20.08,16.43,0.0999726102437688,True
2026-01-29,002414.SZ,20.09,16.43,0.10021905805038336,True
2026-01-29,603626.SH,23.86,19.52,0.1000461041954818,True
2026-01-29,002168.SZ,4.5,4.08,0.048951048951048945,False
2026-01-29,002816.SZ,27.17,24.59,0.04984544049459045,False
2026-01-29,000981.SZ,5.24,4.28,0.10084033613445378,True
2026-01-29,002792.SZ,55.77,45.63,0.1,True
2026-01-29,600879.SH,30.09,24.62,0.09998172180588556,True
2026-01-29,002871.SZ,23.18,18.96,0.10014238253440909,True
2026-01-29,603286.SH,80.36,65.75,0.09999315584148928,True
2026-01-29,002735.SZ,20.23,16.55,0.10005437737901032,True
2026-01-29,003004.SZ,29.66,26.84,0.04991150442477876,False
2026-01-29,603015.SH,17.15,14.03,0.10006414368184731,True
2026-01-29,603985.SH,18.56,15.18,0.10017783046828689,True
2026-01-29,002446.SZ,13.53,11.07,0.09999999999999995,True
2026-01-29,002222.SZ,78.43,64.17,0.10000000000000002,True
2026-01-29,603219.SH,20.38,16.68,0.09983810037776576,True
2026-01-29,002747.SZ,26.8,21.92,0.10016420361247946,True
2026-01-29,002848.SZ,13.41,12.13,0.050117462803445555,False
2026-01-29,603500.SH,15.07,12.33,0.10000000000000002,True
2026-01-29,603358.SH,59.0,48.28,0.09992542878448918,True
2026-01-29,603667.SH,86.77,70.99,0.10002535496957404,True
2026-01-29,002935.SZ,24.43,19.99,0.09995497523638003,True
2026-01-29,600590.SH,12.2,9.98,0.10009017132551844,True
2026-01-29,603267.SH,66.18,54.14,0.10006648936170218,True
2026-01-29,000700.SZ,14.69,12.02,0.09996256083863721,True
2026-01-29,001400.SZ,110.8,90.66,0.09997021741288595,True
2026-01-29,002957.SZ,25.95,21.23,0.10004239084357776,True
2026-01-29,603119.SH,115.05,94.13,0.10000956114351277,True
2026-01-29,603678.SH,47.59,38.93,0.10009246417013411,True
2026-01-29,003021.SZ,135.34,110.74,0.09996749024707416,True
2026-01-29,000733.SZ,64.68,52.92,0.10000000000000003,True
2026-01-29,000559.SZ,19.58,16.02,0.09999999999999998,True
2026-01-29,002347.SZ,10.75,8.79,0.1003070624360287,True
2026-01-29,002879.SZ,23.87,19.53,0.09999999999999998,True
2026-01-29,601339.SH,7.88,6.44,0.10055865921787706,True
2026-01-29,605167.SH,20.23,16.55,0.10005437737901032,True
2026-01-29,002357.SZ,13.75,11.25,0.1,True
2026-01-29,605118.SH,45.24,37.02,0.09992706053975199,True
2026-01-30,002361.SZ,13.62,11.14,0.10016155088852984,True
2026-01-30,002177.SZ,8.42,6.89,0.09993468321358592,True
2026-01-30,600765.SH,21.85,17.87,0.1002014098690836,True
2026-01-30,002471.SZ,9.13,7.47,0.10000000000000005,True
2026-01-30,002414.SZ,18.48,15.12,0.10000000000000003,True
2026-01-30,002392.SZ,9.69,7.93,0.09988649262202043,True
2026-01-30,002115.SZ,17.27,14.13,0.09999999999999996,True
2026-01-30,002792.SZ,53.02,43.38,0.1,True
2026-01-30,002025.SZ,56.41,46.15,0.10003900156006239,True
2026-01-30,002364.SZ,35.99,29.45,0.09993887530562352,True
2026-01-30,600775.SH,15.65,12.81,0.09978917779339423,True
2026-01-30,605123.SH,125.73,102.87,0.09999999999999999,True
2026-01-30,002201.SZ,16.06,13.14,0.09999999999999994,True
2026-01-30,600877.SH,25.75,21.07,0.09995728321230243,True
2026-01-30,600363.SH,70.93,58.03,0.10003101736972708,True
2026-01-30,002279.SZ,11.72,9.59,0.09995307367433133,True
2026-01-30,002519.SZ,8.89,7.27,0.10024752475247531,True
2026-01-30,002171.SZ,15.08,12.34,0.099927060539752,True
2026-01-30,000981.SZ,5.03,4.11,0.10065645514223194,True
2026-01-30,603308.SH,57.9,47.38,0.09992401215805467,True
2026-01-30,603579.SH,27.32,22.36,0.09983896940418681,True
2026-01-30,600562.SH,32.71,26.77,0.09986550100874245,True
2026-01-30,600435.SH,18.54,15.17,0.0999703352121032,True
2026-01-30,002151.SZ,48.77,39.91,0.0999097880018043,True
2026-01-30,000681.SZ,29.54,24.17,0.0999813814932042,True
2026-01-30,600845.SH,26.02,21.29,0.09997886281969985,True
2026-01-30,603703.SH,16.28,13.32,0.10000000000000002,True
2026-01-30,002659.SZ,7.23,5.91,0.10045662100456623,True
2026-01-30,600862.SH,27.4,22.42,0.09995985547972695,True
2026-01-30,002153.SZ,14.52,11.88,0.09999999999999996,True
2026-01-30,000636.SZ,23.31,19.07,0.10004719207173192,True
2026-01-30,600587.SH,17.63,14.43,0.09981285090455393,True
2026-01-30,002044.SZ,8.01,6.55,0.10027472527472528,True
2026-01-30,603716.SH,25.5,20.86,0.10008628127696291,True
2026-01-30,002379.SZ,35.02,28.66,0.09987437185929651,True
2026-01-30,000917.SZ,12.47,10.21,0.09964726631393298,True
2026-01-30,002339.SZ,12.74,10.42,0.10017271157167532,True
2026-01-30,600838.SH,14.19,11.61,0.10000000000000002,True
2026-01-30,600552.SH,16.35,13.37,0.10026917900403776,True
2026-01-30,600736.SH,7.8,6.38,0.1001410437235543,True
2026-02-02,003007.SZ,48.58,39.74,0.1000905797101449,True
2026-02-02,002246.SZ,23.63,19.33,0.10009310986964622,True
2026-02-02,605003.SH,40.25,32.93,0.1000273298715496,True
2026-02-02,002446.SZ,13.23,10.83,0.09975062344139651,True
2026-02-02,603458.SH,12.6,10.31,0.09995635093845479,True
2026-02-02,000021.SZ,35.74,29.24,0.10003077870113886,True
2026-02-02,002254.SZ,14.37,11.75,0.10030627871362938,True
2026-02-02,002886.SZ,25.4,20.78,0.10004330879168466,True
2026-02-02,000703.SZ,13.29,10.87,0.1001655629139073,True
2026-02-02,002290.SZ,66.69,54.57,0.09995051954477979,True
2026-02-02,002182.SZ,20.57,16.83,0.10000000000000006,True
2026-02-02,002167.SZ,14.97,12.25,0.09992652461425425,True
2026-02-02,603859.SH,52.62,43.06,0.09991638795986617,True
2026-02-02,600378.SH,40.87,33.44,0.09998654286098775,True
2026-02-02,603703.SH,15.9,13.01,0.09996540989277068,True
2026-02-02,002409.SZ,105.92,86.66,0.10001038529442313,True
2026-02-02,601886.SH,10.57,8.65,0.09989594172736732,True
2026-02-02,605358.SH,46.85,38.33,0.10002347969006813,True
2026-02-02,001309.SZ,298.98,244.62,0.10000000000000002,True
2026-02-02,002545.SZ,30.61,25.05,0.09989220265900106,True
2026-02-02,002428.SZ,38.65,31.63,0.09988616960728514,True
2026-02-02,600845.SH,25.15,20.57,0.100174978127734,True
2026-02-02,600955.SH,22.52,18.42,0.10014655593551534,True
2026-02-02,600590.SH,12.27,10.04,0.09995517705064996,True
2026-02-02,002222.SZ,77.2,63.16,0.10002849814762044,True
2026-02-02,002180.SZ,23.3,19.06,0.10009442870632677,True
2026-02-02,002414.SZ,18.25,14.93,0.10006027727546715,True
2026-02-02,002848.SZ,12.45,11.27,0.04974704890387857,False
2026-02-02,603283.SH,55.77,45.63,0.1,True
2026-02-02,002496.SZ,1.89,1.71,0.04999999999999999,False
2026-02-02,002912.SZ,34.89,28.55,0.09993694829760404,True
2026-02-02,600577.SH,15.22,12.46,0.09971098265895953,True
2026-02-02,000636.SZ,22.55,18.45,0.10000000000000003,True
2026-02-02,003004.SZ,28.82,26.08,0.04990892531876142,False
2026-02-02,002318.SZ,36.99,30.27,0.09991079393398754,True
2026-02-02,002465.SZ,19.24,15.74,0.1000571755288736,True
2026-02-02,002871.SZ,22.43,18.35,0.10004904364884742,True
2026-02-02,603986.SH,346.37,283.39,0.10000635162601629,True
2026-02-02,002654.SZ,17.57,14.37,0.10018785222291801,True
2026-02-02,600141.SH,44.63,36.51,0.10007394626571364,True
2026-03-23,603310.SH,17.8,14.56,0.10012360939431397,True
2026-03-23,603418.SH,58.88,48.18,0.09994395665981695,True
2026-03-23,603836.SH,14.42,11.8,0.09992372234935161,True
2026-03-23,001279.SZ,34.75,28.43,0.10003165558721115,True
2026-03-23,002646.SZ,8.98,7.34,0.1004901960784314,True
2026-03-23,002752.SZ,6.67,5.45,0.10066006600660063,True
2026-03-23,603518.SH,9.47,7.75,0.099883855981417,True
2026-03-23,603325.SH,81.64,66.8,0.09997305308542175,True
2026-03-23,003000.SZ,11.19,9.15,0.10029498525073742,True
2026-03-23,001378.SZ,26.6,21.76,0.1000827129859388,True
2026-03-23,605337.SH,11.88,9.72,0.1,True
2026-03-23,001323.SZ,28.85,23.61,0.09988562714449108,True
2026-03-23,600419.SH,9.96,8.15,0.09994478188845944,True
2026-03-23,002991.SZ,56.14,45.94,0.09992163009404392,True
2026-03-23,603321.SH,7.92,6.48,0.09999999999999996,True
2026-03-23,605259.SH,24.54,20.08,0.09995517705064996,True
2026-03-23,603697.SH,11.8,9.66,0.09972041006523767,True
2026-03-23,603277.SH,16.19,13.25,0.09986413043478265,True
2026-03-23,001218.SZ,27.69,22.65,0.10011918951132305,True
2026-03-23,603073.SH,21.23,17.37,0.09999999999999998,True
2026-03-23,603038.SH,16.42,13.44,0.09979906229068997,True
2026-03-23,603519.SH,14.55,11.91,0.0997732426303855,True
2026-03-23,603207.SH,30.06,24.6,0.09989023051591653,True
2026-03-23,605080.SH,25.44,20.82,0.09987029831387809,True
2026-03-23,603779.SH,6.67,5.45,0.10066006600660063,True
2026-03-23,002749.SZ,14.33,11.73,0.09976976208749039,True
2026-03-23,600609.SH,4.65,3.81,0.099290780141844,True
2026-03-23,600616.SH,5.56,4.55,0.09990108803165182,True
2026-03-23,603382.SH,31.66,25.9,0.10006949270326618,True
2026-03-23,001205.SZ,15.97,13.07,0.09986225895316805,True
2026-03-23,002856.SZ,12.36,10.12,0.09964412811387903,True
2026-03-23,600215.SH,7.41,6.07,0.09940652818991097,True
2026-03-23,002888.SZ,20.79,17.01,0.09999999999999995,True
2026-03-23,001231.SZ,25.1,20.54,0.09991235758106928,True
2026-03-23,603136.SH,12.76,10.44,0.10000000000000002,True
2026-03-23,603096.SH,19.34,15.82,0.10011376564277588,True
2026-03-23,600488.SH,4.4,3.6,0.10000000000000003,True
2026-03-23,000557.SZ,5.39,4.41,0.09999999999999995,True
2026-03-23,603788.SH,16.73,13.69,0.09993425378040766,True
2026-03-23,603190.SH,27.26,22.3,0.1000807102502018,True
2026-03-31,603822.SH,95.19,86.13,0.04996690933156851,False
2026-03-31,603889.SH,8.46,6.92,0.10013003901170357,True
2026-03-31,600962.SH,21.11,17.27,0.10005211047420533,True
2026-03-31,601089.SH,25.32,20.72,0.09991311902693313,True
2026-03-31,600421.SH,7.35,6.65,0.04999999999999995,False
2026-03-31,603130.SH,43.3,35.42,0.1001016260162601,True
2026-03-31,603170.SH,14.0,11.46,0.09976433621366847,True
2026-03-31,603070.SH,16.36,13.38,0.1002017484868863,True
2026-03-31,605577.SH,14.18,11.6,0.10007757951900698,True
2026-03-31,603188.SH,5.43,4.45,0.09919028340080968,True
2026-03-31,603230.SH,13.42,10.98,0.09999999999999999,True
2026-03-31,000691.SZ,8.8,7.96,0.05011933174224348,False
2026-03-31,603205.SH,28.35,23.19,0.10011641443538997,True
2026-03-31,600193.SH,4.2,3.8,0.050000000000000044,False
2026-03-31,002485.SZ,5.37,4.85,0.05088062622309203,False
2026-03-31,605089.SH,25.56,20.92,0.099827882960413,True
2026-03-31,001277.SZ,39.57,32.37,0.10008340283569646,True
2026-03-31,605337.SH,12.03,9.85,0.0996343692870201,True
2026-03-31,603309.SH,17.09,13.99,0.09974259974259973,True
2026-03-31,600243.SH,3.17,2.87,0.0496688741721854,False
2026-03-31,000819.SZ,16.24,13.28,0.10027100271002708,True
2026-03-31,603072.SH,39.77,32.54,0.09998617065412811,True
2026-03-31,603216.SH,35.45,29.01,0.09990691901954701,True
2026-03-31,605003.SH,32.53,26.61,0.1001014541765303,True
2026-03-31,001234.SZ,27.92,22.84,0.1000788022064618,True
2026-03-31,603848.SH,17.02,13.92,0.10019392372333548,True
2026-03-31,600053.SH,16.8,13.74,0.100196463654224,True
2026-03-31,002856.SZ,12.71,10.4,0.0999567286888793,True
2026-03-31,002319.SZ,12.34,10.1,0.09982174688057042,True
2026-03-31,603955.SH,27.5,22.5,0.1,True
2026-03-31,605128.SH,35.85,29.33,0.10003068425897518,True
2026-03-31,603578.SH,14.28,11.68,0.10015408320493065,True
2026-03-31,605339.SH,18.0,14.72,0.1002444987775061,True
2026-03-31,000985.SZ,21.73,17.78,0.09997468995191088,True
2026-03-31,000526.SZ,34.31,28.07,0.10003206155819176,True
2026-03-31,600966.SH,7.19,5.89,0.09938837920489302,True
2026-03-31,600785.SH,19.14,15.66,0.10000000000000002,True
2026-03-31,605338.SH,28.46,23.28,0.10011596443757247,True
2026-03-31,002453.SZ,5.96,4.88,0.09963099630996311,True
2026-03-31,603069.SH,19.67,16.09,0.10011185682326626,True
2026-04-01,603822.SH,90.44,81.82,0.05004063624753283,False
2026-04-01,600421.SH,7.23,6.55,0.04934687953555882,False
2026-04-01,600962.SH,20.77,16.99,0.10010593220338987,True
2026-04-01,603130.SH,42.42,34.7,0.100103734439834,True
2026-04-01,603230.SH,13.07,10.69,0.10016835016835021,True
2026-04-01,603889.SH,8.44,6.9,0.10039113428943931,True
2026-04-01,603188.SH,5.37,4.39,0.10040983606557381,True
2026-04-01,603170.SH,13.59,11.12,0.09995953055443142,True
2026-04-01,601089.SH,25.37,20.75,0.10017346053772767,True
2026-04-01,600193.SH,4.32,3.9,0.05109489051094895,False
2026-04-01,000691.SZ,8.36,7.56,0.05025125628140703,False
2026-04-01,603205.SH,28.24,23.1,0.10011686793922861,True
2026-04-01,605577.SH,13.97,11.43,0.10000000000000005,True
2026-04-01,603070.SH,16.02,13.1,0.10027472527472528,True
2026-04-01,600243.SH,3.14,2.84,0.0501672240802676,False
2026-04-01,603309.SH,16.4,13.42,0.09993293091884636,True
2026-04-01,603578.SH,13.93,11.39,0.1003159557661927,True
2026-04-01,600966.SH,7.05,5.77,0.09984399375975041,True
2026-04-01,002319.SZ,12.1,9.9,0.09999999999999996,True
2026-04-01,002485.SZ,5.09,4.61,0.04948453608247418,False
2026-04-01,000608.SZ,4.35,3.93,0.05072463768115936,False
2026-04-01,001277.SZ,38.4,31.42,0.09997135491263245,True
2026-04-01,603072.SH,39.34,32.18,0.10011185682326626,True
2026-04-01,603194.SH,35.85,29.33,0.10003068425897518,True
2026-04-01,002453.SZ,5.78,4.73,0.09990485252140816,True
2026-04-01,603216.SH,35.11,28.73,0.09993734335839596,True
2026-04-01,601890.SH,11.22,9.18,0.10000000000000005,True
2026-04-01,603418.SH,54.78,44.82,0.10000000000000002,True
2026-04-01,600053.SH,16.54,13.54,0.0997340425531915,True
2026-04-01,603320.SH,21.98,17.98,0.10010010010010009,True
2026-04-01,601366.SH,4.53,3.71,0.09951456310679614,True
2026-04-01,600992.SH,13.53,11.07,0.09999999999999995,True
2026-04-01,605337.SH,11.92,9.76,0.09963099630996311,True
2026-04-01,600463.SH,10.93,8.95,0.0995975855130785,True
2026-04-01,603878.SH,8.18,6.7,0.09946236559139783,True
2026-04-01,603848.SH,16.78,13.73,0.09996722386102919,True
2026-04-01,603201.SH,17.97,14.71,0.09975520195838428,True
2026-04-01,001234.SZ,27.8,22.74,0.10011871784724975,True
2026-04-01,002856.SZ,12.36,10.12,0.09964412811387903,True
2026-04-01,605128.SH,35.0,28.64,0.09993714644877434,True
2026-04-02,603130.SH,42.46,34.74,0.09999999999999998,True
2026-04-02,600421.SH,6.88,6.22,0.05038167938931299,False
2026-04-02,603822.SH,94.96,85.92,0.049977885891198545,False
2026-04-02,603070.SH,16.28,13.32,0.10000000000000002,True
2026-04-02,600962.SH,20.97,17.15,0.10020986358866737,True
2026-04-02,603889.SH,8.58,7.02,0.10000000000000003,True
2026-04-02,600193.SH,4.19,3.79,0.05012531328320806,False
2026-04-02,603188.SH,5.39,4.41,0.09999999999999995,True
2026-04-02,603170.SH,14.03,11.48,0.09996079968639746,True
2026-04-02,000691.SZ,8.33,7.53,0.050441361916771746,False
2026-04-02,603230.SH,13.04,10.67,0.09995782370307883,True
2026-04-02,605577.SH,14.73,12.05,0.10007468259895443,True
2026-04-02,603205.SH,28.79,23.55,0.10011463507833393,True
2026-04-02,601089.SH,26.83,21.95,0.10004100041000408,True
2026-04-02,000608.SZ,4.33,3.91,0.05097087378640776,False
2026-04-02,002485.SZ,5.27,4.77,0.04980079681274901,False
2026-04-02,603309.SH,16.46,13.46,0.10026737967914438,True
2026-04-02,600966.SH,7.11,5.81,0.10061919504643968,True
2026-04-02,603578.SH,13.97,11.43,0.10000000000000005,True
2026-04-02,002856.SZ,12.43,10.17,0.09999999999999998,True
2026-04-02,600243.SH,3.16,2.86,0.04983388704318942,False
2026-04-02,600992.SH,13.52,11.06,0.10008136696501217,True
2026-04-02,002453.SZ,5.82,4.76,0.10018903591682424,True
2026-04-02,001277.SZ,38.8,31.74,0.10008505812305074,True
2026-04-02,002114.SZ,9.46,7.74,0.10000000000000002,True
2026-04-02,601890.SH,11.3,9.24,0.10029211295034082,True
2026-04-02,002319.SZ,12.18,9.96,0.10027100271002705,True
2026-04-02,605128.SH,35.77,29.27,0.0999384993849939,True
2026-04-02,603072.SH,39.93,32.67,0.09999999999999998,True
2026-04-02,603878.SH,8.36,6.84,0.09999999999999998,True
2026-04-02,603378.SH,6.12,5.0,0.10071942446043165,True
2026-04-02,601882.SH,20.69,16.93,0.09994683678894208,True
2026-04-02,603320.SH,22.33,18.27,0.09999999999999998,True
2026-04-02,600255.SH,3.69,3.02,0.0998509687034277,True
2026-04-02,603194.SH,36.33,29.73,0.09990917347865573,True
2026-04-02,001386.SZ,22.17,18.14,0.09997519225998514,True
2026-04-02,002691.SZ,8.43,6.89,0.10052219321148825,True
2026-04-02,001322.SZ,8.25,6.75,0.1,True
2026-04-02,001225.SZ,54.01,44.19,0.10000000000000002,True
2026-04-02,600281.SH,5.87,4.81,0.09925093632958806,True
2026-04-03,603130.SH,40.67,33.27,0.10008114687584527,True
2026-04-03,600421.SH,6.58,5.96,0.04944178628389156,False
2026-04-03,603822.SH,92.4,83.6,0.050000000000000065,False
2026-04-03,001234.SZ,27.38,22.4,0.10004017677782243,True
2026-04-03,002319.SZ,11.78,9.64,0.09990662931839396,True
2026-04-03,603070.SH,15.91,13.01,0.10027662517289074,True
2026-04-03,603151.SH,18.15,14.85,0.09999999999999996,True
2026-04-03,001277.SZ,38.3,31.34,0.09994256174612288,True
2026-04-03,600610.SH,9.82,8.04,0.09966405375139985,True
2026-04-03,600403.SH,6.34,5.18,0.10069444444444446,True
2026-04-03,600193.SH,4.08,3.7,0.048843187660668363,False
2026-04-03,603615.SH,19.97,16.34,0.0999724593775819,True
2026-04-03,603188.SH,5.32,4.36,0.09917355371900827,True
2026-04-03,603878.SH,8.12,6.64,0.10027100271002708,True
2026-04-03,002453.SZ,5.67,4.64,0.09990300678952477,True
2026-04-03,603216.SH,35.13,28.75,0.0998747651847214,True
2026-04-03,603109.SH,22.77,18.63,0.10000000000000002,True
2026-04-03,002114.SZ,9.26,7.58,0.09976247030878858,True
2026-04-03,001386.SZ,21.66,17.72,0.10005078720162523,True
2026-04-03,600966.SH,7.02,5.74,0.1003134796238244,True
2026-04-03,000637.SZ,5.06,4.14,0.1,True
2026-04-03,002856.SZ,12.05,9.86,0.09995435874030129,True
2026-04-03,001322.SZ,8.07,6.61,0.0994550408719346,True
2026-04-03,600962.SH,20.74,16.97,0.09997348183505701,True
2026-04-03,603320.SH,21.91,17.93,0.0998995983935743,True
2026-04-03,002193.SZ,6.23,5.09,0.10070671378091878,True
2026-04-03,603889.SH,8.36,6.84,0.09999999999999998,True
2026-04-03,600281.SH,5.79,4.73,0.10076045627376423,True
2026-04-03,603578.SH,13.66,11.18,0.09983896940418681,True
2026-04-03,003028.SZ,28.47,23.29,0.10007727975270479,True
2026-04-03,600889.SH,15.25,12.47,0.10028860028860027,True
2026-04-03,601890.SH,11.18,9.14,0.10039370078740154,True
2026-04-03,605003.SH,31.31,25.61,0.10014054813773716,True
2026-04-03,600847.SH,13.85,11.33,0.1000794281175536,True
2026-04-03,605007.SH,14.91,12.2,0.09996311324234602,True
2026-04-03,603898.SH,14.92,12.2,0.10029498525073749,True
2026-04-03,002592.SZ,9.08,8.22,0.049710982658959506,False
2026-04-03,603378.SH,5.92,4.84,0.10037174721189591,True
2026-04-03,605069.SH,12.61,10.31,0.100349040139616,True
2026-04-03,001225.SZ,52.46,42.92,0.10002096875655274,True
2026-04-07,603130.SH,40.01,32.73,0.10008248556502615,True
2026-04-07,603822.SH,88.0,79.62,0.04999403412480608,False
2026-04-07,600421.SH,6.32,5.72,0.04983388704318942,False
2026-04-07,600193.SH,4.12,3.72,0.05102040816326529,False
2026-04-07,603070.SH,15.43,12.63,0.09978617248752668,True
2026-04-07,600962.SH,20.33,16.63,0.1001082251082251,True
2026-04-07,600966.SH,6.9,5.64,0.1004784688995216,True
2026-04-07,605007.SH,14.72,12.04,0.10014947683109124,True
2026-04-07,603615.SH,19.05,15.59,0.09988452655889148,True
2026-04-07,603216.SH,34.85,28.51,0.10006313131313131,True
2026-04-07,601089.SH,26.03,21.29,0.1001690617075233,True
2026-04-07,603889.SH,8.23,6.73,0.10026737967914438,True
2026-04-07,601882.SH,20.23,16.55,0.10005437737901032,True
2026-04-07,603578.SH,13.31,10.89,0.09999999999999999,True
2026-04-07,000691.SZ,8.06,7.3,0.04947916666666671,False
2026-04-07,001234.SZ,26.44,21.64,0.09983361064891849,True
2026-04-07,603320.SH,21.44,17.54,0.10005130836326326,True
2026-04-07,002453.SZ,5.42,4.44,0.09939148073022308,True
2026-04-07,002856.SZ,11.83,9.68,0.09995350999535102,True
2026-04-07,603878.SH,7.89,6.45,0.10041841004184097,True
2026-04-07,001225.SZ,51.23,41.91,0.10006441915396179,True
2026-04-07,603205.SH,27.74,22.7,0.09992069785884218,True
2026-04-07,603109.SH,22.44,18.36,0.10000000000000005,True
2026-04-07,002367.SZ,6.97,5.71,0.09936908517350156,True
2026-04-07,603013.SH,20.19,16.52,0.09997275946608558,True
2026-04-07,603170.SH,14.43,11.81,0.09984756097560972,True
2026-04-07,600850.SH,24.24,19.84,0.09981851179673318,True
2026-04-07,002853.SZ,25.6,20.94,0.10012892135797162,True
2026-04-07,605577.SH,13.44,11.0,0.09983633387888706,True
2026-04-07,601890.SH,10.9,8.92,0.09989909182643796,True
2026-04-07,603501.SH,99.17,81.14,0.09999445399589596,True
2026-04-07,600238.SH,4.58,4.14,0.05045871559633033,False
2026-04-07,000061.SZ,7.8,6.38,0.1001410437235543,True
2026-04-07,002208.SZ,12.52,10.24,0.10017574692442881,True
2026-04-07,603813.SH,22.81,20.63,0.0501841620626151,False
2026-04-07,002096.SZ,12.47,10.21,0.09964726631393298,True
2026-04-07,002319.SZ,11.56,9.46,0.09990485252140816,True
2026-04-07,600696.SH,1.56,1.42,0.046979865771812124,False
2026-04-07,001322.SZ,7.84,6.42,0.09957924263674614,True
2026-04-07,600403.SH,6.08,4.98,0.09945750452079562,True
2026-04-08,600421.SH,6.49,5.87,0.050161812297734636,False
2026-04-08,600193.SH,3.91,3.53,0.05107526881720435,False
2026-04-08,603822.SH,92.4,83.6,0.050000000000000065,False
2026-04-08,603130.SH,40.11,32.81,0.1001097092704333,True
2026-04-08,600962.SH,20.27,16.59,0.09983722192078133,True
2026-04-08,000691.SZ,7.97,7.21,0.05006587615283266,False
2026-04-08,601089.SH,25.69,21.02,0.09997859130807112,True
2026-04-08,603889.SH,8.29,6.79,0.09946949602122011,True
2026-04-08,603070.SH,15.75,12.89,0.09986033519553071,True
2026-04-08,603188.SH,5.64,4.62,0.09941520467836254,True
2026-04-08,605577.SH,13.7,11.21,0.09995985547972695,True
2026-04-08,603205.SH,28.07,22.97,0.09992163009404392,True
2026-04-08,603170.SH,14.6,11.94,0.10022607385079127,True
2026-04-08,603230.SH,13.39,10.95,0.10024650780608058,True
2026-04-08,002485.SZ,5.06,4.58,0.0497925311203319,False
2026-04-08,603309.SH,15.75,12.89,0.09986033519553071,True
2026-04-08,000608.SZ,4.14,3.74,0.050761421319796884,False
2026-04-08,603813.SH,23.95,21.67,0.04997807978956592,False
2026-04-08,001386.SZ,20.88,17.08,0.10010537407797686,True
2026-04-08,603312.SH,40.77,33.35,0.10010793308148949,True
2026-04-08,600696.SH,1.49,1.35,0.04929577464788729,False
2026-04-08,000004.SZ,3.9,3.52,0.05121293800539082,False
2026-04-08,600843.SH,10.12,8.28,0.1,True
2026-04-08,000638.SZ,1.14,1.04,0.04587155963302747,False
2026-04-08,603194.SH,35.65,29.17,0.09996914532551678,True
2026-04-08,002367.SZ,6.96,5.7,0.09952606635071089,True
2026-04-08,603025.SH,14.98,12.26,0.0998531571218796,True
2026-04-08,600608.SH,2.85,2.57,0.0516605166051661,False
2026-04-08,600238.SH,4.35,3.93,0.05072463768115936,False
2026-04-08,603879.SH,5.93,4.85,0.10018552875695734,True
2026-04-08,000802.SZ,4.27,3.49,0.1005154639175257,True
2026-04-08,605169.SH,13.1,10.72,0.09991603694374471,True
2026-04-08,003038.SZ,15.53,12.71,0.09985835694050986,True
2026-04-08,001979.SZ,8.62,7.06,0.09948979591836732,True
2026-04-08,600173.SH,7.21,5.9,0.09992372234935161,True
2026-04-08,600053.SH,16.23,13.28,0.09996611318197225,True
2026-04-08,603359.SH,6.4,5.24,0.09965635738831616,True
2026-04-08,002457.SZ,11.79,9.65,0.09981343283582085,True
2026-04-08,000838.SZ,2.35,1.93,0.09813084112149535,True
2026-04-08,603037.SH,14.08,11.52,0.10000000000000002,True
2026-04-09,600193.SH,3.71,3.35,0.05099150141643057,False
2026-04-09,600421.SH,6.48,5.86,0.05024311183144247,False
2026-04-09,603822.SH,97.02,87.78,0.04999999999999997,False
2026-04-09,603130.SH,42.23,34.55,0.10002604845011721,True
2026-04-09,600962.SH,21.02,17.2,0.09994767137624282,True
2026-04-09,601089.SH,26.11,21.37,0.0998315080033698,True
2026-04-09,000691.SZ,8.33,7.53,0.050441361916771746,False
2026-04-09,603188.SH,5.54,4.54,0.0992063492063492,True
2026-04-09,603070.SH,16.5,13.5,0.1,True
2026-04-09,603889.SH,8.65,7.07,0.1005089058524173,True
2026-04-09,605577.SH,14.26,11.66,0.10030864197530862,True
2026-04-09,603205.SH,28.51,23.33,0.0999228395061729,True
2026-04-09,603170.SH,14.71,12.03,0.10022438294689609,True
2026-04-09,603309.SH,16.14,13.2,0.10020449897750516,True
2026-04-09,603230.SH,13.56,11.1,0.09975669099756694,True
2026-04-09,002485.SZ,5.18,4.68,0.05070993914807303,False
2026-04-09,000608.SZ,4.23,3.83,0.04962779156327547,False
2026-04-09,600238.SH,4.13,3.73,0.05089058524173027,False
2026-04-09,000752.SZ,9.54,8.64,0.04950495049504943,False
2026-04-09,002367.SZ,7.14,5.84,0.10015408320493065,True
2026-04-09,000638.SZ,1.09,0.99,0.04807692307692312,False
2026-04-09,600696.SH,1.46,1.32,0.050359712230215785,False
2026-04-09,000599.SZ,6.07,4.97,0.09963768115942034,True
2026-04-09,001277.SZ,39.23,32.09,0.10011217049915865,True
2026-04-09,002856.SZ,12.65,10.35,0.10000000000000003,True
2026-04-09,600199.SH,8.93,7.31,0.0997536945812808,True
2026-04-09,600608.SH,2.7,2.44,0.05058365758754868,False
2026-04-09,603320.SH,22.64,18.52,0.10009718172983482,True
2026-04-09,002691.SZ,8.26,6.76,0.09986684420772304,True
2026-04-09,001386.SZ,21.63,17.69,0.10020345879959303,True
2026-04-09,600966.SH,7.29,5.97,0.09954751131221722,True
2026-04-09,603813.SH,25.15,22.75,0.050104384133611665,False
2026-04-09,603069.SH,19.53,15.98,0.09997183891861448,True
2026-04-09,601579.SH,19.92,16.3,0.09994478188845944,True
2026-04-09,001206.SZ,23.43,19.17,0.09999999999999995,True
2026-04-09,000609.SZ,8.9,8.06,0.04952830188679244,False
2026-04-09,603109.SH,23.34,19.1,0.09990574929311967,True
2026-04-09,000571.SZ,6.37,5.21,0.10017271157167532,True
2026-04-09,603767.SH,20.68,16.92,0.09999999999999995,True
2026-04-09,000523.SZ,3.64,2.98,0.09969788519637464,True
2026-04-10,600421.SH,6.16,5.58,0.04940374787052811,False
2026-04-10,600193.SH,3.52,3.18,0.050746268656716394,False
2026-04-10,603822.SH,95.98,86.84,0.04999453013893448,False
2026-04-10,603130.SH,42.03,34.39,0.09997382884061765,True
2026-04-10,600962.SH,20.66,16.9,0.10010649627263049,True
2026-04-10,000691.SZ,8.33,7.53,0.050441361916771746,False
2026-04-10,601089.SH,25.61,20.95,0.10008591065292095,True
2026-04-10,603188.SH,5.47,4.47,0.1006036217303823,True
2026-04-10,605577.SH,13.9,11.38,0.09968354430379744,True
2026-04-10,603070.SH,16.46,13.46,0.10026737967914438,True
2026-04-10,603170.SH,14.8,12.11,0.09996283909327393,True
2026-04-10,603205.SH,28.27,23.13,0.10000000000000002,True
2026-04-10,603889.SH,8.75,7.16,0.09993714644877434,True
2026-04-10,603309.SH,15.73,12.87,0.10000000000000003,True
2026-04-10,002485.SZ,5.13,4.65,0.04907975460122694,False
2026-04-10,603230.SH,13.4,10.96,0.10016420361247946,True
2026-04-10,000638.SZ,1.04,0.94,0.05050505050505055,False
2026-04-10,002630.SZ,1.97,1.79,0.0478723404255319,False
2026-04-10,600608.SH,2.56,2.32,0.04918032786885251,False
2026-04-10,600238.SH,3.92,3.54,0.050938337801608564,False
2026-04-10,001386.SZ,21.3,17.42,0.1002066115702479,True
2026-04-10,002367.SZ,6.99,5.72,0.09992132179386314,True
2026-04-10,000608.SZ,4.33,3.91,0.05097087378640776,False
2026-04-10,600696.SH,1.39,1.25,0.053030303030303,False
2026-04-10,600843.SH,10.26,8.4,0.09967845659163985,True
2026-04-10,000061.SZ,7.93,6.49,0.09986130374479886,True
2026-04-10,600792.SH,4.49,3.67,0.1004901960784314,True
2026-04-10,000599.SZ,5.91,4.83,0.1005586592178771,True
2026-04-10,600458.SH,12.63,10.33,0.10017421602787459,True
2026-04-10,603120.SH,42.43,34.71,0.10007778065854289,True
2026-04-10,002542.SZ,2.97,2.43,0.1,True
2026-04-10,600611.SH,5.09,4.17,0.09935205183585312,True
2026-04-10,002726.SZ,3.41,2.79,0.10000000000000002,True
2026-04-10,000752.SZ,9.08,8.22,0.049710982658959506,False
2026-04-10,605188.SH,18.46,15.1,0.10011918951132304,True
2026-04-10,002829.SZ,24.53,20.07,0.10000000000000002,True
2026-04-10,001979.SZ,8.8,7.2,0.10000000000000003,True
2026-04-10,000096.SZ,10.9,8.92,0.09989909182643796,True
2026-04-10,002905.SZ,10.43,8.53,0.10021097046413503,True
2026-04-10,000816.SZ,3.53,2.89,0.09968847352024918,True
2026-04-13,600421.SH,6.47,5.85,0.050324675324675334,False
2026-04-13,600193.SH,3.7,3.34,0.05113636363636368,False
2026-04-13,603822.SH,95.88,86.74,0.05004928266345417,False
2026-04-13,603130.SH,42.31,34.61,0.10010400416016645,True
2026-04-13,600962.SH,21.12,17.28,0.09999999999999998,True
2026-04-13,601089.SH,25.71,21.03,0.10012836970474967,True
2026-04-13,000691.SZ,8.43,7.63,0.049813200498131996,False
2026-04-13,600696.SH,1.32,1.2,0.04761904761904766,False
2026-04-13,600238.SH,4.12,3.72,0.05102040816326529,False
2026-04-13,000638.SZ,0.99,0.89,0.05319148936170212,False
2026-04-13,600850.SH,21.89,17.91,0.10000000000000002,True
2026-04-13,603188.SH,5.56,4.55,0.09990108803165182,True
2026-04-13,603008.SH,13.73,11.23,0.1001602564102564,True
2026-04-13,000004.SZ,3.34,3.02,0.05031446540880501,False
2026-04-13,600608.SH,2.44,2.2,0.051724137931034427,False
2026-04-13,002630.SZ,1.97,1.79,0.0478723404255319,False
2026-04-13,002800.SZ,18.74,15.34,0.09976525821596241,True
2026-04-13,000818.SZ,16.21,13.27,0.0997286295793759,True
2026-04-13,000545.SZ,3.32,2.72,0.0993377483443708,True
2026-04-13,002277.SZ,6.14,5.02,0.1003584229390681,True
2026-04-13,002453.SZ,5.57,4.55,0.10079051383399214,True
2026-04-13,001277.SZ,38.9,31.82,0.10011312217194568,True
2026-04-13,002592.SZ,8.63,7.81,0.04987834549878352,False
2026-04-13,002856.SZ,12.38,10.13,0.09995557529986672,True
2026-04-13,002671.SZ,5.25,4.29,0.10062893081761007,True
2026-04-13,600586.SH,5.79,4.73,0.10076045627376423,True
2026-04-13,002367.SZ,7.07,5.79,0.09953343701399692,True
2026-04-13,000911.SZ,6.86,5.62,0.09935897435897437,True
2026-04-13,002706.SZ,10.99,8.99,0.10010010010010009,True
2026-04-13,605288.SH,93.21,76.27,0.09995279679018172,True
2026-04-13,603057.SH,27.18,22.24,0.09995953055443142,True
2026-04-13,002194.SZ,11.74,9.6,0.10028116213683226,True
2026-04-13,603898.SH,14.5,11.86,0.10015174506828531,True
2026-04-13,603578.SH,13.84,11.32,0.10015898251192368,True
2026-04-13,605081.SH,6.39,5.79,0.04926108374384234,False
2026-04-13,000752.SZ,9.28,8.4,0.04977375565610854,False
2026-04-13,600792.SH,4.46,3.65,0.09987669543773121,True
2026-04-13,600307.SH,2.05,1.67,0.10215053763440858,True
2026-04-13,600408.SH,3.51,2.87,0.1003134796238244,True
2026-04-13,603926.SH,20.27,16.59,0.09983722192078133,True
2026-04-14,600421.SH,6.63,5.99,0.050713153724247194,False
2026-04-14,603822.SH,94.4,85.41,0.049997219287025246,False
2026-04-14,600193.SH,3.58,3.24,0.04985337243401757,False
2026-04-14,601089.SH,25.26,20.66,0.10017421602787459,True
2026-04-14,603130.SH,41.65,34.07,0.10010565240359216,True
2026-04-14,600962.SH,21.22,17.36,0.10005184033177811,True
2026-04-14,000691.SZ,8.47,7.67,0.049566294919454815,False
2026-04-14,603188.SH,5.53,4.53,0.09940357852882703,True
2026-04-14,600238.SH,4.33,3.91,0.05097087378640776,False
2026-04-14,600850.SH,22.21,18.17,0.10004952947003465,True
2026-04-14,002207.SZ,9.02,7.38,0.09999999999999999,True
2026-04-14,603008.SH,13.54,11.08,0.09991876523151906,True
2026-04-14,600828.SH,5.7,4.66,0.1003861003861004,True
2026-04-14,600696.SH,1.26,1.14,0.050000000000000044,False
2026-04-14,002800.SZ,18.56,15.18,0.10017783046828689,True
2026-04-14,000911.SZ,6.57,5.37,0.10050251256281408,True
2026-04-14,600053.SH,16.35,13.37,0.10026917900403776,True
2026-04-14,600792.SH,4.55,3.73,0.09903381642512075,True
2026-04-14,600608.SH,2.56,2.32,0.04918032786885251,False
2026-04-14,000096.SZ,11.0,9.0,0.1,True
2026-04-14,000004.SZ,3.3,2.98,0.050955414012738835,False
2026-04-14,002194.SZ,11.66,9.54,0.10000000000000005,True
2026-04-14,002592.SZ,8.74,7.9,0.05048076923076922,False
2026-04-14,600618.SH,14.11,11.55,0.0997661730319563,True
2026-04-14,605081.SH,6.62,5.99,0.04996034892942109,False
2026-04-14,601015.SH,4.62,3.78,0.10000000000000003,True
2026-04-14,002276.SZ,15.53,12.71,0.09985835694050986,True
2026-04-14,000631.SZ,3.71,3.03,0.10089020771513355,True
2026-04-14,000639.SZ,2.46,2.02,0.0982142857142857,True
2026-04-14,603681.SH,19.79,16.19,0.10005558643690933,True
2026-04-14,600688.SH,3.23,2.65,0.09863945578231294,True
2026-04-14,603170.SH,14.44,11.82,0.09977151561309974,True
2026-04-14,603025.SH,15.87,12.99,0.09979209979209976,True
2026-04-14,002671.SZ,5.29,4.33,0.09979209979209978,True
2026-04-14,603309.SH,15.44,12.64,0.09971509971509969,True
2026-04-14,001209.SZ,22.65,18.53,0.10004856726566289,True
2026-04-14,603396.SH,38.36,31.38,0.10008603383997706,True
2026-04-14,002520.SZ,6.11,5.0,0.09990999099909995,True
2026-04-14,000759.SZ,6.08,4.98,0.09945750452079562,True
2026-04-14,000599.SZ,6.12,5.0,0.10071942446043165,True
2026-04-15,600421.SH,6.45,5.83,0.050488599348534204,False
2026-04-15,600193.SH,3.4,3.08,0.049382716049382686,False
2026-04-15,603822.SH,92.09,83.32,0.049997149535374326,False
2026-04-15,603130.SH,41.53,33.98,0.09998675672096417,True
2026-04-15,601089.SH,25.27,20.67,0.10013060513713536,True
2026-04-15,600962.SH,20.92,17.12,0.09989484752891693,True
2026-04-15,000691.SZ,8.43,7.63,0.049813200498131996,False
2026-04-15,603170.SH,14.44,11.82,0.09977151561309974,True
2026-04-15,603188.SH,5.5,4.5,0.1,True
2026-04-15,600636.SH,7.47,6.75,0.05063291139240505,False
2026-04-15,002671.SZ,5.26,4.3,0.10041841004184102,True
2026-04-15,600696.SH,1.2,1.08,0.05263157894736836,False
2026-04-15,002207.SZ,8.73,7.15,0.09949622166246852,True
2026-04-15,603230.SH,12.44,10.18,0.09991158267020336,True
2026-04-15,603155.SH,17.68,14.46,0.10018668326073425,True
2026-04-15,000004.SZ,3.47,3.14,0.04992435703479577,False
2026-04-15,603205.SH,28.36,23.2,0.10007757951900698,True
2026-04-15,600608.SH,2.57,2.33,0.04897959183673464,False
2026-04-15,601038.SH,14.1,11.54,0.09984399375975041,True
2026-04-15,600053.SH,16.59,13.57,0.10013262599469494,True
2026-04-15,603356.SH,17.72,14.5,0.09993792675356918,True
2026-04-15,600792.SH,4.49,3.67,0.1004901960784314,True
2026-04-15,605577.SH,13.92,11.39,0.09996048992493083,True
2026-04-15,002800.SZ,18.3,14.98,0.09975961538461539,True
2026-04-15,603008.SH,13.24,10.84,0.09966777408637877,True
2026-04-15,000096.SZ,10.91,8.93,0.09979838709677422,True
2026-04-15,002276.SZ,15.72,12.86,0.10006997900629816,True
2026-04-15,000631.SZ,3.67,3.01,0.09880239520958087,True
2026-04-15,000838.SZ,2.3,1.88,0.10047846889952151,True
2026-04-15,001277.SZ,38.86,31.8,0.09991508632889894,True
2026-04-15,603223.SH,9.16,7.5,0.09963985594237695,True
2026-04-15,605007.SH,15.38,12.58,0.1001430615164521,True
2026-04-15,600828.SH,5.75,4.71,0.09942638623326959,True
2026-04-15,002861.SZ,17.55,14.36,0.09996866186148547,True
2026-04-15,600688.SH,3.2,2.62,0.09965635738831616,True
2026-04-15,600618.SH,14.05,11.49,0.10023492560689118,True
2026-04-15,601369.SH,11.09,9.07,0.10019841269841268,True
2026-04-15,603070.SH,16.69,13.65,0.10019775873434413,True
2026-04-15,002453.SZ,5.39,4.41,0.09999999999999995,True
2026-04-15,002791.SZ,21.41,17.51,0.10020554984583757,True
2026-04-16,600193.SH,3.24,2.94,0.0485436893203884,False
2026-04-16,600421.SH,6.17,5.59,0.04931972789115647,False
2026-04-16,603822.SH,90.28,81.68,0.05001163061177014,False
2026-04-16,603130.SH,40.84,33.42,0.09991920280096958,True
2026-04-16,600696.SH,1.13,1.03,0.04629629629629623,False
2026-04-16,601089.SH,25.52,20.88,0.10000000000000002,True
2026-04-16,000691.SZ,8.39,7.59,0.050062578222778514,False
2026-04-16,600608.SH,2.48,2.24,0.050847457627118585,False
2026-04-16,600962.SH,20.47,16.75,0.09994626544868347,True
2026-04-16,605577.SH,13.71,11.21,0.10032102728731941,True
2026-04-16,000004.SZ,3.64,3.3,0.04899135446685884,False
2026-04-16,603230.SH,12.28,10.04,0.1003584229390681,True
2026-04-16,002102.SZ,3.16,2.58,0.10104529616724739,True
2026-04-16,603188.SH,5.35,4.37,0.10082304526748967,True
2026-04-16,002800.SZ,18.52,15.16,0.09976247030878858,True
2026-04-16,603578.SH,13.72,11.22,0.10024057738572574,True
2026-04-16,002905.SZ,10.54,8.62,0.1002087682672234,True
2026-04-16,603070.SH,16.65,13.63,0.09973579920739754,True
2026-04-16,002453.SZ,5.3,4.34,0.0995850622406639,True
2026-04-16,603309.SH,15.43,12.63,0.09978617248752668,True
2026-04-16,000631.SZ,3.59,2.93,0.10122699386503063,True
2026-04-16,603023.SH,4.82,3.94,0.10045662100456625,True
2026-04-16,605007.SH,15.4,12.6,0.10000000000000002,True
2026-04-16,600107.SH,5.9,5.34,0.04982206405693954,False
2026-04-16,600491.SH,2.66,2.18,0.09917355371900827,True
2026-04-16,002319.SZ,12.27,10.04,0.09995517705064996,True
2026-04-16,603170.SH,14.49,11.85,0.10022779043280185,True
2026-04-16,000816.SZ,3.51,2.87,0.1003134796238244,True
2026-04-16,001202.SZ,18.63,15.25,0.0997638724911452,True
2026-04-16,600403.SH,6.23,5.09,0.10070671378091878,True
2026-04-16,603013.SH,20.8,17.02,0.09994711792702277,True
2026-04-16,600966.SH,7.03,5.75,0.10015649452269172,True
2026-04-16,600807.SH,3.23,2.65,0.09863945578231294,True
2026-04-16,600053.SH,16.52,13.52,0.09986684420772304,True
2026-04-16,000838.SZ,2.07,1.69,0.10106382978723402,True
2026-04-16,002114.SZ,9.47,7.75,0.099883855981417,True
2026-04-16,600828.SH,5.68,4.64,0.10077519379844961,True
2026-04-16,000608.SZ,4.32,3.9,0.05109489051094895,False
2026-04-16,603057.SH,27.43,22.45,0.09983961507618286,True
2026-04-16,603257.SH,61.8,50.56,0.10003559985760052,True
2026-04-17,603822.SH,89.62,81.08,0.05002929115407151,False
2026-04-17,600421.SH,6.01,5.43,0.05069930069930071,False
2026-04-17,600193.SH,3.26,2.95,0.049919484702093335,False
2026-04-17,603230.SH,12.34,10.1,0.09982174688057042,True
2026-04-17,603170.SH,14.49,11.85,0.10022779043280185,True
2026-04-17,605577.SH,14.07,11.51,0.10007818608287727,True
2026-04-17,603070.SH,16.78,13.73,0.09996722386102919,True
2026-04-17,000691.SZ,8.53,7.71,0.05049261083743839,False
2026-04-17,603676.SH,11.57,9.47,0.09980988593155893,True
2026-04-17,603013.SH,21.19,17.33,0.10020768431983394,True
2026-04-17,001388.SZ,43.91,35.93,0.09994989979959916,True
2026-04-17,002658.SZ,9.38,7.68,0.09964830011723334,True
2026-04-17,600403.SH,6.29,5.15,0.0996503496503496,True
2026-04-17,603312.SH,45.74,37.42,0.10004810004810005,True
2026-04-17,600618.SH,14.1,11.54,0.09984399375975041,True
2026-04-17,000655.SZ,9.46,7.74,0.10000000000000002,True
2026-04-17,603205.SH,28.58,23.38,0.10007698229407236,True
2026-04-17,002742.SZ,5.01,4.53,0.050314465408804986,False
2026-04-17,002394.SZ,14.71,12.03,0.10022438294689609,True
2026-04-17,001322.SZ,8.16,6.68,0.09973045822102429,True
2026-04-17,002383.SZ,10.66,8.72,0.10010319917440656,True
2026-04-17,601026.SH,20.8,17.02,0.09994711792702277,True
2026-04-17,603229.SH,11.26,9.22,0.09960937499999996,True
2026-04-17,603712.SH,18.22,14.9,0.10024154589371977,True
2026-04-17,000816.SZ,3.58,2.93,0.0998463901689708,True
2026-04-17,002918.SZ,13.07,10.69,0.10016835016835021,True
2026-04-17,002243.SZ,9.71,7.95,0.09966024915062291,True
2026-04-17,000608.SZ,4.24,3.84,0.04950495049504955,False
2026-04-17,601700.SH,5.81,4.75,0.10037878787878786,True
2026-04-17,002485.SZ,5.12,4.64,0.04918032786885251,False
2026-04-17,600807.SH,3.3,2.7,0.09999999999999994,True
2026-04-17,002453.SZ,5.42,4.44,0.09939148073022308,True
2026-04-17,600963.SH,5.27,4.31,0.1002087682672234,True
2026-04-17,600626.SH,4.36,3.56,0.10101010101010105,True
2026-04-17,000920.SZ,12.99,10.63,0.09991532599491953,True
2026-04-17,002106.SZ,11.68,9.56,0.09981167608286248,True
2026-04-17,603578.SH,14.04,11.48,0.1003134796238244,True
2026-04-17,002412.SZ,7.51,6.15,0.0995607613469985,True
2026-04-17,001373.SZ,38.05,31.13,0.10002891008962127,True
2026-04-17,002671.SZ,5.31,4.35,0.09937888198757763,True
2026-04-20,600193.SH,3.1,2.8,0.05084745762711869,False
2026-04-20,600421.SH,5.7,5.16,0.04972375690607735,False
2026-04-20,603170.SH,14.52,11.88,0.09999999999999996,True
2026-04-20,603205.SH,28.38,23.22,0.10000000000000002,True
2026-04-20,601089.SH,24.63,20.15,0.10004466279589103,True
2026-04-20,601026.SH,20.58,16.84,0.09994655264564399,True
2026-04-20,603230.SH,12.28,10.04,0.1003584229390681,True
2026-04-20,002791.SZ,21.31,17.43,0.1001548786783686,True
2026-04-20,600403.SH,6.24,5.1,0.10052910052910058,True
2026-04-20,600828.SH,5.81,4.75,0.10037878787878786,True
2026-04-20,603070.SH,16.7,13.66,0.10013175230566532,True
2026-04-20,002367.SZ,7.03,5.75,0.10015649452269172,True
2026-04-20,001386.SZ,21.34,17.46,0.09999999999999998,True
2026-04-20,605577.SH,13.87,11.35,0.09992069785884218,True
2026-04-20,603822.SH,88.65,80.21,0.0499822338031506,False
2026-04-20,001388.SZ,43.52,35.6,0.1001011122345804,True
2026-04-20,002096.SZ,12.88,10.54,0.09991460290350135,True
2026-04-20,603013.SH,21.32,17.44,0.10010319917440656,True
2026-04-20,601038.SH,13.94,11.4,0.10023677979479081,True
2026-04-20,600628.SH,7.87,6.44,0.0999301187980433,True
2026-04-20,600199.SH,8.87,7.25,0.10049627791563272,True
2026-04-20,000691.SZ,8.48,7.68,0.04950495049504955,False
2026-04-20,000061.SZ,8.17,6.69,0.09959623149394345,True
2026-04-20,001356.SZ,12.22,10.0,0.09990999099909995,True
2026-04-20,603235.SH,29.43,24.08,0.09998131190431699,True
2026-04-20,002356.SZ,3.8,3.11,0.09985528219971056,True
2026-04-20,600611.SH,5.19,4.25,0.0995762711864407,True
2026-04-20,600690.SH,22.94,18.77,0.09997602493406861,True
2026-04-20,603237.SH,18.85,15.43,0.09976662777129526,True
2026-04-20,605009.SH,31.37,25.67,0.099929873772791,True
2026-04-20,605369.SH,19.48,15.94,0.09994353472614344,True
2026-04-20,002282.SZ,7.67,6.27,0.1004304160688666,True
2026-04-20,000599.SZ,5.93,4.85,0.10018552875695734,True
2026-04-20,600618.SH,13.98,11.44,0.09992132179386314,True
2026-04-20,603312.SH,46.2,37.8,0.10000000000000006,True
2026-04-20,601700.SH,5.81,4.75,0.10037878787878786,True
2026-04-20,600688.SH,3.1,2.54,0.09929078014184398,True
2026-04-20,603053.SH,10.53,8.61,0.10031347962382445,True
2026-04-20,000920.SZ,13.15,10.76,0.09995817649519032,True
2026-04-20,605183.SH,21.26,17.4,0.09984480082772901,True
2026-04-21,603170.SH,14.59,11.93,0.10030165912518854,True
2026-04-21,603205.SH,28.55,23.36,0.09998073588903875,True
2026-04-21,603070.SH,16.81,13.75,0.10013089005235598,True
2026-04-21,601089.SH,24.48,20.03,0.09997753313862051,True
2026-04-21,603230.SH,12.27,10.04,0.09995517705064996,True
2026-04-21,603889.SH,10.24,8.38,0.0998925886143931,True
2026-04-21,605577.SH,13.97,11.43,0.10000000000000005,True
2026-04-21,000691.SZ,8.42,7.62,0.04987531172069824,False
2026-04-21,603188.SH,5.37,4.39,0.10040983606557381,True
2026-04-21,603207.SH,30.99,25.35,0.1001064962726304,True
2026-04-21,002485.SZ,5.1,4.62,0.04938271604938267,False
2026-04-21,600830.SH,9.72,7.96,0.09954751131221723,True
2026-04-21,605266.SH,20.68,16.92,0.09999999999999995,True
2026-04-21,603277.SH,15.58,12.74,0.1002824858757062,True
2026-04-21,002742.SZ,4.97,4.49,0.050739957716701846,False
2026-04-21,002282.SZ,7.67,6.27,0.1004304160688666,True
2026-04-21,603518.SH,9.93,8.13,0.09966777408637867,True
2026-04-21,600992.SH,13.3,10.88,0.1000827129859388,True
2026-04-21,605369.SH,19.73,16.15,0.09977703455964332,True
2026-04-22,603170.SH,14.6,11.94,0.10022607385079127,True
2026-04-22,603070.SH,16.75,13.71,0.09980302035456333,True
2026-04-22,603205.SH,28.63,23.43,0.09988474836726852,True
2026-04-22,601089.SH,24.32,19.9,0.09995477159656269,True
2026-04-23,603170.SH,14.43,11.81,0.09984756097560972,True
2026-04-23,603070.SH,16.54,13.54,0.0997340425531915,True
2026-04-23,603205.SH,28.34,23.18,0.1001552795031056,True
2026-04-23,601089.SH,24.7,20.21,0.09997773324426629,True
2026-04-23,600479.SH,11.53,9.43,0.10019083969465646,True
2026-04-23,603676.SH,11.35,9.29,0.09980620155038762,True
2026-04-23,603207.SH,30.7,25.12,0.09996417054819058,True
2026-04-23,603235.SH,29.1,23.81,0.09998109998110004,True
2026-04-23,603889.SH,10.07,8.24,0.09994538503549971,True
2026-04-23,603395.SH,31.37,25.67,0.099929873772791,True
2026-04-23,603188.SH,5.28,4.32,0.09999999999999998,True
2026-04-23,600892.SH,3.68,3.33,0.04992867332382312,False
2026-04-23,603231.SH,19.75,16.16,0.09997215260373156,True
2026-04-23,600962.SH,23.72,19.4,0.10018552875695734,True
2026-04-23,603136.SH,11.81,9.67,0.09962756052141529,True
2026-04-23,605033.SH,24.39,19.95,0.10013531799729367,True
2026-04-23,000590.SZ,12.06,9.86,0.10036496350364968,True
2026-04-23,605266.SH,20.67,16.91,0.10005321979776481,True
2026-04-23,001333.SZ,27.31,22.35,0.09987917841320978,True
2026-04-23,600830.SH,9.66,7.9,0.10022779043280179,True
2026-04-23,605369.SH,19.59,16.03,0.09994385176866924,True
2026-04-23,601968.SH,5.74,4.7,0.09961685823754789,True
2026-04-23,603416.SH,57.74,47.24,0.10001905124785673,True
2026-04-23,603518.SH,9.94,8.14,0.09955752212389375,True
2026-04-23,002864.SZ,33.55,27.45,0.09999999999999996,True
2026-04-23,002749.SZ,13.62,11.14,0.10016155088852984,True
2026-04-23,603439.SH,12.09,9.89,0.100090991810737,True
2026-04-23,600211.SH,45.5,37.22,0.10009671179883947,True
2026-04-23,603617.SH,8.03,6.57,0.09999999999999994,True
2026-04-23,002644.SZ,9.09,7.43,0.10048426150121066,True
2026-04-23,002282.SZ,7.52,6.16,0.09941520467836254,True
2026-04-23,002374.SZ,3.37,2.75,0.10130718954248367,True
2026-04-23,002412.SZ,7.15,5.85,0.10000000000000006,True
2026-04-23,603201.SH,18.04,14.76,0.09999999999999999,True
2026-04-23,000705.SZ,9.48,7.76,0.0997679814385151,True
2026-04-23,603739.SH,16.52,13.52,0.09986684420772304,True
2026-04-23,002827.SZ,35.63,29.15,0.10003087372645884,True
2026-04-23,002103.SZ,8.95,7.33,0.09950859950859946,True
2026-04-23,600365.SH,3.26,2.95,0.049919484702093335,False
2026-04-23,002872.SZ,5.29,4.79,0.0496031746031746,False
2026-04-24,603205.SH,28.01,22.91,0.10015710919088769,True
2026-04-24,603170.SH,14.65,11.99,0.09984984984984985,True
2026-04-24,603070.SH,16.21,13.27,0.0997286295793759,True
2026-04-24,605033.SH,24.31,19.89,0.09999999999999995,True
2026-04-24,600830.SH,9.57,7.83,0.10000000000000002,True
2026-04-24,603395.SH,31.09,25.43,0.10014154281670207,True
2026-04-24,600479.SH,11.55,9.45,0.10000000000000006,True
2026-04-24,603676.SH,11.22,9.18,0.10000000000000005,True
2026-04-24,605266.SH,20.65,16.89,0.10015982951518375,True
2026-04-24,603207.SH,30.45,24.91,0.1000722543352601,True
2026-04-24,603889.SH,9.78,8.0,0.10011248593925755,True
2026-04-24,603235.SH,28.96,23.7,0.09988606152677558,True
2026-04-24,600211.SH,45.09,36.89,0.10002439619419373,True
2026-04-24,603439.SH,11.95,9.77,0.1003683241252302,True
2026-04-24,000705.SZ,9.38,7.68,0.09964830011723334,True
2026-04-24,600420.SH,10.75,8.79,0.1003070624360287,True
2026-04-24,603102.SH,44.04,36.04,0.0999000999000999,True
2026-04-24,603136.SH,11.74,9.6,0.10028116213683226,True
2026-04-24,605369.SH,19.48,15.94,0.09994353472614344,True
2026-04-24,600771.SH,18.82,15.4,0.09994155464640561,True
2026-04-24,002942.SZ,21.08,17.24,0.1002087682672234,True
2026-04-24,002872.SZ,5.21,4.71,0.05040322580645162,False
2026-04-24,603188.SH,5.24,4.28,0.10084033613445378,True
2026-04-24,603392.SH,42.42,34.7,0.100103734439834,True
2026-04-24,600721.SH,9.52,7.79,0.09994222992489889,True
2026-04-24,603998.SH,11.44,9.36,0.10000000000000002,True
2026-04-24,600976.SH,36.2,29.62,0.09996961409905805,True
2026-04-24,603231.SH,19.54,15.98,0.1002252252252252,True
2026-04-24,001202.SZ,18.15,14.85,0.09999999999999996,True
2026-04-24,002275.SZ,15.52,12.7,0.09992912827781716,True
2026-04-24,600892.SH,3.62,3.28,0.049275362318840624,False
2026-04-24,003020.SZ,25.91,21.2,0.09997877308427087,True
2026-04-24,603518.SH,9.97,8.15,0.10044150110375277,True
2026-04-24,600199.SH,9.05,7.41,0.09963547995139736,True
2026-04-24,600774.SH,9.38,7.68,0.09964830011723334,True
2026-04-24,600568.SH,2.96,2.68,0.049645390070921946,False
2026-04-24,002644.SZ,9.01,7.37,0.10012210012210011,True
2026-04-24,600272.SH,13.37,10.94,0.09995886466474702,True
2026-04-24,001333.SZ,26.68,21.83,0.09997938569367144,True
2026-04-24,001222.SZ,21.21,17.35,0.100103734439834,True
2026-04-27,603070.SH,16.64,13.62,0.09980171844018511,True
2026-04-27,603205.SH,29.35,24.01,0.10007496251874062,True
2026-04-27,603170.SH,14.53,11.89,0.09992429977289927,True
2026-04-27,600962.SH,22.91,18.75,0.09985597695631303,True
2026-04-27,603889.SH,9.74,7.97,0.09994353472614344,True
2026-04-27,603188.SH,5.42,4.44,0.09939148073022308,True
2026-04-27,603395.SH,31.21,25.53,0.100105745505816,True
2026-04-27,600721.SH,9.57,7.83,0.10000000000000002,True
2026-04-27,603230.SH,11.92,9.76,0.09963099630996311,True
2026-04-27,001333.SZ,26.71,21.85,0.10008237232289949,True
2026-04-27,000886.SZ,6.19,5.07,0.0994671403197158,True
2026-04-27,601599.SH,4.14,3.38,0.10106382978723402,True
2026-04-27,600892.SH,3.76,3.4,0.05027932960893853,False
2026-04-27,001318.SZ,14.97,12.25,0.09992652461425425,True
2026-04-27,603231.SH,19.61,16.05,0.09983174425126189,True
2026-04-27,600980.SH,24.86,20.34,0.09999999999999998,True
2026-04-27,001202.SZ,18.24,14.92,0.10012062726176112,True
2026-04-27,605033.SH,24.63,20.15,0.10004466279589103,True
2026-04-27,605266.SH,20.75,16.97,0.10021208907741255,True
2026-04-27,600479.SH,11.67,9.55,0.09990574929311967,True
2026-04-27,002661.SZ,9.63,7.88,0.09994288977727017,True
2026-04-27,002059.SZ,5.48,4.48,0.1004016064257028,True
2026-04-27,002644.SZ,8.9,7.28,0.10012360939431397,True
2026-04-27,600576.SH,6.39,5.23,0.099827882960413,True
2026-04-27,001390.SZ,23.6,19.31,0.09997669540899565,True
2026-04-27,002526.SZ,3.71,3.03,0.10089020771513355,True
2026-04-27,000421.SZ,6.56,5.36,0.10067114093959725,True
2026-04-27,603416.SH,57.09,46.71,0.10000000000000002,True
2026-04-27,603207.SH,30.22,24.72,0.10010921004732436,True
2026-04-27,000011.SZ,9.28,7.6,0.09952606635071089,True
2026-04-27,603566.SH,13.73,11.23,0.1001602564102564,True
2026-04-27,603518.SH,9.93,8.13,0.09966777408637867,True
2026-04-27,001386.SZ,20.74,16.97,0.09997348183505701,True
2026-04-27,002282.SZ,7.55,6.17,0.10058309037900874,True
2026-04-27,600199.SH,8.88,7.26,0.10037174721189597,True
2026-04-27,600033.SH,3.97,3.25,0.09972299168975071,True
2026-04-27,002872.SZ,5.25,4.75,0.05,False
2026-04-27,000058.SZ,8.81,7.21,0.09987515605493137,True
2026-04-27,600569.SH,2.32,1.9,0.09952606635071089,True
2026-04-27,603065.SH,8.94,7.32,0.09963099630996307,True
2026-04-28,603205.SH,30.27,24.77,0.09992732558139535,True
2026-04-28,603070.SH,16.47,13.47,0.10020040080160315,True
2026-04-28,603395.SH,31.1,25.44,0.10010611956137247,True
2026-04-28,603170.SH,14.91,12.2,0.09996311324234602,True
2026-04-28,603511.SH,16.17,13.23,0.10000000000000003,True
2026-04-28,600059.SH,9.83,8.05,0.09955257270693507,True
2026-04-28,603323.SH,5.39,4.41,0.09999999999999995,True
2026-04-28,600117.SH,2.82,2.3,0.10156250000000001,True
2026-04-28,003037.SZ,7.89,6.45,0.10041841004184097,True
2026-04-28,600269.SH,4.8,3.92,0.10091743119266056,True
2026-04-28,601518.SH,3.14,2.57,0.09982486865148867,True
2026-04-28,600814.SH,8.57,7.01,0.10012836970474971,True
2026-04-28,000886.SZ,6.22,5.09,0.09991158267020336,True
2026-04-28,001333.SZ,26.52,21.7,0.09995852343425965,True
2026-04-28,600622.SH,2.82,2.3,0.10156250000000001,True
2026-04-28,603231.SH,19.61,16.05,0.09983174425126189,True
2026-04-28,001277.SZ,39.58,32.38,0.10005558643690933,True
2026-04-28,002561.SZ,8.98,7.34,0.1004901960784314,True
2026-04-28,600020.SH,4.1,3.36,0.09919571045576406,True
2026-04-28,600628.SH,7.8,6.38,0.1001410437235543,True
2026-04-28,000812.SZ,4.5,3.68,0.1002444987775061,True
2026-04-28,600199.SH,8.7,7.12,0.09987357774968389,True
2026-04-28,601566.SH,12.02,9.84,0.09972552607502286,True
2026-04-28,600182.SH,15.62,14.14,0.04973118279569888,False
2026-04-28,600365.SH,3.26,2.95,0.049919484702093335,False
2026-04-28,600168.SH,5.47,4.47,0.1006036217303823,True
2026-04-28,600217.SH,4.05,3.31,0.10054347826086954,True
2026-04-28,600279.SH,5.25,4.29,0.10062893081761007,True
2026-04-28,600630.SH,8.98,7.34,0.1004901960784314,True
2026-04-28,601366.SH,4.33,3.55,0.0989847715736041,True
2026-04-28,600892.SH,3.79,3.43,0.04986149584487532,False
2026-04-28,603014.SH,40.05,32.77,0.09997253501785217,True
2026-04-28,603167.SH,10.16,8.32,0.09956709956709955,True
2026-04-28,603418.SH,56.02,45.84,0.09994109562144118,True
2026-04-28,605337.SH,12.2,9.98,0.10009017132551844,True
2026-04-28,002462.SZ,15.27,12.49,0.10014409221902015,True
2026-04-28,000514.SZ,5.3,4.34,0.0995850622406639,True
2026-04-28,600368.SH,4.25,3.47,0.10103626943005178,True
2026-04-28,600648.SH,11.56,9.46,0.09990485252140816,True
2026-04-28,605339.SH,17.63,14.43,0.09981285090455393,True
2026-04-29,603070.SH,16.39,13.41,0.1,True
2026-04-29,002485.SZ,4.96,4.48,0.050847457627118585,False
2026-04-29,600199.SH,8.71,7.13,0.0997474747474748,True
2026-04-29,600168.SH,5.51,4.51,0.0998003992015968,True
2026-04-29,600197.SH,13.44,11.0,0.09983633387888706,True
2026-04-29,600616.SH,5.48,4.48,0.1004016064257028,True
2026-04-29,603170.SH,15.21,12.45,0.09978308026030375,True
2026-04-29,001277.SZ,39.46,32.28,0.10008363534987454,True
2026-04-29,600059.SH,9.81,8.03,0.0997757847533633,True
2026-04-29,600084.SH,6.23,5.63,0.050590219224283355,False
2026-04-29,601686.SH,6.13,5.01,0.10053859964093358,True
2026-04-29,600117.SH,2.81,2.3,0.09980430528375739,True
2026-04-29,601368.SH,5.31,4.35,0.09937888198757763,True
2026-04-29,605339.SH,17.25,14.11,0.10012755102040818,True
2026-04-29,603205.SH,30.44,24.9,0.10010842067220821,True
2026-04-29,003037.SZ,7.93,6.49,0.09986130374479886,True
2026-04-29,001318.SZ,14.43,11.81,0.09984756097560972,True
2026-04-29,603231.SH,19.4,15.88,0.09977324263038542,True
2026-04-29,001333.SZ,26.18,21.42,0.09999999999999995,True
2026-04-29,000897.SZ,2.32,1.9,0.09952606635071089,True
2026-04-29,000548.SZ,5.8,4.74,0.10056925996204931,True
2026-04-29,600269.SH,4.86,3.98,0.09954751131221723,True
2026-04-29,002644.SZ,8.98,7.34,0.1004901960784314,True
2026-04-29,603395.SH,30.06,24.6,0.09989023051591653,True
2026-04-29,600622.SH,2.81,2.3,0.09980430528375739,True
2026-04-29,601568.SH,4.37,3.57,0.10075566750629728,True
2026-04-29,601089.SH,22.7,18.58,0.09980620155038762,True
2026-04-29,603014.SH,39.04,31.94,0.10002817695125384,True
2026-04-29,603418.SH,55.44,45.36,0.09999999999999999,True
2026-04-29,605500.SH,10.12,8.28,0.1,True
2026-04-29,600650.SH,13.48,11.03,0.09995920032639743,True
2026-04-29,600814.SH,8.34,6.82,0.10026385224274403,True
2026-04-29,000501.SZ,9.04,7.4,0.09975669099756684,True
2026-04-29,002561.SZ,8.78,7.18,0.10025062656641602,True
2026-04-29,600020.SH,4.15,3.39,0.10079575596816978,True
2026-04-29,600365.SH,3.22,2.92,0.04885993485342023,False
2026-04-29,600628.SH,7.73,6.33,0.09957325746799434,True
2026-04-29,603128.SH,6.02,4.92,0.1005484460694698,True
2026-04-29,001202.SZ,18.41,15.07,0.09976105137395458,True
2026-04-29,601566.SH,11.85,9.69,0.10027855153203344,True
2026-04-30,001318.SZ,14.62,11.96,0.10007524454477044,True
2026-04-30,601518.SH,3.26,2.66,0.10135135135135129,True
2026-04-30,603205.SH,29.33,23.99,0.10015003750937736,True
2026-04-30,603170.SH,15.37,12.57,0.1002147458840372,True
2026-04-30,600199.SH,8.77,7.17,0.1003764115432873,True
2026-04-30,002561.SZ,8.93,7.31,0.0997536945812808,True
2026-04-30,600168.SH,5.6,4.58,0.10019646365422392,True
2026-04-30,605339.SH,17.41,14.25,0.0998104864181933,True
2026-04-30,002732.SZ,18.14,14.84,0.10006064281382657,True
2026-04-30,600084.SH,5.91,5.35,0.04973357015985795,False
2026-04-30,600279.SH,5.39,4.41,0.09999999999999995,True
2026-04-30,601366.SH,4.48,3.66,0.10073710073710077,True
2026-04-30,600824.SH,4.49,3.67,0.1004901960784314,True
2026-04-30,603237.SH,19.16,15.68,0.09988518943742825,True
2026-04-30,600679.SH,12.25,10.03,0.09964093357271098,True
2026-04-30,600117.SH,2.85,2.33,0.1003861003861004,True
2026-04-30,002646.SZ,8.95,7.33,0.09950859950859946,True
2026-04-30,001277.SZ,39.57,32.37,0.10008340283569646,True
2026-04-30,601008.SH,5.28,4.32,0.09999999999999998,True
2026-04-30,000544.SZ,9.33,7.63,0.10023584905660378,True
2026-04-30,002103.SZ,8.9,7.28,0.10012360939431397,True
2026-04-30,003013.SZ,15.1,12.36,0.09978150036416607,True
2026-04-30,605300.SH,12.2,9.98,0.10009017132551844,True
2026-04-30,001333.SZ,26.27,21.49,0.10008375209380237,True
2026-04-30,002485.SZ,5.08,4.6,0.049586776859504175,False
2026-04-30,600283.SH,10.19,8.33,0.10043196544276455,True
2026-04-30,603518.SH,10.7,8.76,0.09969167523124355,True
2026-04-30,601686.SH,6.16,5.04,0.10000000000000002,True
2026-04-30,603231.SH,19.67,16.09,0.10011185682326626,True
2026-04-30,603357.SH,8.97,7.34,0.09993868792152058,True
2026-04-30,603511.SH,16.15,13.21,0.10013623978201627,True
2026-04-30,603107.SH,15.72,12.86,0.10006997900629816,True
2026-04-30,601827.SH,8.87,7.25,0.10049627791563272,True
2026-04-30,002059.SZ,5.45,4.46,0.09989909182643796,True
2026-04-30,000548.SZ,5.9,4.82,0.10074626865671642,True
2026-04-30,002641.SZ,4.68,3.83,0.09988249118683898,True
2026-04-30,600035.SH,4.2,3.44,0.09947643979057594,True
2026-04-30,002644.SZ,9.04,7.4,0.09975669099756684,True
2026-04-30,603408.SH,13.1,10.72,0.09991603694374471,True
2026-04-30,000713.SZ,7.35,6.01,0.10029940119760479,True
2026-05-06,600199.SH,8.73,7.15,0.09949622166246852,True
2026-05-06,001318.SZ,14.69,12.02,0.09996256083863721,True
2026-05-06,000090.SZ,3.87,3.17,0.0994318181818182,True
2026-05-06,000726.SZ,7.21,5.9,0.09992372234935161,True
2026-05-06,002061.SZ,4.28,3.5,0.10025706940874039,True
2026-05-06,002561.SZ,8.95,7.33,0.09950859950859946,True
2026-05-06,600084.SH,5.62,5.08,0.05046728971962618,False
2026-05-06,600365.SH,3.24,2.94,0.0485436893203884,False
2026-05-06,600650.SH,13.74,11.24,0.100080064051241,True
2026-05-06,603128.SH,6.14,5.02,0.1003584229390681,True
2026-05-06,605339.SH,17.71,14.49,0.1,True
2026-05-06,603205.SH,28.63,23.43,0.09988474836726852,True
2026-05-06,600814.SH,8.55,6.99,0.10038610038610041,True
2026-05-06,600279.SH,5.37,4.39,0.10040983606557381,True
2026-05-06,600168.SH,5.58,4.56,0.1005917159763314,True
2026-05-06,603170.SH,15.02,12.29,0.09996338337605275,True
2026-05-06,600965.SH,4.0,3.62,0.04986876640419946,False
2026-05-06,000910.SZ,7.47,6.11,0.10014727540500733,True
2026-05-06,600616.SH,5.5,4.5,0.1,True
2026-05-06,601518.SH,3.22,2.64,0.09897610921501707,True
2026-05-06,601566.SH,11.95,9.77,0.1003683241252302,True
2026-05-06,002282.SZ,7.65,6.26,0.0999281092739037,True
2026-05-06,603053.SH,10.66,8.72,0.10010319917440656,True
2026-05-06,603896.SH,19.23,15.73,0.10011441647597254,True
2026-05-06,600368.SH,4.28,3.5,0.10025706940874039,True
2026-05-06,600597.SH,8.14,6.66,0.10000000000000002,True
2026-05-06,000900.SZ,4.64,3.8,0.09952606635071089,True
2026-05-06,002641.SZ,4.69,3.83,0.10093896713615028,True
2026-05-06,600020.SH,4.44,3.64,0.09900990099009904,True
2026-05-06,600824.SH,4.51,3.69,0.09999999999999999,True
2026-05-06,605266.SH,22.07,18.05,0.10019940179461613,True
2026-05-06,000529.SZ,6.23,5.09,0.10070671378091878,True
2026-05-06,600675.SH,2.84,2.32,0.10077519379844961,True
2026-05-06,605337.SH,11.92,9.76,0.09963099630996311,True
2026-05-06,600197.SH,13.49,11.03,0.10032626427406202,True
2026-05-06,002732.SZ,18.06,14.78,0.09987819732034103,True
2026-05-06,600217.SH,4.16,3.4,0.10052910052910055,True
2026-05-06,000789.SZ,5.46,4.46,0.10080645161290323,True
2026-05-06,001323.SZ,26.22,21.46,0.09983221476510062,True
2026-05-06,002646.SZ,8.9,7.28,0.10012360939431397,True
2026-05-21,603889.SH,8.66,7.08,0.10038119440914867,True
2026-05-21,603230.SH,11.35,9.29,0.09980620155038762,True
2026-05-21,601089.SH,21.07,17.24,0.09997389715478991,True
2026-05-21,603170.SH,13.56,11.1,0.09975669099756694,True
2026-05-25,603889.SH,6.29,5.15,0.0996503496503496,True
2026-05-25,603230.SH,11.19,9.15,0.10029498525073742,True
2026-05-26,603889.SH,6.16,5.04,0.10000000000000002,True
2026-05-26,603230.SH,11.18,9.14,0.10039370078740154,True
2026-05-27,603230.SH,11.04,9.04,0.09960159362549802,True
2026-05-27,601089.SH,20.67,16.91,0.10005321979776481,True
2026-05-27,605577.SH,11.7,9.58,0.09962406015037589,True
2026-05-27,603205.SH,27.92,22.84,0.1000788022064618,True
2026-05-27,603170.SH,13.63,11.15,0.1000807102502018,True
2026-05-27,603889.SH,6.14,5.02,0.1003584229390681,True
2026-05-27,603309.SH,14.47,11.84,0.09996199163816041,True
2026-05-27,603188.SH,5.17,4.23,0.09999999999999995,True
2026-05-27,002485.SZ,4.74,4.28,0.050997782705099776,False
2026-05-28,601089.SH,20.54,16.8,0.10016068559185855,True
2026-05-28,603230.SH,10.89,8.91,0.10000000000000002,True
2026-05-28,605577.SH,11.55,9.45,0.10000000000000006,True
2026-05-28,603170.SH,13.65,11.17,0.09991941982272362,True
2026-05-28,603205.SH,27.28,22.32,0.10000000000000002,True
2026-05-28,603889.SH,6.18,5.06,0.09964412811387903,True
2026-05-28,603309.SH,13.62,11.14,0.10016155088852984,True
2026-05-28,002485.SZ,4.77,4.31,0.050660792951541855,False
2026-05-29,603230.SH,10.71,8.77,0.09958932238193025,True
2026-05-29,603205.SH,27.26,22.3,0.1000807102502018,True
2026-05-29,605577.SH,11.48,9.4,0.09961685823754789,True
2026-05-29,601089.SH,20.04,16.4,0.0998902305159166,True
2026-05-29,603170.SH,13.7,11.21,0.09995985547972695,True
2026-05-29,603889.SH,6.45,5.27,0.10068259385665534,True
2026-05-29,603309.SH,13.74,11.24,0.100080064051241,True
2026-05-29,002485.SZ,4.85,4.39,0.04978354978354979,False
2026-05-29,603130.SH,48.46,39.65,0.09998865055044832,True
2026-05-29,603202.SH,71.72,58.68,0.09999999999999999,True
2026-05-29,603188.SH,5.07,4.15,0.09978308026030368,True
2026-05-29,601890.SH,10.27,8.41,0.0995717344753747,True
2026-05-29,001220.SZ,36.32,29.72,0.0999394306480921,True
2026-06-01,603205.SH,26.61,21.77,0.10004133939644481,True
2026-06-01,603230.SH,10.74,8.78,0.10040983606557381,True
2026-06-01,601089.SH,20.24,16.56,0.1,True
2026-06-01,603130.SH,46.64,38.16,0.10000000000000005,True
2026-06-01,605577.SH,11.37,9.31,0.0996131528046421,True
2026-06-01,603170.SH,14.3,11.7,0.10000000000000006,True
2026-06-01,603309.SH,13.68,11.2,0.09967845659163989,True
2026-06-01,002485.SZ,5.0,4.52,0.05042016806722694,False
2026-06-01,603889.SH,6.35,5.19,0.10051993067590982,True
2026-06-01,603188.SH,4.97,4.07,0.09955752212389375,True
2026-06-01,600421.SH,100000.0,0.01,0.9999998000000201,True
2026-06-01,001217.SZ,10.8,8.84,0.09979633401222,True
2026-06-01,603395.SH,26.24,21.47,0.09997904003353596,True
2026-06-01,603822.SH,79.2,71.66,0.04998011401299222,False
2026-06-01,001220.SZ,35.95,29.41,0.10006119951040396,True
2026-06-01,603896.SH,16.98,13.9,0.09974093264248704,True
2026-06-01,601890.SH,9.92,8.12,0.09977827050997787,True
2026-06-01,603207.SH,25.74,21.06,0.1,True
2026-06-01,001206.SZ,18.5,15.14,0.09988109393579071,True
2026-06-01,000888.SZ,11.41,9.33,0.10028929604628736,True
2026-06-01,600861.SH,15.64,12.8,0.09985935302390998,True
2026-06-01,600897.SH,15.87,12.99,0.09979209979209976,True
2026-06-01,601065.SH,8.45,6.91,0.10026041666666662,True
2026-06-01,603053.SH,10.31,8.43,0.1003201707577375,True
2026-06-01,603167.SH,10.02,8.2,0.0998902305159166,True
2026-06-01,600628.SH,7.06,5.78,0.09968847352024918,True
2026-06-01,603566.SH,11.68,9.56,0.09981167608286248,True
2026-06-01,603202.SH,70.65,57.81,0.09995329285380665,True
2026-06-01,600269.SH,4.79,3.92,0.09988518943742825,True
2026-06-01,002307.SZ,4.29,3.51,0.10000000000000003,True
2026-06-01,603367.SH,15.36,12.56,0.10028653295128935,True
2026-06-01,601568.SH,4.16,3.4,0.10052910052910055,True
2026-06-01,600195.SH,7.26,5.94,0.09999999999999996,True
2026-06-01,603235.SH,26.62,21.78,0.09999999999999999,True
2026-06-01,600829.SH,9.58,7.84,0.09988518943742825,True
2026-06-01,603237.SH,17.74,14.52,0.09981401115933042,True
2026-06-02,601089.SH,19.83,16.23,0.09983361064891841,True
2026-06-02,603230.SH,11.15,9.13,0.09960552268244573,True
2026-06-02,605577.SH,11.88,9.72,0.1,True
2026-06-02,603309.SH,13.85,11.33,0.1000794281175536,True
2026-06-02,603130.SH,45.66,37.36,0.09997590941941698,True
2026-06-02,603205.SH,26.8,21.92,0.10016420361247946,True
2026-06-02,603188.SH,5.12,4.19,0.0998925886143931,True
2026-06-02,603170.SH,13.94,11.4,0.10023677979479081,True
2026-06-02,603822.SH,83.16,75.24,0.05000000000000002,False
2026-06-02,603889.SH,6.71,5.49,0.09999999999999999,True
2026-06-02,603639.SH,12.52,10.24,0.10017574692442881,True
2026-06-02,001217.SZ,11.1,9.08,0.10009910802775022,True
2026-06-02,001220.SZ,36.61,29.95,0.10006009615384616,True
2026-06-02,605108.SH,15.29,12.51,0.09999999999999999,True
2026-06-02,601890.SH,10.01,8.19,0.10000000000000002,True
2026-06-02,600812.SH,5.09,4.17,0.09935205183585312,True
2026-06-02,601808.SH,14.4,11.78,0.1000763941940413,True
2026-06-02,603202.SH,73.47,60.11,0.1000149723012427,True
2026-06-02,603395.SH,26.99,22.09,0.0998370008149959,True
2026-06-02,002172.SZ,3.75,3.07,0.09970674486803521,True
2026-06-02,002385.SZ,3.74,3.06,0.10000000000000002,True
2026-06-02,000789.SZ,5.09,4.17,0.09935205183585312,True
2026-06-02,601019.SH,8.06,6.6,0.09959072305593457,True
2026-06-02,600679.SH,11.01,9.01,0.0999000999000999,True
2026-06-02,000919.SZ,7.12,5.82,0.10046367851622873,True
2026-06-02,600628.SH,7.21,5.9,0.09992372234935161,True
2026-06-02,000888.SZ,11.67,9.55,0.09990574929311967,True
2026-06-02,600216.SH,14.18,11.6,0.10007757951900698,True
2026-06-02,002103.SZ,7.95,6.51,0.09958506224066392,True
2026-06-02,601007.SH,7.68,6.28,0.10028653295128935,True
2026-06-02,002485.SZ,4.99,4.51,0.05052631578947373,False
2026-06-02,600838.SH,9.48,7.76,0.0997679814385151,True
2026-06-02,603136.SH,10.66,8.72,0.10010319917440656,True
2026-06-02,001222.SZ,18.04,14.76,0.09999999999999999,True
2026-06-02,603367.SH,15.51,12.69,0.10000000000000002,True
2026-06-02,605368.SH,7.94,6.5,0.09972299168975071,True
2026-06-02,603207.SH,26.2,21.44,0.09991603694374471,True
2026-06-02,601968.SH,5.14,4.2,0.10064239828693786,True
2026-06-02,603896.SH,17.37,14.21,0.10006333122229259,True
2026-06-02,605599.SH,17.62,14.42,0.09987515605493137,True
2026-06-03,603309.SH,13.3,10.88,0.1000827129859388,True
2026-06-03,601089.SH,19.28,15.78,0.09982886480319457,True
2026-06-03,605577.SH,11.65,9.53,0.10009442870632677,True
2026-06-03,603188.SH,4.94,4.04,0.10022271714922053,True
2026-06-03,603230.SH,10.93,8.95,0.0995975855130785,True
2026-06-03,603205.SH,26.49,21.67,0.10008305647840525,True
2026-06-03,603170.SH,13.59,11.12,0.09995953055443142,True
2026-06-03,603889.SH,6.62,5.42,0.09966777408637877,True
2026-06-03,603822.SH,84.79,76.71,0.05003095975232206,False
2026-06-03,603130.SH,45.32,37.08,0.10000000000000002,True
2026-06-03,001220.SZ,35.88,29.36,0.09993868792152058,True
2026-06-03,601890.SH,9.81,8.03,0.0997757847533633,True
2026-06-03,603787.SH,11.45,9.37,0.09990393852065323,True
2026-06-03,601999.SH,6.64,5.44,0.0993377483443708,True
2026-06-03,001217.SZ,10.97,8.97,0.10030090270812436,True
2026-06-03,603207.SH,25.66,21.0,0.09987141020145736,True
2026-06-03,002485.SZ,4.99,4.51,0.05052631578947373,False
2026-06-03,001206.SZ,18.45,15.09,0.10017889087656529,True
2026-06-03,603277.SH,13.08,10.7,0.10008410428931878,True
2026-06-03,603367.SH,15.14,12.38,0.10029069767441859,True
2026-06-03,603395.SH,26.39,21.59,0.1000416840350146,True
2026-06-03,605108.SH,15.0,12.28,0.09970674486803521,True
2026-06-03,001222.SZ,17.23,14.09,0.10025542784163476,True
2026-06-03,603202.SH,72.5,59.32,0.09998482779547868,True
2026-06-03,002107.SZ,7.02,5.74,0.1003134796238244,True
2026-06-03,603151.SH,14.58,11.93,0.09996227838551493,True
2026-06-03,000707.SZ,5.46,4.46,0.10080645161290323,True
2026-06-03,600594.SH,3.92,3.2,0.10112359550561795,True
2026-06-03,603136.SH,10.31,8.43,0.1003201707577375,True
2026-06-03,600613.SH,5.69,4.65,0.10058027079303676,True
2026-06-03,601121.SH,7.3,5.98,0.09939759036144573,True
2026-06-03,603086.SH,6.85,5.61,0.0995184590690208,True
2026-06-03,605003.SH,26.84,21.96,0.09999999999999999,True
2026-06-03,601007.SH,7.54,6.17,0.099927060539752,True
2026-06-03,605050.SH,12.19,9.97,0.10018050541516241,True
2026-06-03,002873.SZ,9.41,7.7,0.09994155464640561,True
2026-06-03,605005.SH,18.27,14.95,0.09993979530403373,True
2026-06-03,603406.SH,32.74,26.78,0.10013440860215055,True
2026-06-03,601968.SH,5.06,4.14,0.1,True
2026-06-03,002670.SZ,12.52,10.24,0.10017574692442881,True
2026-06-04,603309.SH,12.75,10.43,0.10008628127696291,True
2026-06-04,601089.SH,19.0,15.54,0.10017371163867982,True
2026-06-04,605577.SH,11.25,9.21,0.09970674486803514,True
2026-06-04,603205.SH,25.78,21.1,0.09982935153583616,True
2026-06-04,603188.SH,4.88,4.0,0.0990990990990991,True
2026-06-04,603230.SH,10.88,8.9,0.1001011122345804,True
2026-06-04,603170.SH,13.53,11.07,0.09999999999999995,True
2026-06-04,603889.SH,6.56,5.36,0.10067114093959725,True
2026-06-04,603822.SH,86.12,77.92,0.04998780785174349,False
2026-06-04,002485.SZ,4.86,4.4,0.04967602591792655,False
2026-06-04,001220.SZ,34.9,28.56,0.09990545225338797,True
2026-06-04,603395.SH,25.85,21.15,0.10000000000000006,True
2026-06-04,603207.SH,25.19,20.61,0.10000000000000005,True
2026-06-04,603277.SH,12.88,10.54,0.09991460290350135,True
2026-06-04,601999.SH,6.58,5.38,0.10033444816053512,True
2026-06-04,000153.SZ,6.2,5.08,0.09929078014184398,True
2026-06-04,001217.SZ,10.89,8.91,0.10000000000000002,True
2026-06-04,603787.SH,11.26,9.22,0.09960937499999996,True
2026-06-04,603070.SH,17.25,14.11,0.10012755102040818,True
2026-06-04,605108.SH,14.65,11.99,0.09984984984984985,True
2026-06-04,603151.SH,14.18,11.6,0.10007757951900698,True
2026-06-04,603130.SH,47.07,38.51,0.10002336994624915,True
2026-06-04,001222.SZ,16.7,13.66,0.10013175230566532,True
2026-06-04,000707.SZ,5.47,4.47,0.1006036217303823,True
2026-06-04,001206.SZ,18.01,14.73,0.10018326206475263,True
2026-06-04,603168.SH,6.2,5.08,0.09929078014184398,True
2026-06-04,605050.SH,11.96,9.78,0.10027598896044164,True
2026-06-04,603059.SH,29.37,24.03,0.09999999999999999,True
2026-06-04,603136.SH,10.12,8.28,0.1,True
2026-06-04,603909.SH,11.0,9.0,0.1,True
2026-06-04,601968.SH,4.97,4.07,0.09955752212389375,True
2026-06-04,605003.SH,26.51,21.69,0.1,True
2026-06-04,603755.SH,27.49,22.49,0.10004001600640257,True
2026-06-04,605089.SH,24.23,19.83,0.0998638220608262,True
2026-06-04,000715.SZ,5.64,4.62,0.09941520467836254,True
2026-06-04,600668.SH,8.7,7.12,0.09987357774968389,True
2026-06-04,601007.SH,7.38,6.04,0.0998509687034277,True
2026-06-04,002836.SZ,12.16,9.95,0.09995477159656269,True
2026-06-04,603202.SH,71.58,58.56,0.10004610419548177,True
2026-06-04,002307.SZ,4.17,3.41,0.10026385224274403,True
2026-06-05,603309.SH,12.64,10.34,0.10008703220191474,True
2026-06-05,601089.SH,18.69,15.29,0.10005885815185409,True
2026-06-05,605577.SH,11.04,9.04,0.09960159362549802,True
2026-06-05,603205.SH,25.25,20.66,0.0999782182531039,True
2026-06-05,603188.SH,4.85,3.97,0.09977324263038542,True
2026-06-05,603230.SH,10.67,8.73,0.09999999999999998,True
2026-06-05,603170.SH,13.16,10.76,0.10033444816053512,True
2026-06-05,603822.SH,85.92,77.74,0.0499816693144324,False
2026-06-05,002485.SZ,4.87,4.41,0.04956896551724137,False
2026-06-05,603889.SH,6.52,5.34,0.09949409780775714,True
2026-06-05,001220.SZ,34.75,28.43,0.10003165558721115,True
2026-06-05,603395.SH,25.38,20.76,0.10013003901170345,True
2026-06-05,603130.SH,48.42,39.62,0.09995456610631537,True
2026-06-05,600421.SH,0.36,0.3,0.09090909090909091,True
2026-06-05,605005.SH,17.88,14.63,0.09996924023377418,True
2026-06-05,001206.SZ,17.53,14.35,0.09974905897114182,True
2026-06-05,605050.SH,11.72,9.59,0.09995307367433133,True
2026-06-05,603207.SH,24.74,20.24,0.10004446420631392,True
2026-06-05,603168.SH,6.08,4.98,0.09945750452079562,True
2026-06-05,605108.SH,14.26,11.66,0.10030864197530862,True
2026-06-05,600429.SH,5.01,4.1,0.0998902305159166,True
2026-06-05,002836.SZ,12.06,9.86,0.10036496350364968,True
2026-06-05,001217.SZ,10.64,8.7,0.10031023784901764,True
2026-06-05,605089.SH,23.67,19.37,0.09990706319702602,True
2026-06-05,002790.SZ,6.78,5.54,0.10064935064935067,True
2026-06-05,601999.SH,6.48,5.3,0.10016977928692704,True
2026-06-05,001277.SZ,34.06,27.86,0.10012919896640832,True
2026-06-05,603151.SH,13.65,11.17,0.09991941982272362,True
2026-06-05,603059.SH,28.88,23.63,0.09998095600837936,True
2026-06-05,605003.SH,26.26,21.48,0.10012568077084208,True
2026-06-05,002873.SZ,9.09,7.43,0.10048426150121066,True
2026-06-05,603909.SH,10.85,8.87,0.10040567951318462,True
2026-06-05,603086.SH,6.59,5.39,0.10016694490818032,True
2026-06-05,603202.SH,70.95,58.05,0.10000000000000005,True
2026-06-05,605339.SH,14.8,12.11,0.09996283909327393,True
2026-06-05,001222.SZ,16.3,13.34,0.09986504723346831,True
2026-06-05,002852.SZ,8.61,7.05,0.09961685823754787,True
2026-06-05,603238.SH,13.89,11.37,0.09976247030878865,True
2026-06-05,605033.SH,21.29,17.42,0.09997416688194258,True
2026-06-05,601968.SH,4.88,4.0,0.0990990990990991,True
2026-06-08,601089.SH,18.81,15.39,0.09999999999999994,True
2026-06-08,603309.SH,12.73,10.41,0.10025929127052724,True
2026-06-08,603188.SH,4.88,4.0,0.0990990990990991,True
2026-06-08,605577.SH,11.15,9.13,0.09960552268244573,True
2026-06-08,001220.SZ,34.84,28.5,0.10009472687085574,True
2026-06-08,600429.SH,5.02,4.1,0.10087719298245613,True
2026-06-08,603205.SH,25.56,20.92,0.099827882960413,True
2026-06-08,001356.SZ,10.49,8.59,0.09958071278825999,True
2026-06-08,605339.SH,14.84,12.14,0.10007412898443288,True
2026-06-08,002802.SZ,13.77,11.27,0.09984025559105432,True
2026-06-08,603818.SH,3.42,2.8,0.09967845659163989,True
2026-06-08,603151.SH,14.0,11.46,0.09976433621366847,True
2026-06-08,605033.SH,21.43,17.53,0.10010266940451741,True
2026-06-08,002535.SZ,2.9,2.38,0.0984848484848485,True
2026-06-08,601606.SH,35.18,28.78,0.1000625390869293,True
2026-06-08,603758.SH,11.88,9.72,0.1,True
2026-06-08,600137.SH,21.69,17.75,0.0998985801217039,True
2026-06-08,603395.SH,25.22,20.64,0.09986916703009155,True
2026-06-08,605003.SH,26.25,21.47,0.10016764459346189,True
2026-06-08,605369.SH,19.1,15.62,0.10023041474654384,True
2026-06-08,603909.SH,11.02,9.02,0.0998003992015968,True
2026-06-08,600830.SH,8.68,7.1,0.10012674271229405,True
2026-06-08,001260.SZ,20.52,16.79,0.09997319753417315,True
2026-06-08,001325.SZ,44.43,36.35,0.10002475860361473,True
2026-06-08,001367.SZ,21.43,17.53,0.10010266940451741,True
2026-06-08,002790.SZ,6.85,5.61,0.0995184590690208,True
2026-06-08,600561.SH,6.47,5.29,0.10034013605442174,True
2026-06-08,603382.SH,23.47,19.21,0.09981255857544513,True
2026-06-08,002377.SZ,3.15,2.57,0.10139860139860142,True
2026-06-08,605005.SH,17.88,14.63,0.09996924023377418,True
2026-06-08,002827.SZ,30.89,25.27,0.1000712250712251,True
2026-06-08,001279.SZ,30.54,24.98,0.10014409221902015,True
2026-06-08,002826.SZ,18.05,14.77,0.09993906154783672,True
2026-06-08,601121.SH,6.96,5.7,0.09952606635071089,True
2026-06-08,603655.SH,40.04,32.76,0.10000000000000002,True
2026-06-08,605138.SH,7.41,6.07,0.09940652818991097,True
2026-06-08,002998.SZ,8.72,7.14,0.09962168978562427,True
2026-06-08,600594.SH,3.8,3.11,0.09985528219971056,True
2026-06-08,603172.SH,21.01,17.19,0.1,True
2026-06-08,605068.SH,24.54,20.08,0.09995517705064996,True
2026-06-09,601089.SH,18.16,14.86,0.0999394306480921,True
2026-06-09,603309.SH,12.6,10.31,0.09995635093845479,True
2026-06-09,605577.SH,10.89,8.91,0.10000000000000002,True
2026-06-09,603205.SH,24.92,20.39,0.0999779298168175,True
2026-06-09,603395.SH,24.53,20.07,0.10000000000000002,True
2026-06-09,600429.SH,4.83,3.95,0.10022779043280179,True
2026-06-09,605339.SH,14.56,11.92,0.09969788519637464,True
2026-06-09,001356.SZ,10.21,8.35,0.10021551724137936,True
2026-06-09,603188.SH,4.71,3.85,0.10046728971962615,True
2026-06-09,601606.SH,34.78,28.46,0.09993674889310564,True
2026-06-09,603758.SH,11.46,9.38,0.09980806142034547,True
2026-06-09,002802.SZ,13.29,10.87,0.1001655629139073,True
2026-06-09,001220.SZ,33.53,27.43,0.10006561679790028,True
2026-06-09,603680.SH,12.49,10.22,0.09995596653456625,True
2026-06-09,600137.SH,21.0,17.18,0.1000523834468308,True
2026-06-09,603818.SH,3.29,2.69,0.10033444816053512,True
2026-06-09,001325.SZ,42.63,34.88,0.0999870984389111,True
2026-06-09,002826.SZ,16.94,13.86,0.10000000000000006,True
2026-06-09,001222.SZ,16.19,13.25,0.09986413043478265,True
2026-06-09,603151.SH,13.72,11.22,0.10024057738572574,True
2026-06-09,002998.SZ,8.26,6.76,0.09986684420772304,True
2026-06-09,605033.SH,20.77,16.99,0.10010593220338987,True
2026-06-09,603230.SH,10.7,8.76,0.09969167523124355,True
2026-06-09,605369.SH,18.32,14.99,0.0999699789852897,True
2026-06-09,000820.SZ,3.43,3.11,0.04892966360856273,False
2026-06-09,603062.SH,44.87,36.71,0.10002451581269915,True
2026-06-09,603334.SH,44.76,36.62,0.10002457606291473,True
2026-06-09,002827.SZ,29.34,24.0,0.10011248593925759,True
2026-06-09,002535.SZ,2.77,2.27,0.0992063492063492,True
2026-06-09,600594.SH,3.69,3.02,0.0998509687034277,True
2026-06-09,605005.SH,17.61,14.41,0.09993753903810118,True
2026-06-09,001260.SZ,19.98,16.34,0.10022026431718063,True
2026-06-09,605009.SH,26.42,21.62,0.09991673605328892,True
2026-06-09,601121.SH,6.73,5.51,0.09967320261437913,True
2026-06-09,603382.SH,22.32,18.26,0.10004928536224739,True
2026-06-09,600561.SH,6.22,5.09,0.09991158267020336,True
2026-06-09,001279.SZ,28.82,23.58,0.10000000000000005,True
2026-06-09,605388.SH,6.04,4.94,0.1001821493624772,True
2026-06-09,001234.SZ,24.9,20.38,0.0998233215547703,True
2026-06-09,000553.SZ,6.29,5.15,0.0996503496503496,True
2026-06-10,603309.SH,12.72,10.4,0.10034602076124569,True
2026-06-10,601089.SH,18.17,14.87,0.09987893462469742,True
2026-06-10,605369.SH,18.1,14.81,0.09996961409905805,True
2026-06-10,605005.SH,17.47,14.29,0.10012594458438287,True
2026-06-10,603205.SH,24.87,20.35,0.09995577178239716,True
2026-06-10,002826.SZ,17.17,14.05,0.09993593850096094,True
2026-06-10,605577.SH,10.87,8.89,0.10020242914979752,True
2026-06-10,603334.SH,43.97,35.97,0.10007505629221916,True
2026-06-10,605339.SH,14.48,11.84,0.10030395136778117,True
2026-06-10,002998.SZ,8.16,6.68,0.09973045822102429,True
2026-06-10,000820.SZ,3.37,3.05,0.04984423676012466,False
2026-06-10,605033.SH,20.9,17.1,0.09999999999999992,True
2026-06-10,603188.SH,4.72,3.86,0.10023310023310021,True
2026-06-10,605068.SH,22.43,18.35,0.10004904364884742,True
2026-06-10,002535.SZ,2.78,2.28,0.09881422924901187,True
2026-06-10,603878.SH,6.71,5.49,0.09999999999999999,True
2026-06-10,605138.SH,7.08,5.8,0.09937888198757766,True
2026-06-10,603151.SH,13.76,11.26,0.09992006394884093,True
2026-06-10,002114.SZ,7.96,6.52,0.09944751381215472,True
2026-06-10,001279.SZ,29.46,24.1,0.10007468259895443,True
2026-06-10,002827.SZ,28.69,23.47,0.10007668711656446,True
2026-06-10,603758.SH,11.62,9.5,0.10037878787878786,True
2026-06-10,603818.SH,3.3,2.7,0.09999999999999994,True
2026-06-10,603958.SH,21.71,17.77,0.09979736575481259,True
2026-06-10,605500.SH,7.74,6.34,0.0994318181818182,True
2026-06-10,001220.SZ,33.62,27.5,0.10013089005235598,True
2026-06-10,600992.SH,11.9,9.74,0.09981515711645102,True
2026-06-10,001356.SZ,10.16,8.32,0.09956709956709955,True
2026-06-10,603395.SH,24.35,19.93,0.09981933152664864,True
2026-06-10,600137.SH,20.69,16.93,0.09994683678894208,True
2026-06-10,600624.SH,4.1,3.71,0.049935979513444265,False
2026-06-10,603909.SH,10.65,8.71,0.1002066115702479,True
2026-06-10,603655.SH,37.6,30.76,0.10005851375073142,True
2026-06-10,603680.SH,12.53,10.25,0.10008779631255484,True
2026-06-10,001234.SZ,25.15,20.57,0.100174978127734,True
2026-06-10,001325.SZ,42.57,34.83,0.10000000000000002,True
2026-06-10,003011.SZ,22.25,18.21,0.09985170538803755,True
2026-06-10,600561.SH,6.23,5.09,0.10070671378091878,True
2026-06-10,000953.SZ,6.52,5.34,0.09949409780775714,True
2026-06-10,600241.SH,8.26,6.76,0.09986684420772304,True
2026-06-11,603205.SH,24.55,20.09,0.09991039426523299,True
2026-06-11,603309.SH,12.55,10.27,0.09991235758106928,True
2026-06-11,601089.SH,18.24,14.92,0.10012062726176112,True
2026-06-11,603188.SH,4.72,3.86,0.10023310023310021,True
2026-06-11,605577.SH,10.92,8.94,0.09969788519637465,True
2026-06-11,000820.SZ,3.2,2.9,0.04918032786885251,False
2026-06-11,605369.SH,17.89,14.63,0.10024600246002459,True
2026-06-11,600561.SH,6.24,5.1,0.10052910052910058,True
2026-06-11,002998.SZ,8.14,6.66,0.10000000000000002,True
2026-06-11,603758.SH,11.28,9.23,0.09995124329595315,True
2026-06-11,600137.SH,20.71,16.95,0.09984067976633038,True
2026-06-11,002826.SZ,16.69,13.65,0.10019775873434413,True
2026-06-11,002836.SZ,11.61,9.5,0.09995262908574133,True
2026-06-11,603655.SH,36.49,29.85,0.10009044317154055,True
2026-06-11,605068.SH,21.71,17.77,0.09979736575481259,True
2026-06-11,603334.SH,43.01,35.19,0.10000000000000002,True
2026-06-11,603909.SH,10.63,8.69,0.10041407867494831,True
2026-06-11,605339.SH,14.34,11.74,0.09969325153374232,True
2026-06-11,605033.SH,20.68,16.92,0.09999999999999995,True
2026-06-11,002802.SZ,13.29,10.87,0.1001655629139073,True
2026-06-11,603151.SH,13.48,11.03,0.09995920032639743,True
2026-06-11,603275.SH,44.63,36.51,0.10007394626571364,True
2026-06-11,001220.SZ,33.45,27.37,0.09996711608023678,True
2026-06-11,603680.SH,12.27,10.04,0.09995517705064996,True
2026-06-11,002827.SZ,27.85,22.79,0.09992101105845186,True
2026-06-11,603615.SH,19.47,15.93,0.09999999999999998,True
2026-06-11,603878.SH,6.41,5.25,0.09948542024013723,True
2026-06-11,001234.SZ,24.82,20.3,0.10017730496453899,True
2026-06-11,603818.SH,3.23,2.65,0.09863945578231294,True
2026-06-11,001325.SZ,41.39,33.87,0.09992027637523258,True
2026-06-11,600199.SH,7.57,6.19,0.10029069767441859,True
2026-06-11,002114.SZ,7.73,6.33,0.09957325746799434,True
2026-06-11,603958.SH,21.32,17.44,0.10010319917440656,True
2026-06-11,600527.SH,2.55,2.09,0.09913793103448276,True
2026-06-11,605158.SH,7.04,5.76,0.10000000000000002,True
2026-06-11,605500.SH,7.52,6.16,0.09941520467836254,True
2026-06-11,600992.SH,11.19,9.15,0.10029498525073742,True
2026-06-11,000819.SZ,14.94,12.22,0.10014727540500733,True
2026-06-11,603217.SH,26.84,21.96,0.09999999999999999,True
2026-06-11,001279.SZ,28.67,23.45,0.1001534919416731,True
2026-06-12,601089.SH,18.04,14.76,0.09999999999999999,True
2026-06-12,603309.SH,12.54,10.26,0.09999999999999998,True
2026-06-12,603188.SH,4.69,3.83,0.10093896713615028,True
2026-06-12,605369.SH,17.91,14.65,0.1001228501228501,True
2026-06-12,605577.SH,10.63,8.69,0.10041407867494831,True
2026-06-12,002998.SZ,8.02,6.56,0.10013717421124829,True
2026-06-12,605138.SH,6.93,5.67,0.09999999999999999,True
2026-06-12,605068.SH,21.21,17.35,0.100103734439834,True
2026-06-12,001279.SZ,28.19,23.07,0.09988294966835741,True
2026-06-12,600753.SH,11.52,10.42,0.05013673655423882,False
2026-06-12,603400.SH,64.75,52.97,0.10006795786612302,True
2026-06-12,603230.SH,10.47,8.57,0.09978991596638657,True
2026-06-12,603655.SH,35.55,29.09,0.09993811881188115,True
2026-06-12,002826.SZ,16.51,13.51,0.09993337774816793,True
2026-06-12,600561.SH,6.12,5.0,0.10071942446043165,True
2026-06-12,001356.SZ,10.51,8.6,0.09994767137624282,True
2026-06-12,603758.SH,10.99,8.99,0.10010010010010009,True
2026-06-12,603095.SH,19.39,15.87,0.09982983550765745,True
2026-06-12,603205.SH,23.97,19.61,0.10004589261128957,True
2026-06-12,600080.SH,5.02,4.54,0.05020920502092046,False
2026-06-12,603680.SH,12.17,9.95,0.10036166365280294,True
2026-06-12,605158.SH,6.99,5.72,0.09992132179386314,True
2026-06-12,605080.SH,22.75,18.61,0.10009671179883947,True
2026-06-12,605500.SH,7.56,6.18,0.10043668122270742,True
2026-06-12,002581.SZ,3.71,3.35,0.05099150141643057,False
2026-06-12,605339.SH,14.2,11.62,0.09992254066615028,True
2026-06-12,603291.SH,10.09,8.25,0.10032715376226826,True
2026-06-12,600137.SH,20.31,16.61,0.10021668472372695,True
2026-06-12,603801.SH,7.36,6.02,0.10014947683109124,True
2026-06-12,603217.SH,25.8,21.11,0.09997868258367089,True
2026-06-12,603869.SH,9.08,8.22,0.049710982658959506,False
2026-06-12,000929.SZ,9.79,8.85,0.050429184549356194,False
2026-06-12,605388.SH,5.81,4.75,0.10037878787878786,True
2026-06-12,002691.SZ,4.86,4.4,0.04967602591792655,False
2026-06-12,001260.SZ,19.6,16.04,0.09988776655443328,True
2026-06-12,603818.SH,3.2,2.62,0.09965635738831616,True
2026-06-12,002827.SZ,27.93,22.85,0.1000393855848759,True
2026-06-12,603922.SH,14.58,13.2,0.049676025917926594,False
2026-06-12,600199.SH,7.34,6.0,0.10044977511244377,True
2026-06-12,603825.SH,7.15,6.47,0.049926578560939835,False
2026-06-15,601089.SH,18.24,14.92,0.10012062726176112,True
2026-06-15,605577.SH,10.87,8.89,0.10020242914979752,True
2026-06-15,603309.SH,12.9,10.56,0.09974424552429667,True
2026-06-15,603230.SH,10.73,8.78,0.09994874423372636,True
2026-06-15,603205.SH,24.78,20.28,0.09986684420772303,True
2026-06-15,603188.SH,4.74,3.88,0.0997679814385151,True
2026-06-15,603822.SH,81.7,73.92,0.04999357409073384,False
2026-06-15,002485.SZ,4.88,4.42,0.04946236559139784,False
2026-06-15,603170.SH,13.39,10.95,0.10024650780608058,True
2026-06-15,600421.SH,0.29,0.23,0.11538461538461532,True
2026-06-15,603889.SH,6.67,5.45,0.10066006600660063,True
2026-06-15,603070.SH,16.04,13.12,0.10013717421124829,True
2026-06-15,603130.SH,48.05,39.31,0.10004578754578748,True
2026-06-15,600193.SH,0.18,0.14,0.12499999999999993,True
2026-06-15,001356.SZ,10.27,8.41,0.0995717344753747,True
2026-06-15,600594.SH,3.62,2.96,0.10030395136778117,True
2026-06-15,000820.SZ,3.33,3.01,0.050473186119873864,False
2026-06-15,603277.SH,12.06,9.86,0.10036496350364968,True
2026-06-15,605033.SH,20.86,17.06,0.10021097046413503,True
2026-06-15,603238.SH,13.89,11.37,0.09976247030878865,True
2026-06-15,600429.SH,4.84,3.96,0.09999999999999998,True
2026-06-15,605089.SH,23.1,18.9,0.10000000000000006,True
2026-06-15,605369.SH,17.97,14.71,0.09975520195838428,True
2026-06-15,002107.SZ,6.63,5.43,0.09950248756218907,True
2026-06-15,001234.SZ,24.93,20.39,0.10017652250661957,True
2026-06-15,605268.SH,10.87,8.89,0.10020242914979752,True
2026-06-15,603168.SH,5.95,4.87,0.09981515711645102,True
2026-06-15,603909.SH,10.68,8.74,0.09989701338825949,True
2026-06-15,001222.SZ,16.46,13.46,0.10026737967914438,True
2026-06-15,002551.SZ,3.28,2.68,0.10067114093959725,True
2026-06-15,600365.SH,2.68,2.42,0.05098039215686279,False
2026-06-15,002911.SZ,11.5,9.41,0.09995217599234815,True
2026-06-15,600137.SH,20.66,16.9,0.10010649627263049,True
2026-06-15,603151.SH,13.83,11.31,0.10023866348448686,True
2026-06-15,000557.SZ,4.3,3.52,0.09974424552429664,True
2026-06-15,600463.SH,9.9,8.1,0.10000000000000003,True
2026-06-15,603817.SH,6.48,5.3,0.10016977928692704,True
2026-06-15,000886.SZ,4.81,3.93,0.10068649885583518,True
2026-06-15,002923.SZ,11.08,9.06,0.10029791459781527,True
2026-06-15,001318.SZ,12.29,10.05,0.10026857654431506,True
2026-06-16,605577.SH,10.84,8.87,0.099949264332826,True
2026-06-16,603309.SH,12.93,10.58,0.09995746490854955,True
2026-06-16,601089.SH,18.03,14.75,0.1000610128126907,True
2026-06-16,603205.SH,25.15,20.57,0.100174978127734,True
2026-06-16,603230.SH,10.69,8.75,0.09979423868312756,True
2026-06-16,603188.SH,4.85,3.97,0.09977324263038542,True
2026-06-16,603822.SH,80.87,73.17,0.04998701635938718,False
2026-06-16,002485.SZ,4.94,4.47,0.04994686503719454,False
2026-06-16,603170.SH,13.45,11.01,0.0997547015535568,True
2026-06-16,600421.SH,0.3,0.24,0.1111111111111111,True
2026-06-16,603889.SH,6.56,5.36,0.10067114093959725,True
2026-06-16,603130.SH,49.7,40.66,0.10004426737494473,True
2026-06-16,600193.SH,0.18,0.14,0.12499999999999993,True
2026-06-16,600594.SH,3.62,2.96,0.10030395136778117,True
2026-06-16,603277.SH,11.86,9.7,0.10018552875695734,True
2026-06-16,600429.SH,4.96,4.06,0.09977827050997787,True
2026-06-16,603168.SH,5.81,4.75,0.10037878787878786,True
2026-06-16,605369.SH,18.35,15.01,0.10011990407673867,True
2026-06-16,600365.SH,2.65,2.39,0.05158730158730154,False
2026-06-16,000590.SZ,10.35,8.47,0.0998937300743889,True
2026-06-16,603238.SH,13.63,11.15,0.1000807102502018,True
2026-06-16,605033.SH,20.8,17.02,0.09994711792702277,True
2026-06-16,603518.SH,8.99,7.35,0.10036719706242353,True
2026-06-16,000820.SZ,3.22,2.92,0.04885993485342023,False
2026-06-16,603151.SH,13.5,11.04,0.10024449877750614,True
2026-06-16,001356.SZ,10.35,8.47,0.0998937300743889,True
2026-06-16,603070.SH,17.64,14.44,0.09975062344139654,True
2026-06-16,600137.SH,20.17,16.51,0.09978189749182115,True
2026-06-16,603207.SH,24.99,20.45,0.09991197183098591,True
2026-06-16,600668.SH,8.29,6.79,0.09946949602122011,True
2026-06-16,600681.SH,3.88,3.18,0.09915014164305945,True
2026-06-16,002998.SZ,8.15,6.67,0.09986504723346831,True
2026-06-16,002107.SZ,6.63,5.43,0.09950248756218907,True
2026-06-16,002614.SZ,5.31,4.35,0.09937888198757763,True
2026-06-16,000886.SZ,4.84,3.96,0.09999999999999998,True
2026-06-16,002836.SZ,11.57,9.47,0.09980988593155893,True
2026-06-16,603818.SH,3.23,2.65,0.09863945578231294,True
2026-06-16,002166.SZ,8.23,6.73,0.10026737967914438,True
2026-06-16,002103.SZ,7.03,5.75,0.10015649452269172,True
2026-06-16,603395.SH,25.03,20.48,0.0999780268072951,True
2026-06-17,603205.SH,24.6,20.12,0.10017889087656531,True
2026-06-17,603309.SH,12.95,10.59,0.10025488530161425,True
2026-06-17,605577.SH,10.73,8.78,0.09994874423372636,True
2026-06-17,603188.SH,4.74,3.88,0.0997679814385151,True
2026-06-17,601089.SH,18.23,14.91,0.10018105009052505,True
2026-06-17,603230.SH,10.56,8.64,0.09999999999999998,True
2026-06-17,603822.SH,79.89,72.29,0.049940859508476765,False
2026-06-17,002485.SZ,4.98,4.5,0.050632911392405104,False
2026-06-17,603170.SH,13.09,10.71,0.09999999999999995,True
2026-06-17,600421.SH,0.3,0.24,0.1111111111111111,True
2026-06-17,603889.SH,6.41,5.25,0.09948542024013723,True
2026-06-17,603277.SH,11.7,9.58,0.09962406015037589,True
2026-06-17,600594.SH,3.56,2.92,0.09876543209876544,True
2026-06-17,600429.SH,4.9,4.01,0.09988776655443328,True
2026-06-17,600193.SH,0.18,0.14,0.12499999999999993,True
2026-06-17,603130.SH,49.25,40.29,0.10006700915791827,True
2026-06-17,000590.SZ,10.2,8.34,0.10032362459546923,True
2026-06-17,600365.SH,2.66,2.4,0.05138339920948621,False
2026-06-17,605369.SH,17.82,14.58,0.1,True
2026-06-17,002836.SZ,11.53,9.43,0.10019083969465646,True
2026-06-17,000820.SZ,3.23,2.93,0.04870129870129867,False
2026-06-17,603168.SH,5.75,4.71,0.09942638623326959,True
2026-06-17,000985.SZ,17.56,14.36,0.10025062656641602,True
2026-06-17,605033.SH,20.58,16.84,0.09994655264564399,True
2026-06-17,605339.SH,15.09,12.35,0.09985422740524783,True
2026-06-17,002911.SZ,11.53,9.43,0.10019083969465646,True
2026-06-17,603817.SH,6.46,5.28,0.10051107325383302,True
2026-06-17,600137.SH,20.24,16.56,0.1,True
2026-06-17,603151.SH,13.49,11.03,0.10032626427406202,True
2026-06-17,002749.SZ,9.36,7.66,0.09988249118683898,True
2026-06-17,001318.SZ,11.98,9.8,0.10009182736455462,True
2026-06-17,002103.SZ,7.02,5.74,0.1003134796238244,True
2026-06-17,600668.SH,8.17,6.69,0.09959623149394345,True
2026-06-17,603332.SH,12.51,10.23,0.10026385224274402,True
2026-06-17,002107.SZ,6.64,5.44,0.0993377483443708,True
2026-06-17,000637.SZ,4.28,3.5,0.10025706940874039,True
2026-06-17,603207.SH,24.66,20.18,0.09991079393398751,True
2026-06-17,000886.SZ,4.81,3.93,0.10068649885583518,True
2026-06-17,605377.SH,9.04,7.4,0.09975669099756684,True
2026-06-17,002959.SZ,37.55,30.73,0.09988283538371406,True
2026-06-18,603205.SH,23.84,19.5,0.10013844023996307,True
2026-06-18,603188.SH,4.62,3.78,0.10000000000000003,True
2026-06-18,605577.SH,10.43,8.53,0.10021097046413503,True
2026-06-18,603309.SH,12.65,10.35,0.10000000000000003,True
2026-06-18,601089.SH,18.4,15.06,0.0998206814106395,True
2026-06-18,603230.SH,10.13,8.29,0.09989142236699249,True
2026-06-18,603822.SH,78.54,71.06,0.05000000000000002,False
2026-06-18,603170.SH,12.94,10.58,0.10034013605442174,True
2026-06-18,002485.SZ,4.91,4.45,0.049145299145299144,False
2026-06-18,600421.SH,0.29,0.23,0.11538461538461532,True
2026-06-18,603889.SH,6.3,5.16,0.09947643979057588,True
2026-06-18,600193.SH,0.18,0.14,0.12499999999999993,True
2026-06-18,603277.SH,11.28,9.23,0.09995124329595315,True
2026-06-18,600594.SH,3.47,2.84,0.09984152139461178,True
2026-06-18,600429.SH,4.72,3.86,0.10023310023310021,True
2026-06-18,600365.SH,2.57,2.33,0.04897959183673464,False
2026-06-18,603130.SH,48.72,39.86,0.10002257846014902,True
2026-06-18,603168.SH,5.59,4.57,0.10039370078740154,True
2026-06-18,000820.SZ,3.2,2.9,0.04918032786885251,False
2026-06-18,603070.SH,19.97,16.34,0.0999724593775819,True
2026-06-18,605033.SH,20.04,16.4,0.0998902305159166,True
2026-06-18,605377.SH,8.69,7.11,0.09999999999999995,True
2026-06-18,605108.SH,13.64,11.16,0.10000000000000002,True
2026-06-18,603896.SH,17.29,14.15,0.09987277353689564,True
2026-06-18,001356.SZ,10.15,8.31,0.09967497291440952,True
2026-06-18,002911.SZ,11.4,9.32,0.1003861003861004,True
2026-06-18,000505.SZ,5.93,4.85,0.10018552875695734,True
2026-06-18,001277.SZ,32.63,26.69,0.10013486176668915,True
2026-06-18,605369.SH,17.08,13.98,0.09980682549903407,True
2026-06-18,600137.SH,19.75,16.16,0.09997215260373156,True
2026-06-18,600853.SH,3.58,2.93,0.0998463901689708,True
2026-06-18,603817.SH,6.28,5.14,0.09982486865148867,True
2026-06-18,002749.SZ,9.08,7.43,0.0999394306480921,True
2026-06-18,000590.SZ,10.09,8.25,0.10032715376226826,True
2026-06-18,603558.SH,12.66,10.36,0.09991311902693313,True
2026-06-18,600308.SH,3.58,2.93,0.0998463901689708,True
2026-06-18,603680.SH,12.11,9.91,0.09990917347865574,True
2026-06-18,605138.SH,6.74,5.52,0.09951060358890707,True
2026-06-18,603395.SH,24.67,20.19,0.09986625055728936,True
2026-06-18,002728.SZ,8.77,7.17,0.1003764115432873,True
2026-06-22,603205.SH,23.33,19.09,0.09995285242809991,True
2026-06-22,603309.SH,12.66,10.36,0.09991311902693313,True
2026-06-22,605577.SH,10.45,8.55,0.09999999999999992,True
2026-06-22,601089.SH,18.45,15.09,0.10017889087656529,True
2026-06-22,603230.SH,10.15,8.31,0.09967497291440952,True
2026-06-22,603070.SH,17.97,14.71,0.09975520195838428,True
2026-06-22,603188.SH,4.57,3.74,0.09987966305655836,True
2026-06-22,603822.SH,76.02,68.78,0.04999999999999996,False
2026-06-22,603170.SH,12.94,10.58,0.10034013605442174,True
2026-06-22,603889.SH,6.27,5.13,0.09999999999999998,True
2026-06-22,600421.SH,0.3,0.24,0.1111111111111111,True
2026-06-22,603130.SH,47.69,39.02,0.09998846730480906,True
2026-06-22,600193.SH,0.17,0.14,0.09677419354838708,True
2026-06-22,002485.SZ,5.16,4.66,0.05091649694501018,False
2026-06-22,600594.SH,3.42,2.8,0.09967845659163989,True
2026-06-22,605108.SH,13.42,10.98,0.09999999999999999,True
2026-06-22,600365.SH,2.56,2.32,0.04918032786885251,False
2026-06-22,605369.SH,17.25,14.11,0.10012755102040818,True
2026-06-22,603277.SH,11.01,9.01,0.0999000999000999,True
2026-06-22,600429.SH,4.68,3.83,0.09988249118683898,True
2026-06-22,605033.SH,19.92,16.3,0.09994478188845944,True
2026-06-22,600137.SH,19.51,15.97,0.09977452085682076,True
2026-06-22,000548.SZ,4.74,3.88,0.0997679814385151,True
2026-06-22,000715.SZ,5.21,4.27,0.09915611814345995,True
2026-06-22,603168.SH,5.6,4.58,0.10019646365422392,True
2026-06-22,000590.SZ,10.04,8.22,0.0996714129244249,True
2026-06-22,001356.SZ,9.94,8.14,0.09955752212389375,True
2026-06-22,000820.SZ,3.16,2.86,0.04983388704318942,False
2026-06-22,603073.SH,17.63,14.43,0.09981285090455393,True
2026-06-22,603711.SH,13.56,11.1,0.09975669099756694,True
2026-06-22,603758.SH,10.85,8.87,0.10040567951318462,True
2026-06-22,601065.SH,7.88,6.44,0.10055865921787706,True
2026-06-22,002172.SZ,3.3,2.7,0.09999999999999994,True
2026-06-22,603558.SH,12.38,10.13,0.09995557529986672,True
2026-06-22,605339.SH,13.79,11.29,0.09968102073365231,True
2026-06-22,001219.SZ,13.56,11.1,0.09975669099756694,True
2026-06-22,605138.SH,6.67,5.45,0.10066006600660063,True
2026-06-22,603395.SH,24.06,19.68,0.10013717421124828,True
2026-06-22,002998.SZ,7.76,6.35,0.09992912827781716,True
2026-06-22,000705.SZ,6.94,5.68,0.09984152139461178,True
2026-06-23,603309.SH,12.54,10.26,0.09999999999999998,True
2026-06-23,603205.SH,23.51,19.23,0.10014038371548903,True
2026-06-23,605577.SH,10.46,8.56,0.09989484752891693,True
2026-06-23,601089.SH,17.93,14.67,0.09999999999999999,True
2026-06-23,603230.SH,10.09,8.25,0.10032715376226826,True
2026-06-23,603822.SH,77.21,69.85,0.05004759961920304,False
2026-06-23,603170.SH,13.04,10.67,0.09995782370307883,True
2026-06-23,603188.SH,4.74,3.88,0.0997679814385151,True
2026-06-23,600193.SH,0.17,0.14,0.09677419354838708,True
2026-06-23,603130.SH,47.29,38.69,0.10002326122354038,True
2026-06-23,603889.SH,6.27,5.13,0.09999999999999998,True
2026-06-23,002485.SZ,5.42,4.9,0.050387596899224764,False
2026-06-23,603070.SH,16.18,13.24,0.09993201903467026,True
2026-06-23,600429.SH,4.72,3.86,0.10023310023310021,True
2026-06-23,605108.SH,13.33,10.91,0.09983498349834982,True
2026-06-23,000820.SZ,3.14,2.84,0.0501672240802676,False
2026-06-23,603136.SH,9.49,7.77,0.09965237543453076,True
2026-06-23,001220.SZ,33.26,27.22,0.09986772486772486,True
2026-06-23,601113.SH,4.06,3.32,0.10027100271002708,True
2026-06-23,605033.SH,20.09,16.43,0.10021905805038336,True
2026-06-23,603277.SH,11.13,9.11,0.09980237154150204,True
2026-06-23,603365.SH,18.07,14.79,0.09981740718198422,True
2026-06-23,000590.SZ,10.13,8.29,0.09989142236699249,True
2026-06-23,603758.SH,10.67,8.73,0.09999999999999998,True
2026-06-23,605068.SH,20.68,16.92,0.09999999999999995,True
2026-06-23,001356.SZ,9.89,8.09,0.10011123470522806,True
2026-06-23,600136.SH,1.45,1.31,0.05072463768115939,False
2026-06-23,603558.SH,12.32,10.08,0.10000000000000002,True
2026-06-23,605339.SH,13.83,11.31,0.10023866348448686,True
2026-06-23,603395.SH,24.29,19.87,0.1000905797101449,True
2026-06-23,002521.SZ,7.54,6.17,0.099927060539752,True
2026-06-23,001219.SZ,13.6,11.12,0.10032362459546927,True
2026-06-23,600720.SH,5.8,4.74,0.10056925996204931,True
2026-06-23,002749.SZ,9.23,7.55,0.10011918951132304,True
2026-06-23,603909.SH,10.32,8.44,0.10021321961620475,True
2026-06-23,603639.SH,11.48,9.4,0.09961685823754789,True
2026-06-23,600469.SH,6.05,4.95,0.09999999999999996,True
2026-06-23,002107.SZ,6.39,5.23,0.099827882960413,True
2026-06-23,603896.SH,15.39,12.59,0.10007147962830595,True
2026-06-23,002998.SZ,8.0,6.54,0.10041265474552957,True
2026-06-24,603205.SH,24.51,20.05,0.10008976660682227,True
2026-06-24,605577.SH,10.51,8.6,0.09994767137624282,True
2026-06-24,603070.SH,16.81,13.75,0.10013089005235598,True
2026-06-24,603309.SH,12.82,10.49,0.09995709995709995,True
2026-06-24,601089.SH,18.44,15.08,0.1002386634844869,True
2026-06-24,603230.SH,10.29,8.42,0.09994655264564399,True
2026-06-24,603822.SH,76.13,68.88,0.049996551961933665,False
2026-06-24,603188.SH,4.81,3.93,0.10068649885583518,True
2026-06-24,603170.SH,13.29,10.87,0.1001655629139073,True
2026-06-24,600193.SH,0.17,0.14,0.09677419354838708,True
2026-06-24,603130.SH,47.92,39.2,0.10009182736455462,True
2026-06-24,002485.SZ,5.47,4.95,0.04990403071017271,False
2026-06-24,603889.SH,6.51,5.33,0.09966216216216214,True
2026-06-24,600429.SH,4.75,3.89,0.09953703703703702,True
2026-06-24,001219.SZ,13.71,11.21,0.10032102728731941,True
2026-06-24,605108.SH,13.59,11.12,0.09995953055443142,True
2026-06-24,002661.SZ,8.17,6.69,0.09959623149394345,True
2026-06-24,001318.SZ,11.78,9.64,0.09990662931839396,True
2026-06-24,600365.SH,2.66,2.4,0.05138339920948621,False
2026-06-24,600594.SH,3.6,2.94,0.10091743119266057,True
2026-06-24,603168.SH,5.78,4.73,0.09990485252140816,True
2026-06-24,601065.SH,7.92,6.48,0.09999999999999996,True
2026-06-24,603277.SH,11.24,9.2,0.09980430528375739,True
2026-06-24,000637.SZ,4.27,3.49,0.1005154639175257,True
2026-06-24,603365.SH,18.41,15.07,0.09976105137395458,True
2026-06-24,600853.SH,3.61,2.95,0.10060975609756093,True
2026-06-24,600137.SH,20.09,16.43,0.10021905805038336,True
2026-06-24,000820.SZ,3.09,2.79,0.05102040816326528,False
2026-06-24,000590.SZ,10.22,8.36,0.10010764262648016,True
2026-06-24,603395.SH,24.43,19.99,0.09995497523638003,True
2026-06-24,603680.SH,11.51,9.41,0.10038240917782024,True
2026-06-24,002561.SZ,7.48,6.12,0.10000000000000002,True
2026-06-24,601113.SH,4.02,3.29,0.09986320109439119,True
2026-06-24,600807.SH,2.82,2.3,0.10156250000000001,True
2026-06-24,603896.SH,15.49,12.67,0.10014204545454547,True
2026-06-24,605033.SH,20.32,16.62,0.10016242555495397,True
2026-06-24,001220.SZ,33.61,27.5,0.09998363606611028,True
2026-06-24,603081.SH,10.29,8.42,0.09994655264564399,True
2026-06-24,002959.SZ,36.52,29.88,0.10000000000000005,True
2026-06-24,600561.SH,6.11,5.0,0.09990999099909995,True
2026-06-25,605577.SH,10.2,8.34,0.10032362459546923,True
2026-06-25,603070.SH,15.44,12.64,0.09971509971509969,True
2026-06-25,603205.SH,23.71,19.4,0.09997680352586412,True
2026-06-25,603309.SH,12.67,10.37,0.09982638888888892,True
2026-06-25,601089.SH,18.11,14.81,0.10024301336573507,True
2026-06-25,603230.SH,9.86,8.06,0.1004464285714285,True
2026-06-25,603822.SH,75.6,68.4,0.04999999999999992,False
2026-06-25,603188.SH,4.65,3.81,0.099290780141844,True
2026-06-25,603170.SH,13.02,10.66,0.09966216216216214,True
2026-06-25,603130.SH,47.04,38.48,0.10009354536950424,True
2026-06-25,603889.SH,6.4,5.24,0.09965635738831616,True
2026-06-25,600193.SH,0.17,0.14,0.09677419354838708,True
2026-06-25,001219.SZ,13.24,10.84,0.09966777408637877,True
2026-06-25,605108.SH,12.97,10.61,0.10008481764206961,True
2026-06-25,600429.SH,4.62,3.78,0.10000000000000003,True
2026-06-25,601065.SH,7.63,6.25,0.0994236311239193,True
2026-06-25,605033.SH,19.76,16.16,0.10022271714922053,True
2026-06-25,603107.SH,13.21,10.81,0.09991673605328892,True
2026-06-25,001356.SZ,9.58,7.84,0.09988518943742825,True
2026-06-25,605266.SH,17.13,14.01,0.10019267822736028,True
2026-06-25,600853.SH,3.5,2.86,0.1006289308176101,True
2026-06-25,002836.SZ,10.85,8.87,0.10040567951318462,True
2026-06-25,000529.SZ,4.96,4.06,0.09977827050997787,True
2026-06-25,002521.SZ,7.37,6.03,0.09999999999999999,True
2026-06-25,002561.SZ,7.26,5.94,0.09999999999999996,True
2026-06-25,603711.SH,13.55,11.09,0.09983766233766236,True
2026-06-25,603136.SH,9.34,7.64,0.10011778563015312,True
2026-06-25,601200.SH,7.46,6.1,0.10029498525073749,True
2026-06-25,603357.SH,6.93,5.67,0.09999999999999999,True
2026-06-25,603168.SH,5.47,4.47,0.1006036217303823,True
2026-06-25,002942.SZ,16.85,13.79,0.099869451697128,True
2026-06-25,001318.SZ,11.4,9.32,0.1003861003861004,True
2026-06-25,000820.SZ,3.01,2.73,0.048780487804878016,False
2026-06-25,601811.SH,12.43,10.17,0.09999999999999998,True
2026-06-25,603365.SH,18.02,14.74,0.10012210012210011,True
2026-06-25,002485.SZ,5.2,4.7,0.050505050505050504,False
2026-06-25,603081.SH,9.97,8.15,0.10044150110375277,True
2026-06-25,603758.SH,10.32,8.44,0.10021321961620475,True
2026-06-25,001220.SZ,32.56,26.64,0.10000000000000002,True
2026-06-25,603151.SH,12.79,10.47,0.09974204643164225,True
2026-06-26,605577.SH,10.07,8.24,0.09994538503549971,True
2026-06-26,603822.SH,73.67,66.65,0.050028506271379676,False
2026-06-26,603070.SH,14.49,11.85,0.10022779043280185,True
2026-06-26,603205.SH,23.21,18.99,0.10000000000000005,True
2026-06-26,603309.SH,12.44,10.18,0.09991158267020336,True
2026-06-26,601089.SH,17.71,14.49,0.1,True
2026-06-26,603230.SH,9.75,7.97,0.10045146726862304,True
2026-06-26,603188.SH,4.5,3.68,0.1002444987775061,True
2026-06-26,603889.SH,6.24,5.1,0.10052910052910058,True
2026-06-26,603170.SH,12.93,10.58,0.09995746490854955,True
2026-06-26,603130.SH,45.95,37.59,0.10007182188173329,True
2026-06-26,000590.SZ,9.63,7.88,0.09994288977727017,True
2026-06-26,600594.SH,3.38,2.76,0.10097719869706842,True
2026-06-26,601065.SH,7.46,6.1,0.10029498525073749,True
2026-06-26,605033.SH,19.13,15.65,0.10005750431282343,True
2026-06-26,001356.SZ,9.35,7.65,0.09999999999999996,True
2026-06-26,600193.SH,0.17,0.14,0.09677419354838708,True
2026-06-26,601200.SH,7.35,6.01,0.10029940119760479,True
2026-06-26,603107.SH,12.78,10.46,0.099827882960413,True
2026-06-26,603909.SH,9.81,8.03,0.0997757847533633,True
2026-06-26,603758.SH,10.16,8.32,0.09956709956709955,True
2026-06-26,600861.SH,13.76,11.26,0.09992006394884093,True
2026-06-26,000877.SZ,4.17,3.41,0.10026385224274403,True
2026-06-26,600080.SH,4.68,4.24,0.049327354260089634,False
2026-06-26,603967.SH,12.32,10.08,0.10000000000000002,True
2026-06-26,001220.SZ,31.76,25.98,0.10010391409767927,True
2026-06-26,600248.SH,3.09,2.53,0.09964412811387903,True
2026-06-26,601811.SH,12.3,10.06,0.10017889087656531,True
2026-06-26,605266.SH,16.89,13.82,0.09996743731683491,True
2026-06-26,600308.SH,3.4,2.78,0.10032362459546927,True
2026-06-26,603299.SH,9.79,8.01,0.09999999999999998,True
2026-06-26,001202.SZ,14.73,12.05,0.10007468259895443,True
2026-06-26,002302.SZ,4.96,4.06,0.09977827050997787,True
2026-06-26,600616.SH,4.37,3.57,0.10075566750629728,True
2026-06-26,603277.SH,11.36,9.3,0.09970958373668919,True
2026-06-26,002561.SZ,7.05,5.77,0.09984399375975041,True
2026-06-26,600168.SH,4.55,3.73,0.09903381642512075,True
2026-06-26,600195.SH,6.62,5.42,0.09966777408637877,True
2026-06-26,603207.SH,24.68,20.2,0.09982174688057042,True
2026-06-26,000153.SZ,5.75,4.71,0.09942638623326959,True
2026-06-29,603070.SH,13.92,11.39,0.09996048992493083,True
2026-06-29,605577.SH,9.79,8.01,0.09999999999999998,True
2026-06-29,603309.SH,12.17,9.95,0.10036166365280294,True
2026-06-29,603230.SH,9.77,7.99,0.1002252252252252,True
2026-06-29,603188.SH,4.43,3.63,0.09925558312655086,True
2026-06-29,603205.SH,22.66,18.54,0.10000000000000002,True
2026-06-29,603822.SH,69.98,63.32,0.04996249062265569,False
2026-06-29,601089.SH,17.2,14.08,0.09974424552429664,True
2026-06-29,603130.SH,43.73,35.78,0.09998742296566465,True
2026-06-29,603889.SH,5.94,4.86,0.1,True
2026-06-29,603170.SH,12.47,10.21,0.09964726631393298,True
2026-06-29,600193.SH,0.18,0.14,0.12499999999999993,True
2026-06-29,001356.SZ,9.15,7.49,0.09975961538461539,True
2026-06-29,601065.SH,7.36,6.02,0.10014947683109124,True
2026-06-29,605033.SH,18.68,15.28,0.10011778563015312,True
2026-06-29,002485.SZ,5.44,4.92,0.05019305019305024,False
2026-06-29,001219.SZ,12.78,10.46,0.099827882960413,True
2026-06-29,000548.SZ,4.59,3.75,0.10071942446043164,True
2026-06-29,601968.SH,4.38,3.58,0.10050251256281405,True
2026-06-29,001318.SZ,10.99,8.99,0.10010010010010009,True
2026-06-29,603395.SH,22.36,18.3,0.09985243482538118,True
2026-06-29,000407.SZ,4.09,3.35,0.09946236559139783,True
2026-06-29,601200.SH,7.29,5.97,0.09954751131221722,True
2026-06-29,600168.SH,4.47,3.65,0.10098522167487683,True
2026-06-29,600469.SH,5.67,4.64,0.09990300678952477,True
2026-06-29,001257.SZ,31.52,25.79,0.09998255103821323,True
2026-06-29,603107.SH,12.46,10.2,0.09973521624007067,True
2026-06-29,603377.SH,3.13,2.83,0.05033557046979863,False
2026-06-29,605268.SH,10.04,8.22,0.0996714129244249,True
2026-06-29,605108.SH,12.61,10.31,0.100349040139616,True
2026-06-29,000608.SZ,7.4,6.06,0.09955423476968801,True
2026-06-29,603696.SH,12.87,10.53,0.1,True
2026-06-29,002836.SZ,10.37,8.49,0.09968186638388118,True
2026-06-29,603153.SH,13.89,11.37,0.09976247030878865,True
2026-06-29,600512.SH,2.11,1.73,0.09895833333333331,True
2026-06-29,002561.SZ,6.92,5.66,0.10015898251192368,True
2026-06-29,605500.SH,6.91,5.65,0.1003184713375796,True
2026-06-29,600429.SH,4.49,3.67,0.1004901960784314,True
2026-06-29,601113.SH,3.72,3.04,0.10059171597633139,True
2026-06-29,603168.SH,5.23,4.28,0.09989484752891693,True
2026-06-30,600281.SH,4.62,3.78,0.10000000000000003,True
2026-06-30,603958.SH,18.83,15.41,0.09988317757009342,True
2026-06-30,000548.SZ,4.54,3.72,0.099273607748184,True
2026-06-30,603188.SH,4.32,3.54,0.09923664122137407,True
2026-06-30,603382.SH,18.81,15.39,0.09999999999999994,True
2026-06-30,603655.SH,31.33,25.63,0.10007022471910113,True
2026-06-30,603237.SH,13.74,11.24,0.100080064051241,True
2026-06-30,600137.SH,18.38,15.04,0.09994015559545182,True
2026-06-30,603878.SH,5.74,4.7,0.09961685823754789,True
2026-06-30,603779.SH,8.17,6.69,0.09959623149394345,True
2026-06-30,603239.SH,15.49,12.67,0.10014204545454547,True
2026-06-30,603987.SH,7.77,6.35,0.10056657223796034,True
2026-06-30,001391.SZ,4.53,3.71,0.09951456310679614,True
2026-06-30,603291.SH,8.88,7.26,0.10037174721189597,True
2026-06-30,001338.SZ,9.45,7.73,0.10011641443538992,True
2026-06-30,001234.SZ,21.98,17.98,0.10010010010010009,True
2026-06-30,603586.SH,13.85,11.33,0.1000794281175536,True
2026-06-30,000692.SZ,4.41,3.61,0.09975062344139654,True
2026-06-30,603896.SH,14.55,11.91,0.0997732426303855,True
2026-06-30,603022.SH,8.93,7.31,0.0997536945812808,True
2026-06-30,605577.SH,9.87,8.07,0.10033444816053506,True
2026-06-30,002836.SZ,10.4,8.51,0.09994711792702277,True
2026-06-30,600992.SH,9.55,7.81,0.10023041474654384,True
2026-06-30,001366.SZ,12.16,9.95,0.09995477159656269,True
2026-06-30,603202.SH,54.86,44.88,0.10006015640665727,True
2026-06-30,001395.SZ,25.61,20.95,0.10008591065292095,True
2026-06-30,603334.SH,40.21,32.9,0.09998632198057725,True
2026-06-30,603909.SH,9.67,7.91,0.10011376564277588,True
2026-06-30,001300.SZ,12.53,10.25,0.10008779631255484,True
2026-06-30,605162.SH,8.39,6.87,0.0996068152031455,True
2026-06-30,001260.SZ,17.35,14.19,0.1001902346227014,True
2026-06-30,603016.SH,37.44,30.64,0.09988249118683898,True
2026-06-30,605138.SH,6.22,5.09,0.09991158267020336,True
2026-06-30,603829.SH,17.83,14.59,0.09993830968537934,True
2026-06-30,603822.SH,72.29,65.41,0.04996368917937553,False
2026-06-30,603326.SH,6.93,5.67,0.09999999999999999,True
2026-06-30,603320.SH,19.09,15.62,0.09997118985883033,True
2026-06-30,002790.SZ,5.97,4.89,0.0994475138121547,True
2026-06-30,001376.SZ,11.36,9.3,0.09970958373668919,True
2026-06-30,605136.SH,7.83,6.41,0.0997191011235955,True
2026-07-01,000548.SZ,4.5,3.68,0.1002444987775061,True
2026-07-01,603987.SH,7.59,6.21,0.09999999999999999,True
2026-07-01,603382.SH,18.87,15.44,0.09997085397843199,True
2026-07-01,603188.SH,4.36,3.56,0.10101010101010105,True
2026-07-01,605577.SH,9.69,7.93,0.09988649262202043,True
2026-07-01,001391.SZ,4.48,3.66,0.10073710073710077,True
2026-07-01,603159.SH,19.0,15.54,0.10017371163867982,True
2026-07-01,603958.SH,18.63,15.25,0.0997638724911452,True
2026-07-01,603326.SH,6.78,5.54,0.10064935064935067,True
2026-07-01,603202.SH,54.05,44.23,0.09991859991859992,True
2026-07-01,001311.SZ,17.74,14.52,0.09981401115933042,True
2026-07-01,600281.SH,4.51,3.69,0.09999999999999999,True
2026-07-01,603586.SH,13.63,11.15,0.1000807102502018,True
2026-07-01,001234.SZ,21.6,17.68,0.09979633401222,True
2026-07-01,605005.SH,17.39,14.23,0.09993674889310564,True
2026-07-01,603239.SH,16.29,13.33,0.09993247805536797,True
2026-07-01,001260.SZ,17.22,14.09,0.09996806132226123,True
2026-07-01,605333.SH,18.76,15.35,0.0999706830841396,True
2026-07-01,603889.SH,5.62,4.6,0.09980430528375739,True
2026-07-01,603655.SH,31.34,25.64,0.10003510003510002,True
2026-07-01,001300.SZ,12.43,10.17,0.09999999999999998,True
2026-07-01,605136.SH,7.84,6.42,0.09957924263674614,True
2026-07-01,600299.SH,8.64,7.07,0.09993634627625718,True
2026-07-01,002633.SZ,16.64,13.62,0.09980171844018511,True
2026-07-01,600137.SH,17.85,14.61,0.09981515711645107,True
2026-07-01,002489.SZ,2.98,2.44,0.09963099630996311,True
2026-07-01,600116.SH,6.16,5.04,0.10000000000000002,True
2026-07-01,603089.SH,9.19,7.52,0.09994015559545182,True
2026-07-01,002594.SZ,87.67,71.73,0.09999999999999998,True
2026-07-01,002337.SZ,4.87,3.99,0.09932279909706546,True
2026-07-01,603105.SH,7.49,6.13,0.0998531571218796,True
2026-07-01,603878.SH,5.65,4.63,0.09922178988326852,True
2026-07-01,603334.SH,39.08,31.98,0.09991556431184911,True
2026-07-01,603096.SH,14.72,12.04,0.10014947683109124,True
2026-07-01,001255.SZ,27.6,22.58,0.10003985651654052,True
2026-07-01,002689.SZ,2.61,2.37,0.048192771084337296,False
2026-07-01,600930.SH,5.25,4.29,0.10062893081761007,True
2026-07-01,603070.SH,13.84,11.32,0.10015898251192368,True
2026-07-01,603291.SH,8.84,7.24,0.09950248756218905,True
2026-07-01,603381.SH,16.95,13.87,0.099935107073329,True
2026-07-02,000548.SZ,4.62,3.78,0.10000000000000003,True
2026-07-02,603987.SH,7.84,6.42,0.09957924263674614,True
2026-07-02,603188.SH,4.59,3.75,0.10071942446043164,True
2026-07-02,603958.SH,19.79,16.19,0.10005558643690933,True
2026-07-02,603159.SH,20.22,16.54,0.1001088139281828,True
2026-07-02,600281.SH,4.66,3.82,0.09905660377358494,True
2026-07-02,603022.SH,8.97,7.34,0.09993868792152058,True
2026-07-02,001234.SZ,22.29,18.23,0.10019743336623887,True
2026-07-02,603239.SH,16.12,13.19,0.09996588195155241,True
2026-07-02,001311.SZ,18.17,14.87,0.09987893462469742,True
2026-07-02,001260.SZ,17.92,14.66,0.10006138735420508,True
2026-07-02,600938.SH,29.72,24.32,0.09992598075499627,True
2026-07-02,001391.SZ,4.51,3.69,0.09999999999999999,True
2026-07-02,600930.SH,5.35,4.37,0.10082304526748967,True
2026-07-02,605162.SH,8.59,7.03,0.09987195902688857,True
2026-07-02,605136.SH,8.02,6.56,0.10013717421124829,True
2026-07-02,001338.SZ,9.52,7.79,0.09994222992489889,True
2026-07-02,001300.SZ,12.71,10.4,0.0999567286888793,True
2026-07-02,603586.SH,13.96,11.42,0.1000788022064618,True
2026-07-02,600720.SH,5.39,4.41,0.09999999999999995,True
2026-07-02,603096.SH,15.09,12.35,0.09985422740524783,True
2026-07-02,600116.SH,6.26,5.12,0.10017574692442881,True
2026-07-02,603326.SH,6.97,5.71,0.09936908517350156,True
2026-07-02,000599.SZ,4.75,3.89,0.09953703703703702,True
2026-07-02,601965.SH,13.42,10.98,0.09999999999999999,True
2026-07-02,601113.SH,3.7,3.02,0.1011904761904762,True
2026-07-02,605319.SH,24.97,20.43,0.09999999999999998,True
2026-07-02,002953.SZ,9.74,7.97,0.09994353472614344,True
2026-07-02,002879.SZ,14.7,12.02,0.10029940119760479,True
2026-07-02,605577.SH,9.91,8.11,0.09988901220865709,True
2026-07-02,002489.SZ,3.05,2.49,0.10108303249097465,True
2026-07-02,001382.SZ,17.36,14.2,0.10012674271229405,True
2026-07-02,603382.SH,19.12,15.64,0.1001150747986191,True
2026-07-02,603202.SH,55.15,45.13,0.09992022337455121,True
2026-07-02,003816.SZ,4.27,3.49,0.1005154639175257,True
2026-07-02,605333.SH,18.96,15.52,0.0997679814385151,True
2026-07-02,600137.SH,18.41,15.07,0.09976105137395458,True
2026-07-02,001395.SZ,25.88,21.18,0.09987250318742029,True
2026-07-02,603878.SH,5.75,4.71,0.09942638623326959,True
2026-07-02,600992.SH,9.64,7.88,0.10045662100456625,True
2026-07-03,000548.SZ,4.6,3.76,0.10047846889952151,True
2026-07-03,603159.SH,20.5,16.78,0.09978540772532185,True
2026-07-03,603188.SH,4.51,3.69,0.09999999999999999,True
2026-07-03,603958.SH,18.54,15.17,0.0999703352121032,True
2026-07-03,603987.SH,7.88,6.44,0.10055865921787706,True
2026-07-03,600281.SH,4.71,3.85,0.10046728971962615,True
2026-07-03,000573.SZ,3.84,3.14,0.10028653295128935,True
2026-07-03,605577.SH,9.88,8.08,0.10022271714922053,True
2026-07-03,605005.SH,17.36,14.2,0.10012674271229405,True
2026-07-03,605162.SH,8.61,7.05,0.09961685823754787,True
2026-07-03,001300.SZ,12.61,10.31,0.100349040139616,True
2026-07-03,603382.SH,19.18,15.7,0.09977064220183489,True
2026-07-03,603586.SH,14.4,11.78,0.1000763941940413,True
2026-07-03,600930.SH,5.32,4.36,0.09917355371900827,True
2026-07-03,603889.SH,5.79,4.73,0.10076045627376423,True
2026-07-03,001234.SZ,22.2,18.16,0.10009910802775022,True
2026-07-03,605268.SH,10.18,8.33,0.09994597514856833,True
2026-07-03,002489.SZ,3.07,2.51,0.1003584229390681,True
2026-07-03,002060.SZ,3.38,2.76,0.10097719869706842,True
2026-07-03,603070.SH,13.74,11.24,0.100080064051241,True
2026-07-03,601702.SH,15.2,12.44,0.09985528219971056,True
2026-07-03,603878.SH,5.7,4.66,0.1003861003861004,True
2026-07-03,603202.SH,55.66,45.54,0.09999999999999999,True
2026-07-03,001395.SZ,26.15,21.39,0.10012620950778288,True
2026-07-03,600116.SH,6.26,5.12,0.10017574692442881,True
2026-07-03,603307.SH,26.69,21.83,0.10016488046166536,True
2026-07-03,000036.SZ,4.77,3.91,0.09907834101382482,True
2026-07-03,603334.SH,38.68,31.64,0.10011376564277588,True
2026-07-03,002667.SZ,12.43,11.25,0.04983108108108107,False
2026-07-03,002540.SZ,5.3,4.34,0.0995850622406639,True
2026-07-03,600733.SH,5.29,4.33,0.09979209979209978,True
2026-07-03,603578.SH,12.91,10.57,0.09965928449744463,True
2026-07-03,603833.SH,35.48,29.03,0.09998449852736005,True
2026-07-03,000599.SZ,4.75,3.89,0.09953703703703702,True
2026-07-03,000402.SZ,2.68,2.2,0.0983606557377049,True
2026-07-03,603896.SH,15.17,12.41,0.10007251631617113,True
2026-07-03,603551.SH,10.18,8.33,0.09994597514856833,True
2026-07-03,603239.SH,16.29,13.33,0.09993247805536797,True
2026-07-03,001311.SZ,18.33,14.99,0.10024009603841531,True
2026-07-03,603227.SH,7.92,6.48,0.09999999999999996,True
2026-07-06,000548.SZ,4.73,3.87,0.10000000000000002,True
2026-07-06,603958.SH,18.57,15.19,0.10011848341232231,True
2026-07-06,603188.SH,4.52,3.7,0.09975669099756684,True
2026-07-06,603159.SH,19.47,15.93,0.09999999999999998,True
2026-07-06,603987.SH,8.12,6.64,0.10027100271002708,True
2026-07-06,603326.SH,7.15,5.85,0.10000000000000006,True
2026-07-06,605577.SH,10.11,8.27,0.1001088139281828,True
2026-07-06,603586.SH,14.78,12.1,0.09970238095238095,True
2026-07-06,603889.SH,5.93,4.85,0.10018552875695734,True
2026-07-06,603022.SH,9.17,7.51,0.09952038369304557,True
2026-07-06,001260.SZ,18.51,15.15,0.09982174688057044,True
2026-07-06,603833.SH,35.55,29.09,0.09993811881188115,True
2026-07-06,600281.SH,4.6,3.76,0.10047846889952151,True
2026-07-06,603070.SH,14.28,11.68,0.10015408320493065,True
2026-07-06,001386.SZ,16.21,13.27,0.0997286295793759,True
2026-07-06,001300.SZ,12.75,10.43,0.10008628127696291,True
2026-07-06,605162.SH,8.8,7.2,0.10000000000000003,True
2026-07-06,600137.SH,19.14,15.66,0.10000000000000002,True
2026-07-06,603202.SH,57.15,46.76,0.0999903762871716,True
2026-07-06,605005.SH,17.55,14.36,0.09996866186148547,True
2026-07-06,001382.SZ,18.03,14.75,0.1000610128126907,True
2026-07-06,000036.SZ,4.75,3.89,0.09953703703703702,True
2026-07-06,605319.SH,24.95,20.41,0.10008818342151674,True
2026-07-06,603382.SH,19.7,16.12,0.09994416527079839,True
2026-07-06,603095.SH,16.23,13.28,0.09996611318197225,True
2026-07-06,603307.SH,27.12,22.19,0.09997972013790306,True
2026-07-06,603826.SH,26.35,21.56,0.09997912753078696,True
2026-07-06,001338.SZ,9.74,7.97,0.09994353472614344,True
2026-07-06,000599.SZ,4.85,3.97,0.09977324263038542,True
2026-07-06,603810.SH,12.85,10.51,0.10017123287671233,True
2026-07-06,601702.SH,15.64,12.8,0.09985935302390998,True
2026-07-06,600733.SH,5.36,4.38,0.10061601642710477,True
2026-07-06,002846.SZ,11.85,9.69,0.10027855153203344,True
2026-07-06,603170.SH,13.0,10.64,0.09983079526226732,True
2026-07-06,002540.SZ,5.31,4.35,0.09937888198757763,True
2026-07-06,600930.SH,5.39,4.41,0.09999999999999995,True
2026-07-06,001395.SZ,27.06,22.14,0.09999999999999995,True
2026-07-06,000402.SZ,2.71,2.21,0.1016260162601626,True
2026-07-06,603096.SH,15.63,12.79,0.09992962702322314,True
2026-07-06,000573.SZ,3.93,3.21,0.1008403361344538,True
2026-07-07,000548.SZ,4.7,3.84,0.10070257611241222,True
2026-07-07,603987.SH,8.12,6.64,0.10027100271002708,True
2026-07-07,603958.SH,17.94,14.68,0.09993868792152058,True
2026-07-07,603159.SH,18.69,15.29,0.10005885815185409,True
2026-07-07,603188.SH,4.49,3.67,0.1004901960784314,True
2026-07-07,605577.SH,10.22,8.36,0.10010764262648016,True
2026-07-07,600281.SH,4.42,3.62,0.09950248756218905,True
2026-07-07,603326.SH,7.11,5.81,0.10061919504643968,True
2026-07-07,603382.SH,19.4,15.88,0.09977324263038542,True
2026-07-07,603889.SH,5.83,4.77,0.10000000000000005,True
2026-07-07,001202.SZ,15.72,12.86,0.10006997900629816,True
2026-07-07,603586.SH,14.74,12.06,0.09999999999999999,True
2026-07-07,605258.SH,31.99,26.17,0.10006877579092155,True
2026-07-07,001260.SZ,18.37,15.03,0.10000000000000005,True
2026-07-07,001300.SZ,13.05,10.67,0.10033726812816193,True
2026-07-07,603307.SH,27.18,22.24,0.09995953055443142,True
2026-07-07,002846.SZ,11.59,9.49,0.09962049335863377,True
2026-07-07,605336.SH,12.32,10.08,0.10000000000000002,True
2026-07-07,001338.SZ,9.71,7.95,0.09966024915062291,True
2026-07-07,603070.SH,13.41,10.97,0.10008203445447085,True
2026-07-07,605319.SH,25.43,20.81,0.09991349480968861,True
2026-07-07,000036.SZ,4.71,3.85,0.10046728971962615,True
2026-07-07,603202.SH,57.01,46.65,0.09994211846420992,True
2026-07-07,000637.SZ,4.02,3.29,0.09986320109439119,True
2026-07-07,002633.SZ,17.38,14.22,0.09999999999999995,True
2026-07-07,600733.SH,5.21,4.27,0.09915611814345995,True
2026-07-07,605162.SH,8.54,6.98,0.1005154639175257,True
2026-07-07,000599.SZ,4.77,3.91,0.09907834101382482,True
2026-07-07,603022.SH,9.13,7.47,0.10000000000000005,True
2026-07-07,600137.SH,19.0,15.54,0.10017371163867982,True
2026-07-07,001382.SZ,17.6,14.4,0.10000000000000003,True
2026-07-07,603826.SH,26.91,22.01,0.10016353229762875,True
2026-07-07,001386.SZ,16.24,13.28,0.10027100271002708,True
2026-07-07,605365.SH,15.75,12.89,0.09986033519553071,True
2026-07-07,601113.SH,3.69,3.02,0.0998509687034277,True
2026-07-07,000573.SZ,3.84,3.14,0.10028653295128935,True
2026-07-07,002973.SZ,11.31,9.25,0.1001945525291829,True
2026-07-07,001217.SZ,9.87,8.07,0.10033444816053506,True
2026-07-07,000407.SZ,4.25,3.47,0.10103626943005178,True
2026-07-07,000852.SZ,5.53,4.53,0.09940357852882703,True
2026-07-08,603958.SH,17.25,14.11,0.10012755102040818,True
2026-07-08,000548.SZ,4.52,3.7,0.09975669099756684,True
2026-07-08,600281.SH,4.37,3.57,0.10075566750629728,True
2026-07-08,603987.SH,7.89,6.45,0.10041841004184097,True
2026-07-08,603159.SH,18.84,15.42,0.09982486865148862,True
2026-07-08,603382.SH,18.61,15.23,0.09988179669030729,True
2026-07-08,000637.SZ,3.88,3.18,0.09915014164305945,True
2026-07-08,603188.SH,4.28,3.5,0.10025706940874039,True
2026-07-08,000573.SZ,3.73,3.05,0.10029498525073749,True
2026-07-08,605258.SH,30.45,24.91,0.1000722543352601,True
2026-07-08,603586.SH,14.43,11.81,0.09984756097560972,True
2026-07-08,000692.SZ,4.3,3.52,0.09974424552429664,True
2026-07-08,605162.SH,8.24,6.74,0.10013351134846461,True
2026-07-08,603022.SH,8.79,7.19,0.10012515644555686,True
2026-07-08,001376.SZ,11.12,9.1,0.09990108803165182,True
2026-07-08,605336.SH,11.44,9.36,0.10000000000000002,True
2026-07-08,001300.SZ,12.54,10.26,0.09999999999999998,True
2026-07-08,603878.SH,5.42,4.44,0.09939148073022308,True
2026-07-08,002802.SZ,11.4,9.32,0.1003861003861004,True
2026-07-08,002836.SZ,10.22,8.36,0.10010764262648016,True
2026-07-08,600719.SH,8.22,6.72,0.10040160642570287,True
2026-07-08,001366.SZ,12.24,10.02,0.09973045822102429,True
2026-07-08,002846.SZ,11.42,9.34,0.10019267822736032,True
2026-07-08,603334.SH,37.29,30.51,0.09999999999999996,True
2026-07-08,603126.SH,6.63,5.43,0.09950248756218907,True
2026-07-08,603070.SH,12.87,10.53,0.1,True
2026-07-08,000036.SZ,4.58,3.74,0.10096153846153844,True
2026-07-08,001202.SZ,15.37,12.57,0.1002147458840372,True
2026-07-08,605136.SH,7.88,6.44,0.10055865921787706,True
2026-07-08,600733.SH,5.1,4.18,0.09913793103448276,True
2026-07-08,001382.SZ,16.81,13.75,0.10013089005235598,True
2026-07-08,601113.SH,3.61,2.95,0.10060975609756093,True
2026-07-08,603202.SH,55.88,45.72,0.10000000000000005,True
2026-07-08,605365.SH,15.17,12.41,0.10007251631617113,True
2026-07-08,605577.SH,9.98,8.16,0.10033076074972438,True
2026-07-08,001217.SZ,9.58,7.84,0.09988518943742825,True
2026-07-08,002941.SZ,10.54,8.62,0.1002087682672234,True
2026-07-08,603829.SH,17.0,13.91,0.09996764801035263,True
2026-07-08,002278.SZ,8.25,6.75,0.1,True
2026-07-08,000659.SZ,3.1,2.54,0.09929078014184398,True
2026-07-09,603958.SH,17.14,14.02,0.10012836970474971,True
2026-07-09,000548.SZ,4.53,3.71,0.09951456310679614,True
2026-07-09,600281.SH,4.29,3.51,0.10000000000000003,True
2026-07-09,603987.SH,7.9,6.46,0.10027855153203345,True
2026-07-09,603188.SH,4.21,3.45,0.09921671018276759,True
2026-07-09,603159.SH,19.28,15.78,0.09982886480319457,True
2026-07-09,000573.SZ,3.71,3.03,0.10089020771513355,True
2026-07-09,603382.SH,18.15,14.85,0.09999999999999996,True
2026-07-09,605258.SH,29.18,23.88,0.0998869204673954,True
2026-07-09,605162.SH,8.02,6.56,0.10013717421124829,True
2026-07-09,603878.SH,5.36,4.38,0.10061601642710477,True
2026-07-09,001338.SZ,9.39,7.69,0.09953161592505855,True
2026-07-09,603126.SH,6.53,5.35,0.09932659932659939,True
2026-07-09,603889.SH,5.78,4.73,0.09990485252140816,True
2026-07-09,000692.SZ,4.25,3.47,0.10103626943005178,True
2026-07-09,603022.SH,8.72,7.14,0.09962168978562427,True
2026-07-09,603130.SH,42.94,35.14,0.09989754098360652,True
2026-07-09,603326.SH,6.85,5.61,0.0995184590690208,True
2026-07-09,603396.SH,26.8,21.92,0.10016420361247946,True
2026-07-09,603016.SH,33.21,27.17,0.10003312355084464,True
2026-07-09,000637.SZ,3.86,3.16,0.09971509971509969,True
2026-07-09,605365.SH,14.96,12.24,0.10000000000000002,True
2026-07-09,002802.SZ,11.39,9.32,0.09995171414775472,True
2026-07-09,600733.SH,5.02,4.1,0.10087719298245613,True
2026-07-09,603829.SH,16.6,13.58,0.1000662690523526,True
2026-07-09,603070.SH,12.45,10.19,0.0998233215547703,True
2026-07-09,601113.SH,3.53,2.89,0.09968847352024918,True
2026-07-09,605336.SH,11.44,9.36,0.10000000000000002,True
2026-07-09,600032.SH,7.14,5.84,0.10015408320493065,True
2026-07-09,002608.SZ,7.45,6.09,0.10044313146233386,True
2026-07-09,000036.SZ,4.49,3.67,0.1004901960784314,True
2026-07-09,001382.SZ,16.52,13.52,0.09986684420772304,True
2026-07-09,605577.SH,9.96,8.15,0.09994478188845944,True
2026-07-09,001366.SZ,12.03,9.85,0.0996343692870201,True
2026-07-09,603239.SH,15.27,12.49,0.10014409221902015,True
2026-07-09,002866.SZ,15.93,13.03,0.10013812154696133,True
2026-07-09,600299.SH,8.67,7.09,0.100253807106599,True
2026-07-09,603217.SH,22.86,18.7,0.10009624639076034,True
2026-07-09,600666.SH,3.82,3.12,0.100864553314121,True
2026-07-09,001376.SZ,10.86,8.88,0.10030395136778107,True
2026-07-10,000548.SZ,4.49,3.67,0.1004901960784314,True
2026-07-10,603958.SH,17.88,14.63,0.09996924023377418,True
2026-07-10,603987.SH,7.8,6.38,0.1001410437235543,True
2026-07-10,600281.SH,4.27,3.49,0.1005154639175257,True
2026-07-10,603159.SH,19.69,16.11,0.10000000000000006,True
2026-07-10,603188.SH,4.19,3.43,0.09973753280839896,True
2026-07-10,603489.SH,28.34,23.18,0.1001552795031056,True
2026-07-10,603126.SH,6.51,5.33,0.09966216216216214,True
2026-07-10,603889.SH,5.69,4.65,0.10058027079303676,True
2026-07-10,605577.SH,9.86,8.06,0.1004464285714285,True
2026-07-10,605258.SH,29.84,24.42,0.09988942130482856,True
2026-07-10,603382.SH,18.06,14.78,0.09987819732034103,True
2026-07-10,000659.SZ,3.06,2.5,0.10071942446043165,True
2026-07-10,000036.SZ,4.47,3.65,0.10098522167487683,True
2026-07-10,603326.SH,6.78,5.54,0.10064935064935067,True
2026-07-10,002608.SZ,7.45,6.09,0.10044313146233386,True
2026-07-10,002846.SZ,10.93,8.95,0.0995975855130785,True
2026-07-10,603396.SH,26.73,21.87,0.09999999999999999,True
2026-07-10,603878.SH,5.32,4.36,0.09917355371900827,True
2026-07-10,601113.SH,3.53,2.89,0.09968847352024918,True
2026-07-10,603070.SH,12.49,10.22,0.09995596653456625,True
2026-07-10,001217.SZ,9.42,7.7,0.10046728971962615,True
2026-07-10,001382.SZ,16.36,13.38,0.1002017484868863,True
2026-07-10,600032.SH,7.14,5.84,0.10015408320493065,True
2026-07-10,001260.SZ,17.45,14.27,0.10025220680958385,True
2026-07-10,603829.SH,16.56,13.55,0.09996678844237789,True
2026-07-10,600299.SH,8.51,6.97,0.09948320413436693,True
2026-07-10,002453.SZ,4.53,3.71,0.09951456310679614,True
2026-07-10,000631.SZ,3.11,2.55,0.09893992932862192,True
2026-07-10,603488.SH,9.53,7.79,0.10046189376443414,True
2026-07-10,603334.SH,35.56,29.1,0.09990720692854935,True
2026-07-10,605365.SH,15.02,12.29,0.09996338337605275,True
2026-07-10,600158.SH,6.97,5.71,0.09936908517350156,True
2026-07-10,605268.SH,9.97,8.15,0.10044150110375277,True
2026-07-10,000637.SZ,3.85,3.15,0.10000000000000002,True
2026-07-10,603992.SH,29.1,23.81,0.09998109998110004,True
2026-07-10,001373.SZ,29.6,24.22,0.09996283909327393,True
2026-07-10,002309.SZ,2.75,2.25,0.1,True
2026-07-10,603095.SH,14.32,11.72,0.0998463901689708,True
2026-07-10,603037.SH,10.71,8.77,0.09958932238193025,True
2026-07-13,603958.SH,17.19,14.07,0.09980806142034551,True
2026-07-13,600281.SH,4.37,3.57,0.10075566750629728,True
2026-07-13,000548.SZ,4.6,3.76,0.10047846889952151,True
2026-07-13,603987.SH,7.95,6.51,0.09958506224066392,True
2026-07-13,605258.SH,29.84,24.42,0.09988942130482856,True
2026-07-13,002846.SZ,10.87,8.89,0.10020242914979752,True
2026-07-13,603382.SH,18.41,15.07,0.09976105137395458,True
2026-07-13,603334.SH,35.34,28.92,0.09990662931839404,True
2026-07-13,603878.SH,5.45,4.46,0.09989909182643796,True
2026-07-13,603829.SH,16.82,13.76,0.10006540222367563,True
2026-07-13,002633.SZ,16.54,13.54,0.0997340425531915,True
2026-07-13,605162.SH,8.31,6.8,0.09993381866313704,True
2026-07-13,002866.SZ,15.98,13.08,0.09979353062629044,True
2026-07-13,603188.SH,4.28,3.5,0.10025706940874039,True
2026-07-13,600980.SH,19.05,15.59,0.09988452655889148,True
2026-07-13,603617.SH,7.19,5.89,0.09938837920489302,True
2026-07-13,603278.SH,11.06,9.05,0.09995027349577323,True
2026-07-13,000692.SZ,4.27,3.49,0.1005154639175257,True
2026-07-13,000949.SZ,6.06,4.96,0.09981851179673318,True
2026-07-13,603126.SH,6.59,5.39,0.10016694490818032,True
2026-07-13,603370.SH,37.3,30.52,0.09997051017398995,True
2026-07-13,603755.SH,25.49,20.85,0.10012947777298223,True
2026-07-13,002836.SZ,10.21,8.35,0.10021551724137936,True
2026-07-13,603889.SH,5.75,4.71,0.09942638623326959,True
2026-07-13,603022.SH,8.84,7.24,0.09950248756218905,True
2026-07-13,603489.SH,28.04,22.94,0.10003923107100819,True
2026-07-13,603822.SH,68.19,55.79,0.10001613163413453,True
2026-07-13,603237.SH,14.16,11.58,0.10023310023310023,True
2026-07-13,002017.SZ,15.04,12.3,0.10021945866861735,True
2026-07-13,001382.SZ,16.63,13.61,0.09986772486772486,True
2026-07-13,603159.SH,20.2,16.52,0.10021786492374728,True
2026-07-13,603353.SH,37.35,30.56,0.0999852746281844,True
2026-07-13,001369.SZ,13.26,10.85,0.09995852343425965,True
2026-07-13,001217.SZ,9.45,7.73,0.10011641443538992,True
2026-07-13,002072.SZ,8.15,6.67,0.09986504723346831,True
2026-07-13,605003.SH,22.7,18.58,0.09980620155038762,True
2026-07-13,002802.SZ,11.65,9.53,0.10009442870632677,True
2026-07-13,000007.SZ,12.21,9.99,0.10000000000000002,True
2026-07-13,603070.SH,12.63,10.33,0.10017421602787459,True
2026-07-13,603320.SH,18.33,14.99,0.10024009603841531,True
2026-07-14,603958.SH,16.3,13.34,0.09986504723346831,True
2026-07-14,000548.SZ,4.53,3.71,0.09951456310679614,True
2026-07-14,600281.SH,4.14,3.38,0.10106382978723402,True
2026-07-14,603334.SH,33.68,27.56,0.09993468321358592,True
2026-07-14,603987.SH,7.99,6.53,0.10055096418732783,True
2026-07-14,605258.SH,27.76,22.72,0.09984152139461178,True
2026-07-14,603188.SH,4.13,3.38,0.09986684420772304,True
2026-07-14,603382.SH,17.85,14.61,0.09981515711645107,True
2026-07-14,002633.SZ,15.68,12.83,0.09996492458786391,True
2026-07-14,603126.SH,6.37,5.21,0.10017271157167532,True
2026-07-14,603878.SH,5.23,4.28,0.09989484752891693,True
2026-07-14,002846.SZ,10.44,8.54,0.10010537407797686,True
2026-07-14,603278.SH,10.29,8.42,0.09994655264564399,True
2026-07-14,603829.SH,15.87,12.99,0.09979209979209976,True
2026-07-14,000949.SZ,5.61,4.59,0.10000000000000005,True
2026-07-14,603159.SH,20.81,17.03,0.0998942917547568,True
2026-07-14,002449.SZ,7.0,5.72,0.1006289308176101,True
2026-07-14,002866.SZ,14.96,12.24,0.10000000000000002,True
2026-07-14,603070.SH,11.95,9.77,0.1003683241252302,True
2026-07-14,000007.SZ,11.01,9.01,0.0999000999000999,True
2026-07-14,603217.SH,21.69,17.75,0.0998985801217039,True
2026-07-14,605162.SH,7.88,6.44,0.10055865921787706,True
2026-07-14,603370.SH,35.01,28.65,0.0999057492931197,True
2026-07-14,001382.SZ,16.16,13.22,0.10006807351940093,True
2026-07-14,603617.SH,6.77,5.54,0.09991876523151906,True
2026-07-14,603320.SH,17.6,14.4,0.10000000000000003,True
2026-07-14,603327.SH,8.43,6.89,0.10052219321148825,True
2026-07-14,603489.SH,26.44,21.64,0.09983361064891849,True
2026-07-14,605336.SH,11.01,9.01,0.0999000999000999,True
2026-07-14,600089.SH,21.05,17.23,0.09979101358411703,True
2026-07-14,603693.SH,12.22,10.0,0.09990999099909995,True
2026-07-14,603239.SH,14.63,11.97,0.1,True
2026-07-14,001376.SZ,10.56,8.64,0.09999999999999998,True
2026-07-14,002017.SZ,14.2,11.62,0.09992254066615028,True
2026-07-14,000659.SZ,2.84,2.32,0.10077519379844961,True
2026-07-14,600744.SH,5.87,4.81,0.09925093632958806,True
2026-07-14,001369.SZ,12.61,10.31,0.100349040139616,True
2026-07-14,600478.SH,4.98,4.08,0.0993377483443709,True
2026-07-14,601222.SH,5.91,4.83,0.1005586592178771,True
2026-07-14,002802.SZ,11.25,9.21,0.09970674486803514,True
2026-07-15,603958.SH,16.76,13.72,0.09973753280839896,True
2026-07-15,000548.SZ,4.66,3.82,0.09905660377358494,True
2026-07-15,600281.SH,4.37,3.57,0.10075566750629728,True
2026-07-15,605258.SH,29.3,23.98,0.09984984984984985,True
2026-07-15,603334.SH,34.12,27.92,0.09993552546744029,True
2026-07-15,603987.SH,8.21,6.71,0.10053619302949067,True
2026-07-15,603188.SH,4.27,3.49,0.1005154639175257,True
2026-07-15,603016.SH,33.08,27.06,0.10009976720984369,True
2026-07-15,603278.SH,10.23,8.37,0.10000000000000006,True
2026-07-15,000949.SZ,5.97,4.89,0.0994475138121547,True
2026-07-15,603070.SH,12.28,10.04,0.1003584229390681,True
2026-07-15,001325.SZ,37.84,30.96,0.10000000000000002,True
2026-07-15,603829.SH,16.36,13.38,0.1002017484868863,True
2026-07-15,603320.SH,18.1,14.81,0.09996961409905805,True
2026-07-15,603327.SH,8.51,6.97,0.09948320413436693,True
2026-07-15,002846.SZ,10.64,8.7,0.10031023784901764,True
2026-07-15,000007.SZ,11.2,9.16,0.10019646365422392,True
2026-07-15,603217.SH,22.3,18.24,0.1001480019733597,True
2026-07-15,600980.SH,18.67,15.27,0.1001767825574544,True
2026-07-15,603703.SH,10.25,8.39,0.09978540772532185,True
2026-07-15,603272.SH,19.83,16.23,0.09983361064891841,True
2026-07-15,603159.SH,21.23,17.37,0.09999999999999998,True
2026-07-15,001268.SZ,23.31,19.07,0.10004719207173192,True
2026-07-15,001369.SZ,12.89,10.55,0.09982935153583616,True
2026-07-15,605162.SH,8.03,6.57,0.09999999999999994,True
2026-07-15,002866.SZ,15.37,12.57,0.1002147458840372,True
2026-07-15,002869.SZ,16.29,13.33,0.09993247805536797,True
2026-07-15,600089.SH,21.23,17.37,0.09999999999999998,True
2026-07-15,001239.SZ,13.59,11.12,0.09995953055443142,True
2026-07-15,002449.SZ,7.06,5.78,0.09968847352024918,True
2026-07-15,603612.SH,17.28,14.14,0.09993634627625718,True
2026-07-15,000020.SZ,11.44,9.36,0.10000000000000002,True
2026-07-15,605218.SH,14.88,12.18,0.09977827050997785,True
2026-07-15,603396.SH,25.7,21.02,0.10017123287671233,True
2026-07-15,002590.SZ,10.09,8.25,0.10032715376226826,True
2026-07-15,002388.SZ,4.62,3.78,0.10000000000000003,True
2026-07-15,000045.SZ,10.19,8.33,0.10043196544276455,True
2026-07-15,002498.SZ,6.38,5.22,0.10000000000000002,True
2026-07-15,603370.SH,35.67,29.19,0.09990749306197966,True
2026-07-15,605365.SH,14.72,12.04,0.10014947683109124,True
2026-07-16,603958.SH,16.76,13.72,0.09973753280839896,True
2026-07-16,000548.SZ,4.7,3.84,0.10070257611241222,True
2026-07-16,603188.SH,4.35,3.56,0.09987357774968389,True
2026-07-16,605258.SH,28.42,23.26,0.09984520123839008,True
2026-07-16,603987.SH,8.29,6.79,0.09946949602122011,True
2026-07-16,603334.SH,33.63,27.51,0.10009813542688913,True
2026-07-16,603278.SH,10.27,8.41,0.0995717344753747,True
2026-07-16,603217.SH,21.56,17.64,0.09999999999999995,True
2026-07-16,603070.SH,12.25,10.03,0.09964093357271098,True
2026-07-16,600281.SH,4.41,3.61,0.09975062344139654,True
2026-07-16,600980.SH,18.74,15.34,0.09976525821596241,True
2026-07-16,001268.SZ,23.58,19.3,0.09981343283582085,True
2026-07-16,603272.SH,17.85,14.61,0.09981515711645107,True
2026-07-16,002072.SZ,8.05,6.59,0.09972677595628421,True
2026-07-16,001369.SZ,12.94,10.58,0.10034013605442174,True
2026-07-16,603838.SH,8.9,7.28,0.10012360939431397,True
2026-07-16,605162.SH,8.09,6.62,0.09993201903467026,True
2026-07-16,603237.SH,14.89,12.19,0.09970457902511083,True
2026-07-16,002866.SZ,15.35,12.56,0.09996417054819058,True
2026-07-16,603829.SH,16.39,13.41,0.1,True
2026-07-16,600089.SH,21.03,17.21,0.09989539748953975,True
2026-07-16,603396.SH,26.0,21.28,0.09983079526226732,True
2026-07-16,600744.SH,6.05,4.95,0.09999999999999996,True
2026-07-16,000007.SZ,11.23,9.19,0.09990205680705194,True
2026-07-16,603370.SH,35.79,29.29,0.09987707437000615,True
2026-07-16,001239.SZ,13.46,11.02,0.09967320261437913,True
2026-07-16,001332.SZ,33.7,27.58,0.099869451697128,True
2026-07-16,603612.SH,17.25,14.11,0.10012755102040818,True
2026-07-16,000659.SZ,2.99,2.45,0.09926470588235294,True
2026-07-16,002498.SZ,6.28,5.14,0.09982486865148867,True
2026-07-16,001318.SZ,11.37,9.31,0.0996131528046421,True
2026-07-16,002449.SZ,7.04,5.76,0.10000000000000002,True
2026-07-16,000949.SZ,6.17,5.05,0.09982174688057042,True
2026-07-16,002846.SZ,10.96,8.96,0.1004016064257028,True
2026-07-16,603390.SH,10.4,8.51,0.09994711792702277,True
2026-07-16,603169.SH,6.71,5.49,0.09999999999999999,True
2026-07-16,002295.SZ,9.11,7.45,0.10024154589371977,True
2026-07-16,603703.SH,9.96,8.15,0.09994478188845944,True
2026-07-16,000065.SZ,9.66,7.9,0.10022779043280179,True
2026-07-16,001266.SZ,39.83,32.59,0.09997238331952492,True
2026-07-17,603958.SH,16.62,13.6,0.09993381866313704,True
2026-07-17,600281.SH,4.41,3.61,0.09975062344139654,True
2026-07-17,603217.SH,21.18,17.33,0.09997403271877439,True
2026-07-17,603334.SH,34.56,28.28,0.09993634627625718,True
2026-07-17,603829.SH,16.14,13.2,0.10020449897750516,True
2026-07-17,002072.SZ,7.66,6.26,0.10057471264367819,True
2026-07-17,001268.SZ,23.24,19.02,0.09985802176999524,True
2026-07-17,603016.SH,32.52,26.6,0.10013531799729367,True
2026-07-17,605258.SH,28.44,23.27,0.09998066138077745,True
2026-07-17,002633.SZ,15.84,12.96,0.09999999999999996,True
2026-07-17,603790.SH,24.12,19.74,0.0998632010943913,True
2026-07-17,603926.SH,17.73,14.51,0.09987593052109182,True
2026-07-17,605055.SH,10.92,8.94,0.09969788519637465,True
2026-07-17,603272.SH,18.25,14.93,0.10006027727546715,True
2026-07-17,603878.SH,5.35,4.37,0.10082304526748967,True
2026-07-17,603586.SH,14.22,11.64,0.09976798143851509,True
2026-07-17,603320.SH,18.82,15.4,0.09994155464640561,True
2026-07-17,603070.SH,12.24,10.02,0.09973045822102429,True
2026-07-17,000548.SZ,4.73,3.87,0.10000000000000002,True
2026-07-17,002449.SZ,7.02,5.74,0.1003134796238244,True
2026-07-17,603048.SH,18.63,15.25,0.0997638724911452,True
2026-07-17,000007.SZ,11.11,9.09,0.09999999999999998,True
2026-07-17,603278.SH,10.19,8.33,0.10043196544276455,True
2026-07-17,603248.SH,20.12,16.46,0.10005467468562057,True
2026-07-17,603239.SH,15.16,12.4,0.10014513788098692,True
2026-07-17,600955.SH,13.83,11.31,0.10023866348448686,True
2026-07-17,000949.SZ,6.08,4.98,0.09945750452079562,True
2026-07-17,600719.SH,7.69,6.29,0.1001430615164521,True
2026-07-17,605218.SH,14.96,12.24,0.10000000000000002,True
2026-07-17,002992.SZ,38.48,31.48,0.1000571755288736,True
2026-07-17,603390.SH,10.56,8.64,0.09999999999999998,True
2026-07-17,603188.SH,4.37,3.57,0.10075566750629728,True
2026-07-17,603200.SH,39.12,32.0,0.10011248593925755,True
2026-07-17,002866.SZ,15.28,12.5,0.10007199424046073,True
2026-07-17,600130.SH,4.35,3.56,0.09987357774968389,True
2026-07-17,603633.SH,6.64,5.44,0.0993377483443708,True
2026-07-17,002334.SZ,7.27,5.95,0.09984871406959149,True
2026-07-17,600980.SH,18.72,15.32,0.09988249118683898,True
2026-07-17,605365.SH,14.5,11.86,0.10015174506828531,True
2026-07-17,003025.SZ,13.08,10.7,0.10008410428931878,True
2026-07-20,603958.SH,15.26,12.48,0.10021629416005765,True
2026-07-20,600281.SH,4.24,3.47,0.09987029831387807,True
2026-07-20,002633.SZ,14.91,12.2,0.09996311324234602,True
2026-07-20,603838.SH,8.78,7.18,0.10025062656641602,True
2026-07-20,603217.SH,20.36,16.66,0.09994597514856833,True
2026-07-20,603926.SH,16.78,13.73,0.09996722386102919,True
2026-07-20,001268.SZ,21.38,17.5,0.09979423868312756,True
2026-07-20,603334.SH,34.08,27.88,0.10006455777921239,True
2026-07-20,605258.SH,26.66,21.82,0.09983498349834982,True
2026-07-20,603829.SH,15.46,12.65,0.09996442547136253,True
2026-07-20,603578.SH,12.71,10.4,0.0999567286888793,True
2026-07-20,603016.SH,30.49,24.95,0.09992784992784992,True
2026-07-20,000548.SZ,4.63,3.79,0.09976247030878858,True
2026-07-20,002830.SZ,13.96,11.42,0.1000788022064618,True
2026-07-20,001256.SZ,25.47,20.84,0.09997840639170803,True
2026-07-20,603048.SH,17.82,14.58,0.1,True
2026-07-20,002072.SZ,7.46,6.1,0.10029498525073749,True
2026-07-20,603188.SH,4.22,3.46,0.09895833333333331,True
2026-07-20,603878.SH,5.1,4.18,0.09913793103448276,True
2026-07-20,000949.SZ,5.93,4.85,0.10018552875695734,True
2026-07-20,603278.SH,9.55,7.81,0.10023041474654384,True
2026-07-20,603272.SH,17.0,13.91,0.09996764801035263,True
2026-07-20,603790.SH,22.36,18.3,0.09985243482538118,True
2026-07-20,605055.SH,9.94,8.14,0.09955752212389375,True
2026-07-20,002449.SZ,6.74,5.52,0.09951060358890707,True
2026-07-20,000007.SZ,10.35,8.47,0.0998937300743889,True
2026-07-20,000782.SZ,7.16,5.86,0.0998463901689708,True
2026-07-20,603822.SH,65.79,53.83,0.09998328038789506,True
2026-07-20,603390.SH,10.13,8.29,0.09989142236699249,True
2026-07-20,002846.SZ,10.48,8.58,0.09968520461699895,True
2026-07-20,603070.SH,12.06,9.86,0.10036496350364968,True
2026-07-20,603282.SH,15.25,12.47,0.10028860028860027,True
2026-07-20,002836.SZ,9.67,7.91,0.10011376564277588,True
2026-07-20,603655.SH,29.11,23.81,0.10015117157974301,True
2026-07-20,605003.SH,21.56,17.64,0.09999999999999995,True
2026-07-20,603112.SH,15.54,12.72,0.09978768577494687,True
2026-07-20,603617.SH,6.83,5.59,0.09983896940418681,True
2026-07-20,603248.SH,19.25,15.75,0.1,True
2026-07-20,003015.SZ,12.05,9.86,0.09995435874030129,True
2026-07-20,603038.SH,15.21,12.45,0.09978308026030375,True
2026-07-21,603958.SH,14.17,11.59,0.1001552795031056,True
2026-07-21,600281.SH,4.08,3.34,0.09973045822102429,True
2026-07-21,603838.SH,7.9,6.46,0.10027855153203345,True
2026-07-21,603188.SH,4.14,3.38,0.10106382978723402,True
2026-07-21,002633.SZ,14.15,11.57,0.10031104199066875,True
2026-07-21,000782.SZ,6.63,5.43,0.09950248756218907,True
2026-07-21,605055.SH,9.15,7.49,0.09975961538461539,True
2026-07-21,002899.SZ,19.93,16.31,0.09988962472406185,True
2026-07-21,603217.SH,19.21,15.71,0.10022909507445589,True
2026-07-21,603016.SH,28.62,23.42,0.09992313604919291,True
2026-07-21,000548.SZ,4.59,3.75,0.10071942446043164,True
2026-07-21,002830.SZ,12.56,10.28,0.09982486865148867,True
2026-07-21,603926.SH,15.44,12.64,0.09971509971509969,True
2026-07-21,603822.SH,59.57,48.74,0.09999076724217522,True
2026-07-21,605336.SH,10.51,8.6,0.09994767137624282,True
2026-07-21,603278.SH,8.89,7.27,0.10024752475247531,True
2026-07-21,603578.SH,12.03,9.85,0.0996343692870201,True
2026-07-21,603159.SH,21.43,17.53,0.10010266940451741,True
2026-07-21,605258.SH,24.41,19.97,0.10004506534474993,True
2026-07-21,603829.SH,14.87,12.17,0.09985207100591714,True
2026-07-21,002072.SZ,7.3,5.98,0.09939759036144573,True
2026-07-21,001268.SZ,19.25,15.75,0.1,True
2026-07-21,603790.SH,21.41,17.51,0.10020554984583757,True
2026-07-21,002836.SZ,9.28,7.6,0.09952606635071089,True
2026-07-21,603987.SH,8.04,6.58,0.09986320109439119,True
2026-07-21,000007.SZ,9.96,8.15,0.09994478188845944,True
2026-07-21,603334.SH,34.25,28.03,0.09987154784842645,True
2026-07-21,603038.SH,13.7,11.21,0.09995985547972695,True
2026-07-21,603048.SH,17.33,14.18,0.09996826404316086,True
2026-07-21,603878.SH,5.02,4.1,0.10087719298245613,True
2026-07-21,001234.SZ,20.3,16.61,0.09997290707125445,True
2026-07-21,001277.SZ,28.89,23.63,0.10015232292460019,True
2026-07-21,603272.SH,15.3,12.52,0.0999281092739037,True
2026-07-21,000949.SZ,5.8,4.74,0.10056925996204931,True
2026-07-21,603255.SH,30.69,25.11,0.10000000000000003,True
2026-07-21,603248.SH,18.96,15.52,0.0997679814385151,True
2026-07-21,002449.SZ,6.59,5.39,0.10016694490818032,True
2026-07-21,603856.SH,12.03,9.85,0.0996343692870201,True
2026-07-21,603390.SH,9.87,8.07,0.10033444816053506,True
2026-07-21,603320.SH,17.69,14.47,0.10012437810945274,True
2026-07-22,603958.SH,14.49,11.85,0.10022779043280185,True
2026-07-22,600281.SH,4.11,3.37,0.09893048128342248,True
2026-07-22,603188.SH,4.05,3.31,0.10054347826086954,True
2026-07-22,603856.SH,12.25,10.03,0.09964093357271098,True
2026-07-22,002633.SZ,14.17,11.59,0.1001552795031056,True
2026-07-22,000548.SZ,4.48,3.66,0.10073710073710077,True
2026-07-22,603987.SH,7.9,6.46,0.10027855153203345,True
2026-07-22,603048.SH,16.83,13.77,0.09999999999999996,True
2026-07-22,603217.SH,19.44,15.9,0.10016977928692701,True
2026-07-22,000782.SZ,6.7,5.48,0.10016420361247946,True
2026-07-22,603838.SH,7.68,6.28,0.10028653295128935,True
2026-07-22,603829.SH,14.78,12.1,0.09970238095238095,True
2026-07-22,605258.SH,25.84,21.14,0.1000425713069391,True
2026-07-22,605055.SH,8.88,7.26,0.10037174721189597,True
2026-07-22,603038.SH,13.31,10.89,0.09999999999999999,True
2026-07-22,002830.SZ,12.6,10.31,0.09995635093845479,True
2026-07-22,605336.SH,10.08,8.24,0.10043668122270741,True
2026-07-22,002899.SZ,19.6,16.04,0.09988776655443328,True
2026-07-22,603016.SH,28.8,23.56,0.1000763941940413,True
2026-07-22,603926.SH,15.77,12.91,0.09972105997210598,True
2026-07-22,002072.SZ,6.88,5.63,0.09992006394884093,True
2026-07-22,603278.SH,9.02,7.38,0.09999999999999999,True
2026-07-22,001268.SZ,20.34,16.64,0.1000540832882639,True
2026-07-22,603255.SH,28.49,23.31,0.1,True
2026-07-22,605003.SH,19.88,16.26,0.10016602102933031,True
2026-07-22,603790.SH,21.73,17.78,0.09997468995191088,True
2026-07-22,603578.SH,11.73,9.59,0.10037523452157601,True
2026-07-22,603655.SH,27.48,22.48,0.100080064051241,True
2026-07-22,603922.SH,11.11,9.09,0.09999999999999998,True
2026-07-22,000007.SZ,9.75,7.97,0.10045146726862304,True
2026-07-22,603822.SH,59.94,49.04,0.10001835199119104,True
2026-07-22,001256.SZ,24.12,19.74,0.0998632010943913,True
2026-07-22,603248.SH,18.87,15.44,0.09997085397843199,True
2026-07-22,603159.SH,20.04,16.4,0.0998902305159166,True
2026-07-22,002836.SZ,9.17,7.51,0.09952038369304557,True
2026-07-22,605186.SH,26.61,21.77,0.10004133939644481,True
2026-07-22,603334.SH,33.7,27.58,0.099869451697128,True
2026-07-22,001277.SZ,28.3,23.16,0.09988340458608629,True
2026-07-22,001378.SZ,18.56,15.18,0.10017783046828689,True
2026-07-22,603239.SH,14.21,11.63,0.09984520123839008,True
2026-07-23,000548.SZ,4.42,3.62,0.09950248756218905,True
2026-07-23,603958.SH,14.15,11.57,0.10031104199066875,True
2026-07-23,603987.SH,7.89,6.45,0.10041841004184097,True
2026-07-23,603188.SH,3.98,3.26,0.09944751381215472,True
2026-07-23,603856.SH,11.92,9.76,0.09963099630996311,True
2026-07-23,600281.SH,4.07,3.33,0.10000000000000002,True
2026-07-23,603217.SH,19.21,15.71,0.10022909507445589,True
2026-07-23,000782.SZ,6.57,5.37,0.10050251256281408,True
2026-07-23,002633.SZ,13.59,11.12,0.09995953055443142,True
2026-07-23,603237.SH,14.81,12.11,0.10029717682020806,True
2026-07-23,600858.SH,4.92,4.02,0.10067114093959736,True
2026-07-23,603790.SH,20.74,16.97,0.09997348183505701,True
2026-07-23,605055.SH,8.99,7.35,0.10036719706242353,True
2026-07-23,603926.SH,15.46,12.65,0.09996442547136253,True
2026-07-23,603838.SH,7.37,6.03,0.09999999999999999,True
2026-07-23,002449.SZ,6.51,5.33,0.09966216216216214,True
2026-07-23,603829.SH,14.25,11.66,0.09996140486298725,True
2026-07-23,605258.SH,25.16,20.58,0.10013117621338002,True
2026-07-23,002830.SZ,12.35,10.11,0.09973285841495994,True
2026-07-23,001239.SZ,12.31,10.07,0.1000893655049151,True
2026-07-23,605336.SH,9.79,8.01,0.09999999999999998,True
2026-07-23,603038.SH,13.27,10.85,0.10033167495854063,True
2026-07-23,001318.SZ,10.69,8.75,0.09979423868312756,True
2026-07-23,603248.SH,18.69,15.29,0.10005885815185409,True
2026-07-23,603205.SH,22.48,18.4,0.09980430528375739,True
2026-07-23,603072.SH,33.07,27.05,0.10013306719893544,True
2026-07-23,001268.SZ,19.99,16.35,0.10016510731975775,True
2026-07-23,603066.SH,9.22,7.54,0.1002386634844869,True
2026-07-23,603655.SH,26.75,21.89,0.09991776315789472,True
2026-07-23,605500.SH,6.8,5.56,0.10032362459546927,True
2026-07-23,001308.SZ,18.63,15.25,0.0997638724911452,True
2026-07-23,002387.SZ,6.79,5.55,0.10048622366288494,True
2026-07-23,600319.SH,5.57,4.55,0.10079051383399214,True
2026-07-23,603016.SH,28.61,23.41,0.09996155324875047,True
2026-07-23,600955.SH,12.82,10.49,0.09995709995709995,True
2026-07-23,603278.SH,9.0,7.36,0.1002444987775061,True
2026-07-23,000637.SZ,3.73,3.05,0.10029498525073749,True
2026-07-23,603035.SH,11.68,9.56,0.09981167608286248,True
2026-07-23,603159.SH,19.35,15.83,0.10005685048322914,True
2026-07-23,605186.SH,25.18,20.6,0.10004368719965047,True
2026-07-24,603958.SH,14.75,12.07,0.09992542878448918,True
2026-07-24,000548.SZ,4.53,3.71,0.09951456310679614,True
2026-07-24,603987.SH,7.95,6.51,0.09958506224066392,True
2026-07-24,603188.SH,4.14,3.38,0.10106382978723402,True
2026-07-24,603856.SH,12.11,9.91,0.09990917347865574,True
2026-07-24,600281.SH,4.3,3.52,0.09974424552429664,True
2026-07-24,001325.SZ,37.75,30.89,0.09994172494172493,True
2026-07-24,603829.SH,15.0,12.28,0.09970674486803521,True
2026-07-24,605186.SH,25.4,20.78,0.10004330879168466,True
2026-07-24,001308.SZ,18.73,15.33,0.09982384028185555,True
2026-07-24,603352.SH,27.08,22.16,0.09991876523151906,True
2026-07-24,000782.SZ,6.88,5.63,0.09992006394884093,True
2026-07-24,002899.SZ,21.1,17.26,0.10010427528675704,True
2026-07-24,603217.SH,19.68,16.1,0.10005589714924534,True
2026-07-24,603066.SH,9.48,7.76,0.0997679814385151,True
2026-07-24,002449.SZ,6.66,5.45,0.09991742361684558,True
2026-07-24,605055.SH,9.14,7.48,0.09987966305655836,True
2026-07-24,603838.SH,7.79,6.37,0.1002824858757062,True
2026-07-24,603278.SH,9.32,7.62,0.10035419126328217,True
2026-07-24,002830.SZ,12.82,10.49,0.09995709995709995,True
2026-07-24,605258.SH,25.85,21.15,0.10000000000000006,True
2026-07-24,001318.SZ,10.79,8.83,0.09989806320081546,True
2026-07-24,001217.SZ,9.64,7.88,0.10045662100456625,True
2026-07-24,000692.SZ,4.1,3.36,0.09919571045576406,True
2026-07-24,003025.SZ,12.18,9.96,0.10027100271002705,True
2026-07-24,603190.SH,16.17,13.23,0.10000000000000003,True
2026-07-24,603248.SH,19.47,15.93,0.09999999999999998,True
2026-07-24,605336.SH,10.45,8.55,0.09999999999999992,True
2026-07-24,002387.SZ,6.96,5.7,0.09952606635071089,True
2026-07-24,603968.SH,10.1,8.26,0.10021786492374728,True
2026-07-24,603016.SH,30.14,24.66,0.10000000000000002,True
2026-07-24,603072.SH,33.79,27.65,0.09993489583333334,True
2026-07-24,603038.SH,13.26,10.85,0.09995852343425965,True
2026-07-24,603382.SH,18.11,14.81,0.10024301336573507,True
2026-07-24,605003.SH,20.28,16.6,0.09978308026030368,True
2026-07-24,603057.SH,21.7,17.76,0.09984794728839325,True
2026-07-24,603237.SH,14.95,12.23,0.10007358351729209,True
2026-07-24,001268.SZ,20.25,16.57,0.09994568169473111,True
2026-07-24,605577.SH,10.13,8.29,0.09989142236699249,True
2026-07-24,002072.SZ,7.74,6.34,0.0994318181818182,True
2026-07-27,000548.SZ,4.46,3.65,0.09987669543773121,True
2026-07-27,603958.SH,14.18,11.6,0.10007757951900698,True
2026-07-27,603987.SH,7.73,6.33,0.09957325746799434,True
2026-07-27,603188.SH,4.0,3.28,0.09890109890109894,True
2026-07-27,600281.SH,4.16,3.4,0.10052910052910055,True
2026-07-27,603856.SH,11.97,9.79,0.10018382352941184,True
2026-07-27,000782.SZ,6.64,5.44,0.0993377483443708,True
2026-07-27,002072.SZ,7.43,6.08,0.09992598075499627,True
2026-07-27,603838.SH,7.78,6.36,0.10042432814710041,True
2026-07-27,605055.SH,8.82,7.22,0.09975062344139654,True
2026-07-27,603779.SH,7.61,6.23,0.09971098265895953,True
2026-07-27,605258.SH,25.59,20.93,0.10017196904557181,True
2026-07-27,603016.SH,29.23,23.91,0.10011290929619872,True
2026-07-27,600182.SH,13.26,12.0,0.04988123515439429,False
2026-07-27,605089.SH,18.95,15.51,0.09982588508415552,True
2026-07-27,001268.SZ,19.92,16.3,0.09994478188845944,True
2026-07-27,601518.SH,3.0,2.46,0.09890109890109891,True
2026-07-27,002387.SZ,6.75,5.53,0.09934853420195437,True
2026-07-27,002899.SZ,19.58,16.02,0.09999999999999998,True
2026-07-27,001318.SZ,10.52,8.6,0.10041841004184102,True
2026-07-27,000692.SZ,3.98,3.26,0.09944751381215472,True
2026-07-27,600051.SH,6.12,5.0,0.10071942446043165,True
2026-07-27,603255.SH,26.82,21.94,0.10008203445447085,True
2026-07-27,603217.SH,19.46,15.92,0.10005652911249295,True
2026-07-27,605336.SH,10.19,8.33,0.10043196544276455,True
2026-07-27,600798.SH,3.47,2.84,0.09984152139461178,True
2026-07-27,603072.SH,33.0,27.0,0.1,True
2026-07-27,001308.SZ,18.29,14.97,0.0998196031268791,True
2026-07-27,000007.SZ,10.27,8.41,0.0995717344753747,True
2026-07-28,000548.SZ,4.53,3.71,0.09951456310679614,True
2026-07-28,603958.SH,14.78,12.1,0.09970238095238095,True
2026-07-28,603987.SH,7.88,6.44,0.10055865921787706,True
2026-07-29,000548.SZ,4.57,3.74,0.09987966305655836,True
2026-07-29,603958.SH,15.03,12.29,0.10029282576866765,True
2026-07-30,000548.SZ,4.64,3.8,0.09952606635071089,True
2026-07-30,603987.SH,7.99,6.53,0.10055096418732783,True
2026-07-30,603958.SH,14.67,12.01,0.09970014992503749,True
2026-07-30,603779.SH,7.57,6.19,0.10029069767441859,True
2026-07-30,603188.SH,4.32,3.54,0.09923664122137407,True
2026-07-31,000548.SZ,4.66,3.82,0.09905660377358494,True
2026-07-31,603987.SH,8.0,6.54,0.10041265474552957,True
2026-07-31,603188.SH,4.22,3.46,0.09895833333333331,True
2026-07-31,603958.SH,14.08,11.52,0.10000000000000002,True
2026-08-03,603987.SH,8.05,6.59,0.09972677595628421,True
2026-08-03,000548.SZ,4.74,3.88,0.0997679814385151,True
2026-09-17,603370.SH,30.25,24.75,0.1,True
2026-09-17,600076.SH,2.46,2.02,0.0982142857142857,True
2026-09-17,603737.SH,22.36,18.3,0.09985243482538118,True
2026-09-17,603281.SH,20.41,16.7,0.09997305308542175,True
2026-09-17,600058.SH,10.07,8.24,0.09994538503549971,True
2026-09-17,002164.SZ,11.21,9.17,0.10009813542688914,True
2026-09-17,603861.SH,12.22,10.0,0.09990999099909995,True
2026-09-17,603337.SH,39.5,32.32,0.09997215260373156,True
2026-09-17,603185.SH,15.44,12.64,0.09971509971509969,True
2026-09-17,002527.SZ,11.56,9.46,0.09990485252140816,True
2026-09-17,001256.SZ,23.66,19.36,0.09995350999535102,True
2026-09-17,001221.SZ,39.05,31.95,0.09999999999999996,True
2026-09-17,002773.SZ,21.01,17.19,0.1,True
2026-09-17,002901.SZ,42.55,34.81,0.10005170630816954,True
2026-09-17,603520.SH,9.09,7.43,0.10048426150121066,True
2026-09-17,002823.SZ,13.84,11.32,0.10015898251192368,True
2026-09-17,603181.SH,13.55,11.09,0.09983766233766236,True
2026-09-17,002664.SZ,15.73,12.87,0.10000000000000003,True
2026-09-17,600055.SH,11.12,9.1,0.09990108803165182,True
2026-09-17,603776.SH,21.62,17.69,0.09997456118036122,True
2026-09-17,603915.SH,14.2,11.62,0.09992254066615028,True
2026-09-17,002225.SZ,3.89,3.19,0.09887005649717516,True
2026-09-17,002737.SZ,12.38,10.13,0.09995557529986672,True
2026-09-17,603949.SH,15.03,12.29,0.10029282576866765,True
2026-09-17,003025.SZ,13.06,10.68,0.10025273799494526,True
2026-09-17,605066.SH,7.48,6.12,0.10000000000000002,True
2026-09-17,002698.SZ,12.44,10.18,0.09991158267020336,True
2026-09-17,002933.SZ,29.38,24.04,0.09996256083863721,True
2026-09-17,603013.SH,15.73,12.87,0.10000000000000003,True
2026-09-17,605166.SH,9.09,7.43,0.10048426150121066,True
2026-09-17,002243.SZ,7.79,6.37,0.1002824858757062,True
2026-09-17,001332.SZ,28.67,23.45,0.1001534919416731,True
2026-09-17,600990.SH,20.05,16.41,0.09983543609434999,True
2026-09-17,603579.SH,18.98,15.53,0.09997102289191542,True
2026-09-17,002863.SZ,5.15,4.21,0.10042735042735047,True
2026-09-17,603135.SH,9.46,7.74,0.10000000000000002,True
2026-09-17,603239.SH,15.13,12.38,0.09996364958197018,True
2026-09-17,002595.SZ,43.35,35.47,0.09997462572951031,True
2026-09-17,001269.SZ,20.34,16.64,0.1000540832882639,True
2026-09-17,600980.SH,20.66,16.9,0.10010649627263049,True
2026-09-18,001256.SZ,23.66,19.36,0.09995350999535102,True
2026-09-18,603786.SH,40.92,33.48,0.10000000000000006,True
2026-09-18,605228.SH,11.64,9.52,0.10018903591682424,True
2026-09-18,600058.SH,9.9,8.1,0.10000000000000003,True
2026-09-18,600076.SH,2.4,1.96,0.10091743119266056,True
2026-09-18,002527.SZ,11.64,9.52,0.10018903591682424,True
2026-09-18,603211.SH,21.91,17.93,0.0998995983935743,True
2026-09-18,601177.SH,14.8,12.11,0.09996283909327393,True
2026-09-18,603281.SH,20.0,16.36,0.10011001100110013,True
2026-09-18,603966.SH,8.03,6.57,0.09999999999999994,True
2026-09-18,603949.SH,15.3,12.52,0.0999281092739037,True
2026-09-18,605255.SH,66.74,54.6,0.10004944783253662,True
2026-09-18,000818.SZ,12.73,10.41,0.10025929127052724,True
2026-09-18,603169.SH,6.74,5.52,0.09951060358890707,True
2026-09-18,002253.SZ,10.78,8.82,0.09999999999999995,True
2026-09-18,603370.SH,29.78,24.36,0.10011082379017365,True
2026-09-18,603091.SH,50.66,41.45,0.09998914341548142,True
2026-09-18,600405.SH,5.47,4.47,0.1006036217303823,True
2026-09-18,600129.SH,14.7,12.02,0.10029940119760479,True
2026-09-18,603590.SH,31.41,25.7,0.09998248993171074,True
2026-09-18,002544.SZ,17.33,14.18,0.09996826404316086,True
2026-09-18,002869.SZ,16.87,13.81,0.09973924380704044,True
2026-09-18,002737.SZ,12.34,10.1,0.09982174688057042,True
2026-09-18,605099.SH,31.54,25.8,0.10010463899546561,True
2026-09-18,603135.SH,9.49,7.77,0.09965237543453076,True
2026-09-18,002664.SZ,16.05,13.13,0.10006854009595613,True
2026-09-18,603312.SH,34.42,28.16,0.1000319590923618,True
2026-09-18,603767.SH,14.75,12.07,0.09992542878448918,True
2026-09-18,000948.SZ,14.65,11.99,0.09984984984984985,True
2026-09-18,605377.SH,8.91,7.29,0.1,True
2026-09-18,603416.SH,51.4,42.06,0.09993580141236888,True
2026-09-18,000597.SZ,5.14,4.2,0.10064239828693786,True
2026-09-18,600055.SH,11.0,9.0,0.1,True
2026-09-18,605166.SH,8.99,7.35,0.10036719706242353,True
2026-09-18,002189.SZ,20.89,17.09,0.10005265929436546,True
2026-09-18,001282.SZ,17.01,13.91,0.10025873221216046,True
2026-09-18,002006.SZ,14.43,11.81,0.09984756097560972,True
2026-09-18,603131.SH,14.84,12.14,0.10007412898443288,True
2026-09-18,605598.SH,26.68,21.83,0.09997938569367144,True
2026-09-18,603776.SH,21.38,17.5,0.09979423868312756,True
2026-09-21,603211.SH,22.2,18.16,0.10009910802775022,True
2026-09-21,001256.SZ,23.94,19.58,0.10018382352941184,True
2026-09-21,603633.SH,7.1,5.81,0.09992254066615028,True
2026-09-21,603949.SH,15.26,12.48,0.10021629416005765,True
2026-09-21,603125.SH,26.29,21.51,0.09999999999999995,True
2026-09-21,002355.SZ,5.14,4.2,0.10064239828693786,True
2026-09-21,600481.SH,4.57,3.74,0.09987966305655836,True
2026-09-21,603767.SH,14.75,12.07,0.09992542878448918,True
2026-09-21,002182.SZ,12.71,10.4,0.0999567286888793,True
2026-09-21,600058.SH,9.91,8.11,0.09988901220865709,True
2026-09-21,001255.SZ,29.22,23.9,0.10015060240963856,True
2026-09-21,002664.SZ,16.35,13.37,0.10026917900403776,True
2026-09-21,002816.SZ,25.01,20.47,0.09982409850483734,True
2026-09-21,002544.SZ,17.78,14.54,0.10024752475247531,True
2026-09-21,603135.SH,9.67,7.91,0.10011376564277588,True
2026-09-21,601515.SH,3.62,2.96,0.10030395136778117,True
2026-09-21,002347.SZ,6.49,5.31,0.10000000000000005,True
2026-09-21,002136.SZ,13.05,10.67,0.10033726812816193,True
2026-09-21,600405.SH,5.49,4.49,0.1002004008016032,True
2026-09-21,603901.SH,10.21,8.35,0.10021551724137936,True
2026-09-21,600071.SH,18.08,14.8,0.09975669099756684,True
2026-09-21,603097.SH,20.35,16.65,0.10000000000000007,True
2026-09-21,603356.SH,18.71,15.31,0.09994121105232216,True
2026-09-21,603933.SH,21.36,17.48,0.09989701338825949,True
2026-09-21,603278.SH,9.99,8.17,0.10022026431718063,True
2026-09-21,603131.SH,15.28,12.5,0.10007199424046073,True
2026-09-21,003007.SZ,44.0,36.0,0.1,True
2026-09-21,603988.SH,20.2,16.52,0.10021786492374728,True
2026-09-21,002149.SZ,37.36,30.56,0.10011778563015312,True
2026-09-21,002318.SZ,20.09,16.43,0.10021905805038336,True
2026-09-21,605098.SH,59.08,48.34,0.0999813814932042,True
2026-09-21,603219.SH,14.06,11.5,0.10015649452269172,True
2026-09-21,600571.SH,11.42,9.34,0.10019267822736032,True
2026-09-21,001205.SZ,15.91,13.01,0.10027662517289074,True
2026-09-21,002908.SZ,7.52,6.16,0.09941520467836254,True
2026-09-21,002313.SZ,9.13,7.47,0.10000000000000005,True
2026-09-21,000826.SZ,2.06,1.68,0.10160427807486634,True
2026-09-21,001269.SZ,20.71,16.95,0.09984067976633038,True
2026-09-21,000042.SZ,9.08,7.43,0.0999394306480921,True
2026-09-21,603528.SH,7.04,5.76,0.10000000000000002,True
2026-09-22,603211.SH,22.09,18.07,0.10009960159362549,True
2026-09-22,002816.SZ,24.64,20.16,0.10000000000000002,True
2026-09-22,603633.SH,7.08,5.8,0.09937888198757766,True
2026-09-22,603135.SH,9.77,7.99,0.1002252252252252,True
2026-09-22,002355.SZ,5.15,4.21,0.10042735042735047,True
2026-09-22,002189.SZ,21.35,17.47,0.09994848016486353,True
2026-09-22,603278.SH,10.08,8.24,0.10043668122270741,True
2026-09-22,002318.SZ,20.33,16.63,0.1001082251082251,True
2026-09-22,603125.SH,26.55,21.73,0.09983429991714997,True
2026-09-22,001255.SZ,29.76,24.35,0.09998151912770283,True
2026-09-22,002664.SZ,16.5,13.5,0.1,True
2026-09-22,600405.SH,5.5,4.5,0.1,True
2026-09-22,001323.SZ,19.47,15.93,0.09999999999999998,True
2026-09-22,603988.SH,20.11,16.45,0.10010940919037199,True
2026-09-22,003011.SZ,21.47,17.57,0.09989754098360652,True
2026-09-22,002544.SZ,17.92,14.66,0.10006138735420508,True
2026-09-22,601515.SH,3.63,2.97,0.09999999999999996,True
2026-09-22,002347.SZ,6.53,5.35,0.09932659932659939,True
2026-09-22,605598.SH,27.91,22.83,0.10011824990145846,True
2026-09-22,603901.SH,10.35,8.47,0.0998937300743889,True
2026-09-22,603356.SH,19.13,15.65,0.10005750431282343,True
2026-09-22,605255.SH,68.78,56.28,0.09995202302894611,True
2026-09-22,603097.SH,20.35,16.65,0.10000000000000007,True
2026-09-22,603992.SH,22.15,18.13,0.09980139026812312,True
2026-09-22,001256.SZ,24.19,19.79,0.10004547521600732,True
2026-09-22,603185.SH,16.02,13.1,0.10027472527472528,True
2026-09-22,002149.SZ,37.4,30.6,0.09999999999999996,True
2026-09-22,003007.SZ,45.43,37.17,0.09999999999999998,True
2026-09-22,002446.SZ,9.12,7.46,0.10012062726176112,True
2026-09-22,603949.SH,15.49,12.67,0.10014204545454547,True
2026-09-22,603933.SH,21.25,17.39,0.09989648033126293,True
2026-09-22,600212.SH,6.48,5.3,0.10016977928692704,True
2026-09-22,600058.SH,10.01,8.19,0.10000000000000002,True
2026-09-22,001325.SZ,40.81,33.39,0.10000000000000002,True
2026-09-22,603919.SH,18.51,15.15,0.09982174688057044,True
2026-09-22,002951.SZ,17.74,14.52,0.09981401115933042,True
2026-09-22,000042.SZ,9.38,7.68,0.09964830011723334,True
2026-09-22,002052.SZ,9.42,7.7,0.10046728971962615,True
2026-09-22,605228.SH,12.43,10.17,0.09999999999999998,True
2026-09-22,603370.SH,31.26,25.58,0.09992962702322314,True
2026-09-23,603211.SH,22.03,18.03,0.09985022466300549,True
2026-09-23,600860.SH,8.46,6.92,0.10013003901170357,True
2026-09-23,001255.SZ,29.83,24.41,0.09992625368731561,True
2026-09-23,002355.SZ,5.23,4.28,0.09989484752891693,True
2026-09-23,603633.SH,7.13,5.83,0.10030864197530862,True
2026-09-23,603278.SH,9.97,8.15,0.10044150110375277,True
2026-09-23,603135.SH,9.71,7.95,0.09966024915062291,True
2026-09-23,002664.SZ,16.43,13.45,0.09973226238286481,True
2026-09-23,002189.SZ,21.26,17.4,0.09984480082772901,True
2026-09-23,600212.SH,6.46,5.28,0.10051107325383302,True
2026-09-23,002318.SZ,20.06,16.42,0.09978070175438587,True
2026-09-23,603185.SH,15.8,12.92,0.10027855153203345,True
2026-09-23,603370.SH,30.38,24.86,0.0999275887038378,True
2026-09-23,603339.SH,14.21,11.63,0.09984520123839008,True
2026-09-23,002347.SZ,6.49,5.31,0.10000000000000005,True
2026-09-23,605086.SH,26.02,21.29,0.09997886281969985,True
2026-09-23,603097.SH,20.28,16.6,0.09978308026030368,True
2026-09-23,000695.SZ,14.48,11.84,0.10030395136778117,True
2026-09-23,600592.SH,15.96,13.06,0.09993108201240523,True
2026-09-23,003007.SZ,45.57,37.29,0.09992758870383782,True
2026-09-23,002729.SZ,15.38,12.58,0.1001430615164521,True
2026-09-23,002277.SZ,6.0,4.91,0.09990834097158569,True
2026-09-23,603091.SH,52.95,43.33,0.09991690901537188,True
2026-09-23,001205.SZ,16.06,13.14,0.09999999999999994,True
2026-09-23,603992.SH,22.45,18.37,0.0999510044096031,True
2026-09-23,605598.SH,27.54,22.54,0.09984025559105432,True
2026-09-23,001220.SZ,35.23,28.83,0.09990633780830468,True
2026-09-23,002149.SZ,36.95,30.23,0.10002977076510869,True
2026-09-23,600405.SH,5.51,4.51,0.0998003992015968,True
2026-09-23,603312.SH,35.15,28.76,0.09998435299640115,True
2026-09-23,601515.SH,3.62,2.96,0.10030395136778117,True
2026-09-23,603933.SH,21.45,17.55,0.09999999999999996,True
2026-09-23,002380.SZ,30.26,24.76,0.09996364958197018,True
2026-09-23,002826.SZ,19.13,15.65,0.10005750431282343,True
2026-09-23,002805.SZ,18.4,15.06,0.0998206814106395,True
2026-09-23,603988.SH,20.0,16.36,0.10011001100110013,True
2026-09-23,603722.SH,32.76,26.8,0.10006715916722628,True
2026-09-23,603527.SH,11.0,9.0,0.1,True
2026-09-23,603901.SH,10.25,8.39,0.09978540772532185,True
2026-09-23,001323.SZ,19.54,15.98,0.1002252252252252,True
