signal_date,ts_code,up_limit,down_limit,official_band_fraction,eligible
2025-12-31,603790.SH,21.54,17.62,0.10010214504596524,True
2025-12-31,000782.SZ,5.5,4.5,0.1,True
2025-12-31,603255.SH,31.76,25.98,0.10010391409767927,True
2025-12-31,002231.SZ,1.54,1.4,0.047619047619047665,False
2025-12-31,600696.SH,3.2,2.9,0.04918032786885251,False
2025-12-31,600193.SH,4.02,3.64,0.04960835509138374,False
2025-12-31,002774.SZ,10.2,8.34,0.10032362459546923,True
2025-12-31,002581.SZ,7.85,7.11,0.049465240641711185,False
2025-12-31,002888.SZ,21.75,17.79,0.10015174506828531,True
2025-12-31,002693.SZ,7.31,6.61,0.05028735632183903,False
2025-12-31,001395.SZ,48.14,39.38,0.10009140767824494,True
2025-12-31,603657.SH,33.45,27.37,0.09996711608023678,True
2025-12-31,603959.SH,6.44,5.27,0.09991460290350135,True
2025-12-31,002762.SZ,7.22,6.54,0.04941860465116277,False
2025-12-31,000565.SZ,8.24,6.74,0.10013351134846461,True
2025-12-31,603151.SH,20.21,16.53,0.10016330974414805,True
2025-12-31,603630.SH,21.26,17.4,0.09984480082772901,True
2025-12-31,600692.SH,7.58,6.2,0.10014513788098692,True
2025-12-31,605169.SH,14.61,11.95,0.10015060240963856,True
2025-12-31,603177.SH,12.54,10.26,0.09999999999999998,True
2025-12-31,002630.SZ,2.64,2.38,0.051792828685259015,False
2025-12-31,003001.SZ,22.45,18.37,0.0999510044096031,True
2025-12-31,603955.SH,32.0,26.18,0.10003437607425232,True
2025-12-31,002227.SZ,13.28,10.86,0.10024855012427505,True
2025-12-31,002715.SZ,19.36,15.84,0.09999999999999998,True
2025-12-31,002132.SZ,3.94,3.22,0.10055865921787706,True
2025-12-31,600156.SH,9.2,7.52,0.10047846889952151,True
2025-12-31,002528.SZ,2.89,2.61,0.05090909090909095,False
2025-12-31,603811.SH,11.58,9.48,0.09971509971509969,True
2025-12-31,003020.SZ,29.23,23.91,0.10011290929619872,True
2025-12-31,600691.SH,3.07,2.51,0.1003584229390681,True
2025-12-31,002068.SZ,9.76,7.98,0.10033821871476883,True
2025-12-31,603900.SH,9.41,7.7,0.09994155464640561,True
2025-12-31,603076.SH,25.75,21.07,0.09995728321230243,True
2025-12-31,001333.SZ,23.46,19.2,0.09985935302391002,True
2025-12-31,603559.SH,7.51,6.79,0.05034965034965033,False
2025-12-31,002731.SZ,14.0,11.46,0.09976433621366847,True
2025-12-31,002211.SZ,3.34,3.02,0.05031446540880501,False
2025-12-31,605277.SH,24.72,20.22,0.10013351134846463,True
2025-12-31,603567.SH,9.92,8.12,0.09977827050997787,True
2026-01-05,000782.SZ,5.46,4.46,0.10080645161290323,True
2026-01-05,002231.SZ,1.47,1.33,0.04999999999999997,False
2026-01-05,600193.SH,4.02,3.64,0.04960835509138374,False
2026-01-05,002628.SZ,4.52,3.7,0.09975669099756684,True
2026-01-05,600696.SH,3.05,2.76,0.04991394148020655,False
2026-01-05,002907.SZ,16.29,13.33,0.09993247805536797,True
2026-01-05,002581.SZ,7.88,7.13,0.049966688874083946,False
2026-01-06,000782.SZ,5.39,4.41,0.09999999999999995,True
2026-03-04,605336.SH,14.8,12.11,0.09996283909327393,True
2026-03-04,001277.SZ,44.46,36.38,0.09995051954477979,True
2026-03-04,000004.SZ,6.54,5.92,0.04975922953451044,False
2026-03-05,001367.SZ,24.43,19.99,0.09995497523638003,True
2026-03-09,000004.SZ,5.61,5.07,0.050561797752808994,False
2026-03-09,600599.SH,4.63,4.19,0.049886621315192684,False
2026-03-09,603255.SH,34.14,27.94,0.09987113402061855,True
2026-03-09,603755.SH,33.74,27.6,0.10009781545484187,True
2026-03-09,002836.SZ,15.72,12.86,0.10006997900629816,True
2026-03-19,603255.SH,32.63,26.69,0.10013486176668915,True
2026-03-19,002836.SZ,16.06,13.14,0.09999999999999994,True
2026-03-19,600355.SH,0.82,0.74,0.05128205128205125,False
2026-03-19,001225.SZ,56.82,46.49,0.09999032039492786,True
2026-03-19,603159.SH,28.77,23.54,0.09998088319632958,True
2026-03-19,001277.SZ,40.76,33.35,0.09998650654432596,True
2026-03-19,603755.SH,32.7,26.76,0.09989909182643796,True
2026-03-19,600696.SH,1.73,1.57,0.048484848484848464,False
2026-03-19,600608.SH,2.98,2.7,0.04929577464788729,False
2026-03-19,000782.SZ,6.34,5.18,0.10069444444444446,True
2026-03-19,000638.SZ,1.48,1.34,0.049645390070921946,False
2026-03-19,600107.SH,5.68,5.14,0.04990757855822551,False
2026-03-19,603657.SH,30.5,24.96,0.09989181391994228,True
2026-03-19,001367.SZ,25.63,20.97,0.10000000000000002,True
2026-03-19,002363.SZ,9.33,7.63,0.10023584905660378,True
2026-03-19,002227.SZ,10.7,8.76,0.09969167523124355,True
2026-03-19,002752.SZ,7.05,5.77,0.09984399375975041,True
2026-03-19,605086.SH,39.7,32.48,0.10002770850651158,True
2026-03-19,603633.SH,9.1,7.44,0.10036275695284155,True
2026-03-19,603192.SH,27.02,22.1,0.10016286644951135,True
2026-03-19,605189.SH,15.72,12.86,0.10006997900629816,True
2026-03-19,603790.SH,25.96,21.24,0.10000000000000005,True
2026-03-19,600476.SH,12.91,10.57,0.09965928449744463,True
2026-03-19,603703.SH,14.55,11.91,0.0997732426303855,True
2026-03-19,603039.SH,47.49,38.85,0.10006949270326616,True
2026-03-19,603286.SH,65.19,53.33,0.10006749915626055,True
2026-03-19,603665.SH,33.42,27.34,0.10006583278472682,True
2026-03-19,603718.SH,5.3,4.34,0.0995850622406639,True
2026-03-19,600187.SH,2.24,1.84,0.09803921568627454,True
2026-03-19,603313.SH,9.86,8.06,0.1004464285714285,True
2026-03-19,002295.SZ,12.4,10.14,0.1002661934338953,True
2026-03-19,605288.SH,110.66,90.54,0.09999999999999996,True
2026-03-19,002942.SZ,22.54,18.44,0.10004880429477787,True
2026-03-19,001217.SZ,14.36,11.75,0.0999617004978935,True
2026-03-19,603978.SH,27.09,22.17,0.099878197320341,True
2026-03-19,600615.SH,13.65,11.17,0.09991941982272362,True
2026-03-19,603238.SH,19.01,15.55,0.10011574074074076,True
2026-03-19,600319.SH,8.95,7.33,0.09950859950859946,True
2026-03-19,001330.SZ,7.96,6.52,0.09944751381215472,True
2026-03-19,002977.SZ,32.25,26.39,0.09993178717598908,True
2026-03-20,603255.SH,31.46,25.74,0.10000000000000003,True
2026-03-20,002836.SZ,15.37,12.57,0.1002147458840372,True
2026-03-20,001225.SZ,54.42,44.52,0.10006064281382655,True
2026-03-20,603755.SH,31.86,26.06,0.10013812154696133,True
2026-03-20,001277.SZ,39.94,32.68,0.0999724593775819,True
2026-03-20,603790.SH,24.39,19.95,0.10013531799729367,True
2026-03-20,000782.SZ,5.96,4.88,0.09963099630996311,True
2026-03-20,001330.SZ,7.76,6.35,0.09992912827781716,True
2026-03-20,001367.SZ,24.81,20.3,0.09997783196630454,True
2026-03-20,603322.SH,38.56,31.55,0.09998573669947228,True
2026-03-20,603718.SH,5.15,4.21,0.10042735042735047,True
2026-03-20,002977.SZ,31.25,25.57,0.09996480112636395,True
2026-03-20,601595.SH,27.64,22.62,0.09988062077198566,True
2026-03-20,605398.SH,31.54,25.8,0.10010463899546561,True
2026-03-20,600865.SH,12.73,10.41,0.10025929127052724,True
2026-03-20,603703.SH,14.08,11.52,0.10000000000000002,True
2026-03-20,000004.SZ,5.82,5.26,0.05054151624548741,False
2026-03-20,603657.SH,29.28,23.96,0.09992486851990984,True
2026-03-20,603579.SH,23.98,19.62,0.09999999999999998,True
2026-03-20,002227.SZ,10.46,8.56,0.09989484752891693,True
2026-03-20,605055.SH,9.83,8.05,0.09955257270693507,True
2026-03-20,603598.SH,22.15,18.13,0.09980139026812312,True
2026-03-20,600319.SH,8.58,7.02,0.10000000000000003,True
2026-03-20,600187.SH,2.15,1.76,0.09974424552429664,True
2026-03-20,002942.SZ,21.71,17.77,0.09979736575481259,True
2026-03-20,002988.SZ,34.95,28.59,0.10009442870632676,True
2026-03-20,002694.SZ,3.29,2.69,0.10033444816053512,True
2026-03-20,605189.SH,15.3,12.52,0.0999281092739037,True
2026-03-20,603039.SH,46.01,37.65,0.09992828113793928,True
2026-03-20,603079.SH,19.42,15.89,0.09997167941093177,True
2026-03-20,600476.SH,12.49,10.22,0.09995596653456625,True
2026-03-20,605288.SH,102.96,84.24,0.1,True
2026-03-20,002712.SZ,5.95,4.87,0.09981515711645102,True
2026-03-20,003029.SZ,25.67,21.01,0.09982862039417308,True
2026-03-20,603266.SH,21.16,17.32,0.09979209979209978,True
2026-03-20,001217.SZ,13.78,11.28,0.09976057462090983,True
2026-03-20,603636.SH,10.95,8.96,0.09994977398292308,True
2026-03-20,002956.SZ,29.11,23.81,0.10015117157974301,True
2026-03-20,603286.SH,62.79,51.37,0.10003503854239665,True
2026-03-20,003033.SZ,63.44,51.9,0.10005202011444424,True
2026-03-23,603516.SH,163.38,133.68,0.09997980206018982,True
2026-03-23,603598.SH,21.32,17.44,0.10010319917440656,True
2026-03-23,603255.SH,30.53,24.98,0.09998198522788687,True
2026-03-23,002836.SZ,15.0,12.28,0.09970674486803521,True
2026-03-23,001367.SZ,24.02,19.66,0.09981684981684981,True
2026-03-23,603159.SH,27.5,22.5,0.1,True
2026-03-23,003007.SZ,45.1,36.9,0.10000000000000003,True
2026-03-23,002943.SZ,54.45,44.55,0.10000000000000006,True
2026-03-23,002977.SZ,29.93,24.49,0.0999632488055862,True
2026-03-23,001330.SZ,7.48,6.12,0.10000000000000002,True
2026-03-23,603171.SH,57.37,46.94,0.09999041319144857,True
2026-03-23,605268.SH,13.42,10.98,0.09999999999999999,True
2026-03-23,003018.SZ,27.74,22.7,0.09992069785884218,True
2026-03-23,002757.SZ,22.31,18.25,0.10009861932938852,True
2026-03-23,603322.SH,34.71,28.4,0.09998415465061009,True
2026-03-23,001225.SZ,52.56,43.0,0.10004185851820847,True
2026-03-23,603216.SH,36.98,30.26,0.0999405116002379,True
2026-03-23,605398.SH,30.03,24.57,0.10000000000000002,True
2026-03-23,603048.SH,22.84,18.68,0.10019267822736032,True
2026-03-23,000826.SZ,2.41,1.97,0.10045662100456625,True
2026-03-23,603122.SH,17.11,14.0,0.09996785599485694,True
2026-03-23,603466.SH,10.35,8.47,0.0998937300743889,True
2026-03-23,000004.SZ,5.52,5.0,0.04942965779467677,False
2026-03-23,600986.SH,10.92,8.94,0.09969788519637465,True
2026-03-23,603657.SH,28.14,23.02,0.10007818608287727,True
2026-03-23,002712.SZ,5.76,4.72,0.09923664122137404,True
2026-03-23,002151.SZ,45.3,37.06,0.10004856726566289,True
2026-03-23,603703.SH,13.45,11.01,0.0997547015535568,True
2026-03-23,603679.SH,16.45,13.46,0.09996656636576391,True
2026-03-23,001268.SZ,34.01,27.83,0.0999353169469599,True
2026-03-23,605365.SH,20.14,16.48,0.09994538503549971,True
2026-03-23,603755.SH,31.01,25.37,0.10003547357218873,True
2026-03-23,603217.SH,25.63,20.97,0.10000000000000002,True
2026-03-23,603039.SH,44.56,36.46,0.09997531473710196,True
2026-03-23,603602.SH,14.55,11.91,0.0997732426303855,True
2026-03-23,002301.SZ,7.76,6.35,0.09992912827781716,True
2026-03-23,002995.SZ,28.71,23.49,0.10000000000000005,True
2026-03-23,603155.SH,17.4,14.24,0.09987357774968389,True
2026-03-23,603800.SH,40.51,33.15,0.09991854466467553,True
2026-03-23,603790.SH,23.79,19.47,0.0998613037447989,True
2026-03-24,001367.SZ,22.25,18.21,0.09985170538803755,True
2026-03-24,603790.SH,21.42,17.52,0.10015408320493073,True
2026-03-24,600319.SH,7.69,6.29,0.1001430615164521,True
2026-03-24,603159.SH,25.36,20.75,0.09997831273042723,True
2026-03-24,603255.SH,28.82,23.58,0.10000000000000005,True
2026-03-24,002836.SZ,14.18,11.6,0.10007757951900698,True
2026-03-24,000782.SZ,5.47,4.47,0.1006036217303823,True
2026-03-24,605218.SH,18.43,15.08,0.09997015816174276,True
2026-03-24,003041.SZ,54.23,44.37,0.1,True
2026-03-24,001282.SZ,20.91,17.11,0.09994739610731197,True
2026-03-24,603048.SH,20.58,16.84,0.09994655264564399,True
2026-03-24,002068.SZ,9.52,7.79,0.09994222992489889,True
2026-03-24,001332.SZ,54.76,44.8,0.10004017677782243,True
2026-03-24,603722.SH,36.19,29.61,0.09999999999999998,True
2026-03-24,603353.SH,40.24,32.92,0.10005467468562057,True
2026-03-24,605398.SH,27.79,22.73,0.10015835312747425,True
2026-03-24,603257.SH,58.38,47.76,0.10005652911249298,True
2026-03-24,603382.SH,29.57,24.19,0.10007440476190474,True
2026-03-24,001314.SZ,44.39,36.32,0.09998760996159088,True
2026-03-24,605588.SH,53.91,44.11,0.09997959600081613,True
2026-03-24,002356.SZ,3.95,3.23,0.10027855153203345,True
2026-03-24,603332.SH,13.11,10.73,0.09983221476510062,True
2026-03-24,001326.SZ,54.74,44.78,0.10008038585209003,True
2026-03-24,605268.SH,12.79,10.47,0.09974204643164225,True
2026-03-24,001268.SZ,31.48,25.76,0.0999301187980433,True
2026-03-24,002278.SZ,12.16,9.95,0.09995477159656269,True
2026-03-24,001216.SZ,18.06,14.78,0.09987819732034103,True
2026-03-24,002852.SZ,10.21,8.35,0.10021551724137936,True
2026-03-24,600860.SH,12.66,10.36,0.09991311902693313,True
2026-03-24,603232.SH,22.15,18.13,0.09980139026812312,True
2026-03-24,603258.SH,17.48,14.3,0.10006293266205159,True
2026-03-24,603155.SH,16.31,13.35,0.09979770734996626,True
2026-03-24,002151.SZ,41.37,33.85,0.09997341132677474,True
2026-03-24,603086.SH,7.68,6.28,0.10028653295128935,True
2026-03-24,600231.SH,2.11,1.73,0.09895833333333331,True
2026-03-24,002899.SZ,30.31,24.8,0.0999818544728724,True
2026-03-24,600966.SH,7.14,5.84,0.10015408320493065,True
2026-03-24,000555.SZ,17.81,14.57,0.10006176652254474,True
2026-03-24,002086.SZ,2.26,1.85,0.09975669099756684,True
2026-03-24,603585.SH,19.21,15.71,0.10022909507445589,True
2026-03-25,603790.SH,21.93,17.95,0.09979939819458378,True
2026-03-25,603159.SH,26.48,21.66,0.10012463647694225,True
2026-03-25,000782.SZ,5.81,4.75,0.10037878787878786,True
2026-03-25,001367.SZ,23.56,19.28,0.09990662931839396,True
2026-03-25,603255.SH,29.98,24.53,0.09998165474224911,True
2026-03-25,600319.SH,8.01,6.55,0.10027472527472528,True
2026-03-25,603353.SH,38.7,31.66,0.10005685048322914,True
2026-03-25,605081.SH,8.56,7.74,0.050306748466257684,False
2026-03-25,605218.SH,18.98,15.53,0.09997102289191542,True
2026-03-25,001282.SZ,21.53,17.61,0.10015329586101179,True
2026-03-25,603382.SH,30.1,24.62,0.10014619883040937,True
2026-03-25,002068.SZ,9.3,7.61,0.09994086339444118,True
2026-03-25,605398.SH,28.73,23.51,0.09992343032159262,True
2026-03-25,600860.SH,13.27,10.85,0.10033167495854063,True
2026-03-25,002852.SZ,10.46,8.56,0.09989484752891693,True
2026-03-25,603358.SH,39.9,32.64,0.10008271298593878,True
2026-03-25,002877.SZ,9.6,7.86,0.0996563573883161,True
2026-03-25,002843.SZ,24.7,20.21,0.09997773324426629,True
2026-03-25,603332.SH,13.71,11.21,0.10032102728731941,True
2026-03-25,603722.SH,36.92,30.2,0.10011918951132304,True
2026-03-25,001216.SZ,18.81,15.39,0.09999999999999994,True
2026-03-25,603048.SH,21.7,17.76,0.09984794728839325,True
2026-03-25,605268.SH,13.39,10.95,0.10024650780608058,True
2026-03-25,603330.SH,7.32,5.99,0.09992486851990984,True
2026-03-25,001326.SZ,55.01,45.01,0.09998000399920016,True
2026-03-25,603132.SH,16.56,13.55,0.09996678844237789,True
2026-03-25,603155.SH,16.81,13.75,0.10013089005235598,True
2026-03-25,002278.SZ,12.39,10.13,0.1003552397868561,True
2026-03-25,600966.SH,7.27,5.95,0.09984871406959149,True
2026-03-25,603075.SH,22.17,18.14,0.09997519225998514,True
2026-03-25,605055.SH,9.41,7.7,0.09994155464640561,True
2026-03-25,001268.SZ,31.94,26.14,0.09986225895316805,True
2026-03-25,603657.SH,27.86,22.8,0.09988156336360046,True
2026-03-25,002861.SZ,17.24,14.1,0.10019144862795147,True
2026-03-25,002809.SZ,12.28,10.04,0.1003584229390681,True
2026-03-25,603585.SH,20.14,16.48,0.09994538503549971,True
2026-03-25,600851.SH,8.18,6.7,0.09946236559139783,True
2026-03-25,603079.SH,17.94,14.68,0.09993868792152058,True
2026-03-25,603610.SH,17.52,14.34,0.09981167608286251,True
2026-03-25,002086.SZ,2.33,1.91,0.09905660377358494,True
2026-03-26,603790.SH,22.65,18.53,0.10004856726566289,True
2026-03-26,000782.SZ,5.83,4.77,0.10000000000000005,True
2026-03-26,605268.SH,13.49,11.03,0.10032626427406202,True
2026-03-26,603255.SH,30.58,25.02,0.09999999999999999,True
2026-03-26,001277.SZ,39.72,32.5,0.09997230684021045,True
2026-03-26,605055.SH,9.87,8.07,0.10033444816053506,True
2026-03-26,002836.SZ,15.61,12.77,0.10007047216349542,True
2026-03-26,603353.SH,37.88,31.0,0.099883855981417,True
2026-03-26,605398.SH,29.4,24.06,0.09988776655443322,True
2026-03-26,003041.SZ,57.46,47.02,0.09992343032159262,True
2026-03-26,603755.SH,31.23,25.55,0.10003522367030644,True
2026-03-26,002843.SZ,23.41,19.15,0.10009398496240604,True
2026-03-26,600319.SH,8.23,6.73,0.10026737967914438,True
2026-03-26,002300.SZ,10.92,8.94,0.09969788519637465,True
2026-03-26,600860.SH,13.24,10.84,0.09966777408637877,True
2026-03-26,002927.SZ,19.93,16.31,0.09988962472406185,True
2026-03-26,002877.SZ,9.71,7.95,0.09966024915062291,True
2026-03-26,003007.SZ,46.53,38.07,0.10000000000000002,True
2026-03-26,603232.SH,22.78,18.64,0.09995171414775472,True
2026-03-26,605218.SH,19.36,15.84,0.09999999999999998,True
2026-03-26,001282.SZ,22.1,18.08,0.10004977600796423,True
2026-03-26,603159.SH,26.35,21.56,0.09997912753078696,True
2026-03-26,002977.SZ,29.65,24.26,0.09998145056575769,True
2026-03-26,603358.SH,35.9,29.38,0.09987745098039215,True
2026-03-26,002383.SZ,10.62,8.69,0.09994821336095287,True
2026-03-26,603257.SH,61.78,50.54,0.1000712250712251,True
2026-03-26,603382.SH,30.59,25.03,0.09996404171161449,True
2026-03-26,002151.SZ,42.12,34.46,0.10002611647949852,True
2026-03-26,002912.SZ,29.39,24.05,0.0999251497005988,True
2026-03-26,002356.SZ,4.02,3.29,0.09986320109439119,True
2026-03-26,002212.SZ,8.39,6.87,0.0996068152031455,True
2026-03-26,600966.SH,7.45,6.09,0.10044313146233386,True
2026-03-26,603269.SH,15.95,13.05,0.09999999999999995,True
2026-03-26,603123.SH,12.39,10.13,0.1003552397868561,True
2026-03-26,002809.SZ,12.46,10.2,0.09973521624007067,True
2026-03-26,002861.SZ,17.42,14.26,0.0997474747474748,True
2026-03-26,001225.SZ,53.03,43.39,0.09997925741547398,True
2026-03-26,002919.SZ,22.23,18.19,0.09995051954477979,True
2026-03-26,603130.SH,46.19,37.79,0.10002381519409383,True
2026-03-26,002068.SZ,9.39,7.69,0.09953161592505855,True
2026-03-27,603790.SH,22.66,18.54,0.10000000000000002,True
2026-03-27,600860.SH,12.65,10.35,0.10000000000000003,True
2026-03-27,000782.SZ,5.72,4.68,0.10000000000000002,True
2026-03-27,603159.SH,26.07,21.33,0.10000000000000005,True
2026-03-27,603358.SH,32.33,26.45,0.10003402517863216,True
2026-03-27,003041.SZ,55.51,45.41,0.10007927070947288,True
2026-03-27,603353.SH,37.25,30.47,0.10011813349084467,True
2026-03-27,600703.SH,14.2,11.62,0.09992254066615028,True
2026-03-27,605218.SH,18.52,15.16,0.09976247030878858,True
2026-03-27,600355.SH,0.83,0.75,0.050632911392405035,False
2026-03-27,002536.SZ,32.12,26.28,0.09999999999999994,True
2026-03-27,603255.SH,29.98,24.53,0.09998165474224911,True
2026-03-27,002852.SZ,10.46,8.56,0.09989484752891693,True
2026-03-27,603269.SH,15.18,12.42,0.09999999999999999,True
2026-03-27,002927.SZ,19.28,15.78,0.09982886480319457,True
2026-03-27,002885.SZ,27.09,22.17,0.099878197320341,True
2026-03-27,603150.SH,49.35,40.37,0.10008916629514049,True
2026-03-27,603813.SH,31.02,28.06,0.05010155721056197,False
2026-03-27,601231.SH,36.82,30.12,0.10008963250672243,True
2026-03-27,001216.SZ,18.85,15.43,0.09976662777129526,True
2026-03-27,002520.SZ,6.11,5.0,0.09990999099909995,True
2026-03-27,001326.SZ,57.9,47.38,0.09992401215805467,True
2026-03-27,002912.SZ,28.58,23.38,0.10007698229407236,True
2026-03-27,603878.SH,8.18,6.7,0.09946236559139783,True
2026-03-27,603257.SH,59.71,48.85,0.10003684598378776,True
2026-03-27,603722.SH,36.74,30.06,0.10000000000000005,True
2026-03-27,002658.SZ,9.79,8.01,0.09999999999999998,True
2026-03-27,603232.SH,21.9,17.92,0.09994977398292308,True
2026-03-27,002943.SZ,51.92,42.48,0.10000000000000005,True
2026-03-27,603130.SH,44.09,36.07,0.10004990019960085,True
2026-03-27,002300.SZ,10.24,8.38,0.0998925886143931,True
2026-03-27,002861.SZ,16.9,13.82,0.10026041666666662,True
2026-03-27,001277.SZ,38.73,31.69,0.09997159897756312,True
2026-03-27,603610.SH,17.38,14.22,0.09999999999999995,True
2026-03-27,001282.SZ,21.54,17.62,0.10010214504596524,True
2026-03-27,002151.SZ,40.69,33.29,0.10002703433360367,True
2026-03-27,002356.SZ,3.91,3.2,0.09985935302390998,True
2026-03-27,605398.SH,28.56,23.36,0.10015408320493065,True
2026-03-27,002427.SZ,6.89,5.63,0.10063897763578274,True
2026-03-27,600172.SH,8.57,7.01,0.10012836970474971,True
2026-03-30,600703.SH,13.82,11.3,0.1003184713375796,True
2026-03-30,603813.SH,29.46,26.66,0.049893086243763374,False
2026-03-30,600860.SH,12.6,10.31,0.09995635093845479,True
2026-03-30,000004.SZ,5.29,4.79,0.0496031746031746,False
2026-03-30,600355.SH,0.79,0.71,0.05333333333333338,False
2026-03-30,603312.SH,48.05,39.31,0.10004578754578748,True
2026-03-30,603773.SH,38.94,31.86,0.09999999999999998,True
2026-03-30,600696.SH,1.77,1.61,0.047337278106508854,False
2026-03-30,600966.SH,7.44,6.08,0.10059171597633139,True
2026-03-30,603353.SH,37.39,30.59,0.10002942041776994,True
2026-03-30,603008.SH,17.93,14.67,0.09999999999999999,True
2026-03-30,603863.SH,20.34,16.64,0.1000540832882639,True
2026-03-30,003041.SZ,55.42,45.34,0.10003969829297338,True
2026-03-30,600458.SH,14.2,11.62,0.09992254066615028,True
2026-03-30,603610.SH,17.38,14.22,0.09999999999999995,True
2026-03-30,603949.SH,19.38,15.86,0.09988649262202043,True
2026-03-30,605081.SH,8.19,7.41,0.04999999999999996,False
2026-03-30,002843.SZ,23.65,19.35,0.09999999999999994,True
2026-03-30,605183.SH,21.85,17.87,0.1002014098690836,True
2026-03-30,600452.SH,13.64,11.16,0.10000000000000002,True
2026-03-30,603790.SH,22.59,18.49,0.09980525803310618,True
2026-03-30,603013.SH,22.1,18.08,0.10004977600796423,True
2026-03-30,603722.SH,37.35,30.56,0.0999852746281844,True
2026-03-30,600243.SH,3.23,2.93,0.04870129870129867,False
2026-03-30,001376.SZ,18.46,15.1,0.10011918951132304,True
2026-03-30,002861.SZ,17.25,14.11,0.10012755102040818,True
2026-03-30,002885.SZ,27.15,22.21,0.10008103727714744,True
2026-03-30,605218.SH,18.96,15.52,0.0997679814385151,True
2026-03-30,002881.SZ,42.14,34.48,0.09997389715478991,True
2026-03-30,001277.SZ,39.42,32.26,0.0998883928571429,True
2026-03-30,603269.SH,15.3,12.52,0.0999281092739037,True
2026-03-30,605289.SH,112.28,91.86,0.10002939159400413,True
2026-03-30,605007.SH,15.02,12.29,0.09996338337605275,True
2026-03-30,002364.SZ,30.99,25.35,0.1001064962726304,True
2026-03-30,002536.SZ,32.15,26.31,0.09989736572015054,True
2026-03-30,002943.SZ,51.6,42.22,0.09997868258367089,True
2026-03-30,000061.SZ,8.55,6.99,0.10038610038610041,True
2026-03-30,603232.SH,21.95,17.96,0.09997494362315207,True
2026-03-30,002427.SZ,6.94,5.68,0.09984152139461178,True
2026-03-30,002056.SZ,23.57,19.29,0.09986000933271118,True
2026-03-31,000638.SZ,1.48,1.34,0.049645390070921946,False
2026-03-31,600355.SH,0.75,0.67,0.05633802816901406,False
2026-03-31,000004.SZ,5.05,4.57,0.04989604989604984,False
2026-03-31,603516.SH,154.34,126.28,0.0999928729242392,True
2026-03-31,603119.SH,82.01,67.1,0.0999932935416807,True
2026-03-31,000681.SZ,22.66,18.54,0.10000000000000002,True
2026-03-31,603813.SH,27.99,25.33,0.049887471867967,False
2026-03-31,603130.SH,43.3,35.42,0.1001016260162601,True
2026-03-31,002517.SZ,19.75,16.16,0.09997215260373156,True
2026-03-31,002943.SZ,51.51,42.15,0.09993593850096091,True
2026-03-31,603171.SH,56.1,45.9,0.10000000000000003,True
2026-03-31,001330.SZ,7.71,6.31,0.09985734664764624,True
2026-03-31,600962.SH,21.11,17.27,0.10005211047420533,True
2026-03-31,605288.SH,98.87,80.89,0.1000222518914108,True
2026-03-31,002558.SZ,34.57,28.29,0.09990454979319124,True
2026-03-31,603011.SH,23.07,18.87,0.10014306151645207,True
2026-03-31,002151.SZ,41.66,34.08,0.10007921837866383,True
2026-03-31,603859.SH,40.59,33.21,0.10000000000000002,True
2026-03-31,001225.SZ,53.08,43.43,0.09998963837944254,True
2026-03-31,002922.SZ,41.35,33.83,0.10002660281989895,True
2026-03-31,600531.SH,14.6,11.94,0.10022607385079127,True
2026-03-31,002400.SZ,9.57,7.83,0.10000000000000002,True
2026-03-31,000561.SZ,10.74,8.78,0.10040983606557381,True
2026-03-31,603703.SH,13.81,11.3,0.09996017522899242,True
2026-03-31,603979.SH,62.48,51.12,0.1,True
2026-03-31,600363.SH,55.28,45.23,0.09999005074121983,True
2026-03-31,603216.SH,35.45,29.01,0.09990691901954701,True
2026-03-31,603690.SH,27.31,22.35,0.09987917841320978,True
2026-03-31,002928.SZ,8.78,7.18,0.10025062656641602,True
2026-03-31,002829.SZ,24.7,20.21,0.09997773324426629,True
2026-03-31,002163.SZ,14.5,11.86,0.10015174506828531,True
2026-03-31,603155.SH,17.34,14.18,0.100253807106599,True
2026-03-31,600115.SH,4.79,3.92,0.09988518943742825,True
2026-03-31,000426.SZ,44.29,36.23,0.10009935419771489,True
2026-03-31,600961.SH,19.16,15.68,0.09988518943742825,True
2026-03-31,000737.SZ,14.74,12.06,0.09999999999999999,True
2026-03-31,603179.SH,72.83,59.59,0.0999848965413079,True
2026-03-31,002855.SZ,13.3,10.88,0.1000827129859388,True
2026-03-31,603069.SH,19.67,16.09,0.10011185682326626,True
2026-03-31,002320.SZ,10.07,8.24,0.09994538503549971,True
2026-04-01,000004.SZ,4.8,4.34,0.05032822757111597,False
2026-04-01,600355.SH,0.7,0.64,0.04477611940298504,False
2026-04-01,000638.SZ,1.41,1.27,0.052238805970149224,False
2026-04-01,603130.SH,42.42,34.7,0.100103734439834,True
2026-04-01,603516.SH,152.25,124.57,0.0999927750885052,True
2026-04-01,000561.SZ,10.66,8.72,0.10010319917440656,True
2026-04-01,002163.SZ,14.42,11.8,0.09992372234935161,True
2026-04-01,600962.SH,20.77,16.99,0.10010593220338987,True
2026-04-01,603813.SH,26.6,24.06,0.050138176075799505,False
2026-04-01,001330.SZ,7.68,6.28,0.10028653295128935,True
2026-04-01,001225.SZ,53.9,44.1,0.09999999999999998,True
2026-04-01,002855.SZ,13.38,10.94,0.1003289473684211,True
2026-04-01,603171.SH,55.08,45.06,0.10005991611743555,True
2026-04-01,600476.SH,12.43,10.17,0.09999999999999998,True
2026-04-01,603188.SH,5.37,4.39,0.10040983606557381,True
2026-04-01,002151.SZ,41.67,34.09,0.10005279831045404,True
2026-04-01,003009.SZ,63.51,51.97,0.0999307239348805,True
2026-04-01,002278.SZ,13.3,10.88,0.1000827129859388,True
2026-04-01,002383.SZ,10.64,8.7,0.10031023784901764,True
2026-04-01,600855.SH,18.92,15.48,0.10000000000000002,True
2026-04-01,002943.SZ,50.59,41.39,0.10002174385736032,True
2026-04-01,603119.SH,80.01,65.47,0.09994500962331596,True
2026-04-01,603889.SH,8.44,6.9,0.10039113428943931,True
2026-04-01,002297.SZ,12.02,9.84,0.09972552607502286,True
2026-04-01,002354.SZ,6.25,5.11,0.10035211267605632,True
2026-04-01,600319.SH,8.34,6.82,0.10026385224274403,True
2026-04-01,001209.SZ,22.64,18.52,0.10009718172983482,True
2026-04-01,002474.SZ,8.49,6.95,0.09974093264248704,True
2026-04-01,002829.SZ,24.53,20.07,0.10000000000000002,True
2026-04-01,603636.SH,10.12,8.28,0.1,True
2026-04-01,600506.SH,23.98,19.62,0.09999999999999998,True
2026-04-01,600456.SH,36.97,30.25,0.0999702469503124,True
2026-04-01,002657.SZ,24.15,19.76,0.09997722614438619,True
2026-04-01,603918.SH,14.92,12.2,0.10029498525073749,True
2026-04-01,600990.SH,24.88,20.36,0.09991158267020336,True
2026-04-01,000759.SZ,6.2,5.08,0.09929078014184398,True
2026-04-01,002465.SZ,16.49,13.49,0.10006671114076046,True
2026-04-01,000681.SZ,22.08,18.06,0.10014947683109117,True
2026-04-01,002935.SZ,20.36,16.66,0.09994597514856833,True
2026-04-01,600198.SH,9.05,7.41,0.09963547995139736,True
2026-04-02,000004.SZ,4.56,4.12,0.05069124423963128,False
2026-04-02,600355.SH,0.67,0.61,0.04687500000000004,False
2026-04-02,000638.SZ,1.33,1.21,0.04724409448818902,False
2026-04-02,603516.SH,153.01,125.19,0.09999999999999998,True
2026-04-02,001330.SZ,7.74,6.34,0.0994318181818182,True
2026-04-02,603171.SH,55.81,45.67,0.09992116673236105,True
2026-04-02,603598.SH,22.07,18.05,0.10019940179461613,True
2026-04-02,603130.SH,42.46,34.74,0.09999999999999998,True
2026-04-02,000681.SZ,22.58,18.48,0.09985387238188012,True
2026-04-02,603119.SH,81.66,66.82,0.09994612068965521,True
2026-04-02,000561.SZ,10.64,8.7,0.10031023784901764,True
2026-04-02,001225.SZ,54.01,44.19,0.10000000000000002,True
2026-04-02,603813.SH,25.26,22.86,0.04987531172069829,False
2026-04-02,002163.SZ,14.34,11.74,0.09969325153374232,True
2026-04-02,600476.SH,12.21,9.99,0.10000000000000002,True
2026-04-02,600986.SH,10.74,8.78,0.10040983606557381,True
2026-04-02,002151.SZ,41.37,33.85,0.09997341132677474,True
2026-04-02,002943.SZ,51.52,42.16,0.09991460290350135,True
2026-04-02,002855.SZ,13.12,10.74,0.09974853310980716,True
2026-04-02,600556.SH,6.7,5.48,0.10016420361247946,True
2026-04-02,002400.SZ,9.74,7.97,0.09994353472614344,True
2026-04-02,600855.SH,18.91,15.47,0.10005817335660265,True
2026-04-02,002354.SZ,6.28,5.14,0.09982486865148867,True
2026-04-02,603011.SH,23.51,19.23,0.10014038371548903,True
2026-04-02,002115.SZ,13.42,10.98,0.09999999999999999,True
2026-04-02,002682.SZ,6.59,5.39,0.10016694490818032,True
2026-04-02,603008.SH,16.72,13.68,0.09999999999999998,True
2026-04-02,002465.SZ,16.36,13.38,0.1002017484868863,True
2026-04-02,002474.SZ,8.51,6.97,0.09948320413436693,True
2026-04-02,600531.SH,14.8,12.11,0.09996283909327393,True
2026-04-02,002544.SZ,28.46,23.28,0.10011596443757247,True
2026-04-02,601929.SH,3.31,2.71,0.09966777408637877,True
2026-04-02,603859.SH,41.02,33.56,0.10002681684097613,True
2026-04-02,600734.SH,4.22,3.46,0.09895833333333331,True
2026-04-02,002766.SZ,5.52,4.52,0.09960159362549802,True
2026-04-02,002383.SZ,10.67,8.73,0.09999999999999998,True
2026-04-02,600961.SH,19.51,15.97,0.09977452085682076,True
2026-04-02,603216.SH,35.97,29.43,0.09999999999999998,True
2026-04-02,603000.SH,21.73,17.78,0.09997468995191088,True
2026-04-02,600990.SH,25.17,20.59,0.10008741258741262,True
2026-04-03,000638.SZ,1.27,1.15,0.049586776859504175,False
2026-04-03,001330.SZ,7.56,6.18,0.10043668122270742,True
2026-04-03,000004.SZ,4.33,3.91,0.05097087378640776,False
2026-04-03,000016.SZ,3.59,2.93,0.10122699386503063,True
2026-04-03,000766.SZ,21.75,17.79,0.10015174506828531,True
2026-04-03,600355.SH,0.64,0.58,0.04918032786885251,False
2026-04-03,603598.SH,21.25,17.39,0.09989648033126293,True
2026-04-03,603516.SH,146.18,119.6,0.10000752502069386,True
2026-04-03,000892.SZ,6.7,5.48,0.10016420361247946,True
2026-04-03,002163.SZ,14.09,11.53,0.09992193598750979,True
2026-04-03,603008.SH,15.05,12.31,0.10014619883040937,True
2026-04-03,600135.SH,11.54,9.44,0.10009532888465204,True
2026-04-03,603718.SH,5.1,4.18,0.09913793103448276,True
2026-04-03,600151.SH,14.41,11.79,0.10000000000000005,True
2026-04-03,603703.SH,13.97,11.43,0.10000000000000005,True
2026-04-03,002995.SZ,25.61,20.95,0.10008591065292095,True
2026-04-03,002519.SZ,8.76,7.16,0.10050251256281405,True
2026-04-03,002151.SZ,40.33,32.99,0.10010911074740858,True
2026-04-03,002400.SZ,9.17,7.51,0.09952038369304557,True
2026-04-03,001225.SZ,52.46,42.92,0.10002096875655274,True
2026-04-03,002173.SZ,28.49,23.31,0.1,True
2026-04-03,603179.SH,72.94,59.68,0.09998491931835317,True
2026-04-03,002115.SZ,13.08,10.7,0.10008410428931878,True
2026-04-03,002044.SZ,6.19,5.07,0.0994671403197158,True
2026-04-03,000681.SZ,21.86,17.88,0.10015098137896329,True
2026-04-03,000917.SZ,10.22,8.36,0.10010764262648016,True
2026-04-03,603527.SH,11.97,9.79,0.10018382352941184,True
2026-04-03,000503.SZ,8.78,7.18,0.10025062656641602,True
2026-04-03,000710.SZ,11.89,9.73,0.09990749306197964,True
2026-04-03,603090.SH,65.03,53.21,0.09996617050067659,True
2026-04-03,600986.SH,10.3,8.42,0.10042735042735047,True
2026-04-03,600693.SH,12.28,10.04,0.1003584229390681,True
2026-04-03,600961.SH,18.96,15.52,0.0997679814385151,True
2026-04-03,603978.SH,27.05,22.13,0.10004066693777962,True
2026-04-03,600556.SH,6.48,5.3,0.10016977928692704,True
2026-04-03,600855.SH,18.55,15.17,0.10023724792408069,True
2026-04-03,002407.SZ,30.55,24.99,0.10010803024846962,True
2026-04-03,603108.SH,14.03,11.48,0.09996079968639746,True
2026-04-03,002413.SZ,14.94,12.22,0.10014727540500733,True
2026-04-03,600359.SH,7.96,6.52,0.09944751381215472,True
2026-04-07,000004.SZ,4.11,3.71,0.051150895140665,False
2026-04-07,000638.SZ,1.21,1.09,0.052173913043478216,False
2026-04-07,603516.SH,142.85,116.87,0.10003080240258735,True
2026-04-07,600850.SH,24.24,19.84,0.09981851179673318,True
2026-04-07,603130.SH,40.01,32.73,0.10008248556502615,True
2026-04-07,603119.SH,77.21,63.17,0.10001424704373837,True
2026-04-07,603358.SH,38.95,31.87,0.09997175939000284,True
2026-04-07,600696.SH,1.56,1.42,0.046979865771812124,False
2026-04-07,002465.SZ,15.72,12.86,0.10006997900629816,True
2026-04-07,002446.SZ,10.6,8.68,0.0995850622406639,True
2026-04-07,002207.SZ,10.22,8.36,0.10010764262648016,True
2026-04-07,603179.SH,71.31,58.35,0.09995372512725591,True
2026-04-07,002928.SZ,8.67,7.09,0.100253807106599,True
2026-04-07,000561.SZ,10.21,8.35,0.10021551724137936,True
2026-04-07,603171.SH,53.91,44.11,0.09997959600081613,True
2026-04-07,002173.SZ,26.68,21.83,0.09997938569367144,True
2026-04-07,001225.SZ,51.23,41.91,0.10006441915396179,True
2026-04-07,000016.SZ,3.38,2.76,0.10097719869706842,True
2026-04-07,603011.SH,21.91,17.93,0.0998995983935743,True
2026-04-07,000503.SZ,8.54,6.98,0.1005154639175257,True
2026-04-07,600115.SH,4.72,3.86,0.10023310023310021,True
2026-04-07,603979.SH,63.59,52.03,0.09998270195467913,True
2026-04-07,002149.SZ,51.81,42.39,0.10000000000000002,True
2026-04-07,002943.SZ,49.18,40.24,0.09997763363900691,True
2026-04-07,603008.SH,13.54,11.08,0.09991876523151906,True
2026-04-07,600961.SH,18.5,15.14,0.09988109393579071,True
2026-04-07,002547.SZ,3.52,2.88,0.10000000000000002,True
2026-04-07,003009.SZ,60.81,49.75,0.10003617945007237,True
2026-04-07,600986.SH,10.02,8.2,0.0998902305159166,True
2026-04-07,002151.SZ,39.36,32.2,0.10005589714924534,True
2026-04-07,001330.SZ,7.26,5.94,0.09999999999999996,True
2026-04-07,000681.SZ,21.08,17.24,0.1002087682672234,True
2026-04-07,603667.SH,72.91,59.65,0.10003017501508749,True
2026-04-07,600855.SH,18.11,14.81,0.10024301336573507,True
2026-04-07,000426.SZ,43.36,35.48,0.099949264332826,True
2026-04-07,603216.SH,34.85,28.51,0.10006313131313131,True
2026-04-07,605288.SH,95.12,77.82,0.10003469411356547,True
2026-04-07,002044.SZ,5.98,4.9,0.09926470588235294,True
2026-04-07,603786.SH,58.72,48.04,0.10003746721618584,True
2026-04-07,600531.SH,14.03,11.48,0.09996079968639746,True
2026-04-08,000004.SZ,3.9,3.52,0.05121293800539082,False
2026-04-08,000638.SZ,1.14,1.04,0.04587155963302747,False
2026-04-08,603130.SH,40.11,32.81,0.1001097092704333,True
2026-04-08,600696.SH,1.49,1.35,0.04929577464788729,False
2026-04-08,600243.SH,3.16,2.86,0.04983388704318942,False
2026-04-08,603889.SH,8.29,6.79,0.09946949602122011,True
2026-04-08,600962.SH,20.27,16.59,0.09983722192078133,True
2026-04-08,002981.SZ,25.64,20.98,0.09995709995709995,True
2026-04-08,603155.SH,17.45,14.27,0.10025220680958385,True
2026-04-08,000561.SZ,10.23,8.37,0.10000000000000006,True
2026-04-08,603082.SH,38.58,31.56,0.10008554319931565,True
2026-04-08,603813.SH,23.95,21.67,0.04997807978956592,False
2026-04-08,603216.SH,34.86,28.52,0.1000315556958031,True
2026-04-08,001314.SZ,43.47,35.57,0.0999493927125506,True
2026-04-08,002919.SZ,22.15,18.13,0.09980139026812312,True
2026-04-08,603266.SH,19.81,16.21,0.09994447529150467,True
2026-04-08,002674.SZ,13.95,11.41,0.10015772870662458,True
2026-04-08,001268.SZ,32.05,26.23,0.09986273164035683,True
2026-04-08,603931.SH,29.22,23.9,0.10015060240963856,True
2026-04-08,605218.SH,18.41,15.07,0.09976105137395458,True
2026-04-08,002669.SZ,13.85,11.33,0.1000794281175536,True
2026-04-08,605288.SH,93.17,76.23,0.09999999999999998,True
2026-04-08,002383.SZ,10.33,8.45,0.10010649627263049,True
2026-04-08,603722.SH,37.29,30.51,0.09999999999999996,True
2026-04-08,002207.SZ,9.2,7.52,0.10047846889952151,True
2026-04-08,000576.SZ,10.0,8.18,0.10011001100110013,True
2026-04-08,603579.SH,21.9,17.92,0.09994977398292308,True
2026-04-08,600990.SH,23.93,19.58,0.09997701677775228,True
2026-04-08,002829.SZ,23.93,19.58,0.09997701677775228,True
2026-04-08,603135.SH,11.04,9.04,0.09960159362549802,True
2026-04-08,001306.SZ,72.26,59.12,0.10001522301720207,True
2026-04-08,605086.SH,37.54,30.72,0.0999121007910929,True
2026-04-08,002918.SZ,12.07,9.87,0.10027347310847773,True
2026-04-08,600560.SH,15.72,12.86,0.10006997900629816,True
2026-04-08,000795.SZ,9.63,7.88,0.09994288977727017,True
2026-04-08,002297.SZ,11.8,9.66,0.09972041006523767,True
2026-04-08,002813.SZ,26.27,21.49,0.10008375209380237,True
2026-04-08,603416.SH,51.93,42.49,0.09997881804702391,True
2026-04-08,001360.SZ,22.58,18.48,0.09985387238188012,True
2026-04-08,603125.SH,18.92,15.48,0.10000000000000002,True
2026-04-09,000004.SZ,3.71,3.35,0.05099150141643057,False
2026-04-09,000638.SZ,1.09,0.99,0.04807692307692312,False
2026-04-09,603130.SH,42.23,34.55,0.10002604845011721,True
2026-04-09,600703.SH,13.65,11.17,0.09991941982272362,True
2026-04-09,603171.SH,57.42,46.98,0.10000000000000005,True
2026-04-09,000681.SZ,23.18,18.96,0.10014238253440909,True
2026-04-09,000503.SZ,8.81,7.21,0.09987515605493137,True
2026-04-09,600696.SH,1.46,1.32,0.050359712230215785,False
2026-04-09,000016.SZ,3.59,2.93,0.10122699386503063,True
2026-04-09,001225.SZ,54.76,44.8,0.10004017677782243,True
2026-04-09,605288.SH,95.9,78.46,0.10002294104152334,True
2026-04-09,600476.SH,11.91,9.75,0.0997229916897507,True
2026-04-09,002383.SZ,10.74,8.78,0.10040983606557381,True
2026-04-09,002558.SZ,38.04,31.12,0.10005783689994215,True
2026-04-09,002943.SZ,51.39,42.05,0.09995719178082196,True
2026-04-09,603918.SH,15.37,12.57,0.1002147458840372,True
2026-04-09,603232.SH,22.08,18.06,0.10014947683109117,True
2026-04-09,003009.SZ,63.5,51.96,0.0999480339511519,True
2026-04-09,002044.SZ,6.19,5.07,0.0994671403197158,True
2026-04-09,600850.SH,22.8,18.66,0.09985528219971057,True
2026-04-09,603179.SH,74.06,60.6,0.09995544333877916,True
2026-04-09,603119.SH,82.89,67.82,0.09999336474022964,True
2026-04-09,603011.SH,23.62,19.32,0.10013972985561251,True
2026-04-09,603008.SH,13.57,11.11,0.09967585089141008,True
2026-04-09,002829.SZ,25.18,20.6,0.10004368719965047,True
2026-04-09,002657.SZ,24.99,20.45,0.09991197183098591,True
2026-04-09,002354.SZ,6.46,5.28,0.10051107325383302,True
2026-04-09,002151.SZ,42.12,34.46,0.10002611647949852,True
2026-04-09,000561.SZ,10.74,8.78,0.10040983606557381,True
2026-04-09,603108.SH,14.42,11.8,0.09992372234935161,True
2026-04-09,002163.SZ,14.37,11.75,0.10030627871362938,True
2026-04-09,002474.SZ,8.67,7.09,0.100253807106599,True
2026-04-09,603155.SH,17.77,14.54,0.09996904982977407,True
2026-04-09,600962.SH,21.02,17.2,0.09994767137624282,True
2026-04-09,600734.SH,4.31,3.53,0.09948979591836732,True
2026-04-09,002465.SZ,16.6,13.58,0.1000662690523526,True
2026-04-09,600880.SH,5.48,4.48,0.1004016064257028,True
2026-04-09,002855.SZ,13.2,10.8,0.09999999999999994,True
2026-04-09,002123.SZ,11.23,9.19,0.09990205680705194,True
2026-04-09,600855.SH,19.11,15.63,0.10017271157167526,True
2026-04-10,000004.SZ,3.52,3.18,0.050746268656716394,False
2026-04-10,603130.SH,42.03,34.39,0.09997382884061765,True
2026-04-10,000638.SZ,1.04,0.94,0.05050505050505055,False
2026-04-10,002383.SZ,10.56,8.64,0.09999999999999998,True
2026-04-10,003009.SZ,62.79,51.37,0.10003503854239665,True
2026-04-10,000016.SZ,3.47,2.84,0.09984152139461178,True
2026-04-10,000561.SZ,10.64,8.7,0.10031023784901764,True
2026-04-10,002465.SZ,16.39,13.41,0.1,True
2026-04-10,603171.SH,55.85,45.69,0.10005909001378771,True
2026-04-10,000681.SZ,22.41,18.33,0.10014727540500742,True
2026-04-10,600855.SH,18.91,15.47,0.10005817335660265,True
2026-04-10,600696.SH,1.39,1.25,0.053030303030303,False
2026-04-10,002943.SZ,51.07,41.79,0.09993538660348913,True
2026-04-10,600703.SH,13.02,10.66,0.09966216216216214,True
2026-04-10,002151.SZ,41.51,33.97,0.09989401165871754,True
2026-04-10,002829.SZ,24.53,20.07,0.10000000000000002,True
2026-04-10,605288.SH,92.53,75.71,0.09997622444127441,True
2026-04-10,002446.SZ,10.91,8.93,0.09979838709677422,True
2026-04-10,002413.SZ,14.82,12.12,0.10022271714922054,True
2026-04-10,603011.SH,23.18,18.96,0.10014238253440909,True
2026-04-10,603179.SH,72.26,59.12,0.10001522301720207,True
2026-04-10,603232.SH,21.48,17.58,0.09984639016897086,True
2026-04-10,600481.SH,7.1,5.81,0.09992254066615028,True
2026-04-10,002474.SZ,8.38,6.86,0.09973753280839896,True
2026-04-10,601929.SH,3.28,2.68,0.10067114093959725,True
2026-04-10,600961.SH,19.86,16.25,0.09997230684021045,True
2026-04-10,600879.SH,23.72,19.4,0.10018552875695734,True
2026-04-10,600734.SH,4.15,3.39,0.10079575596816978,True
2026-04-10,603155.SH,17.47,14.29,0.10012594458438287,True
2026-04-10,002354.SZ,6.25,5.11,0.10035211267605632,True
2026-04-10,001208.SZ,21.11,17.27,0.10005211047420533,True
2026-04-10,002163.SZ,14.06,11.5,0.10015649452269172,True
2026-04-10,000576.SZ,10.23,8.37,0.10000000000000006,True
2026-04-10,603119.SH,81.52,66.7,0.09998650654432596,True
2026-04-10,002297.SZ,12.23,10.01,0.0998201438848921,True
2026-04-10,002115.SZ,13.49,11.03,0.10032626427406202,True
2026-04-10,601212.SH,8.94,7.32,0.09963099630996307,True
2026-04-10,600476.SH,11.44,9.36,0.10000000000000002,True
2026-04-10,002194.SZ,11.77,9.63,0.09999999999999995,True
2026-04-10,603931.SH,30.06,24.6,0.09989023051591653,True
2026-04-13,603130.SH,42.31,34.61,0.10010400416016645,True
2026-04-13,000004.SZ,3.34,3.02,0.05031446540880501,False
2026-04-13,603171.SH,55.98,45.8,0.1000196502259776,True
2026-04-13,000638.SZ,0.99,0.89,0.05319148936170212,False
2026-04-13,603179.SH,71.84,58.78,0.09998468840912572,True
2026-04-13,002927.SZ,19.62,16.06,0.0997757847533633,True
2026-04-13,002517.SZ,22.21,18.17,0.10004952947003465,True
2026-04-13,605288.SH,93.21,76.27,0.09995279679018172,True
2026-04-13,603232.SH,21.87,17.89,0.10010060362173039,True
2026-04-13,603011.SH,23.33,19.09,0.09995285242809991,True
2026-04-13,002542.SZ,2.67,2.19,0.09876543209876544,True
2026-04-13,001208.SZ,20.88,17.08,0.10010537407797686,True
2026-04-13,603216.SH,36.99,30.27,0.09991079393398754,True
2026-04-13,002383.SZ,10.56,8.64,0.09999999999999998,True
2026-04-13,600696.SH,1.32,1.2,0.04761904761904766,False
2026-04-13,002885.SZ,27.29,22.33,0.0999596936719065,True
2026-04-13,002446.SZ,10.85,8.87,0.10040567951318462,True
2026-04-13,002919.SZ,22.32,18.26,0.10004928536224739,True
2026-04-13,000555.SZ,16.52,13.52,0.09986684420772304,True
2026-04-13,002151.SZ,41.57,34.01,0.1000264620269913,True
2026-04-13,002861.SZ,17.51,14.33,0.09987437185929651,True
2026-04-13,002912.SZ,30.07,24.61,0.09985369422092175,True
2026-04-13,002413.SZ,14.54,11.9,0.09984871406959149,True
2026-04-13,002558.SZ,38.02,31.1,0.10011574074074076,True
2026-04-13,002174.SZ,10.79,8.83,0.09989806320081546,True
2026-04-13,600879.SH,23.46,19.2,0.09985935302391002,True
2026-04-13,603610.SH,17.61,14.41,0.09993753903810118,True
2026-04-13,603040.SH,91.3,74.7,0.09999999999999996,True
2026-04-13,603931.SH,30.31,24.8,0.0999818544728724,True
2026-04-13,000576.SZ,10.38,8.5,0.0995762711864407,True
2026-04-13,002829.SZ,24.67,20.19,0.09986625055728936,True
2026-04-13,002881.SZ,42.39,34.69,0.09989621172807477,True
2026-04-13,002296.SZ,12.74,10.42,0.10017271157167532,True
2026-04-13,600363.SH,57.3,46.88,0.10001919754271447,True
2026-04-13,002270.SZ,31.02,25.38,0.10000000000000002,True
2026-04-13,002194.SZ,11.74,9.6,0.10028116213683226,True
2026-04-13,002354.SZ,6.26,5.12,0.10017574692442881,True
2026-04-13,002017.SZ,21.71,17.77,0.09979736575481259,True
2026-04-13,002871.SZ,18.77,15.35,0.10023446658851114,True
2026-04-13,000997.SZ,22.2,18.16,0.10009910802775022,True
2026-04-14,603130.SH,41.65,34.07,0.10010565240359216,True
2026-04-14,603822.SH,94.4,85.41,0.049997219287025246,False
2026-04-14,000004.SZ,3.3,2.98,0.050955414012738835,False
2026-04-14,600193.SH,3.58,3.24,0.04985337243401757,False
2026-04-14,002517.SZ,19.99,16.35,0.10016510731975775,True
2026-04-14,002861.SZ,17.72,14.5,0.09993792675356918,True
2026-04-14,600696.SH,1.26,1.14,0.050000000000000044,False
2026-04-14,603011.SH,23.25,19.03,0.09981078524124878,True
2026-04-14,605288.SH,90.56,74.1,0.09996356127778458,True
2026-04-14,603610.SH,17.47,14.29,0.10012594458438287,True
2026-04-14,603232.SH,21.75,17.79,0.10015174506828531,True
2026-04-14,600962.SH,21.22,17.36,0.10005184033177811,True
2026-04-14,002542.SZ,2.6,2.12,0.10169491525423727,True
2026-04-14,002270.SZ,30.1,24.62,0.10014619883040937,True
2026-04-14,600476.SH,12.19,9.97,0.10018050541516241,True
2026-04-14,603008.SH,13.54,11.08,0.09991876523151906,True
2026-04-14,600703.SH,13.7,11.21,0.09995985547972695,True
2026-04-14,002180.SZ,18.44,15.08,0.1002386634844869,True
2026-04-14,603312.SH,43.96,35.96,0.10010010010010009,True
2026-04-14,600421.SH,6.63,5.99,0.050713153724247194,False
2026-04-14,603179.SH,68.18,55.78,0.10003226847370124,True
2026-04-14,605086.SH,37.13,30.38,0.09998518737964751,True
2026-04-14,000555.SZ,16.59,13.57,0.10013262599469494,True
2026-04-14,600481.SH,7.17,5.87,0.09969325153374232,True
2026-04-14,603216.SH,34.23,28.01,0.09993573264781484,True
2026-04-14,002881.SZ,42.35,34.65,0.10000000000000003,True
2026-04-14,000576.SZ,10.54,8.62,0.1002087682672234,True
2026-04-14,002474.SZ,8.42,6.89,0.09993468321358592,True
2026-04-14,002194.SZ,11.66,9.54,0.10000000000000005,True
2026-04-14,603931.SH,30.21,24.71,0.10014566642388929,True
2026-04-14,605218.SH,20.03,16.39,0.099945085118067,True
2026-04-14,002174.SZ,10.57,8.65,0.09989594172736732,True
2026-04-14,002845.SZ,15.3,12.52,0.0999281092739037,True
2026-04-14,603189.SH,18.79,15.37,0.10011709601873538,True
2026-04-14,002919.SZ,21.76,17.8,0.1001011122345804,True
2026-04-14,603322.SH,35.07,28.69,0.10006273525721453,True
2026-04-14,001376.SZ,17.75,14.53,0.09975216852540274,True
2026-04-14,002865.SZ,80.4,65.78,0.100013681762211,True
2026-04-14,002766.SZ,5.37,4.39,0.10040983606557381,True
2026-04-14,002123.SZ,11.02,9.02,0.0998003992015968,True
2026-04-15,603130.SH,41.53,33.98,0.09998675672096417,True
2026-04-15,000016.SZ,3.59,2.93,0.10122699386503063,True
2026-04-15,000004.SZ,3.47,3.14,0.04992435703479577,False
2026-04-15,000681.SZ,22.81,18.67,0.09980713596914167,True
2026-04-15,600481.SH,7.04,5.76,0.10000000000000002,True
2026-04-15,002474.SZ,8.45,6.91,0.10026041666666662,True
2026-04-15,002861.SZ,17.55,14.36,0.09996866186148547,True
2026-04-15,002354.SZ,6.25,5.11,0.10035211267605632,True
2026-04-15,002383.SZ,10.74,8.78,0.10040983606557381,True
2026-04-15,600193.SH,3.4,3.08,0.049382716049382686,False
2026-04-15,600391.SH,44.57,36.47,0.09995064165844031,True
2026-04-15,603011.SH,23.54,19.26,0.09999999999999995,True
2026-04-15,600962.SH,20.92,17.12,0.09989484752891693,True
2026-04-15,002123.SZ,11.08,9.06,0.10029791459781527,True
2026-04-15,603188.SH,5.5,4.5,0.1,True
2026-04-15,605288.SH,92.04,75.3,0.10003585514521339,True
2026-04-15,002855.SZ,13.01,10.65,0.0997464074387151,True
2026-04-15,600734.SH,4.18,3.42,0.09999999999999998,True
2026-04-15,603822.SH,92.09,83.32,0.049997149535374326,False
2026-04-15,002712.SZ,5.71,4.67,0.10019267822736032,True
2026-04-15,002517.SZ,19.6,16.04,0.09988776655443328,True
2026-04-15,601212.SH,8.84,7.24,0.09950248756218905,True
2026-04-15,002017.SZ,21.12,17.28,0.09999999999999998,True
2026-04-15,002195.SZ,10.07,8.24,0.09994538503549971,True
2026-04-15,002657.SZ,24.78,20.28,0.09986684420772303,True
2026-04-15,601929.SH,3.3,2.7,0.09999999999999994,True
2026-04-15,002265.SZ,24.99,20.45,0.09991197183098591,True
2026-04-15,605086.SH,37.24,30.47,0.09998523113277215,True
2026-04-15,001376.SZ,17.78,14.54,0.10024752475247531,True
2026-04-15,002766.SZ,5.35,4.37,0.10082304526748967,True
2026-04-15,600310.SH,4.99,4.09,0.09911894273127757,True
2026-04-15,002324.SZ,17.08,13.98,0.09980682549903407,True
2026-04-15,002207.SZ,8.73,7.15,0.09949622166246852,True
2026-04-15,600476.SH,12.23,10.01,0.0998201438848921,True
2026-04-15,002174.SZ,10.57,8.65,0.09989594172736732,True
2026-04-15,000655.SZ,9.99,8.17,0.10022026431718063,True
2026-04-15,000969.SZ,23.23,19.01,0.099905303030303,True
2026-04-15,002414.SZ,15.09,12.35,0.09985422740524783,True
2026-04-15,600141.SH,35.92,29.39,0.09998468840912572,True
2026-04-15,603610.SH,17.61,14.41,0.09993753903810118,True
2026-04-16,603130.SH,40.84,33.42,0.09991920280096958,True
2026-04-16,603822.SH,90.28,81.68,0.05001163061177014,False
2026-04-16,000004.SZ,3.64,3.3,0.04899135446685884,False
2026-04-16,600696.SH,1.13,1.03,0.04629629629629623,False
2026-04-16,600193.SH,3.24,2.94,0.0485436893203884,False
2026-04-16,600421.SH,6.17,5.59,0.04931972789115647,False
2026-04-16,600310.SH,4.87,3.99,0.09932279909706546,True
2026-04-16,600962.SH,20.47,16.75,0.09994626544868347,True
2026-04-16,605288.SH,91.25,74.66,0.0999939726357664,True
2026-04-16,000576.SZ,10.66,8.72,0.10010319917440656,True
2026-04-16,603610.SH,17.11,14.0,0.09996785599485694,True
2026-04-16,600391.SH,43.78,35.82,0.10000000000000002,True
2026-04-16,603312.SH,45.38,37.13,0.09998788025693854,True
2026-04-16,605218.SH,20.04,16.4,0.0998902305159166,True
2026-04-16,600636.SH,7.09,6.41,0.05037037037037035,False
2026-04-16,002861.SZ,17.27,14.13,0.09999999999999996,True
2026-04-16,002207.SZ,8.42,6.89,0.09993468321358592,True
2026-04-16,600029.SH,6.34,5.18,0.10069444444444446,True
2026-04-16,605086.SH,36.99,30.27,0.09991079393398754,True
2026-04-16,002268.SZ,19.03,15.57,0.10000000000000002,True
2026-04-16,002542.SZ,2.3,1.88,0.10047846889952151,True
2026-04-16,002121.SZ,8.53,6.98,0.09993552546744029,True
2026-04-16,002766.SZ,5.24,4.28,0.10084033613445378,True
2026-04-16,600481.SH,6.91,5.65,0.1003184713375796,True
2026-04-16,002474.SZ,8.25,6.75,0.1,True
2026-04-16,002485.SZ,5.15,4.66,0.04994903160040776,False
2026-04-16,600831.SH,3.92,3.2,0.10112359550561795,True
2026-04-16,600860.SH,13.04,10.67,0.09995782370307883,True
2026-04-16,000048.SZ,17.11,14.0,0.09996785599485694,True
2026-04-16,001266.SZ,36.32,29.72,0.0999394306480921,True
2026-04-16,002634.SZ,7.38,6.04,0.0998509687034277,True
2026-04-16,001388.SZ,43.4,35.51,0.09998732733493855,True
2026-04-16,603189.SH,18.47,15.11,0.10005955926146515,True
2026-04-16,002029.SZ,10.78,8.82,0.09999999999999995,True
2026-04-16,603188.SH,5.35,4.37,0.10082304526748967,True
2026-04-16,002658.SZ,9.24,7.56,0.10000000000000003,True
2026-04-16,600115.SH,4.86,3.98,0.09954751131221723,True
2026-04-16,002174.SZ,10.52,8.6,0.10041841004184102,True
2026-04-16,002652.SZ,5.17,4.23,0.09999999999999995,True
2026-04-16,600509.SH,8.73,7.15,0.09949622166246852,True
2026-04-17,603822.SH,89.62,81.08,0.05002929115407151,False
2026-04-17,600734.SH,4.17,3.41,0.10026385224274403,True
2026-04-17,600421.SH,6.01,5.43,0.05069930069930071,False
2026-04-17,603189.SH,18.63,15.25,0.0997638724911452,True
2026-04-17,603188.SH,5.48,4.48,0.1004016064257028,True
2026-04-17,601089.SH,25.49,20.85,0.10012947777298223,True
2026-04-17,600193.SH,3.26,2.95,0.049919484702093335,False
2026-04-17,600696.SH,1.08,0.98,0.04854368932038839,False
2026-04-17,002474.SZ,8.42,6.89,0.09993468321358592,True
2026-04-17,600141.SH,35.72,29.22,0.10009239297813366,True
2026-04-17,000004.SZ,3.82,3.46,0.049450549450549434,False
2026-04-17,002919.SZ,22.3,18.24,0.1001480019733597,True
2026-04-17,000503.SZ,8.51,6.97,0.09948320413436693,True
2026-04-17,002207.SZ,8.27,6.77,0.0997340425531915,True
2026-04-17,600547.SH,43.18,35.33,0.09998726276907403,True
2026-04-17,600636.SH,6.73,6.09,0.04992199687987524,False
2026-04-17,000818.SZ,16.5,13.5,0.1,True
2026-04-17,603232.SH,22.86,18.7,0.10009624639076034,True
2026-04-17,002493.SZ,13.35,10.93,0.09967051070840197,True
2026-04-17,600029.SH,6.34,5.18,0.10069444444444446,True
2026-04-17,002659.SZ,5.76,4.72,0.09923664122137404,True
2026-04-17,002658.SZ,9.38,7.68,0.09964830011723334,True
2026-04-17,600310.SH,4.85,3.97,0.09977324263038542,True
2026-04-17,000048.SZ,16.93,13.85,0.10006497725795971,True
2026-04-17,000016.SZ,3.62,2.96,0.10030395136778117,True
2026-04-17,000852.SZ,7.56,6.18,0.10043668122270742,True
2026-04-17,600192.SH,9.32,7.62,0.10035419126328217,True
2026-04-17,600831.SH,3.93,3.21,0.1008403361344538,True
2026-04-17,002517.SZ,20.32,16.62,0.10016242555495397,True
2026-04-17,002485.SZ,5.12,4.64,0.04918032786885251,False
2026-04-17,002777.SZ,18.33,14.99,0.10024009603841531,True
2026-04-17,605577.SH,14.07,11.51,0.10007818608287727,True
2026-04-17,600608.SH,2.5,2.26,0.05042016806722694,False
2026-04-17,002174.SZ,10.69,8.75,0.09979423868312756,True
2026-04-17,605288.SH,93.09,76.17,0.09996455157745482,True
2026-04-17,002558.SZ,36.6,29.94,0.10009017132551848,True
2026-04-17,002301.SZ,7.6,6.22,0.09985528219971056,True
2026-04-17,002425.SZ,3.64,2.98,0.09969788519637464,True
2026-04-17,001388.SZ,43.91,35.93,0.09994989979959916,True
2026-04-17,002855.SZ,13.0,10.64,0.09983079526226732,True
2026-04-20,600193.SH,3.1,2.8,0.05084745762711869,False
2026-04-20,000004.SZ,3.95,3.57,0.050531914893617066,False
2026-04-20,603189.SH,16.78,13.73,0.09996722386102919,True
2026-04-20,603822.SH,88.65,80.21,0.0499822338031506,False
2026-04-20,600421.SH,5.7,5.16,0.04972375690607735,False
2026-04-20,601089.SH,24.63,20.15,0.10004466279589103,True
2026-04-20,600734.SH,3.75,3.07,0.09970674486803521,True
2026-04-20,603205.SH,28.38,23.22,0.10000000000000002,True
2026-04-20,600636.SH,6.39,5.79,0.04926108374384234,False
2026-04-20,002474.SZ,8.25,6.75,0.1,True
2026-04-20,600624.SH,4.78,4.32,0.050549450549450536,False
2026-04-20,603636.SH,10.26,8.4,0.09967845659163985,True
2026-04-20,002919.SZ,21.87,17.89,0.10010060362173039,True
2026-04-20,603825.SH,8.66,7.84,0.04969696969696971,False
2026-04-20,603188.SH,5.29,4.33,0.09979209979209978,True
2026-04-20,002485.SZ,5.12,4.64,0.04918032786885251,False
2026-04-20,600446.SH,14.04,11.48,0.1003134796238244,True
2026-04-20,002095.SZ,18.32,14.99,0.0999699789852897,True
2026-04-20,603589.SH,27.2,22.26,0.0998786898503841,True
2026-04-20,600141.SH,34.82,28.49,0.09998420470699734,True
2026-04-20,001236.SZ,10.24,8.38,0.0998925886143931,True
2026-04-20,000503.SZ,8.33,6.81,0.1003963011889036,True
2026-04-20,600547.SH,42.28,34.6,0.09989594172736732,True
2026-04-20,603535.SH,9.09,7.43,0.10048426150121066,True
2026-04-20,002238.SZ,8.05,6.59,0.09972677595628421,True
2026-04-20,002301.SZ,7.46,6.1,0.10029498525073749,True
2026-04-20,603258.SH,19.77,16.17,0.10016694490818025,True
2026-04-20,600197.SH,13.15,10.76,0.09995817649519032,True
2026-04-20,605081.SH,7.95,7.19,0.05019815059445177,False
2026-04-20,600718.SH,9.91,8.11,0.09988901220865709,True
2026-04-20,002320.SZ,9.35,7.65,0.09999999999999996,True
2026-04-20,002476.SZ,6.5,5.32,0.09983079526226732,True
2026-04-20,603100.SH,21.89,17.91,0.10000000000000002,True
2026-04-20,600831.SH,3.85,3.15,0.10000000000000002,True
2026-04-20,600053.SH,16.85,13.79,0.099869451697128,True
2026-04-20,000526.SZ,34.99,28.63,0.09996856334486015,True
2026-04-20,600824.SH,4.38,3.58,0.10050251256281405,True
2026-04-20,600618.SH,13.98,11.44,0.09992132179386314,True
2026-04-20,601568.SH,4.49,3.67,0.1004901960784314,True
2026-04-20,002987.SZ,18.33,14.99,0.10024009603841531,True
2026-04-21,600193.SH,2.94,2.66,0.04999999999999997,False
2026-04-21,600734.SH,3.38,2.76,0.10097719869706842,True
2026-04-21,603822.SH,91.08,82.4,0.05003458611943735,False
2026-04-21,000004.SZ,3.75,3.39,0.05042016806722687,False
2026-04-21,601089.SH,24.48,20.03,0.09997753313862051,True
2026-04-21,603636.SH,10.23,8.37,0.10000000000000006,True
2026-04-21,002987.SZ,18.29,14.97,0.0998196031268791,True
2026-04-21,603589.SH,27.06,22.14,0.09999999999999995,True
2026-04-21,600197.SH,13.12,10.74,0.09974853310980716,True
2026-04-21,603106.SH,10.04,8.22,0.0996714129244249,True
2026-04-21,603188.SH,5.37,4.39,0.10040983606557381,True
2026-04-21,002474.SZ,8.24,6.74,0.10013351134846461,True
2026-04-21,000503.SZ,8.35,6.83,0.10013175230566532,True
2026-04-21,603205.SH,28.55,23.36,0.09998073588903875,True
2026-04-21,002095.SZ,18.34,15.0,0.10017996400719854,True
2026-04-21,603927.SH,18.62,15.24,0.09982279976373304,True
2026-04-21,002646.SZ,8.77,7.17,0.1003764115432873,True
2026-04-21,002238.SZ,8.04,6.58,0.09986320109439119,True
2026-04-21,002908.SZ,10.1,8.26,0.10021786492374728,True
2026-04-21,603100.SH,21.69,17.75,0.0998985801217039,True
2026-04-21,600728.SH,6.22,5.09,0.09991158267020336,True
2026-04-21,002476.SZ,6.51,5.33,0.09966216216216214,True
2026-04-21,000501.SZ,9.31,7.61,0.10047281323877069,True
2026-04-21,600199.SH,8.92,7.3,0.09987669543773121,True
2026-04-21,600624.SH,4.73,4.28,0.04994450610432853,False
2026-04-21,605398.SH,30.24,24.74,0.1000363768643143,True
2026-04-21,600816.SH,2.79,2.29,0.09842519685039369,True
2026-04-21,603258.SH,19.48,15.94,0.09994353472614344,True
2026-04-21,600830.SH,9.72,7.96,0.09954751131221723,True
2026-04-21,600559.SH,14.8,12.11,0.09996283909327393,True
2026-04-21,000860.SZ,14.17,11.59,0.1001552795031056,True
2026-04-21,603535.SH,9.08,7.43,0.0999394306480921,True
2026-04-21,603277.SH,15.58,12.74,0.1002824858757062,True
2026-04-21,600612.SH,45.4,37.14,0.10007269202810758,True
2026-04-21,000069.SZ,2.44,2.0,0.0990990990990991,True
2026-04-21,000716.SZ,5.67,4.64,0.09990300678952477,True
2026-04-21,600909.SH,6.26,5.12,0.10017574692442881,True
2026-04-21,600622.SH,2.84,2.32,0.10077519379844961,True
2026-04-21,600446.SH,13.73,11.23,0.1001602564102564,True
2026-04-21,603102.SH,44.73,36.59,0.10009837678307912,True
2026-04-22,600193.SH,2.79,2.53,0.04887218045112786,False
2026-04-22,603205.SH,28.63,23.43,0.09988474836726852,True
2026-04-22,603170.SH,14.6,11.94,0.10022607385079127,True
2026-04-22,603188.SH,5.37,4.39,0.10040983606557381,True
2026-04-22,603589.SH,26.95,22.05,0.09999999999999998,True
2026-04-22,600197.SH,13.08,10.7,0.10008410428931878,True
2026-04-22,002646.SZ,8.69,7.11,0.09999999999999995,True
2026-04-22,000501.SZ,9.23,7.55,0.10011918951132304,True
2026-04-22,600559.SH,14.81,12.11,0.10029717682020806,True
2026-04-22,603258.SH,19.31,15.8,0.09997151808601533,True
2026-04-22,600859.SH,13.34,10.92,0.09975267930750206,True
2026-04-22,601089.SH,24.32,19.9,0.09995477159656269,True
2026-04-22,600421.SH,5.83,5.27,0.0504504504504505,False
2026-04-22,000860.SZ,14.08,11.52,0.10000000000000002,True
2026-04-22,000004.SZ,3.56,3.22,0.05014749262536871,False
2026-04-22,600630.SH,8.75,7.16,0.09993714644877434,True
2026-04-22,603136.SH,11.98,9.8,0.10009182736455462,True
2026-04-22,000869.SZ,20.94,17.14,0.09978991596638657,True
2026-04-22,000716.SZ,5.63,4.61,0.09960937499999996,True
2026-04-22,601949.SH,6.96,5.7,0.09952606635071089,True
2026-04-22,603102.SH,44.46,36.38,0.09995051954477979,True
2026-04-22,600515.SH,3.99,3.27,0.0991735537190083,True
2026-04-22,601366.SH,4.35,3.56,0.09987357774968389,True
2026-04-22,600217.SH,4.13,3.38,0.09986684420772304,True
2026-04-22,600827.SH,9.1,7.44,0.10036275695284155,True
2026-04-22,600088.SH,16.12,13.19,0.09996588195155241,True
2026-04-22,002737.SZ,13.45,11.01,0.0997547015535568,True
2026-04-22,001390.SZ,23.9,19.56,0.09986194201564658,True
2026-04-22,605339.SH,17.58,14.38,0.10012515644555686,True
2026-04-22,603189.SH,15.62,12.78,0.1,True
2026-04-22,600824.SH,4.37,3.57,0.10075566750629728,True
2026-04-22,605577.SH,13.98,11.44,0.09992132179386314,True
2026-04-22,603896.SH,20.24,16.56,0.1,True
2026-04-22,600697.SH,12.9,10.56,0.09974424552429667,True
2026-04-22,001356.SZ,12.06,9.86,0.10036496350364968,True
2026-04-22,002282.SZ,7.61,6.23,0.09971098265895953,True
2026-04-22,600004.SH,9.78,8.0,0.10011248593925755,True
2026-04-22,603106.SH,9.89,8.09,0.10011123470522806,True
2026-04-22,600199.SH,8.82,7.22,0.09975062344139654,True
2026-04-22,600892.SH,3.74,3.38,0.050561797752809036,False
2026-04-23,600193.SH,2.66,2.4,0.05138339920948621,False
2026-04-23,600421.SH,5.53,5.01,0.04933586337760915,False
2026-04-23,000004.SZ,3.38,3.06,0.049689440993788796,False
2026-04-23,603272.SH,24.54,20.08,0.09995517705064996,True
2026-04-23,603205.SH,28.34,23.18,0.1001552795031056,True
2026-04-23,603188.SH,5.28,4.32,0.09999999999999998,True
2026-04-23,003033.SZ,63.36,51.84,0.09999999999999996,True
2026-04-23,603070.SH,16.54,13.54,0.0997340425531915,True
2026-04-23,601089.SH,24.7,20.21,0.09997773324426629,True
2026-04-23,605577.SH,13.79,11.29,0.09968102073365231,True
2026-04-23,002605.SZ,22.91,18.75,0.09985597695631303,True
2026-04-23,603100.SH,21.59,17.67,0.09984717269485475,True
2026-04-23,002268.SZ,18.06,14.78,0.09987819732034103,True
2026-04-23,002291.SZ,6.94,5.68,0.09984152139461178,True
2026-04-23,603106.SH,9.86,8.06,0.1004464285714285,True
2026-04-23,603230.SH,12.19,9.97,0.10018050541516241,True
2026-04-23,605086.SH,37.47,30.65,0.1001174398120963,True
2026-04-23,603636.SH,10.04,8.22,0.0996714129244249,True
2026-04-23,603528.SH,8.92,7.3,0.09987669543773121,True
2026-04-23,600992.SH,13.2,10.8,0.09999999999999994,True
2026-04-23,603376.SH,36.58,29.93,0.09998496466696737,True
2026-04-23,603258.SH,18.92,15.48,0.10000000000000002,True
2026-04-23,002657.SZ,24.42,19.98,0.10000000000000002,True
2026-04-23,000676.SZ,8.37,6.85,0.09986859395532192,True
2026-04-23,001388.SZ,42.97,35.15,0.10010240655401946,True
2026-04-23,002319.SZ,12.28,10.04,0.1003584229390681,True
2026-04-23,002045.SZ,12.71,10.4,0.0999567286888793,True
2026-04-23,002712.SZ,5.68,4.64,0.10077519379844961,True
2026-04-23,603232.SH,21.42,17.52,0.10015408320493073,True
2026-04-23,003029.SZ,23.3,19.06,0.10009442870632677,True
2026-04-23,002777.SZ,18.19,14.89,0.09975816203143896,True
2026-04-23,600088.SH,15.73,12.87,0.10000000000000003,True
2026-04-23,002474.SZ,8.04,6.58,0.09986320109439119,True
2026-04-23,002577.SZ,17.2,14.08,0.09974424552429664,True
2026-04-23,002855.SZ,12.85,10.51,0.10017123287671233,True
2026-04-23,002163.SZ,13.82,11.3,0.1003184713375796,True
2026-04-23,002908.SZ,9.89,8.09,0.10011123470522806,True
2026-04-23,002343.SZ,6.94,5.68,0.09984152139461178,True
2026-04-23,603169.SH,10.78,8.82,0.09999999999999995,True
2026-04-23,002238.SZ,7.79,6.37,0.1002824858757062,True
2026-04-24,600193.SH,2.52,2.28,0.050000000000000044,False
2026-04-24,600421.SH,5.26,4.76,0.0499001996007984,False
2026-04-24,000004.SZ,3.21,2.91,0.049019607843137226,False
2026-04-24,603712.SH,18.06,14.78,0.09987819732034103,True
2026-04-24,603822.SH,89.97,81.41,0.04994748512078424,False
2026-04-24,603100.SH,21.22,17.36,0.10005184033177811,True
2026-04-24,000561.SZ,10.65,8.71,0.1002066115702479,True
2026-04-24,002017.SZ,20.85,17.06,0.09997362173568987,True
2026-04-24,002174.SZ,10.42,8.52,0.10031678986272442,True
2026-04-24,603169.SH,9.7,7.94,0.09977324263038542,True
2026-04-24,600765.SH,18.13,14.83,0.10012135922330094,True
2026-04-24,002207.SZ,7.66,6.26,0.10057471264367819,True
2026-04-24,002605.SZ,22.2,18.16,0.10009910802775022,True
2026-04-24,002190.SZ,34.21,27.99,0.10000000000000003,True
2026-04-24,000576.SZ,10.42,8.52,0.10031678986272442,True
2026-04-24,600862.SH,23.68,19.38,0.09986065954482119,True
2026-04-24,605086.SH,35.21,28.81,0.09996875976257423,True
2026-04-24,003033.SZ,61.72,50.5,0.0999821778649082,True
2026-04-24,000768.SZ,26.71,21.85,0.10008237232289949,True
2026-04-24,600990.SH,26.09,21.35,0.0999156829679595,True
2026-04-24,003021.SZ,107.29,87.79,0.09995899118310436,True
2026-04-24,002683.SZ,44.22,36.18,0.09999999999999998,True
2026-04-24,002268.SZ,17.69,14.47,0.10012437810945274,True
2026-04-24,002006.SZ,19.42,15.89,0.09997167941093177,True
2026-04-24,601608.SH,6.8,5.56,0.10032362459546927,True
2026-04-24,000676.SZ,8.25,6.75,0.1,True
2026-04-24,002045.SZ,12.41,10.15,0.10017730496453899,True
2026-04-24,603786.SH,59.19,48.43,0.09998141609366286,True
2026-04-24,000738.SZ,23.6,19.31,0.09997669540899565,True
2026-04-24,603809.SH,11.91,9.75,0.0997229916897507,True
2026-04-24,603341.SH,41.24,33.74,0.10002667377967457,True
2026-04-24,002657.SZ,23.76,19.44,0.1,True
2026-04-24,601089.SH,24.3,19.88,0.10004526935264829,True
2026-04-24,603230.SH,11.99,9.81,0.09999999999999998,True
2026-04-24,000892.SZ,6.06,4.96,0.09981851179673318,True
2026-04-24,002987.SZ,17.99,14.72,0.09996942830938543,True
2026-04-24,002555.SZ,23.43,19.17,0.09999999999999995,True
2026-04-24,002265.SZ,24.88,20.36,0.09991158267020336,True
2026-04-24,000678.SZ,13.34,10.92,0.09975267930750206,True
2026-04-24,603106.SH,9.66,7.9,0.10022779043280179,True
2026-04-27,600193.SH,2.39,2.17,0.04824561403508776,False
2026-04-27,600421.SH,5.0,4.52,0.05042016806722694,False
2026-04-27,000004.SZ,3.06,2.76,0.051546391752577365,False
2026-04-27,603822.SH,87.5,79.16,0.05004200168006723,False
2026-04-27,600765.SH,17.73,14.51,0.09987593052109182,True
2026-04-27,600862.SH,23.03,18.85,0.09980897803247372,True
2026-04-27,002532.SZ,19.78,16.18,0.10011123470522806,True
2026-04-27,603885.SH,13.02,10.66,0.09966216216216214,True
2026-04-27,603230.SH,11.92,9.76,0.09963099630996311,True
2026-04-27,605086.SH,34.32,28.08,0.10000000000000003,True
2026-04-27,002683.SZ,43.04,35.22,0.09992333248147203,True
2026-04-27,601608.SH,6.68,5.46,0.10049423393739701,True
2026-04-27,000923.SZ,20.33,16.63,0.1001082251082251,True
2026-04-27,002928.SZ,9.36,7.66,0.09988249118683898,True
2026-04-27,601111.SH,7.45,6.09,0.10044313146233386,True
2026-04-27,601900.SH,13.89,11.37,0.09976247030878865,True
2026-04-27,601319.SH,7.95,6.51,0.09958506224066392,True
2026-04-27,000860.SZ,13.95,11.41,0.10015772870662458,True
2026-04-27,002485.SZ,5.04,4.56,0.050000000000000044,False
2026-04-27,603100.SH,20.65,16.89,0.10015982951518375,True
2026-04-27,002808.SZ,3.64,3.3,0.04899135446685884,False
2026-04-27,600199.SH,8.88,7.26,0.10037174721189597,True
2026-04-27,002987.SZ,17.71,14.49,0.1,True
2026-04-27,600592.SH,21.56,17.64,0.09999999999999995,True
2026-04-27,002123.SZ,10.93,8.95,0.0995975855130785,True
2026-04-27,601628.SH,40.46,33.1,0.10005437737901032,True
2026-04-27,002075.SZ,4.97,4.07,0.09955752212389375,True
2026-04-27,000768.SZ,26.16,21.4,0.10008410428931878,True
2026-04-27,601595.SH,26.96,22.06,0.09995920032639743,True
2026-04-27,002276.SZ,15.17,12.41,0.10007251631617113,True
2026-04-27,000676.SZ,8.12,6.64,0.10027100271002708,True
2026-04-27,600612.SH,44.34,36.28,0.09997519225998514,True
2026-04-27,000777.SZ,24.06,19.68,0.10013717421124828,True
2026-04-27,600636.SH,5.52,5.0,0.04942965779467677,False
2026-04-27,600797.SH,10.01,8.19,0.10000000000000002,True
2026-04-27,603589.SH,27.25,22.29,0.10012111425111023,True
2026-04-27,000561.SZ,10.43,8.53,0.10021097046413503,True
2026-04-27,000801.SZ,15.32,12.54,0.09978463747307972,True
2026-04-27,603337.SH,42.11,34.45,0.10005224660397069,True
2026-04-27,002206.SZ,6.8,5.56,0.10032362459546927,True
2026-04-28,600421.SH,4.75,4.29,0.05088495575221239,False
2026-04-28,002036.SZ,9.96,8.15,0.09994478188845944,True
2026-04-28,603358.SH,37.18,30.42,0.09999999999999998,True
2026-04-28,603598.SH,22.55,18.45,0.10000000000000003,True
2026-04-28,000801.SZ,15.15,12.39,0.10021786492374728,True
2026-04-28,002808.SZ,3.47,3.14,0.04992435703479577,False
2026-04-28,600053.SH,13.97,11.43,0.10000000000000005,True
2026-04-28,600636.SH,5.25,4.75,0.05,False
2026-04-28,002928.SZ,9.01,7.37,0.10012210012210011,True
2026-04-28,603822.SH,86.38,78.16,0.04995745715327579,False
2026-04-28,600577.SH,13.86,11.34,0.09999999999999999,True
2026-04-28,002123.SZ,10.77,8.81,0.10010214504596524,True
2026-04-28,000681.SZ,22.25,18.21,0.09985170538803755,True
2026-04-28,002354.SZ,6.15,5.03,0.10017889087656531,True
2026-04-28,600765.SH,17.57,14.37,0.10018785222291801,True
2026-04-28,601595.SH,26.84,21.96,0.09999999999999999,True
2026-04-28,603712.SH,17.82,14.58,0.1,True
2026-04-28,603011.SH,23.29,19.05,0.10014170996693429,True
2026-04-28,002373.SZ,10.69,8.75,0.09979423868312756,True
2026-04-28,000738.SZ,22.94,18.77,0.09997602493406861,True
2026-04-28,600797.SH,9.81,8.03,0.0997757847533633,True
2026-04-28,000561.SZ,10.42,8.52,0.10031678986272442,True
2026-04-28,002405.SZ,9.96,8.15,0.09994478188845944,True
2026-04-28,002657.SZ,23.28,19.04,0.10018903591682424,True
2026-04-28,003033.SZ,62.19,50.89,0.09992925362575165,True
2026-04-28,600556.SH,6.71,5.49,0.09999999999999999,True
2026-04-28,002649.SZ,12.78,10.46,0.099827882960413,True
2026-04-28,601137.SH,22.33,18.27,0.09999999999999998,True
2026-04-28,002698.SZ,15.21,12.45,0.09978308026030375,True
2026-04-28,003021.SZ,110.2,90.16,0.1000199640646836,True
2026-04-28,605398.SH,29.95,24.51,0.09988982739625409,True
2026-04-28,603232.SH,20.27,16.59,0.09983722192078133,True
2026-04-28,002544.SZ,28.29,23.15,0.09992223950233282,True
2026-04-28,002182.SZ,17.45,14.27,0.10025220680958385,True
2026-04-28,603809.SH,11.95,9.77,0.1003683241252302,True
2026-04-28,002995.SZ,23.85,19.51,0.10009225092250923,True
2026-04-28,002383.SZ,10.41,8.51,0.10042283298097253,True
2026-04-28,002174.SZ,10.27,8.41,0.0995717344753747,True
2026-04-28,002190.SZ,33.73,27.59,0.10013046314416174,True
2026-04-28,002829.SZ,24.49,20.03,0.1001796945193171,True
2026-04-29,600421.SH,4.5,4.08,0.048951048951048945,False
2026-04-29,600636.SH,4.99,4.51,0.05052631578947373,False
2026-04-29,002808.SZ,3.3,2.98,0.050955414012738835,False
2026-04-29,601608.SH,6.61,5.41,0.09983361064891849,True
2026-04-29,601089.SH,22.7,18.58,0.09980620155038762,True
2026-04-29,002892.SZ,11.35,9.29,0.09980620155038762,True
2026-04-29,002649.SZ,12.33,10.09,0.09991079393398751,True
2026-04-29,002777.SZ,17.23,14.09,0.10025542784163476,True
2026-04-29,600765.SH,17.08,13.98,0.09980682549903407,True
2026-04-29,603189.SH,14.16,11.58,0.10023310023310023,True
2026-04-29,000561.SZ,10.15,8.31,0.09967497291440952,True
2026-04-29,605081.SH,5.55,5.03,0.04914933837429108,False
2026-04-29,000801.SZ,14.29,11.69,0.10007698229407236,True
2026-04-29,002765.SZ,11.17,9.14,0.09995076317085176,True
2026-04-29,002657.SZ,22.5,18.41,0.09997555609875336,True
2026-04-29,605580.SH,23.74,19.42,0.10009267840593135,True
2026-04-29,603997.SH,13.81,11.3,0.09996017522899242,True
2026-04-29,603382.SH,28.09,22.99,0.09984338292873926,True
2026-04-29,002827.SZ,33.83,27.68,0.09998374248089739,True
2026-04-29,000576.SZ,10.24,8.38,0.0998925886143931,True
2026-04-29,600038.SH,34.85,28.51,0.10006313131313131,True
2026-04-29,000409.SZ,11.08,9.06,0.10029791459781527,True
2026-04-29,002449.SZ,8.71,7.13,0.0997474747474748,True
2026-04-29,002918.SZ,12.54,10.26,0.09999999999999998,True
2026-04-29,002698.SZ,14.1,11.54,0.09984399375975041,True
2026-04-29,002898.SZ,9.66,8.74,0.05,False
2026-04-29,002870.SZ,39.77,32.54,0.09998617065412811,True
2026-04-29,002085.SZ,15.15,12.39,0.10021786492374728,True
2026-04-29,000948.SZ,15.73,12.87,0.10000000000000003,True
2026-04-29,603822.SH,83.37,75.43,0.04999999999999998,False
2026-04-29,001229.SZ,40.68,33.28,0.1000540832882639,True
2026-04-29,600071.SH,22.25,18.21,0.09985170538803755,True
2026-04-29,603712.SH,17.11,14.0,0.09996785599485694,True
2026-04-29,603015.SH,12.91,10.57,0.09965928449744463,True
2026-04-29,605123.SH,107.38,87.86,0.099979512395001,True
2026-04-29,603656.SH,22.02,18.02,0.0999000999000999,True
2026-04-29,603370.SH,45.28,37.04,0.10009718172983482,True
2026-04-29,600990.SH,25.09,20.53,0.09995615957913193,True
2026-04-29,001216.SZ,19.95,16.33,0.09977949283351711,True
2026-04-29,603014.SH,39.04,31.94,0.10002817695125384,True
2026-04-30,002808.SZ,3.13,2.83,0.05033557046979863,False
2026-04-30,603822.SH,85.08,76.98,0.04998148833765269,False
2026-04-30,002777.SZ,17.42,14.26,0.0997474747474748,True
2026-04-30,600728.SH,6.11,5.0,0.09990999099909995,True
2026-04-30,002898.SZ,9.18,8.3,0.05034324942791756,False
2026-04-30,605398.SH,29.51,24.15,0.09988818486768548,True
2026-04-30,603258.SH,19.31,15.8,0.09997151808601533,True
2026-04-30,002088.SZ,11.18,9.14,0.10039370078740154,True
2026-04-30,600611.SH,5.16,4.22,0.10021321961620475,True
2026-04-30,600199.SH,8.77,7.17,0.1003764115432873,True
2026-04-30,600038.SH,34.88,28.54,0.09996846420687486,True
2026-04-30,603589.SH,26.73,21.87,0.09999999999999999,True
2026-04-30,603759.SH,10.25,8.39,0.09978540772532185,True
2026-04-30,000576.SZ,10.3,8.42,0.10042735042735047,True
2026-04-30,603187.SH,15.96,13.06,0.09993108201240523,True
2026-04-30,000768.SZ,25.85,21.15,0.10000000000000006,True
2026-04-30,605218.SH,19.39,15.87,0.09982983550765745,True
2026-04-30,000625.SZ,10.66,8.72,0.10010319917440656,True
2026-04-30,003012.SZ,6.57,5.37,0.10050251256281408,True
2026-04-30,600612.SH,43.73,35.78,0.09998742296566465,True
2026-04-30,002649.SZ,11.65,9.53,0.10009442870632677,True
2026-04-30,600992.SH,13.23,10.83,0.09975062344139651,True
2026-04-30,000050.SZ,9.0,7.36,0.1002444987775061,True
2026-04-30,002096.SZ,12.77,10.45,0.09991386735572784,True
2026-04-30,600571.SH,14.31,11.71,0.09992313604919291,True
2026-04-30,002908.SZ,9.33,7.63,0.10023584905660378,True
2026-04-30,000948.SZ,15.86,12.98,0.09986130374479886,True
2026-04-30,601900.SH,13.86,11.34,0.09999999999999999,True
2026-04-30,600834.SH,9.02,7.38,0.09999999999999999,True
2026-04-30,600702.SH,49.24,40.28,0.1000893655049151,True
2026-04-30,002085.SZ,15.07,12.33,0.10000000000000002,True
2026-04-30,603376.SH,33.44,27.36,0.09999999999999998,True
2026-04-30,603014.SH,39.64,32.44,0.09988901220865709,True
2026-04-30,003005.SZ,19.76,16.16,0.10022271714922053,True
2026-04-30,002918.SZ,12.29,10.05,0.10026857654431506,True
2026-04-30,600022.SH,1.61,1.31,0.10273972602739728,True
2026-04-30,002097.SZ,11.0,9.0,0.1,True
2026-04-30,603885.SH,12.75,10.43,0.10008628127696291,True
2026-04-30,002889.SZ,14.54,11.9,0.09984871406959149,True
2026-04-30,002226.SZ,5.97,4.89,0.0994475138121547,True
2026-05-21,603230.SH,11.35,9.29,0.09980620155038762,True
2026-06-03,605577.SH,11.65,9.53,0.10009442870632677,True
2026-06-03,601089.SH,19.28,15.78,0.09982886480319457,True
2026-06-03,603205.SH,26.49,21.67,0.10008305647840525,True
2026-06-04,601089.SH,19.0,15.54,0.10017371163867982,True
2026-06-04,603230.SH,10.88,8.9,0.1001011122345804,True
2026-06-04,605577.SH,11.25,9.21,0.09970674486803514,True
2026-06-04,601567.SH,17.52,14.34,0.09981167608286251,True
2026-06-04,002294.SZ,35.56,29.1,0.09990720692854935,True
2026-06-04,603205.SH,25.78,21.1,0.09982935153583616,True
2026-06-04,002342.SZ,12.41,10.15,0.10017730496453899,True
2026-06-04,600722.SH,11.44,9.36,0.10000000000000002,True
2026-06-04,603585.SH,17.44,14.27,0.09996846420687486,True
2026-06-04,605599.SH,17.38,14.22,0.09999999999999995,True
2026-06-04,002092.SZ,5.14,4.2,0.10064239828693786,True
2026-06-04,000912.SZ,4.17,3.41,0.10026385224274403,True
2026-06-04,603202.SH,71.58,58.56,0.10004610419548177,True
2026-06-04,600513.SH,18.88,15.44,0.10023310023310021,True
2026-06-04,603402.SH,101.86,83.34,0.09999999999999998,True
2026-06-04,002828.SZ,10.6,8.68,0.0995850622406639,True
2026-06-04,002165.SZ,7.39,6.05,0.09970238095238095,True
2026-06-04,603113.SH,5.68,4.64,0.10077519379844961,True
2026-06-04,001325.SZ,43.96,35.96,0.10010010010010009,True
2026-06-04,002393.SZ,16.06,13.14,0.09999999999999994,True
2026-06-04,603639.SH,12.14,9.94,0.09963768115942034,True
2026-06-04,603122.SH,13.87,11.35,0.09992069785884218,True
2026-06-04,000731.SZ,6.69,5.47,0.1003289473684211,True
2026-06-04,000822.SZ,5.37,4.39,0.10040983606557381,True
2026-06-04,002427.SZ,5.09,4.17,0.09935205183585312,True
2026-06-04,002455.SZ,9.34,7.64,0.10011778563015312,True
2026-06-04,600645.SH,21.64,17.7,0.1001525165226233,True
2026-06-04,603566.SH,11.58,9.48,0.09971509971509969,True
2026-06-04,002556.SZ,5.69,4.65,0.10058027079303676,True
2026-06-04,603313.SH,6.03,4.93,0.10036496350364968,True
2026-06-04,603079.SH,15.0,12.28,0.09970674486803521,True
2026-06-04,600208.SH,3.21,2.63,0.0993150684931507,True
2026-06-04,603456.SH,13.82,11.3,0.1003184713375796,True
2026-06-04,603309.SH,12.75,10.43,0.10008628127696291,True
2026-06-04,600075.SH,5.49,4.49,0.1002004008016032,True
2026-06-04,600230.SH,16.7,13.66,0.10013175230566532,True
2026-06-04,603395.SH,25.85,21.15,0.10000000000000006,True
2026-06-04,603151.SH,14.18,11.6,0.10007757951900698,True
2026-06-04,603235.SH,26.03,21.29,0.1001690617075233,True
2026-06-04,001201.SZ,12.66,10.36,0.09991311902693313,True
2026-06-05,002294.SZ,35.3,28.88,0.10003116235587409,True
2026-06-05,605599.SH,17.13,14.01,0.10019267822736028,True
2026-06-05,601089.SH,18.69,15.29,0.10005885815185409,True
2026-06-05,600722.SH,11.17,9.14,0.09995076317085176,True
2026-06-05,603202.SH,70.95,58.05,0.10000000000000005,True
2026-06-05,605577.SH,11.04,9.04,0.09960159362549802,True
2026-06-05,600513.SH,18.7,15.3,0.09999999999999996,True
2026-06-05,603778.SH,19.89,16.27,0.10011061946902658,True
2026-06-05,603205.SH,25.25,20.66,0.0999782182531039,True
2026-06-05,601567.SH,16.95,13.87,0.099935107073329,True
2026-06-05,002342.SZ,12.16,9.95,0.09995477159656269,True
2026-06-05,002393.SZ,15.79,12.92,0.09996516893068615,True
2026-06-05,603235.SH,25.67,21.01,0.09982862039417308,True
2026-06-05,603309.SH,12.64,10.34,0.10008703220191474,True
2026-06-05,001325.SZ,44.09,36.07,0.10004990019960085,True
2026-06-08,002294.SZ,35.51,29.05,0.10006195786864927,True
2026-06-08,605599.SH,17.08,13.98,0.09980682549903407,True
2026-06-08,002716.SZ,9.99,8.17,0.10022026431718063,True
2026-06-08,600722.SH,11.18,9.14,0.10039370078740154,True
2026-06-08,605365.SH,18.65,15.26,0.09997051017398995,True
2026-06-08,601212.SH,6.64,5.44,0.0993377483443708,True
2026-06-08,000818.SZ,15.07,12.33,0.10000000000000002,True
2026-06-08,002575.SZ,6.41,5.25,0.09948542024013723,True
2026-06-08,000533.SZ,12.44,10.18,0.09991158267020336,True
2026-06-08,002506.SZ,3.78,3.1,0.09883720930232553,True
2026-06-08,600481.SH,5.49,4.49,0.1002004008016032,True
2026-06-08,600666.SH,5.09,4.17,0.09935205183585312,True
2026-06-08,000890.SZ,11.29,9.23,0.10038986354775822,True
2026-06-08,600363.SH,39.91,32.65,0.1000551267916207,True
2026-06-08,601567.SH,16.87,13.81,0.09973924380704044,True
2026-06-08,002455.SZ,9.04,7.4,0.09975669099756684,True
2026-06-08,000603.SZ,32.68,26.74,0.09996634129922587,True
2026-06-08,600410.SH,19.69,16.11,0.10000000000000006,True
2026-06-08,600208.SH,3.14,2.57,0.09982486865148867,True
2026-06-08,000815.SZ,17.26,14.12,0.10006373486297011,True
2026-06-08,603220.SH,25.05,20.49,0.1001317523056654,True
2026-06-08,600470.SH,6.04,4.94,0.1001821493624772,True
2026-06-08,001325.SZ,44.43,36.35,0.10002475860361473,True
2026-06-08,002092.SZ,4.99,4.09,0.09911894273127757,True
2026-06-08,002218.SZ,5.02,4.1,0.10087719298245613,True
2026-06-08,002155.SZ,26.9,22.01,0.09997955428337758,True
2026-06-08,000547.SZ,22.52,18.42,0.10014655593551534,True
2026-06-08,002300.SZ,9.05,7.41,0.09963547995139736,True
2026-06-08,002173.SZ,19.42,15.89,0.09997167941093177,True
2026-06-08,002879.SZ,16.85,13.79,0.099869451697128,True
2026-06-08,002309.SZ,3.78,3.1,0.09883720930232553,True
2026-06-08,600513.SH,18.35,15.01,0.10011990407673867,True
2026-06-08,002759.SZ,29.43,24.08,0.09998131190431699,True
2026-06-08,002840.SZ,8.82,7.22,0.09975062344139654,True
2026-06-08,002442.SZ,6.04,4.94,0.1001821493624772,True
2026-06-08,603887.SH,12.84,10.5,0.10025706940874035,True
2026-06-08,000592.SZ,8.87,7.25,0.10049627791563272,True
2026-06-08,002676.SZ,6.18,5.06,0.09964412811387903,True
2026-06-08,603585.SH,17.11,14.0,0.09996785599485694,True
2026-06-08,600230.SH,16.29,13.33,0.09993247805536797,True
2026-06-09,600722.SH,11.44,9.36,0.10000000000000002,True
2026-06-09,002294.SZ,34.34,28.1,0.09993593850096094,True
2026-06-09,001325.SZ,42.63,34.88,0.0999870984389111,True
2026-06-09,605599.SH,16.68,13.64,0.10026385224274403,True
2026-06-09,002342.SZ,12.83,10.49,0.10034305317324184,True
2026-06-09,002828.SZ,10.4,8.51,0.09994711792702277,True
2026-06-09,603205.SH,24.92,20.39,0.0999779298168175,True
2026-06-09,002092.SZ,4.8,3.92,0.10091743119266056,True
2026-06-09,600470.SH,5.81,4.75,0.10037878787878786,True
2026-06-09,600513.SH,18.01,14.73,0.10018326206475263,True
2026-06-09,605577.SH,10.89,8.91,0.10000000000000002,True
2026-06-09,002840.SZ,8.56,7.0,0.10025706940874039,True
2026-06-09,603727.SH,15.73,12.87,0.10000000000000003,True
2026-06-09,002278.SZ,9.97,8.15,0.10044150110375277,True
2026-06-09,002165.SZ,7.45,6.09,0.10044313146233386,True
2026-06-09,605286.SH,33.54,27.44,0.10003279763856998,True
2026-06-09,601089.SH,18.16,14.86,0.0999394306480921,True
2026-06-09,001296.SZ,20.9,17.1,0.09999999999999992,True
2026-06-09,600316.SH,30.2,24.71,0.09998178838098705,True
2026-06-09,605365.SH,17.91,14.65,0.1001228501228501,True
2026-06-09,603887.SH,12.17,9.95,0.10036166365280294,True
2026-06-09,002427.SZ,4.92,4.02,0.10067114093959736,True
2026-06-09,600227.SH,3.27,2.67,0.10101010101010104,True
2026-06-09,603202.SH,70.47,57.65,0.10006244146113019,True
2026-06-09,600313.SH,6.59,5.39,0.10016694490818032,True
2026-06-09,601567.SH,16.24,13.28,0.10027100271002708,True
2026-06-09,002221.SZ,6.94,5.68,0.09984152139461178,True
2026-06-09,603585.SH,16.36,13.38,0.1002017484868863,True
2026-06-09,000912.SZ,4.02,3.29,0.09986320109439119,True
2026-06-09,000930.SZ,5.41,4.43,0.09959349593495939,True
2026-06-09,603230.SH,10.7,8.76,0.09969167523124355,True
2026-06-09,000592.SZ,8.58,7.02,0.10000000000000003,True
2026-06-09,603169.SH,8.16,6.68,0.09973045822102429,True
2026-06-09,603787.SH,10.9,8.92,0.09989909182643796,True
2026-06-09,603599.SH,11.84,9.68,0.10037174721189591,True
2026-06-09,002394.SZ,10.57,8.65,0.09989594172736732,True
2026-06-09,600746.SH,6.66,5.45,0.09991742361684558,True
2026-06-09,000852.SZ,6.24,5.1,0.10052910052910058,True
2026-06-09,603113.SH,5.42,4.44,0.09939148073022308,True
2026-06-09,600108.SH,3.62,2.96,0.10030395136778117,True
2026-06-10,002342.SZ,11.88,9.72,0.1,True
2026-06-10,600722.SH,10.44,8.54,0.10010537407797686,True
2026-06-10,002294.SZ,34.62,28.32,0.100095328884652,True
2026-06-10,001325.SZ,42.57,34.83,0.10000000000000002,True
2026-06-10,600513.SH,18.08,14.8,0.09975669099756684,True
2026-06-10,601567.SH,16.14,13.2,0.10020449897750516,True
2026-06-10,600470.SH,5.75,4.71,0.09942638623326959,True
2026-06-10,000818.SZ,14.49,11.85,0.10022779043280185,True
2026-06-10,605365.SH,17.57,14.37,0.10018785222291801,True
2026-06-10,605500.SH,7.74,6.34,0.0994318181818182,True
2026-06-10,002173.SZ,19.32,15.8,0.10022779043280179,True
2026-06-10,000533.SZ,12.19,9.97,0.10018050541516241,True
2026-06-10,600363.SH,37.84,30.96,0.10000000000000002,True
2026-06-10,600343.SH,27.71,22.67,0.10003969829297338,True
2026-06-10,605286.SH,33.21,27.17,0.10003312355084464,True
2026-06-10,000592.SZ,8.5,6.96,0.09961190168175937,True
2026-06-10,002442.SZ,5.93,4.85,0.10018552875695734,True
2026-06-10,000547.SZ,21.44,17.54,0.10005130836326326,True
2026-06-10,002879.SZ,16.4,13.42,0.09993293091884636,True
2026-06-10,002716.SZ,9.59,7.85,0.09977064220183489,True
2026-06-10,603309.SH,12.72,10.4,0.10034602076124569,True
2026-06-10,002930.SZ,10.7,8.76,0.09969167523124355,True
2026-06-10,002840.SZ,8.57,7.01,0.10012836970474971,True
2026-06-10,600316.SH,29.83,24.41,0.09992625368731561,True
2026-06-10,000892.SZ,4.2,3.44,0.09947643979057594,True
2026-06-10,002478.SZ,7.59,6.21,0.09999999999999999,True
2026-06-10,600468.SH,6.67,5.45,0.10066006600660063,True
2026-06-10,002300.SZ,8.69,7.11,0.09999999999999995,True
2026-06-10,002828.SZ,9.94,8.14,0.09955752212389375,True
2026-06-10,605577.SH,10.87,8.89,0.10020242914979752,True
2026-06-10,002759.SZ,29.07,23.79,0.09988649262202046,True
2026-06-10,002309.SZ,3.7,3.02,0.1011904761904762,True
2026-06-10,605255.SH,87.67,71.73,0.09999999999999998,True
2026-06-10,603887.SH,11.99,9.81,0.09999999999999998,True
2026-06-10,600227.SH,3.14,2.57,0.09982486865148867,True
2026-06-10,002270.SZ,21.65,17.71,0.1001016260162601,True
2026-06-10,600860.SH,9.9,8.1,0.10000000000000003,True
2026-06-10,603352.SH,32.0,26.18,0.10003437607425232,True
2026-06-10,600773.SH,16.43,13.45,0.09973226238286481,True
2026-06-10,605268.SH,11.12,9.1,0.09990108803165182,True
2026-06-11,002342.SZ,11.29,9.23,0.10038986354775822,True
2026-06-11,000815.SZ,18.56,15.18,0.10017783046828689,True
2026-06-11,601567.SH,15.84,12.96,0.09999999999999996,True
2026-06-11,600343.SH,26.81,21.93,0.10012310217480508,True
2026-06-11,000892.SZ,4.07,3.33,0.10000000000000002,True
2026-06-11,605365.SH,17.36,14.2,0.10012674271229405,True
2026-06-11,600513.SH,17.69,14.47,0.10012437810945274,True
2026-06-11,002506.SZ,3.6,2.94,0.10091743119266057,True
2026-06-11,000533.SZ,11.77,9.63,0.09999999999999995,True
2026-06-11,000890.SZ,11.18,9.14,0.10039370078740154,True
2026-06-11,002294.SZ,34.41,28.15,0.1000639386189258,True
2026-06-11,000818.SZ,14.18,11.6,0.10007757951900698,True
2026-06-11,002309.SZ,3.54,2.9,0.09937888198757766,True
2026-06-11,600410.SH,20.15,16.49,0.09989082969432314,True
2026-06-11,002173.SZ,18.88,15.44,0.10023310023310021,True
2026-06-11,603887.SH,12.05,9.86,0.09995435874030129,True
2026-06-11,605577.SH,10.92,8.94,0.09969788519637465,True
2026-06-11,603216.SH,25.2,20.62,0.09995635093845479,True
2026-06-11,605286.SH,32.07,26.24,0.09998285028297035,True
2026-06-11,000592.SZ,8.38,6.86,0.09973753280839896,True
2026-06-11,002229.SZ,16.34,13.37,0.09996634129922587,True
2026-06-11,002930.SZ,10.21,8.35,0.10021551724137936,True
2026-06-11,605500.SH,7.52,6.16,0.09941520467836254,True
2026-06-11,605056.SH,20.41,16.7,0.09997305308542175,True
2026-06-11,002427.SZ,4.95,4.05,0.10000000000000003,True
2026-06-11,600986.SH,8.84,7.24,0.09950248756218905,True
2026-06-11,605299.SH,17.47,14.29,0.10012594458438287,True
2026-06-11,601089.SH,18.24,14.92,0.10012062726176112,True
2026-06-11,002624.SZ,15.33,12.55,0.09971305595408891,True
2026-06-11,600363.SH,36.15,29.57,0.10012172854534386,True
2026-06-11,603585.SH,16.61,13.59,0.09999999999999999,True
2026-06-11,000547.SZ,20.76,16.98,0.10015898251192372,True
2026-06-11,001325.SZ,41.39,33.87,0.09992027637523258,True
2026-06-11,002442.SZ,5.71,4.67,0.10019267822736032,True
2026-06-11,600468.SH,6.35,5.19,0.10051993067590982,True
2026-06-11,002467.SZ,5.93,4.85,0.10018552875695734,True
2026-06-11,002270.SZ,20.92,17.12,0.09989484752891693,True
2026-06-11,600773.SH,16.34,13.37,0.09996634129922587,True
2026-06-11,600604.SH,4.61,3.77,0.1002386634844869,True
2026-06-11,000676.SZ,6.3,5.16,0.09947643979057588,True
2026-06-12,002506.SZ,3.49,2.85,0.10094637223974766,True
2026-06-12,002309.SZ,3.48,2.84,0.10126582278481014,True
2026-06-12,600513.SH,17.35,14.19,0.1001902346227014,True
2026-06-12,601089.SH,18.04,14.76,0.09999999999999999,True
2026-06-12,605365.SH,16.98,13.9,0.09974093264248704,True
2026-06-12,605056.SH,20.03,16.39,0.099945085118067,True
2026-06-12,000815.SZ,17.23,14.09,0.10025542784163476,True
2026-06-12,002294.SZ,34.25,28.03,0.09987154784842645,True
2026-06-12,600481.SH,5.68,4.64,0.10077519379844961,True
2026-06-12,605286.SH,31.99,26.17,0.10006877579092155,True
2026-06-12,000533.SZ,11.58,9.48,0.09971509971509969,True
2026-06-12,000890.SZ,10.81,8.85,0.09969481180061042,True
2026-06-12,002342.SZ,10.98,8.98,0.1002004008016032,True
2026-06-12,603309.SH,12.54,10.26,0.09999999999999998,True
2026-06-12,600158.SH,9.41,7.7,0.09994155464640561,True
2026-06-12,000818.SZ,13.65,11.17,0.09991941982272362,True
2026-06-12,000892.SZ,3.92,3.2,0.10112359550561795,True
2026-06-12,605577.SH,10.63,8.69,0.10041407867494831,True
2026-06-12,603887.SH,11.51,9.41,0.10038240917782024,True
2026-06-12,002427.SZ,4.83,3.95,0.10022779043280179,True
2026-06-12,600410.SH,18.95,15.51,0.09982588508415552,True
2026-06-12,002218.SZ,4.66,3.82,0.09905660377358494,True
2026-06-12,000592.SZ,8.14,6.66,0.10000000000000002,True
2026-06-12,600986.SH,8.46,6.92,0.10013003901170357,True
2026-06-12,002173.SZ,18.67,15.27,0.1001767825574544,True
2026-06-12,605255.SH,83.81,68.57,0.10001312508203182,True
2026-06-12,600363.SH,36.01,29.47,0.09987782529016494,True
2026-06-12,603360.SH,21.34,17.46,0.09999999999999998,True
2026-06-12,605299.SH,16.74,13.7,0.09986859395532192,True
2026-06-12,002442.SZ,5.68,4.64,0.10077519379844961,True
2026-06-12,603191.SH,17.27,14.13,0.09999999999999996,True
2026-06-12,002229.SZ,14.95,12.23,0.10007358351729209,True
2026-06-12,605500.SH,7.56,6.18,0.10043668122270742,True
2026-06-12,002558.SZ,26.02,21.29,0.09997886281969985,True
2026-06-12,001325.SZ,41.39,33.87,0.09992027637523258,True
2026-06-12,603017.SH,11.96,9.78,0.10027598896044164,True
2026-06-12,603727.SH,15.32,12.54,0.09978463747307972,True
2026-06-12,000020.SZ,12.86,10.52,0.10008554319931565,True
2026-06-12,605598.SH,39.66,32.45,0.09998613229787816,True
2026-06-12,002623.SZ,19.13,15.65,0.10005750431282343,True
2026-06-15,601089.SH,18.24,14.92,0.10012062726176112,True
2026-06-15,605577.SH,10.87,8.89,0.10020242914979752,True
2026-06-15,603309.SH,12.9,10.56,0.09974424552429667,True
2026-06-15,600158.SH,9.25,7.57,0.09988109393579071,True
2026-06-15,605365.SH,17.42,14.26,0.0997474747474748,True
2026-06-15,603205.SH,24.78,20.28,0.09986684420772303,True
2026-06-15,600513.SH,17.49,14.31,0.09999999999999995,True
2026-06-15,603585.SH,16.84,13.78,0.09993468321358592,True
2026-06-15,600645.SH,20.59,16.85,0.09989316239316236,True
2026-06-15,605286.SH,32.23,26.37,0.09999999999999994,True
2026-06-15,002442.SZ,5.7,4.66,0.1003861003861004,True
2026-06-15,002342.SZ,11.19,9.15,0.10029498525073742,True
2026-06-15,603188.SH,4.74,3.88,0.0997679814385151,True
2026-06-15,002294.SZ,34.43,28.17,0.09999999999999996,True
2026-06-15,000892.SZ,4.03,3.29,0.10109289617486342,True
2026-06-15,002173.SZ,19.03,15.57,0.10000000000000002,True
2026-06-15,603887.SH,11.68,9.56,0.09981167608286248,True
2026-06-15,000592.SZ,8.34,6.82,0.10026385224274403,True
2026-06-15,002840.SZ,9.09,7.43,0.10048426150121066,True
2026-06-15,002218.SZ,4.69,3.83,0.10093896713615028,True
2026-06-15,600722.SH,11.36,9.3,0.09970958373668919,True
2026-06-15,002309.SZ,3.48,2.84,0.10126582278481014,True
2026-06-15,605299.SH,16.73,13.69,0.09993425378040766,True
2026-06-15,603122.SH,13.33,10.91,0.09983498349834982,True
2026-06-15,600604.SH,4.64,3.8,0.09952606635071089,True
2026-06-15,603230.SH,10.73,8.78,0.09994874423372636,True
2026-06-15,001325.SZ,43.18,35.33,0.09998726276907403,True
2026-06-15,600481.SH,5.54,4.54,0.0992063492063492,True
2026-06-15,001296.SZ,20.77,16.99,0.10010593220338987,True
2026-06-15,001220.SZ,34.07,27.87,0.10009686793671294,True
2026-06-15,002828.SZ,9.99,8.17,0.10022026431718063,True
2026-06-15,001234.SZ,24.93,20.39,0.10017652250661957,True
2026-06-15,603017.SH,12.18,9.96,0.10027100271002705,True
2026-06-15,000890.SZ,10.58,8.66,0.09979209979209978,True
2026-06-15,001201.SZ,12.33,10.09,0.09991079393398751,True
2026-06-15,002905.SZ,8.27,6.77,0.0997340425531915,True
2026-06-15,605500.SH,7.57,6.19,0.10029069767441859,True
2026-06-15,603396.SH,32.35,26.47,0.09996599795987764,True
2026-06-15,603716.SH,17.45,14.27,0.10025220680958385,True
2026-06-15,605086.SH,31.36,25.66,0.09996492458786391,True
2026-06-16,605577.SH,10.84,8.87,0.099949264332826,True
2026-06-16,603309.SH,12.93,10.58,0.09995746490854955,True
2026-06-16,601089.SH,18.03,14.75,0.1000610128126907,True
2026-06-16,603230.SH,10.69,8.75,0.09979423868312756,True
2026-06-16,603205.SH,25.15,20.57,0.100174978127734,True
2026-06-16,001220.SZ,34.53,28.25,0.10003185727938836,True
2026-06-16,002294.SZ,34.45,28.19,0.09993614303959134,True
2026-06-16,002840.SZ,9.09,7.43,0.10048426150121066,True
2026-06-16,002342.SZ,11.31,9.25,0.1001945525291829,True
2026-06-16,605286.SH,32.43,26.53,0.10006784260515601,True
2026-06-17,603309.SH,12.95,10.59,0.10025488530161425,True
2026-06-17,605577.SH,10.73,8.78,0.09994874423372636,True
2026-06-17,002342.SZ,11.46,9.38,0.09980806142034547,True
2026-06-17,603230.SH,10.56,8.64,0.09999999999999998,True
2026-06-17,603205.SH,24.6,20.12,0.10017889087656531,True
2026-06-17,600513.SH,17.82,14.58,0.1,True
2026-06-17,605286.SH,33.17,27.14,0.09998341900182392,True
2026-06-17,001220.SZ,33.97,27.79,0.10006476683937823,True
2026-06-17,002840.SZ,9.0,7.36,0.1002444987775061,True
2026-06-17,000890.SZ,10.42,8.52,0.10031678986272442,True
2026-06-17,001296.SZ,21.04,17.22,0.09984317825405124,True
2026-06-17,603887.SH,12.0,9.82,0.09990834097158569,True
2026-06-17,600645.SH,20.41,16.7,0.09997305308542175,True
2026-06-17,600722.SH,10.24,8.38,0.0998925886143931,True
2026-06-17,603284.SH,43.4,35.51,0.09998732733493855,True
2026-06-17,603716.SH,17.38,14.22,0.09999999999999995,True
2026-06-17,000892.SZ,4.14,3.38,0.10106382978723402,True
2026-06-17,603585.SH,16.72,13.68,0.09999999999999998,True
2026-06-17,603352.SH,31.35,25.65,0.10000000000000005,True
2026-06-17,002173.SZ,19.33,15.81,0.10017074558907221,True
2026-06-17,601089.SH,18.23,14.91,0.10018105009052505,True
2026-06-17,002905.SZ,8.2,6.71,0.09993293091884636,True
2026-06-17,603122.SH,13.35,10.93,0.09967051070840197,True
2026-06-17,605500.SH,7.51,6.15,0.0995607613469985,True
2026-06-17,000592.SZ,8.44,6.9,0.10039113428943931,True
2026-06-17,603639.SH,11.78,9.64,0.09990662931839396,True
2026-06-17,001201.SZ,12.34,10.1,0.09982174688057042,True
2026-06-17,001221.SZ,48.79,39.92,0.09998872731371883,True
2026-06-17,000533.SZ,12.36,10.12,0.09964412811387903,True
2026-06-17,002930.SZ,10.66,8.72,0.10010319917440656,True
2026-06-17,600313.SH,6.37,5.21,0.10017271157167532,True
2026-06-17,001325.SZ,45.34,37.1,0.09995147986414364,True
2026-06-17,605365.SH,17.28,14.14,0.09993634627625718,True
2026-06-17,600158.SH,8.87,7.25,0.10049627791563272,True
2026-06-17,601599.SH,3.43,2.81,0.09935897435897437,True
2026-06-17,603188.SH,4.74,3.88,0.0997679814385151,True
2026-06-17,603053.SH,9.88,8.08,0.10022271714922053,True
2026-06-17,603787.SH,10.89,8.91,0.10000000000000002,True
2026-06-17,002923.SZ,10.99,8.99,0.10010010010010009,True
2026-06-17,605108.SH,14.08,11.52,0.10000000000000002,True
2026-06-18,603309.SH,12.65,10.35,0.10000000000000003,True
2026-06-18,002342.SZ,11.29,9.23,0.10038986354775822,True
2026-06-18,603205.SH,23.84,19.5,0.10013844023996307,True
2026-06-18,605577.SH,10.43,8.53,0.10021097046413503,True
2026-06-23,002342.SZ,10.7,8.76,0.09969167523124355,True
2026-06-23,605577.SH,10.46,8.56,0.09989484752891693,True
2026-06-23,603778.SH,15.94,13.04,0.10006901311249139,True
2026-06-23,600158.SH,8.27,6.77,0.0997340425531915,True
2026-06-23,603309.SH,12.54,10.26,0.09999999999999998,True
2026-06-23,600722.SH,10.05,8.23,0.09956236323851204,True
2026-06-23,000890.SZ,9.78,8.0,0.10011248593925755,True
2026-06-23,605286.SH,31.59,25.85,0.09993036211699162,True
2026-06-23,603239.SH,17.79,14.55,0.10018552875695727,True
2026-06-23,603053.SH,9.57,7.83,0.10000000000000002,True
2026-06-23,001338.SZ,10.22,8.36,0.10010764262648016,True
2026-06-23,001318.SZ,11.7,9.58,0.09962406015037589,True
2026-06-23,600283.SH,8.99,7.35,0.10036719706242353,True
2026-06-23,603887.SH,11.39,9.32,0.09995171414775472,True
2026-06-23,605056.SH,19.42,15.89,0.09997167941093177,True
2026-06-23,000592.SZ,8.04,6.58,0.09986320109439119,True
2026-06-23,002574.SZ,5.04,4.12,0.10043668122270741,True
2026-06-23,603103.SH,17.04,13.94,0.10006455777921239,True
2026-06-23,603585.SH,16.05,13.13,0.10006854009595613,True
2026-06-23,600343.SH,26.83,21.95,0.10004100041000408,True
2026-06-23,001325.SZ,42.94,35.14,0.09989754098360652,True
2026-06-23,603396.SH,30.97,25.34,0.09998224116497956,True
2026-06-23,002060.SZ,3.52,2.88,0.10000000000000002,True
2026-06-23,002218.SZ,4.47,3.65,0.10098522167487683,True
2026-06-23,600569.SH,1.97,1.61,0.10055865921787706,True
2026-06-23,603205.SH,23.51,19.23,0.10014038371548903,True
2026-06-23,000869.SZ,18.34,15.0,0.10017996400719854,True
2026-06-23,600138.SH,7.76,6.35,0.09992912827781716,True
2026-06-23,600917.SH,5.34,4.37,0.09989701338825949,True
2026-06-23,002930.SZ,10.07,8.24,0.09994538503549971,True
2026-06-23,600844.SH,2.94,2.4,0.10112359550561799,True
2026-06-23,605598.SH,39.6,32.4,0.10000000000000003,True
2026-06-23,000892.SZ,3.99,3.27,0.0991735537190083,True
2026-06-23,000972.SZ,3.51,3.17,0.05089820359281435,False
2026-06-23,002309.SZ,3.43,2.81,0.09935897435897437,True
2026-06-23,000852.SZ,6.01,4.91,0.1007326007326007,True
2026-06-23,600880.SH,4.46,3.65,0.09987669543773121,True
2026-06-23,000968.SZ,7.33,5.99,0.10060060060060058,True
2026-06-23,603970.SH,11.41,9.33,0.10028929604628736,True
2026-06-23,600127.SH,6.06,4.96,0.09981851179673318,True
2026-06-24,605577.SH,10.51,8.6,0.09994767137624282,True
2026-06-24,600722.SH,10.05,8.23,0.09956236323851204,True
2026-06-24,603309.SH,12.82,10.49,0.09995709995709995,True
2026-06-24,603230.SH,10.29,8.42,0.09994655264564399,True
2026-06-24,000890.SZ,9.8,8.02,0.09988776655443328,True
2026-06-24,603205.SH,24.51,20.05,0.10008976660682227,True
2026-06-24,600158.SH,8.13,6.65,0.10013531799729367,True
2026-06-24,001325.SZ,43.18,35.33,0.09998726276907403,True
2026-06-24,603778.SH,15.17,12.41,0.10007251631617113,True
2026-06-24,600513.SH,17.77,14.54,0.09996904982977407,True
2026-06-24,603103.SH,16.9,13.82,0.10026041666666662,True
2026-06-24,605286.SH,31.55,25.81,0.10006973500697354,True
2026-06-24,600313.SH,6.24,5.1,0.10052910052910058,True
2026-06-24,603822.SH,76.13,68.88,0.049996551961933665,False
2026-06-24,002905.SZ,8.1,6.62,0.10054347826086954,True
2026-06-24,600844.SH,2.97,2.43,0.1,True
2026-06-24,603585.SH,16.09,13.17,0.09979494190020506,True
2026-06-24,603136.SH,9.67,7.91,0.10011376564277588,True
2026-06-24,000892.SZ,4.02,3.29,0.09986320109439119,True
2026-06-24,001338.SZ,10.24,8.38,0.0998925886143931,True
2026-06-24,603053.SH,9.63,7.88,0.09994288977727017,True
2026-06-24,001318.SZ,11.78,9.64,0.09990662931839396,True
2026-06-24,601599.SH,3.36,2.75,0.09983633387888706,True
2026-06-24,001220.SZ,33.61,27.5,0.09998363606611028,True
2026-06-24,603376.SH,29.36,24.02,0.10003746721618584,True
2026-06-24,600604.SH,4.6,3.76,0.10047846889952151,True
2026-06-24,603352.SH,31.14,25.48,0.09996467679265277,True
2026-06-24,002556.SZ,5.37,4.39,0.10040983606557381,True
2026-06-24,000968.SZ,7.34,6.0,0.10044977511244377,True
2026-06-24,603357.SH,7.14,5.84,0.10015408320493065,True
2026-06-24,605500.SH,7.55,6.17,0.10058309037900874,True
2026-06-24,600481.SH,4.96,4.06,0.09977827050997787,True
2026-06-24,000592.SZ,7.96,6.52,0.09944751381215472,True
2026-06-24,605108.SH,13.59,11.12,0.09995953055443142,True
2026-06-24,002732.SZ,14.92,12.2,0.10029498525073749,True
2026-06-24,605162.SH,9.45,7.73,0.10011641443538992,True
2026-06-24,000972.SZ,3.58,3.24,0.04985337243401757,False
2026-06-24,600834.SH,7.78,6.36,0.10042432814710041,True
2026-06-24,001201.SZ,12.01,9.83,0.09981684981684981,True
2026-06-24,603395.SH,24.43,19.99,0.09995497523638003,True
2026-06-25,600722.SH,9.55,7.81,0.10023041474654384,True
2026-06-25,603778.SH,14.82,12.12,0.10022271714922054,True
2026-06-25,000890.SZ,9.31,7.61,0.10047281323877069,True
2026-06-25,603309.SH,12.67,10.37,0.09982638888888892,True
2026-06-25,605577.SH,10.2,8.34,0.10032362459546923,True
2026-06-25,600158.SH,7.9,6.46,0.10027855153203345,True
2026-06-25,603230.SH,9.86,8.06,0.1004464285714285,True
2026-06-25,603205.SH,23.71,19.4,0.09997680352586412,True
2026-06-25,001325.SZ,41.82,34.22,0.09994739610731197,True
2026-06-25,603103.SH,16.38,13.4,0.10006715916722628,True
2026-06-25,603822.SH,75.6,68.4,0.04999999999999992,False
2026-06-25,605500.SH,7.23,5.91,0.10045662100456623,True
2026-06-25,002878.SZ,13.37,10.94,0.09995886466474702,True
2026-06-25,000972.SZ,3.55,3.21,0.05029585798816566,False
2026-06-25,002930.SZ,9.81,8.03,0.0997757847533633,True
2026-06-25,001338.SZ,9.78,8.0,0.10011248593925755,True
2026-06-25,605286.SH,29.99,24.53,0.10014673514306673,True
2026-06-25,000892.SZ,3.74,3.06,0.10000000000000002,True
2026-06-25,003042.SZ,14.31,11.71,0.09992313604919291,True
2026-06-25,000968.SZ,7.08,5.8,0.09937888198757766,True
2026-06-25,605056.SH,19.17,15.69,0.09982788296041314,True
2026-06-25,603585.SH,15.81,12.93,0.1002087682672234,True
2026-06-25,600844.SH,2.79,2.29,0.09842519685039369,True
2026-06-25,603239.SH,16.98,13.9,0.09974093264248704,True
2026-06-25,600604.SH,4.47,3.65,0.10098522167487683,True
2026-06-25,002229.SZ,12.32,10.08,0.10000000000000002,True
2026-06-25,002879.SZ,15.4,12.6,0.10000000000000002,True
2026-06-25,600138.SH,7.63,6.25,0.0994236311239193,True
2026-06-25,600834.SH,7.58,6.2,0.10014513788098692,True
2026-06-25,605162.SH,8.99,7.35,0.10036719706242353,True
2026-06-25,600127.SH,5.84,4.78,0.09981167608286248,True
2026-06-25,000592.SZ,7.65,6.26,0.0999281092739037,True
2026-06-25,002181.SZ,11.48,9.4,0.09961685823754789,True
2026-06-25,603395.SH,23.47,19.21,0.09981255857544513,True
2026-06-25,603136.SH,9.34,7.64,0.10011778563015312,True
2026-06-25,601949.SH,5.39,4.41,0.09999999999999995,True
2026-06-25,600841.SH,7.22,5.9,0.10060975609756093,True
2026-06-25,603053.SH,9.37,7.67,0.09976525821596241,True
2026-06-25,603357.SH,6.93,5.67,0.09999999999999999,True
2026-06-25,001318.SZ,11.4,9.32,0.1003861003861004,True
2026-06-26,600722.SH,9.34,7.64,0.10011778563015312,True
2026-06-26,603778.SH,14.49,11.85,0.10022779043280185,True
2026-06-26,000890.SZ,9.09,7.43,0.10048426150121066,True
2026-06-26,603103.SH,16.39,13.41,0.1,True
2026-06-26,603309.SH,12.44,10.18,0.09991158267020336,True
2026-06-26,600158.SH,7.74,6.34,0.0994318181818182,True
2026-06-26,603205.SH,23.21,18.99,0.10000000000000005,True
2026-06-26,002181.SZ,11.42,9.34,0.10019267822736032,True
2026-06-26,605577.SH,10.07,8.24,0.09994538503549971,True
2026-06-26,001325.SZ,40.77,33.35,0.10010793308148949,True
2026-06-26,605500.SH,7.1,5.81,0.09992254066615028,True
2026-06-26,000892.SZ,3.73,3.05,0.10029498525073749,True
2026-06-26,601089.SH,17.71,14.49,0.1,True
2026-06-26,600844.SH,2.75,2.25,0.1,True
2026-06-26,600513.SH,16.59,13.57,0.10013262599469494,True
2026-06-26,002878.SZ,12.99,10.63,0.09991532599491953,True
2026-06-26,603585.SH,15.39,12.59,0.10007147962830595,True
2026-06-26,605286.SH,29.37,24.03,0.09999999999999999,True
2026-06-26,603822.SH,73.67,66.65,0.050028506271379676,False
2026-06-26,002229.SZ,11.86,9.7,0.10018552875695734,True
2026-06-26,603016.SH,38.28,31.32,0.10000000000000002,True
2026-06-26,605162.SH,8.78,7.18,0.10025062656641602,True
2026-06-26,600645.SH,19.28,15.78,0.09982886480319457,True
2026-06-26,605299.SH,15.35,12.56,0.09996417054819058,True
2026-06-26,001220.SZ,31.76,25.98,0.10010391409767927,True
2026-06-26,600408.SH,2.65,2.17,0.0995850622406639,True
2026-06-26,000592.SZ,7.56,6.18,0.10043668122270742,True
2026-06-26,003042.SZ,13.83,11.31,0.10023866348448686,True
2026-06-26,605099.SH,35.51,29.05,0.10006195786864927,True
2026-06-26,002905.SZ,7.74,6.34,0.0994318181818182,True
2026-06-26,600422.SH,8.76,7.16,0.10050251256281405,True
2026-06-26,603716.SH,16.95,13.87,0.099935107073329,True
2026-06-26,601015.SH,3.26,2.66,0.10135135135135129,True
2026-06-26,603122.SH,12.6,10.31,0.09995635093845479,True
2026-06-26,600746.SH,6.0,4.91,0.09990834097158569,True
2026-06-26,000912.SZ,3.66,3.0,0.09909909909909911,True
2026-06-26,001367.SZ,20.97,17.15,0.10020986358866737,True
2026-06-26,000710.SZ,8.45,6.91,0.10026041666666662,True
2026-06-26,001338.SZ,9.63,7.88,0.09994288977727017,True
2026-06-26,001388.SZ,30.8,25.2,0.10000000000000002,True
2026-06-29,600722.SH,9.02,7.38,0.09999999999999999,True
2026-06-29,603778.SH,13.56,11.1,0.09975669099756694,True
2026-06-29,600158.SH,7.49,6.13,0.0998531571218796,True
2026-06-29,002181.SZ,10.87,8.89,0.10020242914979752,True
2026-06-29,000890.SZ,8.72,7.14,0.09962168978562427,True
2026-06-29,603887.SH,10.74,8.78,0.10040983606557381,True
2026-06-29,605162.SH,8.49,6.95,0.09974093264248704,True
2026-06-29,603103.SH,15.63,12.79,0.09992962702322314,True
2026-06-29,000892.SZ,3.63,2.97,0.09999999999999996,True
2026-06-29,600844.SH,2.71,2.21,0.1016260162601626,True
2026-06-29,002229.SZ,11.15,9.13,0.09960552268244573,True
2026-06-29,605577.SH,9.79,8.01,0.09999999999999998,True
2026-06-29,001330.SZ,6.88,5.63,0.09992006394884093,True
2026-06-29,605056.SH,17.58,14.38,0.10012515644555686,True
2026-06-29,603239.SH,15.86,12.98,0.09986130374479886,True
2026-06-29,000720.SZ,4.05,3.31,0.10054347826086954,True
2026-06-29,605286.SH,28.61,23.41,0.09996155324875047,True
2026-06-29,002995.SZ,19.45,15.91,0.10011312217194568,True
2026-06-29,605068.SH,18.92,15.48,0.10000000000000002,True
2026-06-29,603205.SH,22.66,18.54,0.10000000000000002,True
2026-06-29,002878.SZ,12.54,10.26,0.09999999999999998,True
2026-06-29,605500.SH,6.91,5.65,0.1003184713375796,True
2026-06-29,603829.SH,18.26,14.94,0.10000000000000005,True
2026-06-29,000669.SZ,3.81,3.45,0.04958677685950412,False
2026-06-29,603601.SH,13.29,10.87,0.1001655629139073,True
2026-06-29,605299.SH,14.87,12.17,0.09985207100591714,True
2026-06-29,000409.SZ,9.24,7.56,0.10000000000000003,True
2026-06-29,001325.SZ,39.12,32.0,0.10011248593925755,True
2026-06-29,600831.SH,3.36,2.75,0.09983633387888706,True
2026-06-29,001338.SZ,9.35,7.65,0.09999999999999996,True
2026-06-29,603017.SH,11.14,9.12,0.09970384995064173,True
2026-06-29,601599.SH,3.12,2.56,0.09859154929577466,True
2026-06-29,605398.SH,21.57,17.65,0.09994900560938301,True
2026-06-29,002221.SZ,5.95,4.87,0.09981515711645102,True
2026-06-29,600408.SH,2.6,2.12,0.10169491525423727,True
2026-06-29,002123.SZ,7.96,6.52,0.09944751381215472,True
2026-06-29,600310.SH,4.36,3.56,0.10101010101010105,True
2026-06-29,002329.SZ,2.92,2.39,0.09981167608286248,True
2026-06-29,603382.SH,19.16,15.68,0.09988518943742825,True
2026-06-29,002835.SZ,12.51,10.23,0.10026385224274402,True
2026-07-16,603458.SH,9.02,7.38,0.09999999999999999,True
2026-07-21,002208.SZ,13.56,11.1,0.09975669099756694,True
2026-07-21,001400.SZ,73.72,60.32,0.09997015816174276,True
2026-07-21,603458.SH,7.57,6.19,0.10029069767441859,True
2026-07-22,603458.SH,7.7,6.3,0.10000000000000002,True
2026-07-22,605566.SH,25.12,20.56,0.09982486865148867,True
2026-08-24,600363.SH,20.03,16.39,0.099945085118067,True
2026-09-11,603823.SH,62.04,50.76,0.10000000000000002,True
2026-09-14,603823.SH,59.73,48.87,0.1,True
2026-09-14,603407.SH,56.79,46.47,0.09994189424753051,True
2026-09-14,603065.SH,14.91,12.2,0.09996311324234602,True
2026-09-14,002674.SZ,20.47,16.75,0.09994626544868347,True
2026-09-14,600363.SH,16.72,13.68,0.09999999999999998,True
2026-09-14,603211.SH,21.86,17.88,0.10015098137896329,True
2026-09-14,603324.SH,27.26,22.3,0.1000807102502018,True
2026-09-14,603078.SH,33.63,27.51,0.10009813542688913,True
2026-09-14,001270.SZ,105.91,86.65,0.10002077274615699,True
2026-09-14,605376.SH,148.36,121.38,0.10002224364202572,True
2026-09-14,605358.SH,44.66,36.54,0.09999999999999998,True
2026-09-14,601133.SH,25.11,20.55,0.09986859395532192,True
2026-09-15,603823.SH,60.36,49.38,0.10005467468562051,True
2026-09-15,603065.SH,14.96,12.24,0.10000000000000002,True
2026-09-15,605376.SH,151.36,123.84,0.10000000000000002,True
2026-09-15,600363.SH,16.71,13.67,0.10006583278472682,True
2026-09-15,603407.SH,57.66,47.18,0.09996184662342614,True
2026-09-15,002674.SZ,20.52,16.79,0.09997319753417315,True
2026-09-15,603211.SH,22.06,18.05,0.09997506856145595,True
2026-09-15,001270.SZ,107.7,88.12,0.09998978653865795,True
2026-09-15,601133.SH,25.15,20.57,0.100174978127734,True
2026-09-15,603078.SH,34.11,27.91,0.09996775233795549,True
2026-09-15,605358.SH,44.55,36.45,0.09999999999999994,True
2026-09-15,603324.SH,27.36,22.38,0.10012062726176117,True
2026-09-15,603061.SH,333.21,272.63,0.0999933975967252,True
2026-09-15,603929.SH,165.62,135.5,0.10002656748140278,True
2026-09-15,600584.SH,72.96,59.7,0.09995477159656257,True
2026-09-15,000021.SZ,37.15,30.39,0.10008883624518802,True
2026-09-15,603005.SH,31.67,25.91,0.1000347342827371,True
2026-09-15,600552.SH,18.9,15.46,0.10011641443538992,True
2026-09-15,002484.SZ,63.94,52.32,0.09994839153621192,True
2026-09-15,603690.SH,25.6,20.94,0.10012892135797162,True
2026-09-15,600206.SH,51.98,42.53,0.09998941910908896,True
2026-09-15,002742.SZ,4.65,3.81,0.099290780141844,True
2026-09-15,600703.SH,13.85,11.33,0.1000794281175536,True
2026-09-15,600460.SH,32.84,26.87,0.09998325238653495,True
2026-09-15,603738.SH,38.75,31.71,0.09991484530229916,True
2026-09-15,001229.SZ,40.7,33.3,0.10000000000000007,True
2026-09-15,001309.SZ,426.69,349.11,0.09999999999999999,True
2026-09-15,002409.SZ,141.37,115.67,0.09998443821973234,True
2026-09-15,002859.SZ,73.89,60.45,0.100044662795891,True
2026-09-15,603045.SH,53.77,43.99,0.10004091653027825,True
2026-09-15,605318.SH,81.51,66.69,0.10000000000000006,True
2026-09-15,603931.SH,36.26,29.66,0.10012135922330094,True
2026-09-15,003043.SZ,67.73,55.41,0.10004872502842299,True
2026-09-15,002156.SZ,62.46,51.1,0.10003522367030644,True
2026-09-15,002903.SZ,29.79,24.37,0.10007385524372228,True
2026-09-15,000551.SZ,13.4,10.96,0.10016420361247946,True
2026-09-15,603283.SH,48.52,39.7,0.09997732940376332,True
2026-09-15,002993.SZ,39.55,32.36,0.09998609372827143,True
2026-09-15,603435.SH,52.16,42.68,0.09995782370307883,True
2026-09-15,603629.SH,117.44,96.08,0.10003746721618584,True
2026-09-16,002674.SZ,20.27,16.59,0.09983722192078133,True
2026-09-16,603823.SH,59.49,48.67,0.10003698224852071,True
2026-09-16,603065.SH,15.09,12.35,0.09985422740524783,True
2026-09-16,603211.SH,21.82,17.86,0.09979838709677422,True
2026-09-16,600363.SH,16.43,13.45,0.09973226238286481,True
2026-09-16,002742.SZ,4.46,3.65,0.09987669543773121,True
2026-09-16,001270.SZ,108.2,88.52,0.10004066693777962,True
2026-09-16,603078.SH,34.54,28.26,0.09999999999999996,True
2026-09-16,003043.SZ,67.77,55.45,0.09998376886869009,True
2026-09-16,605376.SH,148.61,121.59,0.10000000000000002,True
2026-09-16,002896.SZ,65.91,53.93,0.09996662216288382,True
2026-09-16,600584.SH,73.55,60.17,0.10005982650314085,True
2026-09-16,603519.SH,15.93,13.03,0.10013812154696133,True
2026-09-16,601133.SH,25.41,20.79,0.10000000000000002,True
2026-09-16,603890.SH,18.39,15.05,0.09988038277511962,True
2026-09-16,002931.SZ,44.45,36.37,0.09997525365008669,True
2026-09-16,002437.SZ,3.69,3.02,0.0998509687034277,True
2026-09-16,603958.SH,17.45,14.27,0.10025220680958385,True
2026-09-16,002965.SZ,30.06,24.6,0.09989023051591653,True
2026-09-16,603629.SH,119.02,97.38,0.10000000000000002,True
2026-09-16,603407.SH,59.72,48.86,0.10001841959845276,True
2026-09-16,603516.SH,93.39,76.41,0.10000000000000002,True
2026-09-16,002855.SZ,13.46,11.02,0.09967320261437913,True
2026-09-16,002937.SZ,29.84,24.42,0.09988942130482856,True
2026-09-16,001229.SZ,39.8,32.56,0.1000552791597567,True
2026-09-16,002943.SZ,31.6,25.86,0.09989557953358862,True
2026-09-16,002156.SZ,63.04,51.58,0.09998255103821323,True
2026-09-16,002747.SZ,31.49,25.77,0.09989521480964023,True
2026-09-16,003021.SZ,73.56,60.18,0.10004486316733963,True
2026-09-16,001256.SZ,23.35,19.11,0.0998586905322657,True
2026-09-16,603690.SH,25.97,21.25,0.09995764506565012,True
2026-09-16,603435.SH,52.81,43.21,0.09997917100604041,True
2026-09-16,002816.SZ,24.22,19.82,0.09990917347865574,True
2026-09-17,002674.SZ,21.23,17.37,0.09999999999999998,True
2026-09-17,603823.SH,60.95,49.87,0.09998195271611628,True
2026-09-17,603065.SH,15.84,12.96,0.09999999999999996,True
2026-09-17,600363.SH,17.01,13.91,0.10025873221216046,True
2026-09-17,603211.SH,21.84,17.87,0.09997481742634094,True
2026-09-17,603958.SH,17.82,14.58,0.1,True
2026-09-17,603078.SH,36.05,29.49,0.10009154714678059,True
2026-09-17,001270.SZ,110.24,90.2,0.09998004390341246,True
2026-09-17,605376.SH,152.14,124.48,0.09999276986479641,True
2026-09-17,600584.SH,76.51,62.6,0.09999281144418089,True
2026-09-17,003043.SZ,69.91,57.2,0.09999213279836357,True
2026-09-17,601133.SH,26.22,21.46,0.09983221476510062,True
2026-09-17,603407.SH,63.67,52.09,0.10003455425017276,True
2026-09-17,002742.SZ,4.47,3.65,0.10098522167487683,True
2026-09-17,603519.SH,16.31,13.35,0.09979770734996626,True
2026-09-17,002437.SZ,3.73,3.05,0.10029498525073749,True
2026-09-17,603005.SH,33.17,27.14,0.09998341900182392,True
2026-09-17,603690.SH,26.66,21.82,0.09983498349834982,True
2026-09-17,603516.SH,94.55,77.36,0.09999418300273398,True
2026-09-17,603435.SH,53.65,43.89,0.10006151322534344,True
2026-09-17,002896.SZ,66.45,54.37,0.09998344644926342,True
2026-09-17,002156.SZ,65.13,53.29,0.0999831109609863,True
2026-09-17,002931.SZ,45.08,36.88,0.10004880429477787,True
2026-09-17,002855.SZ,13.6,11.12,0.10032362459546927,True
2026-09-17,002937.SZ,29.6,24.22,0.09996283909327393,True
2026-09-17,603890.SH,18.58,15.2,0.10005920663114265,True
2026-09-17,002943.SZ,32.68,26.74,0.09996634129922587,True
2026-09-17,603950.SH,60.56,49.55,0.0999909181727364,True
2026-09-17,603324.SH,29.13,23.83,0.10007552870090637,True
2026-09-17,002816.SZ,24.23,19.83,0.0998638220608262,True
2026-09-17,002965.SZ,30.64,25.07,0.09998204990127446,True
2026-09-17,000021.SZ,39.82,32.58,0.10000000000000002,True
2026-09-17,001229.SZ,40.22,32.9,0.10010940919037199,True
2026-09-17,603929.SH,175.99,143.99,0.1000062503906494,True
2026-09-17,002861.SZ,15.73,12.87,0.10000000000000003,True
2026-09-17,603370.SH,30.25,24.75,0.1,True
2026-09-17,002273.SZ,27.15,22.21,0.10008103727714744,True
2026-09-17,001258.SZ,12.24,10.02,0.09973045822102429,True
2026-09-17,002993.SZ,39.7,32.48,0.10002770850651158,True
2026-09-17,001256.SZ,23.66,19.36,0.09995350999535102,True
2026-09-18,002674.SZ,21.22,17.36,0.10005184033177811,True
2026-09-18,603823.SH,63.36,51.84,0.09999999999999996,True
2026-09-18,603958.SH,18.15,14.85,0.09999999999999996,True
2026-09-18,603065.SH,15.35,12.56,0.09996417054819058,True
