signal_date,scope,horizon,prediction_stocks,observed_labels,positive_utility_stocks,rank_ic,return_mae,risk_mae,top5_observed,top5_mean_forward_return,positive_utility_mean_forward_return
2025-12-31,all_boards,5,4999,4989,18,0.014504400735239788,0.05583304911851883,0.022734517231583595,5,0.00444899033755064,0.08323125541210175
2025-12-31,all_boards,10,4999,4975,18,0.0489588943860789,0.07987680286169052,0.03512803092598915,5,-0.10661113262176514,0.030514203011989594
2025-12-31,all_boards,20,4999,4963,18,0.11090130959757634,0.10225418210029602,0.04656511917710304,3,-0.0015795478830114007,0.04108549654483795
2025-12-31,buyable_mainboard,5,3082,3076,6,-0.0034370037974437643,0.046329397708177567,0.021767811849713326,5,0.016383852809667587,0.11577475816011429
2025-12-31,buyable_mainboard,10,3082,3067,6,0.026022640647044185,0.062486931681632996,0.03336077556014061,5,-0.05064401030540466,-0.005885473918169737
2025-12-31,buyable_mainboard,20,3082,3060,6,0.11141342041979543,0.09317319840192795,0.04462309181690216,4,-0.015542960725724697,0.03049982711672783
2026-01-05,all_boards,5,4995,4985,0,-0.18922364047008308,0.07045305520296097,0.025103481486439705,5,0.05377499386668205,
2026-01-05,all_boards,10,4995,4973,0,0.003340188560200577,0.0803636908531189,0.03801579400897026,5,-0.03980109095573425,
2026-01-05,all_boards,20,4995,4962,0,0.13206765464741635,0.08533439040184021,0.04750901088118553,4,-0.04115758836269379,
2026-01-05,buyable_mainboard,5,3080,3072,0,-0.14961008168922263,0.05749335512518883,0.023959064856171608,5,0.0663885772228241,
2026-01-05,buyable_mainboard,10,3080,3066,0,0.022061771168614082,0.06831932812929153,0.03540268540382385,5,-0.04044044017791748,
2026-01-05,buyable_mainboard,20,3080,3059,0,0.15343220458547327,0.07804162055253983,0.04536132887005806,4,-0.06382891535758972,
2026-01-06,all_boards,5,4995,4981,0,-0.0034991795468174844,0.05589567497372627,0.02365650050342083,5,-0.015135666355490685,
2026-01-06,all_boards,10,4995,4975,0,0.1725879692003089,0.07315607368946075,0.03648238629102707,5,-0.07312114536762238,
2026-01-06,all_boards,20,4995,4964,0,0.14153079986976688,0.09331756830215454,0.04642770439386368,4,-0.02477012202143669,
2026-01-06,buyable_mainboard,5,3080,3070,0,-0.015893528243664943,0.044740259647369385,0.021636933088302612,5,-0.009091375395655632,
2026-01-06,buyable_mainboard,10,3080,3067,0,0.16606814421004118,0.06460167467594147,0.033412910997867584,5,-0.05911950021982193,
2026-01-06,buyable_mainboard,20,3080,3060,0,0.15428680397671068,0.08397254347801208,0.043837714940309525,4,0.014787107706069946,
2026-01-07,all_boards,5,4996,4982,0,-0.004057406234352485,0.06170257180929184,0.028378386050462723,5,-0.024096665903925896,
2026-01-07,all_boards,10,4996,4975,0,0.08726140738216208,0.07900411635637283,0.04120774194598198,5,-0.11612536013126373,
2026-01-07,all_boards,20,4996,4965,0,0.1452934108647273,0.09310681372880936,0.049339231103658676,3,-0.024887561798095703,
2026-01-07,buyable_mainboard,5,3081,3072,0,-0.009238554666766093,0.04786276817321777,0.02605355717241764,5,-0.004839199595153332,
2026-01-07,buyable_mainboard,10,3081,3068,0,0.09082471979471943,0.07000385969877243,0.03782569617033005,5,-0.06330857425928116,
2026-01-07,buyable_mainboard,20,3081,3062,0,0.14606821285244156,0.08668237924575806,0.046954572200775146,4,-0.01358092576265335,
2026-01-08,all_boards,5,4997,4982,0,-0.027294346055924408,0.05197063833475113,0.027401147410273552,5,-0.005738827865570784,
2026-01-08,all_boards,10,4997,4977,0,0.07161419530371212,0.0800665095448494,0.04096493497490883,5,-0.024454226717352867,
2026-01-08,all_boards,20,4997,4966,0,0.18805894086927882,0.08480744063854218,0.0490126758813858,4,0.005993543658405542,
2026-01-08,buyable_mainboard,5,3080,3071,0,0.008397819587934875,0.043864525854587555,0.024978434666991234,5,-0.006875623948872089,
2026-01-08,buyable_mainboard,10,3080,3068,0,0.09325662957384366,0.07393655180931091,0.03741893172264099,5,-0.027428340166807175,
2026-01-08,buyable_mainboard,20,3080,3062,0,0.21277433576058793,0.07978533208370209,0.0467962808907032,4,-0.03676712512969971,
2026-01-09,all_boards,5,4997,4983,0,0.08521081246848208,0.04350711777806282,0.025577321648597717,5,-0.056646980345249176,
2026-01-09,all_boards,10,4997,4979,0,0.12611337139241818,0.0810045525431633,0.03928093984723091,5,-0.05499475449323654,
2026-01-09,all_boards,20,4997,4966,0,0.30008525212413034,0.08391273021697998,0.04780082777142525,4,0.03639596700668335,
2026-01-09,buyable_mainboard,5,3080,3071,0,0.07813851654607434,0.03755100816488266,0.023043962195515633,5,-0.004906833171844482,
2026-01-09,buyable_mainboard,10,3080,3069,0,0.14229895710533655,0.07563452422618866,0.036172062158584595,5,0.0012554541463032365,
2026-01-09,buyable_mainboard,20,3080,3062,0,0.2942000430758589,0.08031228929758072,0.04621805623173714,4,0.03410422056913376,
2026-01-12,all_boards,5,4994,4982,0,0.36146424696881024,0.04877221956849098,0.024288944900035858,5,0.004222819581627846,
2026-01-12,all_boards,10,4994,4977,0,0.308947647587255,0.07674028724431992,0.037578750401735306,5,0.038138922303915024,
2026-01-12,all_boards,20,4994,4965,0,0.325929452568584,0.09069107472896576,0.049165405333042145,5,0.02654406987130642,
2026-01-12,buyable_mainboard,5,3076,3070,0,0.32497277875191505,0.04565601795911789,0.022981418296694756,5,0.029089218005537987,
2026-01-12,buyable_mainboard,10,3076,3067,0,0.29741766141944487,0.07556798309087753,0.036116525530815125,5,0.06394074857234955,
2026-01-12,buyable_mainboard,20,3076,3060,0,0.31862528317266836,0.08746128529310226,0.04809531569480896,5,0.058940477669239044,
2026-01-13,all_boards,5,4991,4985,0,0.23562930565717474,0.04858732223510742,0.02536388300359249,5,-0.0078738983720541,
2026-01-13,all_boards,10,4991,4979,0,0.1885832020539522,0.0744224265217781,0.038085490465164185,5,-0.030018916353583336,
2026-01-13,all_boards,20,4991,4967,0,0.24319560165484347,0.08722496777772903,0.04809736832976341,4,0.030825290828943253,
2026-01-13,buyable_mainboard,5,3075,3072,0,0.18325251883329663,0.046248454600572586,0.023334644734859467,5,-0.0013336427509784698,
2026-01-13,buyable_mainboard,10,3075,3069,0,0.15792101264163083,0.06967298686504364,0.03597719967365265,5,0.0006888836505822837,
2026-01-13,buyable_mainboard,20,3075,3061,0,0.22979786450323883,0.08410458266735077,0.04705464467406273,4,0.09454692900180817,
2026-01-14,all_boards,5,4990,4983,0,0.29661934146599006,0.056959714740514755,0.030476784333586693,5,-0.020177114754915237,
2026-01-14,all_boards,10,4990,4978,0,0.22929628005365812,0.07851801067590714,0.04362725839018822,5,-0.03897912800312042,
2026-01-14,all_boards,20,4990,4967,0,0.29721033238563765,0.08930438756942749,0.05275864526629448,5,0.021609127521514893,
2026-01-14,buyable_mainboard,5,3075,3071,0,0.22213299915869916,0.053733911365270615,0.02854594960808754,5,-0.05903313681483269,
2026-01-14,buyable_mainboard,10,3075,3068,0,0.18745555725735574,0.0770348608493805,0.04185829684138298,5,-0.10445079952478409,
2026-01-14,buyable_mainboard,20,3075,3061,0,0.2695642502058716,0.08772175759077072,0.05227770656347275,4,0.011780165135860443,
2026-01-15,all_boards,5,4989,4984,0,0.13636285127916947,0.049018122255802155,0.02615451067686081,5,-0.08351673185825348,
2026-01-15,all_boards,10,4989,4978,0,0.17817846090470915,0.06779718399047852,0.037450604140758514,5,-0.19064775109291077,
2026-01-15,all_boards,20,4989,4968,0,0.1460945326690518,0.083286352455616,0.04672441631555557,4,-0.14694622159004211,
2026-01-15,buyable_mainboard,5,3075,3072,0,0.08841569248503964,0.04789304733276367,0.024477949365973473,5,-0.08043397217988968,
2026-01-15,buyable_mainboard,10,3075,3068,0,0.1412925146875507,0.06787360459566116,0.036415185779333115,5,-0.18379387259483337,
2026-01-15,buyable_mainboard,20,3075,3062,0,0.11699252250268578,0.08027888834476471,0.04651658236980438,4,-0.14300018548965454,
2026-01-16,all_boards,5,4988,4984,0,0.08981426372185619,0.05584172531962395,0.031221110373735428,5,0.027086209505796432,
2026-01-16,all_boards,10,4988,4976,0,0.23772974668982463,0.06664061546325684,0.040114521980285645,4,0.056480664759874344,
2026-01-16,all_boards,20,4988,4966,0,0.16939355116807925,0.07834424078464508,0.050576101988554,4,-0.005943067371845245,
2026-01-16,buyable_mainboard,5,3074,3072,0,0.07517285227395468,0.056093040853738785,0.030781438574194908,5,0.027086209505796432,
2026-01-16,buyable_mainboard,10,3074,3067,0,0.22062740820861498,0.06618017703294754,0.04002317786216736,4,0.056480664759874344,
2026-01-16,buyable_mainboard,20,3074,3060,0,0.1528255311874835,0.07478732615709305,0.05122186988592148,4,-0.005943067371845245,
2026-01-19,all_boards,5,4986,4981,0,0.07472498370646144,0.04507223516702652,0.026358872652053833,5,-0.042455460876226425,
2026-01-19,all_boards,10,4986,4975,0,0.1585264581917558,0.057744648307561874,0.0356200635433197,4,-0.0014931820333003998,
2026-01-19,all_boards,20,4986,4965,0,0.10888323463528495,0.07904579490423203,0.044519245624542236,4,-0.0470503494143486,
2026-01-19,buyable_mainboard,5,3073,3070,0,0.03846328922810261,0.0441342368721962,0.026534870266914368,5,-0.042455460876226425,
2026-01-19,buyable_mainboard,10,3073,3066,0,0.1512887590274648,0.05301918461918831,0.03518291562795639,4,-0.0014931820333003998,
2026-01-19,buyable_mainboard,20,3073,3059,0,0.0838445083427467,0.07566254585981369,0.04489579796791077,4,-0.0470503494143486,
2026-01-20,all_boards,5,4986,4980,0,-0.054411633857550726,0.046971987932920456,0.027804045006632805,5,-0.12198171764612198,
2026-01-20,all_boards,10,4986,4975,0,-0.07611490756602464,0.05823172256350517,0.036639269441366196,4,-0.1647624522447586,
2026-01-20,all_boards,20,4986,4963,0,0.011363919624840414,0.08340822905302048,0.04775182530283928,4,-0.10852617770433426,
2026-01-20,buyable_mainboard,5,3073,3070,0,-0.04352819283435108,0.04270562157034874,0.027018586173653603,5,-0.12229744344949722,
2026-01-20,buyable_mainboard,10,3073,3066,0,-0.08196427213877464,0.05344979465007782,0.03572385013103485,4,-0.17090792953968048,
2026-01-20,buyable_mainboard,20,3073,3057,0,-0.003479832695990661,0.08042028546333313,0.04735274985432625,4,-0.1307416707277298,
2026-01-21,all_boards,5,4985,4980,0,-0.04337985788355063,0.0463128462433815,0.02522614225745201,5,-0.10504315048456192,
2026-01-21,all_boards,10,4985,4975,0,0.07663960209182623,0.058948200196027756,0.033867303282022476,4,-0.1004558876156807,
2026-01-21,all_boards,20,4985,4962,0,0.0043341959456329494,0.08326444029808044,0.04310297220945358,4,-0.06963936984539032,
2026-01-21,buyable_mainboard,5,3072,3069,0,-0.06933611701647295,0.045224837958812714,0.02525200881063938,5,-0.12577100098133087,
2026-01-21,buyable_mainboard,10,3072,3066,0,0.05578786774341527,0.05601703003048897,0.03339289501309395,4,-0.14131909608840942,
2026-01-21,buyable_mainboard,20,3072,3056,0,-0.004432863266908893,0.07985103875398636,0.04366372525691986,4,-0.09580373018980026,
2026-01-22,all_boards,5,4990,4984,0,0.000993962067090097,0.04697675257921219,0.024071872234344482,5,-0.08751001209020615,
2026-01-22,all_boards,10,4990,4979,0,0.11676800313385459,0.05374612659215927,0.030358651652932167,4,-0.12920677661895752,
2026-01-22,all_boards,20,4990,4965,0,-0.008874805089924682,0.08353371918201447,0.03882249444723129,4,-0.09178252518177032,
2026-01-22,buyable_mainboard,5,3075,3071,0,0.002184383984102543,0.045024044811725616,0.02355991303920746,5,-0.08506646752357483,
2026-01-22,buyable_mainboard,10,3075,3069,0,0.1129599550230171,0.05060071498155594,0.029530124738812447,4,-0.12416855990886688,
2026-01-22,buyable_mainboard,20,3075,3057,0,-0.022343127036762726,0.07997415214776993,0.0387573167681694,4,-0.10325164347887039,
2026-01-23,all_boards,5,4990,4982,0,0.12809635585533,0.047278884798288345,0.030002852901816368,4,-0.0367785282433033,
2026-01-23,all_boards,10,4990,4977,0,0.2705776241680833,0.05375990644097328,0.03100265935063362,4,-0.10765282809734344,
2026-01-23,all_boards,20,4990,4963,0,0.08528658370273288,0.08533824980258942,0.037005554884672165,4,-0.0763772651553154,
2026-01-23,buyable_mainboard,5,3075,3070,0,0.12100167877866715,0.04381765425205231,0.027426827698946,4,-0.0367785282433033,
2026-01-23,buyable_mainboard,10,3075,3068,0,0.25321610715755527,0.05056776478886604,0.029856136068701744,4,-0.10765282809734344,
2026-01-23,buyable_mainboard,20,3075,3055,0,0.07289431352919716,0.08213191479444504,0.03696662187576294,4,-0.0763772651553154,
2026-01-26,all_boards,5,4990,4984,0,0.04401472018006612,0.04539535194635391,0.02484658919274807,4,-0.062404047697782516,
2026-01-26,all_boards,10,4990,4978,0,0.04704550366578109,0.054824791848659515,0.030439108610153198,4,-0.09978309273719788,
2026-01-26,all_boards,20,4990,4965,0,0.09267634570428772,0.0846327394247055,0.04247598722577095,4,-0.07741755992174149,
2026-01-26,buyable_mainboard,5,3073,3069,0,0.016994233823591748,0.04235582426190376,0.023439133539795876,4,-0.06030329689383507,
2026-01-26,buyable_mainboard,10,3073,3066,0,0.01855172145507187,0.0529862605035305,0.02985384315252304,4,-0.13195374608039856,
2026-01-26,buyable_mainboard,20,3073,3054,0,0.04043620938892907,0.08063150942325592,0.04130830615758896,4,-0.11978095024824142,
2026-01-27,all_boards,5,4990,4985,0,0.11312988220658124,0.037857819348573685,0.024193981662392616,4,-0.05484188720583916,
2026-01-27,all_boards,10,4990,4978,0,0.23971253048546548,0.05568624287843704,0.03306451067328453,4,-0.07180915772914886,
2026-01-27,all_boards,20,4990,4966,0,0.15688995949344328,0.08557543158531189,0.044359590858221054,4,-0.10761871188879013,
2026-01-27,buyable_mainboard,5,3073,3069,0,0.10762032005852867,0.035628918558359146,0.023319754749536514,4,-0.05484188720583916,
2026-01-27,buyable_mainboard,10,3073,3065,0,0.1947905151757496,0.054685018956661224,0.03352940455079079,4,-0.07180915772914886,
2026-01-27,buyable_mainboard,20,3073,3054,0,0.11527595579170233,0.08182605355978012,0.04369861260056496,4,-0.10761871188879013,
2026-01-28,all_boards,5,4992,4987,0,0.1998191495123412,0.042877789586782455,0.025262800976634026,4,-0.009256367571651936,
2026-01-28,all_boards,10,4992,4981,0,0.2664022640235767,0.05766851827502251,0.03718213737010956,4,0.004474027082324028,
2026-01-28,all_boards,20,4992,4969,0,0.0696100068273638,0.08249463886022568,0.04588579013943672,4,-0.03789949417114258,
2026-01-28,buyable_mainboard,5,3073,3070,0,0.19334845327250919,0.04196847975254059,0.025394640862941742,4,-0.009256367571651936,
2026-01-28,buyable_mainboard,10,3073,3066,0,0.24016798228595157,0.05681373551487923,0.03738248720765114,4,0.004474027082324028,
2026-01-28,buyable_mainboard,20,3073,3055,0,0.02912217119396714,0.07823935896158218,0.044709909707307816,4,-0.03789949417114258,
2026-01-29,all_boards,5,4996,4991,0,0.2297410444657374,0.03989715501666069,0.02486530691385269,4,-0.09074968099594116,
2026-01-29,all_boards,10,4996,4985,0,0.15966562685003854,0.059040606021881104,0.03923709690570831,4,-0.08133681118488312,
2026-01-29,all_boards,20,4996,4972,0,0.10243486896945062,0.08948414027690887,0.04799025133252144,4,-0.08153881132602692,
2026-01-29,buyable_mainboard,5,3075,3073,0,0.241418610863429,0.038983236998319626,0.024401668459177017,4,-0.09074968099594116,
2026-01-29,buyable_mainboard,10,3075,3068,0,0.1600917315980861,0.054652515798807144,0.03747846558690071,4,-0.08133681118488312,
2026-01-29,buyable_mainboard,20,3075,3056,0,0.06607980691945334,0.08580905944108963,0.04550508037209511,4,-0.08153881132602692,
2026-01-30,all_boards,5,4994,4989,0,0.19505296296897123,0.03651989996433258,0.025068432092666626,5,-0.05963518097996712,
2026-01-30,all_boards,10,4994,4983,0,0.08075577981117822,0.053642358630895615,0.04295424371957779,5,-0.047306161373853683,
2026-01-30,all_boards,20,4994,4972,0,5.248249350000108e-05,0.08772920072078705,0.05000373721122742,5,-0.09126313775777817,
2026-01-30,buyable_mainboard,5,3074,3072,0,0.14544895245883296,0.035189300775527954,0.02395777963101864,5,-0.05963518097996712,
2026-01-30,buyable_mainboard,10,3074,3066,0,0.06572379922858343,0.04888218641281128,0.04110861197113991,5,-0.047306161373853683,
2026-01-30,buyable_mainboard,20,3074,3056,0,-0.04296769049633667,0.08520150184631348,0.048958223313093185,5,-0.09126313775777817,
2026-02-02,all_boards,5,4995,4988,0,0.08255447317061838,0.04571574181318283,0.029149988666176796,5,-0.06643225997686386,
2026-02-02,all_boards,10,4995,4984,0,0.06876333422166553,0.0643254891037941,0.04862551763653755,5,-0.04079849272966385,
2026-02-02,all_boards,20,4995,4973,0,-0.01398052373383874,0.09284323453903198,0.051725827157497406,5,-0.11292348057031631,
2026-02-02,buyable_mainboard,5,3074,3070,0,0.054438107311383814,0.04444350302219391,0.02892029657959938,5,-0.06643225997686386,
2026-02-02,buyable_mainboard,10,3074,3066,0,0.016233751533215733,0.06196675822138786,0.047260042279958725,5,-0.04079849272966385,
2026-02-02,buyable_mainboard,20,3074,3056,0,-0.012404046092417695,0.08897294104099274,0.05220673978328705,5,-0.11292348057031631,
2026-02-03,all_boards,5,4997,4989,0,0.2219294290439664,0.04103455692529678,0.026796935126185417,5,-0.020465951412916183,
2026-02-03,all_boards,10,4997,4984,0,0.07800308380914352,0.06912509351968765,0.04617833346128464,5,0.0006258912617340684,
2026-02-03,all_boards,20,4997,4975,0,0.053613488106070695,0.09290531277656555,0.05025094375014305,5,-0.07470007240772247,
2026-02-03,buyable_mainboard,5,3076,3071,0,0.200283702941078,0.04049842432141304,0.027825988829135895,5,-0.020465951412916183,
2026-02-03,buyable_mainboard,10,3076,3066,0,0.034900948735186815,0.0673087015748024,0.045441631227731705,5,0.0006258912617340684,
2026-02-03,buyable_mainboard,20,3076,3058,0,0.045957805416092026,0.09045048803091049,0.050997018814086914,5,-0.07470007240772247,
2026-02-04,all_boards,5,4998,4991,0,0.08747256496784417,0.04252708703279495,0.03118356317281723,5,-0.01571195386350155,
2026-02-04,all_boards,10,4998,4982,0,-0.0867446389449023,0.07885173708200455,0.0552535280585289,5,0.020121579989790916,
2026-02-04,all_boards,20,4998,4976,0,0.004627202228907266,0.09197299182415009,0.057390034198760986,5,-0.07293441891670227,
2026-02-04,buyable_mainboard,5,3077,3072,0,0.05656370689096854,0.03974916413426399,0.029269777238368988,5,-0.01571195386350155,
2026-02-04,buyable_mainboard,10,3077,3065,0,-0.11130310530158603,0.0715283676981926,0.050587959587574005,5,0.020121579989790916,
2026-02-04,buyable_mainboard,20,3077,3059,0,-0.006853858131013381,0.09007035195827484,0.05561834201216698,5,-0.07293441891670227,
2026-02-05,all_boards,5,4997,4991,0,-0.204157023373712,0.05708663538098335,0.04375376179814339,5,0.030862394720315933,
2026-02-05,all_boards,10,4997,4980,0,-0.18600249667098667,0.1008981466293335,0.07382127642631531,5,0.06491295993328094,
2026-02-05,all_boards,20,4997,4976,0,0.05305996991946581,0.09516046941280365,0.07473065704107285,5,-0.1290987879037857,
2026-02-05,buyable_mainboard,5,3077,3072,0,-0.2228422532277823,0.051870930939912796,0.04057755693793297,5,0.030862394720315933,
2026-02-05,buyable_mainboard,10,3077,3063,0,-0.21357169756108124,0.09401272982358932,0.06795928627252579,5,0.06491295993328094,
2026-02-05,buyable_mainboard,20,3077,3059,0,0.03336336496840665,0.09428522735834122,0.0725301057100296,5,-0.1290987879037857,
2026-02-06,all_boards,5,4996,4990,0,-0.010738441126730095,0.03878607600927353,0.039304379373788834,5,0.017245374619960785,
2026-02-06,all_boards,10,4996,4979,0,-0.1539358693353365,0.07998800277709961,0.06584616005420685,5,0.03045853041112423,
2026-02-06,all_boards,20,4996,4975,0,0.07107888659140423,0.08501368016004562,0.06987863779067993,5,-0.1106577068567276,
2026-02-06,buyable_mainboard,5,3077,3071,0,-0.0010986051101406923,0.03368959575891495,0.03570512682199478,5,0.017245374619960785,
2026-02-06,buyable_mainboard,10,3077,3062,0,-0.18076207576762546,0.07760793715715408,0.060898613184690475,5,0.03045853041112423,
2026-02-06,buyable_mainboard,20,3077,3059,0,0.07666002466589647,0.08228542655706406,0.06828316301107407,5,-0.1106577068567276,
2026-02-09,all_boards,5,4996,4992,0,0.029275784644001816,0.04560980200767517,0.03099888190627098,5,0.07722695171833038,
2026-02-09,all_boards,10,4996,4981,0,-0.03135357429944689,0.06923289597034454,0.04885502904653549,5,0.017975343391299248,
2026-02-09,all_boards,20,4996,4975,0,0.12423217542696402,0.07842880487442017,0.06166858598589897,5,-0.04713280126452446,
2026-02-09,buyable_mainboard,5,3077,3073,0,-0.033302929637593674,0.043052904307842255,0.028695615008473396,5,0.044080376625061035,
2026-02-09,buyable_mainboard,10,3077,3064,0,-0.075252266997636,0.06941966712474823,0.047272659838199615,5,0.007851652801036835,
2026-02-09,buyable_mainboard,20,3077,3062,0,0.10346628322605499,0.07684513926506042,0.061195652931928635,5,-0.13138240575790405,
2026-02-10,all_boards,5,4997,4991,0,-0.10995667526818599,0.05787461996078491,0.03699333965778351,5,0.0739874541759491,
2026-02-10,all_boards,10,4997,4983,0,-0.11336515996117437,0.07309350371360779,0.05468853935599327,5,-0.013689774088561535,
2026-02-10,all_boards,20,4997,4977,0,0.07557400782230837,0.0812804326415062,0.07067807763814926,5,-0.06421731412410736,
2026-02-10,buyable_mainboard,5,3078,3073,0,-0.1703962592039051,0.05528933182358742,0.03469185158610344,5,0.07195079326629639,
2026-02-10,buyable_mainboard,10,3078,3066,0,-0.14531456038784824,0.07224232703447342,0.05321238934993744,5,-0.011945473030209541,
2026-02-10,buyable_mainboard,20,3078,3064,0,0.07955263690849397,0.07842966914176941,0.06974504142999649,5,-0.13637420535087585,
2026-02-11,all_boards,5,4998,4989,0,-0.16478309075964886,0.06175191327929497,0.03884317725896835,5,0.05142166465520859,
2026-02-11,all_boards,10,4998,4984,0,-0.11366609934649129,0.06963996589183807,0.054269302636384964,5,-0.05084579065442085,
2026-02-11,all_boards,20,4998,4977,0,0.13280161065625998,0.07781900465488434,0.07010646164417267,5,-0.11254777014255524,
2026-02-11,buyable_mainboard,5,3078,3071,0,-0.1782625625602326,0.05563729256391525,0.03556586056947708,5,0.05031781271100044,
2026-02-11,buyable_mainboard,10,3078,3066,0,-0.13146405017975488,0.06668118387460709,0.05192083120346069,5,-0.04773588106036186,
2026-02-11,buyable_mainboard,20,3078,3063,0,0.16692747071989375,0.07504080981016159,0.06834366917610168,5,-0.11577069759368896,
2026-02-12,all_boards,5,4999,4988,0,-0.1357652989160589,0.07257992774248123,0.04735015705227852,5,0.027148569002747536,
2026-02-12,all_boards,10,4999,4985,0,-0.03564101421965415,0.07675690203905106,0.059476640075445175,5,-0.06936927884817123,
2026-02-12,all_boards,20,4999,4977,0,0.16347260912160064,0.08210436254739761,0.07319798320531845,5,-0.17294184863567352,
2026-02-12,buyable_mainboard,5,3079,3070,0,-0.1682825060840077,0.06987781077623367,0.04649399593472481,5,0.03227918595075607,
2026-02-12,buyable_mainboard,10,3079,3067,0,-0.06218575627741938,0.07701605558395386,0.06002822518348694,5,-0.033542733639478683,
2026-02-12,buyable_mainboard,20,3079,3063,0,0.19093971278631608,0.07793198525905609,0.0742940753698349,5,-0.16878826916217804,
2026-02-13,all_boards,5,4999,4988,0,-0.15173173465367587,0.06383077800273895,0.04676583409309387,5,0.002177976071834564,
2026-02-13,all_boards,10,4999,4987,0,-0.019577993990590126,0.07510285079479218,0.06501860916614532,5,-0.08002486079931259,
2026-02-13,all_boards,20,4999,4977,0,0.16497790664020145,0.10742948204278946,0.06656994670629501,5,-0.18170318007469177,
2026-02-13,buyable_mainboard,5,3079,3070,0,-0.17944929545196317,0.0647207573056221,0.048192963004112244,5,0.022176485508680344,
2026-02-13,buyable_mainboard,10,3079,3069,0,-0.05140506375435982,0.07629027962684631,0.06854663044214249,5,-0.05642635375261307,
2026-02-13,buyable_mainboard,20,3079,3063,0,0.1755295953289114,0.10105112195014954,0.0662972554564476,5,-0.13990677893161774,
2026-02-24,all_boards,5,4999,4988,0,0.09654416604144643,0.049890853464603424,0.038336895406246185,5,-0.045393869280815125,
2026-02-24,all_boards,10,4999,4986,0,0.01267756404014212,0.07564332336187363,0.061542313545942307,5,0.0038137375377118587,
2026-02-24,all_boards,20,4999,4975,0,0.1517572672914761,0.09140169620513916,0.061837371438741684,5,-0.04447898641228676,
2026-02-24,buyable_mainboard,5,3079,3070,0,0.09593780954745261,0.04936549440026283,0.038737036287784576,5,-0.036658722907304764,
2026-02-24,buyable_mainboard,10,3079,3068,0,0.026469825207967153,0.07182053476572037,0.0627794936299324,5,-0.028341537341475487,
2026-02-24,buyable_mainboard,20,3079,3063,0,0.19016568103783302,0.0868477076292038,0.06124982610344887,5,-0.06491129845380783,
2026-02-25,all_boards,5,4999,4991,0,0.08697619830198275,0.050067238509655,0.03501021862030029,5,-0.04818401485681534,
2026-02-25,all_boards,10,4999,4989,0,0.07291403879310362,0.06982526183128357,0.05391862615942955,5,-0.012024137191474438,
2026-02-25,all_boards,20,4999,4978,0,0.18371978412458348,0.0881938710808754,0.05752444639801979,5,-0.033984825015068054,
2026-02-25,buyable_mainboard,5,3080,3073,0,0.09448878863498766,0.04794501140713692,0.03368821367621422,5,-0.05023350566625595,
2026-02-25,buyable_mainboard,10,3080,3071,0,0.09926319754250383,0.06725714355707169,0.05470896512269974,5,-0.028264036402106285,
2026-02-25,buyable_mainboard,20,3080,3066,0,0.22163235325982658,0.08472471684217453,0.056942205876111984,5,-0.07040975987911224,
2026-02-26,all_boards,5,5000,4995,0,0.06553541900226983,0.04259280487895012,0.03320840001106262,5,-0.03715909644961357,
2026-02-26,all_boards,10,5000,4993,0,0.09711994523162924,0.06868809461593628,0.057955674827098846,5,-0.010043413378298283,
2026-02-26,all_boards,20,5000,4980,0,0.2093384760689911,0.09350112825632095,0.05779387056827545,5,-0.060716770589351654,
2026-02-26,buyable_mainboard,5,3079,3074,0,0.052251042908996306,0.04080050438642502,0.03305010125041008,5,-0.01605505868792534,
2026-02-26,buyable_mainboard,10,3079,3072,0,0.11772063139616833,0.06893638521432877,0.06087535619735718,5,-0.01675783470273018,
2026-02-26,buyable_mainboard,20,3079,3065,0,0.22161425510171057,0.08789816498756409,0.05824738368391991,5,-0.04587847739458084,
2026-02-27,all_boards,5,5000,4997,0,0.17601729811167627,0.04163935035467148,0.028893880546092987,5,-0.023070380091667175,
2026-02-27,all_boards,10,5000,4995,0,0.18475902802876756,0.06300061196088791,0.05538485199213028,5,-0.04362385347485542,
2026-02-27,all_boards,20,5000,4980,0,0.234404140220079,0.08416377007961273,0.05629431828856468,5,-0.06999935209751129,
2026-02-27,buyable_mainboard,5,3079,3076,0,0.1396589395249394,0.04132792353630066,0.028719794005155563,5,-0.02454671822488308,
2026-02-27,buyable_mainboard,10,3079,3074,0,0.1682959677126038,0.06306179612874985,0.05692271888256073,5,-0.048142679035663605,
2026-02-27,buyable_mainboard,20,3079,3065,0,0.22809023198031564,0.07921058684587479,0.056630779057741165,5,-0.07380729168653488,
2026-03-02,all_boards,5,4999,4998,0,0.19412376311654164,0.04198385030031204,0.026578374207019806,5,-0.11130324751138687,
2026-03-02,all_boards,10,4999,4994,0,0.27061307994712835,0.06287764757871628,0.05976070091128349,5,-0.07439571619033813,
2026-03-02,all_boards,20,4999,4976,0,0.24781995788770722,0.08150289952754974,0.052377112209796906,4,-0.15667544305324554,
2026-03-02,buyable_mainboard,5,3077,3076,0,0.16422532272933132,0.039953991770744324,0.027088526636362076,5,-0.11130324751138687,
2026-03-02,buyable_mainboard,10,3077,3073,0,0.25959277319601365,0.06155291199684143,0.060140177607536316,5,-0.07439571619033813,
2026-03-02,buyable_mainboard,20,3077,3062,0,0.24313636448436574,0.07668016850948334,0.05290382727980614,4,-0.15667544305324554,
2026-03-03,all_boards,5,5000,4998,0,0.0677810255775685,0.07152695208787918,0.043983638286590576,5,-0.06587202847003937,
2026-03-03,all_boards,10,5000,4993,0,0.23829595022302025,0.06190197169780731,0.0701342448592186,5,-0.03708909824490547,
2026-03-03,all_boards,20,5000,4976,0,0.20094769640634058,0.07886465638875961,0.04931170865893364,4,-0.13648709654808044,
2026-03-03,buyable_mainboard,5,3078,3076,0,0.08734172868583359,0.06383830308914185,0.04309903457760811,5,-0.06530864536762238,
2026-03-03,buyable_mainboard,10,3078,3075,0,0.23354934283326753,0.06132708117365837,0.06839356571435928,5,-0.05425082892179489,
2026-03-03,buyable_mainboard,20,3078,3062,0,0.2270925848477206,0.07539377361536026,0.049537934362888336,4,-0.21068495512008667,
2026-03-04,all_boards,5,5004,5002,2,0.1286083546697031,0.046705462038517,0.03363491967320442,5,-0.020422860980033875,-0.051776181906461716
2026-03-04,all_boards,10,5004,4997,2,0.32034810918338846,0.0538644976913929,0.048270344734191895,5,-0.032518722116947174,-0.18203482031822205
2026-03-04,all_boards,20,5004,4979,2,0.24048347301438458,0.08378852903842926,0.04802246391773224,4,-0.18076948821544647,-0.3281647264957428
2026-03-04,buyable_mainboard,5,3080,3078,2,0.11710992589459922,0.04359990358352661,0.0341590940952301,5,-0.020422860980033875,-0.051776181906461716
2026-03-04,buyable_mainboard,10,3080,3077,2,0.30593020142623273,0.05172768980264664,0.04911544919013977,5,-0.032518722116947174,-0.18203482031822205
2026-03-04,buyable_mainboard,20,3080,3063,2,0.22764092743533532,0.07844087481498718,0.047436442226171494,4,-0.18076948821544647,-0.3281647264957428
2026-03-05,all_boards,5,5006,5004,0,0.05168450252517342,0.047603920102119446,0.03557626157999039,5,0.02010587602853775,
2026-03-05,all_boards,10,5006,4998,0,0.2693935791918944,0.05353948846459389,0.046372320502996445,5,0.010535497218370438,
2026-03-05,all_boards,20,5006,4979,0,0.21683139830783615,0.08853162825107574,0.047645967453718185,4,-0.16658499836921692,
2026-03-05,buyable_mainboard,5,3081,3079,0,0.020885294955933328,0.04582655802369118,0.03575405478477478,5,0.016751548275351524,
2026-03-05,buyable_mainboard,10,3081,3077,0,0.2643214034352262,0.05205686390399933,0.04619758203625679,5,0.022319158539175987,
2026-03-05,buyable_mainboard,20,3081,3062,0,0.1962232916893595,0.08209596574306488,0.04686983674764633,4,-0.13725987076759338,
2026-03-06,all_boards,5,5007,5005,0,0.047590643045545236,0.03864210471510887,0.029915805906057358,5,0.025602281093597412,
2026-03-06,all_boards,10,5007,4998,0,0.15793183320665335,0.06141246110200882,0.03711814433336258,4,-0.04616079479455948,
2026-03-06,all_boards,20,5007,4979,0,0.15400578099599868,0.101798415184021,0.04994883015751839,4,-0.2055945247411728,
2026-03-06,buyable_mainboard,5,3082,3080,0,0.051948531735642796,0.03725346177816391,0.029080143198370934,5,0.025602281093597412,
2026-03-06,buyable_mainboard,10,3082,3077,0,0.20866064019278838,0.05964186042547226,0.03636772558093071,4,-0.04616079479455948,
2026-03-06,buyable_mainboard,20,3082,3062,0,0.18031860388979645,0.09629075229167938,0.04827796295285225,4,-0.2055945247411728,
2026-03-09,all_boards,5,5008,5004,0,0.09529258979037511,0.03820725902915001,0.030855856835842133,5,0.046765848994255066,
2026-03-09,all_boards,10,5008,4998,0,0.10173941105469597,0.10356701165437698,0.06233832612633705,4,-0.027154557406902313,
2026-03-09,all_boards,20,5008,4976,0,0.11201725242554705,0.10241380333900452,0.055995769798755646,3,-0.1546449512243271,
2026-03-09,buyable_mainboard,5,3083,3080,0,0.07240559710798497,0.03758632019162178,0.031064463779330254,5,0.046765848994255066,
2026-03-09,buyable_mainboard,10,3083,3077,0,0.08465425080078762,0.09810714423656464,0.05961224436759949,4,-0.027154557406902313,
2026-03-09,buyable_mainboard,20,3083,3061,0,0.0800903244337723,0.0955812931060791,0.05366498604416847,3,-0.1546449512243271,
2026-03-10,all_boards,5,5008,5003,0,0.35498664317871637,0.04403452202677727,0.026130378246307373,5,0.017626475542783737,
2026-03-10,all_boards,10,5008,4997,0,0.2508655527092662,0.08297835290431976,0.06909235566854477,4,-0.04144689440727234,
2026-03-10,all_boards,20,5008,4977,0,0.17823353893894484,0.07498634606599808,0.05948194861412048,3,-0.1462787240743637,
2026-03-10,buyable_mainboard,5,3082,3081,0,0.304411511137948,0.04088819399476051,0.025746650993824005,5,0.017626475542783737,
2026-03-10,buyable_mainboard,10,3082,3077,0,0.23832675542447987,0.07750743627548218,0.06533558666706085,4,-0.04144689440727234,
2026-03-10,buyable_mainboard,20,3082,3062,0,0.18293261673927116,0.07070574909448624,0.05630536377429962,3,-0.1462787240743637,
2026-03-11,all_boards,5,5012,5007,0,0.22790054077929356,0.0343506745994091,0.02343813143670559,5,-0.042494870722293854,
2026-03-11,all_boards,10,5012,5001,0,0.1582797956029355,0.0691397488117218,0.0682290568947792,5,-0.07264543324708939,
2026-03-11,all_boards,20,5012,4981,0,0.12034481255296432,0.08307407796382904,0.059217654168605804,5,-0.11836749315261841,
2026-03-11,buyable_mainboard,5,3085,3084,0,0.21545661424367366,0.03299684450030327,0.023059817031025887,5,-0.06092822551727295,
2026-03-11,buyable_mainboard,10,3085,3080,0,0.15182016292234982,0.06445004045963287,0.06455517560243607,5,-0.08283866941928864,
2026-03-11,buyable_mainboard,20,3085,3065,0,0.1380678659870172,0.07799462229013443,0.05579683184623718,5,-0.1472087800502777,
2026-03-12,all_boards,5,5014,5008,0,0.20467269858759513,0.04288754612207413,0.023958712816238403,5,-0.049047891050577164,
2026-03-12,all_boards,10,5014,5001,0,0.11705371732736672,0.0745522752404213,0.061478450894355774,5,-0.03536662831902504,
2026-03-12,all_boards,20,5014,4983,0,0.144026786608609,0.07679615169763565,0.05377352982759476,4,-0.14866842329502106,
2026-03-12,buyable_mainboard,5,3086,3084,0,0.1869960468954081,0.04212845861911774,0.024103578180074692,5,-0.049047891050577164,
2026-03-12,buyable_mainboard,10,3086,3079,0,0.1229872183376911,0.06925683468580246,0.05879516154527664,5,-0.03536662831902504,
2026-03-12,buyable_mainboard,20,3086,3066,0,0.18630464434970997,0.07268346101045609,0.05140392854809761,4,-0.14866842329502106,
2026-03-13,all_boards,5,5016,5009,1,0.08862819836992214,0.05970773100852966,0.03092912584543228,5,0.011065589264035225,-0.1034482792019844
2026-03-13,all_boards,10,5016,5001,1,0.06296687923615747,0.06593311578035355,0.061094146221876144,5,-0.014365200884640217,-0.13793103396892548
2026-03-13,all_boards,20,5016,4983,1,0.07732910711119638,0.07992120832204819,0.05335578694939613,4,-0.15024490654468536,
2026-03-13,buyable_mainboard,5,3088,3085,1,0.09747419625602075,0.05800124257802963,0.03059305064380169,5,0.011065589264035225,-0.1034482792019844
2026-03-13,buyable_mainboard,10,3088,3079,1,0.09119149843608655,0.06198475882411003,0.0585751049220562,5,-0.014365200884640217,-0.13793103396892548
2026-03-13,buyable_mainboard,20,3088,3066,1,0.10207068080713587,0.07516217976808548,0.0511653758585453,4,-0.15024490654468536,
2026-03-16,all_boards,5,5014,5008,0,-0.09551160721125451,0.10345353931188583,0.07636740058660507,5,-0.04101460427045822,
2026-03-16,all_boards,10,5014,4996,0,0.034796979422911246,0.06401613354682922,0.06334179639816284,5,-0.08790768682956696,
2026-03-16,all_boards,20,5014,4982,0,-0.029027317536399654,0.07755392789840698,0.05419294536113739,3,-0.2653454840183258,
2026-03-16,buyable_mainboard,5,3087,3084,0,-0.1073387372683202,0.09835069626569748,0.07246939092874527,5,-0.04101460427045822,
2026-03-16,buyable_mainboard,10,3087,3076,0,0.0307686475429687,0.058831341564655304,0.05995922163128853,5,-0.08790768682956696,
2026-03-16,buyable_mainboard,20,3087,3065,0,-0.0028548108014822774,0.07292766869068146,0.051303789019584656,3,-0.2653454840183258,
2026-03-17,all_boards,5,5011,5005,6,-0.08789999009432936,0.07152049988508224,0.06679665297269821,5,0.032434314489364624,0.015652230009436607
2026-03-17,all_boards,10,5011,4994,6,0.058168240605523565,0.06685858964920044,0.054452311247587204,5,-0.12311580032110214,-0.11821690201759338
2026-03-17,all_boards,20,5011,4980,6,0.02628674759918279,0.08172091096639633,0.04745578393340111,3,-0.40202316641807556,-0.3159293830394745
2026-03-17,buyable_mainboard,5,3087,3083,4,-0.08372184063965275,0.0691772997379303,0.06530895084142685,5,0.03471842408180237,0.0579397976398468
2026-03-17,buyable_mainboard,10,3087,3074,4,0.09259988603501106,0.06212395057082176,0.05272182077169418,5,-0.08937200158834457,-0.09590506553649902
2026-03-17,buyable_mainboard,20,3087,3065,4,0.03783787463919775,0.07715926319360733,0.045919883996248245,3,-0.2508273720741272,-0.35561203956604004
2026-03-18,all_boards,5,5012,5006,2,-0.14484396102791836,0.05516457557678223,0.06366852670907974,5,0.05584064871072769,0.049336813390254974
2026-03-18,all_boards,10,5012,4994,2,0.05478937648482856,0.055304110050201416,0.050708990544080734,5,-0.12560267746448517,-0.06462349742650986
2026-03-18,all_boards,20,5012,4981,2,-0.049798718141895126,0.07851740717887878,0.0439903661608696,3,-0.3467373847961426,-0.3175744414329529
2026-03-18,buyable_mainboard,5,3087,3083,2,-0.1283761067395778,0.0519903190433979,0.06039455533027649,5,0.08805926144123077,0.049336813390254974
2026-03-18,buyable_mainboard,10,3087,3073,2,0.05744360136860072,0.0510471872985363,0.047621067613363266,5,-0.056825995445251465,-0.06462349742650986
2026-03-18,buyable_mainboard,20,3087,3065,2,-0.025584357943207594,0.0731019452214241,0.041496578603982925,3,-0.25864771008491516,-0.3175744414329529
2026-03-19,all_boards,5,5015,5008,68,-0.14722538611795727,0.06560978293418884,0.05602359399199486,5,0.03785016015172005,-0.03936072438955307
2026-03-19,all_boards,10,5015,4996,68,0.057343630911897224,0.06679566949605942,0.047082073986530304,5,-0.101040318608284,-0.04021472483873367
2026-03-19,all_boards,20,5015,4982,68,0.08800088024006919,0.08219422399997711,0.04034273698925972,3,-0.21193651854991913,0.0054353028535842896
2026-03-19,buyable_mainboard,5,3088,3083,30,-0.14738391827892028,0.05893320590257645,0.051230739802122116,5,0.048092830926179886,-0.011715411208570004
2026-03-19,buyable_mainboard,10,3088,3073,30,0.04855381844176856,0.059639040380716324,0.04252570867538452,5,-0.08577065169811249,-0.03538312762975693
2026-03-19,buyable_mainboard,20,3088,3065,30,0.09941177342641727,0.07655805349349976,0.03714240342378616,3,-0.22647611796855927,-0.02954043447971344
2026-03-20,all_boards,5,5018,5010,969,-0.008590998674846223,0.03982190042734146,0.024302806705236435,5,0.03638574853539467,0.01756122335791588
2026-03-20,all_boards,10,5018,4999,969,0.033742602495242795,0.06318975239992142,0.02559349127113819,5,-0.1389322578907013,-0.012747484259307384
2026-03-20,all_boards,20,5018,4979,969,0.16616733991133237,0.08935348689556122,0.02576887421309948,3,0.11173457652330399,0.0736938938498497
2026-03-20,buyable_mainboard,5,3089,3083,386,0.05390831087859103,0.0379655659198761,0.022708294913172722,5,0.017661431804299355,0.02519335225224495
2026-03-20,buyable_mainboard,10,3089,3074,386,0.057016835766825875,0.057505492120981216,0.02426844835281372,5,-0.1344323456287384,-0.015576228499412537
2026-03-20,buyable_mainboard,20,3089,3064,386,0.20795185107947597,0.081508569419384,0.02618950605392456,3,-0.05425499007105827,0.052361417561769485
2026-03-23,all_boards,5,5019,5007,4174,0.11727751747671056,0.04175497591495514,0.016402771696448326,5,0.07204582542181015,0.042034320533275604
2026-03-23,all_boards,10,5019,4997,4174,0.11036299171301499,0.06024985387921333,0.026715846732258797,5,-0.012093720026314259,0.023407118394970894
2026-03-23,all_boards,20,5019,4978,4174,0.24912878034528319,0.08935954421758652,0.03397874906659126,5,0.08834604173898697,0.09499118477106094
2026-03-23,buyable_mainboard,5,3089,3081,2434,0.19431331252031633,0.03954274207353592,0.016154516488313675,5,0.05112239718437195,0.04628375545144081
2026-03-23,buyable_mainboard,10,3089,3073,2434,0.16715066587376504,0.055908042937517166,0.026516156271100044,5,-0.01444243174046278,0.025308437645435333
2026-03-23,buyable_mainboard,20,3089,3063,2434,0.2661435922856954,0.08136133849620819,0.034793462604284286,5,0.07776614278554916,0.08218192309141159
2026-03-24,all_boards,5,5018,5007,2444,0.09727007904304803,0.04686529561877251,0.020191628485918045,5,-0.08700653165578842,0.008477672003209591
2026-03-24,all_boards,10,5018,4998,2444,0.18787880068251805,0.05357974395155907,0.029320508241653442,5,-0.169376939535141,0.04458583518862724
2026-03-24,all_boards,20,5018,4976,2444,0.16228308641952188,0.0936288833618164,0.03330840542912483,4,-0.08291928470134735,0.07503647357225418
2026-03-24,buyable_mainboard,5,3089,3080,1243,0.16654872464542234,0.042330704629421234,0.01965733803808689,5,-0.04376116767525673,0.015670189633965492
2026-03-24,buyable_mainboard,10,3089,3074,1243,0.21328040705913195,0.050581395626068115,0.028948578983545303,5,-0.0809929370880127,0.0394793339073658
2026-03-24,buyable_mainboard,20,3089,3060,1243,0.17051214542879764,0.08327409625053406,0.03422609344124794,5,-0.030188700184226036,0.05849890783429146
2026-03-25,all_boards,5,5018,5006,111,0.16577053449363913,0.039276935160160065,0.01998014934360981,5,-0.033506907522678375,0.009070340543985367
2026-03-25,all_boards,10,5018,4998,111,0.08785576031755497,0.05594068765640259,0.029539281502366066,5,-0.08958876132965088,0.00028857056167908013
2026-03-25,all_boards,20,5018,4972,111,0.10637158325530484,0.08965577185153961,0.03195177763700485,5,-0.07644796371459961,0.05305839329957962
2026-03-25,buyable_mainboard,5,3089,3079,22,0.18371238583213637,0.03702084720134735,0.019065571948885918,5,-0.08999300003051758,-0.0047266436740756035
2026-03-25,buyable_mainboard,10,3089,3074,22,0.1022281494507111,0.053530819714069366,0.02952636405825615,4,-0.19569844007492065,-0.021263159811496735
2026-03-25,buyable_mainboard,20,3089,3057,22,0.1114909427524839,0.08157368749380112,0.03316035121679306,3,-0.1878240555524826,0.05709557607769966
2026-03-26,all_boards,5,5017,5005,834,0.14201745960103826,0.042278412729501724,0.025179045274853706,5,-0.020589156076312065,0.021731769666075706
2026-03-26,all_boards,10,5017,4999,834,0.2110126773997067,0.065371572971344,0.03218460455536842,5,-0.07275720685720444,0.057137537747621536
2026-03-26,all_boards,20,5017,4968,834,0.1828568689571754,0.09563072770833969,0.04054943472146988,5,-0.047784361988306046,0.08199413120746613
2026-03-26,buyable_mainboard,5,3088,3078,252,0.165058185953881,0.04001177102327347,0.02533428929746151,5,-0.009967146441340446,0.0183113943785429
2026-03-26,buyable_mainboard,10,3088,3075,252,0.22579211005177727,0.06004217267036438,0.032511789351701736,5,-0.10139237344264984,0.041999656707048416
2026-03-26,buyable_mainboard,20,3088,3053,252,0.189403434502169,0.08593112230300903,0.040579069405794144,5,-0.05262342095375061,0.05595812946557999
2026-03-27,all_boards,5,5015,5004,73,0.0487619554815969,0.05384841188788414,0.027088556438684464,5,-0.14884310960769653,-0.03615275397896767
2026-03-27,all_boards,10,5015,4997,73,0.17357728365657826,0.05854913219809532,0.030308755114674568,4,-0.26762500405311584,0.020346177741885185
2026-03-27,all_boards,20,5015,4960,73,0.18818256471578662,0.09776810556650162,0.037979427725076675,3,-0.14862209558486938,0.08514862507581711
2026-03-27,buyable_mainboard,5,3086,3077,20,0.08012871729793465,0.051970671862363815,0.028086531907320023,5,-0.10862301290035248,-0.03856990486383438
2026-03-27,buyable_mainboard,10,3086,3073,20,0.20033545523267765,0.05392464995384216,0.031101692467927933,4,-0.04088602587580681,0.0006401468417607248
2026-03-27,buyable_mainboard,20,3086,3046,20,0.18510220861597018,0.08552610129117966,0.038600753992795944,4,0.039224013686180115,0.08239367604255676
2026-03-30,all_boards,5,5010,5000,10,-0.0720911844763806,0.042388226836919785,0.02871599793434143,4,-0.23689702153205872,-0.13501830399036407
2026-03-30,all_boards,10,5010,4996,10,0.09742664841071737,0.058409251272678375,0.026262052357196808,3,-0.3686998784542084,-0.08130482584238052
2026-03-30,all_boards,20,5010,4945,10,0.06384320049467028,0.09283535927534103,0.03282369673252106,1,-0.14814814925193787,0.09150218963623047
2026-03-30,buyable_mainboard,5,3083,3075,6,-0.07250483248880467,0.040490664541721344,0.02941248007118702,4,-0.16192594170570374,-0.1450708508491516
2026-03-30,buyable_mainboard,10,3083,3072,6,0.10442354068228135,0.052109986543655396,0.026451945304870605,3,-0.15635108947753906,-0.11353011429309845
2026-03-30,buyable_mainboard,20,3083,3035,6,0.04473321471499615,0.082002654671669,0.03284160792827606,2,0.15115292370319366,0.09297037124633789
2026-03-31,all_boards,5,5008,4999,35,0.19598960719537395,0.03391120582818985,0.03202705457806587,4,-0.06986492872238159,-0.00019669598259497434
2026-03-31,all_boards,10,5008,4994,35,0.15588957377824422,0.05526159703731537,0.02851823903620243,3,-0.012229487299919128,0.01839895360171795
2026-03-31,all_boards,20,5008,4908,35,0.08296613505480789,0.09382176399230957,0.03192409873008728,2,0.03713162988424301,0.03946290165185928
2026-03-31,buyable_mainboard,5,3081,3075,12,0.16703354244936788,0.030910653993487358,0.03255436569452286,4,-0.10710456222295761,-0.05747014284133911
2026-03-31,buyable_mainboard,10,3081,3072,12,0.08897281779350708,0.052068084478378296,0.02904142439365387,3,-0.04879201576113701,-0.061828456819057465
2026-03-31,buyable_mainboard,20,3081,3005,12,0.05778241383652465,0.08239665627479553,0.031612835824489594,2,0.3245943784713745,0.013248017057776451
2026-04-01,all_boards,5,5011,5003,3,0.049375819188177995,0.038171056658029556,0.026438841596245766,4,-0.20204398036003113,-0.1843557059764862
2026-04-01,all_boards,10,5011,4998,3,0.010252708985534938,0.05759447440505028,0.022458510473370552,3,-0.08618206530809402,-0.11650485545396805
2026-04-01,all_boards,20,5011,4875,3,0.019988408806263642,0.10168414562940598,0.03091873787343502,1,0.18830876052379608,
2026-04-01,buyable_mainboard,5,3082,3077,3,0.07347498779704316,0.036335740238428116,0.026077283546328545,4,-0.06972411274909973,-0.1843557059764862
2026-04-01,buyable_mainboard,10,3082,3074,3,0.005685360879571667,0.05124080553650856,0.022420408204197884,3,0.037248242646455765,-0.11650485545396805
2026-04-01,buyable_mainboard,20,3082,2981,3,0.03993470869801792,0.08722559362649918,0.030187781900167465,2,0.40342822670936584,
2026-04-02,all_boards,5,5012,5006,26,0.2104010000404708,0.040852081030607224,0.017660535871982574,4,-0.18127299845218658,-0.021813517436385155
2026-04-02,all_boards,10,5012,4998,26,0.25060415670859115,0.06899210810661316,0.01848488301038742,2,0.014648688957095146,0.049374062567949295
2026-04-02,all_boards,20,5012,4872,26,0.1705860190663684,0.11633598804473877,0.035334255546331406,1,0.12232416123151779,0.14907677471637726
2026-04-02,buyable_mainboard,5,3083,3080,9,0.21537593962551713,0.03665547072887421,0.017925331369042397,4,-0.044744860380887985,-0.03943412005901337
2026-04-02,buyable_mainboard,10,3083,3075,9,0.19578148067514678,0.06052236258983612,0.018843447789549828,3,0.14478231966495514,0.03718467801809311
2026-04-02,buyable_mainboard,20,3083,2980,9,0.15854225373136036,0.09871561080217361,0.03357899188995361,1,0.720534086227417,0.346692830324173
2026-04-03,all_boards,5,5015,5008,1027,0.1758570222988447,0.05266619846224785,0.019031155854463577,4,-0.05461857467889786,0.05891910567879677
2026-04-03,all_boards,10,5015,4995,1027,0.2956947894728723,0.08091725409030914,0.02623189613223076,3,0.08308881521224976,0.104762963950634
2026-04-03,all_boards,20,5015,4876,1027,0.18657493093614053,0.13172763586044312,0.04776317626237869,2,0.23069173097610474,0.1514458805322647
2026-04-03,buyable_mainboard,5,3083,3079,432,0.2111832028081151,0.04787703603506088,0.018689796328544617,4,-0.07637771964073181,0.051106683909893036
2026-04-03,buyable_mainboard,10,3083,3073,432,0.30475355863043946,0.07069201022386551,0.025938723236322403,3,0.013566979207098484,0.0872579887509346
2026-04-03,buyable_mainboard,20,3083,2981,432,0.20043698112915243,0.11175459623336792,0.04645447060465813,2,-0.04963160678744316,0.12560603022575378
2026-04-07,all_boards,5,5011,5007,71,0.09733229749171213,0.04416133835911751,0.01989872008562088,4,0.014596914872527122,0.037354182451963425
2026-04-07,all_boards,10,5011,4992,71,0.14736072421547514,0.06652858853340149,0.026467174291610718,3,0.008011147379875183,0.05778610333800316
2026-04-07,all_boards,20,5011,4874,71,0.1665068922735983,0.12098582834005356,0.04431856423616409,1,0.5018050670623779,0.14593163132667542
2026-04-07,buyable_mainboard,5,3081,3078,29,0.060764326862900335,0.0399138405919075,0.01942911557853222,4,0.02136434242129326,0.015181807801127434
2026-04-07,buyable_mainboard,10,3081,3071,29,0.11794646613447997,0.0606175996363163,0.025843001902103424,4,0.09452159702777863,0.03688204661011696
2026-04-07,buyable_mainboard,20,3081,2980,29,0.16568111484823694,0.10440538823604584,0.042191032320261,2,0.3926367461681366,0.12695667147636414
2026-04-08,all_boards,5,5011,5006,0,-0.14559370497531446,0.03784393519163132,0.017423920333385468,4,0.00395663408562541,
2026-04-08,all_boards,10,5011,4989,0,-0.026059544457446362,0.06712397933006287,0.024830466136336327,3,-0.05654565617442131,
2026-04-08,all_boards,20,5011,4873,0,-0.12248349891286331,0.130775585770607,0.042271748185157776,0,,
2026-04-08,buyable_mainboard,5,3081,3078,0,-0.11288746916124817,0.03597579151391983,0.01722344197332859,4,-0.044649019837379456,
2026-04-08,buyable_mainboard,10,3081,3067,0,0.001404913137379177,0.06158881261944771,0.024488266557455063,4,0.020761743187904358,
2026-04-08,buyable_mainboard,20,3081,2979,0,-0.0517292173412247,0.11140487343072891,0.040586188435554504,1,0.3510890603065491,
2026-04-09,all_boards,5,5014,5009,52,0.06878447676562051,0.036072373390197754,0.01836436055600643,4,0.1883345991373062,0.059082694351673126
2026-04-09,all_boards,10,5014,4988,52,0.003043694626512286,0.06131033971905708,0.025196952745318413,3,-0.026274869218468666,0.0249028280377388
2026-04-09,all_boards,20,5014,4872,52,-0.028213552982133152,0.11958210170269012,0.04113808274269104,1,0.011135531589388847,0.12209276109933853
2026-04-09,buyable_mainboard,5,3082,3079,23,0.027125908761521603,0.03322267159819603,0.01844591647386551,4,0.06510037183761597,0.03072739765048027
2026-04-09,buyable_mainboard,10,3082,3065,23,-0.012090422212978421,0.05809284374117851,0.02513878233730793,4,0.20499378442764282,0.02189318649470806
2026-04-09,buyable_mainboard,20,3082,2979,23,0.02202146586061017,0.10380004346370697,0.039860136806964874,3,0.4820621907711029,0.17796050012111664
2026-04-10,all_boards,5,5016,5008,21,0.08951605136224224,0.042102254927158356,0.01849018596112728,3,0.05678435042500496,0.06081680208444595
2026-04-10,all_boards,10,5016,4985,21,0.0051538026390949504,0.06147373840212822,0.026888208463788033,3,-0.11350216716527939,0.04009909927845001
2026-04-10,all_boards,20,5016,4873,21,-0.03550668871066109,0.1307285577058792,0.041975922882556915,1,0.019326915964484215,0.26320338249206543
2026-04-10,buyable_mainboard,5,3083,3078,11,0.05425426015121567,0.038045257329940796,0.01843501441180706,4,0.06987657397985458,0.044475190341472626
2026-04-10,buyable_mainboard,10,3083,3061,11,-0.006534994083050323,0.05719165503978729,0.026194196194410324,4,-0.05879851058125496,0.040716543793678284
2026-04-10,buyable_mainboard,20,3083,2980,11,0.013125197414285408,0.11172912269830704,0.04000586271286011,0,,0.3947345018386841
2026-04-13,all_boards,5,5017,5004,63,0.0838091961725331,0.038344856351614,0.015808947384357452,3,0.011874552816152573,0.05640888586640358
2026-04-13,all_boards,10,5017,4980,63,0.0013954928033337638,0.061995260417461395,0.028082897886633873,3,-0.1446366310119629,0.03064660169184208
2026-04-13,all_boards,20,5017,4874,63,-0.015747405191604346,0.11733829975128174,0.03830782324075699,0,,0.09240663796663284
2026-04-13,buyable_mainboard,5,3082,3076,19,0.054960631698186,0.035912349820137024,0.016114771366119385,3,0.05417835712432861,0.0377737358212471
2026-04-13,buyable_mainboard,10,3082,3055,19,-0.019117583489818332,0.05800353363156319,0.027596356347203255,3,-0.06993436813354492,-0.023777736350893974
2026-04-13,buyable_mainboard,20,3082,2979,19,0.010961906464124798,0.10151994228363037,0.036611977964639664,1,0.2837440073490143,0.07799515873193741
2026-04-14,all_boards,5,5019,5004,21,-0.020747569538539685,0.03876931592822075,0.016244681552052498,3,0.010189180262386799,-0.0035679235588759184
2026-04-14,all_boards,10,5019,4968,21,-0.08225712140287815,0.06846297532320023,0.03160034865140915,1,0.23105135560035706,-0.01810484007000923
2026-04-14,all_boards,20,5019,4877,21,-0.007389697420085105,0.11649725586175919,0.03977194428443909,1,0.26720401644706726,0.02641195058822632
2026-04-14,buyable_mainboard,5,3083,3076,15,-0.017815852249310614,0.03726700320839882,0.016273433342576027,4,0.03057766519486904,-0.013954267837107182
2026-04-14,buyable_mainboard,10,3083,3046,15,-0.08252403155115157,0.06378725916147232,0.03017153963446617,2,0.24855320155620575,-0.036245595663785934
2026-04-14,buyable_mainboard,20,3083,2981,15,0.02842690773429388,0.10183633118867874,0.0382533073425293,1,0.26720401644706726,0.019683517515659332
2026-04-15,all_boards,5,5019,5002,140,0.03341579640769161,0.04414002597332001,0.01864798553287983,5,0.03531540557742119,0.02855488657951355
2026-04-15,all_boards,10,5019,4933,140,0.057716988287927096,0.06771016120910645,0.032609134912490845,3,0.057071078568696976,0.020687587559223175
2026-04-15,all_boards,20,5019,4879,140,0.07022596261873579,0.12283458560705185,0.043527599424123764,3,0.06553248316049576,0.06893870234489441
2026-04-15,buyable_mainboard,5,3084,3073,59,0.04540925159265908,0.04089716449379921,0.01817256584763527,5,0.07654322683811188,0.026042791083455086
2026-04-15,buyable_mainboard,10,3084,3017,59,0.07627402663665765,0.062354926019907,0.030672486871480942,4,0.10919174551963806,0.026381751522421837
2026-04-15,buyable_mainboard,20,3084,2982,59,0.09111478202575242,0.10738382488489151,0.04214930906891823,3,0.10722365975379944,0.061595965176820755
2026-04-16,all_boards,5,5021,5000,14,-0.09541100078058579,0.045087236911058426,0.02090141363441944,5,-0.04926523566246033,0.021035250276327133
2026-04-16,all_boards,10,5021,4896,14,-0.009205975456082855,0.06805777549743652,0.03416783735156059,0,,0.036579590290784836
2026-04-16,all_boards,20,5021,4877,14,-0.01800528185640712,0.12272942066192627,0.04312606528401375,0,,0.07016529142856598
2026-04-16,buyable_mainboard,5,3085,3071,10,-0.07802619211367093,0.04313301295042038,0.02004236727952957,5,0.015058105811476707,0.02212664671242237
2026-04-16,buyable_mainboard,10,3085,2990,10,0.012110814554253833,0.06285335123538971,0.03188779205083847,1,0.20993146300315857,0.04252896085381508
2026-04-16,buyable_mainboard,20,3085,2979,10,0.026827834916730436,0.10512254387140274,0.04183366149663925,1,0.2507394850254059,0.09577764570713043
2026-04-17,all_boards,5,5021,4998,22,-0.06585368438687822,0.04452995955944061,0.024318858981132507,5,-0.0007231280324049294,-0.023004084825515747
2026-04-17,all_boards,10,5021,4894,22,-0.021568010705826757,0.06979412585496902,0.033655937761068344,0,,0.06953153014183044
2026-04-17,all_boards,20,5021,4879,22,-0.09475556359145361,0.12286367267370224,0.04304443299770355,0,,0.06696060299873352
2026-04-17,buyable_mainboard,5,3085,3068,15,-0.05786489928812617,0.04116109758615494,0.022592736408114433,5,0.007723283022642136,-0.03758673742413521
2026-04-17,buyable_mainboard,10,3085,2989,15,0.015490397300583277,0.06384891271591187,0.03125786781311035,2,0.13609573245048523,0.06754712015390396
2026-04-17,buyable_mainboard,20,3085,2980,15,-0.036278729296502284,0.10484177619218826,0.04210897907614708,2,0.3055991530418396,0.10227546095848083
2026-04-20,all_boards,5,5015,4991,6,-0.07305463211998185,0.045747242867946625,0.028082305565476418,5,-0.13476817309856415,-0.10250288248062134
2026-04-20,all_boards,10,5015,4895,6,-0.08667955618172721,0.07144515961408615,0.03347038850188255,0,,
2026-04-20,all_boards,20,5015,4880,6,-0.09658088279514732,0.11865315586328506,0.045164551585912704,0,,
2026-04-20,buyable_mainboard,5,3082,3061,5,-0.04009852612694226,0.04230865091085434,0.026178434491157532,5,-0.13476817309856415,-0.13476817309856415
2026-04-20,buyable_mainboard,10,3082,2989,5,-0.03929229570941336,0.06377112865447998,0.031254805624485016,0,,
2026-04-20,buyable_mainboard,20,3082,2980,5,-0.048622901877033026,0.1070258617401123,0.04396878555417061,0,,
2026-04-21,all_boards,5,5018,4982,3,-0.0006194647697889972,0.049397874623537064,0.027830710634589195,3,-0.11810364574193954,-0.14855071902275085
2026-04-21,all_boards,10,5018,4899,3,-0.06134905979676591,0.07307086884975433,0.030379224568605423,0,,
2026-04-21,all_boards,20,5018,4885,3,-0.13439204573907168,0.12499987334012985,0.046072643250226974,0,,
2026-04-21,buyable_mainboard,5,3085,3055,3,0.03163139962932754,0.04566807299852371,0.02592194266617298,3,-0.11810364574193954,-0.14855071902275085
2026-04-21,buyable_mainboard,10,3085,2993,3,-0.034733878799138716,0.06530939787626266,0.028383921831846237,0,,
2026-04-21,buyable_mainboard,20,3085,2984,3,-0.08126283360710708,0.10837829858064651,0.045012783259153366,0,,
2026-04-22,all_boards,5,5016,4946,1,0.13559481510389537,0.048802729696035385,0.03000890463590622,2,-0.10436815768480301,
2026-04-22,all_boards,10,5016,4898,1,-0.08246578960424358,0.07679682224988937,0.02969176322221756,0,,
2026-04-22,all_boards,20,5016,4885,1,-0.16779455921047992,0.1269882321357727,0.04487653821706772,0,,
2026-04-22,buyable_mainboard,5,3081,3025,1,0.16183343197199193,0.044992949813604355,0.026995941996574402,2,-0.10436815768480301,
2026-04-22,buyable_mainboard,10,3081,2992,1,-0.05531699584955478,0.06841211766004562,0.027868514880537987,0,,
2026-04-22,buyable_mainboard,20,3081,2984,1,-0.09900864376681488,0.10993139445781708,0.04456903412938118,0,,
2026-04-23,all_boards,5,5015,4908,7,0.06011159177673681,0.05199615657329559,0.024610716849565506,0,,
2026-04-23,all_boards,10,5015,4895,7,-0.036709938069439486,0.08260715007781982,0.027430562302470207,0,,
2026-04-23,all_boards,20,5015,4885,7,-0.1308095281325279,0.12918944656848907,0.0487728975713253,0,,
2026-04-23,buyable_mainboard,5,3081,2998,7,0.0979283856959053,0.04831937700510025,0.023105094209313393,0,,
2026-04-23,buyable_mainboard,10,3081,2992,7,0.005607001326535767,0.07225080579519272,0.026296254247426987,0,,
2026-04-23,buyable_mainboard,20,3081,2985,7,-0.06953187740216991,0.11243010312318802,0.04698798060417175,0,,
2026-04-24,all_boards,5,5017,4910,24,-0.0179816790965825,0.05393598601222038,0.02193491719663143,2,0.007856948301196098,0.031121963635087013
2026-04-24,all_boards,10,5017,4901,24,-0.05265079096396352,0.0879763811826706,0.026165712624788284,2,-0.012496985495090485,0.08726191520690918
2026-04-24,all_boards,20,5017,4891,24,-0.16702529525731044,0.13079291582107544,0.05096689984202385,2,-0.09531061351299286,-0.016072576865553856
2026-04-24,buyable_mainboard,5,3080,2999,14,0.01798474144961732,0.04895836114883423,0.020743001252412796,1,-0.0234375,-0.00562351243570447
2026-04-24,buyable_mainboard,10,3080,2996,14,-0.014884477128027077,0.07648930698633194,0.02504342421889305,1,-0.09375,0.11533445864915848
2026-04-24,buyable_mainboard,20,3080,2989,14,-0.10826985904810638,0.11836621165275574,0.04965408891439438,1,-0.12109375,-0.022850286215543747
2026-04-27,all_boards,5,5012,4914,5,-0.11350977589374592,0.05468248948454857,0.02061404660344124,1,0.004470938816666603,0.004470938816666603
2026-04-27,all_boards,10,5012,4904,5,-0.12753130455442474,0.07955098897218704,0.026256050914525986,1,0.056631892919540405,0.056631892919540405
2026-04-27,all_boards,20,5012,4895,5,-0.2419078409276362,0.13301998376846313,0.053305137902498245,1,0.16065573692321777,0.16065573692321777
2026-04-27,buyable_mainboard,5,3074,3001,5,-0.06564939990071786,0.048918336629867554,0.01981370896100998,1,0.004470938816666603,0.004470938816666603
2026-04-27,buyable_mainboard,10,3074,2997,5,-0.06559676073674421,0.07079050689935684,0.025560736656188965,1,0.056631892919540405,0.056631892919540405
2026-04-27,buyable_mainboard,20,3074,2991,5,-0.15898915922491327,0.11934604495763779,0.05191219225525856,1,0.16065573692321777,0.16065573692321777
2026-04-28,all_boards,5,4999,4913,45,0.05824647794530169,0.06737959384918213,0.022055290639400482,2,0.12769895792007446,0.0938849002122879
2026-04-28,all_boards,10,4999,4905,45,0.04006528559886228,0.08249297738075256,0.02973981201648712,2,0.10339149087667465,0.04420405626296997
2026-04-28,all_boards,20,4999,4896,45,-0.17993976167195133,0.1286105364561081,0.05510607734322548,2,-0.0018656253814697266,-0.020671123638749123
2026-04-28,buyable_mainboard,5,3065,3001,17,0.08881126831335621,0.05904899165034294,0.02149529755115509,1,0.07169421762228012,0.0539727658033371
2026-04-28,buyable_mainboard,10,3065,2998,17,0.09378401197918795,0.07250038534402847,0.028570305556058884,1,0.00826446246355772,-0.0014125620946288109
2026-04-28,buyable_mainboard,20,3065,2992,17,-0.0987884370554519,0.11755046993494034,0.05306599289178848,1,-0.04669421538710594,0.025363225489854813
2026-04-29,all_boards,5,4962,4913,4,-0.06312788515701484,0.06494642794132233,0.021746430546045303,1,-0.040232669562101364,-0.040232669562101364
2026-04-29,all_boards,10,4962,4907,4,0.007926643557664823,0.08384934067726135,0.033062003552913666,1,0.09306834638118744,0.09306834638118744
2026-04-29,all_boards,20,4962,4895,4,-0.1538571740924783,0.11607424169778824,0.059061720967292786,1,-0.013087736442685127,-0.013087736442685127
2026-04-29,buyable_mainboard,5,3035,3001,4,-0.03037881441364531,0.054642144590616226,0.020480722188949585,1,-0.040232669562101364,-0.040232669562101364
2026-04-29,buyable_mainboard,10,3035,2999,4,0.05626320894462499,0.07631655782461166,0.03275138884782791,1,0.09306834638118744,0.09306834638118744
2026-04-29,buyable_mainboard,20,3035,2991,4,-0.09130756427526329,0.10709468275308609,0.056979451328516006,1,-0.013087736442685127,-0.013087736442685127
2026-04-30,all_boards,5,4927,4914,0,-0.10497319510508037,0.05435958132147789,0.023484529927372932,2,0.022974297404289246,
2026-04-30,all_boards,10,4927,4908,0,-0.048228110201528014,0.08188781887292862,0.03436267003417015,2,0.09318958967924118,
2026-04-30,all_boards,20,4927,4896,0,-0.14797376815275,0.12577064335346222,0.06301145255565643,2,0.13275118172168732,
2026-04-30,buyable_mainboard,5,3008,3002,0,-0.05322788740479523,0.04924582690000534,0.022288328036665916,3,0.11011742800474167,
2026-04-30,buyable_mainboard,10,3008,2997,0,0.026237730099511983,0.07466141134500504,0.034177303314208984,3,0.24163711071014404,
2026-04-30,buyable_mainboard,20,3008,2990,0,-0.07758638841935989,0.11673542857170105,0.06019105389714241,3,0.13590140640735626,
2026-05-06,all_boards,5,4926,4917,0,-0.23179537971015993,0.053834449499845505,0.023832164704799652,5,0.07417570054531097,
2026-05-06,all_boards,10,4926,4911,0,-0.09074078389399713,0.08447916805744171,0.03675664961338043,5,0.08552302420139313,
2026-05-06,all_boards,20,4926,4900,0,-0.12880679182260202,0.12921369075775146,0.06503300368785858,5,-0.0025266974698752165,
2026-05-06,buyable_mainboard,5,3008,3005,0,-0.17533320857401866,0.047774046659469604,0.022386252880096436,5,0.0764562338590622,
2026-05-06,buyable_mainboard,10,3008,2999,0,0.004057944324554808,0.07805662602186203,0.03672105818986893,5,0.08697544038295746,
2026-05-06,buyable_mainboard,20,3008,2993,0,-0.06543901449408232,0.11944837123155594,0.061587512493133545,5,0.014635547995567322,
2026-05-07,all_boards,5,4928,4918,0,-0.21872001269498406,0.05000396817922592,0.023763513192534447,5,-0.017667371779680252,
2026-05-07,all_boards,10,4928,4913,0,-0.06617447633451988,0.08684415370225906,0.04045836627483368,5,-0.04254992678761482,
2026-05-07,all_boards,20,4928,4902,0,-0.1174624028010829,0.13638177514076233,0.06876461952924728,5,-0.10843292623758316,
2026-05-07,buyable_mainboard,5,3008,3004,0,-0.1686649793479045,0.04503381624817848,0.02204611338675022,5,-0.011851070448756218,
2026-05-07,buyable_mainboard,10,3008,2999,0,0.016643508796831217,0.08492584526538849,0.04042106121778488,5,-0.03936385363340378,
2026-05-07,buyable_mainboard,20,3008,2993,0,-0.04912680580982647,0.125254288315773,0.06379526853561401,5,-0.0914633721113205,
2026-05-08,all_boards,5,4930,4922,0,-0.14228454398640797,0.05296776443719864,0.027177948504686356,5,-0.021072696894407272,
2026-05-08,all_boards,10,4930,4916,0,-0.05407243092009613,0.08703450113534927,0.04513366147875786,5,-0.06863102316856384,
2026-05-08,all_boards,20,4930,4905,0,-0.018644477544232176,0.12982365489006042,0.07472585886716843,5,-0.11365821212530136,
2026-05-08,buyable_mainboard,5,3008,3005,0,-0.08344880633187261,0.04999833554029465,0.026692278683185577,5,-0.02252584882080555,
2026-05-08,buyable_mainboard,10,3008,2999,0,0.04988186747939102,0.08423712849617004,0.046070147305727005,5,-0.06467995047569275,
2026-05-08,buyable_mainboard,20,3008,2993,0,0.06904130391539351,0.1201656386256218,0.069156214594841,5,-0.0853366106748581,
2026-05-11,all_boards,5,4931,4925,0,-0.179646032481119,0.054109927266836166,0.0306595079600811,5,-0.02555285394191742,
2026-05-11,all_boards,10,4931,4918,0,-0.07086115558792196,0.09271585196256638,0.046827491372823715,5,-0.034964751452207565,
2026-05-11,all_boards,20,4931,4905,0,0.0488747183555006,0.14213575422763824,0.08398500829935074,5,-0.08244864642620087,
2026-05-11,buyable_mainboard,5,3010,3008,0,-0.1205636430369504,0.05292303115129471,0.0315907746553421,5,-0.02555285394191742,
2026-05-11,buyable_mainboard,10,3010,3002,0,0.036753743790265254,0.08791868388652802,0.047623004764318466,5,-0.034964751452207565,
2026-05-11,buyable_mainboard,20,3010,2994,0,0.11441646483030406,0.13221444189548492,0.07808616757392883,5,-0.08244864642620087,
2026-05-12,all_boards,5,4929,4923,0,-0.2108351021035047,0.05122675374150276,0.027905451133847237,5,-0.015496348962187767,
2026-05-12,all_boards,10,4929,4919,0,-0.07669224244548498,0.09313226491212845,0.047876987606287,5,-0.0759892612695694,
2026-05-12,all_boards,20,4929,4905,0,-0.03504717421349346,0.13714762032032013,0.07903553545475006,5,-0.11937640607357025,
2026-05-12,buyable_mainboard,5,3010,3005,0,-0.11826973173132184,0.047221589833498,0.027783595025539398,5,0.0040560499764978886,
2026-05-12,buyable_mainboard,10,3010,3003,0,0.026563308951373092,0.0879446268081665,0.047183312475681305,5,-0.06862734258174896,
2026-05-12,buyable_mainboard,20,3010,2993,0,0.050361540452180005,0.12765051424503326,0.07367958873510361,5,-0.09393759816884995,
2026-05-13,all_boards,5,4928,4922,0,-0.12940395273532354,0.05553372576832771,0.030809596180915833,5,-0.034450363367795944,
2026-05-13,all_boards,10,4928,4918,0,-0.009086006318316808,0.10369163006544113,0.056969381868839264,5,-0.08462141454219818,
2026-05-13,all_boards,20,4928,4902,0,0.08584820350949732,0.14128407835960388,0.08558716624975204,5,-0.11723273992538452,
2026-05-13,buyable_mainboard,5,3010,3004,0,-0.014279861337405537,0.054184019565582275,0.031987112015485764,5,-0.031389184296131134,
2026-05-13,buyable_mainboard,10,3010,3003,0,0.09045572668273381,0.10018250346183777,0.057134516537189484,5,-0.07962587475776672,
2026-05-13,buyable_mainboard,20,3010,2992,0,0.1829639649840611,0.1319771558046341,0.08006179332733154,5,-0.09905397891998291,
2026-05-14,all_boards,5,4928,4923,0,-0.08137225409568444,0.0581616573035717,0.02917931042611599,5,-0.024863753467798233,
2026-05-14,all_boards,10,4928,4918,0,-0.13446175867498067,0.09380169957876205,0.051816679537296295,5,-0.06326339393854141,
2026-05-14,all_boards,20,4928,4899,0,0.006006700368043052,0.14014025032520294,0.08217998594045639,5,-0.09238522499799728,
2026-05-14,buyable_mainboard,5,3009,3004,0,-0.04099338735617539,0.057693492621183395,0.029587818309664726,5,-0.02922636829316616,
2026-05-14,buyable_mainboard,10,3009,3002,0,-0.0434954229353699,0.08906187862157822,0.050799410790205,5,-0.06000184267759323,
2026-05-14,buyable_mainboard,20,3009,2990,0,0.09799475052744966,0.13093309104442596,0.07635274529457092,5,-0.07425496727228165,
2026-05-15,all_boards,5,4930,4924,0,-0.2585605475706835,0.049618903547525406,0.027578650042414665,5,-0.012134112417697906,
2026-05-15,all_boards,10,4930,4919,0,-0.033429577875843754,0.09874798357486725,0.053107719868421555,5,-0.05090147256851196,
2026-05-15,all_boards,20,4930,4898,0,0.035865621714526216,0.12687250971794128,0.07918976992368698,5,-0.0791056752204895,
2026-05-15,buyable_mainboard,5,3011,3005,0,-0.1722473116843743,0.04712639003992081,0.026980532333254814,5,-0.013761425390839577,
2026-05-15,buyable_mainboard,10,3011,3003,0,0.032888039863554284,0.09135831892490387,0.04919769614934921,5,-0.044806092977523804,
2026-05-15,buyable_mainboard,20,3011,2990,0,0.10656571464395144,0.11690641194581985,0.07277001440525055,5,-0.0640907734632492,
2026-05-18,all_boards,5,4931,4924,0,-0.26288891108391393,0.05556383356451988,0.02846965566277504,5,-0.032547831535339355,
2026-05-18,all_boards,10,4931,4917,0,0.12177518238571187,0.0879092738032341,0.05501265451312065,5,-0.043973036110401154,
2026-05-18,all_boards,20,4931,4893,0,-0.016830847081667814,0.1262301206588745,0.07917336374521255,5,-0.10853614658117294,
2026-05-18,buyable_mainboard,5,3012,3006,0,-0.17190618118663342,0.05042555183172226,0.02716207690536976,5,-0.028990115970373154,
2026-05-18,buyable_mainboard,10,3012,3002,0,0.12049002575549522,0.07773138582706451,0.04962233453989029,5,-0.03547500818967819,
2026-05-18,buyable_mainboard,20,3012,2986,0,0.0792918611793573,0.1136251911520958,0.0717909038066864,5,-0.09396243095397949,
2026-05-19,all_boards,5,4930,4926,0,-0.10147423221802443,0.06362973898649216,0.03651018068194389,5,-0.04986128956079483,
2026-05-19,all_boards,10,4930,4916,0,0.10216552307608218,0.10013338923454285,0.06153823807835579,5,-0.0655294880270958,
2026-05-19,all_boards,20,4930,4893,0,-0.05812963269856139,0.1291900873184204,0.08061533421278,5,-0.13127383589744568,
2026-05-19,buyable_mainboard,5,3009,3007,0,-0.04271014509634708,0.05927998572587967,0.034421224147081375,5,-0.05317302793264389,
2026-05-19,buyable_mainboard,10,3009,3000,0,0.0934382463422478,0.08814485371112823,0.05402679368853569,5,-0.05996919795870781,
2026-05-19,buyable_mainboard,20,3009,2986,0,0.033854681239969917,0.11813387274742126,0.07309326529502869,5,-0.11793158203363419,
2026-05-20,all_boards,5,4933,4929,0,-0.028635643768165464,0.07126227766275406,0.043036844581365585,5,-0.03836233541369438,
2026-05-20,all_boards,10,4933,4920,0,0.10812488021993436,0.10467557609081268,0.0635339692234993,5,-0.050753217190504074,
2026-05-20,all_boards,20,4933,4895,0,-0.10620165790671414,0.13561512529850006,0.08120321482419968,5,-0.09968443214893341,
2026-05-20,buyable_mainboard,5,3012,3011,0,-0.03871673440241385,0.06538904458284378,0.03916648402810097,5,-0.03836233541369438,
2026-05-20,buyable_mainboard,10,3012,3004,0,0.07384174157739003,0.09230569750070572,0.05353930592536926,5,-0.050753217190504074,
2026-05-20,buyable_mainboard,20,3012,2989,0,-0.029670174636508274,0.1248680129647255,0.07294179499149323,5,-0.09968443214893341,
2026-05-21,all_boards,5,4935,4930,0,-0.1228896550931796,0.06026488170027733,0.03598928824067116,5,-0.03575781360268593,
2026-05-21,all_boards,10,4935,4922,0,-0.06444621482437797,0.10188303887844086,0.056431762874126434,5,-0.07832242548465729,
2026-05-21,all_boards,20,4935,4893,0,-0.20700994025454095,0.13920238614082336,0.07287921011447906,5,-0.11429603397846222,
2026-05-21,buyable_mainboard,5,3012,3010,0,-0.059143928786438205,0.05456174910068512,0.03231152892112732,5,-0.019947782158851624,
2026-05-21,buyable_mainboard,10,3012,3004,0,-0.04473431084978985,0.09163321554660797,0.04777737706899643,5,-0.04933036491274834,
2026-05-21,buyable_mainboard,20,3012,2987,0,-0.10367109829079033,0.1261199712753296,0.06653477996587753,5,-0.08923091739416122,
2026-05-22,all_boards,5,4937,4932,0,0.06817764509000812,0.07508273422718048,0.04846261441707611,5,-0.03696990758180618,
2026-05-22,all_boards,10,4937,4925,0,0.09529610429775492,0.09759005904197693,0.06653224676847458,5,-0.05557854101061821,
2026-05-22,all_boards,20,4937,4894,0,-0.12854329363306774,0.13544683158397675,0.08323335647583008,5,-0.0933125764131546,
2026-05-22,buyable_mainboard,5,3012,3010,0,0.03789105923678388,0.06590403616428375,0.04176142066717148,5,-0.03696990758180618,
2026-05-22,buyable_mainboard,10,3012,3005,0,0.0934993379189854,0.08717465400695801,0.0561542734503746,5,-0.05557854101061821,
2026-05-22,buyable_mainboard,20,3012,2986,0,-0.028510757955500583,0.12386287748813629,0.07754912227392197,5,-0.0933125764131546,
2026-05-25,all_boards,5,4941,4934,0,0.25683294744779334,0.061732497066259384,0.04415154457092285,5,-0.0035556175280362368,
2026-05-25,all_boards,10,4941,4928,0,0.12584054616973656,0.11015644669532776,0.07237615436315536,5,-0.06708882749080658,
2026-05-25,all_boards,20,4941,4898,0,-0.08257610801399806,0.12302769720554352,0.0764567106962204,5,-0.06575927883386612,
2026-05-25,buyable_mainboard,5,3015,3011,0,0.1790026370498784,0.051870133727788925,0.036204103380441666,5,-0.0035556175280362368,
2026-05-25,buyable_mainboard,10,3015,3007,0,0.08979255629105955,0.09754333645105362,0.06119396537542343,5,-0.06708882749080658,
2026-05-25,buyable_mainboard,20,3015,2989,0,-0.0032148016968698142,0.11444582045078278,0.07091301679611206,5,-0.06575927883386612,
2026-05-26,all_boards,5,4941,4931,0,0.15646257557497348,0.06151977926492691,0.04174628108739853,5,-0.015214851126074791,
2026-05-26,all_boards,10,4941,4927,0,0.014272605077145095,0.0977499857544899,0.0660666674375534,5,-0.05002391338348389,
2026-05-26,all_boards,20,4941,4898,0,-0.18920314488797987,0.13567215204238892,0.07154128700494766,5,-0.08042894303798676,
2026-05-26,buyable_mainboard,5,3016,3009,0,0.08973072533239307,0.0522819347679615,0.03375884145498276,5,0.00026577748940326273,
2026-05-26,buyable_mainboard,10,3016,3006,0,0.02017570192595978,0.08944716304540634,0.057328809052705765,5,-0.02525995671749115,
2026-05-26,buyable_mainboard,20,3016,2989,0,-0.10242125420653767,0.1265871524810791,0.0678042322397232,5,-0.08006969839334488,
2026-05-27,all_boards,5,4941,4932,0,0.07878689815840025,0.054159704595804214,0.03274794667959213,5,-0.016083767637610435,
2026-05-27,all_boards,10,4941,4925,0,0.022585025845518785,0.09358608722686768,0.05893118306994438,5,-0.0454951748251915,
2026-05-27,all_boards,20,4941,4896,0,-0.19586002584048173,0.14663554728031158,0.06690903007984161,5,-0.10003916174173355,
2026-05-27,buyable_mainboard,5,3017,3010,0,0.04959940741590086,0.04670992121100426,0.026865115389227867,5,-0.006037126760929823,
2026-05-27,buyable_mainboard,10,3017,3006,0,0.04331197587814233,0.08492061495780945,0.05139143019914627,5,-0.026303580030798912,
2026-05-27,buyable_mainboard,20,3017,2987,0,-0.09174136720947713,0.13595281541347504,0.06438764184713364,5,-0.09558390825986862,
2026-05-28,all_boards,5,4941,4933,0,0.031191341777474464,0.06373932957649231,0.04283116012811661,5,-0.023690082132816315,
2026-05-28,all_boards,10,4941,4922,0,0.06211318197135778,0.10301786661148071,0.0699089989066124,5,-0.037742968648672104,
2026-05-28,all_boards,20,4941,4894,0,-0.14851352562341893,0.153657466173172,0.07767031341791153,5,-0.08430100232362747,
2026-05-28,buyable_mainboard,5,3017,3011,0,-0.029560670216022815,0.05518977716565132,0.03492312505841255,5,-0.023690082132816315,
2026-05-28,buyable_mainboard,10,3017,3005,0,0.09917661405975152,0.0943162739276886,0.06142134219408035,5,-0.037742968648672104,
2026-05-28,buyable_mainboard,20,3017,2987,0,-0.025543912966689,0.14525999128818512,0.0756026953458786,5,-0.08430100232362747,
2026-05-29,all_boards,5,4941,4934,0,0.020663263275449057,0.04925093799829483,0.02891906350851059,5,-0.012063121423125267,
2026-05-29,all_boards,10,4941,4920,0,0.026706259868780332,0.08117596060037613,0.053474538028240204,5,-0.032856784760951996,
2026-05-29,all_boards,20,4941,4888,0,-0.18075791386988932,0.15323150157928467,0.07862213253974915,5,-0.07622306048870087,
2026-05-29,buyable_mainboard,5,3017,3012,0,0.030747351561463684,0.04606526717543602,0.025508685037493706,5,-0.015470059588551521,
2026-05-29,buyable_mainboard,10,3017,3004,0,0.04463758078758022,0.07603022456169128,0.05062021315097809,5,-0.025533488020300865,
2026-05-29,buyable_mainboard,20,3017,2985,0,-0.07029097430097302,0.1436113566160202,0.08040197193622589,5,-0.12251488864421844,
2026-06-01,all_boards,5,4939,4933,0,-0.0388179142281897,0.07624898850917816,0.051258109509944916,5,0.045634135603904724,
2026-06-01,all_boards,10,4939,4914,0,-0.0356156035564258,0.08912917971611023,0.062193941324949265,5,0.09511181712150574,
2026-06-01,all_boards,20,4939,4886,0,-0.1803824296279334,0.1724979132413864,0.08904652297496796,5,0.010648342780768871,
2026-06-01,buyable_mainboard,5,3016,3012,0,-0.06179613197588223,0.07360342144966125,0.04933798313140869,5,-0.017777346074581146,
2026-06-01,buyable_mainboard,10,3016,3000,0,0.016095022769663722,0.08287084847688675,0.061280131340026855,5,0.006843484938144684,
2026-06-01,buyable_mainboard,20,3016,2983,0,-0.07880058411659949,0.159737229347229,0.09218765795230865,5,-0.059116970747709274,
2026-06-02,all_boards,5,4936,4932,0,-0.0646188581815424,0.06218613684177399,0.042705148458480835,5,-0.02285337634384632,
2026-06-02,all_boards,10,4936,4913,0,-0.061680090426812884,0.08282610028982162,0.05232279375195503,5,-0.01734408736228943,
2026-06-02,all_boards,20,4936,4884,0,-0.15761157026036374,0.1513771414756775,0.0790889784693718,5,-0.03295593708753586,
2026-06-02,buyable_mainboard,5,3013,3010,0,-0.06663745747647494,0.06002277880907059,0.04159744456410408,5,-0.060142915695905685,
2026-06-02,buyable_mainboard,10,3013,2999,0,-0.016489828254662574,0.07675237953662872,0.05145701393485069,5,-0.06473444402217865,
2026-06-02,buyable_mainboard,20,3013,2980,0,-0.0613374019703223,0.13675053417682648,0.08214916288852692,5,-0.11746490001678467,
2026-06-03,all_boards,5,4938,4931,0,-0.041433604513815,0.06220391020178795,0.04066319018602371,5,-0.033857185393571854,
2026-06-03,all_boards,10,4938,4913,0,-0.12837609811166462,0.09018364548683167,0.04604622349143028,5,-0.04016111046075821,
2026-06-03,all_boards,20,4938,4886,0,-0.11985456133456913,0.1371314376592636,0.07263121753931046,5,-0.025806352496147156,
2026-06-03,buyable_mainboard,5,3015,3011,0,-0.03141940141222538,0.05988495424389839,0.04020997881889343,5,-0.031108206138014793,
2026-06-03,buyable_mainboard,10,3015,3000,0,-0.06355272726457539,0.08278018981218338,0.046642981469631195,5,-0.03975079581141472,
2026-06-03,buyable_mainboard,20,3015,2982,0,-0.020508551185558905,0.12513187527656555,0.07597929984331131,5,-0.04674985259771347,
2026-06-04,all_boards,5,4938,4927,0,-0.024953351260443995,0.06429168581962585,0.0418081171810627,5,-0.05153008550405502,
2026-06-04,all_boards,10,4938,4909,0,-0.1358404990557329,0.08944366127252579,0.04334835708141327,5,-0.05187355354428291,
2026-06-04,all_boards,20,4938,4886,0,-0.05364992774934319,0.1204896941781044,0.06637405604124069,5,-0.02493399940431118,
2026-06-04,buyable_mainboard,5,3015,3009,0,-0.0038649110043890533,0.06105518713593483,0.04028215631842613,5,-0.0322592556476593,
2026-06-04,buyable_mainboard,10,3015,2998,0,-0.06956938106827858,0.08310764282941818,0.044607169926166534,5,-0.0371578074991703,
2026-06-04,buyable_mainboard,20,3015,2982,0,0.030865791617268653,0.10899247974157333,0.06953219324350357,5,-0.020204102620482445,
2026-06-05,all_boards,5,4939,4925,0,0.019664358462983384,0.05190157890319824,0.030719641596078873,5,-0.01402379386126995,
2026-06-05,all_boards,10,4939,4908,0,-0.14436191770734746,0.09954322874546051,0.0431414358317852,5,-0.042635731399059296,
2026-06-05,all_boards,20,4939,4886,0,-0.08277045046896833,0.12207531183958054,0.06451555341482162,5,0.030695104971528053,
2026-06-05,buyable_mainboard,5,3015,3007,0,0.011747188309220493,0.047715455293655396,0.02951309084892273,5,0.0032076812349259853,
2026-06-05,buyable_mainboard,10,3015,2996,0,-0.06571569069261901,0.0886925533413887,0.044756583869457245,5,-0.03313078358769417,
2026-06-05,buyable_mainboard,20,3015,2981,0,-0.013167565076421715,0.10624424368143082,0.06548871845006943,5,0.0019521384965628386,
2026-06-08,all_boards,5,4938,4919,1,0.08484983647789007,0.05287353694438934,0.02888491190969944,5,0.01776956394314766,0.07542373239994049
2026-06-08,all_boards,10,4938,4908,1,0.059208728218022554,0.08799493312835693,0.041896041482686996,5,0.0025936104357242584,0.05161261186003685
2026-06-08,all_boards,20,4938,4886,1,-0.07918515567743778,0.13128292560577393,0.06626662611961365,5,-0.08563840389251709,-0.07015305757522583
2026-06-08,buyable_mainboard,5,3015,3003,0,0.044952212979617885,0.0481097437441349,0.0279696062207222,5,0.008462443016469479,
2026-06-08,buyable_mainboard,10,3015,2997,0,0.026537078492528468,0.08044897764921188,0.044104866683483124,5,-0.007484602741897106,
2026-06-08,buyable_mainboard,20,3015,2981,0,-0.07884230117704935,0.11955903470516205,0.06720329076051712,5,-0.054033905267715454,
2026-06-09,all_boards,5,4939,4920,0,0.027229111002447338,0.05251818522810936,0.025764720514416695,5,0.0022453374695032835,
2026-06-09,all_boards,10,4939,4910,0,-0.17260648704507206,0.09833883494138718,0.039837390184402466,5,-0.04530569165945053,
2026-06-09,all_boards,20,4939,4888,0,-0.03289807609050376,0.12303638458251953,0.06542801856994629,5,-0.11946125328540802,
2026-06-09,buyable_mainboard,5,3015,3004,0,0.044028607542927596,0.04663965851068497,0.02462976798415184,5,0.035132065415382385,
2026-06-09,buyable_mainboard,10,3015,2998,0,-0.1323779236815995,0.08995459228754044,0.04168356582522392,5,0.05312468856573105,
2026-06-09,buyable_mainboard,20,3015,2983,0,0.011830880164883234,0.11128157377243042,0.06525129079818726,5,0.040612105280160904,
2026-06-10,all_boards,5,4937,4919,0,0.04856766027955114,0.062048036605119705,0.01968405582010746,5,0.005195125006139278,
2026-06-10,all_boards,10,4937,4908,0,-0.14942105645095893,0.1072777584195137,0.03961166739463806,5,-0.0017031922470778227,
2026-06-10,all_boards,20,4937,4888,0,-0.1342985465051165,0.12547209858894348,0.06446557492017746,5,-0.10401178896427155,
2026-06-10,buyable_mainboard,5,3014,3003,0,0.06843670336350705,0.05320874974131584,0.020038379356265068,5,0.006895056460052729,
2026-06-10,buyable_mainboard,10,3014,2995,0,-0.1355634313214868,0.09883160144090652,0.04200643673539162,5,-0.006051638163626194,
2026-06-10,buyable_mainboard,20,3014,2983,0,-0.10546438552204807,0.11175838857889175,0.06356704980134964,5,-0.03785868361592293,
2026-06-11,all_boards,5,4934,4916,0,0.01346046821827634,0.06043196842074394,0.023309117183089256,5,0.016304293647408485,
2026-06-11,all_boards,10,4934,4906,0,-0.23742978258549174,0.11013314872980118,0.04881063476204872,5,-0.06536450237035751,
2026-06-11,all_boards,20,4934,4888,0,-0.04478625943201036,0.10994630306959152,0.06365757435560226,5,-0.08932187408208847,
2026-06-11,buyable_mainboard,5,3012,3001,0,0.01580795712393282,0.05344891920685768,0.023725753650069237,5,-0.014273273758590221,
2026-06-11,buyable_mainboard,10,3012,2994,0,-0.2200850550498492,0.10577057301998138,0.051318924874067307,5,-0.05330265313386917,
2026-06-11,buyable_mainboard,20,3012,2982,0,-0.029755197284526917,0.10083018243312836,0.06371001154184341,5,-0.04271578788757324,
2026-06-12,all_boards,5,4932,4915,0,-0.054804341163011944,0.07134462147951126,0.03710120916366577,5,-0.012027004733681679,
2026-06-12,all_boards,10,4932,4900,0,-0.24975899053698727,0.11854362487792969,0.07067351043224335,5,-0.10457418113946915,
2026-06-12,all_boards,20,4932,4888,0,-0.05773845182371112,0.12972253561019897,0.07388874143362045,5,-0.11016590893268585,
2026-06-12,buyable_mainboard,5,3011,3000,0,-0.03905240607481875,0.06416123360395432,0.04018034413456917,5,-0.036373645067214966,
2026-06-12,buyable_mainboard,10,3011,2992,0,-0.22065430975426947,0.11180131882429123,0.07444849610328674,5,-0.07315896451473236,
2026-06-12,buyable_mainboard,20,3011,2982,0,-0.060028900777966326,0.12076474726200104,0.07312309741973877,5,-0.07463686913251877,
2026-06-15,all_boards,5,4929,4918,0,-0.16571337825348714,0.05643150582909584,0.0381239578127861,5,0.011074468493461609,
2026-06-15,all_boards,10,4929,4901,0,-0.3051156851370247,0.11791668087244034,0.07495695352554321,5,-0.010658332146704197,
2026-06-15,all_boards,20,4929,4891,0,0.0916598617425506,0.12002209573984146,0.08276630192995071,5,0.05874021723866463,
2026-06-15,buyable_mainboard,5,3008,3002,0,-0.13145188279902623,0.053425274789333344,0.04081341624259949,5,-0.012508210726082325,
2026-06-15,buyable_mainboard,10,3008,2991,0,-0.25949261990695527,0.11268595606088638,0.0779179260134697,5,-0.06745163351297379,
2026-06-15,buyable_mainboard,20,3008,2983,0,0.08044694951340693,0.10896404087543488,0.07922518998384476,5,-0.0278258565813303,
2026-06-16,all_boards,5,4928,4918,0,-0.28220450927896507,0.06839486956596375,0.04046632722020149,5,0.012493242509663105,
2026-06-16,all_boards,10,4928,4899,0,-0.21943878808791756,0.10351987928152084,0.07445812225341797,5,-0.03240539878606796,
2026-06-16,all_boards,20,4928,4892,0,0.27509832354749514,0.11876117438077927,0.08389998227357864,5,0.01366495806723833,
2026-06-16,buyable_mainboard,5,3007,3001,0,-0.2539647289857523,0.06475155800580978,0.04122939705848694,5,-0.0005263861967250705,
2026-06-16,buyable_mainboard,10,3007,2988,0,-0.18695125410244065,0.09384617209434509,0.07499901205301285,5,-0.04564880579710007,
2026-06-16,buyable_mainboard,20,3007,2983,0,0.24633825392242195,0.10539171099662781,0.0783548504114151,5,-0.01476927287876606,
2026-06-17,all_boards,5,4929,4918,0,-0.26559230948985657,0.06970023363828659,0.03866587206721306,5,-0.023396089673042297,
2026-06-17,all_boards,10,4929,4902,0,-0.07827712271876985,0.08749105781316757,0.06616237014532089,5,-0.006019282154738903,
2026-06-17,all_boards,20,4929,4893,0,0.446380770409492,0.11909008026123047,0.08100753277540207,5,0.06666615605354309,
2026-06-17,buyable_mainboard,5,3008,3000,0,-0.24631941686788197,0.06675685942173004,0.0382891520857811,5,-0.03629226237535477,
2026-06-17,buyable_mainboard,10,3008,2990,0,-0.04953621443856437,0.08109237253665924,0.06511522829532623,5,0.009076336398720741,
2026-06-17,buyable_mainboard,20,3008,2985,0,0.397061712341828,0.10390128195285797,0.07241667062044144,5,-0.034548722207546234,
2026-06-18,all_boards,5,4925,4915,0,-0.18191504984038984,0.07746566832065582,0.048007864505052567,5,-0.05659354850649834,
2026-06-18,all_boards,10,4925,4902,0,0.06793536156483132,0.07533246278762817,0.06317568570375443,4,-0.002190276049077511,
2026-06-18,all_boards,20,4925,4891,0,0.5472516450752559,0.13960771262645721,0.09492896497249603,4,-0.09448711574077606,
2026-06-18,buyable_mainboard,5,3006,2999,0,-0.1952054804835276,0.07274935394525528,0.044594768434762955,5,-0.04269323870539665,
2026-06-18,buyable_mainboard,10,3006,2990,0,0.04849404350944915,0.0665985569357872,0.059275198727846146,5,0.013620528392493725,
2026-06-18,buyable_mainboard,20,3006,2983,0,0.4643376673000278,0.11829859018325806,0.0788361132144928,5,-0.04574088007211685,
2026-06-22,all_boards,5,4925,4910,0,-0.08323433685563535,0.08151164650917053,0.0647348016500473,4,-0.0062772780656814575,
2026-06-22,all_boards,10,4925,4903,0,0.15121057026503854,0.0836774930357933,0.06450452655553818,4,0.03826966509222984,
2026-06-22,all_boards,20,4925,4893,0,0.5735928139854146,0.15693292021751404,0.11390514671802521,4,-0.017088353633880615,
2026-06-22,buyable_mainboard,5,3005,2997,0,-0.09283837767627769,0.07420341670513153,0.062120337039232254,5,-0.029269706457853317,
2026-06-22,buyable_mainboard,10,3005,2990,0,0.15734967984123452,0.07315333187580109,0.061016377061605453,5,-0.03318072855472565,
2026-06-22,buyable_mainboard,20,3005,2984,0,0.4919414790027111,0.13137881457805634,0.09157103300094604,5,-0.13061533868312836,
2026-06-23,all_boards,5,4924,4907,0,-0.3027792386907558,0.0836833119392395,0.06651327013969421,4,-0.05582978576421738,
2026-06-23,all_boards,10,4924,4902,0,-0.020390844653412486,0.0933237373828888,0.06852390617132187,4,-0.11104291677474976,
2026-06-23,all_boards,20,4924,4893,0,0.43697611960215316,0.14558687806129456,0.12887220084667206,4,-0.14524506032466888,
2026-06-23,buyable_mainboard,5,3005,2994,0,-0.2725801325566025,0.0782616063952446,0.06465444713830948,5,-0.030861739069223404,
2026-06-23,buyable_mainboard,10,3005,2989,0,-0.010814255856927819,0.08380001038312912,0.0644313246011734,5,-0.045700978487730026,
2026-06-23,buyable_mainboard,20,3005,2984,0,0.3732630503902614,0.12403063476085663,0.10243747383356094,5,-0.17899689078330994,
2026-06-24,all_boards,5,4925,4906,0,-0.11948357413666502,0.057823918759822845,0.05152887478470802,4,-0.04008093103766441,
2026-06-24,all_boards,10,4925,4903,0,0.12016309963303981,0.09145761281251907,0.06183457747101784,4,-0.08185705542564392,
2026-06-24,all_boards,20,4925,4894,0,0.5071219272567316,0.15449707210063934,0.1239771693944931,4,-0.10271493345499039,
2026-06-24,buyable_mainboard,5,3005,2992,0,-0.10958130887489226,0.0498911514878273,0.048033494502305984,5,-0.023951280862092972,
2026-06-24,buyable_mainboard,10,3005,2990,0,0.10168671497977148,0.08035324513912201,0.05513710528612137,5,-0.07353506982326508,
2026-06-24,buyable_mainboard,20,3005,2984,0,0.4278243392020793,0.12993940711021423,0.0964018702507019,5,-0.1119711622595787,
2026-06-25,all_boards,5,4924,4908,0,0.09371215243885175,0.053876426070928574,0.0382513701915741,4,0.0026414766907691956,
2026-06-25,all_boards,10,4924,4904,0,0.09757503681459355,0.08219728618860245,0.056474123150110245,4,-0.07062631845474243,
2026-06-25,all_boards,20,4924,4894,0,0.5503080141602797,0.13621054589748383,0.1154029369354248,4,-0.13072939217090607,
2026-06-25,buyable_mainboard,5,3002,2992,0,0.08956375572035082,0.04708004370331764,0.03589123114943504,5,-0.001616400433704257,
2026-06-25,buyable_mainboard,10,3002,2990,0,0.09847161758161041,0.07295317947864532,0.05062767118215561,5,-0.0589396171271801,
2026-06-25,buyable_mainboard,20,3002,2983,0,0.4670776218320677,0.11441342532634735,0.0900530070066452,5,-0.09961540997028351,
2026-06-26,all_boards,5,4921,4908,0,0.24806755691972135,0.06553659588098526,0.021726084873080254,5,0.04178212210536003,
2026-06-26,all_boards,10,4921,4903,0,0.20671722711554336,0.0752917155623436,0.04412160441279411,5,0.02467832900583744,
2026-06-26,all_boards,20,4921,4893,0,0.5113492721810003,0.1401924341917038,0.11412391811609268,5,-0.0034012929536402225,
2026-06-26,buyable_mainboard,5,3001,2992,0,0.19032250097218234,0.05764874443411827,0.019653698429465294,5,0.021198635920882225,
2026-06-26,buyable_mainboard,10,3001,2989,0,0.1395372601020665,0.06568294763565063,0.03920983150601387,5,-0.01361579168587923,
2026-06-26,buyable_mainboard,20,3001,2983,0,0.40161793404787627,0.11761365830898285,0.09037420898675919,5,-0.02148924395442009,
2026-06-29,all_boards,5,4917,4910,0,0.15687417091566522,0.05995572730898857,0.023743219673633575,5,-0.007560194935649633,
2026-06-29,all_boards,10,4917,4905,0,0.14568082203849855,0.08747123181819916,0.04954380914568901,5,-0.08203751593828201,
2026-06-29,all_boards,20,4917,4891,0,0.4864229851239938,0.1205001175403595,0.10960730910301208,5,-0.0801754891872406,
2026-06-29,buyable_mainboard,5,3001,2994,0,0.10706321697947443,0.05482961982488632,0.020659545436501503,5,-0.0012645095121115446,
2026-06-29,buyable_mainboard,10,3001,2991,0,0.05854109363033018,0.07696067541837692,0.04274327680468559,5,-0.06439337134361267,
2026-06-29,buyable_mainboard,20,3001,2985,0,0.3789552684243641,0.10252678394317627,0.0869564563035965,5,0.0168011374771595,
2026-06-30,all_boards,5,4914,4909,0,0.3369585066983054,0.05979207903146744,0.0425344780087471,5,-0.06584151834249496,
2026-06-30,all_boards,10,4914,4904,0,0.40673151888693365,0.0903845876455307,0.07007957249879837,5,-0.08661182969808578,
2026-06-30,all_boards,20,4914,4891,0,,0.14418724179267883,0.12279422581195831,5,-0.09089644998311996,
2026-06-30,buyable_mainboard,5,2998,2993,0,0.2466056666590739,0.054363615810871124,0.03944828361272812,5,-0.045617204159498215,
2026-06-30,buyable_mainboard,10,2998,2990,0,0.3216340624174838,0.08650539070367813,0.06545940786600113,5,-0.023727884516119957,
2026-06-30,buyable_mainboard,20,2998,2985,0,,0.13370420038700104,0.1102176308631897,5,-0.039947159588336945,
2026-07-01,all_boards,5,4912,4909,0,0.22086212680948963,0.058983225375413895,0.0416647307574749,5,-0.07429324090480804,
2026-07-01,all_boards,10,4912,4905,0,0.351305672248275,0.08857519924640656,0.06219189986586571,5,0.0021466612815856934,
2026-07-01,all_boards,20,4912,4891,0,,0.13656488060951233,0.11426034569740295,5,-0.07184256613254547,
2026-07-01,buyable_mainboard,5,2995,2993,0,0.1666198310417451,0.05331408604979515,0.03836982324719429,5,-0.051459573209285736,
2026-07-01,buyable_mainboard,10,2995,2990,0,0.27453703435173926,0.08450932055711746,0.05818900093436241,5,-0.07484589517116547,
2026-07-01,buyable_mainboard,20,2995,2984,0,,0.12676440179347992,0.1006174385547638,5,-0.1004440039396286,
2026-07-02,all_boards,5,4913,4909,0,0.0313638045575906,0.05580727383494377,0.047093361616134644,5,-0.03431279957294464,
2026-07-02,all_boards,10,4913,4904,0,0.3701419097947407,0.0940040722489357,0.0640762448310852,5,0.010436320677399635,
2026-07-02,all_boards,20,4913,4891,0,,0.14583523571491241,0.11408093571662903,5,-0.10139679908752441,
2026-07-02,buyable_mainboard,5,2995,2993,0,0.02586099947967019,0.05054982751607895,0.04297403618693352,5,-0.019548732787370682,
2026-07-02,buyable_mainboard,10,2995,2990,0,0.29852100026774964,0.08730282634496689,0.05835679918527603,5,-0.03897537663578987,
2026-07-02,buyable_mainboard,20,2995,2984,0,,0.13212332129478455,0.09956017136573792,5,-0.12251035869121552,
2026-07-03,all_boards,5,4916,4911,0,0.1355989873668195,0.05359629914164543,0.04855939745903015,5,-0.00172511488199234,
2026-07-03,all_boards,10,4916,4905,0,0.3853681139227803,0.1106424406170845,0.08013585954904556,5,-0.03167342394590378,
2026-07-03,all_boards,20,4916,4892,0,,0.13736775517463684,0.1126369908452034,5,-0.04092208296060562,
2026-07-03,buyable_mainboard,5,2998,2995,0,0.1298287978458898,0.047470249235630035,0.04343308508396149,5,0.0029528287705034018,
2026-07-03,buyable_mainboard,10,2998,2991,0,0.29363235870875676,0.09351420402526855,0.0665927603840828,5,-0.10350456088781357,
2026-07-03,buyable_mainboard,20,2998,2985,0,,0.12519803643226624,0.09650051593780518,5,-0.09023606032133102,
2026-07-06,all_boards,5,4915,4910,0,0.061476638763976285,0.07059984654188156,0.045631978660821915,5,-0.023549992591142654,
2026-07-06,all_boards,10,4915,4905,0,0.3462553645036271,0.12053488940000534,0.09050249308347702,5,-0.0443095937371254,
2026-07-06,all_boards,20,4915,4889,0,,0.134736105799675,0.10404371470212936,5,0.08931904286146164,
2026-07-06,buyable_mainboard,5,2997,2994,0,0.02726066032086431,0.06265630573034286,0.039999525994062424,5,-0.03780557960271835,
2026-07-06,buyable_mainboard,10,2997,2991,0,0.26203862444361586,0.10049606114625931,0.07062951475381851,5,-0.04404953122138977,
2026-07-06,buyable_mainboard,20,2997,2983,0,,0.12556509673595428,0.08969927579164505,5,0.026487568393349648,
2026-07-07,all_boards,5,4916,4911,0,0.157444544890717,0.05536229908466339,0.044996123760938644,5,-0.0015876010293141007,
2026-07-07,all_boards,10,4916,4907,0,0.33376579293313546,0.10451355576515198,0.10658452659845352,5,0.02941245399415493,
2026-07-07,all_boards,20,4916,4889,0,,0.13786979019641876,0.10763001441955566,5,0.12080297619104385,
2026-07-07,buyable_mainboard,5,2998,2995,0,0.1270394140207853,0.05042942613363266,0.0391281321644783,5,-0.025857549160718918,
2026-07-07,buyable_mainboard,10,2998,2993,0,0.25019676592510126,0.0917619839310646,0.08455946296453476,5,-0.06227123737335205,
2026-07-07,buyable_mainboard,20,2998,2984,0,,0.1331777721643448,0.0965891182422638,5,0.06657026708126068,
2026-07-08,all_boards,5,4915,4911,0,0.004596129009088758,0.060494564473629,0.03723594918847084,5,0.09722714126110077,
2026-07-08,all_boards,10,4915,4906,0,0.2171187770787547,0.10487305372953415,0.10016942769289017,4,-0.023345813155174255,
2026-07-08,all_boards,20,4915,4889,0,,0.13505463302135468,0.10502640902996063,4,0.09545877575874329,
2026-07-08,buyable_mainboard,5,2998,2995,0,-0.058986762628432464,0.055343616753816605,0.032399650663137436,5,-0.012149786576628685,
2026-07-08,buyable_mainboard,10,2998,2992,0,0.12665311500376128,0.09173531830310822,0.07962808758020401,4,-0.18767298758029938,
2026-07-08,buyable_mainboard,20,2998,2984,0,,0.13350649178028107,0.0957782045006752,4,-0.03611214831471443,
2026-07-09,all_boards,5,4914,4909,0,0.17611737015849618,0.07777528464794159,0.05012086406350136,5,0.14960022270679474,
2026-07-09,all_boards,10,4914,4904,0,0.32823351714911986,0.10885410755872726,0.10564316809177399,4,0.11262200772762299,
2026-07-09,all_boards,20,4914,4888,0,,0.1374514251947403,0.11098498851060867,4,0.19652286171913147,
2026-07-09,buyable_mainboard,5,2998,2995,0,0.07966560218538934,0.06858561933040619,0.04167014732956886,5,-0.05199624225497246,
2026-07-09,buyable_mainboard,10,2998,2991,0,0.22876727669680802,0.09691223502159119,0.0845416933298111,4,-0.12868782877922058,
2026-07-09,buyable_mainboard,20,2998,2984,0,,0.13685673475265503,0.10156700015068054,4,0.0012557737063616514,
2026-07-10,all_boards,5,4914,4908,0,-0.03253935661495286,0.08903763443231583,0.06440121680498123,4,-0.10950615257024765,
2026-07-10,all_boards,10,4914,4904,0,0.1868184076246614,0.10131925344467163,0.10194901376962662,4,-0.14456476271152496,
2026-07-10,all_boards,20,4914,4889,0,,0.11714775115251541,0.10317544639110565,4,0.006525132805109024,
2026-07-10,buyable_mainboard,5,2998,2994,0,-0.15764952032325538,0.07114609330892563,0.050276562571525574,4,-0.16457492113113403,
2026-07-10,buyable_mainboard,10,2998,2992,0,0.07384717934202291,0.08372537046670914,0.08164426684379578,4,-0.19732403755187988,
2026-07-10,buyable_mainboard,20,2998,2985,0,,0.11789160221815109,0.09469208866357803,4,-0.045098647475242615,
2026-07-13,all_boards,5,4914,4909,0,-0.09976823947535976,0.09231115132570267,0.07215341180562973,4,-0.03655552119016647,
2026-07-13,all_boards,10,4914,4900,0,0.22590883583844573,0.08113919943571091,0.08771361410617828,4,-0.028139639645814896,
2026-07-13,all_boards,20,4914,4890,0,,0.15032131969928741,0.09869492799043655,4,0.09499909728765488,
2026-07-13,buyable_mainboard,5,2998,2995,0,-0.17679730589981685,0.07480037957429886,0.055671460926532745,4,-0.041578009724617004,
2026-07-13,buyable_mainboard,10,2998,2992,0,0.16421907860533913,0.0752096027135849,0.07316593080759048,4,0.023659247905015945,
2026-07-13,buyable_mainboard,20,2998,2986,0,,0.15391463041305542,0.09543024748563766,4,0.19181010127067566,
2026-07-14,all_boards,5,4913,4909,0,-0.16793231348692253,0.08351559191942215,0.09714004397392273,4,-0.0645926371216774,
2026-07-14,all_boards,10,4913,4900,0,0.20938337216757802,0.08934349566698074,0.090919628739357,4,-0.02171011082828045,
2026-07-14,all_boards,20,4913,4889,0,,0.1370914876461029,0.09835168719291687,4,0.12515076994895935,
2026-07-14,buyable_mainboard,5,2997,2995,0,-0.23854682647261036,0.06909742206335068,0.07365210354328156,4,-0.006532780826091766,
2026-07-14,buyable_mainboard,10,2997,2992,0,0.1408671541630083,0.07650983333587646,0.07456299662590027,4,0.038403987884521484,
2026-07-14,buyable_mainboard,20,2997,2985,0,,0.13717107474803925,0.09356653690338135,4,0.1382559984922409,
2026-07-15,all_boards,5,4914,4909,0,-0.26264628156092773,0.08333396166563034,0.08652900159358978,5,-0.08163206279277802,
2026-07-15,all_boards,10,4914,4900,0,0.17781142269361883,0.08199387788772583,0.07985726743936539,5,-0.014633351936936378,
2026-07-15,all_boards,20,4914,4889,0,,0.1307976245880127,0.08363384753465652,5,0.1102098822593689,
2026-07-15,buyable_mainboard,5,2997,2994,0,-0.280185832873227,0.06948530673980713,0.06499212980270386,5,-0.12454503774642944,
2026-07-15,buyable_mainboard,10,2997,2991,0,0.12423924283026429,0.07282450795173645,0.06466545909643173,5,-0.09915261715650558,
2026-07-15,buyable_mainboard,20,2997,2985,0,,0.13284441828727722,0.0805463045835495,5,0.06838206946849823,
2026-07-16,all_boards,5,4913,4908,0,-0.1840036578005389,0.0727287083864212,0.08378159254789352,4,-0.07132981717586517,
2026-07-16,all_boards,10,4913,4900,0,0.04416613966497392,0.09066745638847351,0.07875103503465652,4,-0.0756189227104187,
2026-07-16,all_boards,20,4913,4889,0,,0.11754759401082993,0.07692549377679825,4,0.04725147783756256,
2026-07-16,buyable_mainboard,5,2998,2994,0,-0.15651443101248258,0.060615424066782,0.06350575387477875,4,-0.06084918603301048,
2026-07-16,buyable_mainboard,10,2998,2992,0,-0.009201423528391603,0.07828709483146667,0.06344276666641235,4,-0.09850943088531494,
2026-07-16,buyable_mainboard,20,2998,2986,0,,0.11885815858840942,0.07548235356807709,4,0.03959596902132034,
2026-07-17,all_boards,5,4913,4909,0,-0.19123710368428326,0.058854054659605026,0.05989845097064972,5,-0.11916615068912506,
2026-07-17,all_boards,10,4913,4900,0,0.1010490191274044,0.086018405854702,0.061412401497364044,5,-0.0714704766869545,
2026-07-17,all_boards,20,4913,4891,0,,0.15183569490909576,0.07485569268465042,5,0.049122583121061325,
2026-07-17,buyable_mainboard,5,2998,2996,0,-0.14730012587837452,0.04938400536775589,0.04723835736513138,5,-0.0674532800912857,
2026-07-17,buyable_mainboard,10,2998,2992,0,0.11498818684149002,0.08372408151626587,0.053916726261377335,5,-0.04000928997993469,
2026-07-17,buyable_mainboard,20,2998,2988,0,,0.14393270015716553,0.07876785099506378,5,0.10678096860647202,
2026-07-20,all_boards,5,4914,4905,0,0.4587460727613359,0.042024243623018265,0.03115496225655079,5,0.02193932980298996,
2026-07-20,all_boards,10,4914,4898,0,0.3757720779695573,0.10280843079090118,0.04150597006082535,5,-0.02582874521613121,
2026-07-20,all_boards,20,4914,4890,0,,0.20295926928520203,0.0735078975558281,5,0.15635338425636292,
2026-07-20,buyable_mainboard,5,2999,2996,0,0.46414548570045844,0.037789057940244675,0.02628069929778576,5,0.03224816173315048,
2026-07-20,buyable_mainboard,10,2999,2991,0,0.4338780487454065,0.10202594846487045,0.04133817180991173,5,-0.015058386139571667,
2026-07-20,buyable_mainboard,20,2999,2987,0,,0.1796383410692215,0.08146638423204422,5,0.1160985678434372,
2026-07-21,all_boards,5,4916,4907,0,0.16375286781966067,0.045602936297655106,0.029401563107967377,5,-0.031037282198667526,
2026-07-21,all_boards,10,4916,4898,0,0.4534818332220234,0.11007041484117508,0.057751283049583435,5,0.0522899255156517,
2026-07-21,all_boards,20,4916,4891,0,,0.192764550447464,0.0935313031077385,5,0.3107054829597473,
2026-07-21,buyable_mainboard,5,2999,2996,0,0.22875203222279947,0.041337963193655014,0.028370453044772148,5,0.041588976979255676,
2026-07-21,buyable_mainboard,10,2999,2990,0,0.48936315560476984,0.10732249170541763,0.057392530143260956,5,0.07754813879728317,
2026-07-21,buyable_mainboard,20,2999,2986,0,,0.1781734824180603,0.10018214583396912,5,0.25482675433158875,
2026-07-22,all_boards,5,4915,4906,0,0.16331527256714698,0.061419785022735596,0.03973859176039696,5,-0.036816246807575226,
2026-07-22,all_boards,10,4915,4898,0,0.5258487857014899,0.1225980743765831,0.06359684467315674,5,0.08461038023233414,
2026-07-22,all_boards,20,4915,4891,0,,0.15413224697113037,0.09932919591665268,5,0.16007979214191437,
2026-07-22,buyable_mainboard,5,2998,2995,0,0.2830986765701071,0.058061785995960236,0.03663822263479233,5,0.013496562838554382,
2026-07-22,buyable_mainboard,10,2998,2990,0,0.5922422842045864,0.1168089285492897,0.06276728957891464,5,0.17903785407543182,
2026-07-22,buyable_mainboard,20,2998,2986,0,,0.14564275741577148,0.10463222861289978,5,0.20032231509685516,
2026-07-23,all_boards,5,4913,4905,0,-0.23534037218037843,0.0592523068189621,0.03560718148946762,5,-0.01604081317782402,
2026-07-23,all_boards,10,4913,4897,0,0.5148235895764431,0.1122017353773117,0.053668584674596786,5,0.16562776267528534,
2026-07-23,all_boards,20,4913,4890,0,,0.15685270726680756,0.0902496948838234,5,0.10716144740581512,
2026-07-23,buyable_mainboard,5,2997,2995,0,-0.1164705117516625,0.05268418788909912,0.031193170696496964,5,-0.05563952773809433,
2026-07-23,buyable_mainboard,10,2997,2990,0,0.5713834408201126,0.10317771881818771,0.05386943370103836,5,0.11977670341730118,
2026-07-23,buyable_mainboard,20,2997,2985,0,,0.14037932455539703,0.09571392834186554,5,0.055129289627075195,
2026-07-24,all_boards,5,4914,4905,0,-0.06077216460144171,0.07500535249710083,0.045988719910383224,5,0.07960439473390579,
2026-07-24,all_boards,10,4914,4899,0,0.494313071844718,0.14076505601406097,0.06689523160457611,5,0.20288603007793427,
2026-07-24,all_boards,20,4914,4892,0,,0.17607352137565613,0.10559411346912384,5,0.15740445256233215,
2026-07-24,buyable_mainboard,5,2997,2993,0,0.0587529115298501,0.07160987704992294,0.043313201516866684,5,0.056536965072155,
2026-07-24,buyable_mainboard,10,2997,2990,0,0.5695117717537792,0.1267627477645874,0.06833446025848389,5,0.2203100174665451,
2026-07-24,buyable_mainboard,20,2997,2985,0,,0.16051214933395386,0.11150050908327103,5,0.1453721970319748,
2026-07-27,all_boards,5,4916,4909,0,-0.10956404079210268,0.07872185856103897,0.050416409969329834,5,0.07987141609191895,
2026-07-27,all_boards,10,4916,4906,0,0.3613165393664199,0.13110128045082092,0.06847076117992401,5,0.2015141248703003,
2026-07-27,all_boards,20,4916,4898,0,,0.13956232368946075,0.10127346217632294,4,0.1474734991788864,
2026-07-27,buyable_mainboard,5,2999,2994,0,0.017333943718183906,0.07503554970026016,0.04699554666876793,5,0.05388070270419121,
2026-07-27,buyable_mainboard,10,2999,2993,0,0.41791801586439037,0.1232818216085434,0.07064629346132278,5,0.16871277987957,
2026-07-27,buyable_mainboard,20,2999,2988,0,,0.1314304620027542,0.10908989608287811,5,0.05428334325551987,
2026-07-28,all_boards,5,4920,4911,0,0.14214928991813766,0.06900259852409363,0.04336974024772644,5,0.06212208792567253,
2026-07-28,all_boards,10,4920,4909,0,0.4863803860439852,0.12892626225948334,0.06290341168642044,5,0.1920110434293747,
2026-07-28,all_boards,20,4920,4900,0,,0.15420830249786377,0.09908850491046906,5,0.18226894736289978,
2026-07-28,buyable_mainboard,5,3001,2995,0,0.2207001264533805,0.06393963098526001,0.043688930571079254,5,0.08783354610204697,
2026-07-28,buyable_mainboard,10,3001,2994,0,0.472120729639842,0.1152496412396431,0.06806773692369461,5,0.13514003157615662,
2026-07-28,buyable_mainboard,20,3001,2988,0,,0.1402187943458557,0.10752347856760025,5,0.19107602536678314,
2026-07-29,all_boards,5,4921,4913,0,0.49763044445834487,0.07376464456319809,0.036635201424360275,5,0.12633797526359558,
2026-07-29,all_boards,10,4921,4910,0,0.5563164147168325,0.1367742121219635,0.05725552514195442,5,0.22254805266857147,
2026-07-29,all_boards,20,4921,4901,0,,0.14859645068645477,0.09523628652095795,5,0.3059765696525574,
2026-07-29,buyable_mainboard,5,3002,2997,0,0.421946690923597,0.06325652450323105,0.037962399423122406,5,0.16817516088485718,
2026-07-29,buyable_mainboard,10,3002,2996,0,0.4894821804086435,0.11818695813417435,0.062383439391851425,5,0.2223626673221588,
2026-07-29,buyable_mainboard,20,3002,2989,0,,0.13450495898723602,0.10242439806461334,5,0.31920498609542847,
2026-07-30,all_boards,5,4922,4914,0,0.5765784943743036,0.0813811644911766,0.04040432348847389,5,0.15492857992649078,
2026-07-30,all_boards,10,4922,4911,0,0.5374969438974855,0.12937487661838531,0.0669134110212326,5,0.22412654757499695,
2026-07-30,all_boards,20,4922,4903,0,,0.16543111205101013,0.10567134618759155,5,0.2024189978837967,
2026-07-30,buyable_mainboard,5,3004,2999,0,0.5194021096958237,0.069512277841568,0.04078872129321098,5,0.14320968091487885,
2026-07-30,buyable_mainboard,10,3004,2998,0,0.5179696857799478,0.11083479225635529,0.06965865939855576,5,0.14128455519676208,
2026-07-30,buyable_mainboard,20,3004,2991,0,,0.1470857411623001,0.10959693044424057,5,0.279466450214386,
2026-07-31,all_boards,5,4922,4916,0,0.6268724076146276,0.08452218770980835,0.034534044563770294,5,0.12403129041194916,
2026-07-31,all_boards,10,4922,4913,0,0.6075997983633288,0.12301718443632126,0.0634348914027214,5,0.15910451114177704,
2026-07-31,all_boards,20,4922,4902,0,,0.15639495849609375,0.10312972962856293,5,0.135427325963974,
2026-07-31,buyable_mainboard,5,3004,3001,0,0.49528684257836086,0.06513267755508423,0.035817570984363556,5,0.17240948975086212,
2026-07-31,buyable_mainboard,10,3004,3000,0,0.5422204324882284,0.09949330985546112,0.06598634272813797,5,0.19346699118614197,
2026-07-31,buyable_mainboard,20,3004,2990,0,,0.14201995730400085,0.1061101108789444,5,0.27163976430892944,
2026-08-03,all_boards,5,4925,4922,0,0.4756314011722456,0.08142077177762985,0.03165764734148979,5,0.2215273380279541,
2026-08-03,all_boards,10,4925,4917,0,0.5976330878803152,0.12656858563423157,0.06160841882228851,5,0.2985200881958008,
2026-08-03,all_boards,20,4925,4905,0,,0.14830102026462555,0.0988832488656044,5,0.2338680773973465,
2026-08-03,buyable_mainboard,5,3006,3005,0,0.29263617897713357,0.0643647238612175,0.03046957589685917,5,0.176692396402359,
2026-08-03,buyable_mainboard,10,3006,3002,0,0.47273060542540446,0.09839525818824768,0.060073766857385635,5,0.2966509759426117,
2026-08-03,buyable_mainboard,20,3006,2993,0,,0.12917937338352203,0.0985756516456604,5,0.4162963330745697,
2026-08-04,all_boards,5,4924,4922,0,0.2596094825063006,0.06393921375274658,0.03551284596323967,5,0.12413400411605835,
2026-08-04,all_boards,10,4924,4917,0,0.4769644982848512,0.1108589619398117,0.06530185788869858,5,0.18108344078063965,
2026-08-04,all_boards,20,4924,4905,0,,0.13587816059589386,0.10031160712242126,5,0.11899182945489883,
2026-08-04,buyable_mainboard,5,3006,3005,0,0.09824893443382514,0.05217628926038742,0.03583632409572601,5,0.048970382660627365,
2026-08-04,buyable_mainboard,10,3006,3002,0,0.3471717873639544,0.09067402780056,0.06527750939130783,5,0.08144374191761017,
2026-08-04,buyable_mainboard,20,3006,2993,0,,0.1284559965133667,0.10246303677558899,5,0.09227194637060165,
2026-08-05,all_boards,5,4927,4924,0,0.134059085250007,0.06047038361430168,0.0336657389998436,5,0.1352817863225937,
2026-08-05,all_boards,10,4927,4920,0,0.3116380278760064,0.06272032111883163,0.05671538785099983,5,0.06166670843958855,
2026-08-05,all_boards,20,4927,4907,0,,0.11528467386960983,0.09448778629302979,5,0.12160210311412811,
2026-08-05,buyable_mainboard,5,3007,3006,0,0.005012742632969849,0.052223872393369675,0.03523583337664604,5,0.08214391022920609,
2026-08-05,buyable_mainboard,10,3007,3003,0,0.24258226574237918,0.056791890412569046,0.05872008204460144,5,0.051585178822278976,
2026-08-05,buyable_mainboard,20,3007,2994,0,,0.11228061467409134,0.09859257191419601,5,0.10395767539739609,
2026-08-06,all_boards,5,4928,4925,0,0.07097296219222035,0.044201720505952835,0.03218160569667816,5,0.06621285527944565,
2026-08-06,all_boards,10,4928,4921,0,0.1748036015237805,0.06594717502593994,0.053323082625865936,5,0.021029291674494743,
2026-08-06,all_boards,20,4928,4909,0,,0.10390844196081161,0.08977683633565903,5,0.016613036394119263,
2026-08-06,buyable_mainboard,5,3009,3008,0,0.0017717315994532977,0.03912404179573059,0.03427456319332123,5,0.02530527114868164,
2026-08-06,buyable_mainboard,10,3009,3004,0,0.10723241430453795,0.05908374860882759,0.05589357763528824,5,-0.010529733262956142,
2026-08-06,buyable_mainboard,20,3009,2996,0,,0.10297083109617233,0.09551946818828583,5,-0.026698118075728416,
2026-08-07,all_boards,5,4931,4928,0,0.06707240225197407,0.03616493567824364,0.033775851130485535,5,0.04066193848848343,
2026-08-07,all_boards,10,4931,4924,0,0.10654613262012605,0.05495666712522507,0.05070139840245247,5,-0.002686516148969531,
2026-08-07,all_boards,20,4931,4911,0,,0.09806143492460251,0.0856228917837143,5,-0.01896718516945839,
2026-08-07,buyable_mainboard,5,3011,3010,0,0.08645652710368856,0.03348333016037941,0.03595190867781639,5,0.0012319155503064394,
2026-08-07,buyable_mainboard,10,3011,3006,0,0.08189502393128402,0.05251947417855263,0.0547630675137043,5,-0.013003891333937645,
2026-08-07,buyable_mainboard,20,3011,2997,0,,0.10272432863712311,0.09398438781499863,5,-0.07532802224159241,
2026-08-10,all_boards,5,4931,4926,0,-0.06598320915284883,0.04662217199802399,0.028031200170516968,5,0.16406700015068054,
2026-08-10,all_boards,10,4931,4923,0,0.23118071641061586,0.04801676794886589,0.0425574854016304,5,0.05395017936825752,
2026-08-10,all_boards,20,4931,4909,0,,0.09488583356142044,0.0781867578625679,5,0.08927708864212036,
2026-08-10,buyable_mainboard,5,3011,3008,0,-0.08311299875547137,0.03810174763202667,0.028093034401535988,5,0.07996033132076263,
2026-08-10,buyable_mainboard,10,3011,3006,0,0.19071518964332776,0.04458409920334816,0.04429032653570175,5,-0.03998081386089325,
2026-08-10,buyable_mainboard,20,3011,2995,0,,0.09482908248901367,0.0834883525967598,5,-0.0437387079000473,
2026-08-11,all_boards,5,4932,4927,0,0.0930788344967364,0.043882787227630615,0.02967320941388607,5,0.137250155210495,
2026-08-11,all_boards,10,4932,4923,0,0.16067683659149892,0.05412992089986801,0.044040486216545105,5,0.0316431000828743,
2026-08-11,all_boards,20,4932,4910,0,,0.10393775254487991,0.07945530861616135,5,0.051482826471328735,
2026-08-11,buyable_mainboard,5,3011,3008,0,0.07751928606181104,0.03753209859132767,0.02933870442211628,5,0.077405646443367,
2026-08-11,buyable_mainboard,10,3011,3005,0,0.14800660804870702,0.051942236721515656,0.045677267014980316,5,-0.001831194618716836,
2026-08-11,buyable_mainboard,20,3011,2996,0,,0.10899125039577484,0.0853814035654068,5,-0.01614312455058098,
2026-08-12,all_boards,5,4933,4929,0,0.23381902622989797,0.04692879691720009,0.025420265272259712,5,-0.06162457913160324,
2026-08-12,all_boards,10,4933,4924,0,0.1684938399027018,0.0526977963745594,0.03936086967587471,5,-0.07372859865427017,
2026-08-12,all_boards,20,4933,4911,0,,0.09422261267900467,0.06812253594398499,5,-0.024837246164679527,
2026-08-12,buyable_mainboard,5,3012,3009,0,0.2712120734201314,0.043203458189964294,0.024066295474767685,5,-0.049344487488269806,
2026-08-12,buyable_mainboard,10,3012,3005,0,0.2018813165759931,0.051418401300907135,0.03944389894604683,5,-0.04655424505472183,
2026-08-12,buyable_mainboard,20,3012,2996,0,,0.0999540314078331,0.0739164799451828,5,-0.02554144896566868,
2026-08-13,all_boards,5,4934,4930,0,0.12426812172955383,0.039927639067173004,0.026146477088332176,5,-0.028631966561079025,
2026-08-13,all_boards,10,4934,4926,0,0.19145819653909138,0.05816572159528732,0.04051395505666733,5,-0.003365917596966028,
2026-08-13,all_boards,20,4934,4912,0,,0.09473767876625061,0.07237379997968674,5,-0.047112513333559036,
2026-08-13,buyable_mainboard,5,3014,3010,0,0.16720925316062413,0.03733615204691887,0.02637002058327198,5,-0.02661191299557686,
2026-08-13,buyable_mainboard,10,3014,3007,0,0.15984911576932753,0.0586480014026165,0.04186612367630005,5,-0.004638936370611191,
2026-08-13,buyable_mainboard,20,3014,2998,0,,0.10092008113861084,0.07922820001840591,5,-0.06565230339765549,
2026-08-14,all_boards,5,4943,4939,0,0.19857976672294975,0.036625176668167114,0.027860645204782486,5,-0.05457287281751633,
2026-08-14,all_boards,10,4943,4932,0,0.1682106252584439,0.060180168598890305,0.040445104241371155,5,-0.06039019301533699,
2026-08-14,all_boards,20,4943,4921,0,,0.08355008065700531,0.0687398612499237,5,-0.08465977758169174,
2026-08-14,buyable_mainboard,5,3017,3013,0,0.22547491237249578,0.033629029989242554,0.027201881632208824,5,-0.013783926144242287,
2026-08-14,buyable_mainboard,10,3017,3007,0,0.15049409552225862,0.06366503983736038,0.04198518395423889,5,-0.0041906884871423244,
2026-08-14,buyable_mainboard,20,3017,3001,0,,0.08793392777442932,0.07639873772859573,5,-0.07232209295034409,
2026-08-17,all_boards,5,4944,4941,0,0.4468541871234857,0.04930732771754265,0.03537575900554657,5,-0.10819447040557861,
2026-08-17,all_boards,10,4944,4932,0,0.2837175792867706,0.058321863412857056,0.04154388979077339,5,-0.06656096875667572,
2026-08-17,all_boards,20,4944,4921,0,,0.07967329025268555,0.06711191684007645,5,-0.1419999897480011,
2026-08-17,buyable_mainboard,5,3017,3015,0,0.39594762930736993,0.04280279204249382,0.0310911163687706,5,-0.09312252700328827,
2026-08-17,buyable_mainboard,10,3017,3008,0,0.2622250468166771,0.05945774167776108,0.04168207198381424,5,-0.06505870074033737,
2026-08-17,buyable_mainboard,20,3017,3000,0,,0.08210217952728271,0.07434550672769547,5,-0.1104477271437645,
2026-08-18,all_boards,5,4945,4941,0,0.39877930287314134,0.03831377252936363,0.031307071447372437,5,-0.0406629703938961,
2026-08-18,all_boards,10,4945,4933,0,0.277286897632465,0.06886252760887146,0.04034273326396942,5,0.013626876287162304,
2026-08-18,all_boards,20,4945,4919,0,,0.0724329724907875,0.06943393498659134,5,-0.07603774964809418,
2026-08-18,buyable_mainboard,5,3018,3015,0,0.3511798526017409,0.03409991040825844,0.027752824127674103,5,-0.07660993188619614,
2026-08-18,buyable_mainboard,10,3018,3009,0,0.22757853856948376,0.07120660692453384,0.04204728454351425,5,-0.0756380558013916,
2026-08-18,buyable_mainboard,20,3018,2998,0,,0.07243935763835907,0.07683751732110977,5,-0.12781117856502533,
2026-08-19,all_boards,5,4950,4945,0,0.13065167733786806,0.04081950709223747,0.029059091582894325,5,-0.03827960789203644,
2026-08-19,all_boards,10,4950,4937,0,0.1849062663663451,0.07688283920288086,0.04509735852479935,5,-0.032045431435108185,
2026-08-19,all_boards,20,4950,4924,0,,0.08945021033287048,0.0762203186750412,5,0.05513834208250046,
2026-08-19,buyable_mainboard,5,3021,3017,0,0.15694888645593758,0.039695341140031815,0.02816000208258629,5,0.0024905626196414232,
2026-08-19,buyable_mainboard,10,3021,3012,0,0.21429667178125633,0.07815604656934738,0.04762028902769089,5,0.045263536274433136,
2026-08-19,buyable_mainboard,20,3021,3001,0,,0.08944369852542877,0.08348889648914337,5,0.07245603203773499,
2026-08-20,all_boards,5,4955,4951,0,0.159876006144182,0.040472447872161865,0.025271587073802948,5,0.029521364718675613,
2026-08-20,all_boards,10,4955,4943,0,0.17311600718221712,0.07082843035459518,0.04507770389318466,5,0.009399523958563805,
2026-08-20,all_boards,20,4955,4930,0,,0.08874760568141937,0.07664348930120468,5,0.041719526052474976,
2026-08-20,buyable_mainboard,5,3026,3023,0,0.1390611035216576,0.03956484794616699,0.02525949478149414,5,0.05861613154411316,
2026-08-20,buyable_mainboard,10,3026,3018,0,0.17878391213126826,0.07152767479419708,0.04817233234643936,5,0.02432134933769703,
2026-08-20,buyable_mainboard,20,3026,3007,0,,0.08845847100019455,0.08375345915555954,5,0.06246340274810791,
2026-08-21,all_boards,5,4964,4957,0,0.06421723959475481,0.04044127091765404,0.025768034160137177,5,0.001427417271770537,
2026-08-21,all_boards,10,4964,4951,0,0.13138851423721504,0.06883329153060913,0.044582534581422806,5,-0.08234405517578125,
2026-08-21,all_boards,20,4964,4939,0,,0.09311552345752716,0.07397575676441193,5,0.0607612319290638,
2026-08-21,buyable_mainboard,5,3035,3029,0,0.005379971240396793,0.042113687843084335,0.026478970423340797,5,0.005152902565896511,
2026-08-21,buyable_mainboard,10,3035,3026,0,0.14680218458606156,0.07075381278991699,0.04888823255896568,5,-0.06800992041826248,
2026-08-21,buyable_mainboard,20,3035,3016,0,,0.09198170900344849,0.0823720395565033,5,0.012511034496128559,
2026-08-24,all_boards,5,4978,4969,0,0.17366302566438566,0.05516673997044563,0.03085109032690525,5,0.09468578547239304,
2026-08-24,all_boards,10,4978,4964,0,0.1378989040509754,0.08257587254047394,0.055142078548669815,5,0.08361651748418808,
2026-08-24,all_boards,20,4978,4952,0,,0.12666739523410797,0.08594298362731934,5,0.1298079937696457,
2026-08-24,buyable_mainboard,5,3045,3038,0,0.13669891104823614,0.05211745947599411,0.03282378986477852,5,0.09025250375270844,
2026-08-24,buyable_mainboard,10,3045,3034,0,0.1792810699973191,0.08266258984804153,0.05845319852232933,5,0.09764423221349716,
2026-08-24,buyable_mainboard,20,3045,3026,0,,0.121239572763443,0.09227215498685837,5,0.08426052331924438,
2026-08-25,all_boards,5,5013,5005,0,-0.01421392277107511,0.0455414354801178,0.028185850009322166,5,0.07566028088331223,
2026-08-25,all_boards,10,5013,5000,0,0.039900998978332776,0.07148323953151703,0.049377214163541794,5,0.15236923098564148,
2026-08-25,all_boards,20,5013,4988,0,,0.10724104195833206,0.07331062853336334,5,0.2188495695590973,
2026-08-25,buyable_mainboard,5,3072,3066,0,-0.07939433818862528,0.04539089649915695,0.03033485636115074,5,0.08852506428956985,
2026-08-25,buyable_mainboard,10,3072,3063,0,0.061227644850876034,0.07553018629550934,0.053557388484478,5,0.07272094488143921,
2026-08-25,buyable_mainboard,20,3072,3054,0,,0.10099133849143982,0.08044009655714035,5,0.11280888319015503,
2026-08-26,all_boards,5,5046,5038,0,0.07141380027537177,0.042466677725315094,0.032038576900959015,5,0.04382334277033806,
2026-08-26,all_boards,10,5046,5033,0,0.05675939034407521,0.06889903545379639,0.05523303151130676,5,0.14071770012378693,
2026-08-26,all_boards,20,5046,5022,0,,0.10491717606782913,0.07854504138231277,5,0.33505886793136597,
2026-08-26,buyable_mainboard,5,3095,3090,0,0.057157743413681204,0.039844442158937454,0.03239225968718529,5,0.05387703329324722,
2026-08-26,buyable_mainboard,10,3095,3086,0,0.0748976665922792,0.07124310731887817,0.05723973736166954,5,-0.0009750366443768144,
2026-08-26,buyable_mainboard,20,3095,3078,0,,0.09102132171392441,0.0828675925731659,5,0.04671139270067215,
2026-08-27,all_boards,5,5048,5040,0,0.23220169677076158,0.03798689320683479,0.03461432829499245,5,0.01760024018585682,
2026-08-27,all_boards,10,5048,5034,0,0.17395005565607471,0.05923410505056381,0.05719757825136185,5,-0.029507767409086227,
2026-08-27,all_boards,20,5048,5023,0,,0.0871482864022255,0.07951909303665161,5,-0.01886388286948204,
2026-08-27,buyable_mainboard,5,3096,3091,0,0.20190050966524475,0.036223649978637695,0.035726990550756454,5,0.0938892513513565,
2026-08-27,buyable_mainboard,10,3096,3087,0,0.1795661409628313,0.06190583109855652,0.06135612353682518,5,0.07256028801202774,
2026-08-27,buyable_mainboard,20,3096,3079,0,,0.08008892834186554,0.08550389856100082,5,0.050374191254377365,
2026-08-28,all_boards,5,5046,5040,0,0.12399637613288897,0.03865208849310875,0.03694117069244385,5,-0.04531673341989517,
2026-08-28,all_boards,10,5046,5035,0,0.08835065389915593,0.05128207802772522,0.05094432830810547,5,-0.06912434101104736,
2026-08-28,all_boards,20,5046,0,0,,,,0,,
2026-08-28,buyable_mainboard,5,3094,3091,0,0.12759504355267107,0.03664756193757057,0.03642669692635536,5,0.07070255279541016,
2026-08-28,buyable_mainboard,10,3094,3088,0,0.14218702809261485,0.051130253821611404,0.05359634384512901,5,0.05676819756627083,
2026-08-28,buyable_mainboard,20,3094,0,0,,,,0,,
2026-08-31,all_boards,5,5046,5041,0,0.18732729842655105,0.034625113010406494,0.035070907324552536,5,-0.03720013424754143,
2026-08-31,all_boards,10,5046,5035,0,0.15578059551952012,0.04864021763205528,0.04695640504360199,5,-0.08720292896032333,
2026-08-31,all_boards,20,5046,0,0,,,,0,,
2026-08-31,buyable_mainboard,5,3095,3091,0,0.17575709099301773,0.034978315234184265,0.03661066293716431,5,-0.02183513715863228,
2026-08-31,buyable_mainboard,10,3095,3087,0,0.21113135318154283,0.04880667105317116,0.05186210945248604,5,-0.035898834466934204,
2026-08-31,buyable_mainboard,20,3095,0,0,,,,0,,
2026-09-01,all_boards,5,5047,5042,0,0.01659746043109611,0.03532850369811058,0.030599191784858704,5,0.01533411256968975,
2026-09-01,all_boards,10,5047,5032,0,0.13877204705805718,0.04902658239006996,0.039848845452070236,5,0.0054292380809783936,
2026-09-01,all_boards,20,5047,0,0,,,,0,,
2026-09-01,buyable_mainboard,5,3095,3092,0,0.0286734964182136,0.035703808069229126,0.03155144304037094,5,-0.01574958860874176,
2026-09-01,buyable_mainboard,10,3095,3084,0,0.24021204290572876,0.04626164957880974,0.04280909150838852,5,-0.03666041046380997,
2026-09-01,buyable_mainboard,20,3095,0,0,,,,0,,
2026-09-02,all_boards,5,5051,5046,0,0.012931883040523715,0.03685171902179718,0.02966829389333725,5,-0.0012469947105273604,
2026-09-02,all_boards,10,5051,5037,0,0.1415925613583965,0.048310380429029465,0.036332543939352036,5,0.056499600410461426,
2026-09-02,all_boards,20,5051,0,0,,,,0,,
2026-09-02,buyable_mainboard,5,3097,3093,0,0.03628491987462257,0.03769863769412041,0.032450176775455475,5,-0.03136591613292694,
2026-09-02,buyable_mainboard,10,3097,3086,0,0.20839890717308118,0.04495726898312569,0.039793211966753006,5,-0.015820518136024475,
2026-09-02,buyable_mainboard,20,3097,0,0,,,,0,,
2026-09-03,all_boards,5,5052,5046,0,-0.0042829886760528514,0.0385240763425827,0.029795080423355103,5,0.027637967839837074,
2026-09-03,all_boards,10,5052,5038,0,0.1270626341263695,0.04635860025882721,0.035549286752939224,5,0.06490547955036163,
2026-09-03,all_boards,20,5052,0,0,,,,0,,
2026-09-03,buyable_mainboard,5,3097,3093,0,0.0530186995259253,0.037958063185214996,0.032633472234010696,5,-0.02768024243414402,
2026-09-03,buyable_mainboard,10,3097,3086,0,0.1838188690412172,0.04377708584070206,0.03886481374502182,5,0.011054309085011482,
2026-09-03,buyable_mainboard,20,3097,0,0,,,,0,,
2026-09-04,all_boards,5,5053,5047,0,0.07897665135163066,0.04122813418507576,0.026723045855760574,5,-0.03672622889280319,
2026-09-04,all_boards,10,5053,5040,0,0.26061305105572957,0.054674189537763596,0.03439834713935852,5,0.05909966304898262,
2026-09-04,all_boards,20,5053,0,0,,,,0,,
2026-09-04,buyable_mainboard,5,3097,3094,0,0.12142883937916014,0.03761858493089676,0.026652812957763672,5,-0.0104622021317482,
2026-09-04,buyable_mainboard,10,3097,3087,0,0.27268775609699136,0.04742523655295372,0.03702285885810852,5,0.07379685342311859,
2026-09-04,buyable_mainboard,20,3097,0,0,,,,0,,
2026-09-07,all_boards,5,5054,5047,0,0.12198915534165945,0.04162287339568138,0.02814844250679016,5,-0.043419815599918365,
2026-09-07,all_boards,10,5054,5041,0,0.14072635878382286,0.05779973417520523,0.032765503972768784,5,-0.015370962209999561,
2026-09-07,all_boards,20,5054,0,0,,,,0,,
2026-09-07,buyable_mainboard,5,3098,3094,0,0.1797538837714187,0.03875008597970009,0.027177786454558372,5,-0.02020268514752388,
2026-09-07,buyable_mainboard,10,3098,3090,0,0.18261395988207393,0.051516737788915634,0.03586898371577263,5,0.037073928862810135,
2026-09-07,buyable_mainboard,20,3098,0,0,,,,0,,
2026-09-08,all_boards,5,5053,5043,0,0.2100944486319126,0.05386265367269516,0.02838876098394394,5,-0.04364591836929321,
2026-09-08,all_boards,10,5053,5040,0,0.10306124297485361,0.05633515864610672,0.02879256010055542,5,0.02445903792977333,
2026-09-08,all_boards,20,5053,0,0,,,,0,,
2026-09-08,buyable_mainboard,5,3098,3090,0,0.23838434305527095,0.05311458930373192,0.027381008490920067,5,-0.02957596443593502,
2026-09-08,buyable_mainboard,10,3098,3089,0,0.1363661151065621,0.04712970182299614,0.03067701682448387,5,0.06339043378829956,
2026-09-08,buyable_mainboard,20,3098,0,0,,,,0,,
2026-09-09,all_boards,5,5057,5048,0,0.23075843539710866,0.045976974070072174,0.0254063680768013,5,-0.0206186231225729,
2026-09-09,all_boards,10,5057,5045,0,0.16874323761577587,0.06540774554014206,0.029735589399933815,5,0.08448786288499832,
2026-09-09,all_boards,20,5057,0,0,,,,0,,
2026-09-09,buyable_mainboard,5,3101,3094,0,0.23200940498694356,0.046569447964429855,0.026487300172448158,5,-0.014006835408508778,
2026-09-09,buyable_mainboard,10,3101,3093,0,0.21001699198893295,0.0518379881978035,0.031393446028232574,5,0.029561495408415794,
2026-09-09,buyable_mainboard,20,3101,0,0,,,,0,,
2026-09-10,all_boards,5,5059,5051,0,0.31544623401882593,0.039258986711502075,0.019226867705583572,4,0.03727414086461067,
2026-09-10,all_boards,10,5059,5047,0,0.24657310926894502,0.06633705645799637,0.035949695855379105,4,0.08048464357852936,
2026-09-10,all_boards,20,5059,0,0,,,,0,,
2026-09-10,buyable_mainboard,5,3104,3097,0,0.3074665577651766,0.037787314504384995,0.02046993188560009,5,0.0250193290412426,
2026-09-10,buyable_mainboard,10,3104,3096,0,0.24791305404008712,0.05363648757338524,0.03629888594150543,5,0.049964211881160736,
2026-09-10,buyable_mainboard,20,3104,0,0,,,,0,,
2026-09-11,all_boards,5,5061,5054,0,0.4396133457862248,0.04338660091161728,0.02387791872024536,5,0.1706812083721161,
2026-09-11,all_boards,10,5061,0,0,,,,0,,
2026-09-11,all_boards,20,5061,0,0,,,,0,,
2026-09-11,buyable_mainboard,5,3106,3099,0,0.3920467528750315,0.034235138446092606,0.02285279706120491,5,0.06693943589925766,
2026-09-11,buyable_mainboard,10,3106,0,0,,,,0,,
2026-09-11,buyable_mainboard,20,3106,0,0,,,,0,,
2026-09-14,all_boards,5,5059,5053,0,0.342496729376089,0.044458262622356415,0.02104198932647705,5,0.042370397597551346,
2026-09-14,all_boards,10,5059,0,0,,,,0,,
2026-09-14,all_boards,20,5059,0,0,,,,0,,
2026-09-14,buyable_mainboard,5,3104,3100,0,0.29566202519730167,0.03654097393155098,0.019998343661427498,5,0.0733267217874527,
2026-09-14,buyable_mainboard,10,3104,0,0,,,,0,,
2026-09-14,buyable_mainboard,20,3104,0,0,,,,0,,
2026-09-15,all_boards,5,5056,5053,0,0.2856066351511645,0.0538402795791626,0.028900310397148132,5,0.09370969235897064,
2026-09-15,all_boards,10,5056,0,0,,,,0,,
2026-09-15,all_boards,20,5056,0,0,,,,0,,
2026-09-15,buyable_mainboard,5,3100,3099,0,0.28277994854515065,0.04484676197171211,0.028137611225247383,5,0.0533798523247242,
2026-09-15,buyable_mainboard,10,3100,0,0,,,,0,,
2026-09-15,buyable_mainboard,20,3100,0,0,,,,0,,
2026-09-16,all_boards,5,5057,5054,0,0.22571015863497287,0.04572571814060211,0.0284449253231287,5,0.057150013744831085,
2026-09-16,all_boards,10,5057,0,0,,,,0,,
2026-09-16,all_boards,20,5057,0,0,,,,0,,
2026-09-16,buyable_mainboard,5,3100,3099,0,0.24420291460518848,0.03707434609532356,0.028262600302696228,5,-0.00483806524425745,
2026-09-16,buyable_mainboard,10,3100,0,0,,,,0,,
2026-09-16,buyable_mainboard,20,3100,0,0,,,,0,,
2026-09-17,all_boards,5,5058,5054,0,0.09718460243724449,0.037861429154872894,0.02813171222805977,5,-0.009457780048251152,
2026-09-17,all_boards,10,5058,0,0,,,,0,,
2026-09-17,all_boards,20,5058,0,0,,,,0,,
2026-09-17,buyable_mainboard,5,3100,3099,0,0.08308796876365439,0.03420233353972435,0.02747136540710926,5,-0.08032907545566559,
2026-09-17,buyable_mainboard,10,3100,0,0,,,,0,,
2026-09-17,buyable_mainboard,20,3100,0,0,,,,0,,
2026-09-18,all_boards,5,5058,0,0,,,,0,,
2026-09-18,all_boards,10,5058,0,0,,,,0,,
2026-09-18,all_boards,20,5058,0,0,,,,0,,
2026-09-18,buyable_mainboard,5,3100,0,0,,,,0,,
2026-09-18,buyable_mainboard,10,3100,0,0,,,,0,,
2026-09-18,buyable_mainboard,20,3100,0,0,,,,0,,
2026-09-21,all_boards,5,5058,0,0,,,,0,,
2026-09-21,all_boards,10,5058,0,0,,,,0,,
2026-09-21,all_boards,20,5058,0,0,,,,0,,
2026-09-21,buyable_mainboard,5,3101,0,0,,,,0,,
2026-09-21,buyable_mainboard,10,3101,0,0,,,,0,,
2026-09-21,buyable_mainboard,20,3101,0,0,,,,0,,
2026-09-22,all_boards,5,5059,0,0,,,,0,,
2026-09-22,all_boards,10,5059,0,0,,,,0,,
2026-09-22,all_boards,20,5059,0,0,,,,0,,
2026-09-22,buyable_mainboard,5,3101,0,0,,,,0,,
2026-09-22,buyable_mainboard,10,3101,0,0,,,,0,,
2026-09-22,buyable_mainboard,20,3101,0,0,,,,0,,
2026-09-23,all_boards,5,5063,0,0,,,,0,,
2026-09-23,all_boards,10,5063,0,0,,,,0,,
2026-09-23,all_boards,20,5063,0,0,,,,0,,
2026-09-23,buyable_mainboard,5,3104,0,0,,,,0,,
2026-09-23,buyable_mainboard,10,3104,0,0,,,,0,,
2026-09-23,buyable_mainboard,20,3104,0,0,,,,0,,
