signal_date,scope,horizon,prediction_stocks,observed_labels,positive_utility_stocks,rank_ic,return_mae,risk_mae,top5_observed,top5_mean_forward_return,positive_utility_mean_forward_return
2025-12-31,all_boards,5,4999,4989,297,0.00872594784022183,0.0556582967361172,0.022809313610196114,5,0.013132164254784584,0.058838121592998505
2025-12-31,all_boards,10,4999,4975,297,0.06839988052142587,0.07945243014487784,0.03392859548330307,5,0.005953324027359486,0.06828892976045609
2025-12-31,all_boards,20,4999,4963,297,0.1389321583950671,0.09658694473087696,0.047638583928346634,4,0.125425785779953,0.08323206007480621
2025-12-31,buyable_mainboard,5,3082,3076,132,-0.006624890890494283,0.045984456319780806,0.021642042323946953,5,0.0067327795550227165,0.04207616299390793
2025-12-31,buyable_mainboard,10,3082,3067,132,0.04351538328536357,0.062371394446056355,0.032091327011585236,5,-0.04062705487012863,0.03600728511810303
2025-12-31,buyable_mainboard,20,3082,3060,132,0.14784915037802393,0.08783754519848122,0.04566653445363045,4,0.03935001417994499,0.0721956416964531
2026-01-05,all_boards,5,4995,4985,10,-0.22358337003785123,0.07028853135385488,0.023497698828577995,5,0.016863498836755753,0.047208625823259354
2026-01-05,all_boards,10,4995,4973,10,0.036027058130442415,0.0793327842061458,0.034429147839546204,5,0.021110551431775093,0.01824342831969261
2026-01-05,all_boards,20,4995,4962,10,0.16050408043606917,0.08376809849352174,0.04564575478434563,4,0.10002702474594116,0.028137795627117157
2026-01-05,buyable_mainboard,5,3080,3072,7,-0.17085714591288792,0.05655874316766093,0.022534171119332314,5,0.057744599878787994,0.04950813576579094
2026-01-05,buyable_mainboard,10,3080,3066,7,0.05001028657815208,0.06749944586412708,0.032549235969781876,5,-0.0013199157547205687,-0.0011310146655887365
2026-01-05,buyable_mainboard,20,3080,3059,7,0.17306397135003895,0.07686914373888216,0.04406064748764038,4,0.040119290351867676,0.015794942155480385
2026-01-06,all_boards,5,4995,4981,2,-0.022062554603256446,0.05554484991383421,0.021632647141814232,5,0.01588156819343567,0.029514018446207047
2026-01-06,all_boards,10,4995,4975,2,0.1735749702737656,0.07365747077620603,0.03244864568114281,5,0.06374116986989975,0.08061454445123672
2026-01-06,all_boards,20,4995,4964,2,0.16974440977229957,0.09055409335612931,0.04346686229109764,5,0.09550976753234863,0.12575368583202362
2026-01-06,buyable_mainboard,5,3080,3070,1,0.0009906265464119455,0.04357193202161039,0.019225651398301125,5,0.011386144906282425,0.04462474584579468
2026-01-06,buyable_mainboard,10,3080,3067,1,0.17419936702531766,0.06511956280398026,0.029363403096795082,5,0.0705360397696495,0.11561866104602814
2026-01-06,buyable_mainboard,20,3080,3060,1,0.1789386484538804,0.08160091435985758,0.041020121425390244,5,0.08779668062925339,0.2048681527376175
2026-01-07,all_boards,5,4996,4982,1,0.022169127022287145,0.062494469314741306,0.027334081009030342,5,0.031051000580191612,0.03711484745144844
2026-01-07,all_boards,10,4996,4975,1,0.08716680302803205,0.0799573406558829,0.038174860179424286,5,0.07433249801397324,0.07422969490289688
2026-01-07,all_boards,20,4996,4965,1,0.1793895815049948,0.08985253749594943,0.04725917428731918,5,0.07667405903339386,0.06862745434045792
2026-01-07,buyable_mainboard,5,3081,3072,0,0.032067666873172425,0.047821538046633805,0.024882862344384193,5,0.005826761480420828,
2026-01-07,buyable_mainboard,10,3081,3068,0,0.10169791956908612,0.07086607940171191,0.03507224842905998,5,0.05646217614412308,
2026-01-07,buyable_mainboard,20,3081,3062,0,0.1729815809416673,0.08317688160561783,0.045116353780031204,5,0.0655314028263092,
2026-01-08,all_boards,5,4997,4982,0,-0.04815195030088267,0.05298767221223068,0.026248816400766373,5,0.032555386424064636,
2026-01-08,all_boards,10,4997,4977,0,0.1255189673012979,0.08230841093170328,0.03717691823840141,5,0.04573420435190201,
2026-01-08,all_boards,20,4997,4966,0,0.22678843554591957,0.08285303075091394,0.045585840940475464,5,0.01691604219377041,
2026-01-08,buyable_mainboard,5,3080,3071,0,-0.023794341490660235,0.0440527680450431,0.02414315566420555,5,0.03351558744907379,
2026-01-08,buyable_mainboard,10,3080,3068,0,0.15072095120185094,0.07618029022938629,0.03419821709394455,5,0.04838264733552933,
2026-01-08,buyable_mainboard,20,3080,3062,0,0.251657173804088,0.07742895405386688,0.044018182903528214,5,-0.03216095268726349,
2026-01-09,all_boards,5,4997,4983,0,0.05058937816085335,0.0447654222860793,0.024033943191170692,5,0.0061301193200051785,
2026-01-09,all_boards,10,4997,4979,0,0.20279493721599523,0.08454485454160086,0.034138843417167664,5,0.05256735533475876,
2026-01-09,all_boards,20,4997,4966,0,0.3295005857128533,0.08265494113547946,0.04362320154905319,5,0.08311580121517181,
2026-01-09,buyable_mainboard,5,3080,3071,0,0.08751946532102194,0.03775963365158589,0.02183970995247364,5,0.0061301193200051785,
2026-01-09,buyable_mainboard,10,3080,3069,0,0.2230254281742302,0.07923691895385827,0.03137380629777908,5,0.05256735533475876,
2026-01-09,buyable_mainboard,20,3080,3062,0,0.34328357407912846,0.07873812053693162,0.04184557870030403,5,0.08311580121517181,
2026-01-12,all_boards,5,4994,4982,0,0.3123219925752011,0.050813184707612216,0.025835493579506874,5,0.0019530743593350053,
2026-01-12,all_boards,10,4994,4977,0,0.3946676501546373,0.08013531325578602,0.0360322967171669,5,0.03468375280499458,
2026-01-12,all_boards,20,4994,4965,0,0.3544918253689297,0.09011719735421027,0.04723557084798813,5,0.0485580712556839,
2026-01-12,buyable_mainboard,5,3076,3070,0,0.2719679578489361,0.04711466442378096,0.023865967988967896,5,0.0019530743593350053,
2026-01-12,buyable_mainboard,10,3076,3067,0,0.3909990445763614,0.07925802020715307,0.03361881896853447,5,0.03468375280499458,
2026-01-12,buyable_mainboard,20,3076,3060,0,0.3716388857525346,0.08670168615228689,0.044810954481363297,5,0.0485580712556839,
2026-01-13,all_boards,5,4991,4985,0,0.2880325616161286,0.05064534229574401,0.029849013313651085,5,0.03677564486861229,
2026-01-13,all_boards,10,4991,4979,0,0.226694788672192,0.07618914915356194,0.04147867113351822,5,0.07940082252025604,
2026-01-13,all_boards,20,4991,4967,0,0.25432574748774406,0.08768774850470287,0.048745475709438324,5,0.09685757756233215,
2026-01-13,buyable_mainboard,5,3075,3072,0,0.21202317075330238,0.048058219191060424,0.026747582480311394,5,0.03677564486861229,
2026-01-13,buyable_mainboard,10,3075,3069,0,0.19084027319339095,0.07129344315059925,0.03805838152766228,5,0.07940082252025604,
2026-01-13,buyable_mainboard,20,3075,3061,0,0.2551802342639089,0.08448010144511423,0.0466512031853199,5,0.09685757756233215,
2026-01-14,all_boards,5,4990,4983,0,0.3002782422204559,0.05889395116007745,0.0329577699303627,5,0.0371268168091774,
2026-01-14,all_boards,10,4990,4978,0,0.28656112343568957,0.07819826930103771,0.04360272362828255,5,0.05197465419769287,
2026-01-14,all_boards,20,4990,4967,0,0.3025348519450596,0.08940400366852627,0.05060107633471489,5,0.09687809646129608,
2026-01-14,buyable_mainboard,5,3075,3071,0,0.2198892374021411,0.05519991143565397,0.030063150450587273,5,0.0371268168091774,
2026-01-14,buyable_mainboard,10,3075,3068,0,0.24299252253513037,0.07654562389683636,0.0407433845102787,5,0.05197465419769287,
2026-01-14,buyable_mainboard,20,3075,3061,0,0.28924810495077774,0.08769096617365671,0.04899304732680321,5,0.09687809646129608,
2026-01-15,all_boards,5,4989,4984,0,0.22137348836493398,0.05046538438442034,0.025742441415786743,5,0.001152773154899478,
2026-01-15,all_boards,10,4989,4978,0,0.2144331680105675,0.06685707858994887,0.0347365140914917,5,-0.0072283195331692696,
2026-01-15,all_boards,20,4989,4968,0,0.20556518996398523,0.08284098483459854,0.042784593999385834,5,0.05394335836172104,
2026-01-15,buyable_mainboard,5,3075,3072,0,0.132979334915725,0.04922557989191271,0.02356860600411892,5,0.001152773154899478,
2026-01-15,buyable_mainboard,10,3075,3068,0,0.17340216096958552,0.06660902708074698,0.03291555866599083,5,-0.0072283195331692696,
2026-01-15,buyable_mainboard,20,3075,3062,0,0.17760762356020685,0.07972605570259159,0.041605107486248016,5,0.05394335836172104,
2026-01-16,all_boards,5,4988,4984,0,0.06924176793759987,0.059931313945364155,0.02961709536612034,5,0.04298275709152222,
2026-01-16,all_boards,10,4988,4976,0,0.22865565496978477,0.06550642644604879,0.03646453097462654,5,0.025549501180648804,
2026-01-16,all_boards,20,4988,4966,0,0.20684225812571602,0.07806690877056316,0.04526510834693909,5,0.051473964005708694,
2026-01-16,buyable_mainboard,5,3074,3072,0,0.0020338679257898944,0.05901771789494603,0.028455927968025208,5,0.04298275709152222,
2026-01-16,buyable_mainboard,10,3074,3067,0,0.209333692962913,0.06421187156199626,0.035505250096321106,5,0.025549501180648804,
2026-01-16,buyable_mainboard,20,3074,3060,0,0.17992751473301874,0.07451697224124812,0.045382507145404816,5,0.051473964005708694,
2026-01-19,all_boards,5,4986,4981,0,0.10917171109538644,0.04596834870526343,0.023438353091478348,5,0.0069062188267707825,
2026-01-19,all_boards,10,4986,4975,0,0.12797145669338575,0.059515682852297004,0.032003775238990784,5,-0.006819368805736303,
2026-01-19,all_boards,20,4986,4965,0,0.16272962495080528,0.07812584644164436,0.038429394364356995,5,0.09940792620182037,
2026-01-19,buyable_mainboard,5,3073,3070,0,0.06411703354661803,0.04488023378853007,0.02233501523733139,5,0.0069062188267707825,
2026-01-19,buyable_mainboard,10,3073,3066,0,0.1321360959873466,0.05428728785467617,0.030078686773777008,5,-0.006819368805736303,
2026-01-19,buyable_mainboard,20,3073,3059,0,0.1195471797871404,0.07456538363897762,0.037596818059682846,5,0.09940792620182037,
2026-01-20,all_boards,5,4986,4980,0,-0.12943258951848607,0.05004340881717081,0.02883409895002842,5,0.04474464803934097,
2026-01-20,all_boards,10,4986,4975,0,-0.07599537010241966,0.0584054953023445,0.03625274822115898,5,-0.0031669288873672485,
2026-01-20,all_boards,20,4986,4963,0,0.043175155873682626,0.08577553680626608,0.04477618634700775,5,0.016422422602772713,
2026-01-20,buyable_mainboard,5,3073,3070,0,-0.13676577083281297,0.04532481433095113,0.027076825499534607,5,-0.014495613984763622,
2026-01-20,buyable_mainboard,10,3073,3066,0,-0.08590648448916885,0.053822433299852646,0.03437436744570732,5,-0.024052109569311142,
2026-01-20,buyable_mainboard,20,3073,3057,0,0.004410483589587527,0.08284859524971869,0.04382026568055153,5,0.0019312180811539292,
2026-01-21,all_boards,5,4985,4980,0,0.007557494701118523,0.04664439229891871,0.027476029470562935,5,-0.011604756116867065,
2026-01-21,all_boards,10,4985,4975,0,0.054200907041492705,0.059288690390846874,0.03510599210858345,5,-0.021334543824195862,
2026-01-21,all_boards,20,4985,4962,0,0.061654820552985226,0.08658322958561471,0.043475084006786346,5,-0.030155712738633156,
2026-01-21,buyable_mainboard,5,3072,3069,0,-0.025398737976849963,0.045936584051599026,0.027239738032221794,5,-0.001092362217605114,
2026-01-21,buyable_mainboard,10,3072,3066,0,0.026714196248573067,0.05655517037610863,0.034570902585983276,5,-0.009419871494174004,
2026-01-21,buyable_mainboard,20,3072,3056,0,0.028800149887463003,0.08333797202724814,0.04423541948199272,5,-0.01986042596399784,
2026-01-22,all_boards,5,4990,4984,0,0.09814919369346947,0.04564205585563285,0.02720736339688301,5,0.019311049953103065,
2026-01-22,all_boards,10,4990,4979,0,0.11844501197477594,0.05380150158528001,0.03502444550395012,5,-0.00023585371673107147,
2026-01-22,all_boards,20,4990,4965,0,0.0683511917104269,0.09240542198125583,0.044368721544742584,5,-0.024613607674837112,
2026-01-22,buyable_mainboard,5,3075,3071,0,0.08523279618135465,0.04477480491153792,0.02689632587134838,5,0.025220666080713272,
2026-01-22,buyable_mainboard,10,3075,3069,0,0.13207151370565304,0.051331782338226745,0.03442759066820145,5,0.0036790042649954557,
2026-01-22,buyable_mainboard,20,3075,3057,0,0.044104623683603475,0.08883138103525715,0.04449589177966118,5,-0.021225061267614365,
2026-01-23,all_boards,5,4990,4982,0,0.18796323829200937,0.044901475051975094,0.028208019211888313,5,0.019833307713270187,
2026-01-23,all_boards,10,4990,4977,0,0.269490877144749,0.05340060258073473,0.03581898659467697,5,0.013086843304336071,
2026-01-23,all_boards,20,4990,4963,0,0.14982832931325543,0.09109836219694203,0.043868113309144974,5,-0.016972694545984268,
2026-01-23,buyable_mainboard,5,3075,3070,0,0.187078182414721,0.04262018959759488,0.027360832318663597,5,0.019833307713270187,
2026-01-23,buyable_mainboard,10,3075,3068,0,0.26735838097028514,0.05169427386969636,0.0359954759478569,5,0.013086843304336071,
2026-01-23,buyable_mainboard,20,3075,3055,0,0.14360764784451915,0.08936382055808713,0.04450671747326851,5,-0.016972694545984268,
2026-01-26,all_boards,5,4990,4984,0,0.15943937398870306,0.04001738372894513,0.02914925292134285,5,0.040013425052165985,
2026-01-26,all_boards,10,4990,4978,0,0.07788314928766754,0.061734608165830936,0.04957463592290878,5,0.0252276249229908,
2026-01-26,all_boards,20,4990,4965,0,0.21269410681003675,0.08809148874317299,0.055301737040281296,5,-0.02482641115784645,
2026-01-26,buyable_mainboard,5,3073,3069,0,0.16898644983014457,0.03761939691592203,0.028026998043060303,5,0.040013425052165985,
2026-01-26,buyable_mainboard,10,3073,3066,0,0.0692887334245993,0.06075384470060477,0.04833492636680603,5,0.0252276249229908,
2026-01-26,buyable_mainboard,20,3073,3054,0,0.20409403070618437,0.08718478465091994,0.054517246782779694,5,-0.02482641115784645,
2026-01-27,all_boards,5,4990,4985,0,0.16585747979900378,0.038327880923986785,0.030576109886169434,5,0.0375351756811142,
2026-01-27,all_boards,10,4990,4978,0,0.25455570872253586,0.06411626978668535,0.055132683366537094,5,0.03391317278146744,
2026-01-27,all_boards,20,4990,4966,0,0.22312624472489806,0.08961527679807603,0.05565987899899483,5,-0.0255279541015625,
2026-01-27,buyable_mainboard,5,3073,3069,0,0.1731444110964618,0.03658174483024592,0.03075813315808773,5,0.0375351756811142,
2026-01-27,buyable_mainboard,10,3073,3065,0,0.2189588899914919,0.06417968380881199,0.05552172660827637,5,0.03391317278146744,
2026-01-27,buyable_mainboard,20,3073,3054,0,0.18763636172603565,0.09026949290252036,0.05662332847714424,5,-0.0255279541015625,
2026-01-28,all_boards,5,4992,4987,0,0.2549616519088271,0.04592926489188737,0.03260264918208122,5,0.041324663907289505,
2026-01-28,all_boards,10,4992,4981,0,0.2747582759296529,0.06535270506831573,0.0569121278822422,5,0.027323376387357712,
2026-01-28,all_boards,20,4992,4969,0,0.15419826659559666,0.09919396568831453,0.05668136849999428,5,-0.02571326494216919,
2026-01-28,buyable_mainboard,5,3073,3070,0,0.2466403127642384,0.04589217537698397,0.0326484739780426,5,0.041324663907289505,
2026-01-28,buyable_mainboard,10,3073,3066,0,0.25733549930437105,0.06508210094782918,0.05642196536064148,5,0.027323376387357712,
2026-01-28,buyable_mainboard,20,3073,3055,0,0.10957916366752336,0.09727967331981315,0.05632520839571953,5,-0.02571326494216919,
2026-01-29,all_boards,5,4996,4991,0,0.2798746407493704,0.04311427690558696,0.03215291351079941,5,-0.030555006116628647,
2026-01-29,all_boards,10,4996,4985,0,0.17282688971956425,0.06621979268404891,0.05660687014460564,5,-0.026856804266572,
2026-01-29,all_boards,20,4996,4972,0,0.11924942388680405,0.11755997161762949,0.05702643468976021,5,-0.04617513343691826,
2026-01-29,buyable_mainboard,5,3075,3073,0,0.28202993273768545,0.042667450821037387,0.030900951474905014,5,-0.030555006116628647,
2026-01-29,buyable_mainboard,10,3075,3068,0,0.17452919100664954,0.06180823355981046,0.05427762120962143,5,-0.026856804266572,
2026-01-29,buyable_mainboard,20,3075,3056,0,0.06530463065486314,0.11416414646147889,0.05536498874425888,5,-0.04617513343691826,
2026-01-30,all_boards,5,4994,4989,0,0.21960857336800127,0.041204756921292045,0.031684424728155136,5,0.02019321545958519,
2026-01-30,all_boards,10,4994,4983,0,0.09765739652292198,0.05940349420256866,0.0573522225022316,5,0.05415123701095581,
2026-01-30,all_boards,20,4994,4972,0,0.07132731808782236,0.11134817774062569,0.055544719099998474,5,0.002087268279865384,
2026-01-30,buyable_mainboard,5,3074,3072,0,0.16767258975265958,0.040502661254620875,0.03072895109653473,5,-0.005686747841536999,
2026-01-30,buyable_mainboard,10,3074,3066,0,0.09108805703983368,0.054433893496608904,0.05601140111684799,5,0.011911335401237011,
2026-01-30,buyable_mainboard,20,3074,3056,0,0.012874695276306457,0.10975672247165452,0.05546494945883751,5,-0.011326917447149754,
2026-02-02,all_boards,5,4995,4988,0,0.07863679102295752,0.05155490715142201,0.02872244082391262,5,-0.014319603331387043,
2026-02-02,all_boards,10,4995,4984,0,0.07792608323759899,0.0647164020115755,0.04936269298195839,5,0.026344377547502518,
2026-02-02,all_boards,20,4995,4973,0,-0.0008797824338191398,0.12292698206053541,0.050797685980796814,5,-0.03270634263753891,
2026-02-02,buyable_mainboard,5,3074,3070,0,0.05658600954998493,0.050696086790033464,0.02929791621863842,5,-0.014319603331387043,
2026-02-02,buyable_mainboard,10,3074,3066,0,0.030041296009039795,0.06260313014041963,0.049724072217941284,5,0.026344377547502518,
2026-02-02,buyable_mainboard,20,3074,3056,0,-0.04401541137501223,0.1193796010355558,0.052305106073617935,5,-0.03270634263753891,
2026-02-03,all_boards,5,4997,4989,0,0.215356509129314,0.04712596985774379,0.02892484702169895,5,0.004985305480659008,
2026-02-03,all_boards,10,4997,4984,0,0.09320851282502815,0.07420300484950552,0.051839299499988556,5,0.05416354537010193,
2026-02-03,all_boards,20,4997,4975,0,0.0787923281468256,0.11521365355181651,0.050384972244501114,5,-0.022319605574011803,
2026-02-03,buyable_mainboard,5,3076,3071,0,0.1980848177176894,0.04688246201708499,0.03041110374033451,5,0.004985305480659008,
2026-02-03,buyable_mainboard,10,3076,3066,0,0.04872564771188377,0.0726179921377458,0.05247480794787407,5,0.05416354537010193,
2026-02-03,buyable_mainboard,20,3076,3058,0,0.03579153137988143,0.11404884616041422,0.052198901772499084,5,-0.022319605574011803,
2026-02-04,all_boards,5,4998,4991,0,0.07677737802398156,0.0456848949582474,0.0319678895175457,5,0.023475615307688713,
2026-02-04,all_boards,10,4998,4982,0,-0.049052973175797,0.08230180355211793,0.056607913225889206,5,0.07106207311153412,
2026-02-04,all_boards,20,4998,4976,0,0.037930949112412723,0.11092068393920793,0.05149080231785774,5,-0.03707977011799812,
2026-02-04,buyable_mainboard,5,3077,3072,0,0.0494170562902821,0.04311535355458318,0.03167489543557167,5,0.023475615307688713,
2026-02-04,buyable_mainboard,10,3077,3065,0,-0.07562332785395175,0.07523511320304697,0.05456097051501274,5,0.07106207311153412,
2026-02-04,buyable_mainboard,20,3077,3059,0,0.004884118512833848,0.10906936862089937,0.051981691271066666,5,-0.03707977011799812,
2026-02-05,all_boards,5,4997,4991,0,-0.212276472955995,0.05669765535568821,0.040668636560440063,5,0.021627888083457947,
2026-02-05,all_boards,10,4997,4980,0,-0.08125114467774222,0.10091412087789993,0.06815343350172043,5,0.046073220670223236,
2026-02-05,all_boards,20,4997,4976,0,0.004830558199873278,0.11639391925588834,0.061230454593896866,5,-0.1399935632944107,
2026-02-05,buyable_mainboard,5,3077,3072,0,-0.23422401048803382,0.051918476746010356,0.039786335080862045,5,0.021627888083457947,
2026-02-05,buyable_mainboard,10,3077,3063,0,-0.0937690541313597,0.0948216898784041,0.06619875878095627,5,0.046073220670223236,
2026-02-05,buyable_mainboard,20,3077,3059,0,-0.04550881650292545,0.11639161794157939,0.062425147742033005,5,-0.1399935632944107,
2026-02-06,all_boards,5,4996,4990,0,-0.03654949772483017,0.03723193572075284,0.03447865694761276,5,0.038051120936870575,
2026-02-06,all_boards,10,4996,4979,0,-0.10074455934581707,0.0784940758976527,0.0563153438270092,5,0.02334708347916603,
2026-02-06,all_boards,20,4996,4975,0,0.07764306563562261,0.10157622034094897,0.054126013070344925,5,-0.10615833848714828,
2026-02-06,buyable_mainboard,5,3077,3071,0,-0.04423996568986592,0.032683734277599,0.033495500683784485,5,0.03864027187228203,
2026-02-06,buyable_mainboard,10,3077,3062,0,-0.11665138545226614,0.07671005913602924,0.05569680780172348,5,0.039707429707050323,
2026-02-06,buyable_mainboard,20,3077,3059,0,0.060894507270141895,0.09997718187263994,0.055274151265621185,5,-0.04202462360262871,
2026-02-09,all_boards,5,4996,4992,0,-0.0284862951945015,0.04460550742016322,0.03233988955616951,5,0.04532400146126747,
2026-02-09,all_boards,10,4996,4981,0,-0.023885258029277663,0.06928279019037191,0.049115341156721115,5,0.0071276165544986725,
2026-02-09,all_boards,20,4996,4975,0,0.12303159033070347,0.08966745154062244,0.0527353435754776,5,-0.1338355392217636,
2026-02-09,buyable_mainboard,5,3077,3073,0,-0.07633643900330524,0.042399630198933516,0.031781964004039764,5,0.03853798285126686,
2026-02-09,buyable_mainboard,10,3077,3064,0,-0.05117388331404603,0.07013203213148274,0.04961024597287178,5,-0.007445146329700947,
2026-02-09,buyable_mainboard,20,3077,3062,0,0.09592000904928859,0.09147679408553913,0.05394858866930008,5,-0.15353670716285706,
2026-02-10,all_boards,5,4997,4991,0,-0.09793568333821184,0.05437534306104123,0.03775286674499512,5,-0.003968903794884682,
2026-02-10,all_boards,10,4997,4983,0,-0.08237530473063127,0.07216369106459185,0.05333903059363365,5,-0.06409624218940735,
2026-02-10,all_boards,20,4997,4977,0,0.09006375937414948,0.10370470230109775,0.05753851681947708,5,-0.11072079092264175,
2026-02-10,buyable_mainboard,5,3078,3073,0,-0.15583161750091143,0.052298240757782874,0.03739625960588455,5,-0.008489558473229408,
2026-02-10,buyable_mainboard,10,3078,3066,0,-0.0916369512049409,0.07177406455710164,0.05368996411561966,5,-0.07100432366132736,
2026-02-10,buyable_mainboard,20,3078,3064,0,0.08480323778898781,0.1027948180043526,0.059242986142635345,5,-0.1352647840976715,
2026-02-11,all_boards,5,4998,4989,0,-0.18158900289002905,0.05700020240070604,0.03841156139969826,5,-2.938024772447534e-05,
2026-02-11,all_boards,10,4998,4984,0,-0.11029237711503241,0.07017162548020549,0.05186678096652031,5,-0.06720782816410065,
2026-02-11,all_boards,20,4998,4977,0,0.15605869122598343,0.09078029122665425,0.05533343926072121,5,-0.12818332016468048,
2026-02-11,buyable_mainboard,5,3078,3071,0,-0.20231369137907956,0.05153531632019768,0.03731292113661766,5,-0.008938297629356384,
2026-02-11,buyable_mainboard,10,3078,3066,0,-0.116913988123498,0.06792175919065083,0.05180854722857475,5,-0.07408874481916428,
2026-02-11,buyable_mainboard,20,3078,3063,0,0.17995391826023183,0.0897028565986662,0.05617094412446022,5,-0.14964911341667175,
2026-02-12,all_boards,5,4999,4988,0,-0.1507931388391649,0.06545966411933518,0.04414286091923714,5,-0.0027009309269487858,
2026-02-12,all_boards,10,4999,4985,0,-0.062156520000715525,0.0788781650731802,0.05433451384305954,5,-0.10609616339206696,
2026-02-12,all_boards,20,4999,4977,0,0.19162641336480965,0.08458192479057305,0.05634775385260582,5,-0.18010906875133514,
2026-02-12,buyable_mainboard,5,3079,3070,0,-0.18851180043813995,0.06322649065169077,0.04420023784041405,5,-0.005951054859906435,
2026-02-12,buyable_mainboard,10,3079,3067,0,-0.10411455442384857,0.07992883928143936,0.05562114343047142,5,-0.10962817817926407,
2026-02-12,buyable_mainboard,20,3079,3063,0,0.21279301050368643,0.0851282652023587,0.05744282156229019,5,-0.18930241465568542,
2026-02-13,all_boards,5,4999,4988,0,-0.14396911246746538,0.05743669017612618,0.03944777697324753,5,0.009378657676279545,
2026-02-13,all_boards,10,4999,4987,0,-0.005906625472200288,0.07292793153932632,0.05240091681480408,5,-0.049072496592998505,
2026-02-13,all_boards,20,4999,4977,0,0.14994513991135355,0.08417131245533996,0.0645032674074173,5,-0.09362299740314484,
2026-02-13,buyable_mainboard,5,3079,3070,0,-0.1786742933768964,0.05773655665781105,0.0406055673956871,5,0.002963310806080699,
2026-02-13,buyable_mainboard,10,3079,3069,0,-0.04399030845691139,0.07396634204389821,0.05446057766675949,5,-0.05332706496119499,
2026-02-13,buyable_mainboard,20,3079,3063,0,0.1547286194212243,0.0810530121709613,0.06132990121841431,5,-0.10485740005970001,
2026-02-24,all_boards,5,4999,4988,0,0.034298282985604285,0.05194326399243507,0.03703899309039116,5,-0.008859767578542233,
2026-02-24,all_boards,10,4999,4986,0,-0.1008486825091009,0.07331472335513137,0.04705401510000229,5,-0.04442959651350975,
2026-02-24,all_boards,20,4999,4975,0,0.20330065602842573,0.07749406935073828,0.06250952184200287,5,-0.08703329414129257,
2026-02-24,buyable_mainboard,5,3079,3070,0,0.03953237614886637,0.05002867382568465,0.03646418824791908,5,-0.00931510142982006,
2026-02-24,buyable_mainboard,10,3079,3068,0,-0.094032365632552,0.07029925978585372,0.04863926023244858,5,-0.04438752681016922,
2026-02-24,buyable_mainboard,20,3079,3063,0,0.21476848618757316,0.07621243541457162,0.05965975299477577,5,-0.09255138039588928,
2026-02-25,all_boards,5,4999,4991,0,-0.01515885830415382,0.05490248247505147,0.04053763672709465,5,-0.059490643441677094,
2026-02-25,all_boards,10,4999,4989,0,-0.04391417406923896,0.06851908248516826,0.044644538313150406,5,-0.03972592577338219,
2026-02-25,all_boards,20,4999,4978,0,0.21758405805168143,0.0786188930180851,0.06403794139623642,5,-0.10217158496379852,
2026-02-25,buyable_mainboard,5,3080,3073,0,-0.0006452982048809729,0.05168788059675364,0.03843258321285248,5,-0.06081799790263176,
2026-02-25,buyable_mainboard,10,3080,3071,0,-0.03318359022652616,0.06637538612657924,0.044964276254177094,5,-0.04374603554606438,
2026-02-25,buyable_mainboard,20,3080,3066,0,0.23845380437710703,0.0782189351448371,0.06112978607416153,5,-0.09779712557792664,
2026-02-26,all_boards,5,5000,4995,0,-0.03084011911850882,0.0449212704172065,0.03755130618810654,5,-0.04876895621418953,
2026-02-26,all_boards,10,5000,4993,0,0.007307790444429636,0.06641910556714263,0.043911244720220566,5,-0.05094323307275772,
2026-02-26,all_boards,20,5000,4980,0,0.23756233441573887,0.0802801573675815,0.06164073944091797,5,-0.10988932847976685,
2026-02-26,buyable_mainboard,5,3079,3074,0,-0.042235997160189526,0.041813696811826104,0.036284904927015305,5,-0.04480825737118721,
2026-02-26,buyable_mainboard,10,3079,3072,0,-0.010024861616974341,0.06672280348781119,0.046065766364336014,5,-0.0491519495844841,
2026-02-26,buyable_mainboard,20,3079,3065,0,0.2516325800473113,0.07862329104770739,0.0585920587182045,5,-0.10276385396718979,
2026-02-27,all_boards,5,5000,4997,0,0.02005619248575811,0.03893140491071444,0.03236164525151253,5,-0.03016567789018154,
2026-02-27,all_boards,10,5000,4995,0,0.0933682564869466,0.06197931386898174,0.04225744307041168,5,-0.04552330821752548,
2026-02-27,all_boards,20,5000,4980,0,0.260775549531693,0.07703093903851167,0.05908462777733803,5,-0.06795105338096619,
2026-02-27,buyable_mainboard,5,3079,3076,0,-0.005919816163414383,0.03721419217623626,0.03099816106259823,5,-0.034249626100063324,
2026-02-27,buyable_mainboard,10,3079,3074,0,0.06669709346260655,0.062031509435593477,0.04369160160422325,5,-0.058753930032253265,
2026-02-27,buyable_mainboard,20,3079,3065,0,0.26747869040306194,0.07555669035511296,0.056147847324609756,5,-0.07442523539066315,
2026-03-02,all_boards,5,4999,4998,0,0.14085003009549976,0.039993019616664384,0.028045574203133583,5,-0.09575224667787552,
2026-03-02,all_boards,10,4999,4994,0,0.23451602220111917,0.057933880593686204,0.040526144206523895,5,-0.02354457601904869,
2026-03-02,all_boards,20,4999,4976,0,0.3098087099124005,0.07454003503898944,0.05501977726817131,4,-0.09251062572002411,
2026-03-02,buyable_mainboard,5,3077,3076,0,0.11092512789969561,0.037239272598261514,0.02617369219660759,5,-0.09575224667787552,
2026-03-02,buyable_mainboard,10,3077,3073,0,0.22354922447148307,0.05677741302407242,0.04193057492375374,5,-0.02354457601904869,
2026-03-02,buyable_mainboard,20,3077,3062,0,0.30346744184064245,0.07328240083835498,0.052501946687698364,4,-0.09251062572002411,
2026-03-03,all_boards,5,5000,4998,0,0.07362182691852566,0.06537933820594398,0.03059348650276661,5,0.040665365755558014,
2026-03-03,all_boards,10,5000,4993,0,0.2383740692437685,0.05521936045831169,0.04687145724892616,5,0.04105130955576897,
2026-03-03,all_boards,20,5000,4976,0,0.22392439583971363,0.07382824732886398,0.047837067395448685,4,0.0688905268907547,
2026-03-03,buyable_mainboard,5,3078,3076,0,0.10035285699267628,0.05794641837012439,0.031123410910367966,5,0.0007255710661411285,
2026-03-03,buyable_mainboard,10,3078,3075,0,0.2372929487481628,0.054654383509527754,0.047770265489816666,5,0.03682098537683487,
2026-03-03,buyable_mainboard,20,3078,3062,0,0.22941647247909208,0.07263881497586361,0.04707271605730057,4,-0.034291572868824005,
2026-03-04,all_boards,5,5004,5002,3,0.1204876881913421,0.041955679263972714,0.025129662826657295,5,0.03926285356283188,0.03692719712853432
2026-03-04,all_boards,10,5004,4997,3,0.3037332000637149,0.051814375292502546,0.034425437450408936,5,-0.009693043306469917,0.0030534069519490004
2026-03-04,all_boards,20,5004,4979,3,0.2721585970234023,0.08309588373224806,0.059324510395526886,5,-0.04365193843841553,-0.05536005273461342
2026-03-04,buyable_mainboard,5,3080,3078,3,0.11501861253435658,0.038750694707118415,0.025348223745822906,5,0.03119524195790291,0.03692719712853432
2026-03-04,buyable_mainboard,10,3080,3077,3,0.2820376259827008,0.049433464308210565,0.035865020006895065,5,0.043170101940631866,0.0030534069519490004
2026-03-04,buyable_mainboard,20,3080,3063,3,0.2655566237885132,0.07804802897276185,0.05596599355340004,4,-0.05554644763469696,-0.05536005273461342
2026-03-05,all_boards,5,5006,5004,1,0.03801010263358123,0.04380867705394172,0.02541280910372734,5,0.04565802589058876,0.033753376454114914
2026-03-05,all_boards,10,5006,4998,1,0.23070715817790666,0.05553497741478052,0.03502463176846504,5,0.017356138676404953,0.014851485379040241
2026-03-05,all_boards,20,5006,4979,1,0.23721929770465286,0.08981514722129007,0.05688157677650452,5,-0.010784623213112354,0.15886588394641876
2026-03-05,buyable_mainboard,5,3081,3079,1,0.008196137775203553,0.04190176736285677,0.025919198989868164,5,0.04533705115318298,0.033753376454114914
2026-03-05,buyable_mainboard,10,3081,3077,1,0.2234087616688278,0.05385301613301587,0.03621653839945793,5,0.010494319722056389,0.014851485379040241
2026-03-05,buyable_mainboard,20,3081,3062,1,0.22175602795355914,0.08339662489225666,0.05388430505990982,5,-0.0038349293172359467,0.15886588394641876
2026-03-06,all_boards,5,5007,5005,0,0.052713498955246775,0.03708416338126858,0.020086567848920822,5,0.09667326509952545,
2026-03-06,all_boards,10,5007,4998,0,0.10854891630596268,0.06726319083254555,0.0350816585123539,4,0.0006120321340858936,
2026-03-06,all_boards,20,5007,4979,0,0.1611246830932509,0.10925347940038443,0.06346079707145691,4,-0.07664654403924942,
2026-03-06,buyable_mainboard,5,3082,3080,0,0.0686732380785923,0.03569934646124173,0.020229307934641838,5,0.0921352207660675,
2026-03-06,buyable_mainboard,10,3082,3077,0,0.156818799490023,0.06570158859658001,0.035413239151239395,4,-0.016401126980781555,
2026-03-06,buyable_mainboard,20,3082,3062,0,0.19410310170099115,0.10385757609465043,0.06099626049399376,4,-0.1252455860376358,
2026-03-09,all_boards,5,5008,5004,7,0.10727430696307523,0.03888341124412508,0.025392696261405945,5,0.07203997671604156,0.05023174360394478
2026-03-09,all_boards,10,5008,4998,7,0.04560327856507607,0.11289524638218203,0.07617487013339996,4,-0.10770820081233978,-0.11101874709129333
2026-03-09,all_boards,20,5008,4976,7,0.12314792752271266,0.11161649511017856,0.07162654399871826,4,-0.11214586347341537,-0.10158034414052963
2026-03-09,buyable_mainboard,5,3083,3080,5,0.0864860017926808,0.03775680089871788,0.025182798504829407,5,0.08455722779035568,0.08455722779035568
2026-03-09,buyable_mainboard,10,3083,3077,5,0.031263029080631145,0.10665928994384014,0.07187341153621674,4,-0.0913485512137413,-0.0913485512137413
2026-03-09,buyable_mainboard,20,3083,3061,5,0.0879442673829671,0.10465784064281647,0.0668032094836235,4,-0.11314544081687927,-0.11314544081687927
2026-03-10,all_boards,5,5008,5003,0,0.3238935874450921,0.046302464937377226,0.02796449512243271,5,0.00015836134843993932,
2026-03-10,all_boards,10,5008,4997,0,0.19257316602384691,0.08711863979568628,0.0749388039112091,5,-0.04151526838541031,
2026-03-10,all_boards,20,5008,4977,0,0.17281897902194304,0.07874590081624787,0.06915032118558884,5,-0.0042711226269602776,
2026-03-10,buyable_mainboard,5,3082,3081,0,0.2897882829784635,0.042299519365595055,0.027046123519539833,5,0.00015836134843993932,
2026-03-10,buyable_mainboard,10,3082,3077,0,0.16756529486034438,0.08097595243115382,0.06977072358131409,5,-0.04151526838541031,
2026-03-10,buyable_mainboard,20,3082,3062,0,0.17288703476470238,0.07449963468630072,0.063616544008255,5,-0.0042711226269602776,
2026-03-11,all_boards,5,5012,5007,0,0.2661447024607056,0.03434187261459747,0.024732165038585663,5,-0.02245802991092205,
2026-03-11,all_boards,10,5012,5001,0,0.06136353870667378,0.06907741118177309,0.06773459911346436,5,-0.0706699788570404,
2026-03-11,all_boards,20,5012,4981,0,0.13276238689656025,0.08275211508065157,0.0624849908053875,5,-0.0714375227689743,
2026-03-11,buyable_mainboard,5,3085,3084,0,0.2692618414867843,0.03282729450686831,0.02448815479874611,5,-0.016628995537757874,
2026-03-11,buyable_mainboard,10,3085,3080,0,0.03415058479465395,0.06442361619266229,0.06340605765581131,5,-0.0668242797255516,
2026-03-11,buyable_mainboard,20,3085,3065,0,0.14998721951931893,0.07799022772488194,0.0577273890376091,5,-0.06048966199159622,
2026-03-12,all_boards,5,5014,5008,0,0.2699054624501639,0.04203271468836923,0.024883175268769264,5,-0.043325651437044144,
2026-03-12,all_boards,10,5014,5001,0,0.05518159424709832,0.07405337824481098,0.059193842113018036,5,-0.07905963063240051,
2026-03-12,all_boards,20,5014,4983,0,0.14688355080123203,0.0756361335496877,0.05392821133136749,5,-0.05483437702059746,
2026-03-12,buyable_mainboard,5,3086,3084,0,0.27444700522307497,0.041336462268675926,0.02509896643459797,5,-0.05657657980918884,
2026-03-12,buyable_mainboard,10,3086,3079,0,0.035877552278832624,0.06877126598966765,0.056109100580215454,5,-0.09073062241077423,
2026-03-12,buyable_mainboard,20,3086,3066,0,0.19258444773121144,0.07170666387331508,0.050773266702890396,5,-0.06920070946216583,
2026-03-13,all_boards,5,5016,5009,0,0.17651001894707494,0.05732261791213957,0.030585894361138344,5,-0.03780440613627434,
2026-03-13,all_boards,10,5016,5001,0,0.004281599064438054,0.06654013606985199,0.05861031264066696,5,-0.031966932117938995,
2026-03-13,all_boards,20,5016,4983,0,0.06160830876864455,0.07939664574029077,0.0515529029071331,4,0.025925561785697937,
2026-03-13,buyable_mainboard,5,3088,3085,0,0.21416565338476604,0.05595907282291397,0.03054775856435299,5,-0.043189432471990585,
2026-03-13,buyable_mainboard,10,3088,3079,0,0.02843797926830912,0.06259557262281414,0.056049894541502,5,-0.037388890981674194,
2026-03-13,buyable_mainboard,20,3088,3066,0,0.09132189257063196,0.07482487423056611,0.04904748499393463,4,0.012797894887626171,
2026-03-16,all_boards,5,5014,5008,0,0.00458022656707113,0.10321792977497019,0.07537965476512909,5,-0.0940261110663414,
2026-03-16,all_boards,10,5014,4996,0,-0.00349319466442208,0.06420913195482698,0.062359798699617386,5,-0.07186416536569595,
2026-03-16,all_boards,20,5014,4982,0,-0.04525741341978768,0.07876053871728875,0.054244767874479294,4,-0.037145331501960754,
2026-03-16,buyable_mainboard,5,3087,3084,0,0.006930083355701002,0.09833110652817889,0.0714184120297432,5,-0.0882757157087326,
2026-03-16,buyable_mainboard,10,3087,3076,0,0.01127860911167076,0.05879052676828091,0.05884853005409241,5,-0.07930953800678253,
2026-03-16,buyable_mainboard,20,3087,3065,0,-0.008561101003953362,0.07431107161874366,0.05075153708457947,4,-0.055605895817279816,
2026-03-17,all_boards,5,5011,5005,0,-0.0694207103764933,0.07148035022735233,0.07017652690410614,5,0.009648650884628296,
2026-03-17,all_boards,10,5011,4994,0,-0.006747519105215127,0.06952261750792173,0.058621130883693695,5,-0.0017956823576241732,
2026-03-17,all_boards,20,5011,4980,0,0.0006186122884335033,0.08357243514854702,0.04969359189271927,5,0.0520516037940979,
2026-03-17,buyable_mainboard,5,3087,3083,0,-0.04880501476350617,0.0696024110797962,0.06805574148893356,5,-0.027930933982133865,
2026-03-17,buyable_mainboard,10,3087,3074,0,0.0415099547799355,0.06444491248728995,0.056095801293849945,5,-0.07164360582828522,
2026-03-17,buyable_mainboard,20,3087,3065,0,0.03501831889159156,0.07916459341902005,0.047457702457904816,4,-0.0439634770154953,
2026-03-18,all_boards,5,5012,5006,0,-0.13829108292680212,0.057572279124861216,0.06832774728536606,5,0.05317021533846855,
2026-03-18,all_boards,10,5012,4994,0,-0.028108558950283934,0.05634818052403811,0.05662158504128456,5,0.026521403342485428,
2026-03-18,all_boards,20,5012,4981,0,-0.049081531976435194,0.08083949306986449,0.048289500176906586,4,-0.010004514828324318,
2026-03-18,buyable_mainboard,5,3087,3083,0,-0.11051665967374026,0.05434261942762065,0.06450394541025162,5,0.05317021533846855,
2026-03-18,buyable_mainboard,10,3087,3073,0,-0.016354984600319842,0.05201246119920521,0.052820075303316116,5,0.026521403342485428,
2026-03-18,buyable_mainboard,20,3087,3065,0,-0.023345952373657757,0.0761835466228514,0.04493230953812599,4,-0.010004514828324318,
2026-03-19,all_boards,5,5015,5008,504,-0.16490684001487116,0.06755491832883852,0.0628739669919014,5,-0.06026580184698105,-0.04839571937918663
2026-03-19,all_boards,10,5015,4996,504,-0.05995015066505084,0.07035714141217451,0.05653270334005356,5,-0.03787900134921074,-0.033187128603458405
2026-03-19,all_boards,20,5015,4982,504,0.09905803402093608,0.08527198562804196,0.04599236696958542,5,-0.005699099041521549,0.03179163485765457
2026-03-19,buyable_mainboard,5,3088,3083,181,-0.16323818467327061,0.06096251057510182,0.05751851946115494,5,-0.011780859902501106,-0.03543873503804207
2026-03-19,buyable_mainboard,10,3088,3073,181,-0.03999981420254142,0.06262475031433078,0.0509677417576313,5,-0.056631285697221756,-0.025620529428124428
2026-03-19,buyable_mainboard,20,3088,3065,181,0.11084109395079225,0.0804277924458431,0.04162084683775902,4,0.011759907007217407,0.018795249983668327
2026-03-20,all_boards,5,5018,5010,2707,-0.07311254684722282,0.03942158148659613,0.029464708641171455,5,0.0012874018866568804,0.0173638928681612
2026-03-20,all_boards,10,5018,4999,2707,-0.013034181148866618,0.06574074660797236,0.03176461160182953,5,-0.026122014969587326,-0.010470828041434288
2026-03-20,all_boards,20,5018,4979,2707,0.19990948665198133,0.08732336045357858,0.025879377499222755,5,0.08227570354938507,0.07807184010744095
2026-03-20,buyable_mainboard,5,3089,3083,1415,-0.04393463043327443,0.03806133395171025,0.02725646272301674,5,0.021224219352006912,0.023039501160383224
2026-03-20,buyable_mainboard,10,3089,3074,1415,0.021350359248209907,0.059853138327564864,0.02944626659154892,5,-0.02127482183277607,-0.00851497519761324
2026-03-20,buyable_mainboard,20,3089,3064,1415,0.24683273757545998,0.08040840881286403,0.025585316121578217,5,0.03677290305495262,0.0660584419965744
2026-03-23,all_boards,5,5019,5007,4733,0.04098087087496998,0.041050755969929464,0.015417478047311306,5,0.038046181201934814,0.03996020182967186
2026-03-23,all_boards,10,5019,4997,4733,0.07069081761319511,0.06447105532615648,0.02587061934173107,5,0.06448961794376373,0.02030310221016407
2026-03-23,all_boards,20,5019,4978,4733,0.26846767986801057,0.08845296115493101,0.031605374068021774,5,0.125464528799057,0.08979038894176483
2026-03-23,buyable_mainboard,5,3089,3081,2890,0.09849708629593723,0.03978240848736455,0.014135478064417839,5,0.09325150400400162,0.043311793357133865
2026-03-23,buyable_mainboard,10,3089,3073,2890,0.13211283071207774,0.05951556466166988,0.024433095008134842,5,0.06743298470973969,0.02142072282731533
2026-03-23,buyable_mainboard,20,3089,3063,2890,0.2892666460357187,0.08210902997159782,0.032122429460287094,5,0.11050927639007568,0.07657450437545776
2026-03-24,all_boards,5,5018,5007,3939,0.11200135075375849,0.045102609328865784,0.020123271271586418,5,0.029449373483657837,0.007435090374201536
2026-03-24,all_boards,10,5018,4998,3939,0.19442815086498463,0.052836999233309256,0.030560636892914772,5,0.07777289301156998,0.04320331662893295
2026-03-24,all_boards,20,5018,4976,3939,0.21617908016590376,0.0910141806043056,0.03393569216132164,5,0.132208913564682,0.07712479680776596
2026-03-24,buyable_mainboard,5,3089,3080,2302,0.16586253280242583,0.041341936090796116,0.018809886649250984,5,0.06650549173355103,0.012971865013241768
2026-03-24,buyable_mainboard,10,3089,3074,2302,0.22039828976997605,0.050031463179000965,0.029564404860138893,5,0.09683886915445328,0.038784850388765335
2026-03-24,buyable_mainboard,20,3089,3060,2302,0.22820813573874255,0.08292406259083304,0.034644030034542084,5,0.1141437441110611,0.062285155057907104
2026-03-25,all_boards,5,5018,5006,2422,0.17329112171619893,0.0407796753734023,0.022883092984557152,5,0.0016988128190860152,0.012968198396265507
2026-03-25,all_boards,10,5018,4998,2422,0.14068601131224878,0.05566524577798697,0.033725958317518234,5,0.0030069760978221893,0.017513900995254517
2026-03-25,all_boards,20,5018,4972,2422,0.15941016227721108,0.0899915178886019,0.032658085227012634,5,0.05015048384666443,0.04874103516340256
2026-03-25,buyable_mainboard,5,3089,3079,1199,0.19675935142580941,0.038513583136139534,0.021202154457569122,5,0.045703861862421036,0.012220067903399467
2026-03-25,buyable_mainboard,10,3089,3074,1199,0.15468470722841257,0.05352446432485201,0.03323211893439293,5,0.05567009374499321,0.0124960420653224
2026-03-25,buyable_mainboard,20,3089,3057,1199,0.16800491121015929,0.08400698654044168,0.03366685286164284,5,0.10355762392282486,0.03503097593784332
2026-03-26,all_boards,5,5017,5005,3513,0.15129492987264329,0.042748569179583376,0.02172761596739292,5,0.01767757162451744,0.021240834146738052
2026-03-26,all_boards,10,5017,4999,3513,0.28094676207839053,0.06239723848509156,0.02879323437809944,5,0.059386081993579865,0.05583348870277405
2026-03-26,all_boards,20,5017,4968,3513,0.21841182476331628,0.09288585126365805,0.03782549872994423,5,0.13641925156116486,0.07570703327655792
2026-03-26,buyable_mainboard,5,3088,3078,1942,0.1793239608482798,0.04061365131926687,0.021866705268621445,5,0.026032939553260803,0.019623059779405594
2026-03-26,buyable_mainboard,10,3088,3075,1942,0.2925295796888194,0.057706369427184205,0.029540738090872765,5,0.061551470309495926,0.046866435557603836
2026-03-26,buyable_mainboard,20,3088,3053,1942,0.23050900451626236,0.08563259765169662,0.038211435079574585,5,0.12247242033481598,0.0592966303229332
2026-03-27,all_boards,5,5015,5004,2633,0.0859769355070685,0.06020213245505347,0.02804231271147728,5,-0.060657501220703125,-0.01890644058585167
2026-03-27,all_boards,10,5015,4997,2633,0.259520477873782,0.05660212323098892,0.029418697580695152,5,-0.0865912213921547,0.041091784834861755
2026-03-27,all_boards,20,5015,4960,2633,0.20454572017053993,0.09416840083524163,0.03611462935805321,4,0.13803768157958984,0.0749213844537735
2026-03-27,buyable_mainboard,5,3086,3077,1331,0.10304447561541188,0.05871348563834966,0.02885352447628975,5,0.03305315971374512,-0.020115135237574577
2026-03-27,buyable_mainboard,10,3086,3073,1331,0.2581244389253914,0.052681358387786044,0.030686333775520325,5,0.06998296082019806,0.03402627632021904
2026-03-27,buyable_mainboard,20,3086,3046,1331,0.18968163995120418,0.08521727766859308,0.03742310032248497,5,0.13494844734668732,0.057518139481544495
2026-03-30,all_boards,5,5010,5000,848,0.002538445119998045,0.051667357750891825,0.03210410848259926,5,-0.09178733825683594,-0.024945976212620735
2026-03-30,all_boards,10,5010,4996,848,0.26543626590456426,0.05800320783372262,0.029415354132652283,5,-0.060068607330322266,0.04617607221007347
2026-03-30,all_boards,20,5010,4945,848,0.0907556028314808,0.09300814767794131,0.03358016535639763,4,0.09535203874111176,0.05917445197701454
2026-03-30,buyable_mainboard,5,3083,3075,312,0.012757801169290426,0.049741544975251774,0.03270694613456726,4,-0.09611456096172333,-0.028477897867560387
2026-03-30,buyable_mainboard,10,3083,3072,312,0.22621013893955638,0.05175818533955123,0.030010094866156578,4,-0.036563511937856674,0.0319400280714035
2026-03-30,buyable_mainboard,20,3083,3035,312,0.06570660900340393,0.08422057823196692,0.03430550917983055,3,0.1707155853509903,0.04184464365243912
2026-03-31,all_boards,5,5008,4999,4501,0.1903489364620857,0.03431029647792055,0.029942311346530914,4,-0.05045417323708534,0.016948476433753967
2026-03-31,all_boards,10,5008,4994,4501,0.11381667022950015,0.06569524874728443,0.02883106656372547,3,-0.01044130977243185,0.022161252796649933
2026-03-31,all_boards,20,5008,4908,4501,0.07568827710911541,0.10214964439955353,0.03260631114244461,3,-0.10212036222219467,0.04788995906710625
2026-03-31,buyable_mainboard,5,3081,3075,2694,0.15340316246214455,0.032878945484583276,0.030268244445323944,4,-0.08917681127786636,0.008425078354775906
2026-03-31,buyable_mainboard,10,3081,3072,2694,0.09677076976180728,0.06558408706866696,0.029118692502379417,3,-0.04713195934891701,0.009904177859425545
2026-03-31,buyable_mainboard,20,3081,3005,2694,0.06341477392490928,0.09571047776534247,0.03248535841703415,2,0.06094204634428024,0.03124077245593071
2026-04-01,all_boards,5,5011,5003,2689,0.01256729979903272,0.038676123428602084,0.022666169330477715,4,-0.19998307526111603,0.005809620954096317
2026-04-01,all_boards,10,5011,4998,2689,0.1360472577605587,0.057229610375025525,0.02117736078798771,3,-0.06136120855808258,0.03774087876081467
2026-04-01,all_boards,20,5011,4875,2689,0.0527966769165328,0.09983387751871935,0.0351811945438385,0,,0.054722048342227936
2026-04-01,buyable_mainboard,5,3082,3077,1514,-0.03046114275923706,0.03733082093574491,0.022484073415398598,4,-0.07683712244033813,0.0004527755081653595
2026-04-01,buyable_mainboard,10,3082,3074,1514,0.14152702262947656,0.05435694205528792,0.021334199234843254,3,-0.034051086753606796,0.025864968076348305
2026-04-01,buyable_mainboard,20,3082,2981,1514,0.07300701453151352,0.08972736290882026,0.03478160873055458,2,0.10839774459600449,0.03774820268154144
2026-04-02,all_boards,5,5012,5006,4375,0.31308286725667617,0.03791657828018156,0.01694110408425331,4,-0.08865919709205627,0.03016996569931507
2026-04-02,all_boards,10,5012,4998,4375,0.2744997790828209,0.06631040622251319,0.018642442300915718,4,-0.035447265952825546,0.05581565201282501
2026-04-02,all_boards,20,5012,4872,4375,0.1816104673389551,0.1094997849602847,0.0365060530602932,2,0.08707716315984726,0.08984225988388062
2026-04-02,buyable_mainboard,5,3083,3080,2637,0.2887924068028872,0.035544172530192895,0.017149891704320908,4,-0.056915462017059326,0.022006625309586525
2026-04-02,buyable_mainboard,10,3083,3075,2637,0.2544421801954283,0.06333320150153741,0.01911492832005024,3,0.08068476617336273,0.03943410888314247
2026-04-02,buyable_mainboard,20,3083,2980,2637,0.17942507624159718,0.09818966597993116,0.03517213836312294,2,0.12274137884378433,0.0670376718044281
2026-04-03,all_boards,5,5015,5008,4983,0.2842277038933872,0.041268229740425405,0.018905865028500557,5,-0.022121554240584373,0.0516546331346035
2026-04-03,all_boards,10,5015,4995,4983,0.28124064765627,0.06556990521981403,0.02095886692404747,4,0.10547436028718948,0.08372797071933746
2026-04-03,all_boards,20,5015,4876,4983,0.20220577506325876,0.1169121028835943,0.04321341589093208,3,0.20632986724376678,0.1227511614561081
2026-04-03,buyable_mainboard,5,3083,3079,3065,0.32017704421354687,0.038416148288130544,0.018568353727459908,5,-0.004147747065871954,0.04517281427979469
2026-04-03,buyable_mainboard,10,3083,3073,3065,0.2903237047788284,0.06154430950752766,0.020915735512971878,4,0.12929028272628784,0.0691680759191513
2026-04-03,buyable_mainboard,20,3083,2981,3065,0.21853821262341477,0.10496917771825942,0.04213184118270874,2,0.32968413829803467,0.0983843058347702
2026-04-07,all_boards,5,5011,5007,4711,0.26831015265878716,0.04143856014068318,0.021587861701846123,4,0.0018668370321393013,0.03283034637570381
2026-04-07,all_boards,10,5011,4992,4711,0.19137068987796765,0.06642260870820885,0.025680290535092354,3,0.01011489238590002,0.05113716423511505
2026-04-07,all_boards,20,5011,4874,4711,0.21932505886877005,0.11180105203950017,0.04463205859065056,2,0.10320230573415756,0.10062792897224426
2026-04-07,buyable_mainboard,5,3081,3078,2873,0.24135946332692484,0.03896789952528332,0.020973460748791695,4,0.022794846445322037,0.02516714483499527
2026-04-07,buyable_mainboard,10,3081,3071,2873,0.1697527008038871,0.06425137600508718,0.02518507093191147,4,0.08317536115646362,0.04025495424866676
2026-04-07,buyable_mainboard,20,3081,2980,2873,0.21690863681366776,0.1022368032041462,0.04283486306667328,3,0.13207301497459412,0.07873180508613586
2026-04-08,all_boards,5,5011,5006,664,0.014756563129982584,0.03763827497584421,0.020586185157299042,4,0.0519440621137619,0.010113084688782692
2026-04-08,all_boards,10,5011,4989,664,-0.010634452195616047,0.06700891172324182,0.028727127239108086,3,0.006723392754793167,0.04220122843980789
2026-04-08,all_boards,20,5011,4873,664,0.059985407514688026,0.11785766914122242,0.047404393553733826,2,0.16261617839336395,0.09950228780508041
2026-04-08,buyable_mainboard,5,3081,3078,256,0.01472176369437013,0.03555154211568811,0.020302558317780495,4,0.003567442297935486,0.008663255721330643
2026-04-08,buyable_mainboard,10,3081,3067,256,0.029776884063301014,0.06316234149088668,0.028177520260214806,4,0.10234775394201279,0.03594450280070305
2026-04-08,buyable_mainboard,20,3081,2979,256,0.049079006892993104,0.10431164273275459,0.046142853796482086,2,0.38913676142692566,0.08944510668516159
2026-04-09,all_boards,5,5014,5009,4617,0.031788117815988705,0.03529861409345591,0.020238196477293968,4,0.03528931736946106,0.024916337803006172
2026-04-09,all_boards,10,5014,4988,4617,-0.0017341652510137696,0.06960382113759062,0.025486277416348457,4,0.04580828547477722,0.024518385529518127
2026-04-09,all_boards,20,5014,4872,4617,0.10390525195364493,0.1147964021572911,0.04225343093276024,2,0.15713810920715332,0.07735933363437653
2026-04-09,buyable_mainboard,5,3082,3079,2821,0.026246914750720007,0.0333204499298602,0.019919585436582565,4,0.0640270784497261,0.018710222095251083
2026-04-09,buyable_mainboard,10,3082,3065,2821,-0.008426365570459612,0.06757494149754582,0.025118226185441017,4,0.1568308174610138,0.01839221455156803
2026-04-09,buyable_mainboard,20,3082,2979,2821,0.10121616487648553,0.10586764541796238,0.04095613211393356,3,0.313557893037796,0.055867213755846024
2026-04-10,all_boards,5,5016,5008,4568,-0.07998842229630465,0.042110454357899375,0.020903941243886948,5,0.07928602397441864,0.027392329648137093
2026-04-10,all_boards,10,5016,4985,4568,-0.051913885620743096,0.06905439574544497,0.027146870270371437,5,0.07147644460201263,0.021624837070703506
2026-04-10,all_boards,20,5016,4873,4568,0.20756307294798879,0.12058909812473022,0.04345052316784859,3,0.16937567293643951,0.09337040781974792
2026-04-10,buyable_mainboard,5,3083,3078,2776,-0.06123994385030586,0.03848095063436865,0.020431652665138245,4,0.08676189184188843,0.018778681755065918
2026-04-10,buyable_mainboard,10,3083,3061,2776,-0.04898313312418654,0.06597475128284883,0.02626367285847664,4,0.06084077060222626,0.01455936674028635
2026-04-10,buyable_mainboard,20,3083,2980,2776,0.18415350810127182,0.10898989775598372,0.04164787009358406,3,0.14880718290805817,0.06800932437181473
2026-04-13,all_boards,5,5017,5004,4763,-0.03968716161697739,0.03901867466176262,0.016986792907118797,5,0.06867006421089172,0.022470224648714066
2026-04-13,all_boards,10,5017,4980,4763,-0.07410335482405693,0.06953647270112785,0.027566969394683838,5,0.07929337024688721,0.01791520044207573
2026-04-13,all_boards,20,5017,4874,4763,0.14564845559899153,0.11983871330310956,0.038349226117134094,4,0.09160523116588593,0.06169255077838898
2026-04-13,buyable_mainboard,5,3082,3076,2904,-0.017701015594934703,0.03658439897006978,0.016937751322984695,4,0.1036335825920105,0.015475899912416935
2026-04-13,buyable_mainboard,10,3082,3055,2904,-0.07270811781215787,0.0670471404015781,0.026919323951005936,4,0.04086701199412346,0.008577530272305012
2026-04-13,buyable_mainboard,20,3082,2979,2904,0.11468029437399382,0.1107021600494628,0.03692011907696724,3,0.17038607597351074,0.03861268609762192
2026-04-14,all_boards,5,5019,5004,4759,-0.10680031785828238,0.03923264552957831,0.017057230696082115,5,0.011072498746216297,0.013072330504655838
2026-04-14,all_boards,10,5019,4968,4759,-0.05749421526254218,0.07561132576282126,0.03105735406279564,3,0.08547984808683395,0.0016809779917821288
2026-04-14,all_boards,20,5019,4877,4759,0.19559573325420918,0.12108601699204292,0.039290279150009155,3,0.07837779074907303,0.04920822009444237
2026-04-14,buyable_mainboard,5,3083,3076,2920,-0.0676463051969957,0.03774115495099495,0.016999702900648117,5,-0.008449536748230457,0.010005326010286808
2026-04-14,buyable_mainboard,10,3083,3046,2920,-0.05131115519286491,0.07155253780190604,0.029521934688091278,3,0.03168860077857971,-0.0015348888700827956
2026-04-14,buyable_mainboard,20,3083,2981,2920,0.1574983562586767,0.11341853256507457,0.03790666162967682,3,0.017736470326781273,0.026487980037927628
2026-04-15,all_boards,5,5019,5002,4944,-0.04626825398563588,0.04510131734561818,0.019234245643019676,5,0.06750906258821487,0.02566869929432869
2026-04-15,all_boards,10,5019,4933,4944,0.011614559354560239,0.07468061646853649,0.03238879516720772,4,0.04223398491740227,0.02298533357679844
2026-04-15,all_boards,20,5019,4879,4944,0.24264050840086926,0.12813182589731859,0.042442262172698975,4,0.058561597019433975,0.058729711920022964
2026-04-15,buyable_mainboard,5,3084,3073,3035,-0.019600192900850858,0.04283102677464011,0.018757546320557594,5,0.057182006537914276,0.01978626288473606
2026-04-15,buyable_mainboard,10,3084,3017,3035,0.025945991355800002,0.06967456168366047,0.030457237735390663,3,0.07343608140945435,0.020482905209064484
2026-04-15,buyable_mainboard,20,3084,2982,3035,0.20978406584502213,0.12081945964162284,0.0413060262799263,3,0.13248413801193237,0.03358601778745651
2026-04-16,all_boards,5,5021,5000,4720,-0.09748537260910832,0.04590066407161066,0.020879147574305534,5,0.08395884931087494,0.0017118490068241954
2026-04-16,all_boards,10,5021,4896,4720,0.0018469431974612106,0.07217907934685713,0.03355105221271515,3,0.021253526210784912,0.01533158402889967
2026-04-16,all_boards,20,5021,4877,4720,0.23773115264331413,0.12478696188788306,0.04247716814279556,3,0.021046966314315796,0.05408480390906334
2026-04-16,buyable_mainboard,5,3085,3071,2902,-0.09511356823973784,0.04447594740360668,0.02015695534646511,5,0.03434942662715912,0.0006791400955989957
2026-04-16,buyable_mainboard,10,3085,2990,2902,0.021407989695132825,0.06780732672127746,0.03139513358473778,2,0.053619422018527985,0.010796901769936085
2026-04-16,buyable_mainboard,20,3085,2979,2902,0.20611840824460417,0.11498536869451172,0.0416078194975853,2,0.07740378379821777,0.026566825807094574
2026-04-17,all_boards,5,5021,4998,4577,-0.012860963253298854,0.046496249911164085,0.023942474275827408,5,-0.0589275062084198,-0.005514000076800585
2026-04-17,all_boards,10,5021,4894,4577,-0.004385644446363009,0.0716686687444254,0.033534009009599686,1,-0.10609613358974457,0.025475027039647102
2026-04-17,all_boards,20,5021,4879,4577,0.08767500721154006,0.12802216231642677,0.0423530675470829,1,-0.04630715027451515,0.0378098264336586
2026-04-17,buyable_mainboard,5,3085,3068,2854,-0.0021508976769911846,0.04345682564165452,0.022298093885183334,5,-0.07630506157875061,-0.00420149601995945
2026-04-17,buyable_mainboard,10,3085,2989,2854,0.03714708185350115,0.06668091589021682,0.031049340963363647,2,0.002852555364370346,0.021411126479506493
2026-04-17,buyable_mainboard,20,3085,2980,2854,0.09042412746647976,0.11694622773550344,0.041876159608364105,2,-0.0014144442975521088,0.012840070761740208
2026-04-20,all_boards,5,5015,4991,2899,-0.033925101446404635,0.04639307775017728,0.02701779454946518,5,-0.11331875622272491,-0.0028296487871557474
2026-04-20,all_boards,10,5015,4895,2899,-0.07519925259792191,0.07189595332216762,0.03296609967947006,1,-0.1483631283044815,0.023339802399277687
2026-04-20,all_boards,20,5015,4880,2899,0.059286820124586935,0.12927927384144658,0.044095639139413834,1,-0.10285581648349762,-0.0067827133461833
2026-04-20,buyable_mainboard,5,3082,3061,1858,0.0019400060920700367,0.04322719079661713,0.0252848993986845,5,-0.11331875622272491,-0.004870545584708452
2026-04-20,buyable_mainboard,10,3082,2989,1858,-0.032549485820895584,0.06545066486699952,0.03082367219030857,1,-0.1483631283044815,0.01641513966023922
2026-04-20,buyable_mainboard,20,3082,2980,1858,0.056413716227081315,0.12241107075308737,0.043501947075128555,1,-0.10285581648349762,-0.021852020174264908
2026-04-21,all_boards,5,5018,4982,1047,0.0020187891905090773,0.05050717350163553,0.02709823101758957,3,-0.07322480529546738,-0.010468197986483574
2026-04-21,all_boards,10,5018,4899,1047,-0.11580406422339211,0.07220984251551525,0.030080819502472878,2,-0.05708153918385506,0.030673660337924957
2026-04-21,all_boards,20,5018,4885,1047,-0.04879281006550342,0.1287208796528496,0.045481905341148376,2,-0.08470827341079712,-0.016603494063019753
2026-04-21,buyable_mainboard,5,3085,3055,720,0.025345608529794145,0.04689300529391668,0.02526679076254368,3,-0.0859619677066803,-0.009168482385575771
2026-04-21,buyable_mainboard,10,3085,2993,720,-0.062422079854672435,0.06514302773820321,0.02804756537079811,2,-0.07169727236032486,0.025477731600403786
2026-04-21,buyable_mainboard,20,3085,2984,720,-0.007863110862715243,0.11656991908651998,0.044633664190769196,2,-0.11809320002794266,-0.025712110102176666
2026-04-22,all_boards,5,5016,4946,259,0.16979724375751926,0.04864614822776032,0.0296730138361454,4,0.034571174532175064,0.007150033488869667
2026-04-22,all_boards,10,5016,4898,259,-0.13791933777750287,0.07619339151117809,0.030093515291810036,4,0.016722988337278366,0.02938045561313629
2026-04-22,all_boards,20,5016,4885,259,-0.11267196557900475,0.1302217961994034,0.04483073577284813,4,-0.03733838349580765,-0.032391611486673355
2026-04-22,buyable_mainboard,5,3081,3025,221,0.1866552802558362,0.044897095557246434,0.026686476543545723,4,0.034571174532175064,0.009925859980285168
2026-04-22,buyable_mainboard,10,3081,2992,221,-0.08187741239145249,0.06830447611033369,0.028152866289019585,4,0.016722988337278366,0.02632126957178116
2026-04-22,buyable_mainboard,20,3081,2984,221,-0.0482849897143843,0.11653340840209896,0.044565215706825256,4,-0.03733838349580765,-0.033058080822229385
2026-04-23,all_boards,5,5015,4908,2665,0.07572470465403511,0.0518641863743335,0.0250143613666296,1,-0.0180265661329031,0.018750492483377457
2026-04-23,all_boards,10,5015,4895,2665,-0.11525437350302302,0.08146942278519616,0.027358606457710266,1,-0.03154648840427399,0.03740797936916351
2026-04-23,all_boards,20,5015,4885,2665,-0.1124812687203631,0.13613939483135215,0.04796379804611206,1,-0.1188330203294754,-0.009577631950378418
2026-04-23,buyable_mainboard,5,3081,2998,1789,0.1275226008875211,0.048448464304739265,0.023611007258296013,1,0.026824457570910454,0.01689288206398487
2026-04-23,buyable_mainboard,10,3081,2992,1789,-0.04879238877843157,0.0727350531423117,0.02634558454155922,1,0.020907297730445862,0.028732703998684883
2026-04-23,buyable_mainboard,20,3081,2985,1789,-0.05805576912455104,0.12375840897633561,0.04672413319349289,1,0.001183431944809854,-0.019751733168959618
2026-04-24,all_boards,5,5017,4910,3315,-0.044901417670182235,0.05190680176817653,0.022089416161179543,2,0.06512488424777985,0.027182748541235924
2026-04-24,all_boards,10,5017,4901,3315,-0.12835646081853722,0.08567147459060276,0.025264697149395943,2,0.08423985540866852,0.04922143742442131
2026-04-24,all_boards,20,5017,4891,3315,-0.14397180986094363,0.14169661962954877,0.0500677265226841,2,0.011021237820386887,-0.018502861261367798
2026-04-24,buyable_mainboard,5,3080,2999,2170,-0.0022240831422972057,0.04755667576655581,0.02096053585410118,2,-0.05319366976618767,0.023591620847582817
2026-04-24,buyable_mainboard,10,3080,2996,2170,-0.06506353895727031,0.0762433720487855,0.024376170709729195,2,-0.07030552625656128,0.03803309425711632
2026-04-24,buyable_mainboard,20,3080,2989,2170,-0.08674335492203523,0.1334482106124199,0.04948551952838898,2,-0.10409118235111237,-0.03041723184287548
2026-04-27,all_boards,5,5012,4914,2412,-0.11758437545586979,0.05274606169887559,0.020656824111938477,2,-0.04396276921033859,0.025773094967007637
2026-04-27,all_boards,10,5012,4904,2412,-0.21522183654394825,0.0815282194206677,0.025286631658673286,2,-0.07644692808389664,0.016395285725593567
2026-04-27,all_boards,20,5012,4895,2412,-0.21262953552615613,0.141700920305134,0.052301354706287384,2,-0.10402388870716095,-0.035837702453136444
2026-04-27,buyable_mainboard,5,3074,3001,1700,-0.0688243282676994,0.047357925667387876,0.019824787974357605,2,-0.042778898030519485,0.02320532500743866
2026-04-27,buyable_mainboard,10,3074,2997,1700,-0.14437774503573916,0.07445156257993955,0.024607423692941666,2,-0.0576641745865345,0.01280891615897417
2026-04-27,buyable_mainboard,20,3074,2991,1700,-0.12996524003000634,0.13174802539464917,0.05138250067830086,2,-0.08371312916278839,-0.039247650653123856
2026-04-28,all_boards,5,4999,4913,3451,0.10847173614846682,0.0602241987513325,0.021108340471982956,4,0.11796769499778748,0.055286750197410583
2026-04-28,all_boards,10,4999,4905,3451,-0.09601372309101094,0.08515070088331554,0.026863649487495422,4,0.07282142341136932,0.033771153539419174
2026-04-28,all_boards,20,4999,4896,3451,-0.1458590503527057,0.14384151501678324,0.053823135793209076,4,0.07528632134199142,-0.02772928774356842
2026-04-28,buyable_mainboard,5,3065,3001,2218,0.15472224543531202,0.05324860043442566,0.020846836268901825,4,0.12869882583618164,0.04593553766608238
2026-04-28,buyable_mainboard,10,3065,2998,2218,-0.02737006027642663,0.0783380387488369,0.026540393009781837,4,0.118636354804039,0.01990150660276413
2026-04-28,buyable_mainboard,20,3065,2992,2218,-0.07132113351210112,0.13577071067869995,0.052462950348854065,4,0.11826211214065552,-0.03458045423030853
2026-04-29,all_boards,5,4962,4913,1729,0.011842165070313835,0.06220469909633267,0.022445127367973328,2,0.03717666491866112,0.041872598230838776
2026-04-29,all_boards,10,4962,4907,1729,-0.13308391639378653,0.08661548034340835,0.032540980726480484,2,-0.03204374015331268,0.007701157592236996
2026-04-29,all_boards,20,4962,4895,1729,-0.12126532929434378,0.12562008538751684,0.057679805904626846,2,-0.1008056104183197,-0.044032882899045944
2026-04-29,buyable_mainboard,5,3035,3001,1111,0.04248361144229586,0.05283047303008622,0.021296940743923187,2,0.03901227191090584,0.03193920850753784
2026-04-29,buyable_mainboard,10,3035,2999,1111,-0.06480921198774553,0.08091803103201783,0.03256131336092949,2,-0.04005923494696617,-0.0030977989081293344
2026-04-29,buyable_mainboard,20,3035,2991,1111,-0.06440833880895126,0.11828948255876844,0.055632755160331726,2,-0.07989203929901123,-0.04273773729801178
2026-04-30,all_boards,5,4927,4914,771,-0.046681934380904684,0.05385054038447795,0.024772904813289642,4,-0.013082407414913177,0.013584461994469166
2026-04-30,all_boards,10,4927,4908,771,-0.16521189888276297,0.08445801865528438,0.03439120203256607,4,0.013186443597078323,-0.002034488832578063
2026-04-30,all_boards,20,4927,4896,771,-0.0916623977173862,0.13491961524182086,0.06092388927936554,4,-0.06486184149980545,-0.06986945122480392
2026-04-30,buyable_mainboard,5,3008,3002,555,0.021904468748678192,0.049103521173960864,0.023515963926911354,3,-0.011154882609844208,0.01151465717703104
2026-04-30,buyable_mainboard,10,3008,2997,555,-0.07186056413799796,0.07862399916415043,0.03399834781885147,3,0.04826649650931358,-0.007353601511567831
2026-04-30,buyable_mainboard,20,3008,2990,555,-0.03030273392143644,0.12719035599340386,0.058044347912073135,3,-0.046682193875312805,-0.06341516971588135
2026-05-06,all_boards,5,4926,4917,0,-0.20412395667356617,0.05454363564896166,0.02566513791680336,5,-0.0161068644374609,
2026-05-06,all_boards,10,4926,4911,0,-0.22031409924707113,0.08606163565391214,0.03692604601383209,5,-0.04484671354293823,
2026-05-06,all_boards,20,4926,4900,0,-0.04835756093307804,0.13297792341962827,0.062330298125743866,5,-0.09837870299816132,
2026-05-06,buyable_mainboard,5,3008,3005,0,-0.16347233780633152,0.048256542565784086,0.02418697252869606,5,-0.01327788271009922,
2026-05-06,buyable_mainboard,10,3008,2999,0,-0.11200544439452575,0.08009124899967181,0.036345187574625015,5,-0.03743351250886917,
2026-05-06,buyable_mainboard,20,3008,2993,0,0.009137427514726012,0.12393460775213051,0.0587627999484539,5,-0.07680906355381012,
2026-05-07,all_boards,5,4928,4918,0,-0.2171431968283183,0.049776990274659115,0.025255078449845314,5,-0.007352180778980255,
2026-05-07,all_boards,10,4928,4913,0,-0.1538770547707502,0.08680063414645281,0.039334382861852646,5,-0.05933621525764465,
2026-05-07,all_boards,20,4928,4902,0,-0.02514470831298544,0.13630482714380635,0.06541896611452103,5,-0.12293633073568344,
2026-05-07,buyable_mainboard,5,3008,3004,0,-0.17205373148094238,0.04452947157848725,0.023732781410217285,5,-0.007352180778980255,
2026-05-07,buyable_mainboard,10,3008,2999,0,-0.06512440530339629,0.08506858446929935,0.038861233741045,5,-0.05933621525764465,
2026-05-07,buyable_mainboard,20,3008,2993,0,0.03988348917780406,0.12560205354536316,0.0604654997587204,5,-0.12293633073568344,
2026-05-08,all_boards,5,4930,4922,0,-0.053839367677019676,0.05047989902733775,0.026517847552895546,5,-0.016921494156122208,
2026-05-08,all_boards,10,4930,4916,0,-0.1441907142913717,0.08554894136850087,0.04336703568696976,5,-0.05846962332725525,
2026-05-08,all_boards,20,4930,4905,0,0.06779206057990345,0.12755887019963566,0.07165198773145676,5,-0.09856320917606354,
2026-05-08,buyable_mainboard,5,3008,3005,0,-0.00011496027002635492,0.047093153541613225,0.025796514004468918,5,-0.009787766262888908,
2026-05-08,buyable_mainboard,10,3008,2999,0,-0.04773464823417053,0.08246527943256415,0.043894682079553604,5,-0.05181630328297615,
2026-05-08,buyable_mainboard,20,3008,2993,0,0.14619491057395034,0.11809602859043099,0.06618209183216095,5,-0.07072558999061584,
2026-05-11,all_boards,5,4931,4925,0,-0.1064061558693976,0.051489189811821184,0.02938990853726864,5,-0.019858771935105324,
2026-05-11,all_boards,10,4931,4918,0,-0.1530385675334092,0.09117003036218833,0.045071396976709366,5,-0.06283930689096451,
2026-05-11,all_boards,20,4931,4905,0,0.1224938167947764,0.13942775923353368,0.08136171847581863,5,-0.09566198289394379,
2026-05-11,buyable_mainboard,5,3010,3008,0,-0.046020078313629226,0.049843328633667555,0.030056392773985863,5,-0.019858771935105324,
2026-05-11,buyable_mainboard,10,3010,3002,0,-0.0491750522842688,0.08613180127678478,0.04564730450510979,5,-0.06283930689096451,
2026-05-11,buyable_mainboard,20,3010,2994,0,0.19393297427608236,0.12949359598348328,0.07529652863740921,5,-0.09566198289394379,
2026-05-12,all_boards,5,4929,4923,0,-0.1399367109710304,0.05071022966607158,0.028059201315045357,5,0.006140836980193853,
2026-05-12,all_boards,10,4929,4919,0,-0.13600072154934834,0.09287176375288239,0.04675062745809555,5,-0.07086017727851868,
2026-05-12,all_boards,20,4929,4905,0,0.03813720528303704,0.13413037249052626,0.07625162601470947,5,-0.10349112749099731,
2026-05-12,buyable_mainboard,5,3010,3005,0,-0.06027224667764005,0.04626694117693952,0.027611037716269493,5,0.006140836980193853,
2026-05-12,buyable_mainboard,10,3010,3003,0,-0.031296124438372944,0.0878324920898764,0.0459832064807415,5,-0.07086017727851868,
2026-05-12,buyable_mainboard,20,3010,2993,0,0.1246035735920118,0.12478554093473862,0.071072056889534,5,-0.10349112749099731,
2026-05-13,all_boards,5,4928,4922,0,-0.05710811550298777,0.05364309462296688,0.030574342235922813,5,-0.033249057829380035,
2026-05-13,all_boards,10,4928,4918,0,-0.033377102118283604,0.10211503902332877,0.05603528767824173,5,-0.06922433525323868,
2026-05-13,all_boards,20,4928,4902,0,0.14986971430366128,0.137363194049211,0.08442921191453934,5,-0.07985026389360428,
2026-05-13,buyable_mainboard,5,3010,3004,0,0.053142596709687455,0.051775000501153495,0.03145984932780266,5,-0.033249057829380035,
2026-05-13,buyable_mainboard,10,3010,3003,0,0.0646029913008723,0.09888067819161668,0.056139081716537476,5,-0.06922433525323868,
2026-05-13,buyable_mainboard,20,3010,2992,0,0.24600766736794583,0.12809700014429565,0.07875259965658188,5,-0.07985026389360428,
2026-05-14,all_boards,5,4928,4923,0,-0.040220973094180754,0.05821624451193177,0.029568612575531006,5,-0.04713050648570061,
2026-05-14,all_boards,10,4928,4918,0,-0.15981797603000963,0.09510800774460436,0.052173200994729996,5,-0.09168197214603424,
2026-05-14,all_boards,20,4928,4899,0,0.05628312685424701,0.13761120668229979,0.0814368948340416,5,-0.1408037394285202,
2026-05-14,buyable_mainboard,5,3009,3004,0,3.87938458135694e-05,0.05786561291348727,0.029892602935433388,5,-0.046705104410648346,
2026-05-14,buyable_mainboard,10,3009,3002,0,-0.06845084511420267,0.09093427185869951,0.05120017006993294,5,-0.09264858812093735,
2026-05-14,buyable_mainboard,20,3009,2990,0,0.15343016804679444,0.12872210612725374,0.07547535002231598,5,-0.12907803058624268,
2026-05-15,all_boards,5,4930,4924,0,-0.19921058893661653,0.050991081139713575,0.027674779295921326,5,-0.023892898112535477,
2026-05-15,all_boards,10,4930,4919,0,0.01098113655228731,0.10166905794575941,0.05421559140086174,5,-0.05017618089914322,
2026-05-15,all_boards,20,4930,4898,0,0.06880029833522283,0.12764575922672003,0.07969030737876892,5,-0.07159487158060074,
2026-05-15,buyable_mainboard,5,3011,3005,0,-0.11265314840565785,0.04890965832861115,0.02736085280776024,5,-0.023892898112535477,
2026-05-15,buyable_mainboard,10,3011,3003,0,0.07760111780360199,0.09503873848176178,0.050479162484407425,5,-0.05017618089914322,
2026-05-15,buyable_mainboard,20,3011,2990,0,0.14863202766291134,0.11811651550817387,0.0732504278421402,5,-0.07159487158060074,
2026-05-18,all_boards,5,4931,4924,0,-0.18630657869673822,0.05670859909561592,0.028610434383153915,5,-0.021005388349294662,
2026-05-18,all_boards,10,4931,4917,0,0.1695676307946442,0.08954203810416403,0.05608634278178215,5,-0.02088858187198639,
2026-05-18,all_boards,20,4931,4893,0,0.007010363012698757,0.1258772651202969,0.07976400852203369,5,-0.06510654091835022,
2026-05-18,buyable_mainboard,5,3012,3006,0,-0.09066617058879647,0.051813517975097784,0.027496570721268654,5,-0.021005388349294662,
2026-05-18,buyable_mainboard,10,3012,3002,0,0.18487274420470035,0.07988270134039466,0.05068826302886009,5,-0.02088858187198639,
2026-05-18,buyable_mainboard,20,3012,2986,0,0.11442489803849058,0.11355686139716485,0.07211491465568542,5,-0.06510654091835022,
2026-05-19,all_boards,5,4930,4926,0,-0.02636206487967266,0.06287227453383494,0.03630993887782097,5,-0.050865404307842255,
2026-05-19,all_boards,10,4930,4916,0,0.14549461170151906,0.10003636086611846,0.06182800978422165,5,-0.052068717777729034,
2026-05-19,all_boards,20,4930,4893,0,-0.03988436792835365,0.12649972801928905,0.08050479739904404,5,-0.1127786859869957,
2026-05-19,buyable_mainboard,5,3009,3007,0,0.028709261795656933,0.05863233765533426,0.03413425385951996,5,-0.052285335958004,
2026-05-19,buyable_mainboard,10,3009,3000,0,0.1404850209995371,0.08866704258145182,0.0541427806019783,5,-0.05296056345105171,
2026-05-19,buyable_mainboard,20,3009,2986,0,0.06318168059260766,0.11541183082320593,0.07261911034584045,5,-0.10793904960155487,
2026-05-20,all_boards,5,4933,4929,0,0.03243426574909157,0.07127621774977853,0.04327447712421417,5,-0.0454552099108696,
2026-05-20,all_boards,10,4933,4920,0,0.16227249750922093,0.10525788229367719,0.06407345086336136,5,-0.04084679111838341,
2026-05-20,all_boards,20,4933,4895,0,-0.08544044435509648,0.13334565768207732,0.08119045197963715,5,-0.09209884703159332,
2026-05-20,buyable_mainboard,5,3012,3011,0,0.03084800699514168,0.06573169728206392,0.039179883897304535,5,-0.0454552099108696,
2026-05-20,buyable_mainboard,10,3012,3004,0,0.14079847654608946,0.09363688632941444,0.05404858663678169,5,-0.04084679111838341,
2026-05-20,buyable_mainboard,20,3012,2989,0,0.004711872227377237,0.12277003275494204,0.07261164486408234,5,-0.09209884703159332,
2026-05-21,all_boards,5,4935,4930,1,-0.10372159230307712,0.06371583568157936,0.03674741089344025,5,-0.02120116725564003,-0.03944773226976395
2026-05-21,all_boards,10,4935,4922,1,0.015394870129493659,0.10759442258949523,0.059647951275110245,5,-0.02793477475643158,-0.04339250549674034
2026-05-21,all_boards,20,4935,4893,1,-0.1916706165930954,0.14423853771885028,0.07540147006511688,5,-0.06167091801762581,-0.07490696012973785
2026-05-21,buyable_mainboard,5,3012,3010,1,-0.06709632055989247,0.05836835681217911,0.032989464700222015,5,-0.02120116725564003,-0.03944773226976395
2026-05-21,buyable_mainboard,10,3012,3004,1,0.048603502988754856,0.09809008165980238,0.05055097118020058,5,-0.02793477475643158,-0.04339250549674034
2026-05-21,buyable_mainboard,20,3012,2987,1,-0.07508996055959088,0.13235075884673903,0.06858140230178833,5,-0.06167091801762581,-0.07490696012973785
2026-05-22,all_boards,5,4937,4932,0,0.22182340178468218,0.07497028318066724,0.048638056963682175,5,-0.024287715554237366,
2026-05-22,all_boards,10,4937,4925,0,0.15710538208030034,0.09913137663737834,0.06725259125232697,5,-0.029447034001350403,
2026-05-22,all_boards,20,4937,4894,0,-0.1144814367742408,0.13388476980556538,0.08325634896755219,5,-0.08063893020153046,
2026-05-22,buyable_mainboard,5,3012,3010,0,0.2303401038166792,0.06592285029264953,0.041769854724407196,5,-0.024287715554237366,
2026-05-22,buyable_mainboard,10,3012,3005,0,0.18386819006521782,0.08944264580004559,0.05672599375247955,5,-0.029447034001350403,
2026-05-22,buyable_mainboard,20,3012,2986,0,0.005144723132641464,0.12245289014913228,0.07710689306259155,5,-0.08063893020153046,
2026-05-25,all_boards,5,4941,4934,0,0.3250865994755873,0.06098248773088136,0.0445563942193985,5,0.0015098147559911013,
2026-05-25,all_boards,10,4941,4928,0,0.22428849292496464,0.11095570739136641,0.07334588468074799,5,-0.05030883476138115,
2026-05-25,all_boards,20,4941,4898,0,-0.059356287698190076,0.12078661874970249,0.07679746299982071,5,-0.07210198789834976,
2026-05-25,buyable_mainboard,5,3015,3011,0,0.25237702975514464,0.0514288522703154,0.03626558557152748,5,0.0015098147559911013,
2026-05-25,buyable_mainboard,10,3015,3007,0,0.22192955371870923,0.09924538093670443,0.06177963316440582,5,-0.05030883476138115,
2026-05-25,buyable_mainboard,20,3015,2989,0,0.037932236618504714,0.11227861066822477,0.0705508440732956,5,-0.07210198789834976,
2026-05-26,all_boards,5,4941,4931,0,0.18592181455099752,0.06180250441617815,0.04243440926074982,5,-0.00203048181720078,
2026-05-26,all_boards,10,4941,4927,0,0.09617680346500347,0.09987979259943056,0.06776393949985504,5,-0.043265439569950104,
2026-05-26,all_boards,20,4941,4898,0,-0.17654178315602664,0.13508266959946091,0.07254628837108612,5,-0.08606000244617462,
2026-05-26,buyable_mainboard,5,3016,3009,0,0.1281373853003837,0.05247369822156749,0.03407321497797966,5,-0.00203048181720078,
2026-05-26,buyable_mainboard,10,3016,3006,0,0.12554981563118064,0.09238848181007643,0.05850686877965927,5,-0.043265439569950104,
2026-05-26,buyable_mainboard,20,3016,2989,0,-0.07515854213128778,0.12603392939286256,0.06811658293008804,5,-0.08606000244617462,
2026-05-27,all_boards,5,4941,4932,0,0.0798691090336752,0.056018181286010924,0.03391343727707863,5,0.004895241465419531,
2026-05-27,all_boards,10,4941,4925,0,0.13267771365457,0.09779560834300872,0.0621587298810482,5,-0.04465124383568764,
2026-05-27,all_boards,20,4941,4896,0,-0.18680579777484915,0.14929367595501164,0.06885851919651031,5,-0.10274718701839447,
2026-05-27,buyable_mainboard,5,3017,3010,0,0.02774086363683296,0.048247871023322716,0.027610071003437042,5,0.004895241465419531,
2026-05-27,buyable_mainboard,10,3017,3006,0,0.17855657392687954,0.08969933378180663,0.05396308749914169,5,-0.04465124383568764,
2026-05-27,buyable_mainboard,20,3017,2987,0,-0.07189641495172379,0.13885201771235298,0.06574375927448273,5,-0.10274718701839447,
2026-05-28,all_boards,5,4941,4933,0,0.10551259185862762,0.06342348624836583,0.043979790061712265,5,-0.020815126597881317,
2026-05-28,all_boards,10,4941,4922,0,0.16194686014427265,0.10525961613020021,0.07214969396591187,5,-0.035264838486909866,
2026-05-28,all_boards,20,4941,4894,0,-0.13399328033041072,0.15263391434015064,0.07905057817697525,5,-0.08789380639791489,
2026-05-28,buyable_mainboard,5,3017,3011,0,0.07456139676210737,0.05505144440878619,0.035570673644542694,5,-0.020815126597881317,
2026-05-28,buyable_mainboard,10,3017,3005,0,0.2149376741075253,0.09716776194897002,0.06312981992959976,5,-0.035264838486909866,
2026-05-28,buyable_mainboard,20,3017,2987,0,0.00015316881878585202,0.14418116247934812,0.07619140297174454,5,-0.08789380639791489,
2026-05-29,all_boards,5,4941,4934,0,0.1314568620242012,0.05090596702133078,0.03010975942015648,5,-0.009570459835231304,
2026-05-29,all_boards,10,4941,4920,0,0.08612274400564297,0.08647255365580261,0.05713067948818207,5,-0.03009803220629692,
2026-05-29,all_boards,20,4941,4888,0,-0.16868655188764645,0.15756392172687128,0.08023253083229065,5,-0.11609512567520142,
2026-05-29,buyable_mainboard,5,3017,3012,0,0.13338464288866367,0.0476818948759664,0.026192370802164078,5,-0.022493792697787285,
2026-05-29,buyable_mainboard,10,3017,3004,0,0.12199209111438498,0.0817483580057658,0.053380660712718964,5,-0.036152761429548264,
2026-05-29,buyable_mainboard,20,3017,2985,0,-0.047904434425036925,0.1484116715827975,0.08131342381238937,5,-0.10779841244220734,
2026-06-01,all_boards,5,4939,4933,0,0.07049706174682763,0.07674140400873065,0.050960201770067215,5,-0.06499844044446945,
2026-06-01,all_boards,10,4939,4914,0,-0.13281946941106024,0.09401057483193197,0.0634412169456482,5,-0.06573748588562012,
2026-06-01,all_boards,20,4939,4886,0,-0.16680741722355444,0.17530241000567123,0.0880388393998146,5,-0.11193400621414185,
2026-06-01,buyable_mainboard,5,3016,3012,0,0.052122782091962624,0.07372791621874226,0.04833049699664116,5,-0.06646770983934402,
2026-06-01,buyable_mainboard,10,3016,3000,0,-0.04173467842467979,0.08811671524945995,0.06171548366546631,5,-0.043207667768001556,
2026-06-01,buyable_mainboard,20,3016,2983,0,-0.050309743403695394,0.16305565728083393,0.09052690118551254,5,-0.10181699693202972,
2026-06-02,all_boards,5,4936,4932,2,0.0003433555911417813,0.06376212660073763,0.04234421253204346,5,-0.016021721065044403,0.037179335951805115
2026-06-02,all_boards,10,4936,4913,2,-0.1666350722033093,0.08843115153749374,0.05386611074209213,5,-0.007882064208388329,0.06476027518510818
2026-06-02,all_boards,20,4936,4884,2,-0.13705106260654862,0.1555918055156789,0.07825649529695511,5,-0.057104192674160004,-0.012840834446251392
2026-06-02,buyable_mainboard,5,3013,3010,0,0.0072195829218641054,0.061664934074017394,0.040603507310152054,5,-0.04658026620745659,
2026-06-02,buyable_mainboard,10,3013,2999,0,-0.08380264235936527,0.0832538349315971,0.05232064425945282,5,-0.04791751503944397,
2026-06-02,buyable_mainboard,20,3013,2980,0,-0.03153632684752313,0.1421396553971053,0.08059366792440414,5,-0.1226302832365036,
2026-06-03,all_boards,5,4938,4931,5,0.001174946533418066,0.06382298294092614,0.04059114679694176,5,-0.033493489027023315,-0.033493489027023315
2026-06-03,all_boards,10,4938,4913,5,-0.23995582812851793,0.09625398676393945,0.04776911810040474,5,-0.03752710670232773,-0.03752710670232773
2026-06-03,all_boards,20,4938,4886,5,-0.09942911799169653,0.14184391028703214,0.07189922779798508,5,-0.06425587832927704,-0.06425587832927704
2026-06-03,buyable_mainboard,5,3015,3011,3,0.03638398456184556,0.06143267035600024,0.03966636583209038,5,-0.02309875749051571,-0.03946331515908241
2026-06-03,buyable_mainboard,10,3015,3000,3,-0.13171912853505527,0.0898868628959899,0.047836508601903915,5,-0.0515315942466259,-0.06045948341488838
2026-06-03,buyable_mainboard,20,3015,2982,3,0.010797247743077047,0.1310398603104973,0.07486166059970856,5,-0.05665352940559387,-0.06890597194433212
2026-06-04,all_boards,5,4938,4927,123,-0.01330170993823866,0.06760591933816676,0.04281659796833992,5,-0.03936822712421417,-0.026994777843356133
2026-06-04,all_boards,10,4938,4909,123,-0.23138162578753385,0.09655724030422379,0.04675756394863129,5,-0.031230006366968155,-0.033052146434783936
2026-06-04,all_boards,20,4938,4886,123,-0.04240611627954551,0.12616002238222984,0.0674341470003128,5,-0.06297235935926437,-0.008108763955533504
2026-06-04,buyable_mainboard,5,3015,3009,86,0.016295451602469858,0.06431532657538457,0.0406043641269207,5,-0.044294387102127075,-0.021628916263580322
2026-06-04,buyable_mainboard,10,3015,2998,86,-0.11120779755380258,0.0917016525317576,0.04730171710252762,5,-0.03641314432024956,-0.034529801458120346
2026-06-04,buyable_mainboard,20,3015,2982,86,0.053677443398746534,0.11632835100584295,0.07029362767934799,5,0.021919528022408485,-0.017787745222449303
2026-06-05,all_boards,5,4939,4925,23,0.04256175862084788,0.052552631315632654,0.03031018190085888,5,-0.020941032096743584,-0.011259546503424644
2026-06-05,all_boards,10,4939,4908,23,-0.2692239477074055,0.10481138930218625,0.043837301433086395,5,-0.033939093351364136,-0.0398746021091938
2026-06-05,all_boards,20,4939,4886,23,-0.07090615145957924,0.12636040663407033,0.06365343183279037,5,-0.007376073393970728,-0.04152125492691994
2026-06-05,buyable_mainboard,5,3015,3007,15,0.0645448779843647,0.04833922870955843,0.029196593910455704,5,0.018762176856398582,-0.002641481813043356
2026-06-05,buyable_mainboard,10,3015,2996,15,-0.15829936849011703,0.09506532199797954,0.04564162716269493,5,-0.04672856256365776,-0.04404042661190033
2026-06-05,buyable_mainboard,20,3015,2981,15,0.010797357229446447,0.111656289578986,0.06498005986213684,5,-0.009650999680161476,-0.04039545729756355
2026-06-08,all_boards,5,4938,4919,3980,0.10628479455226843,0.05513966742311398,0.03042517602443695,5,0.04507261514663696,0.014735188335180283
2026-06-08,all_boards,10,4938,4908,3980,-0.11276290726542712,0.09700712092376251,0.04684465005993843,5,0.008174588903784752,0.015238956548273563
2026-06-08,all_boards,20,4938,4886,3980,-0.06616779245293158,0.14869163622528733,0.06978873908519745,5,-0.026446962729096413,-0.03159276396036148
2026-06-08,buyable_mainboard,5,3015,3003,2453,0.10289783509844068,0.05064235376626316,0.029480041936039925,5,0.019887438043951988,0.010540359653532505
2026-06-08,buyable_mainboard,10,3015,2997,2453,-0.05271611227984956,0.09203884481648322,0.04934411868453026,5,-0.03137612342834473,-0.0016571586020290852
2026-06-08,buyable_mainboard,20,3015,2981,2453,-0.045662115707521586,0.14035339286726595,0.07117448002099991,5,-0.052576541900634766,-0.049716684967279434
2026-06-09,all_boards,5,4939,4920,2630,-0.07582338091320509,0.05308049240628847,0.026318619027733803,5,-0.004232657141983509,0.013289148919284344
2026-06-09,all_boards,10,4939,4910,2630,-0.19499298882684266,0.10639188110267898,0.04198107495903969,5,-0.04846843332052231,-0.0162911806255579
2026-06-09,all_boards,20,4939,4888,2630,0.002734921989469237,0.13573537240700514,0.06665533781051636,5,-0.07425949722528458,-0.05525990203022957
2026-06-09,buyable_mainboard,5,3015,3004,1717,0.007140758918600834,0.04746955854902802,0.025167055428028107,5,0.01102523598819971,0.01180189661681652
2026-06-09,buyable_mainboard,10,3015,2998,1717,-0.11587384077508762,0.09998473201863729,0.04385659098625183,5,-0.03003254532814026,-0.022708002477884293
2026-06-09,buyable_mainboard,20,3015,2983,1717,0.05443841980524123,0.12621696632654097,0.06674805283546448,5,-0.04462458938360214,-0.05879465490579605
2026-06-10,all_boards,5,4937,4919,3480,-0.0362693429312549,0.06245714964987204,0.019547883421182632,5,-0.011935927905142307,0.01670856960117817
2026-06-10,all_boards,10,4937,4908,3480,-0.233072216153898,0.11763123224103818,0.04082608222961426,5,-0.029894163832068443,-0.015228348784148693
2026-06-10,all_boards,20,4937,4888,3480,-0.1218322348186631,0.14094391445833146,0.0661376565694809,5,-0.09709568321704865,-0.044114530086517334
2026-06-10,buyable_mainboard,5,3014,3003,2187,0.04397404682869329,0.05476559782944522,0.01993423141539097,5,-0.015149293467402458,0.00822211429476738
2026-06-10,buyable_mainboard,10,3014,2995,2187,-0.16982693665179743,0.11147287625620042,0.04379856213927269,5,-0.05496491119265556,-0.028925776481628418
2026-06-10,buyable_mainboard,20,3014,2983,2187,-0.09021126593828628,0.1309619477753276,0.06562618166208267,5,-0.058473873883485794,-0.057426419109106064
2026-06-11,all_boards,5,4934,4916,3814,-0.0394936598389723,0.06219159774105328,0.023686790838837624,5,-0.0020094946958124638,0.012146738357841969
2026-06-11,all_boards,10,4934,4906,3814,-0.2664785715766059,0.1251069920403671,0.05248690024018288,5,-0.05941908806562424,-0.04258626699447632
2026-06-11,all_boards,20,4934,4888,3814,-0.008405633328067886,0.1283571334498555,0.06665678322315216,5,-0.02406776137650013,-0.032240092754364014
2026-06-11,buyable_mainboard,5,3012,3001,2383,0.029903206592095877,0.05707465971740699,0.023913003504276276,5,0.02905353344976902,-0.00019861161126755178
2026-06-11,buyable_mainboard,10,3012,2994,2383,-0.21433604769682205,0.12266492021712039,0.0548151470720768,5,-0.020871181041002274,-0.0531010739505291
2026-06-11,buyable_mainboard,20,3012,2982,2383,0.01436966372448815,0.1228679221863193,0.06672947853803635,5,0.05601600930094719,-0.043159641325473785
2026-06-12,all_boards,5,4932,4915,2808,-0.02461798151840221,0.07237515858542586,0.03491963446140289,5,-0.011393875814974308,-0.0008355834288522601
2026-06-12,all_boards,10,4932,4900,2808,-0.26446661095857477,0.1318349642966362,0.07087977230548859,5,-0.08924419432878494,-0.060479216277599335
2026-06-12,all_boards,20,4932,4888,2808,-0.031177063403982054,0.1478756041335604,0.07435750216245651,5,-0.12038829177618027,-0.07934803515672684
2026-06-12,buyable_mainboard,5,3011,3000,1707,0.013879938825768275,0.06610953879773054,0.03807608038187027,5,-0.025505969300866127,-0.01112369354814291
2026-06-12,buyable_mainboard,10,3011,2992,1707,-0.22463545387303144,0.12715537386341755,0.07483478635549545,5,-0.07646925747394562,-0.07025222480297089
2026-06-12,buyable_mainboard,20,3011,2982,1707,-0.0325985318671637,0.140762805459747,0.0732785165309906,5,-0.10516494512557983,-0.08540771901607513
2026-06-15,all_boards,5,4929,4918,177,-0.1744825561633411,0.0564684261044484,0.035047080367803574,5,0.009792457334697247,-0.005560879595577717
2026-06-15,all_boards,10,4929,4901,177,-0.28213208936172285,0.12783803745392075,0.07377510517835617,5,-0.02410677820444107,-0.05204136669635773
2026-06-15,all_boards,20,4929,4891,177,0.10985168000220241,0.13142876811952048,0.08251897990703583,5,0.018750235438346863,-0.034893110394477844
2026-06-15,buyable_mainboard,5,3008,3002,88,-0.13493709618712393,0.05316499178381132,0.03775743767619133,5,-0.024739159271121025,-0.016318727284669876
2026-06-15,buyable_mainboard,10,3008,2991,88,-0.23907134000396896,0.1239221856437837,0.07671155780553818,5,-0.07982879132032394,-0.0752851590514183
2026-06-15,buyable_mainboard,20,3008,2983,88,0.1039044783640422,0.12116330281706567,0.078419528901577,5,-0.05538726598024368,-0.07197223603725433
2026-06-16,all_boards,5,4928,4918,17,-0.2864888019741893,0.06764756818509692,0.037721309810876846,5,-0.012426513247191906,-0.01994832046329975
2026-06-16,all_boards,10,4928,4899,17,-0.20379635296677473,0.11112980242106041,0.07379186153411865,5,0.0017403669189661741,0.012060591951012611
2026-06-16,all_boards,20,4928,4892,17,0.2857450425101082,0.12646240488913146,0.08410657197237015,5,0.07328079640865326,0.04349909722805023
2026-06-16,buyable_mainboard,5,3007,3001,10,-0.2599064485056923,0.06375969201768844,0.03840865567326546,5,-0.03136352449655533,-0.040246181190013885
2026-06-16,buyable_mainboard,10,3007,2988,10,-0.16723621815592327,0.10281176522287591,0.0741511806845665,5,-0.03189783915877342,-0.018866805359721184
2026-06-16,buyable_mainboard,20,3007,2983,10,0.27251787659446036,0.11309603259277554,0.07793889939785004,5,0.016598040238022804,-0.020890649408102036
2026-06-17,all_boards,5,4929,4918,225,-0.2265749391519224,0.06988651952317507,0.0369303822517395,5,-0.029832005500793457,-0.026122529059648514
2026-06-17,all_boards,10,4929,4902,225,-0.044497690959290764,0.09477069798351023,0.0670836865901947,5,0.03196219727396965,-0.003217046381905675
2026-06-17,all_boards,20,4929,4893,225,0.465349090227787,0.12549811608247677,0.08297363668680191,5,0.05520572513341904,0.019351353868842125
2026-06-17,buyable_mainboard,5,3008,3000,126,-0.1971763294669605,0.06709481601897035,0.03653274476528168,5,-0.0349435992538929,-0.033551912754774094
2026-06-17,buyable_mainboard,10,3008,2990,126,-0.011480064503381111,0.08948771517156226,0.06594846397638321,5,0.01441918034106493,-0.014383573085069656
2026-06-17,buyable_mainboard,20,3008,2985,126,0.42695628637406724,0.10979705312085718,0.07366486638784409,5,-0.009782137349247932,-0.004650068935006857
2026-06-18,all_boards,5,4925,4915,6,-0.062408836878110205,0.07534041112665998,0.04736032709479332,5,-0.04054125025868416,-0.04505198076367378
2026-06-18,all_boards,10,4925,4902,6,0.10862122250680478,0.07916832735853273,0.06514529138803482,5,0.023036930710077286,0.010277253575623035
2026-06-18,all_boards,20,4925,4891,6,0.5628666180623274,0.14308505418179127,0.09795699268579483,5,-0.08834995329380035,-0.08113669604063034
2026-06-18,buyable_mainboard,5,3006,2999,4,-0.049232754261575654,0.07115954556247416,0.043814439326524734,5,-0.043055158108472824,-0.04261204972863197
2026-06-18,buyable_mainboard,10,3006,2990,4,0.1056877386308288,0.07110518400272348,0.06107582896947861,5,0.032321322709321976,0.03551659360527992
2026-06-18,buyable_mainboard,20,3006,2983,4,0.49302809095520905,0.12136323040589059,0.08105982095003128,5,-0.03468659892678261,-0.05210410803556442
2026-06-22,all_boards,5,4925,4910,0,0.04222455595539628,0.07789953555217081,0.06419987231492996,5,0.029666069895029068,
2026-06-22,all_boards,10,4925,4903,0,0.1787431777519706,0.08606020572882941,0.06621883809566498,5,0.07105955481529236,
2026-06-22,all_boards,20,4925,4893,0,0.6005887159547717,0.15791035347963317,0.11751706153154373,5,-0.016310686245560646,
2026-06-22,buyable_mainboard,5,3005,2997,0,0.07899128771144855,0.07082004727276707,0.0613306388258934,5,-0.02949393168091774,
2026-06-22,buyable_mainboard,10,3005,2990,0,0.20209517010170078,0.07590809382711336,0.06257802248001099,5,-0.02780202031135559,
2026-06-22,buyable_mainboard,20,3005,2984,0,0.5313364217447968,0.13239942486443665,0.09424459934234619,5,-0.12065820395946503,
2026-06-23,all_boards,5,4924,4907,97,-0.24801383901075721,0.08332510370649705,0.06530438363552094,5,-0.06016121059656143,-0.060482289642095566
2026-06-23,all_boards,10,4924,4902,97,-0.040677597988772685,0.10020244631229525,0.07037521153688431,5,-0.09549377858638763,-0.07020928710699081
2026-06-23,all_boards,20,4924,4893,97,0.4632796994552559,0.1528484207392195,0.1325198858976364,5,-0.12051068246364594,-0.09908224642276764
2026-06-23,buyable_mainboard,5,3005,2994,68,-0.16285715701877065,0.07809885499330473,0.0633419007062912,5,-0.04240967705845833,-0.05594345182180405
2026-06-23,buyable_mainboard,10,3005,2989,68,-0.03794966799620663,0.09145687924797001,0.06632664054632187,5,-0.06050031632184982,-0.060100506991147995
2026-06-23,buyable_mainboard,20,3005,2984,68,0.40042755940136493,0.13112730370944067,0.10512650012969971,5,-0.15496793389320374,-0.09523426741361618
2026-06-24,all_boards,5,4925,4906,1888,-0.07805032763373533,0.06036740431183028,0.05171404033899307,5,-0.0206765029579401,-0.00974347349256277
2026-06-24,all_boards,10,4925,4903,1888,0.23838537779407204,0.09988753440408679,0.06582298874855042,5,-0.0389741025865078,-0.028938377276062965
2026-06-24,all_boards,20,4925,4894,1888,0.5648576531369944,0.16304796662162613,0.12922394275665283,5,-0.01691039279103279,-0.044228605926036835
2026-06-24,buyable_mainboard,5,3005,2992,1301,-0.0027114912549914137,0.052711189694160894,0.047871410846710205,5,-0.010946875438094139,-0.011377674527466297
2026-06-24,buyable_mainboard,10,3005,2990,1301,0.23505840775255937,0.08941087690556049,0.05884252488613129,5,-0.04096292704343796,-0.02517618238925934
2026-06-24,buyable_mainboard,20,3005,2984,1301,0.49250613488303374,0.13750180001461595,0.10047651082277298,5,-0.023813987150788307,-0.03236783295869827
2026-06-25,all_boards,5,4924,4908,2168,0.11107677745029283,0.05486663945325378,0.03897308185696602,5,0.010447644628584385,0.011531344614923
2026-06-25,all_boards,10,4924,4904,2168,0.19678469151271974,0.09035956042626513,0.061181582510471344,5,-0.054309047758579254,-0.015621960163116455
2026-06-25,all_boards,20,4924,4894,2168,0.5957555688120022,0.14169745323814276,0.12135966867208481,5,0.056185491383075714,-0.009016402997076511
2026-06-25,buyable_mainboard,5,3002,2992,1501,0.1535169640788947,0.04812368167590843,0.036233387887477875,5,0.019953543320298195,0.009766336530447006
2026-06-25,buyable_mainboard,10,3002,2990,1501,0.22578099039783486,0.08187469259738832,0.05479203537106514,5,-0.0721246600151062,-0.014727605506777763
2026-06-25,buyable_mainboard,20,3002,2983,1501,0.5152159819592765,0.11800136104673119,0.09458930790424347,5,-0.03415224701166153,0.004349377006292343
2026-06-26,all_boards,5,4921,4908,3457,0.29588097732966456,0.05929569930873288,0.023491524159908295,5,0.021799687296152115,0.05540558323264122
2026-06-26,all_boards,10,4921,4903,3457,0.3521003201873629,0.07872070821166123,0.04866703972220421,5,-0.014887509867548943,0.021927429363131523
2026-06-26,all_boards,20,4921,4893,3457,0.5948395483630132,0.15440856224570562,0.12097342312335968,5,-0.03666622191667557,-0.03497777134180069
2026-06-26,buyable_mainboard,5,3001,2992,2274,0.25790967545955923,0.05090100185193697,0.02096940577030182,5,0.021799687296152115,0.04883270710706711
2026-06-26,buyable_mainboard,10,3001,2989,2274,0.3228347594305613,0.0691039382248189,0.04268717020750046,5,-0.014887509867548943,0.020546168088912964
2026-06-26,buyable_mainboard,20,3001,2983,2274,0.49339285384116893,0.12898743061439902,0.0950891524553299,5,-0.03666622191667557,-0.014503509737551212
2026-06-29,all_boards,5,4917,4910,2463,0.15086879730309904,0.057333433207714196,0.024469148367643356,5,-0.04978253319859505,0.041259996592998505
2026-06-29,all_boards,10,4917,4905,2463,0.3153983751675842,0.09500790876046915,0.053036756813526154,5,-0.10035677254199982,-0.013300997205078602
2026-06-29,all_boards,20,4917,4891,2463,0.5265749791152339,0.12607637514207623,0.11580674350261688,5,-0.061045169830322266,-0.004913350101560354
2026-06-29,buyable_mainboard,5,3001,2994,1679,0.10307505878560924,0.05142566183542803,0.021407051011919975,5,-0.05526970699429512,0.04138115420937538
2026-06-29,buyable_mainboard,10,3001,2991,1679,0.25534025877390615,0.08421730856405325,0.04518982395529747,5,-0.11197246611118317,-0.007247799541801214
2026-06-29,buyable_mainboard,20,3001,2985,1679,0.4232357297204475,0.10557676915691437,0.09116452187299728,5,-0.0681171864271164,0.010457368567585945
2026-06-30,all_boards,5,4914,4909,0,0.38614424886454907,0.060070786853145645,0.04236134514212608,5,-0.05153484269976616,
2026-06-30,all_boards,10,4914,4904,0,0.4705612344721465,0.08738271950496161,0.071397565305233,5,-0.06619158387184143,
2026-06-30,all_boards,20,4914,4891,0,0.636402327883254,0.13871733472221598,0.12483718246221542,5,-0.09455985575914383,
2026-06-30,buyable_mainboard,5,2998,2993,0,0.3267383822034154,0.05493048973368645,0.03809067979454994,5,-0.05153484269976616,
2026-06-30,buyable_mainboard,10,2998,2990,0,0.41316510902761794,0.08364080788695076,0.06477902829647064,5,-0.06619158387184143,
2026-06-30,buyable_mainboard,20,2998,2985,0,0.5281482166019432,0.13241937505684334,0.10947087407112122,5,-0.09455985575914383,
2026-07-01,all_boards,5,4912,4909,0,0.3590739212498095,0.05751656961502471,0.04415755718946457,5,-0.0680323988199234,
2026-07-01,all_boards,10,4912,4905,0,0.3861302452634325,0.08681741007662744,0.06566469371318817,5,-0.039850376546382904,
2026-07-01,all_boards,20,4912,4891,0,0.6003805439808182,0.1337854405178863,0.11827854812145233,5,-0.11721348762512207,
2026-07-01,buyable_mainboard,5,2995,2993,0,0.36312562218437927,0.05215011976211295,0.039743468165397644,5,-0.07887399941682816,
2026-07-01,buyable_mainboard,10,2995,2990,0,0.3335510282881066,0.08361463084041447,0.059982601553201675,5,-0.09987279027700424,
2026-07-01,buyable_mainboard,20,2995,2984,0,0.5031880342000243,0.1299284003137402,0.10204016417264938,5,-0.1479586511850357,
2026-07-02,all_boards,5,4913,4909,0,0.24522215967359934,0.05411798210802347,0.05049392953515053,5,-0.06426187604665756,
2026-07-02,all_boards,10,4913,4904,0,0.4020930338210844,0.09173543487169473,0.0676828920841217,5,-0.07294584810733795,
2026-07-02,all_boards,20,4913,4891,0,0.5871157512815615,0.14141413333558284,0.1177324578166008,5,-0.09047984331846237,
2026-07-02,buyable_mainboard,5,2995,2993,0,0.32925522808547963,0.0488344835505358,0.04560192674398422,5,-0.06426187604665756,
2026-07-02,buyable_mainboard,10,2995,2990,0,0.3441949102469614,0.08560904554644586,0.06049906834959984,5,-0.07294584810733795,
2026-07-02,buyable_mainboard,20,2995,2984,0,0.4915970621711481,0.1323391412106917,0.10093102604150772,5,-0.09047984331846237,
2026-07-03,all_boards,5,4916,4911,0,0.3077651955008581,0.05333777565333121,0.05199674889445305,5,-0.03969743475317955,
2026-07-03,all_boards,10,4916,4905,0,0.43747669744951495,0.10788277878566224,0.08453624695539474,5,-0.13395358622074127,
2026-07-03,all_boards,20,4916,4892,0,0.5886688314412358,0.13323497796620704,0.11670985072851181,5,-0.10491863638162613,
2026-07-03,buyable_mainboard,5,2998,2995,0,0.34300502498894675,0.047150730816399374,0.045945554971694946,5,-0.03969743475317955,
2026-07-03,buyable_mainboard,10,2998,2991,0,0.3692770148169829,0.09154712352619708,0.06945157051086426,5,-0.13395358622074127,
2026-07-03,buyable_mainboard,20,2998,2985,0,0.4881963734748785,0.1254116238406672,0.09848295152187347,5,-0.10491863638162613,
2026-07-06,all_boards,5,4915,4910,0,0.3091357902103553,0.07090596710179106,0.04927888885140419,5,-0.05625806003808975,
2026-07-06,all_boards,10,4915,4905,0,0.37811986312554485,0.11913282368184404,0.09511896222829819,5,-0.11992136389017105,
2026-07-06,all_boards,20,4915,4889,0,0.610720569801676,0.13156133856315128,0.1072908416390419,5,-0.013823017477989197,
2026-07-06,buyable_mainboard,5,2997,2994,0,0.33527045430642016,0.06303977148845279,0.04291725531220436,5,-0.05642951652407646,
2026-07-06,buyable_mainboard,10,2997,2991,0,0.30764157338296894,0.09932112894372438,0.07342424243688583,5,-0.11182303726673126,
2026-07-06,buyable_mainboard,20,2997,2983,0,0.49989858258728326,0.12563838887548195,0.09063145518302917,5,-0.0015547245275229216,
2026-07-07,all_boards,5,4916,4911,0,0.3725997046630171,0.0549964249402037,0.04749962314963341,5,-0.01165264192968607,
2026-07-07,all_boards,10,4916,4907,0,0.3643994600136209,0.10366214757407936,0.10980835556983948,5,-0.10698326677083969,
2026-07-07,all_boards,20,4916,4889,0,0.5933572393941817,0.13581516568944227,0.10832091420888901,5,0.023532280698418617,
2026-07-07,buyable_mainboard,5,2998,2995,0,0.3645851773376408,0.0497909428513895,0.04060318320989609,5,-0.014281091280281544,
2026-07-07,buyable_mainboard,10,2998,2993,0,0.2886599224609198,0.09042986959089533,0.08579617738723755,5,-0.10008766502141953,
2026-07-07,buyable_mainboard,20,2998,2984,0,0.48449588450623227,0.1331005384427605,0.09502279758453369,5,0.043004684150218964,
2026-07-08,all_boards,5,4915,4911,0,0.415540673914284,0.0592434436235359,0.03886814042925835,5,0.02340826764702797,
2026-07-08,all_boards,10,4915,4906,0,0.20023185428982915,0.10663366105504327,0.10356104373931885,5,-0.08236794918775558,
2026-07-08,all_boards,20,4915,4889,0,0.4622388772778522,0.12756253469263829,0.10520175099372864,5,0.090375617146492,
2026-07-08,buyable_mainboard,5,2998,2995,0,0.36303176266325615,0.053493628437571335,0.032946180552244186,5,-0.030275795608758926,
2026-07-08,buyable_mainboard,10,2998,2992,0,0.10561879259083178,0.09164776277023953,0.08066147565841675,5,-0.11947406828403473,
2026-07-08,buyable_mainboard,20,2998,2984,0,0.3532462728890406,0.1256254526521207,0.09350506216287613,5,0.0395258292555809,
2026-07-09,all_boards,5,4914,4909,0,0.4921103821421024,0.07687112626257,0.051677264273166656,5,-0.0396847277879715,
2026-07-09,all_boards,10,4914,4904,0,0.3409109085313027,0.10779676229374222,0.10910061746835709,5,-0.08375151455402374,
2026-07-09,all_boards,20,4914,4888,0,0.5533432277048795,0.1268040891409417,0.1113274022936821,5,0.05607138201594353,
2026-07-09,buyable_mainboard,5,2998,2995,0,0.43238916946891687,0.06700881761669655,0.04189221188426018,5,-0.05005035549402237,
2026-07-09,buyable_mainboard,10,2998,2991,0,0.24112208117151618,0.093662977762538,0.08542898297309875,5,-0.07529141753911972,
2026-07-09,buyable_mainboard,20,2998,2984,0,0.44913693406158073,0.12555210500404893,0.09923891723155975,5,0.05401244014501572,
2026-07-10,all_boards,5,4914,4908,0,0.2338323842074906,0.0885817368354406,0.06859630346298218,5,-0.12824463844299316,
2026-07-10,all_boards,10,4914,4904,0,0.1635486816429199,0.10579144633041933,0.10782743990421295,5,-0.15048259496688843,
2026-07-10,all_boards,20,4914,4889,0,0.340916274862665,0.10174207587648289,0.10565468668937683,5,0.016129283234477043,
2026-07-10,buyable_mainboard,5,2998,2994,0,0.1553843450498461,0.07006073352161706,0.05302484706044197,5,-0.15098929405212402,
2026-07-10,buyable_mainboard,10,2998,2992,0,0.05869591975213929,0.08589612985515535,0.08478634804487228,5,-0.17175763845443726,
2026-07-10,buyable_mainboard,20,2998,2985,0,0.24205028112285934,0.09957177041736517,0.09419061988592148,5,-0.00035443660453893244,
2026-07-13,all_boards,5,4914,4909,0,0.12768460054523995,0.09236627077295906,0.07463096082210541,5,-0.12915222346782684,
2026-07-13,all_boards,10,4914,4900,0,0.1622110373872087,0.08056247882186245,0.09164977073669434,5,-0.07874424755573273,
2026-07-13,all_boards,20,4914,4890,0,0.36822496640533325,0.1231557403697764,0.09701322019100189,5,0.05655617639422417,
2026-07-13,buyable_mainboard,5,2998,2995,0,0.05413507523486065,0.07349855781553036,0.05580754205584526,5,-0.11904332786798477,
2026-07-13,buyable_mainboard,10,2998,2992,0,0.10178008149771481,0.06920652396926055,0.07316179573535919,5,-0.04298582673072815,
2026-07-13,buyable_mainboard,20,2998,2986,0,0.3531905479347336,0.12307528350764635,0.09003090113401413,5,0.10879120975732803,
2026-07-14,all_boards,5,4913,4909,0,-0.12038493939687378,0.08624457545859385,0.10190481692552567,5,-0.11729208379983902,
2026-07-14,all_boards,10,4913,4900,0,0.0815930639047127,0.09387655714761292,0.09658517688512802,5,-0.039867036044597626,
2026-07-14,all_boards,20,4913,4889,0,0.2966686682269214,0.10354518995773455,0.09894872456789017,5,0.09355770796537399,
2026-07-14,buyable_mainboard,5,2997,2995,0,-0.1615351558603525,0.07044267539519793,0.07641441375017166,5,-0.11618150770664215,
2026-07-14,buyable_mainboard,10,2997,2992,0,0.03963275995691866,0.07466429347206234,0.07648205012083054,5,-0.05827225372195244,
2026-07-14,buyable_mainboard,20,2997,2985,0,0.28577857280487223,0.09781593315499691,0.09030469506978989,5,0.0968010425567627,
2026-07-15,all_boards,5,4914,4909,0,-0.2756456237906867,0.08789994339914321,0.09246116131544113,5,-0.1149124875664711,
2026-07-15,all_boards,10,4914,4900,0,0.012275905038630333,0.08481672499520476,0.0871240496635437,5,0.008471290580928326,
2026-07-15,all_boards,20,4914,4889,0,0.28927153343440903,0.09282573472755457,0.08470192551612854,5,0.12363985925912857,
2026-07-15,buyable_mainboard,5,2997,2994,0,-0.2713730664431721,0.07307969069655605,0.06866145879030228,5,-0.11312200129032135,
2026-07-15,buyable_mainboard,10,2997,2991,0,-0.007395082117651429,0.06877168590152431,0.06763077527284622,5,-0.05062975734472275,
2026-07-15,buyable_mainboard,20,2997,2985,0,0.3018523146840354,0.0905941115191204,0.07724447548389435,5,0.11060883104801178,
2026-07-16,all_boards,5,4913,4908,2,-0.17042511879667321,0.07616635096181343,0.09051324427127838,5,-0.04771142452955246,-0.10218992829322815
2026-07-16,all_boards,10,4913,4900,2,-0.12403697533790797,0.09746888265990752,0.08684752881526947,5,-0.03966490179300308,-0.11214808374643326
2026-07-16,all_boards,20,4913,4889,2,0.14874265602161355,0.08224159999530217,0.07827869802713394,5,0.10461864620447159,0.05405968427658081
2026-07-16,buyable_mainboard,5,2998,2994,1,-0.11604534726764897,0.06272030403614685,0.06793016940355301,5,-0.057501714676618576,-0.06211180239915848
2026-07-16,buyable_mainboard,10,2998,2992,1,-0.12891061319466915,0.0782673118387112,0.06697160750627518,5,-0.03733989596366882,0.02484472095966339
2026-07-16,buyable_mainboard,20,2998,2986,1,0.2043676851755021,0.0793321718979378,0.07207880914211273,5,0.14674317836761475,0.1689441055059433
2026-07-17,all_boards,5,4913,4909,2,-0.20178630016443852,0.06393046374778533,0.06580249965190887,5,-0.037778131663799286,-0.06798321008682251
2026-07-17,all_boards,10,4913,4900,2,-0.11125048233010146,0.07622203885911422,0.06623364239931107,5,0.014785939827561378,-0.03805302828550339
2026-07-17,all_boards,20,4913,4891,2,0.2797774871015963,0.10403162073756421,0.06924862414598465,5,0.1534588485956192,0.12103383243083954
2026-07-17,buyable_mainboard,5,2998,2996,0,-0.13178062377378527,0.05361661672151885,0.05034752935171127,5,-0.03660227358341217,
2026-07-17,buyable_mainboard,10,2998,2992,0,-0.04180828465818711,0.06837177248864444,0.053757961839437485,5,0.015805047005414963,
2026-07-17,buyable_mainboard,20,2998,2988,0,0.3727065223094381,0.09724927375447374,0.06906022876501083,5,0.15762081742286682,
2026-07-20,all_boards,5,4914,4905,0,0.46829884337130245,0.04010825053603804,0.03683452308177948,5,0.10961493104696274,
2026-07-20,all_boards,10,4914,4898,0,0.17473991164550434,0.08513152082513555,0.04109593853354454,5,0.027429666370153427,
2026-07-20,all_boards,20,4914,4890,0,0.6138979008040041,0.15845340570590385,0.05868351832032204,5,0.37057313323020935,
2026-07-20,buyable_mainboard,5,2999,2996,0,0.4681975553175426,0.03626612125697815,0.028755132108926773,5,0.09175339341163635,
2026-07-20,buyable_mainboard,10,2999,2991,0,0.29359423767251974,0.08263058539710817,0.03592450171709061,5,0.09733406454324722,
2026-07-20,buyable_mainboard,20,2999,2987,0,0.6272891427385222,0.13975007235144596,0.06408825516700745,5,0.23639698326587677,
2026-07-21,all_boards,5,4916,4907,9,0.03134191805855075,0.04467647373019076,0.026945261284708977,5,0.038412563502788544,0.07087556272745132
2026-07-21,all_boards,10,4916,4898,9,0.25785704074429017,0.08801346886556273,0.04937939718365669,5,0.04508167505264282,0.10642991214990616
2026-07-21,all_boards,20,4916,4891,9,0.5373986820206464,0.13683520065690888,0.07883952558040619,5,0.1979813575744629,0.23834112286567688
2026-07-21,buyable_mainboard,5,2999,2996,3,0.15582519926439936,0.03832939648565858,0.023409519344568253,5,0.0760047435760498,0.10631823539733887
2026-07-21,buyable_mainboard,10,2999,2990,3,0.3575968979449963,0.08352973622949926,0.04551072046160698,5,0.09866098314523697,0.09465997666120529
2026-07-21,buyable_mainboard,20,2999,2986,3,0.5780844479951677,0.1263418161560679,0.08339859545230865,5,0.21760734915733337,0.21397121250629425
2026-07-22,all_boards,5,4915,4906,17,0.07335882421598712,0.05672478335119764,0.03596414625644684,5,0.032195769250392914,0.032821569591760635
2026-07-22,all_boards,10,4915,4898,17,0.40015093516422356,0.09729908358206889,0.053809598088264465,5,0.12875722348690033,0.11798826605081558
2026-07-22,all_boards,20,4915,4891,17,0.42162112662123785,0.10495911462133002,0.08407608419656754,5,0.19434970617294312,0.14910799264907837
2026-07-22,buyable_mainboard,5,2998,2995,2,0.23453599347468665,0.05130261424703337,0.030812839046120644,5,0.049513570964336395,0.16741551458835602
2026-07-22,buyable_mainboard,10,2998,2990,2,0.5203176559970843,0.0919102812072875,0.04998086392879486,5,0.12213685363531113,0.20263323187828064
2026-07-22,buyable_mainboard,20,2998,2986,2,0.4942135453368959,0.09946676977294963,0.08751648664474487,5,0.173813596367836,0.24485573172569275
2026-07-23,all_boards,5,4913,4905,15,-0.277441930028622,0.05742459976841543,0.03450379520654678,5,-0.08498609811067581,-0.0970047265291214
2026-07-23,all_boards,10,4913,4897,15,0.46111299470423556,0.089434298749268,0.0453697107732296,5,0.10512194782495499,0.11811854690313339
2026-07-23,all_boards,20,4913,4890,15,0.3810569289540244,0.11347178199729865,0.07540825009346008,5,0.15813711285591125,0.1727801263332367
2026-07-23,buyable_mainboard,5,2997,2995,0,-0.13832770997074434,0.048934960594229346,0.028102606534957886,5,-0.07143420726060867,
2026-07-23,buyable_mainboard,10,2997,2990,0,0.5368042466047528,0.083596663960909,0.04285196587443352,5,0.06493301689624786,
2026-07-23,buyable_mainboard,20,2997,2985,0,0.4255884825986177,0.10248990027517489,0.07935606688261032,5,0.09902741014957428,
2026-07-24,all_boards,5,4914,4905,0,-0.10363111252078393,0.07031776962260412,0.04094948619604111,5,-0.0182495079934597,
2026-07-24,all_boards,10,4914,4899,0,0.4723462625504593,0.11584232642124534,0.0562475360929966,5,0.20006024837493896,
2026-07-24,all_boards,20,4914,4892,0,0.4100714637132437,0.13649592288374088,0.09009522944688797,5,0.17705455422401428,
2026-07-24,buyable_mainboard,5,2997,2993,0,0.030561967278317673,0.06525317379060909,0.03674104064702988,5,-0.02180406078696251,
2026-07-24,buyable_mainboard,10,2997,2990,0,0.5366179476716504,0.10536132830787523,0.05563485622406006,5,0.13263840973377228,
2026-07-24,buyable_mainboard,20,2997,2985,0,0.46692841980952265,0.1256335638923613,0.09518396109342575,5,0.17677955329418182,
2026-07-27,all_boards,5,4916,4909,0,-0.13071153855044237,0.07493607329329396,0.04830547422170639,5,-0.025913741439580917,
2026-07-27,all_boards,10,4916,4906,0,0.31373750297120556,0.111680867111866,0.061744965612888336,5,0.21332469582557678,
2026-07-27,all_boards,20,4916,4898,0,0.316644578926009,0.10934753999988435,0.08987036347389221,5,0.1681949645280838,
2026-07-27,buyable_mainboard,5,2999,2994,0,-0.017634569017075236,0.06971789009976304,0.043027859181165695,5,-0.011104600504040718,
2026-07-27,buyable_mainboard,10,2999,2993,0,0.36855756629631375,0.10718728162020301,0.06139605864882469,5,0.12704604864120483,
2026-07-27,buyable_mainboard,20,2999,2988,0,0.3323726825488008,0.10507149809290298,0.09628557413816452,5,0.1917574107646942,
2026-07-28,all_boards,5,4920,4911,0,0.07133819922621588,0.06503817634021909,0.041331369429826736,5,0.08178357034921646,
2026-07-28,all_boards,10,4920,4909,0,0.45952382303473355,0.11846501046510678,0.05565042793750763,5,0.24668464064598083,
2026-07-28,all_boards,20,4920,4900,0,0.36870949292408944,0.14038245142384656,0.08609287440776825,5,0.2285946160554886,
2026-07-28,buyable_mainboard,5,3001,2995,0,0.09845294488614119,0.05910488948875977,0.03965645655989647,5,0.009629609994590282,
2026-07-28,buyable_mainboard,10,3001,2994,0,0.4236925600110315,0.10827312453011442,0.05862915888428688,5,0.12616115808486938,
2026-07-28,buyable_mainboard,20,3001,2988,0,0.343241109644418,0.13092583338463495,0.09405093640089035,5,0.1558099389076233,
2026-07-29,all_boards,5,4921,4913,0,0.3796647054800771,0.0703143912933445,0.03384913131594658,5,0.1260187327861786,
2026-07-29,all_boards,10,4921,4910,0,0.5518687624942198,0.13273598119227326,0.04822242632508278,5,0.36237651109695435,
2026-07-29,all_boards,20,4921,4901,0,0.38550914286604154,0.14834199659137387,0.0802306979894638,5,0.24187426269054413,
2026-07-29,buyable_mainboard,5,3002,2997,0,0.264705385048348,0.05945402540505676,0.03295764699578285,5,0.08412275463342667,
2026-07-29,buyable_mainboard,10,3002,2996,0,0.4552144257808297,0.11693455950668366,0.05137068033218384,5,0.18247976899147034,
2026-07-29,buyable_mainboard,20,3002,2989,0,0.3288254929526361,0.13787191962881615,0.08703164011240005,5,0.18262672424316406,
2026-07-30,all_boards,5,4922,4914,0,0.4235835116128874,0.07935827836560808,0.03383926674723625,5,0.1944822371006012,
2026-07-30,all_boards,10,4922,4911,0,0.5434862703570391,0.12636538858314236,0.054708950221538544,5,0.26503294706344604,
2026-07-30,all_boards,20,4922,4903,0,0.4220207518284385,0.16774626520768082,0.09010282903909683,5,0.24958238005638123,
2026-07-30,buyable_mainboard,5,3004,2999,0,0.3181166538040887,0.06716909866449254,0.033273886889219284,5,0.17044629156589508,
2026-07-30,buyable_mainboard,10,3004,2998,0,0.5025951877825846,0.11055779781852396,0.05684284120798111,5,0.19129592180252075,
2026-07-30,buyable_mainboard,20,3004,2991,0,0.33763148504425616,0.15305803350061192,0.09433817118406296,5,0.3672245144844055,
2026-07-31,all_boards,5,4922,4916,0,0.475942357337095,0.08163529507949084,0.026882056146860123,5,0.23664934933185577,
2026-07-31,all_boards,10,4922,4913,0,0.6278529178624604,0.12276805011492783,0.04931874945759773,5,0.28385740518569946,
2026-07-31,all_boards,20,4922,4902,0,0.37826110039692395,0.16543213358512557,0.08686061948537827,5,0.2649052143096924,
2026-07-31,buyable_mainboard,5,3004,3001,0,0.30903663448168245,0.06274854269617194,0.027584677562117577,5,0.22758515179157257,
2026-07-31,buyable_mainboard,10,3004,3000,0,0.5359966398414094,0.10113380003332471,0.0518382303416729,5,0.2387728989124298,
2026-07-31,buyable_mainboard,20,3004,2990,0,0.2663313233517718,0.15310797018605793,0.09014676511287689,5,0.33634716272354126,
2026-08-03,all_boards,5,4925,4922,0,0.2721699385588961,0.0796533222324524,0.02208692952990532,5,0.3588622212409973,
2026-08-03,all_boards,10,4925,4917,0,0.5963768299178849,0.1279426579394984,0.04586198553442955,5,0.4827238917350769,
2026-08-03,all_boards,20,4925,4905,0,0.29693065480453973,0.1575463369357022,0.08200767636299133,5,0.41298818588256836,
2026-08-03,buyable_mainboard,5,3006,3005,0,0.0689721585699112,0.06269282753670925,0.021353771910071373,5,0.242168590426445,
2026-08-03,buyable_mainboard,10,3006,3002,0,0.4480462398063377,0.1011861758068816,0.04501073434948921,5,0.36064571142196655,
2026-08-03,buyable_mainboard,20,3006,2993,0,0.15298096195847724,0.1397126942916399,0.08196413516998291,5,0.2920988202095032,
2026-08-04,all_boards,5,4924,4922,0,-0.05774452785480394,0.06195167609922098,0.02633822336792946,5,0.14906546473503113,
2026-08-04,all_boards,10,4924,4917,0,0.4556934497919992,0.11496319048372985,0.051024019718170166,5,0.24727897346019745,
2026-08-04,all_boards,20,4924,4905,0,0.142033333576961,0.14920708257084328,0.08536318689584732,5,0.19297285377979279,
2026-08-04,buyable_mainboard,5,3006,3005,0,-0.23122336578499714,0.050113430277032515,0.026954593136906624,5,0.08219858258962631,
2026-08-04,buyable_mainboard,10,3006,3002,0,0.3049142654866808,0.0953197454224268,0.05181272327899933,5,0.1425182968378067,
2026-08-04,buyable_mainboard,20,3006,2993,0,0.07075070851514348,0.14198185693403545,0.08786329627037048,5,0.11544398963451385,
2026-08-05,all_boards,5,4927,4924,0,-0.21221803825840346,0.05879431119435186,0.02558361552655697,5,0.10662545263767242,
2026-08-05,all_boards,10,4927,4920,0,0.3212361889883129,0.06399406994806202,0.0458834208548069,5,0.05465107411146164,
2026-08-05,all_boards,20,4927,4907,0,0.15904457835877894,0.12191365948908987,0.08127053827047348,5,0.09416518360376358,
2026-08-05,buyable_mainboard,5,3007,3006,0,-0.29301164480888403,0.04996890525916202,0.027676893398165703,5,0.05711193010210991,
2026-08-05,buyable_mainboard,10,3007,3003,0,0.2556438701578657,0.0579354681105613,0.048409800976514816,5,0.032958514988422394,
2026-08-05,buyable_mainboard,20,3007,2994,0,0.1222558566281981,0.11820593065070692,0.08593292534351349,5,0.08039817959070206,
2026-08-06,all_boards,5,4928,4925,0,-0.08568435065879315,0.043614272612014365,0.02496674284338951,5,0.0662931352853775,
2026-08-06,all_boards,10,4928,4921,0,0.21147476815386915,0.06769666142409334,0.04425371438264847,5,0.07597161084413528,
2026-08-06,all_boards,20,4928,4909,0,0.15301855368260409,0.10779528750452964,0.07779153436422348,5,0.11398524045944214,
2026-08-06,buyable_mainboard,5,3009,3008,0,-0.1451226100447241,0.03792211818950151,0.027447929605841637,5,0.02665666863322258,
2026-08-06,buyable_mainboard,10,3009,3004,0,0.16655596307714746,0.06027623896008909,0.04715990275144577,5,-0.003937541972845793,
2026-08-06,buyable_mainboard,20,3009,2996,0,0.13260124477881763,0.10617326491948299,0.08409975469112396,5,-0.0034940652549266815,
2026-08-07,all_boards,5,4931,4928,0,-0.031757345767991045,0.035609145857840196,0.02911924384534359,5,0.012464377097785473,
2026-08-07,all_boards,10,4931,4924,0,0.1668943665444006,0.05430268452127735,0.044326648116111755,5,-0.02069414034485817,
2026-08-07,all_boards,20,4931,4911,0,0.3070802073633955,0.09207424336471266,0.07568690925836563,5,-0.03031175211071968,
2026-08-07,buyable_mainboard,5,3011,3010,0,-0.022776914063946975,0.0325702036791425,0.03126354515552521,5,0.011211976408958435,
2026-08-07,buyable_mainboard,10,3011,3006,0,0.15251175223064747,0.050936232156720364,0.048215314745903015,5,0.00960774626582861,
2026-08-07,buyable_mainboard,20,3011,2997,0,0.2943387904571758,0.09472943284720664,0.08453135192394257,5,0.00864524394273758,
2026-08-10,all_boards,5,4931,4926,0,-0.35908086269351086,0.047920372166627916,0.02147074230015278,5,0.13206948339939117,
2026-08-10,all_boards,10,4931,4923,0,0.2298038849352992,0.047336203705410994,0.036460842937231064,5,0.03711233660578728,
2026-08-10,all_boards,20,4931,4909,0,0.19353543533442982,0.08687058285358633,0.06615465134382248,5,0.09768937528133392,
2026-08-10,buyable_mainboard,5,3011,3008,0,-0.30983060488830905,0.03906621658449981,0.022605396807193756,5,0.035461168736219406,
2026-08-10,buyable_mainboard,10,3011,3006,0,0.21075822677484604,0.04330469970132583,0.03794508054852486,5,-0.03890732675790787,
2026-08-10,buyable_mainboard,20,3011,2995,0,0.19114254252287347,0.08404471229029432,0.07204323261976242,5,-0.008191898465156555,
2026-08-11,all_boards,5,4932,4927,0,-0.23071801208085266,0.04502813509930532,0.023823998868465424,5,0.08796117454767227,
2026-08-11,all_boards,10,4932,4923,0,0.2086532563809494,0.05142240521632447,0.040521033108234406,5,0.0321914479136467,
2026-08-11,all_boards,20,4932,4910,0,0.28107524900980146,0.08872096618140084,0.06984789669513702,5,0.109852135181427,
2026-08-11,buyable_mainboard,5,3011,3008,0,-0.16418242023239768,0.03797909252697801,0.024614406749606133,5,0.04687117785215378,
2026-08-11,buyable_mainboard,10,3011,3005,0,0.21215658337664645,0.0477038068435261,0.0412168949842453,5,-4.276782419765368e-05,
2026-08-11,buyable_mainboard,20,3011,2996,0,0.2854659048462316,0.09024570179828154,0.0762408971786499,5,0.016761699691414833,
2026-08-12,all_boards,5,4933,4929,0,0.2730393022702286,0.049073154914976394,0.027825213968753815,5,-0.04491186887025833,
2026-08-12,all_boards,10,4933,4924,0,0.3030231042559339,0.04850704434739556,0.03946132957935333,5,-0.04372229427099228,
2026-08-12,all_boards,20,4933,4911,0,0.33675403247172586,0.07535579947539522,0.06068328768014908,5,0.00598753010854125,
2026-08-12,buyable_mainboard,5,3012,3009,0,0.30246224312091224,0.04598161252919283,0.025263754650950432,5,-0.021962810307741165,
2026-08-12,buyable_mainboard,10,3012,3005,0,0.32617299043755277,0.045178187178927944,0.03735615685582161,5,-0.0017654411494731903,
2026-08-12,buyable_mainboard,20,3012,2996,0,0.3407513570933696,0.07513700723822539,0.06571243703365326,5,0.03289750963449478,
2026-08-13,all_boards,5,4934,4930,3,0.09649052418665457,0.04223463433658397,0.02684573084115982,5,0.005278811790049076,0.014352835714817047
2026-08-13,all_boards,10,4934,4926,3,0.20867710445859317,0.050753977374470224,0.03928119316697121,5,0.02052038535475731,0.031888559460639954
2026-08-13,all_boards,20,4934,4912,3,0.27032931709458313,0.07569839304399521,0.06398741900920868,5,0.08329127728939056,0.10767843574285507
2026-08-13,buyable_mainboard,5,3014,3010,0,0.1340838160083945,0.03927174022576574,0.02563430927693844,5,-0.00758276367560029,
2026-08-13,buyable_mainboard,10,3014,3007,0,0.19477128798355317,0.049018020699897316,0.03815801441669464,5,0.009275431744754314,
2026-08-13,buyable_mainboard,20,3014,2998,0,0.2796037896587077,0.0740310868957378,0.0698852613568306,5,-0.013272901065647602,
2026-08-14,all_boards,5,4943,4939,1,0.14852935674357925,0.039429173226464186,0.029727352783083916,5,0.0021718733478337526,0.005390835460275412
2026-08-14,all_boards,10,4943,4932,1,0.23296139638162885,0.05218599972058161,0.04008909687399864,5,0.05392732098698616,0.1579514890909195
2026-08-14,all_boards,20,4943,4921,1,0.2594304658559729,0.07661000934562394,0.06373673677444458,5,-0.024259964004158974,0.12452830374240875
2026-08-14,buyable_mainboard,5,3017,3013,0,0.16184874149441006,0.03601833954583291,0.027079692110419273,5,-0.00440486054867506,
2026-08-14,buyable_mainboard,10,3017,3007,0,0.20040411000068595,0.051922639047101336,0.03847742825746536,5,-0.0028836079873144627,
2026-08-14,buyable_mainboard,20,3017,3001,0,0.2484490064569066,0.06982906168951367,0.06911607086658478,5,-0.06288161128759384,
2026-08-17,all_boards,5,4944,4941,0,0.46810293797246105,0.049596302638311635,0.03855277970433235,5,-0.0017021350795403123,
2026-08-17,all_boards,10,4944,4932,0,0.3316397544734141,0.0522069816477343,0.043459203094244,5,0.007646491285413504,
2026-08-17,all_boards,20,4944,4921,0,0.36937402569193695,0.06994209974759513,0.06660766899585724,5,0.012877938337624073,
2026-08-17,buyable_mainboard,5,3017,3015,0,0.4257018760167041,0.04350778062354502,0.032687366008758545,5,-0.0017021350795403123,
2026-08-17,buyable_mainboard,10,3017,3008,0,0.2926872012795188,0.051078480880723295,0.041335489600896835,5,0.007646491285413504,
2026-08-17,buyable_mainboard,20,3017,3000,0,0.333971726614167,0.06484312056596779,0.072053924202919,5,0.012877938337624073,
2026-08-18,all_boards,5,4945,4941,0,0.41942853140704595,0.03709729669571161,0.03364580124616623,5,0.011072354391217232,
2026-08-18,all_boards,10,4945,4933,0,0.34854340064904293,0.060702466867318686,0.04060851037502289,5,0.030170315876603127,
2026-08-18,all_boards,20,4945,4919,0,0.21855582208264188,0.06846012429375142,0.06747236102819443,5,-0.016667654737830162,
2026-08-18,buyable_mainboard,5,3018,3015,0,0.3687260582984427,0.03287587425562728,0.028723662719130516,5,0.01438713539391756,
2026-08-18,buyable_mainboard,10,3018,3009,0,0.26373983224257425,0.0608637321736977,0.04043828696012497,5,0.0317470021545887,
2026-08-18,buyable_mainboard,20,3018,2998,0,0.18255547055775612,0.06223279907393519,0.07369165867567062,5,-0.019459838047623634,
2026-08-19,all_boards,5,4950,4945,0,0.16641955654759713,0.038947668117652316,0.02836632914841175,5,-0.04123678803443909,
2026-08-19,all_boards,10,4950,4937,0,0.24419250064366954,0.06327525795723299,0.03969731554389,5,-0.029764186590909958,
2026-08-19,all_boards,20,4950,4924,0,0.16542972848582496,0.06982713402353832,0.06854686141014099,5,-0.00806147325783968,
2026-08-19,buyable_mainboard,5,3021,3017,0,0.16104120294057275,0.03698763350861528,0.02613474428653717,5,-0.008556967601180077,
2026-08-19,buyable_mainboard,10,3021,3012,0,0.21577543766232826,0.06247343848948728,0.04052465781569481,5,0.0058591291308403015,
2026-08-19,buyable_mainboard,20,3021,3001,0,0.1702485215635502,0.06455690503485341,0.07480284571647644,5,-0.03640633076429367,
2026-08-20,all_boards,5,4955,4951,0,0.1464598987143398,0.03781306777487213,0.024726759642362595,5,0.047448962926864624,
2026-08-20,all_boards,10,4955,4943,0,0.1871079105093209,0.05822955600255729,0.040411412715911865,5,0.01582478918135166,
2026-08-20,all_boards,20,4955,4930,0,0.11854422978757506,0.0691188736311539,0.07063120603561401,5,0.014310508966445923,
2026-08-20,buyable_mainboard,5,3026,3023,0,0.11077447575281463,0.03658121928001438,0.023480640724301338,5,0.015514679253101349,
2026-08-20,buyable_mainboard,10,3026,3018,0,0.1564700330802054,0.056716540805757505,0.042198821902275085,5,-0.001008942723274231,
2026-08-20,buyable_mainboard,20,3026,3007,0,0.13767258953049039,0.06429012295368161,0.07725836336612701,5,-0.044750865548849106,
2026-08-21,all_boards,5,4964,4957,0,0.04930898457689113,0.038454366643589616,0.026255328208208084,5,0.0017236501444131136,
2026-08-21,all_boards,10,4964,4951,0,0.2376067307404702,0.05748686052935055,0.04166776314377785,5,-0.05297946184873581,
2026-08-21,all_boards,20,4964,4939,0,0.041952779878066705,0.06863384662128134,0.06887359917163849,5,0.026856571435928345,
2026-08-21,buyable_mainboard,5,3035,3029,0,-0.02078756183822278,0.03929829399509927,0.025658220052719116,5,-0.002809335943311453,
2026-08-21,buyable_mainboard,10,3035,3026,0,0.19338342354224053,0.05611446158688149,0.044358208775520325,5,-0.04308273643255234,
2026-08-21,buyable_mainboard,20,3035,3016,0,0.09290723855153998,0.06380515145794495,0.0765848308801651,5,-0.04456619918346405,
2026-08-24,all_boards,5,4978,4969,5,0.18798996895714223,0.0501101444490218,0.027276579290628433,5,0.04208281263709068,0.042082808911800385
2026-08-24,all_boards,10,4978,4964,5,0.0983849379887869,0.0637028936377077,0.046973854303359985,5,-0.008122424595057964,-0.008122424595057964
2026-08-24,all_boards,20,4978,4952,5,0.04398328693226326,0.07832986303992952,0.07683045417070389,5,0.06624387204647064,0.06624387949705124
2026-08-24,buyable_mainboard,5,3045,3038,1,0.13698202812682136,0.047161318192611136,0.028900718316435814,5,0.03470214828848839,-0.03649205341935158
2026-08-24,buyable_mainboard,10,3045,3034,1,0.11148828536115901,0.062480075839993765,0.05038008466362953,5,-0.025903161615133286,-0.03649205341935158
2026-08-24,buyable_mainboard,20,3045,3026,1,0.10219659119925838,0.0729717846285286,0.08361367881298065,5,0.02326137386262417,-0.05768099054694176
2026-08-25,all_boards,5,5013,5005,1,-0.017567879964099437,0.043537237586859553,0.027457909658551216,5,0.0030840414110571146,-0.010473094880580902
2026-08-25,all_boards,10,5013,5000,1,0.04727515687297775,0.05829038792092797,0.04590504616498947,5,-0.008113238029181957,-0.05651859939098358
2026-08-25,all_boards,20,5013,4988,1,-0.03998255481924872,0.07171037092387608,0.06845162063837051,5,0.0931992158293724,0.08631274849176407
2026-08-25,buyable_mainboard,5,3072,3066,0,-0.09242364839718356,0.042948275385665605,0.02928300015628338,5,-0.023128096014261246,
2026-08-25,buyable_mainboard,10,3072,3063,0,0.01065212134069206,0.05918410673516354,0.0496896468102932,5,-0.06522077322006226,
2026-08-25,buyable_mainboard,20,3072,3054,0,0.023710837926635923,0.06617791565955064,0.0757439061999321,5,0.0026646978221833706,
2026-08-26,all_boards,5,5046,5038,0,0.023044777465360784,0.041141158401122827,0.031453780829906464,5,-0.006488579325377941,
2026-08-26,all_boards,10,5046,5033,0,0.04506163824021498,0.058239993663438475,0.05250662937760353,5,-0.003307122038677335,
2026-08-26,all_boards,20,5046,5022,0,-0.04935910733875805,0.07771866929406637,0.07492192834615707,5,0.13068194687366486,
2026-08-26,buyable_mainboard,5,3095,3090,0,-0.025476483420391483,0.03842597012150005,0.03200642764568329,5,-0.024795319885015488,
2026-08-26,buyable_mainboard,10,3095,3086,0,0.020294258991218093,0.057973925094474806,0.054709937423467636,5,-0.052481673657894135,
2026-08-26,buyable_mainboard,20,3095,3078,0,0.04651032954012211,0.06654905267274253,0.07980730384588242,5,-0.009314589202404022,
2026-08-27,all_boards,5,5048,5040,0,0.2308268792664144,0.03699302890406779,0.03655951842665672,5,0.011873586103320122,
2026-08-27,all_boards,10,5048,5034,0,0.25037104636345814,0.05592533493162843,0.05898846685886383,5,0.025341074913740158,
2026-08-27,all_boards,20,5048,5023,0,0.10946127313268829,0.0774783923626358,0.08072654902935028,5,0.027543282136321068,
2026-08-27,buyable_mainboard,5,3096,3091,0,0.18497648242698625,0.03493915953896875,0.037867944687604904,5,0.011873586103320122,
2026-08-27,buyable_mainboard,10,3096,3087,0,0.2069486115064053,0.057480921302620946,0.06338081508874893,5,0.025341074913740158,
2026-08-27,buyable_mainboard,20,3096,3079,0,0.18569372104820275,0.06863528046787258,0.08720968663692474,5,0.027543282136321068,
2026-08-28,all_boards,5,5046,5040,0,0.20444293794005577,0.03744763652202458,0.038334064185619354,5,-0.00952618196606636,
2026-08-28,all_boards,10,5046,5035,0,0.12211694013953925,0.05067385093786984,0.05202129855751991,5,-0.02127356082201004,
2026-08-28,all_boards,20,5046,0,0,,,,0,,
2026-08-28,buyable_mainboard,5,3094,3091,0,0.18231349273280073,0.03531513029282891,0.037968821823596954,5,-0.00952618196606636,
2026-08-28,buyable_mainboard,10,3094,3088,0,0.1366510564743098,0.04991098676067881,0.054874349385499954,5,-0.02127356082201004,
2026-08-28,buyable_mainboard,20,3094,0,0,,,,0,,
2026-08-31,all_boards,5,5046,5041,0,0.25920167916586434,0.033547304240461026,0.036260273307561874,5,-0.0034266202710568905,
2026-08-31,all_boards,10,5046,5035,0,0.25646140892408903,0.04728015162416155,0.04771529883146286,5,-0.014379370026290417,
2026-08-31,all_boards,20,5046,0,0,,,,0,,
2026-08-31,buyable_mainboard,5,3095,3091,0,0.2054580632670352,0.03366570778403168,0.037703197449445724,5,-0.01089140772819519,
2026-08-31,buyable_mainboard,10,3095,3087,0,0.26370476653500524,0.04708811413630571,0.05265212431550026,5,-0.020466120913624763,
2026-08-31,buyable_mainboard,20,3095,0,0,,,,0,,
2026-09-01,all_boards,5,5047,5042,0,0.06166035410845618,0.03427754775849377,0.03076334297657013,5,-0.0010811507236212492,
2026-09-01,all_boards,10,5047,5032,0,0.04528768347388032,0.050581235892502664,0.039770133793354034,5,-0.061091672629117966,
2026-09-01,all_boards,20,5047,0,0,,,,0,,
2026-09-01,buyable_mainboard,5,3095,3092,0,0.02070648347362761,0.034199364154714744,0.03173421323299408,5,-0.0007474608719348907,
2026-09-01,buyable_mainboard,10,3095,3084,0,0.1562096058984056,0.04722329291557085,0.04274732619524002,5,-0.0489518977701664,
2026-09-01,buyable_mainboard,20,3095,0,0,,,,0,,
2026-09-02,all_boards,5,5051,5046,0,0.13611785679288085,0.035894472222733065,0.029478831216692924,5,-0.016344089061021805,
2026-09-02,all_boards,10,5051,5037,0,0.005677719187309783,0.050029715913237564,0.03604724630713463,5,-0.056670647114515305,
2026-09-02,all_boards,20,5051,0,0,,,,0,,
2026-09-02,buyable_mainboard,5,3097,3093,0,0.11860640352959424,0.03602653156572267,0.032138146460056305,5,-0.002764076227322221,
2026-09-02,buyable_mainboard,10,3097,3086,0,0.11742816431109675,0.04558674692286549,0.03918890282511711,5,-0.040962256491184235,
2026-09-02,buyable_mainboard,20,3097,0,0,,,,0,,
2026-09-03,all_boards,5,5052,5046,0,0.17882702865446312,0.03796760507474375,0.029346244409680367,5,-0.04691384360194206,
2026-09-03,all_boards,10,5052,5038,0,0.0567822415178556,0.04788697876754104,0.03454273194074631,5,0.0094387736171484,
2026-09-03,all_boards,20,5052,0,0,,,,0,,
2026-09-03,buyable_mainboard,5,3097,3093,0,0.1629104230695248,0.0367994940420991,0.031816594302654266,5,-0.023325731977820396,
2026-09-03,buyable_mainboard,10,3097,3086,0,0.13707466737939158,0.044572825823577134,0.03724376857280731,5,0.016150200739502907,
2026-09-03,buyable_mainboard,20,3097,0,0,,,,0,,
2026-09-04,all_boards,5,5053,5047,0,0.12538088385723983,0.0432189611263348,0.02676386386156082,5,-0.04566366970539093,
2026-09-04,all_boards,10,5053,5040,0,0.07482817546907158,0.05342952097952086,0.03181254491209984,5,0.08629422634840012,
2026-09-04,all_boards,20,5053,0,0,,,,0,,
2026-09-04,buyable_mainboard,5,3097,3094,0,0.12328169142301001,0.03974739346316394,0.025838777422904968,5,-0.011742083355784416,
2026-09-04,buyable_mainboard,10,3097,3087,0,0.12423855452867262,0.04688575730578926,0.03385764732956886,5,0.06414002925157547,
2026-09-04,buyable_mainboard,20,3097,0,0,,,,0,,
2026-09-07,all_boards,5,5054,5047,0,0.19068701402235955,0.043634697233756556,0.028970619663596153,5,-0.03824663534760475,
2026-09-07,all_boards,10,5054,5041,0,0.025735820594479934,0.05143040936277436,0.03155262768268585,5,0.08765001595020294,
2026-09-07,all_boards,20,5054,0,0,,,,0,,
2026-09-07,buyable_mainboard,5,3098,3094,0,0.260358542333516,0.040616056475081576,0.027317767962813377,5,-0.05326979234814644,
2026-09-07,buyable_mainboard,10,3098,3090,0,0.10535279952741973,0.04571276316605028,0.0339314304292202,5,0.021019015461206436,
2026-09-07,buyable_mainboard,20,3098,0,0,,,,0,,
2026-09-08,all_boards,5,5053,5043,0,0.21791629559260273,0.056183160810414995,0.029812950640916824,5,-0.02216743305325508,
2026-09-08,all_boards,10,5053,5040,0,-0.028048925376227454,0.052704997303762574,0.0283400546759367,5,0.09556327015161514,
2026-09-08,all_boards,20,5053,0,0,,,,0,,
2026-09-08,buyable_mainboard,5,3098,3090,0,0.2814458807932295,0.05578995928579706,0.02845842018723488,5,-0.04708225280046463,
2026-09-08,buyable_mainboard,10,3098,3089,0,0.04286214292085078,0.04628629811293551,0.029937438666820526,5,0.028640199452638626,
2026-09-08,buyable_mainboard,20,3098,0,0,,,,0,,
2026-09-09,all_boards,5,5057,5048,0,0.17743662319565107,0.04835794590650852,0.026926016435027122,5,0.07723886519670486,
2026-09-09,all_boards,10,5057,5045,0,0.06849814474351144,0.06126683259821449,0.027648406103253365,5,0.14821535348892212,
2026-09-09,all_boards,20,5057,0,0,,,,0,,
2026-09-09,buyable_mainboard,5,3101,3094,0,0.20966886486488326,0.04969291455887327,0.02761417254805565,5,0.012222695164382458,
2026-09-09,buyable_mainboard,10,3101,3093,0,0.1448621955143363,0.0519587603038659,0.02972441539168358,5,0.04180333763360977,
2026-09-09,buyable_mainboard,20,3101,0,0,,,,0,,
2026-09-10,all_boards,5,5059,5051,0,0.18404490529489861,0.04166291386078859,0.01908455230295658,4,0.0889514684677124,
2026-09-10,all_boards,10,5059,5047,0,0.19020542732563747,0.05982025494067665,0.03058960661292076,4,0.1442716270685196,
2026-09-10,all_boards,20,5059,0,0,,,,0,,
2026-09-10,buyable_mainboard,5,3104,3097,0,0.16579103097331346,0.041245198651635825,0.020393671467900276,5,0.0250193290412426,
2026-09-10,buyable_mainboard,10,3104,3096,0,0.2036859376561025,0.05171315650496165,0.03209873288869858,5,0.049964211881160736,
2026-09-10,buyable_mainboard,20,3104,0,0,,,,0,,
2026-09-11,all_boards,5,5061,5054,5,0.38594314672708613,0.04318972329103603,0.019889622926712036,5,0.1321198046207428,0.1321198046207428
2026-09-11,all_boards,10,5061,0,5,,,,0,,
2026-09-11,all_boards,20,5061,0,5,,,,0,,
2026-09-11,buyable_mainboard,5,3106,3099,1,0.29648990467319836,0.0355013638078798,0.019999273121356964,5,0.06088993698358536,0.03803635016083717
2026-09-11,buyable_mainboard,10,3106,0,1,,,,0,,
2026-09-11,buyable_mainboard,20,3106,0,1,,,,0,,
2026-09-14,all_boards,5,5059,5053,55,0.319472245453032,0.04203794475748306,0.018246714025735855,5,0.135818749666214,0.10672511160373688
2026-09-14,all_boards,10,5059,0,55,,,,0,,
2026-09-14,all_boards,20,5059,0,55,,,,0,,
2026-09-14,buyable_mainboard,5,3104,3100,12,0.24936531436010667,0.035170016281793434,0.017881957814097404,5,0.07356776297092438,0.06796171516180038
2026-09-14,buyable_mainboard,10,3104,0,12,,,,0,,
2026-09-14,buyable_mainboard,20,3104,0,12,,,,0,,
2026-09-15,all_boards,5,5056,5053,374,0.2555053974455378,0.04905373795274054,0.021611113101243973,5,0.12634508311748505,0.08056455850601196
2026-09-15,all_boards,10,5056,0,374,,,,0,,
2026-09-15,all_boards,20,5056,0,374,,,,0,,
2026-09-15,buyable_mainboard,5,3100,3099,102,0.21876567515164697,0.041374837473259235,0.021427953615784645,5,0.06621965765953064,0.06126505136489868
2026-09-15,buyable_mainboard,10,3100,0,102,,,,0,,
2026-09-15,buyable_mainboard,20,3100,0,102,,,,0,,
2026-09-16,all_boards,5,5057,5054,137,0.17235132482540289,0.043780025957046415,0.02437598444521427,5,0.014257578179240227,0.05557827278971672
2026-09-16,all_boards,10,5057,0,137,,,,0,,
2026-09-16,all_boards,20,5057,0,137,,,,0,,
2026-09-16,buyable_mainboard,5,3100,3099,33,0.15963592625662779,0.03627486861401648,0.024233663454651833,5,-0.0018431078642606735,0.04132429510354996
2026-09-16,buyable_mainboard,10,3100,0,33,,,,0,,
2026-09-16,buyable_mainboard,20,3100,0,33,,,,0,,
2026-09-17,all_boards,5,5058,5054,202,0.0005384515763974635,0.038806478840312374,0.024954941123723984,5,0.01833299919962883,0.009185363538563251
2026-09-17,all_boards,10,5058,0,202,,,,0,,
2026-09-17,all_boards,20,5058,0,202,,,,0,,
2026-09-17,buyable_mainboard,5,3100,3099,51,-0.03196922936133243,0.03579672872978005,0.024282347410917282,5,-0.014564281329512596,0.004148157779127359
2026-09-17,buyable_mainboard,10,3100,0,51,,,,0,,
2026-09-17,buyable_mainboard,20,3100,0,51,,,,0,,
2026-09-18,all_boards,5,5058,0,6,,,,0,,
2026-09-18,all_boards,10,5058,0,6,,,,0,,
2026-09-18,all_boards,20,5058,0,6,,,,0,,
2026-09-18,buyable_mainboard,5,3100,0,4,,,,0,,
2026-09-18,buyable_mainboard,10,3100,0,4,,,,0,,
2026-09-18,buyable_mainboard,20,3100,0,4,,,,0,,
2026-09-21,all_boards,5,5058,0,0,,,,0,,
2026-09-21,all_boards,10,5058,0,0,,,,0,,
2026-09-21,all_boards,20,5058,0,0,,,,0,,
2026-09-21,buyable_mainboard,5,3101,0,0,,,,0,,
2026-09-21,buyable_mainboard,10,3101,0,0,,,,0,,
2026-09-21,buyable_mainboard,20,3101,0,0,,,,0,,
2026-09-22,all_boards,5,5059,0,0,,,,0,,
2026-09-22,all_boards,10,5059,0,0,,,,0,,
2026-09-22,all_boards,20,5059,0,0,,,,0,,
2026-09-22,buyable_mainboard,5,3101,0,0,,,,0,,
2026-09-22,buyable_mainboard,10,3101,0,0,,,,0,,
2026-09-22,buyable_mainboard,20,3101,0,0,,,,0,,
2026-09-23,all_boards,5,5063,0,0,,,,0,,
2026-09-23,all_boards,10,5063,0,0,,,,0,,
2026-09-23,all_boards,20,5063,0,0,,,,0,,
2026-09-23,buyable_mainboard,5,3104,0,0,,,,0,,
2026-09-23,buyable_mainboard,10,3104,0,0,,,,0,,
2026-09-23,buyable_mainboard,20,3104,0,0,,,,0,,
