holding_month,blend_five_seed__k3__full,blend_five_seed__k3__trend,blend_five_seed__k3__vol_target,blend_five_seed__k5__full,blend_five_seed__k5__trend,blend_five_seed__k5__vol_target,blend_five_seed__k8__full,blend_five_seed__k8__trend,blend_five_seed__k8__vol_target,ranker_five_seed__k3__full,ranker_five_seed__k3__trend,ranker_five_seed__k3__vol_target,ranker_five_seed__k5__full,ranker_five_seed__k5__trend,ranker_five_seed__k5__vol_target,ranker_five_seed__k8__full,ranker_five_seed__k8__trend,ranker_five_seed__k8__vol_target,original_repaired,fixed_industry64,industry_equal_weight,momentum_6_1,momentum_6_1__trend,momentum_6_1__vol_target,reversal_1,reversal_1__trend,reversal_1__vol_target,low_vol_6,low_vol_6__trend,low_vol_6__vol_target,trend_defensive,trend_defensive__trend,trend_defensive__vol_target,ridge_price,ridge_price__trend,ridge_price__vol_target,gbdt_price,gbdt_price__trend,gbdt_price__vol_target,ranker_price,ranker_price__trend,ranker_price__vol_target,gbdt_price_value,gbdt_price_value__trend,gbdt_price_value__vol_target,ridge_tech12,ridge_tech12__trend,ridge_tech12__vol_target,gbdt_tech12,gbdt_tech12__trend,gbdt_tech12__vol_target,blend_ridge_gbdt,blend_ridge_gbdt__trend,blend_ridge_gbdt__vol_target,blend_lstm_gbdt,blend_lstm_gbdt__trend,blend_lstm_gbdt__vol_target,lstm12_only
2019-02-28,0.154984689582813,0.0774923447914065,0.1270652108831374,0.15594375871082672,0.07797187935541336,0.12785150997713568,0.1858212226257581,0.09291061131287905,0.1523467440755694,0.1287499731492053,0.06437498657460265,0.10555650711976038,0.15588278720009036,0.07794139360004518,0.12780152208549017,0.1517209337532598,0.0758604668766299,0.12438939933123792,0.20136653595679177,0.2091015329458146,0.1867170973082711,0.1900199415026978,0.0950099707513489,0.1557890911936844,0.2085007885969628,0.1042503942984814,0.1709407344924701,0.1634179585761462,0.0817089792880731,0.1339792815952611,0.1862642304683236,0.0931321152341618,0.1527099469512211,0.1524631852888231,0.0762315926444115,0.1249979391047379,0.1629478498127201,0.08147392490636,0.1335938598524842,0.1330116866903505,0.0665058433451752,0.1090505008251179,0.1508651418897487,0.0754325709448743,0.1236877727776614,0.1442644786813061,0.072132239340653,0.1182761758979505,0.1775055249014087,0.0887527624507043,0.1455290649368807,0.160198182277846,0.080099091138923,0.1313395269495517,0.1689720597982538,0.0844860298991269,0.1385328477891418,0.1563742894046754
2019-03-31,0.07628003936896459,0.07628003936896459,0.03402105786553672,0.0910691614832285,0.0910691614832285,0.04061703740870631,0.07890578082427097,0.07890578082427097,0.035192144072753104,0.10302168698268972,0.10302168698268972,0.04594788890039968,0.08840704314212759,0.08840704314212759,0.03942972703397741,0.09164089183865151,0.09164089183865151,0.04087203034874986,0.10215234986919905,0.1039044388585146,0.0893517213884419,0.1217271502816526,0.1217271502816526,0.0542905648423658,0.0874230744524846,0.0874230744524846,0.0389908749305287,0.0661993569146998,0.0661993569146998,0.0295250523057889,0.0992839549544709,0.0992839549544709,0.0442808525607509,0.0775673948079234,0.0775673948079234,0.0345952210967653,0.0750184193197157,0.0750184193197157,0.0334583726722031,0.0884070431421275,0.0884070431421275,0.0394297270339774,0.0712341694540386,0.0712341694540386,0.031770589279288,0.1182838097577151,0.1182838097577151,0.0527548277323075,0.1131765471852586,0.1131765471852586,0.0504769778917799,0.0910691614832285,0.0910691614832285,0.0406170374087063,0.0794766461304918,0.0794766461304918,0.0354467511990345,0.103190321902084
2019-04-30,-0.04584443773725825,-0.04584443773725825,-0.019563894282805007,-0.04369345341640034,-0.04369345341640034,-0.018645972023655234,-0.031067346665155773,-0.031067346665155773,-0.013257841426428888,-0.025546331007635814,-0.025546331007635814,-0.010901774431421363,-0.04106371136267757,-0.04106371136267757,-0.01752374219448958,-0.04272203615926297,-0.04272203615926297,-0.018231424360707616,-0.016722114662264986,-0.0177885303780708,-0.0265905593703333,-0.0214306140240058,-0.0214306140240058,-0.0091454119163622,-0.0117988177059872,-0.0117988177059872,-0.0050350889585548,-0.014253931596618,-0.014253931596618,-0.0060827970553107,0.0125784232450458,0.0125784232450458,0.0053677818892838,-0.044671558782472,-0.044671558782472,-0.0190633738050652,-0.033323101403303,-0.033323101403303,-0.014220473959474,-0.0345669104477095,-0.0345669104477095,-0.0147512635133175,-0.0373054936163734,-0.0373054936163734,-0.0159199407671094,-0.0349611085729684,-0.0349611085729684,-0.0149194856756929,-0.0033646324689392,-0.0033646324689392,-0.001435840794909,-0.0436934534164003,-0.0436934534164003,-0.0186459720236552,-0.0508948928429582,-0.0508948928429582,-0.0217191518155561,-0.0430759322584375
2019-05-31,-0.029842568031259103,-0.029842568031259103,-0.01533172818547502,-0.04771113649697809,-0.04771113649697809,-0.024511770415520173,-0.04921524401687295,-0.04921524401687295,-0.025284511140534243,-0.060039878885209154,-0.060039878885209154,-0.03084570679013477,-0.06357645635939146,-0.06357645635939146,-0.03266263636818721,-0.06229975649636396,-0.06229975649636396,-0.03200672715642408,-0.06071611961321026,-0.0659262749273036,-0.0639811865076807,-0.0537415922902941,-0.0537415922902941,-0.0276099390771714,-0.0430686198290585,-0.0430686198290585,-0.0221266605424515,-0.0734237459887848,-0.0734237459887848,-0.0377217173361308,-0.0477637625622823,-0.0477637625622823,-0.024538807248539,-0.0523067598506199,-0.0523067598506199,-0.0268727886773217,-0.0435358344613759,-0.0435358344613759,-0.0223666937641053,-0.060331117726452,-0.060331117726452,-0.0309953318072013,-0.0549804037396921,-0.0549804037396921,-0.0282463829782235,-0.0470527976110371,-0.0470527976110371,-0.0241735464113861,-0.0604371529033034,-0.0604371529033034,-0.0310498077661028,-0.047711136496978,-0.047711136496978,-0.0245117704155201,-0.0493808111297862,-0.0493808111297862,-0.0253695718487474,-0.0773436725151851
2019-06-30,-0.0017510017265665774,-0.0017510017265665774,-0.0007989772386421695,0.0018329977511222673,0.0018329977511222673,0.0008363917975687335,0.007553987334478943,0.007553987334478943,0.0034468635008569905,0.03897870019919566,0.03897870019919566,0.017785872954038,0.030024895416836662,0.030024895416836662,0.013700276628340582,0.016205201095363622,0.016205201095363622,0.007394388381445373,0.01220651679068301,0.0160535721756569,0.0176600703799182,0.0239341624646001,0.0239341624646001,0.0109210920497925,0.0248765719183732,0.0248765719183732,0.0113511108736587,0.0397082255767589,0.0397082255767589,0.0181187533634867,0.0239655696301644,0.0239655696301644,0.0109354230524611,0.0074301057429511,0.0074301057429511,0.0033903366737181,0.0269420372343331,0.0269420372343331,0.0122935769772717,0.0300248954168366,0.0300248954168366,0.0137002766283405,0.0213128174885382,0.0213128174885382,0.0097249795967173,0.0253927978375453,0.0253927978375453,0.011586663330951,0.0137338309952393,0.0137338309952393,0.006266709048923,0.0018329977511222,0.0018329977511222,0.0008363917975687,0.0262708189065796,0.0262708189065796,0.0119873019131768,0.020423546606309
2019-07-31,0.010327360579485282,0.010327360579485282,0.004957072596159851,-0.007584863152465293,-0.007584863152465293,-0.0036406898925748807,0.0011689551447498642,0.0011689551447498642,0.0005610916235161055,0.015163345059122535,0.015163345059122535,0.007278316824533543,-4.0641110327599425e-05,-4.0641110327599425e-05,-1.9507494943349127e-05,0.007642610107504513,0.007642610107504513,0.00366840809279975,-0.021878541050098788,-0.0206010633201479,-0.0137513605422432,0.0183193948373616,0.0183193948373616,0.0087932022347421,-0.002440765881183,-0.002440765881183,-0.0011715533286683,-0.0192316507581734,-0.0192316507581734,-0.0092310797341221,0.0012316241170701,0.0012316241170701,0.0005911723632101,-0.0116590552798393,-0.0116590552798393,-0.0055962782532848,0.0121044503048986,0.0121044503048986,0.0058100652568656,0.0039355862117907,0.0039355862117907,0.0018890583329728,0.0121044503048986,0.0121044503048986,0.0058100652568656,0.0056084660074181,0.0056084660074181,0.0026920308376849,7.179697659014384e-05,7.179697659014384e-05,3.44621282856254e-05,0.0023113388221297,0.0023113388221297,0.0011094290983099,0.0007265891226467,0.0007265891226467,0.0003487585236149,-0.0182629556821987
2019-08-31,-0.031517657882292695,-0.031517657882292695,-0.014860729838079572,-0.015441370879766492,-0.015441370879766492,-0.007280681890475123,-0.025208954202744494,-0.025208954202744494,-0.011886145198561158,0.013731439326587935,0.013731439326587935,0.006474440800217249,-0.0007396944723959909,-0.0007396944723959909,-0.0003487695614328436,0.009610004104302294,0.009610004104302294,0.00453116393579191,-0.03745457756929797,-0.0305564229615922,-0.0098654243147531,0.0389344132408904,0.0389344132408904,0.0183577662635296,-0.0277707116486638,-0.0277707116486638,-0.0130940263633568,-0.0347607163979508,-0.0347607163979508,-0.0163898477893647,0.0025808501988408,0.0025808501988408,0.001216883491177,-0.0154413708797664,-0.0154413708797664,-0.0072806818904751,-0.0126355071662475,-0.0126355071662475,-0.0059577034266311,-0.0272937782465986,-0.0272937782465986,-0.0128691499316969,-0.0240211174612565,-0.0240211174612565,-0.0113260743654769,-0.0154668907361219,-0.0154668907361219,-0.0072927146275592,-0.0094400560632297,-0.0094400560632297,-0.0044510326032442,-0.0154413708797664,-0.0154413708797664,-0.0072806818904751,-0.0478652040721021,-0.0478652040721021,-0.0225686778191626,-0.031091719532392
2019-09-30,0.0005792283161342171,0.0005792283161342171,0.0004849568869575049,0.0020118499494597986,0.0020118499494597986,0.0016844143515414053,0.00622613307724125,0.00622613307724125,0.005212808198110292,0.0382432898388864,0.0382432898388864,0.0320190610000883,0.003486457967235834,0.003486457967235834,0.002919024770030576,0.005369692678186683,0.005369692678186683,0.004495756461824137,0.003918473881584772,0.0026357239848101,0.0015153877233151,-0.0377730280848673,-0.0377730280848673,-0.0316253359871153,0.0190304836397821,0.0190304836397821,0.0159332060366778,-0.0062076413285435,-0.0062076413285435,-0.0051973260460244,-0.0221353323213472,-0.0221353323213472,-0.0185327297635825,0.0038102263076573,0.0038102263076573,0.0031900986835335,-0.0046385037311124,-0.0046385037311124,-0.0038835710667498,0.0069817738536473,0.0069817738536473,0.0058454658019888,-0.0130125830215182,-0.0130125830215182,-0.0108947397383958,-0.0033262576811704,-0.0033262576811704,-0.0027848976394053,-0.0108528265862322,-0.0108528265862322,-0.0090864911975907,0.0020118499494597,0.0020118499494597,0.0016844143515414,0.0008039094079703,0.0008039094079703,0.0006730703472632,0.0066334456156024
2019-10-31,0.027792929174802916,0.027792929174802916,0.027792929174802916,0.030307046600654884,0.030307046600654884,0.030307046600654884,0.012831029577744457,0.012831029577744457,0.012831029577744457,0.03324096516557321,0.03324096516557321,0.03324096516557321,0.020362651864001702,0.020362651864001702,0.020362651864001702,0.015359401345446111,0.015359401345446111,0.015359401345446111,-0.011611731262520086,0.0050339629956593,0.0019345666965244,0.0247166946231487,0.0247166946231487,0.0247166946231487,0.0061648322949477,0.0061648322949477,0.0061648322949477,-0.0118774992859908,-0.0118774992859908,-0.0118774992859908,0.0119431442075377,0.0119431442075377,0.0119431442075377,0.0242482873833425,0.0242482873833425,0.0242482873833425,0.0189897671645167,0.0189897671645167,0.0189897671645167,-0.0099480398771782,-0.0099480398771782,-0.0099480398771782,0.0240474394970914,0.0240474394970914,0.0240474394970914,0.0282876721400095,0.0282876721400095,0.0282876721400095,0.0211139340211897,0.0211139340211897,0.0211139340211897,0.0303070466006548,0.0303070466006548,0.0303070466006548,-0.0026828728783316,-0.0026828728783316,-0.0026828728783316,-0.0055529720452077
2019-11-30,-0.040680492682428605,-0.020340246341214303,-0.040680492682428605,-0.03486758040575466,-0.01743379020287733,-0.03486758040575466,-0.0355629473041536,-0.0177814736520768,-0.0355629473041536,-0.0006804341903072405,-0.00034021709515362025,-0.0006804341903072405,-0.028503436195778532,-0.014251718097889266,-0.028503436195778532,-0.022402032288594984,-0.011201016144297492,-0.022402032288594984,0.0002652376333984963,-0.003200547383937,-0.0158298406992952,-0.0222434478417262,-0.0111217239208631,-0.0222434478417262,0.0035553226022886,0.0017776613011443,0.0035553226022886,-0.0068780820058417,-0.0034390410029208,-0.0068780820058417,-0.028471829307555,-0.0142359146537775,-0.028471829307555,-0.0239111237970788,-0.0119555618985394,-0.0239111237970788,-0.0193849695727641,-0.009692484786382,-0.0193849695727641,-0.0128304337343321,-0.006415216867166,-0.0128304337343321,-0.0320206675927944,-0.0160103337963972,-0.0320206675927944,-0.021243825296818,-0.010621912648409,-0.021243825296818,-0.0276264125619435,-0.0138132062809717,-0.0276264125619435,-0.036027219108289,-0.0180136095541445,-0.036027219108289,-0.0085370304228704,-0.0042685152114352,-0.0085370304228704,0.0002652376333984
2019-12-31,0.09069956007740121,0.045349780038700604,0.09069956007740121,0.06911831144803693,0.034559155724018464,0.06911831144803693,0.07022731455599782,0.03511365727799891,0.07022731455599782,0.09069956007740121,0.045349780038700604,0.09069956007740121,0.08444698294736494,0.04222349147368247,0.08444698294736494,0.07181464774773952,0.03590732387386976,0.07181464774773952,0.0720025900890167,0.0718759825324071,0.0758980250585135,0.0670954372897113,0.0335477186448556,0.0670954372897113,0.0665517436172343,0.0332758718086171,0.0665517436172343,0.0787144116875151,0.0393572058437575,0.0787144116875151,0.0794479448154479,0.0397239724077239,0.0794479448154479,0.0782292854312134,0.0391146427156067,0.0782292854312134,0.0691183114480369,0.0345591557240184,0.0691183114480369,0.0844469829473649,0.0422234914736824,0.0844469829473649,0.0807953096839367,0.0403976548419683,0.0807953096839367,0.0931480325771229,0.0465740162885614,0.0931480325771229,0.0507264692489664,0.0253632346244832,0.0507264692489664,0.0691183114480369,0.0345591557240184,0.0691183114480369,0.1034912361944571,0.0517456180972285,0.1034912361944571,0.078647893746641
2020-01-31,-0.029495627781083982,-0.029495627781083982,-0.029495627781083982,-0.02454726944900325,-0.02454726944900325,-0.02454726944900325,-0.029218438676490904,-0.029218438676490904,-0.029218438676490904,-0.06116178244574807,-0.06116178244574807,-0.06116178244574807,-0.030692690336300687,-0.030692690336300687,-0.030692690336300687,0.0002958288115448571,0.0002958288115448571,0.0002958288115448571,-0.01520832074893579,-0.040135591316715,-0.008434261529527,0.034896117383201,0.034896117383201,0.034896117383201,-0.0158800807276114,-0.0158800807276114,-0.0158800807276114,-0.006907431880046,-0.006907431880046,-0.006907431880046,0.034896117383201,0.034896117383201,0.034896117383201,-0.0304623974328809,-0.0304623974328809,-0.0304623974328809,-0.0245472694490032,-0.0245472694490032,-0.0245472694490032,-0.0241746241698057,-0.0241746241698057,-0.0241746241698057,-0.0088585725047411,-0.0088585725047411,-0.0088585725047411,-0.0337791855035621,-0.0337791855035621,-0.0337791855035621,-0.0347274989079007,-0.0347274989079007,-0.0347274989079007,-0.0245472694490032,-0.0245472694490032,-0.0245472694490032,-0.0254310058082421,-0.0254310058082421,-0.0254310058082421,-0.0152083207489357
2020-02-29,0.04335386401857052,0.04335386401857052,0.04335386401857052,0.02385379378183188,0.02385379378183188,0.02385379378183188,0.019877982738092784,0.019877982738092784,0.019877982738092784,-0.0050092993916673505,-0.0050092993916673505,-0.0050092993916673505,0.01767760049596827,0.01767760049596827,0.01767760049596827,0.01854018505704294,0.01854018505704294,0.01854018505704294,0.04019570502208636,0.0222944784480436,0.0051430834751437,0.0546435169426267,0.0546435169426267,0.0546435169426267,-0.0359106076589013,-0.0359106076589013,-0.0359106076589013,-0.0190584440585729,-0.0190584440585729,-0.0190584440585729,0.03829575669148,0.03829575669148,0.03829575669148,0.0082667965546491,0.0082667965546491,0.0082667965546491,0.0215005066565579,0.0215005066565579,0.0215005066565579,0.0464331535543661,0.0464331535543661,0.0464331535543661,0.0033170928006667,0.0033170928006667,0.0033170928006667,0.0097639888385384,0.0097639888385384,0.0097639888385384,0.0380007027225208,0.0380007027225208,0.0380007027225208,0.0238537937818318,0.0238537937818318,0.0238537937818318,-0.0251789141332315,-0.0251789141332315,-0.0251789141332315,0.0094379176173767
2020-03-31,-0.13768092849135036,-0.13768092849135036,-0.13768092849135036,-0.07689024716865327,-0.07689024716865327,-0.07689024716865327,-0.07920406513742548,-0.07920406513742548,-0.07920406513742548,-0.1372806117940362,-0.1372806117940362,-0.1372806117940362,-0.12005087650364432,-0.12005087650364432,-0.12005087650364432,-0.10082949980730116,-0.10082949980730116,-0.10082949980730116,-0.0031175327711016275,-0.0199473141933253,-0.0502981263245906,-0.1030054466062194,-0.1030054466062194,-0.1030054466062194,-0.0549466700879727,-0.0549466700879727,-0.0549466700879727,0.0028923546751743,0.0028923546751743,0.0028923546751743,-0.0949209247604484,-0.0949209247604484,-0.0949209247604484,-0.0758951346347729,-0.0758951346347729,-0.0758951346347729,-0.0693555554388914,-0.0693555554388914,-0.0693555554388914,-0.0860614447829112,-0.0860614447829112,-0.0860614447829112,-0.1085291064914621,-0.1085291064914621,-0.1085291064914621,-0.0566907139892221,-0.0566907139892221,-0.0566907139892221,-0.0233931328825858,-0.0233931328825858,-0.0233931328825858,-0.0768902471686532,-0.0768902471686532,-0.0768902471686532,-0.0269219704384451,-0.0269219704384451,-0.0269219704384451,-0.0318227439031242
2020-04-30,0.08878787289545069,0.044393936447725345,0.08878787289545069,0.06375814775160486,0.03187907387580243,0.06375814775160486,0.04946497760413281,0.024732488802066403,0.04946497760413281,0.0722203463200688,0.0361101731600344,0.0722203463200688,0.06727573907103142,0.03363786953551571,0.06727573907103142,0.06398105884548361,0.031990529422741804,0.06398105884548361,0.0895561971246643,0.0518147416018127,0.0464341821019534,0.0862679138082174,0.0431339569041087,0.0862679138082174,0.1078100079576982,0.0539050039788491,0.1078100079576982,0.0248106011452778,0.0124053005726389,0.0248106011452778,0.0849451831210955,0.0424725915605477,0.0849451831210955,0.0877619975424485,0.0438809987712242,0.0877619975424485,0.0610431112292582,0.0305215556146291,0.0610431112292582,0.0519680282765676,0.0259840141382838,0.0519680282765676,0.0467447854085481,0.023372392704274,0.0467447854085481,0.0361002035682329,0.0180501017841164,0.0361002035682329,0.0349138372301388,0.0174569186150694,0.0349138372301388,0.0637581477516048,0.0318790738758024,0.0637581477516048,0.0071827351322558,0.0035913675661279,0.0071827351322558,0.0687583188708749
2020-05-31,0.007938075008450155,0.007938075008450155,0.007562944910777613,0.006298467148745446,0.006298467148745446,0.006000820100288356,0.012403097804601235,0.012403097804601235,0.011816963850723346,-0.020661008116782842,-0.020661008116782842,-0.019684629588662187,-0.014254189634228375,-0.014254189634228375,-0.01358057852019394,-0.0007352635615309328,-0.0007352635615309328,-0.0007005171662954951,-0.0017263416971580847,0.0155859682737206,0.0115565232893846,-0.0022430740459114,-0.0022430740459114,-0.002137072958112,-0.0024106426640884,-0.0024106426640884,-0.0022967227758194,0.0078926053603876,0.0078926053603876,0.0075196240246631,0.0386053055819934,0.0386053055819934,0.0367809322876827,0.0039932478058856,0.0039932478058856,0.0038045386493385,0.0008496790511754,0.0008496790511754,0.0008095257161265,0.0066158872548077,0.0066158872548077,0.0063032398649248,-0.0046585677898411,-0.0046585677898411,-0.004438417565995,0.0015601593587207,0.0015601593587207,0.0014864308121904,0.0408685028244922,0.0408685028244922,0.0389371774792464,0.0062984671487454,0.0062984671487454,0.0060008201002883,0.0026683835972701,0.0026683835972701,0.0025422836299095,-0.0045864456230469
2020-06-30,0.12807509349358134,0.12807509349358134,0.12654541178510392,0.12383947637298269,0.12383947637298269,0.12236038331415414,0.11241023803493094,0.11241023803493094,0.11106765158601889,0.07636209012220345,0.07636209012220345,0.07545004946468956,0.09653534880317176,0.09653534880317176,0.09538236617979307,0.09800816188271189,0.09800816188271189,0.09683758852278697,0.0720700947993819,0.0810538992678662,0.067926372542109,0.1170546904841778,0.1170546904841778,0.1156566324071473,0.0376013066678091,0.0376013066678091,0.0371522105207313,0.0585569738653487,0.0585569738653487,0.0578575909534783,0.1113210224732335,0.1113210224732335,0.1099914452135077,0.1419885880796162,0.1419885880796162,0.140292728720288,0.0984207950959885,0.0984207950959885,0.0972452933970599,0.0457986350949853,0.0457986350949853,0.0452516330786913,0.0991034457435671,0.0991034457435671,0.0979197907169275,0.1032275754647168,0.1032275754647168,0.1019946633528333,0.1135579944002844,0.1135579944002844,0.1122016995724052,0.1238394763729826,0.1238394763729826,0.1223603833141541,0.0455083514792383,0.0455083514792383,0.0449648165034529,0.0297998878443468
2020-07-31,0.1450373083332035,0.1450373083332035,0.1450373083332035,0.16992840998925057,0.16992840998925057,0.16992840998925057,0.15184773455113448,0.15184773455113448,0.15184773455113448,0.17564315783990594,0.17564315783990594,0.17564315783990594,0.144406811455982,0.144406811455982,0.144406811455982,0.1442389764319998,0.1442389764319998,0.1442389764319998,0.14133603553282675,0.1204936578351303,0.1369945629152614,0.1417611622880261,0.1417611622880261,0.1417611622880261,0.1319325549264782,0.1319325549264782,0.1319325549264782,0.0990662167185756,0.0990662167185756,0.0990662167185756,0.1613329779554389,0.1613329779554389,0.1613329779554389,0.123544485609923,0.123544485609923,0.123544485609923,0.177333295369079,0.177333295369079,0.177333295369079,0.1938135960578826,0.1938135960578826,0.1938135960578826,0.177333295369079,0.177333295369079,0.177333295369079,0.1081415556260073,0.1081415556260073,0.1081415556260073,0.1200937485739081,0.1200937485739081,0.1200937485739081,0.1699284099892505,0.1699284099892505,0.1699284099892505,0.1615019755560242,0.1615019755560242,0.1615019755560242,0.0911623581755373
2020-08-31,0.008090975723250274,0.008090975723250274,0.005495105589020956,0.038858045043162016,0.038858045043162016,0.026391014853932797,0.02987752942253337,0.02987752942253337,0.020291765113583528,-0.006541053828897432,-0.006541053828897432,-0.004442453256901136,0.02834828536341878,0.02834828536341878,0.01925315643848026,0.022293885884021356,0.022293885884021356,0.015141221666287242,0.004937627731974592,0.0202676285214709,0.021231832280113,0.0065661362018191,0.0065661362018191,0.0044594883206984,0.0122854751783924,0.0122854751783924,0.0083438618067491,0.0345064574274911,0.0345064574274911,0.023435569893287,0.0138911142750933,0.0138911142750933,0.0094343552992555,0.03125519731683,0.03125519731683,0.0212274285990158,0.0319969929312234,0.0319969929312234,0.0217312300397803,0.0283482853634187,0.0283482853634187,0.0192531564384802,0.0135663216365503,0.0135663216365503,0.0092137675846982,0.0262180529878648,0.0262180529878648,0.0178063776773993,0.0274913866956015,0.0274913866956015,0.0186711810600081,0.038858045043162,0.038858045043162,0.0263910148539327,0.016349940345901,0.016349940345901,0.0111043033186642,0.0239318203957473
2020-09-30,-0.06449111271388959,-0.06449111271388959,-0.0446731032694308,-0.057928426143148526,-0.057928426143148526,-0.040127119139799244,-0.05948070908364614,-0.05948070908364614,-0.04120238816813608,-0.07165993228661342,-0.07165993228661342,-0.04963895675862382,-0.05278649177728116,-0.05278649177728116,-0.036565292474625956,-0.06469779789828556,-0.06469779789828556,-0.04481627444757042,-0.0834124905967401,-0.0839376518131722,-0.0645568412586573,-0.0627560206476506,-0.0627560206476506,-0.043471202049321,-0.0649046266291511,-0.0649046266291511,-0.0449595450605932,-0.0566388516061052,-0.0566388516061052,-0.0392338286685595,-0.0627560206476506,-0.0627560206476506,-0.043471202049321,-0.0539011090955251,-0.0539011090955251,-0.0373373897833623,-0.0660911610085914,-0.0660911610085914,-0.0457814594397205,-0.0719064649176739,-0.0719064649176739,-0.0498097303307206,-0.0566959854566148,-0.0566959854566148,-0.0392734053838089,-0.0432830738238847,-0.0432830738238847,-0.0299822587234776,-0.0723749340044056,-0.0723749340044056,-0.0501342396624629,-0.0579284261431485,-0.0579284261431485,-0.0401271191397992,-0.0859141555269716,-0.0859141555269716,-0.0595128813979314,-0.0673949221768403
2020-10-31,0.018980291575368957,0.018980291575368957,0.012319481798402823,0.01400405373648741,0.01400405373648741,0.009089569800623995,0.017222112580424886,0.017222112580424886,0.011178305750577721,0.031052118906134168,0.031052118906134168,0.0201549071123015,0.05013571157326211,0.05013571157326211,0.032541438245253615,0.04076140744622238,0.04076140744622238,0.02645688635061216,-0.009871150478005353,-0.0079805347243195,0.0047836613684004,-0.0024471026862135,-0.0024471026862135,-0.0015883337135216,0.00451016965657,0.00451016965657,0.0029274024991232,0.0154983471141756,0.0154983471141756,0.0100594663901892,0.0189548899638098,0.0189548899638098,0.0123029944494066,-0.0006369480619877,-0.0006369480619877,-0.0004134219974981,0.0253578921028682,0.0253578921028682,0.0164589721378437,0.0374642369261742,0.0374642369261742,0.0243168016186855,0.0054326026910567,0.0054326026910567,0.0035261233845996,0.0136521378060562,0.0136521378060562,0.0088611527669709,0.0015346340066775,0.0015346340066775,0.0009960803624855,0.0140040537364874,0.0140040537364874,0.0090895698006239,-0.0096350931670745,-0.0096350931670745,-0.0062538214666696,-0.0072008699146647
2020-11-30,-0.020673140532756557,-0.020673140532756557,-0.013233338171665209,0.04463632974147132,0.04463632974147132,0.028572709853875555,0.03679559262307655,0.03679559262307655,0.02355367921175132,0.05153991919183224,0.05153991919183224,0.03299185137957701,0.050165196752404405,0.050165196752404405,0.032111860896065346,0.04188208706969519,0.04188208706969519,0.026809657712634962,0.11290510784793022,0.0691236202815342,0.0436963182777808,0.0137404304196416,0.0137404304196416,0.008795555860477,0.0422721346878115,0.0422721346878115,0.0270593358892722,0.0618761757951857,0.0618761757951857,0.0396083196827142,0.036555370883332,0.036555370883332,0.0233999079202928,-0.0128639176827778,-0.0128639176827778,-0.0082344805153784,0.0197189906270889,0.0197189906270889,0.0126225655438607,0.0520156047720432,0.0520156047720432,0.0332963483250867,0.0211183306257869,0.0211183306257869,0.0135183142759204,0.0049743615381165,0.0049743615381165,0.0031841997260995,0.036214591540458,0.036214591540458,0.0231817674650957,0.0317547000320334,0.0317547000320334,0.0203268914753347,0.0254350610496627,0.0254350610496627,0.0162815496636231,0.0257905623183831
2020-12-31,0.17495420210081844,0.17495420210081844,0.11274016568668398,0.11633952852182976,0.11633952852182976,0.07496897796089247,0.09467164859729113,0.09467164859729113,0.061006236035071465,0.14635749787842803,0.14635749787842803,0.09431250214152637,0.12683385577227313,0.12683385577227313,0.08173150311763881,0.07827112951197078,0.07827112951197078,0.05043777173513345,0.06855501047478678,0.0271647981593472,0.018396370705281,0.1467425612142629,0.1467425612142629,0.0945606362461126,0.0016510715661097,0.0016510715661097,0.0010639474770461,-0.0066320491904789,-0.0066320491904789,-0.0042736802866042,0.0905908711100413,0.0905908711100413,0.0583765905363145,0.1404140543336517,0.1404140543336517,0.090482558065068,0.0704352557919585,0.0704352557919585,0.045388349138327,0.084923273465384,0.084923273465384,0.0547244010499715,0.1072635791109915,0.1072635791109915,0.0691204528722968,0.0367485310744518,0.0367485310744518,0.023680685758485,0.0324132154646408,0.0324132154646408,0.0208870163622363,0.1570683767317677,0.1570683767317677,0.1012145727524378,0.1059960242379975,0.1059960242379975,0.0683036428461166,0.0331076250972773
2021-01-31,0.012880731748289076,0.012880731748289076,0.008533321181912117,0.009434598751794976,0.009434598751794976,0.006250301841914182,0.01600332894140183,0.01600332894140183,0.010602002161477407,-0.014628004174191819,-0.014628004174191819,-0.009690866971537565,-0.011242611197322594,-0.011242611197322594,-0.0074480871230672395,0.01582990694206951,0.01582990694206951,0.010487112289595044,0.018436605858557886,-0.0035944543539457,-0.0105319321772236,0.0244100765689348,0.0244100765689348,0.0161713656885569,-0.0524311602949953,-0.0524311602949953,-0.0347349777544231,-0.0403016256571228,-0.0403016256571228,-0.0266993151170235,0.0160057135584496,0.0160057135584496,0.010603581939984,0.0133465176841264,0.0133465176841264,0.0088418984483431,0.0094345987517949,0.0094345987517949,0.0062503018419141,0.0085272584365418,0.0085272584365418,0.0056492004074106,0.0202422403352234,0.0202422403352234,0.0134102271204321,-0.0112108284707983,-0.0112108284707983,-0.007427031470425,0.0093162829853131,0.0093162829853131,0.0061719191493775,0.0161962133734275,0.0161962133734275,0.010729785647822,0.0198156680487728,0.0198156680487728,0.0131276283986578,-0.0292339922114854
2021-02-28,0.02479504241137113,0.02479504241137113,0.02479504241137113,0.008523379227012563,0.008523379227012563,0.008523379227012563,0.009474842604847988,0.009474842604847988,0.009474842604847988,0.01710317165932736,0.01710317165932736,0.01710317165932736,0.029715967390062124,0.029715967390062124,0.029715967390062124,0.030371342360086193,0.030371342360086193,0.030371342360086193,0.01576904667584129,0.004949263512542,0.0214501158806827,-0.0386771801449793,-0.0386771801449793,-0.0386771801449793,0.0339686296498591,0.0339686296498591,0.0339686296498591,0.0025458655156326,0.0025458655156326,0.0025458655156326,-0.0326354803250624,-0.0326354803250624,-0.0326354803250624,0.0047916002555274,0.0047916002555274,0.0047916002555274,0.015780864279479,0.015780864279479,0.015780864279479,0.0270585103164545,0.0270585103164545,0.0270585103164545,0.015780864279479,0.015780864279479,0.015780864279479,-0.0116918339437857,-0.0116918339437857,-0.0116918339437857,0.0033530759902392,0.0033530759902392,0.0033530759902392,0.0121300937668012,0.0121300937668012,0.0121300937668012,0.0262403399688378,0.0262403399688378,0.0262403399688378,0.0335613572558532
2021-03-31,-0.06655263460603648,-0.06655263460603648,-0.06655263460603648,-0.061267615627459616,-0.061267615627459616,-0.061267615627459616,-0.03189827237613792,-0.03189827237613792,-0.03189827237613792,-0.07895225062903899,-0.07895225062903899,-0.07895225062903899,-0.04037660973846722,-0.04037660973846722,-0.04037660973846722,-0.023793780856070354,-0.023793780856070354,-0.023793780856070354,-0.025708392221183218,-0.0177845727642989,-0.0102655425572456,-0.046742887858582,-0.046742887858582,-0.046742887858582,-0.0508240246409418,-0.0508240246409418,-0.0508240246409418,-0.0013725006219735,-0.0013725006219735,-0.0013725006219735,-0.0457717211556643,-0.0457717211556643,-0.0457717211556643,-0.0532132549231992,-0.0532132549231992,-0.0532132549231992,-0.0583208751574854,-0.0583208751574854,-0.0583208751574854,-0.0627030435134753,-0.0627030435134753,-0.0627030435134753,-0.0439258897132412,-0.0439258897132412,-0.0439258897132412,0.0055127277762574,0.0055127277762574,0.0055127277762574,-0.0134362116047494,-0.0134362116047494,-0.0134362116047494,-0.0612676156274596,-0.0612676156274596,-0.0612676156274596,-0.0375482931389201,-0.0375482931389201,-0.0375482931389201,-0.020640390384841
2021-04-30,0.03946962820123153,0.03946962820123153,0.03946962820123153,0.05940954082150185,0.05940954082150185,0.05940954082150185,0.05078706080468842,0.05078706080468842,0.05078706080468842,0.07272202905125875,0.07272202905125875,0.07272202905125875,0.05357400417360077,0.05357400417360077,0.05357400417360077,0.046166125535797464,0.046166125535797464,0.046166125535797464,0.03462520303354562,0.0333877148916361,0.019210588473213,0.0415520602878233,0.0415520602878233,0.0415520602878233,0.0163601616040673,0.0163601616040673,0.0163601616040673,0.0093534265497074,0.0093534265497074,0.0093534265497074,0.0674638483386045,0.0674638483386045,0.0674638483386045,0.0371628129964871,0.0371628129964871,0.0371628129964871,0.0478170687719359,0.0478170687719359,0.0478170687719359,0.0461211805149263,0.0461211805149263,0.0461211805149263,0.0478170687719359,0.0478170687719359,0.0478170687719359,0.0206630112643982,0.0206630112643982,0.0206630112643982,0.0716767728866802,0.0716767728866802,0.0716767728866802,0.0594095408215018,0.0594095408215018,0.0594095408215018,0.0331218584749287,0.0331218584749287,0.0331218584749287,0.0333494620826232
2021-05-31,0.021154615854825032,0.021154615854825032,0.021154615854825032,0.028228055261679773,0.028228055261679773,0.028228055261679773,0.03513374045858003,0.03513374045858003,0.03513374045858003,0.06935475823717223,0.06935475823717223,0.06935475823717223,0.058174921703970116,0.058174921703970116,0.058174921703970116,0.04400506242777691,0.04400506242777691,0.04400506242777691,0.029382717344778375,0.0433639141546332,0.0388245383422065,0.0322370944328441,0.0322370944328441,0.0322370944328441,0.0557210608824015,0.0557210608824015,0.0557210608824015,0.0332590272649448,0.0332590272649448,0.0332590272649448,0.0252913985596379,0.0252913985596379,0.0252913985596379,0.0383732296366878,0.0383732296366878,0.0383732296366878,0.025269603840036,0.025269603840036,0.025269603840036,0.0423861327141127,0.0423861327141127,0.0423861327141127,0.0321292046750757,0.0321292046750757,0.0321292046750757,0.0471510458772489,0.0471510458772489,0.0471510458772489,0.0688961954028974,0.0688961954028974,0.0688961954028974,0.0282280552616797,0.0282280552616797,0.0282280552616797,0.0417139310379417,0.0417139310379417,0.0417139310379417,0.0531433883715369
2021-06-30,-0.002560484802101285,-0.002560484802101285,-0.002560484802101285,-0.006402284725081886,-0.006402284725081886,-0.006402284725081886,0.0181805796377717,0.0181805796377717,0.0181805796377717,0.04583597941428138,0.04583597941428138,0.04583597941428138,0.06187731085348798,0.06187731085348798,0.06187731085348798,0.033441707126178125,0.033441707126178125,0.033441707126178125,0.00632530584284452,0.0045021584450951,0.0031297771093723,-0.0021548515934195,-0.0021548515934195,-0.0021548515934195,-0.0273535140092582,-0.0273535140092582,-0.0273535140092582,-0.0258755029639325,-0.0258755029639325,-0.0258755029639325,-0.0099051080358428,-0.0099051080358428,-0.0099051080358428,0.0056282741547893,0.0056282741547893,0.0056282741547893,0.0202708220639185,0.0202708220639185,0.0202708220639185,0.0467977080725102,0.0467977080725102,0.0467977080725102,0.0388431909759973,0.0388431909759973,0.0388431909759973,0.0122459288616634,0.0122459288616634,0.0122459288616634,0.0108031050266148,0.0108031050266148,0.0108031050266148,-0.0064022847250818,-0.0064022847250818,-0.0064022847250818,0.0337516484520958,0.0337516484520958,0.0337516484520958,0.0178685832150551
2021-07-31,-0.04352189007881072,-0.04352189007881072,-0.04352189007881072,0.03201247885060985,0.03201247885060985,0.03201247885060985,0.008511298417894123,0.008511298417894123,0.008511298417894123,-0.047260515819949056,-0.047260515819949056,-0.047260515819949056,0.0033402088438796882,0.0033402088438796882,0.0033402088438796882,0.02329754261108183,0.02329754261108183,0.02329754261108183,-0.029366587454030424,-0.0938471679599835,-0.031080880615526,0.0209777044007317,0.0209777044007317,0.0209777044007317,-0.1315496900092632,-0.1315496900092632,-0.1315496900092632,-0.0757335517992138,-0.0757335517992138,-0.0757335517992138,-0.0199227929714686,-0.0199227929714686,-0.0199227929714686,0.0929284560973924,0.0929284560973924,0.0929284560973924,0.0208925842206025,0.0208925842206025,0.0208925842206025,0.0200507055424707,0.0200507055424707,0.0200507055424707,0.0341437114851649,0.0341437114851649,0.0341437114851649,-0.0133188796592955,-0.0133188796592955,-0.0133188796592955,0.0687464074356673,0.0687464074356673,0.0687464074356673,0.0320124788506098,0.0320124788506098,0.0320124788506098,-0.0596350011920384,-0.0596350011920384,-0.0596350011920384,-0.0991987904983404
2021-08-31,0.15132881042422977,0.15132881042422977,0.15132881042422977,0.1438025801399331,0.1438025801399331,0.1438025801399331,0.10901350648858947,0.10901350648858947,0.10901350648858947,0.01889867310170708,0.01889867310170708,0.01889867310170708,0.04700415230947634,0.04700415230947634,0.04700415230947634,0.047542488071807554,0.047542488071807554,0.047542488071807554,0.046242818159221974,0.0653152375088956,0.0575627050013393,0.1109549744854605,0.1109549744854605,0.1109549744854605,-0.0087541698102291,-0.0087541698102291,-0.0087541698102291,0.1018927283347988,0.1018927283347988,0.1018927283347988,0.1470265135118242,0.1470265135118242,0.1470265135118242,0.1438025801399331,0.1438025801399331,0.1438025801399331,0.1478979246687391,0.1478979246687391,0.1478979246687391,0.0323171956183602,0.0323171956183602,0.0323171956183602,0.034035826172695,0.034035826172695,0.034035826172695,0.1493824385214702,0.1493824385214702,0.1493824385214702,0.0351600951310988,0.0351600951310988,0.0351600951310988,0.1478979246687391,0.1478979246687391,0.1478979246687391,0.0583469504306995,0.0583469504306995,0.0583469504306995,-0.0146561135486703
2021-09-30,-0.06331339085172778,-0.06331339085172778,-0.06331339085172778,-0.0635352284584764,-0.0635352284584764,-0.0635352284584764,-0.0574090841200751,-0.0574090841200751,-0.0574090841200751,0.020151519579035715,0.020151519579035715,0.020151519579035715,-0.014477551875364059,-0.014477551875364059,-0.014477551875364059,-0.015482450774834414,-0.015482450774834414,-0.015482450774834414,-0.06583092849094423,0.018348747007168,-0.0106043464452419,-0.0835977066043995,-0.0835977066043995,-0.0835977066043995,0.0229061972745444,0.0229061972745444,0.0229061972745444,-0.0276739933158693,-0.0276739933158693,-0.0276739933158693,-0.077941303689562,-0.077941303689562,-0.077941303689562,-0.029478809834002,-0.029478809834002,-0.029478809834002,-0.0320903363477437,-0.0320903363477437,-0.0320903363477437,-0.0384963728918394,-0.0384963728918394,-0.0384963728918394,-0.042209634810919,-0.042209634810919,-0.042209634810919,-0.054919449193944,-0.054919449193944,-0.054919449193944,0.0170680659638835,0.0170680659638835,0.0170680659638835,-0.0898454969176691,-0.0898454969176691,-0.0898454969176691,-0.016787277376605,-0.016787277376605,-0.016787277376605,0.066994182923892
2021-10-31,0.01321962056013933,0.01321962056013933,0.01321962056013933,-0.013762977656335851,-0.013762977656335851,-0.013762977656335851,-0.0057388799973042415,-0.0057388799973042415,-0.0057388799973042415,0.04185135361719542,0.04185135361719542,0.04185135361719542,0.05663726116888841,0.05663726116888841,0.05663726116888841,0.01112557450407528,0.01112557450407528,0.01112557450407528,0.02596065829615417,-0.0090660666228609,-0.0135002054776274,-0.0325177833042035,-0.0325177833042035,-0.0325177833042035,0.006139438673923,0.006139438673923,0.006139438673923,-0.0308593243023282,-0.0308593243023282,-0.0308593243023282,-0.0217011917804867,-0.0217011917804867,-0.0217011917804867,-0.0196465497258455,-0.0196465497258455,-0.0196465497258455,-0.021434903104741,-0.021434903104741,-0.021434903104741,-0.0123248227937299,-0.0123248227937299,-0.0123248227937299,0.0249423438216949,0.0249423438216949,0.0249423438216949,-0.0180960238244922,-0.0180960238244922,-0.0180960238244922,0.0122627943789123,0.0122627943789123,0.0122627943789123,-0.0137629776563358,-0.0137629776563358,-0.0137629776563358,0.0420545623256551,0.0420545623256551,0.0420545623256551,0.0093017431838138
2021-11-30,0.05699885269913733,0.05699885269913733,0.05699885269913733,0.018645227160643672,0.018645227160643672,0.018645227160643672,0.007406921585019266,0.007406921585019266,0.007406921585019266,0.07531482947193813,0.07531482947193813,0.07531482947193813,0.043514189124072525,0.043514189124072525,0.043514189124072525,0.017175238395428158,0.017175238395428158,0.017175238395428158,-0.008802214118872765,0.0348798725019335,0.0229023362214928,0.013873564435497,0.013873564435497,0.013873564435497,0.0087156268606564,0.0087156268606564,0.0087156268606564,0.0516031479557518,0.0516031479557518,0.0516031479557518,0.0038780321810263,0.0038780321810263,0.0038780321810263,0.0110254063543054,0.0110254063543054,0.0110254063543054,0.0511853381961089,0.0511853381961089,0.0511853381961089,0.0035819497094623,0.0035819497094623,0.0035819497094623,0.0435141891240725,0.0435141891240725,0.0435141891240725,0.0409598964610905,0.0409598964610905,0.0409598964610905,0.0838896495796003,0.0838896495796003,0.0838896495796003,-0.0044992307214739,-0.0044992307214739,-0.0044992307214739,-0.0135658174243897,-0.0135658174243897,-0.0135658174243897,-0.0056331777088433
2021-12-31,-0.0653074552128083,-0.0653074552128083,-0.0653074552128083,-0.021560205941416145,-0.021560205941416145,-0.021560205941416145,-0.012222455584203984,-0.012222455584203984,-0.012222455584203984,0.008655506809749322,0.008655506809749322,0.008655506809749322,-0.021560205941416145,-0.021560205941416145,-0.021560205941416145,-0.010888870111944213,-0.010888870111944213,-0.010888870111944213,0.03657057656099316,0.03928932639681,0.0361239968225285,0.0037568221357633,0.0037568221357633,0.0037568221357633,0.0586153217251433,0.0586153217251433,0.0586153217251433,0.0523325545511337,0.0523325545511337,0.0523325545511337,-0.0162116918252709,-0.0162116918252709,-0.0162116918252709,-0.0389309875493569,-0.0389309875493569,-0.0389309875493569,-0.0206950653753687,-0.0206950653753687,-0.0206950653753687,-0.0012605243527378,-0.0012605243527378,-0.0012605243527378,-0.0215602059414161,-0.0215602059414161,-0.0215602059414161,-0.0027323813019043,-0.0027323813019043,-0.0027323813019043,0.0273529235405326,0.0273529235405326,0.0273529235405326,-0.0215602059414161,-0.0215602059414161,-0.0215602059414161,-0.0012605243527378,-0.0012605243527378,-0.0012605243527378,0.0552136299450138
2022-01-31,-0.08588591894143727,-0.08588591894143727,-0.08588591894143727,-0.07593111597960962,-0.07593111597960962,-0.07593111597960962,-0.09139166102160792,-0.09139166102160792,-0.09139166102160792,-0.1095635503747437,-0.1095635503747437,-0.1095635503747437,-0.10209328438419094,-0.10209328438419094,-0.10209328438419094,-0.10930316363358991,-0.10930316363358991,-0.10930316363358991,-0.05876357733038897,-0.0820486578854475,-0.0887760374297896,-0.1256667496065317,-0.1256667496065317,-0.1256667496065317,-0.1303693407032507,-0.1303693407032507,-0.1303693407032507,-0.0582645638605593,-0.0582645638605593,-0.0582645638605593,-0.1100337312045682,-0.1100337312045682,-0.1100337312045682,-0.0746978868315092,-0.0746978868315092,-0.0746978868315092,-0.0720184648848561,-0.0720184648848561,-0.0720184648848561,-0.1020932843841909,-0.1020932843841909,-0.1020932843841909,-0.0938891583759458,-0.0938891583759458,-0.0938891583759458,-0.1084922808343637,-0.1084922808343637,-0.1084922808343637,-0.1002809841652212,-0.1002809841652212,-0.1002809841652212,-0.0759311159796096,-0.0759311159796096,-0.0759311159796096,-0.0749882848942753,-0.0749882848942753,-0.0749882848942753,-0.0738542290272113
2022-02-28,0.0866195087350538,0.0433097543675269,0.07267848913177481,0.08446799871017308,0.04223399935508654,0.07087325495019468,0.07580578700276686,0.03790289350138343,0.06360518718315732,0.07559951070900243,0.03779975535450122,0.06343211012934538,0.0658559365124608,0.0329279682562304,0.05525672029292838,0.04523018064643956,0.02261509032321978,0.037950586889096,0.03844588271917471,0.0407020395473492,0.0405235594466748,0.0407850936958889,0.0203925468479444,0.0342209166526421,0.0270286656092079,0.0135143328046039,0.0226785236768518,0.0078939152844659,0.0039469576422329,0.0066234251912471,0.0463755143348632,0.0231877571674316,0.0389115842815075,0.0780888314282473,0.0390444157141236,0.0655207858962852,0.0874313371302346,0.0437156685651173,0.0733596574050386,0.0716214503386302,0.0358107251693151,0.0600943006495204,0.0848328793345178,0.0424164396672589,0.0711794096822879,0.0675483444050772,0.0337741722025386,0.0566767427616112,0.0761111735264152,0.0380555867632076,0.063861423121967,0.084467998710173,0.0422339993550865,0.0708732549501946,0.0848328793345178,0.0424164396672589,0.0711794096822879,0.0991634267829583
2022-03-31,-0.11776551308996397,-0.058882756544981985,-0.10578889203564046,-0.087998603666534,-0.043999301833267,-0.07904924402999457,-0.08667541311401156,-0.04333770655700578,-0.07786062047772895,-0.08012681627972203,-0.04006340813986101,-0.07197800862209706,-0.0815740272028505,-0.04078701360142525,-0.07327803981189608,-0.05418441541080685,-0.027092207705403423,-0.04867392092563839,-0.10684511952162634,-0.0621171253940081,-0.0652932261422427,-0.0173731530097884,-0.0086865765048942,-0.0156063227667268,-0.0412713094443047,-0.0206356547221523,-0.0370740634029058,-0.0740125364299783,-0.0370062682149891,-0.0664855441991203,-0.0520735079947958,-0.0260367539973979,-0.0467776904344671,-0.0668185414511216,-0.0334092707255608,-0.06002317046886,-0.1011367240588777,-0.0505683620294388,-0.09085123226296,-0.0653464507770732,-0.0326732253885366,-0.0587007897710014,-0.0982272460605338,-0.0491136230302669,-0.0882376449251139,-0.1067673649223245,-0.0533836824611622,-0.0959092432439812,-0.0647133325430842,-0.0323566662715421,-0.0581320589537706,-0.0891228617090032,-0.0445614308545016,-0.0800591662861318,-0.1139780680742925,-0.0569890340371462,-0.1023866259448222,-0.0979124061053872
2022-04-30,-0.11106535773284339,-0.05553267886642169,-0.08772550662600662,-0.11989822370649486,-0.05994911185324743,-0.09470218826927884,-0.10914406019752282,-0.05457203009876141,-0.08620796053327519,-0.13382411962152074,-0.06691205981076037,-0.1057016240907098,-0.12894411575009518,-0.06447205787504759,-0.10184712957778135,-0.10857347012792237,-0.054286735063961186,-0.08575727722433676,-0.08530935104795936,-0.0489752771055216,-0.0895760822667389,-0.1046896830394135,-0.0523448415197067,-0.0826896493255772,-0.0966268408844095,-0.0483134204422047,-0.0763211746964797,-0.0579116853631741,-0.028955842681587,-0.0457418230288383,-0.0848700545446302,-0.0424350272723151,-0.067035020498591,-0.118866761365629,-0.0594333806828145,-0.0938874827817608,-0.1128167441628997,-0.0564083720814498,-0.0891088476155901,-0.1115971811555624,-0.0557985905777812,-0.088145569912579,-0.1355939766000199,-0.0677969883000099,-0.1070995541317571,-0.110956493743519,-0.0554782468717595,-0.0876395198807986,-0.0744350300731292,-0.0372175150365646,-0.0587928662652327,-0.1128167441628997,-0.0564083720814498,-0.0891088476155901,-0.1321141166391881,-0.066057058319594,-0.1043509700162147,-0.0758156237782435
2022-05-31,0.05822569226801303,0.029112846134006515,0.03968690627569201,0.07173063355998228,0.03586531677999114,0.048891937910971475,0.07284816970766861,0.036424084853834304,0.049653655816338314,0.04186060569192285,0.020930302845961424,0.028532386134491806,0.056739085853204994,0.028369542926602497,0.03867362833677533,0.056051841771085326,0.028025920885542663,0.03820519953132529,0.04395284859641535,0.0481655939094312,0.0649428799039178,0.0308617278375782,0.0154308639187891,0.021035499149724,0.0886060911697992,0.0443030455848996,0.0603943293542097,0.0494688465840613,0.0247344232920306,0.0337181989852746,0.0338059671851158,0.0169029835925579,0.0230423065656166,0.0757644354081253,0.0378822177040626,0.0516413962625368,0.0851101709272771,0.0425550854636385,0.0580114936401466,0.0738642196182887,0.0369321098091443,0.050346200224202,0.0641047177739651,0.0320523588869825,0.0436940777692167,0.070488570576422,0.035244285288211,0.0480453419273606,0.0592247557098544,0.0296123778549272,0.0403678726263765,0.0717306335599822,0.0358653167799911,0.0488919379109714,0.0778246900958558,0.0389123450479279,0.0530456755679618,0.0807604695474489
2022-06-30,0.06713740935975965,0.033568704679879824,0.04063076788958421,0.07300833598987948,0.03650416799493974,0.044183783406268,0.06869760738044835,0.034348803690224174,0.04157498132058959,0.08864286070038951,0.04432143035019476,0.05364561326587306,0.06514930852385828,0.03257465426192914,0.03942759272427893,0.06593868805984338,0.03296934402992169,0.03990531590438457,0.09356768942546831,0.1147167507073216,0.0721386855796678,0.026831340460524,0.013415670230262,0.0162380106234987,0.071115434176042,0.035557717088021,0.0430382215657198,0.052290206705221,0.0261451033526105,0.0316454160474598,0.026831340460524,0.013415670230262,0.0162380106234987,0.0838896482857159,0.0419448241428579,0.0507690252027917,0.0607216044089169,0.0303608022044584,0.0367479984430351,0.0665315316555837,0.0332657658277918,0.0402640978526762,0.0738083607229989,0.0369041803614994,0.0446679489340606,0.0363802153980757,0.0181901076990378,0.0220168770542144,0.0809010549866275,0.0404505274933137,0.048960363805076,0.0654279201276064,0.0327139600638032,0.0395962051791113,0.1001799888398971,0.0500899944199485,0.0606277470720322,0.0935676894254683
2022-07-31,0.025822736927466727,0.025822736927466727,0.014315339079117067,0.014902884732763022,0.014902884732763022,0.008261705519664632,-0.018651269144172547,-0.018651269144172547,-0.010339695703235313,-0.06272780291094775,-0.06272780291094775,-0.03477438394235837,-0.04080847399540057,-0.04080847399540057,-0.022622975410639425,-0.04264350360578502,-0.04264350360578502,-0.023640259952036426,-0.054975520900255016,-0.0653717082476399,-0.0222549001198039,-0.0348789925528187,-0.0348789925528187,-0.019335851444953,-0.0304968539497637,-0.0304968539497637,-0.0169065272346407,-0.052822866755426,-0.052822866755426,-0.0292833889319697,-0.0366734051527325,-0.0366734051527325,-0.0203306191524876,0.0060504531834287,0.0060504531834287,0.0033541870153576,-0.0523670497607355,-0.0523670497607355,-0.0290306978692311,-0.0401294981882128,-0.0401294981882128,-0.0222465718971887,-0.043896079719363,-0.043896079719363,-0.0243346500098617,-0.0451074918307129,-0.0451074918307129,-0.0250062199982496,-0.0538190570369661,-0.0538190570369661,-0.0298356464911751,0.0051031546804946,0.0051031546804946,0.0028290335695113,-0.074808703944782,-0.074808703944782,-0.0414716676255856,-0.0747208695546825
2022-08-31,-0.019907918161760112,-0.009953959080880056,-0.012482548851246585,-0.04114171325493123,-0.020570856627465616,-0.025796441463935255,-0.01824987121152105,-0.009124935605760526,-0.011442929746634512,-0.05089035916433349,-0.025445179582166744,-0.03190898160042033,-0.04417809432554949,-0.022089047162774746,-0.027700295736241637,-0.023722137342294128,-0.011861068671147064,-0.014874118721260966,-0.01738573952418232,-0.0092393787154907,-0.0235493764329592,-0.0248800956531132,-0.0124400478265566,-0.0156001751107367,-0.0034062084832844,-0.0017031042416422,-0.002135741338931,-0.0173490541029682,-0.0086745270514841,-0.0108781045613899,0.0110482131282591,0.0055241065641295,0.0069273873326132,-0.0442130402190564,-0.0221065201095282,-0.027722207310285,-0.0026298119092451,-0.0013149059546225,-0.001648929604794,-0.0537871594742685,-0.0268935797371342,-0.0337253167434151,-0.020832560238312,-0.010416280119156,-0.013062312631502,-0.03663961474191,-0.018319807370955,-0.022973561433724,-0.0152428363479994,-0.0076214181739997,-0.0095574759650628,-0.0199407794796301,-0.009970389739815,-0.0125031533666105,-0.0039072151622462,-0.0019536075811231,-0.0024498796779641,-0.0217761643803362
2022-09-30,-0.037863307201540373,-0.018931653600770187,-0.024669497060816236,-0.05534599866144672,-0.02767299933072336,-0.03606018734810764,-0.06986683557359803,-0.034933417786799016,-0.045521107959668364,-0.07592145700255899,-0.037960728501279496,-0.04946594206385963,-0.08486784283246555,-0.04243392141623278,-0.055294879239395876,-0.06703235079950366,-0.03351617539975183,-0.04367432491371709,-0.05271727268863733,-0.0693853985520386,-0.0729164142308105,-0.0756258596053904,-0.0378129298026952,-0.0492733482399282,-0.0975618384259703,-0.0487809192129851,-0.0635655378302344,-0.0701734352437537,-0.0350867176218768,-0.0457208702155509,-0.0542938411573626,-0.0271469205786813,-0.0353746635950884,-0.056517175838195,-0.0282585879190975,-0.0368232572977477,-0.0710243619297033,-0.0355121809648516,-0.0462752838399674,-0.0854265077808271,-0.0427132538904135,-0.0556588723588618,-0.0598458409502248,-0.0299229204751124,-0.0389920190955635,-0.052482884616531,-0.0262414423082655,-0.0341947511583984,-0.0839305268642316,-0.0419652634321158,-0.0546841794555571,-0.0553459986614467,-0.0276729993307233,-0.0360601873481076,-0.0425123501529558,-0.0212561750764779,-0.0276985391572997,-0.0721156481586352
2022-10-31,0.03718619139515241,0.018593095697576206,0.023758378387232087,-0.009677160062105283,-0.004838580031052642,-0.006182768975348178,-0.007079688776960802,-0.003539844388480401,-0.004523236139982915,0.029721270727297355,0.014860635363648678,0.018989016341709738,0.002261674405563396,0.001130837202781698,0.001444991119017854,0.005168762044137812,0.002584381022068906,0.003302338847591628,-0.06732503976122746,-0.0774209974873353,-0.029264317229847,-0.092980446975471,-0.0464902234877355,-0.0594055093833885,-0.0164303184370886,-0.0082151592185443,-0.0104973837816032,-0.0710161341587856,-0.0355080670793928,-0.0453724386295396,-0.0967922116492616,-0.0483961058246308,-0.0618408582063069,-0.0509423359130922,-0.0254711679565461,-0.032547223771631,0.0128109625147753,0.0064054812573876,0.0081849655345547,0.0022616744055633,0.0011308372027816,0.0014449911190178,0.0128109625147753,0.0064054812573876,0.0081849655345547,-0.0620268561611077,-0.0310134280805538,-0.0396291597379914,-0.0442086572126849,-0.0221043286063424,-0.0282450545926928,0.0082339241356723,0.0041169620678361,0.0052606808572648,-0.045396537726289,-0.0226982688631445,-0.0290039953086464,-0.0772162815468118
2022-11-30,0.0634464215775216,0.0317232107887608,0.047644679975722484,0.06366639160756109,0.031833195803780544,0.047809865047234765,0.09936746418104023,0.049683732090520114,0.07461935461750378,0.14434615487717517,0.07217307743858759,0.10839581151863809,0.11690022431567412,0.05845011215783706,0.08778546745627246,0.10282457834321376,0.05141228917160688,0.07721545214043567,0.09049582342845715,0.112318603757214,0.0933094382602238,0.0425334169209154,0.0212667084604577,0.0319401943732152,0.1714853946300317,0.0857426973150158,0.1287758481016211,0.1059700415381536,0.0529850207690768,0.0795775173849697,0.0692663921411506,0.0346331960705753,0.0520151492327384,0.063666391607561,0.0318331958037805,0.0478098650472347,0.1339295520953363,0.0669647760476681,0.1005735310237715,0.1261096873680243,0.0630548436840121,0.0947012541778505,0.1090145297054272,0.0545072648527136,0.0818637560854833,0.0861032743557516,0.0430516371778758,0.0646586970476999,0.0677760726137125,0.0338880363068562,0.050896003421503,0.063666391607561,0.0318331958037805,0.0478098650472347,0.0958394688156169,0.0479197344078084,0.0719700293133801,0.0904958234284571
2022-12-31,-0.028563322950576325,-0.014281661475288162,-0.019047127247384273,-0.020846128456398615,-0.010423064228199308,-0.01390100381567584,-0.01850367441936901,-0.009251837209684505,-0.012338964966356605,-0.04525218357933969,-0.022626091789669844,-0.03017590426537838,-0.03217912892800443,-0.016089564464002216,-0.021458286364728366,-0.028510720933406175,-0.014255360466703088,-0.019012050190130025,-0.0538638061459251,-0.0141796610384916,-0.0185911637903842,-0.0271506192739067,-0.0135753096369533,-0.0181050818579548,-0.0377373030946901,-0.018868651547345,-0.0251646916313414,-0.0109122638345182,-0.0054561319172591,-0.0072767191048723,-0.0232407548548982,-0.0116203774274491,-0.0154978332112293,-0.0107043709593025,-0.0053521854796512,-0.0071380881040287,-0.0195651980831799,-0.0097825990415899,-0.0130468299558643,-0.0073626983176183,-0.0036813491588091,-0.0049097316857158,-0.0228381026421613,-0.0114190513210806,-0.0152293291598726,-0.0390015990038856,-0.0195007995019428,-0.0260077729878931,-0.0180937225978409,-0.0090468612989204,-0.0120655932538477,-0.0208461284563986,-0.0104230642281993,-0.0139010038156758,-0.020019594887528,-0.010009797443764,-0.0133498392999872,-0.0159802505233782
2023-01-31,0.028399932410592205,0.014199966205296103,0.022172532641175368,0.0513146136192165,0.02565730680960825,0.04006259342423747,0.0368447549201838,0.0184223774600919,0.028765615330098134,0.054537310133014584,0.027268655066507292,0.04257863263911038,0.055945817838826975,0.027972908919413488,0.04367828959008342,0.04775629814672139,0.023878149073360694,0.037284528152079596,0.050648750630812464,0.0825338949301635,0.0614045295224374,0.0710985506028329,0.0355492753014164,0.0555084044282307,0.0799292621435864,0.0399646310717932,0.0624027602686389,0.0505246842776323,0.0252623421388161,0.0394458759667,0.0379600211465444,0.0189800105732722,0.0296363313744208,0.0349184112169767,0.0174592056084883,0.0272616709537533,0.0513146136192165,0.0256573068096082,0.0400625934242374,0.0561476832312108,0.0280738416156054,0.0438358909159261,0.0513146136192165,0.0256573068096082,0.0400625934242374,0.0624967666015549,0.0312483833007774,0.0487927780040797,0.0406437042946393,0.0203218521473196,0.031731549466472,0.0513146136192165,0.0256573068096082,0.0400625934242374,0.0681840215524357,0.0340920107762178,0.0532329592064145,0.0983149022256728
2023-02-28,0.011962783408961472,0.011962783408961472,0.00828777847895067,0.02836249562240194,0.02836249562240194,0.019649447189070347,0.02033280234080989,0.02033280234080989,0.014086501100628993,0.011962783408961472,0.011962783408961472,0.00828777847895067,0.01646768464065713,0.01646768464065713,0.011408759792536692,0.02033280234080989,0.02033280234080989,0.014086501100628993,-0.0068419622014425086,0.0090525086440163,0.0150122194737971,-0.0002586570974492,-0.0002586570974492,-0.0001791968183643,0.0042057740337681,0.0042057740337681,0.0029137469377136,0.0187976607501139,0.0187976607501139,0.0130229598659042,-0.0002586570974492,-0.0002586570974492,-0.0001791968183643,0.0255170481350017,0.0255170481350017,0.0176781301767274,0.0071545585714026,0.0071545585714026,0.0049566555313577,0.016691891578486,0.016691891578486,0.0115640896493639,0.0128078983711942,0.0128078983711942,0.0088732714496739,0.0191120952581226,0.0191120952581226,0.0132407990977473,0.0209665357788302,0.0209665357788302,0.0145255496204811,0.0283624956224019,0.0283624956224019,0.0196494471890703,0.0039808153213454,0.0039808153213454,0.0027578962538274,-0.0027837069783291
2023-03-31,-0.03447611227192023,-0.03447611227192023,-0.024331653858823833,-0.018508626751270674,-0.018508626751270674,-0.013062537213074286,0.009622438055473428,0.009622438055473428,0.0067910740688254785,-0.023920601586020274,-0.023920601586020274,-0.01688206005640381,-0.02724560363146942,-0.02724560363146942,-0.01922869352283566,-0.004192068032562266,-0.004192068032562266,-0.002958568748020397,-0.034633655963258604,-0.0250239711685487,-0.0115782113810696,0.0162741037596798,0.0162741037596798,0.0114855136919142,-0.0381651491702656,-0.0381651491702656,-0.0269352063758539,-0.0184545422812679,-0.0184545422812679,-0.0130243668824736,-0.0148148230164059,-0.0148148230164059,-0.0104556204821422,-0.0252666428524714,-0.0252666428524714,-0.017832034053375,-0.0268049111799887,-0.0268049111799887,-0.018917673066032,-0.040355126040865,-0.040355126040865,-0.0284807912943034,-0.0231115600646741,-0.0231115600646741,-0.0163110757731543,-0.0299683404838772,-0.0299683404838772,-0.0211502759251359,-0.0185057867781772,-0.0185057867781772,-0.0130605328907269,-0.0185086267512706,-0.0185086267512706,-0.0130625372130742,-0.0345246446851104,-0.0345246446851104,-0.0243659058031661,-0.0317748695100849
2023-04-30,-0.0208433326797199,-0.0208433326797199,-0.018414474334714194,-0.03416788354419753,-0.03416788354419753,-0.03018632501165759,-0.031220799944644606,-0.031220799944644606,-0.027582662913080286,-0.027498352121912612,-0.027498352121912612,-0.024293989218364197,-0.02512299710797452,-0.02512299710797452,-0.02219543259058669,-0.033059556778093885,-0.033059556778093885,-0.02920715075471402,-0.015042609802478379,-0.0528137206595834,-0.0175668751650091,-0.0015785390354076,-0.0015785390354076,-0.0013945930336822,-0.0440362756816913,-0.0440362756816913,-0.0389047606156522,-0.0113635607113721,-0.0113635607113721,-0.010039373275183,-0.0281328420074846,-0.0281328420074846,-0.0248545424606424,-0.0341678835441975,-0.0341678835441975,-0.0301863250116575,-0.0037722421839138,-0.0037722421839138,-0.003332665555331,-0.0345267391514997,-0.0345267391514997,-0.0305033634369457,-0.0394893101749967,-0.0394893101749967,-0.034887649680925,-0.0454788578799137,-0.0454788578799137,-0.0401792397631605,-0.0050792808226351,-0.0050792808226351,-0.0044873959354027,-0.0341678835441975,-0.0341678835441975,-0.0301863250116575,-0.0578152482675503,-0.0578152482675503,-0.0510780795824366,-0.0515239716888595
2023-05-31,-0.04696600969229455,-0.04696600969229455,-0.043337577587997625,-0.04247285852710747,-0.04247285852710747,-0.0391915518022932,-0.0382109866647523,-0.0382109866647523,-0.035258937477273725,-0.02476455392207544,-0.02476455392207544,-0.022851329803438142,-0.01545998967965354,-0.01545998967965354,-0.01426560413884918,-0.023642305557036544,-0.023642305557036544,-0.0218157824807782,-0.028401178720126152,-0.0251530348648976,-0.0435450724731332,-0.0302516474901321,-0.0302516474901321,-0.0279145094262382,-0.0455675513445381,-0.0455675513445381,-0.0420471593143025,-0.0366153949236828,-0.0366153949236828,-0.0337866156570806,-0.0233316170535191,-0.0233316170535191,-0.0215290967006768,-0.0381224868492548,-0.0381224868492548,-0.0351772748526272,-0.0496242330184102,-0.0496242330184102,-0.045790435737892,-0.009515981852954,-0.009515981852954,-0.0087808098788948,-0.0476905122420992,-0.0476905122420992,-0.0440061075668179,-0.0541409285066112,-0.0541409285066112,-0.0499581868933278,-0.0610357298476388,-0.0610357298476388,-0.056320319636311,-0.0424728585271074,-0.0424728585271074,-0.0391915518022932,-0.0614308450111332,-0.0614308450111332,-0.0566849095635013,-0.0627243936066347
2023-06-30,-0.003702528533687984,-0.001851264266843992,-0.003702528533687984,0.026650394255082487,0.013325197127541244,0.026650394255082487,0.037987497081111904,0.018993748540555952,0.037987497081111904,0.04610414721871311,0.023052073609356554,0.04610414721871311,0.023242752371266363,0.011621376185633182,0.023242752371266363,0.015442169708871384,0.007721084854435692,0.015442169708871384,0.018223140558235908,0.0314337532669081,0.0157738251712967,0.0165613275902154,0.0082806637951077,0.0165613275902154,-0.0003407314627361,-0.000170365731368,-0.0003407314627361,-0.0119017913561224,-0.0059508956780612,-0.0119017913561224,0.0470791626525652,0.0235395813262826,0.0470791626525652,0.0172711059175684,0.0086355529587842,0.0172711059175684,0.0429558899139223,0.0214779449569611,0.0429558899139223,0.0263434022230931,0.0131717011115465,0.0263434022230931,0.0215648186078119,0.0107824093039059,0.0215648186078119,0.0531242297906304,0.0265621148953152,0.0531242297906304,0.0287368346547723,0.0143684173273861,0.0287368346547723,0.0266503942550824,0.0133251971275412,0.0266503942550824,0.008865710582226,0.004432855291113,0.008865710582226,0.0173796554518944
2023-07-31,0.0681470060647611,0.03407350303238055,0.0681470060647611,0.05739817188343599,0.028699085941717994,0.05739817188343599,0.03600347535511518,0.01800173767755759,0.03600347535511518,0.04618731029597075,0.023093655147985375,0.04618731029597075,0.04754134932919833,0.023770674664599166,0.04754134932919833,0.06097032250681153,0.030485161253405765,0.06097032250681153,0.01221741537299803,0.0273126772673422,0.0271265828074982,-0.0284071427605394,-0.0142035713802697,-0.0284071427605394,0.0267054353749328,0.0133527176874664,0.0267054353749328,0.0186039933403891,0.0093019966701945,0.0186039933403891,-0.0146968872658274,-0.0073484436329137,-0.0146968872658274,0.0573854250762822,0.0286927125381411,0.0573854250762822,0.043775317057253,0.0218876585286265,0.043775317057253,0.0401999213817274,0.0200999606908637,0.0401999213817274,0.0400369496624198,0.0200184748312099,0.0400369496624198,0.0403525481079988,0.0201762740539994,0.0403525481079988,0.0081203355269725,0.0040601677634862,0.0081203355269725,0.0565295257409529,0.0282647628704764,0.0565295257409529,0.0300155586106879,0.0150077793053439,0.0300155586106879,0.0198042344557931
2023-08-31,-0.027276521959499922,-0.027276521959499922,-0.027276521959499922,-0.04335075295828592,-0.04335075295828592,-0.04335075295828592,-0.05238891819776284,-0.05238891819776284,-0.05238891819776284,-0.027276521959499922,-0.027276521959499922,-0.027276521959499922,-0.05129902564977544,-0.05129902564977544,-0.05129902564977544,-0.05878998533704981,-0.05878998533704981,-0.05878998533704981,-0.044167329641940326,-0.0453239973061267,-0.0583347587253387,-0.0480412755863344,-0.0480412755863344,-0.0480412755863344,-0.0419798054556788,-0.0419798054556788,-0.0419798054556788,-0.0562593806780229,-0.0562593806780229,-0.0562593806780229,-0.0504110957941114,-0.0504110957941114,-0.0504110957941114,-0.0512990256497754,-0.0512990256497754,-0.0512990256497754,-0.0483395902739378,-0.0483395902739378,-0.0483395902739378,-0.0454184172453585,-0.0454184172453585,-0.0454184172453585,-0.0533564424287765,-0.0533564424287765,-0.0533564424287765,-0.0312153050627985,-0.0312153050627985,-0.0312153050627985,-0.0359416447335592,-0.0359416447335592,-0.0359416447335592,-0.0433507529582859,-0.0433507529582859,-0.0433507529582859,-0.0485101907813251,-0.0485101907813251,-0.0485101907813251,-0.0563502951119831
2023-09-30,-0.042683371391628845,-0.021341685695814423,-0.042683371391628845,-0.03474971352496492,-0.01737485676248246,-0.03474971352496492,-0.01686238342654034,-0.00843119171327017,-0.01686238342654034,-0.042683371391628845,-0.021341685695814423,-0.042683371391628845,-0.03080166979173171,-0.015400834895865856,-0.03080166979173171,-0.02244162713877687,-0.011220813569388435,-0.02244162713877687,-0.023895006310309032,-0.0230804634214465,-0.0098037124614821,-0.0239038728308764,-0.0119519364154382,-0.0239038728308764,-0.0203439818712976,-0.0101719909356488,-0.0203439818712976,0.0187109981501735,0.0093554990750867,0.0187109981501735,-0.0033434446235615,-0.0016717223117807,-0.0033434446235615,-0.0172294427634511,-0.0086147213817255,-0.0172294427634511,-0.0347497135249649,-0.0173748567624824,-0.0347497135249649,-0.035697517368626,-0.017848758684313,-0.035697517368626,-0.0399179115591711,-0.0199589557795855,-0.0399179115591711,-0.0324625441465848,-0.0162312720732924,-0.0324625441465848,-0.0355746209523182,-0.0177873104761591,-0.0355746209523182,-0.0347497135249649,-0.0173748567624824,-0.0347497135249649,-0.0470942893696898,-0.0235471446848449,-0.0470942893696898,-0.0150962005019877
2023-10-31,-0.058531512613629134,-0.029265756306814567,-0.058531512613629134,-0.0404396938304987,-0.02021984691524935,-0.0404396938304987,-0.036726798968795826,-0.018363399484397913,-0.036726798968795826,-0.06291340121001603,-0.03145670060500801,-0.06291340121001603,-0.055491672845880455,-0.027745836422940227,-0.055491672845880455,-0.05287562279446728,-0.02643781139723364,-0.05287562279446728,-0.041706694461302304,-0.014675025475032,-0.0320417571262586,-0.0341664936715631,-0.0170832468357815,-0.0341664936715631,-0.0612330265717278,-0.0306165132858639,-0.0612330265717278,-0.0152522227138786,-0.0076261113569393,-0.0152522227138786,-0.040428532197553,-0.0202142660987765,-0.040428532197553,-0.0522557205739081,-0.026127860286954,-0.0522557205739081,-0.0495510766013119,-0.0247755383006559,-0.0495510766013119,-0.0443591704283683,-0.0221795852141841,-0.0443591704283683,-0.0386213792238099,-0.0193106896119049,-0.0386213792238099,-0.027217492786561,-0.0136087463932805,-0.027217492786561,-0.0308918160861678,-0.0154459080430839,-0.0308918160861678,-0.0461101691912284,-0.0230550845956142,-0.0461101691912284,-0.0514064818762152,-0.0257032409381076,-0.0514064818762152,-0.0271652311827043
2023-11-30,-0.009078763467299375,-0.004539381733649687,-0.009078763467299375,0.0075178635193105855,0.0037589317596552927,0.0075178635193105855,0.0017691245202011985,0.0008845622601005992,0.0017691245202011985,0.012541332761388432,0.006270666380694216,0.012541332761388432,0.007025941257921308,0.003512970628960654,0.007025941257921308,-0.002801815806101629,-0.0014009079030508145,-0.002801815806101629,0.008587846306113246,0.0339134562534941,0.0081414112156444,0.0203969469361099,0.0101984734680549,0.0203969469361099,-0.0013548610639107,-0.0006774305319553,-0.0013548610639107,0.0217643361728062,0.0108821680864031,0.0217643361728062,0.0151259566440063,0.0075629783220031,0.0151259566440063,-0.0108595154682743,-0.0054297577341371,-0.0108595154682743,0.0006046170911132,0.0003023085455566,0.0006046170911132,-0.0138207615391688,-0.0069103807695844,-0.0138207615391688,0.0055277100152739,0.0027638550076369,0.0055277100152739,0.0082588085705093,0.0041294042852546,0.0082588085705093,0.0040173688994941,0.002008684449747,0.0040173688994941,0.0075178635193105,0.0037589317596552,0.0075178635193105,-0.0128165216756458,-0.0064082608378229,-0.0128165216756458,-0.0061659446016985
2023-12-31,-0.022698749910503985,-0.011349374955251993,-0.022698749910503985,-0.025092037834379854,-0.012546018917189927,-0.025092037834379854,-0.01871554880517637,-0.009357774402588184,-0.01871554880517637,-0.029680908888429558,-0.014840454444214779,-0.029680908888429558,-0.02449790434449428,-0.01224895217224714,-0.02449790434449428,-0.023491191838282438,-0.011745595919141219,-0.023491191838282438,-0.044701557343694784,-0.0210040150197571,-0.0233052469712944,-0.0216669008789502,-0.0108334504394751,-0.0216669008789502,-0.0238877983168225,-0.0119438991584112,-0.0238877983168225,-0.0171615438297158,-0.0085807719148579,-0.0171615438297158,-0.0166487117980092,-0.0083243558990046,-0.0166487117980092,-0.0260186524664142,-0.0130093262332071,-0.0260186524664142,-0.031869006488428,-0.015934503244214,-0.031869006488428,-0.0221240929432461,-0.011062046471623,-0.0221240929432461,-0.031869006488428,-0.015934503244214,-0.031869006488428,-0.0397062939303943,-0.0198531469651971,-0.0397062939303943,-0.0463701913414474,-0.0231850956707237,-0.0463701913414474,-0.0250920378343798,-0.0125460189171899,-0.0250920378343798,-0.0384751301047656,-0.0192375650523828,-0.0384751301047656,-0.0189467692002558
2024-01-31,-0.09472511636871779,-0.047362558184358895,-0.09472511636871779,-0.07460170745100558,-0.03730085372550279,-0.07460170745100558,-0.09604843510042417,-0.048024217550212085,-0.09604843510042417,-0.08928669998917182,-0.04464334999458591,-0.08928669998917182,-0.1079696087285966,-0.0539848043642983,-0.1079696087285966,-0.1035611219008009,-0.05178056095040045,-0.1035611219008009,-0.1263150817559505,-0.099028588897296,-0.1158388627771609,-0.0884240432831185,-0.0442120216415592,-0.0884240432831185,-0.1180788825733348,-0.0590394412866674,-0.1180788825733348,-0.1180732764472135,-0.0590366382236067,-0.1180732764472135,-0.1381741529971442,-0.0690870764985721,-0.1381741529971442,-0.074622343941519,-0.0373111719707595,-0.074622343941519,-0.0971255075168279,-0.0485627537584139,-0.0971255075168279,-0.1285483491828931,-0.0642741745914465,-0.1285483491828931,-0.1016115691237725,-0.0508057845618862,-0.1016115691237725,-0.0536029080133289,-0.0268014540066644,-0.0536029080133289,-0.0770575656919296,-0.0385287828459648,-0.0770575656919296,-0.0746017074510055,-0.0373008537255027,-0.0746017074510055,-0.1107977551563823,-0.0553988775781911,-0.1107977551563823,-0.1263150817559505
2024-02-29,0.13583910304882094,0.06791955152441047,0.13391595629730835,0.12750096225495328,0.06375048112747664,0.12569586301716446,0.10996327266447564,0.05498163633223782,0.10840646386742127,0.13147863802918303,0.06573931901459151,0.12961722471045514,0.11594235937528588,0.05797117968764294,0.11430090145344471,0.1324461939422932,0.0662230969711466,0.1305710824176037,0.11082062357870455,0.0842308398692807,0.0837069975314661,0.0815236897194234,0.0407618448597117,0.0803695152914689,0.1410912522190754,0.0705456261095377,0.1390937479858912,0.0512964599809112,0.0256482299904556,0.0505702285927304,0.058589291236463,0.0292946456182315,0.0577598113401306,0.1574333852722986,0.0787166926361493,0.155204516730983,0.0928122453265282,0.0464061226632641,0.0914982527861317,0.1445457206683221,0.072272860334161,0.142499309679813,0.1026675427503592,0.0513337713751796,0.1012140234993143,0.1014854036278309,0.0507427018139154,0.1000486205518807,0.0568283526245841,0.028414176312292,0.0560238032769305,0.1380610059100153,0.0690305029550076,0.1361064024926842,0.0877643130039238,0.0438821565019619,0.0865217867381874,0.1164567419895591
2024-03-31,-0.0055912838078349125,-0.0027956419039174563,-0.003750745737824566,0.009636344580584044,0.004818172290292022,0.006464253936312014,0.02317204314297308,0.01158602157148654,0.015544273022486396,0.04612658522225196,0.02306329261112598,0.030942641952878557,0.035096295433201696,0.017548147716600848,0.023543301508868738,0.029057631407998774,0.014528815703999387,0.01949244411491097,0.03029866480826282,0.0319408648117381,0.022418631770749,0.0184214918761006,0.0092107459380503,0.0123575075981359,0.0254861977406681,0.012743098870334,0.0170966545134436,0.0157865828680087,0.0078932914340043,0.0105899575914974,0.0263960296403745,0.0131980148201872,0.0177069880678196,0.0261145952873271,0.0130572976436635,0.0175181962381702,0.0107546218571706,0.0053773109285853,0.007214416845765,0.0350962954332016,0.0175481477166008,0.0235433015088687,0.0107546218571706,0.0053773109285853,0.007214416845765,0.0341862375436332,0.0170931187718166,0.0229328163559438,0.0235918223829021,0.011795911191451,0.0158258693873114,0.009636344580584,0.004818172290292,0.006464253936312,0.0292479671677125,0.0146239835838562,0.0196201251742236,0.0240963045229785
2024-04-30,-0.013121825495047737,-0.006560912747523869,-0.00856109897631861,-0.02687219753717094,-0.01343609876858547,-0.017532281839423187,-0.01405158689588834,-0.00702579344794417,-0.009167705075444156,0.015219010262416233,0.007609505131208116,0.009929369448429783,0.013231771839371454,0.006615885919685727,0.008632831490685226,0.001764048234166024,0.000882024117083012,0.001150921534309008,0.00041470732530803913,0.0044302470048335,-0.0013563935865878,0.0281474477103742,0.0140737238551871,0.0183642958725683,0.0001764726594694,8.823632973474771e-05,0.0001151364118432,-0.0035153484003569,-0.0017576742001784,-0.0022935258210114,0.0281474477103742,0.0140737238551871,0.0183642958725683,-0.0130580642232974,-0.0065290321116487,-0.0085194990816609,-0.0053550066164902,-0.0026775033082451,-0.0034937777277953,-0.0063884098827693,-0.0031942049413846,-0.0041680030974593,-0.02733933492983,-0.013669667464915,-0.0178370572272382,-0.0204959421557065,-0.0102479710778532,-0.0133722087276749,0.0008433095828861,0.000421654791443,0.0005502021658107,-0.0229151521932267,-0.0114575760966133,-0.0149505787939077,-0.0081564236646436,-0.0040782118323218,-0.0053215118820285,0.0024116464520997
2024-05-31,-0.030504957956555723,-0.015252478978277861,-0.020178976556615564,-0.024835859720705723,-0.012417929860352861,-0.016428877947684908,-0.01726756466380519,-0.008633782331902595,-0.011422463949532695,-0.020061484050938105,-0.010030742025469053,-0.013270636757845407,-0.02187615440319419,-0.010938077201597096,-0.014471038035182404,-0.01537238872970867,-0.007686194364854335,-0.010168808370027885,-0.023183431357743124,-0.0144847032063247,-0.0149420376017433,-0.0039732902443331,-0.0019866451221665,-0.0026283245761955,-0.0358195722677347,-0.0179097861338673,-0.0236945846667945,0.0203754565989951,0.0101877282994975,0.0134783290515272,0.0130278316269614,0.0065139158134807,0.0086178879301649,-0.0297526467958756,-0.0148763233979378,-0.0196813240341546,-0.0203404378484588,-0.0101702189242294,-0.0134551642090409,-0.0234135035052632,-0.0117067517526316,-0.0154879917885416,-0.0150821450929858,-0.0075410725464929,-0.009976812709864,-0.0186533342727204,-0.0093266671363602,-0.0123391481321824,0.010364709743732,0.005182354871866,0.0068562374428693,-0.0141017573548167,-0.0070508786774083,-0.0093282879286439,-0.0431737023623809,-0.0215868511811904,-0.0285593289154347,-0.0283436039433526
2024-06-30,-0.009828424102913846,-0.004914212051456923,-0.006521863767963197,-0.05313718113190204,-0.02656859056595102,-0.03526032787424246,-0.059661292379407496,-0.029830646189703748,-0.039589543251777125,-0.06395105769430749,-0.031975528847153746,-0.04243610997370125,-0.0756926085438285,-0.03784630427191425,-0.05022747044648404,-0.061824302089935404,-0.030912151044967702,-0.0410248552115716,-0.11305951208593398,-0.0872962596945714,-0.0746156610416682,-0.0394082159566051,-0.0197041079783025,-0.0261501755638785,-0.0788193456494177,-0.0394096728247088,-0.0523022846005499,-0.0394932903029541,-0.019746645151477,-0.0262066284897216,-0.0334933487774778,-0.0167466743887389,-0.0222252372885319,-0.031582173145534,-0.015791086572767,-0.0209570352881224,-0.0583463178259372,-0.0291731589129686,-0.0387169633949993,-0.0768907947546352,-0.0384453973773176,-0.0510225528680104,-0.0590421613347828,-0.0295210806673914,-0.0391787054322775,-0.0667804901245245,-0.0333902450622622,-0.0443136411686627,-0.0615226348946968,-0.0307613174473484,-0.0408246774078862,-0.0524413376230563,-0.0262206688115281,-0.0347985858369643,-0.0779958307304856,-0.0389979153652428,-0.0517558234328264,-0.0929179488529295
2024-07-31,-0.021915981081025326,-0.010957990540512663,-0.013411878604482067,-0.018186482930014923,-0.009093241465007462,-0.011129545166062632,-0.012635831284935756,-0.006317915642467878,-0.007732724108208002,-0.012010949080666244,-0.006005474540333122,-0.007350316209844743,-0.01735492807642549,-0.008677464038212745,-0.010620660224609325,-0.016327328185475776,-0.008163664092737888,-0.009991801998256458,0.012980806570520476,-0.0104719756959248,-0.0086242594565631,-0.0462380632495879,-0.0231190316247939,-0.0282962140237814,0.0246572232715551,0.0123286116357775,0.0150894310420821,-0.0180332832835866,-0.0090166416417933,-0.0110357918883722,-0.0380891793184498,-0.0190445896592249,-0.023309358010246,-0.0163760965191888,-0.0081880482595944,-0.0100216466567768,-0.0206076729901056,-0.0103038364950528,-0.0126112359488873,-0.0173549280764254,-0.0086774640382127,-0.0106206602246093,-0.0033889257376308,-0.0016944628688154,-0.002073914027607,-0.0142250008449421,-0.007112500422471,-0.0087052449888359,-6.156394855691972e-05,-3.078197427845986e-05,-3.767516504989412e-05,-0.0181864829300149,-0.0090932414650074,-0.0111295451660626,-0.0187809526612774,-0.0093904763306387,-0.0114933416048465,0.0129808065705204
2024-08-31,-0.06027347159196084,-0.03013673579598042,-0.05047299526148929,-0.05577952460966347,-0.027889762304831735,-0.04670976479289401,-0.05044574557049834,-0.02522287278524917,-0.042243259097119235,-0.05466918839960085,-0.027334594199800426,-0.04577996943203371,-0.05128714918046053,-0.025643574590230266,-0.04294785034260319,-0.05164718884066752,-0.02582359442033376,-0.043249347495224466,-0.03108691371404413,-0.0514951801958952,-0.0452871630447979,-0.0516167604741735,-0.0258083802370867,-0.0432238667860948,-0.0221806656581574,-0.0110903328290787,-0.0185740857974767,-0.0459494118102852,-0.0229747059051426,-0.0384780299410873,-0.0408577240117083,-0.0204288620058541,-0.0342142514106197,-0.061727699817482,-0.030863849908741,-0.0516907657398973,-0.0444174377304469,-0.0222087188652234,-0.037195155096979,-0.0512871491804605,-0.0256435745902302,-0.0429478503426031,-0.0444174377304469,-0.0222087188652234,-0.037195155096979,-0.0252549023890344,-0.0126274511945172,-0.0211484511335353,-0.0407562275627931,-0.0203781137813965,-0.0341292583008842,-0.0557795246096634,-0.0278897623048317,-0.046709764792894,-0.0447578012787119,-0.0223789006393559,-0.0374801754766754,-0.0310869137140441
2024-09-30,0.20572342599713878,0.10286171299856939,0.20572342599713878,0.2016022225156911,0.10080111125784555,0.2016022225156911,0.20669010313647254,0.10334505156823627,0.20669010313647254,0.23057495569393968,0.11528747784696984,0.23057495569393968,0.21577810888831306,0.10788905444415653,0.21577810888831306,0.21156460521578624,0.10578230260789312,0.21156460521578624,0.2282300076474316,0.2569538892505854,0.2225351215188836,0.1794994025057187,0.0897497012528593,0.1794994025057187,0.2318450345995895,0.1159225172997947,0.2318450345995895,0.1957745790262257,0.0978872895131128,0.1957745790262257,0.1499600848316059,0.0749800424158029,0.1499600848316059,0.2008671910702325,0.1004335955351162,0.2008671910702325,0.2062132071036851,0.1031066035518425,0.2062132071036851,0.2155456809025936,0.1077728404512968,0.2155456809025936,0.2062132071036851,0.1031066035518425,0.2062132071036851,0.146415406647645,0.0732077033238225,0.146415406647645,0.2503168931947246,0.1251584465973623,0.2503168931947246,0.2016022225156911,0.1008011112578455,0.2016022225156911,0.2167222749157477,0.1083611374578738,0.2167222749157477,0.2282300076474316
2024-10-31,0.025009889984480654,0.025009889984480654,0.010193647442785447,0.03644179765879241,0.03644179765879241,0.0148531176164935,0.03564816946632014,0.03564816946632014,0.01452964694150303,0.05402763775952768,0.05402763775952768,0.02202083623034315,0.053393043783025965,0.053393043783025965,0.021762185461795674,0.02231800501930241,0.02231800501930241,0.009096476431294026,-0.014174439104338844,-0.0031538887482486,0.0182166702944243,0.0308308745871927,0.0308308745871927,0.0125661914582429,-0.0510176421811761,-0.0510176421811761,-0.0207940082135426,0.0119902806861693,0.0119902806861693,0.0048870544464887,-0.0171321684743517,-0.0171321684743517,-0.0069828090194044,0.0364417976587924,0.0364417976587924,0.0148531176164935,-0.0049327718927903,-0.0049327718927903,-0.00201052214232,0.0742768401733396,0.0742768401733396,0.0302741004602971,0.0364417976587924,0.0364417976587924,0.0148531176164935,0.0422498809662153,0.0422498809662153,0.0172204032619295,-0.0022058807835479,-0.0022058807835479,-0.0008990831635907,0.0364417976587924,0.0364417976587924,0.0148531176164935,0.031200276802408,0.031200276802408,0.0127167541336015,-0.0141744391043388
2024-11-30,-0.011483504331137206,-0.011483504331137206,-0.0046905200834824684,0.004203725552315118,0.004203725552315118,0.0017170419899715285,0.009234755168798403,0.009234755168798403,0.003772002285734576,0.021777973885902524,0.021777973885902524,0.008895370345479433,0.0069202541414008275,0.0069202541414008275,0.0028266276649567693,0.0020429023918724504,0.0020429023918724504,0.000834438201210934,-0.004628555193000805,0.0087041497198272,0.0173848937896247,-0.0075048852732874,-0.0075048852732874,-0.0030654244630828,0.0067271939105031,0.0067271939105031,0.0027477708226345,0.0045852942751807,0.0045852942751807,0.0018728964840545,-0.0118837684739881,-0.0118837684739881,-0.0048540108565602,-0.002296705571061,-0.002296705571061,-0.0009381059384196,-0.0002242778970548,-0.0002242778970548,-9.16079229895632e-05,-0.002296705571061,-0.002296705571061,-0.0009381059384196,0.0106505967573108,0.0106505967573108,0.0043503129837973,0.00421609619928,0.00421609619928,0.0017220948698556,0.000151993037532,0.000151993037532,6.208265130013079e-05,0.0042037255523151,0.0042037255523151,0.0017170419899715,0.0010519128067404,0.0010519128067404,0.0004296613650164,-0.0046285551930008
2024-12-31,-0.020734124303055768,-0.020734124303055768,-0.008556510005839572,-0.003331385449076918,-0.003331385449076918,-0.0013747883687633708,-0.02093211048365269,-0.02093211048365269,-0.008638214480575737,-0.020734124303055768,-0.020734124303055768,-0.008556510005839572,-0.01676056203325067,-0.01676056203325067,-0.006916709606099367,-0.009137423510786072,-0.009137423510786072,-0.0037708105997084256,-0.018470185594307065,-0.0325689715076598,-0.0254957152814052,-0.0133151958185632,-0.0133151958185632,-0.0054948839211144,0.0038771911683535,0.0038771911683535,0.0016000301986074,0.0037807914138099,0.0037807914138099,0.0015602481729835,0.0134458802526088,0.0134458802526088,0.0055488144682248,-0.0224357640423588,-0.0224357640423588,-0.0092587387203426,-0.0089528590810076,-0.0089528590810076,-0.0036946449817619,0.0008288131297218,0.0008288131297218,0.0003420326672002,-0.0026820785486108,-0.0026820785486108,-0.0011068339131281,-0.0217357874919706,-0.0217357874919706,-0.0089698740318846,-0.0388206915689643,-0.0388206915689643,-0.0160204323552985,-0.0033313854490769,-0.0033313854490769,-0.0013747883687633,-0.0084284930387359,-0.0084284930387359,-0.0034782508277653,-0.018470185594307
2025-01-31,-0.0009320708596160335,-0.0009320708596160335,-0.00041361662926099596,-0.023521520965307595,-0.023521520965307595,-0.010437931962351222,-0.015824822726533946,-0.015824822726533946,-0.0070224380123826155,-0.027405633003095325,-0.027405633003095325,-0.012161549123179134,-0.02675674358781375,-0.02675674358781375,-0.011873597354337795,-0.02813226538471729,-0.02813226538471729,-0.012484000182878797,-0.01743485575564545,-0.0187700475705953,-0.029088842016392,-0.0385199745077873,-0.0385199745077873,-0.01709365961907,-0.0325017810006974,-0.0325017810006974,-0.0144230204858303,-0.0523209809418035,-0.0523209809418035,-0.0232180070361737,-0.0272872176497887,-0.0272872176497887,-0.0121090010161525,-0.0163044614112004,-0.0163044614112004,-0.0072352829200076,-0.0128342934703916,-0.0128342934703916,-0.0056953579756335,-0.0267567435878137,-0.0267567435878137,-0.0118735973543377,-0.0131816489197442,-0.0131816489197442,-0.0058495007520485,-0.051819102096265,-0.051819102096265,-0.02299529281413,-0.0385555099827414,-0.0385555099827414,-0.0171094288743987,-0.0235215209653075,-0.0235215209653075,-0.0104379319623512,-0.0211661782749573,-0.0211661782749573,-0.0093927229052431,-0.0357063154704315
2025-02-28,0.12064035606429435,0.12064035606429435,0.05248689582352486,0.08723358204852297,0.08723358204852297,0.0379526394207059,0.08140053156689644,0.08140053156689644,0.03541485917079244,0.06926849723332973,0.06926849723332973,0.0301365854407814,0.08149906571351799,0.08149906571351799,0.03545772833711046,0.06370732637877469,0.06370732637877469,0.027717091626088968,0.030852380695155123,0.0360570796728173,0.0360100190248128,0.0730448408132478,0.0730448408132478,0.0317795559901004,0.0171247568393808,0.0171247568393808,0.0074504532111357,-0.0137681168276516,-0.0137681168276516,-0.0059900827318011,0.0651903719242355,0.0651903719242355,0.0283623189744288,0.0925285401515562,0.0925285401515562,0.0402563122828426,0.0759119312740688,0.0759119312740688,0.0330269385678966,0.057166635667499,0.057166635667499,0.024871438950846,0.0963242395998507,0.0963242395998507,0.0419077039731479,0.0132083202882811,0.0132083202882811,0.0057465325334856,0.0183952367865781,0.0183952367865781,0.0080031998276898,0.0872335820485229,0.0872335820485229,0.0379526394207059,0.0580974880195244,0.0580974880195244,0.0252764240820387,0.0113817430516276
2025-03-31,-0.011274094360406198,-0.011274094360406198,-0.005240867128277223,-0.02309628034310285,-0.02309628034310285,-0.010736519720887093,-0.014415683657206968,-0.014415683657206968,-0.006701263994740694,-0.029659765589908127,-0.029659765589908127,-0.01378761659636818,-0.018404775920569327,-0.018404775920569327,-0.008555630460586695,-0.015762770437174015,-0.015762770437174015,-0.007327469754456524,-0.0030847443490562123,-0.0088236260884242,0.0006660788438274,-0.0378882899142367,-0.0378882899142367,-0.017612722300384,0.0255635551202137,0.0255635551202137,0.0118834552407102,0.0033804946498616,0.0033804946498616,0.0015714542313923,-0.0247852873562103,-0.0247852873562103,-0.0115216702661505,-0.0073733731828681,-0.0073733731828681,-0.0034275807797321,-0.0158615199350064,-0.0158615199350064,-0.0073733743726528,-0.0125124887877924,-0.0125124887877924,-0.0058165462417254,-0.0231960056519197,-0.0231960056519197,-0.0107828779538527,-0.0082005251908575,-0.0082005251908575,-0.0038120900476325,-0.0003289646263915,-0.0003289646263915,-0.0001529222518197,-0.0230962803431028,-0.0230962803431028,-0.010736519720887,-0.0001175411580537,-0.0001175411580537,-5.464009540551239e-05,0.0257710325311312
2025-04-30,-0.02856633031374567,-0.02856633031374567,-0.02856633031374567,-0.04026710257777959,-0.04026710257777959,-0.04026710257777959,-0.032837652878128454,-0.032837652878128454,-0.032837652878128454,-0.03275899975790031,-0.03275899975790031,-0.03275899975790031,-0.03749355979867628,-0.03749355979867628,-0.03749355979867628,-0.035119306083889384,-0.035119306083889384,-0.035119306083889384,-0.02607168712777399,-0.0266001380014486,-0.0251372258146129,-0.0318555815547755,-0.0318555815547755,-0.0318555815547755,-0.042672506045317,-0.042672506045317,-0.042672506045317,-0.0094366334209318,-0.0094366334209318,-0.0094366334209318,-0.0514144936244316,-0.0514144936244316,-0.0514144936244316,-0.0416794716688944,-0.0416794716688944,-0.0416794716688944,-0.0229779884420284,-0.0229779884420284,-0.0229779884420284,-0.0302738540774366,-0.0302738540774366,-0.0302738540774366,-0.0282538213161563,-0.0282538213161563,-0.0282538213161563,-0.0233629104851516,-0.0233629104851516,-0.0233629104851516,-0.0265786403795027,-0.0265786403795027,-0.0265786403795027,-0.0291469462051594,-0.0291469462051594,-0.0291469462051594,-0.0133649953970725,-0.0133649953970725,-0.0133649953970725,-0.0170714511406957
2025-05-31,0.0217757749604743,0.0217757749604743,0.0217757749604743,0.016792626216324956,0.016792626216324956,0.016792626216324956,0.014680507704296963,0.014680507704296963,0.014680507704296963,0.021668857253575074,0.021668857253575074,0.021668857253575074,0.027422665118213473,0.027422665118213473,0.027422665118213473,0.029577367394931872,0.029577367394931872,0.029577367394931872,0.025470226720030277,0.0137103882043763,0.0247831942735773,0.0092273543889082,0.0092273543889082,0.0092273543889082,0.0122275279031332,0.0122275279031332,0.0122275279031332,0.0284002008365618,0.0284002008365618,0.0284002008365618,0.0051280481905096,0.0051280481905096,0.0051280481905096,0.019882611913646,0.019882611913646,0.019882611913646,0.0203991354218168,0.0203991354218168,0.0203991354218168,0.027486815742353,0.027486815742353,0.027486815742353,0.0333297610510518,0.0333297610510518,0.0333297610510518,0.0086217867898295,0.0086217867898295,0.0086217867898295,0.0247951080370051,0.0247951080370051,0.0247951080370051,0.0107381684113549,0.0107381684113549,0.0107381684113549,0.0193052131775457,0.0193052131775457,0.0193052131775457,0.023063306851514
2025-06-30,0.06455384764013454,0.06455384764013454,0.06455384764013454,0.046307944571363044,0.046307944571363044,0.046307944571363044,0.04534887173603297,0.04534887173603297,0.04534887173603297,0.06875509847617556,0.06875509847617556,0.06875509847617556,0.04853535366573554,0.04853535366573554,0.04853535366573554,0.06197851143943667,0.06197851143943667,0.06197851143943667,0.018896124660074908,0.0242616203737662,0.0281629933332951,0.0114732036665492,0.0114732036665492,0.0114732036665492,0.0419646106137392,0.0419646106137392,0.0419646106137392,0.0094874518560989,0.0094874518560989,0.0094874518560989,0.0203659306085399,0.0203659306085399,0.0203659306085399,0.0575255726969997,0.0575255726969997,0.0575255726969997,0.0246705340526849,0.0246705340526849,0.0246705340526849,0.0418663733336816,0.0418663733336816,0.0418663733336816,0.0272941277775922,0.0272941277775922,0.0272941277775922,0.0321310398787664,0.0321310398787664,0.0321310398787664,-0.0149107035491754,-0.0149107035491754,-0.0149107035491754,0.046307944571363,0.046307944571363,0.046307944571363,0.0586672484427072,0.0586672484427072,0.0586672484427072,0.0356481041646392
2025-07-31,0.039438345252979255,0.039438345252979255,0.039438345252979255,0.03477094209153675,0.03477094209153675,0.03477094209153675,0.03169334782673161,0.03169334782673161,0.03169334782673161,0.0386636602258111,0.0386636602258111,0.0386636602258111,0.03835372202155853,0.03835372202155853,0.03835372202155853,0.031174009224182703,0.031174009224182703,0.031174009224182703,0.02568867457386097,0.0317963813203916,0.0463750606145203,0.0298481524823309,0.0298481524823309,0.0298481524823309,0.0094712604522104,0.0094712604522104,0.0094712604522104,0.0536147102650298,0.0536147102650298,0.0536147102650298,0.0148219991638836,0.0148219991638836,0.0148219991638836,0.0347709420915367,0.0347709420915367,0.0347709420915367,0.0377334618101954,0.0377334618101954,0.0377334618101954,0.0416454548977751,0.0416454548977751,0.0416454548977751,0.0292488301552826,0.0292488301552826,0.0292488301552826,0.0239176800295732,0.0239176800295732,0.0239176800295732,0.032919906218027,0.032919906218027,0.032919906218027,0.0402815364838126,0.0402815364838126,0.0402815364838126,0.0509216560063316,0.0509216560063316,0.0509216560063316,0.0358652947804118
2025-08-31,0.08479635148761384,0.08479635148761384,0.08479635148761384,0.10747365355501341,0.10747365355501341,0.10747365355501341,0.11382835838839511,0.11382835838839511,0.11382835838839511,0.0980967201530969,0.0980967201530969,0.0980967201530969,0.09798682426840392,0.09798682426840392,0.09798682426840392,0.10132774649680062,0.10132774649680062,0.10132774649680062,0.035667231403664124,0.0889768352223394,0.0914610477299127,0.1032425128330448,0.1032425128330448,0.1032425128330448,0.0594137707893183,0.0594137707893183,0.0594137707893183,0.0444984744682562,0.0444984744682562,0.0444984744682562,0.0721146845073716,0.0721146845073716,0.0721146845073716,0.1049137239067341,0.1049137239067341,0.1049137239067341,0.1141353044362072,0.1141353044362072,0.1141353044362072,0.1093782998179224,0.1093782998179224,0.1093782998179224,0.1141353044362072,0.1141353044362072,0.1141353044362072,0.0647281755080357,0.0647281755080357,0.0647281755080357,0.0804276845115269,0.0804276845115269,0.0804276845115269,0.1074736535550134,0.1074736535550134,0.1074736535550134,0.1067028305658165,0.1067028305658165,0.1067028305658165,0.0356672314036641
2025-09-30,0.05269076821384577,0.05269076821384577,0.05269076821384577,0.022718446757908996,0.022718446757908996,0.022718446757908996,0.029524369187775068,0.029524369187775068,0.029524369187775068,-0.0017196994849556873,-0.0017196994849556873,-0.0017196994849556873,0.0010213406684778104,0.0010213406684778104,0.0010213406684778104,0.043903552501410203,0.043903552501410203,0.043903552501410203,0.0031456616452459228,0.021394866020032,0.0127771126035084,0.0063365757161626,0.0063365757161626,0.0063365757161626,-0.0062823391230582,-0.0062823391230582,-0.0062823391230582,-0.0139396492655712,-0.0139396492655712,-0.0139396492655712,-0.0118576695183799,-0.0118576695183799,-0.0118576695183799,-0.0003276233793048,-0.0003276233793048,-0.0003276233793048,0.0656632428201684,0.0656632428201684,0.0656632428201684,0.0585289635467952,0.0585289635467952,0.0585289635467952,0.0088962540706017,0.0088962540706017,0.0088962540706017,-0.0151835812681527,-0.0151835812681527,-0.0151835812681527,0.0080763250645302,0.0080763250645302,0.0080763250645302,0.0227184467579089,0.0227184467579089,0.0227184467579089,0.0449675584760713,0.0449675584760713,0.0449675584760713,-0.0216222307282097
2025-10-31,-0.037503462798974284,-0.037503462798974284,-0.037503462798974284,-0.016243789481083293,-0.016243789481083293,-0.016243789481083293,-0.001061316409926863,-0.001061316409926863,-0.001061316409926863,-0.03314403720095479,-0.03314403720095479,-0.03314403720095479,-0.031036062491701565,-0.031036062491701565,-0.031036062491701565,-0.0034344152627187874,-0.0034344152627187874,-0.0034344152627187874,0.04898369150280875,0.0142256798109616,0.006174049417556,-0.0015936080696714,-0.0015936080696714,-0.0015936080696714,-0.0026405374311645,-0.0026405374311645,-0.0026405374311645,0.034488408384718,0.034488408384718,0.034488408384718,-0.0141385202361987,-0.0141385202361987,-0.0141385202361987,-0.0162437894810832,-0.0162437894810832,-0.0162437894810832,-0.0175350540946988,-0.0175350540946988,-0.0175350540946988,0.0050686454522632,0.0050686454522632,0.0050686454522632,-0.0266828525373657,-0.0266828525373657,-0.0266828525373657,0.0122063833884509,0.0122063833884509,0.0122063833884509,-5.353745825553702e-06,-5.353745825553702e-06,-5.353745825553702e-06,-0.0162437894810832,-0.0162437894810832,-0.0162437894810832,0.0199875070084544,0.0199875070084544,0.0199875070084544,0.0312886526523485
2025-11-30,0.01808873679177007,0.01808873679177007,0.01808873679177007,0.01577927375477106,0.01577927375477106,0.01577927375477106,0.008433954512480732,0.008433954512480732,0.008433954512480732,0.0010342273549329706,0.0010342273549329706,0.0010342273549329706,-0.002179114539353444,-0.002179114539353444,-0.002179114539353444,-0.00015515001919241822,-0.00015515001919241822,-0.00015515001919241822,-0.01553693144538464,-0.0088735711430396,-0.0100409630596716,-0.0104661705661249,-0.0104661705661249,-0.0104661705661249,-0.0270806274176409,-0.0270806274176409,-0.0270806274176409,-0.0097286906156453,-0.0097286906156453,-0.0097286906156453,-0.0024998937608728,-0.0024998937608728,-0.0024998937608728,0.0125972873072348,0.0125972873072348,0.0125972873072348,0.0080236382450692,0.0080236382450692,0.0080236382450692,-0.0106612023592924,-0.0106612023592924,-0.0106612023592924,0.001900980485359,0.001900980485359,0.001900980485359,-0.0040943874546927,-0.0040943874546927,-0.0040943874546927,0.0018543129529341,0.0018543129529341,0.0018543129529341,0.015779273754771,0.015779273754771,0.015779273754771,-5.531112910386327e-05,-5.531112910386327e-05,-5.531112910386327e-05,-0.0078461891903811
2025-12-31,0.012456870461059292,0.012456870461059292,0.012456870461059292,0.03200534129982764,0.03200534129982764,0.03200534129982764,0.031124584375666134,0.031124584375666134,0.031124584375666134,0.03269546451612867,0.03269546451612867,0.03269546451612867,0.06291895309707826,0.06291895309707826,0.06291895309707826,0.0341509229138251,0.0341509229138251,0.0341509229138251,0.0486251875841142,-0.0270275903310047,0.0232147887763602,0.0647326232385287,0.0647326232385287,0.0647326232385287,0.0096336408644204,0.0096336408644204,0.0096336408644204,-0.0023185965187729,-0.0023185965187729,-0.0023185965187729,0.0800485513647096,0.0800485513647096,0.0800485513647096,0.0315129525312968,0.0315129525312968,0.0315129525312968,0.0109064799172731,0.0109064799172731,0.0109064799172731,0.0264840687512859,0.0264840687512859,0.0264840687512859,0.0320053412998276,0.0320053412998276,0.0320053412998276,0.0473823481054777,0.0473823481054777,0.0473823481054777,0.0467296923187808,0.0467296923187808,0.0467296923187808,0.0320053412998276,0.0320053412998276,0.0320053412998276,0.0656880147211732,0.0656880147211732,0.0656880147211732,0.0486251875841142
2026-01-31,0.07829064652116147,0.07829064652116147,0.07829064652116147,0.08080049754554927,0.08080049754554927,0.08080049754554927,0.08545457719626118,0.08545457719626118,0.08545457719626118,0.10831515104865501,0.10831515104865501,0.10831515104865501,0.07813571223287101,0.07813571223287101,0.07813571223287101,0.06654279686950199,0.06654279686950199,0.06654279686950199,0.08721828708309212,0.0360473283574902,0.0642215871131309,0.1078533706367896,0.1078533706367896,0.1078533706367896,0.0316772650964131,0.0316772650964131,0.0316772650964131,0.0422325453503741,0.0422325453503741,0.0422325453503741,0.1168178684882375,0.1168178684882375,0.1168178684882375,0.0727292818418322,0.0727292818418322,0.0727292818418322,0.0817700995821024,0.0817700995821024,0.0817700995821024,0.0978867928570005,0.0978867928570005,0.0978867928570005,0.0692870766646916,0.0692870766646916,0.0692870766646916,0.0354994333657244,0.0354994333657244,0.0354994333657244,0.0841752760479119,0.0841752760479119,0.0841752760479119,0.0808004975455492,0.0808004975455492,0.0808004975455492,0.0669197578248562,0.0669197578248562,0.0669197578248562,0.0872182870830921
2026-02-28,0.09408310740145136,0.09408310740145136,0.09408310740145136,0.07280044063742816,0.07280044063742816,0.07280044063742816,0.058464115036508224,0.058464115036508224,0.058464115036508224,0.029841170911008536,0.029841170911008536,0.029841170911008536,0.046698865835272586,0.046698865835272586,0.046698865835272586,0.06155967688850525,0.06155967688850525,0.06155967688850525,0.04108159263564257,0.038712575700266,0.034092386789786,0.0563258089068371,0.0563258089068371,0.0563258089068371,0.015737085482975,0.015737085482975,0.015737085482975,0.0395645193896222,0.0395645193896222,0.0395645193896222,0.0362531081219184,0.0362531081219184,0.0362531081219184,0.0688685424583342,0.0688685424583342,0.0688685424583342,0.0855157497432368,0.0855157497432368,0.0855157497432368,0.0466988658352725,0.0466988658352725,0.0466988658352725,0.0855157497432368,0.0855157497432368,0.0855157497432368,0.0468609301134232,0.0468609301134232,0.0468609301134232,0.0341027921702012,0.0341027921702012,0.0341027921702012,0.0688685424583342,0.0688685424583342,0.0688685424583342,0.0453984633437429,0.0453984633437429,0.0453984633437429,0.0410815926356425
2026-03-31,-0.1262550642328725,-0.1262550642328725,-0.1262550642328725,-0.11898970308048881,-0.11898970308048881,-0.11898970308048881,-0.09961136946388609,-0.09961136946388609,-0.09961136946388609,-0.09648420986316386,-0.09648420986316386,-0.09648420986316386,-0.08725976075966084,-0.08725976075966084,-0.08725976075966084,-0.0730963376722277,-0.0730963376722277,-0.0730963376722277,-0.04821342482114923,-0.0694406324212231,-0.0871443856017829,-0.0684936889363685,-0.0684936889363685,-0.0684936889363685,-0.0789876238379735,-0.0789876238379735,-0.0789876238379735,-0.0645204669221167,-0.0645204669221167,-0.0645204669221167,-0.101571817362924,-0.101571817362924,-0.101571817362924,-0.101878517795291,-0.101878517795291,-0.101878517795291,-0.1189897030804888,-0.1189897030804888,-0.1189897030804888,-0.0898059255557031,-0.0898059255557031,-0.0898059255557031,-0.0986725460898852,-0.0986725460898852,-0.0986725460898852,-0.0837468301283438,-0.0837468301283438,-0.0837468301283438,-0.0663292672759887,-0.0663292672759887,-0.0663292672759887,-0.1189897030804888,-0.1189897030804888,-0.1189897030804888,-0.0970490188770879,-0.0970490188770879,-0.0970490188770879,-0.0435658738616997
2026-04-30,0.1780462897966039,0.1780462897966039,0.14890509361729093,0.12435362433404781,0.12435362433404781,0.10400041525304513,0.10329080755769315,0.10329080755769315,0.08638499227787477,0.13787698627185416,0.13787698627185416,0.11531038120442758,0.10792908492495998,0.10792908492495998,0.09026411341196201,0.09297062755212174,0.09297062755212174,0.07775393699650705,0.04901195281466795,0.0365681048979487,0.0602738443176818,0.0795945705564031,0.0795945705564031,0.0665671662895575,0.0554590234389821,0.0554590234389821,0.0463819329599008,0.0170771753284415,0.0170771753284415,0.0142821195201843,0.1009567674693035,0.1009567674693035,0.0844329692491152,0.1240833185297105,0.1240833185297105,0.1037743509461387,0.0833123549621663,0.0833123549621663,0.0696764534059668,0.1227552573683219,0.1227552573683219,0.1026636562397678,0.0774975150346256,0.0774975150346256,0.064813340084318,0.0334378754082058,0.0334378754082058,0.0279650307440283,0.0370258328721318,0.0370258328721318,0.0309657399566218,0.1243536243340478,0.1243536243340478,0.1040004152530451,0.0976085468131099,0.0976085468131099,0.0816327586362941,0.0490119528146679
2026-05-31,0.006315820864164083,0.006315820864164083,0.004840569894084189,-0.0016189411504037299,-0.0016189411504037299,-0.0012407884836321294,-0.013446399976109108,-0.013446399976109108,-0.010305586606719366,-0.0769669775130523,-0.0769669775130523,-0.058989012228364654,-0.02503302111722472,-0.02503302111722472,-0.01918580197002618,-0.010177650748261713,-0.010177650748261713,-0.007800352616723481,-0.06260582706822022,-0.0616646572793348,-0.0379029690270733,-0.0361261558739109,-0.0361261558739109,-0.0276877996183305,-0.0344137648363109,-0.0344137648363109,-0.0263753892948303,-0.0414491913942526,-0.0414491913942526,-0.0317674792101165,-0.0172348175139043,-0.0172348175139043,-0.0132091046567201,-0.0522500482833942,-0.0522500482833942,-0.0400454693261028,0.0249366579091051,0.0249366579091051,0.0191119473034431,-0.0547776316829564,-0.0547776316829564,-0.0419826591818394,-0.0012442254335463,-0.0012442254335463,-0.0009535989548486,-0.0784348520802086,-0.0784348520802086,-0.0601140202979229,-0.0694903473088576,-0.0694903473088576,-0.053258775121582,-0.0016189411504037,-0.0016189411504037,-0.0012407884836321,-0.04645435899788,-0.04645435899788,-0.0356035385503098,-0.0626058270682202
2026-06-30,-0.03019926811479745,-0.03019926811479745,-0.021823267160463945,-0.061771339132077,-0.061771339132077,-0.044638579703804145,-0.07208381255579174,-0.07208381255579174,-0.052090808736488456,-0.01841264447961925,-0.01841264447961925,-0.013305754897168558,-0.020147502397964145,-0.020147502397964145,-0.01455943653255017,-0.04918336335804063,-0.04918336335804063,-0.0355419765251451,-0.06828494043090157,-0.0671731252849978,-0.0472763011931124,0.0325195869832105,0.0325195869832105,0.0235000276160603,-0.0761114315939962,-0.0761114315939962,-0.055001336433954,-0.0877081069848001,-0.0877081069848001,-0.0633815840699119,0.0458160916148195,0.0458160916148195,0.03310864368493,-0.0235126155126573,-0.0235126155126573,-0.0169912094565816,-0.0720601050527813,-0.0720601050527813,-0.0520736766930913,-0.0201475023979641,-0.0201475023979641,-0.0145594365325501,-0.047322269282918,-0.047322269282918,-0.0341970713089734,-0.1144542012790286,-0.1144542012790286,-0.0827094419194175,-0.0558854146518405,-0.0558854146518405,-0.0403851619742673,-0.061771339132077,-0.061771339132077,-0.0446385797038041,-0.0720601050527813,-0.0720601050527813,-0.0520736766930913,-0.0864212203652161
2026-07-31,-0.00020165220022760888,-0.00010082610011380444,-0.0001375332621780722,0.004558286517351129,0.0022791432586755644,0.0031088974678481654,-0.0031247132306020386,-0.0015623566153010193,-0.002131154549717838,-0.008053589900713809,-0.0040267949503569045,-0.0054928063767186045,-0.017301413514166874,-0.008650706757083437,-0.011800118412838257,0.008612301710935757,0.004306150855467879,0.005873865734318016,0.04071887934789331,0.0361892448901539,-0.0403941521058534,-0.1810261942343037,-0.0905130971171518,-0.1234656651632029,0.0866351195664945,0.0433175597832472,0.0590879276284533,0.045203529457913,0.0226017647289565,0.0308302555652362,-0.1186597318537767,-0.0593298659268883,-0.080929739385957,-0.113668504454659,-0.0568342522273295,-0.0775255623638447,0.0082870974797842,0.0041435487398921,0.0056520660280222,-0.0173014135141668,-0.0086507067570834,-0.0118001184128382,0.0243592776000365,0.0121796388000182,0.0166138078773889,0.0298175214606382,0.0149087607303191,0.0203365050910304,-0.0350812650842158,-0.0175406325421079,-0.0239265469105718,0.0045582865173511,0.0022791432586755,0.0031088974678481,0.0359004701093027,0.0179502350546513,0.0244852709877984,0.0407188793478933
2026-08-31,0.07211813818537967,0.036059069092689834,0.05634554867816638,0.07445637135010046,0.03722818567505023,0.05817239881488257,0.0609962731647707,0.03049813658238535,0.04765608992786046,0.09112191697553292,0.04556095848776646,0.07119310811095775,0.09605169921054597,0.04802584960527299,0.07504472286259868,0.09828411660948158,0.04914205830474079,0.07678889965898765,0.0646531327421127,0.0780532565321146,0.0454376804767586,0.1053127574543661,0.052656378727183,0.0822803423782767,0.0812898684448869,0.0406449342224434,0.0635113766765498,0.0333583744596186,0.0166791872298093,0.026062734829724,0.0547004694540089,0.0273502347270044,0.0427372092775995,0.0697136390682257,0.0348568195341128,0.0544669252768807,0.0637365817296981,0.031868290864849,0.0497970796084512,0.09104176663245,0.045520883316225,0.0711304870398738,0.0744563713501004,0.0372281856750502,0.0581723988148825,0.0502248193863917,0.0251124096931958,0.03924040576746,0.0708031807502305,0.0354015903751152,0.0553181788647435,0.0744563713501004,0.0372281856750502,0.0581723988148825,0.0838948709316345,0.0419474354658172,0.0655466523799586,0.0655210714056478
