signal_date,ts_code,up_limit,down_limit,official_band_fraction,eligible
2025-12-31,000021.SZ,26.93,22.03,0.10008169934640519,True
2025-12-31,000063.SZ,41.0,33.54,0.10008049369466061,True
2025-12-31,000630.SZ,6.38,5.22,0.10000000000000002,True
2025-12-31,000700.SZ,15.28,12.5,0.10007199424046073,True
2025-12-31,000792.SZ,30.51,24.97,0.09985580389329492,True
2025-12-31,000977.SZ,74.32,60.8,0.10005920663114265,True
2025-12-31,002009.SZ,25.77,21.09,0.0998719590268886,True
2025-12-31,002050.SZ,57.75,47.25,0.1,True
2025-12-31,002080.SZ,41.48,33.94,0.09997348183505701,True
2025-12-31,002083.SZ,13.24,10.84,0.09966777408637877,True
2025-12-31,002115.SZ,13.6,11.12,0.10032362459546927,True
2025-12-31,002149.SZ,47.3,38.7,0.09999999999999994,True
2025-12-31,002156.SZ,42.12,34.46,0.10002611647949852,True
2025-12-31,002171.SZ,14.72,12.04,0.10014947683109124,True
2025-12-31,002177.SZ,9.41,7.7,0.09994155464640561,True
2025-12-31,002202.SZ,22.22,18.18,0.09999999999999998,True
2025-12-31,002272.SZ,19.97,16.34,0.0999724593775819,True
2025-12-31,002383.SZ,14.6,11.94,0.10022607385079127,True
2025-12-31,002400.SZ,9.32,7.62,0.10035419126328217,True
2025-12-31,002402.SZ,44.21,36.17,0.10002488181139586,True
2025-12-31,002465.SZ,16.63,13.61,0.09986772486772486,True
2025-12-31,002466.SZ,62.02,50.74,0.10003547357218873,True
2025-12-31,002527.SZ,18.87,15.44,0.09997085397843199,True
2025-12-31,002716.SZ,7.69,6.29,0.1001430615164521,True
2025-12-31,002969.SZ,13.04,10.67,0.09995782370307883,True
2025-12-31,600118.SH,94.95,77.69,0.09997683039851718,True
2025-12-31,600176.SH,18.26,14.94,0.10000000000000005,True
2025-12-31,600271.SH,12.75,10.43,0.10008628127696291,True
2025-12-31,600376.SH,7.58,6.2,0.10014513788098692,True
2025-12-31,600410.SH,19.27,15.77,0.09988584474885845,True
2025-12-31,601127.SH,133.47,109.21,0.0999670347783089,True
2025-12-31,601606.SH,55.29,45.23,0.10007958615200958,True
2025-12-31,601688.SH,25.93,21.21,0.10012728044123884,True
2025-12-31,603122.SH,28.6,23.4,0.10000000000000006,True
2025-12-31,603259.SH,101.09,82.71,0.10000000000000005,True
2025-12-31,603601.SH,13.13,10.75,0.09966499162479064,True
2025-12-31,603626.SH,21.48,17.58,0.09984639016897086,True
2025-12-31,603667.SH,69.98,57.26,0.09996856334486015,True
2025-12-31,603993.SH,21.47,17.57,0.09989754098360652,True
2025-12-31,605090.SH,46.88,38.36,0.09995307367433133,True
2026-01-05,000063.SZ,41.62,34.06,0.0998942917547568,True
2026-01-05,000700.SZ,15.82,12.94,0.1001390820584145,True
2026-01-05,000776.SZ,24.22,19.82,0.09990917347865574,True
2026-01-05,000858.SZ,116.53,95.35,0.09996224277893151,True
2026-01-05,000933.SZ,30.22,24.72,0.10010921004732436,True
2026-01-05,000988.SZ,87.26,71.4,0.09996218328501195,True
2026-01-05,002050.SZ,60.84,49.78,0.0999819200867836,True
2026-01-05,002080.SZ,39.97,32.71,0.09988992845349473,True
2026-01-05,002149.SZ,50.06,40.96,0.0999780268072951,True
2026-01-05,002156.SZ,41.47,33.93,0.09999999999999998,True
2026-01-05,002177.SZ,10.35,8.47,0.0998937300743889,True
2026-01-05,002241.SZ,31.6,25.86,0.09989557953358862,True
2026-01-05,002281.SZ,76.95,62.96,0.09999285254806663,True
2026-01-05,002466.SZ,60.92,49.84,0.10003611412062115,True
2026-01-05,002475.SZ,62.38,51.04,0.09998236642567451,True
2026-01-05,002602.SZ,18.77,15.35,0.10023446658851114,True
2026-01-05,002639.SZ,20.46,16.74,0.10000000000000006,True
2026-01-05,002837.SZ,117.58,96.2,0.10000935541210589,True
2026-01-05,002938.SZ,55.64,45.52,0.10003954132068009,True
2026-01-05,002969.SZ,13.93,11.39,0.1003159557661927,True
2026-01-05,600150.SH,36.59,29.93,0.10012026458208062,True
2026-01-05,600309.SH,84.35,69.01,0.10002608242044854,True
2026-01-05,600363.SH,69.37,56.75,0.10006343165239458,True
2026-01-05,600519.SH,1514.9,1239.46,0.10000145224298931,True
2026-01-05,600547.SH,42.58,34.84,0.09997416688194258,True
2026-01-05,600895.SH,48.29,39.51,0.10000000000000002,True
2026-01-05,600941.SH,111.16,90.95,0.09999505219929737,True
2026-01-05,601127.SH,133.06,108.86,0.1000330687830688,True
2026-01-05,601318.SH,75.24,61.56,0.09999999999999994,True
2026-01-05,601688.SH,25.95,21.23,0.10004239084357776,True
2026-01-05,601899.SH,37.92,31.02,0.10008703220191474,True
2026-01-05,603228.SH,80.4,65.78,0.100013681762211,True
2026-01-05,603259.SH,99.7,81.58,0.09995586937334512,True
2026-01-05,603278.SH,18.74,15.34,0.09976525821596241,True
2026-01-05,603601.SH,13.72,11.22,0.10024057738572574,True
2026-01-05,603667.SH,76.98,62.98,0.1000285795941698,True
2026-01-05,603686.SH,32.66,26.72,0.10003368137420003,True
2026-01-05,603893.SH,196.11,160.45,0.10001121830827918,True
2026-01-05,603993.SH,22.0,18.0,0.1,True
2026-01-05,605358.SH,38.3,31.34,0.09994256174612288,True
2026-01-06,000063.SZ,42.08,34.43,0.09998692981309631,True
2026-01-06,000700.SZ,15.9,13.01,0.09996540989277068,True
2026-01-06,002009.SZ,24.43,19.99,0.09995497523638003,True
2026-01-06,002149.SZ,50.63,41.43,0.09993482511405608,True
2026-01-06,002177.SZ,9.48,7.76,0.0997679814385151,True
2026-01-06,002202.SZ,24.0,19.64,0.09990834097158569,True
2026-01-06,002230.SZ,59.22,48.46,0.09992570579494797,True
2026-01-06,002342.SZ,9.54,7.8,0.10034602076124563,True
2026-01-06,002402.SZ,44.06,36.05,0.0999875171638997,True
2026-01-06,002413.SZ,15.19,12.43,0.0999275887038378,True
2026-01-06,002602.SZ,20.3,16.61,0.09997290707125445,True
2026-01-06,600150.SH,37.93,31.03,0.10005800464037119,True
2026-01-06,600893.SH,44.18,36.14,0.10009960159362549,True
2026-01-06,603601.SH,14.29,11.69,0.10007698229407236,True
2026-01-07,002009.SZ,23.0,18.82,0.09995217599234815,True
2026-01-07,002036.SZ,13.54,11.08,0.09991876523151906,True
2026-01-07,002130.SZ,29.88,24.44,0.10014727540500733,True
2026-01-07,002149.SZ,54.77,44.81,0.10002008435428801,True
2026-01-07,002177.SZ,10.43,8.53,0.10021097046413503,True
2026-01-07,002230.SZ,59.28,48.5,0.10001855631842643,True
2026-01-07,002347.SZ,14.76,12.08,0.0998509687034277,True
2026-01-07,002602.SZ,20.24,16.56,0.1,True
2026-01-07,002920.SZ,151.13,123.65,0.1000072785501128,True
2026-01-07,603601.SH,14.88,12.18,0.09977827050997785,True
2026-01-08,000063.SZ,42.81,35.03,0.09994861253854061,True
2026-01-08,000981.SZ,5.02,4.1,0.10087719298245613,True
2026-01-08,002025.SZ,62.99,51.53,0.10006985679357318,True
2026-01-08,002115.SZ,13.99,11.45,0.09984276729559753,True
2026-01-08,002149.SZ,52.66,43.08,0.10006266973052015,True
2026-01-08,002171.SZ,14.71,12.03,0.10022438294689609,True
2026-01-08,002179.SZ,40.79,33.37,0.10005393743257823,True
2026-01-08,002230.SZ,58.32,47.72,0.09996227838551493,True
2026-01-08,002402.SZ,42.68,34.92,0.09999999999999998,True
2026-01-08,002544.SZ,39.29,32.15,0.09994400895856664,True
2026-01-08,002602.SZ,20.14,16.48,0.09994538503549971,True
2026-01-08,002738.SZ,96.26,78.76,0.09998857273454462,True
2026-01-08,002920.SZ,151.33,123.81,0.10002180708003203,True
2026-01-08,600150.SH,37.92,31.02,0.10008703220191474,True
2026-01-08,600875.SH,28.16,23.04,0.10000000000000002,True
2026-01-08,601698.SH,48.26,39.48,0.10006838386140873,True
2026-01-08,605358.SH,45.65,37.35,0.09999999999999996,True
2026-01-09,000063.SZ,43.99,35.99,0.10002500625156288,True
2026-01-09,000733.SZ,62.28,50.96,0.09996467679265277,True
2026-01-09,002025.SZ,69.29,56.69,0.1000158755357994,True
2026-01-09,002171.SZ,15.43,12.63,0.09978617248752668,True
2026-01-09,002177.SZ,9.63,7.88,0.09994288977727017,True
2026-01-09,002179.SZ,42.35,34.65,0.10000000000000003,True
2026-01-09,002230.SZ,58.75,48.07,0.09998127691443551,True
2026-01-09,002402.SZ,43.12,35.28,0.09999999999999995,True
2026-01-09,002413.SZ,19.46,15.92,0.10005652911249295,True
2026-01-09,002428.SZ,38.92,31.84,0.10005652911249295,True
2026-01-09,002465.SZ,22.34,18.28,0.09995076317085176,True
2026-01-09,002544.SZ,42.26,34.58,0.09994794377928162,True
2026-01-09,002602.SZ,20.97,17.15,0.10020986358866737,True
2026-01-09,600050.SH,5.78,4.73,0.09990485252140816,True
2026-01-09,600703.SH,16.36,13.38,0.1002017484868863,True
2026-01-09,601608.SH,8.15,6.67,0.09986504723346831,True
2026-01-09,601698.SH,48.98,40.08,0.09993262968785087,True
2026-01-09,603667.SH,83.53,68.35,0.0999473268369766,True
2026-01-09,605358.SH,45.66,37.36,0.09997590941941698,True
2026-01-12,000063.SZ,44.25,36.21,0.09992542878448916,True
2026-01-12,000158.SZ,23.3,19.06,0.10009442870632677,True
2026-01-12,000901.SZ,35.42,28.98,0.1,True
2026-01-12,002156.SZ,46.01,37.65,0.09992828113793928,True
2026-01-12,002177.SZ,10.3,8.42,0.10042735042735047,True
2026-01-12,002179.SZ,42.78,35.0,0.10002571355104141,True
2026-01-12,002230.SZ,61.16,50.04,0.09999999999999999,True
2026-01-12,002241.SZ,32.91,26.93,0.09993315508021386,True
2026-01-12,002402.SZ,44.08,36.06,0.1000748689792862,True
2026-01-12,002544.SZ,42.23,34.55,0.10002604845011721,True
2026-01-12,002555.SZ,30.02,24.56,0.10003664345914257,True
2026-01-12,002602.SZ,21.76,17.8,0.1001011122345804,True
2026-01-12,600050.SH,5.96,4.88,0.09963099630996311,True
2026-01-12,600118.SH,116.66,95.45,0.09999528546508883,True
2026-01-12,600150.SH,39.35,32.19,0.10008386916410406,True
2026-01-12,600487.SH,27.05,22.13,0.10004066693777962,True
2026-01-12,600703.SH,16.93,13.85,0.10006497725795971,True
2026-01-12,600862.SH,29.78,24.36,0.10011082379017365,True
2026-01-12,600879.SH,31.56,25.82,0.10003485535029626,True
2026-01-12,601127.SH,137.19,112.25,0.09998396407953816,True
2026-01-12,601138.SH,67.63,55.33,0.10003253090435912,True
2026-01-12,601698.SH,53.88,44.08,0.10004083299305842,True
2026-01-12,601929.SH,4.36,3.56,0.10101010101010105,True
2026-01-12,603228.SH,82.29,67.33,0.09998663280310124,True
2026-01-13,000681.SZ,31.48,25.76,0.0999301187980433,True
2026-01-13,002179.SZ,44.64,36.52,0.10004928536224739,True
2026-01-13,002241.SZ,33.62,27.5,0.10013089005235598,True
2026-01-13,002354.SZ,8.89,7.27,0.10024752475247531,True
2026-01-13,002361.SZ,18.48,15.12,0.10000000000000003,True
2026-01-13,002402.SZ,46.95,38.41,0.10004686035613879,True
2026-01-13,002512.SZ,8.38,6.86,0.09973753280839896,True
2026-01-13,002555.SZ,32.74,26.78,0.10013440860215055,True
2026-01-13,002602.SZ,21.32,17.44,0.10010319917440656,True
2026-01-13,002792.SZ,73.55,60.17,0.10005982650314085,True
2026-01-13,600118.SH,128.33,104.99,0.10003428767358143,True
2026-01-13,600487.SH,27.54,22.54,0.09984025559105432,True
2026-01-13,600522.SH,20.47,16.75,0.09994626544868347,True
2026-01-13,600556.SH,9.46,7.74,0.10000000000000002,True
2026-01-13,600637.SH,16.12,13.19,0.09996588195155241,True
2026-01-13,600783.SH,39.44,32.27,0.09998605494352243,True
2026-01-13,601127.SH,136.43,111.63,0.099975812303475,True
2026-01-13,601138.SH,67.02,54.84,0.09995076317085173,True
2026-01-13,601698.SH,59.27,48.49,0.10003711952487009,True
2026-01-14,000681.SZ,34.63,28.33,0.10006353240152484,True
2026-01-14,000938.SZ,28.79,23.55,0.10011463507833393,True
2026-01-14,000977.SZ,74.43,60.89,0.100059119125037,True
2026-01-14,002065.SZ,11.19,9.15,0.10029498525073742,True
2026-01-14,002131.SZ,9.93,8.13,0.09966777408637867,True
2026-01-14,002179.SZ,42.0,34.36,0.1000523834468308,True
2026-01-14,002195.SZ,13.19,10.79,0.10008340283569644,True
2026-01-14,002281.SZ,77.12,63.1,0.09998573669947228,True
2026-01-14,002342.SZ,14.62,11.96,0.10007524454477044,True
2026-01-14,002354.SZ,8.51,6.97,0.09948320413436693,True
2026-01-14,002361.SZ,18.13,14.83,0.10012135922330094,True
2026-01-14,002400.SZ,13.81,11.3,0.09996017522899242,True
2026-01-14,002429.SZ,9.64,7.88,0.10045662100456625,True
2026-01-14,002555.SZ,32.93,26.95,0.09986639946559787,True
2026-01-14,002607.SZ,3.62,2.96,0.10030395136778117,True
2026-01-14,600118.SH,133.67,109.37,0.09998354180381823,True
2026-01-14,600487.SH,26.46,21.65,0.09997921430056127,True
2026-01-14,600588.SH,19.01,15.55,0.10011574074074076,True
2026-01-14,600633.SH,17.79,14.55,0.10018552875695727,True
2026-01-14,601138.SH,65.37,53.49,0.0999495204442201,True
2026-01-14,601318.SH,75.02,61.38,0.09999999999999995,True
2026-01-14,601360.SH,14.48,11.84,0.10030395136778117,True
2026-01-14,601929.SH,4.97,4.07,0.09955752212389375,True
2026-01-14,603000.SH,28.03,22.93,0.10007849293563582,True
2026-01-14,603598.SH,34.51,28.23,0.10009563277016255,True
2026-01-15,000681.SZ,35.11,28.73,0.09993734335839596,True
2026-01-15,002044.SZ,8.97,7.34,0.09993868792152058,True
2026-01-15,002131.SZ,10.92,8.94,0.09969788519637465,True
2026-01-15,002179.SZ,41.89,34.27,0.10005252100840334,True
2026-01-15,002555.SZ,32.53,26.61,0.1001014541765303,True
2026-01-15,002969.SZ,21.24,17.38,0.09994821336095287,True
2026-01-15,600941.SH,108.93,89.13,0.09996970614965167,True
2026-01-15,603000.SH,30.83,25.23,0.09989297181591149,True
2026-01-16,000547.SZ,33.04,27.04,0.09986684420772304,True
2026-01-16,002049.SZ,95.36,78.02,0.10001153535586575,True
2026-01-16,600487.SH,27.4,22.42,0.09995985547972695,True
2026-01-16,600522.SH,19.84,16.24,0.09977827050997787,True
2026-01-19,000021.SZ,32.77,26.81,0.10003356831151401,True
2026-01-19,000981.SZ,5.56,4.55,0.09990108803165182,True
2026-01-19,002049.SZ,94.64,77.44,0.09995350999535102,True
2026-01-19,002156.SZ,51.55,42.17,0.10008536064874088,True
2026-01-19,002179.SZ,40.52,33.16,0.09989142236699249,True
2026-01-19,002202.SZ,29.74,24.34,0.09985207100591714,True
2026-01-19,002414.SZ,19.77,16.17,0.10016694490818025,True
2026-01-19,600143.SH,22.29,18.23,0.10019743336623887,True
2026-01-19,600362.SH,70.52,57.7,0.09998440180939006,True
2026-01-19,600487.SH,28.19,23.07,0.09988294966835741,True
2026-01-19,600519.SH,1520.2,1243.8,0.10000000000000003,True
2026-01-19,600522.SH,20.38,16.68,0.09983810037776576,True
2026-01-19,600549.SH,59.22,48.46,0.09992570579494797,True
2026-01-19,600765.SH,21.07,17.24,0.09997389715478991,True
2026-01-19,600875.SH,27.94,22.86,0.10000000000000005,True
2026-01-19,600879.SH,28.23,23.09,0.10015588464536244,True
2026-01-19,603056.SH,20.55,16.81,0.10010706638115636,True
2026-01-19,603501.SH,143.91,117.75,0.09997706947947718,True
2026-01-19,603626.SH,24.66,20.18,0.09991079393398751,True
2026-01-19,603993.SH,26.68,21.83,0.09997938569367144,True
2026-01-20,000066.SZ,17.85,14.61,0.09981515711645107,True
2026-01-20,000559.SZ,21.36,17.48,0.09989701338825949,True
2026-01-20,000657.SZ,44.29,36.23,0.10009935419771489,True
2026-01-20,001270.SZ,142.2,128.66,0.04998892416746656,False
2026-01-20,002049.SZ,92.95,76.05,0.10000000000000003,True
2026-01-20,002050.SZ,64.42,52.7,0.10006830601092895,True
2026-01-20,002080.SZ,43.43,35.53,0.10005065856129683,True
2026-01-20,002196.SZ,18.18,14.88,0.09981851179673318,True
2026-01-20,002371.SZ,576.26,471.48,0.10000572661156391,True
2026-01-20,002594.SZ,105.81,86.57,0.1000103960910698,True
2026-01-20,600089.SH,33.55,27.45,0.09999999999999996,True
2026-01-20,600118.SH,115.38,94.4,0.10000953379731142,True
2026-01-20,600487.SH,29.79,24.37,0.10007385524372228,True
2026-01-20,600522.SH,21.18,17.33,0.09997403271877439,True
2026-01-20,600879.SH,29.18,23.88,0.0998869204673954,True
2026-01-20,601689.SH,86.43,70.71,0.10003818251240941,True
2026-01-20,603501.SH,141.81,116.03,0.09998448650325782,True
2026-01-20,603650.SH,66.5,54.41,0.09999172938549337,True
2026-01-20,603667.SH,98.12,80.28,0.10000000000000002,True
2026-01-21,000021.SZ,34.64,28.34,0.10003175611305176,True
2026-01-21,001309.SZ,307.93,251.95,0.0999857112238337,True
2026-01-21,002049.SZ,90.26,73.85,0.09999390652611059,True
2026-01-21,002371.SZ,565.62,462.78,0.10000000000000002,True
2026-01-21,002436.SZ,25.85,21.15,0.10000000000000006,True
2026-01-21,002969.SZ,20.81,17.03,0.0998942917547568,True
2026-01-21,600362.SH,66.99,54.81,0.09999999999999994,True
2026-01-21,600487.SH,30.56,25.0,0.10007199424046073,True
2026-01-21,600522.SH,21.12,17.28,0.09999999999999998,True
2026-01-21,600584.SH,54.44,44.54,0.10002020610224287,True
2026-01-21,600877.SH,20.94,17.14,0.09978991596638657,True
2026-01-21,601899.SH,41.04,33.58,0.09997319753417315,True
2026-01-21,603650.SH,70.73,57.87,0.10000000000000006,True
2026-01-21,603986.SH,321.2,262.8,0.09999999999999996,True
2026-01-22,000021.SZ,35.9,29.38,0.09987745098039215,True
2026-01-22,002049.SZ,95.0,77.72,0.10004631773969432,True
2026-01-22,002969.SZ,21.35,17.47,0.09994848016486353,True
2026-01-22,600487.SH,30.77,25.17,0.10010725777618874,True
2026-01-22,600522.SH,21.12,17.28,0.09999999999999998,True
2026-01-22,600667.SH,10.87,8.89,0.10020242914979752,True
2026-01-23,000670.SZ,11.32,9.26,0.10009718172983482,True
2026-01-23,000977.SZ,71.6,58.58,0.10001536334306342,True
2026-01-23,002049.SZ,93.52,76.52,0.09997647612326512,True
2026-01-23,002131.SZ,9.26,7.58,0.09976247030878858,True
2026-01-23,002716.SZ,16.5,13.5,0.1,True
2026-01-23,002931.SZ,99.53,81.43,0.10002210433244912,True
2026-01-23,600522.SH,20.77,16.99,0.10010593220338987,True
2026-01-26,000060.SZ,8.57,7.01,0.10012836970474971,True
2026-01-26,000977.SZ,71.37,58.39,0.10003082614056724,True
2026-01-26,000988.SZ,86.05,70.41,0.09996165154032981,True
2026-01-26,002049.SZ,96.71,79.13,0.09997725204731575,True
2026-01-26,002074.SZ,45.66,37.36,0.09997590941941698,True
2026-01-26,002131.SZ,9.24,7.56,0.10000000000000003,True
2026-01-26,002241.SZ,32.25,26.39,0.09993178717598908,True
2026-01-26,002281.SZ,78.38,64.13,0.09999298294856503,True
2026-01-26,002371.SZ,561.41,459.33,0.10000587808844562,True
2026-01-26,002558.SZ,54.79,44.83,0.09997992371009838,True
2026-01-26,002602.SZ,21.47,17.57,0.09989754098360652,True
2026-01-26,002716.SZ,18.08,14.8,0.09975669099756684,True
2026-01-26,002865.SZ,109.38,89.5,0.09995977473853578,True
2026-01-26,601088.SH,44.0,36.0,0.1,True
2026-01-26,601212.SH,11.41,9.33,0.10028929604628736,True
2026-01-27,000977.SZ,72.42,59.26,0.09993924665856624,True
2026-01-27,000988.SZ,85.51,69.97,0.09994854643684078,True
2026-01-27,001337.SZ,60.78,49.73,0.09999095104515433,True
2026-01-27,002049.SZ,92.72,75.86,0.10001186380353543,True
2026-01-27,002131.SZ,8.8,7.2,0.10000000000000003,True
2026-01-27,002241.SZ,31.04,25.4,0.09992912827781716,True
2026-01-27,002475.SZ,59.5,48.68,0.10001848770567572,True
2026-01-27,002716.SZ,19.89,16.27,0.10011061946902658,True
2026-01-27,600489.SH,36.3,29.7,0.09999999999999996,True
2026-01-27,601069.SH,41.53,33.98,0.09998675672096417,True
2026-01-27,601212.SH,12.55,10.27,0.09991235758106928,True
2026-01-27,601615.SH,26.2,21.44,0.09991603694374471,True
2026-01-28,000060.SZ,8.58,7.02,0.10000000000000003,True
2026-01-28,000725.SZ,5.02,4.1,0.10087719298245613,True
2026-01-28,000960.SZ,48.82,39.94,0.10004506534474993,True
2026-01-28,000988.SZ,86.01,70.37,0.1000127893592531,True
2026-01-28,002049.SZ,94.38,77.22,0.09999999999999998,True
2026-01-28,002131.SZ,9.35,7.65,0.09999999999999996,True
2026-01-28,002241.SZ,30.8,25.2,0.10000000000000002,True
2026-01-28,002475.SZ,59.09,48.35,0.09996276991809384,True
2026-01-28,002716.SZ,19.4,15.88,0.09977324263038542,True
2026-01-28,600028.SH,7.01,5.73,0.10047095761381471,True
2026-01-28,600489.SH,37.71,30.85,0.10005834305717619,True
2026-01-28,601088.SH,44.72,36.59,0.0999877013897429,True
2026-01-28,601212.SH,13.81,11.3,0.09996017522899242,True
2026-01-28,601615.SH,27.72,22.68,0.09999999999999999,True
2026-01-28,601689.SH,82.89,67.82,0.09999336474022964,True
2026-01-28,603019.SH,102.06,83.5,0.10002155636990732,True
2026-01-28,603501.SH,137.35,112.37,0.10003203588018576,True
2026-01-28,603993.SH,26.93,22.03,0.10008169934640519,True
2026-01-29,000060.SZ,9.44,7.72,0.10023310023310021,True
2026-01-29,000100.SZ,5.57,4.55,0.10079051383399214,True
2026-01-29,000333.SZ,82.87,67.81,0.09994690735333157,True
2026-01-29,000603.SZ,74.01,60.55,0.10002972651605238,True
2026-01-29,000725.SZ,4.98,4.08,0.0993377483443709,True
2026-01-29,000975.SZ,42.56,34.82,0.10002584647195661,True
2026-01-29,000977.SZ,71.36,58.38,0.10004624633883148,True
2026-01-29,000988.SZ,86.24,70.56,0.09999999999999995,True
2026-01-29,001337.SZ,73.55,60.17,0.10005982650314085,True
2026-01-29,002049.SZ,96.7,79.12,0.09998862472983733,True
2026-01-29,002131.SZ,9.65,7.89,0.10034207525655649,True
2026-01-29,002237.SZ,23.56,19.28,0.09990662931839396,True
2026-01-29,002371.SZ,552.2,451.8,0.10000000000000003,True
2026-01-29,002475.SZ,58.61,47.95,0.10003753753753751,True
2026-01-29,002716.SZ,21.34,17.46,0.09999999999999998,True
2026-01-29,600028.SH,7.04,5.76,0.10000000000000002,True
2026-01-29,600089.SH,30.87,25.25,0.10014255167498219,True
2026-01-29,600150.SH,38.16,31.22,0.10002882675122511,True
2026-01-29,600170.SH,3.5,2.86,0.1006289308176101,True
2026-01-29,600362.SH,70.75,57.89,0.09996890547263682,True
2026-01-29,600490.SH,12.3,10.06,0.10017889087656531,True
2026-01-29,600547.SH,65.63,53.69,0.10006704659738518,True
2026-01-29,600711.SH,20.09,16.43,0.10021905805038336,True
2026-01-29,600988.SH,51.55,42.17,0.10008536064874088,True
2026-01-29,601127.SH,119.2,97.52,0.10003691399040239,True
2026-01-29,601138.SH,66.76,54.62,0.100016477179107,True
2026-01-29,601168.SH,41.77,34.17,0.10007900974453518,True
2026-01-29,601212.SH,15.19,12.43,0.0999275887038378,True
2026-01-29,601615.SH,27.37,22.39,0.10008038585209003,True
2026-01-29,603019.SH,100.72,82.4,0.10004368719965047,True
2026-01-29,603501.SH,140.89,115.27,0.10001561524047468,True
2026-01-29,603893.SH,221.66,181.36,0.09999503746712318,True
2026-01-30,000066.SZ,18.06,14.78,0.09987819732034103,True
2026-01-30,000100.SZ,5.43,4.45,0.09919028340080968,True
2026-01-30,000333.SZ,85.67,70.09,0.1000256805341551,True
2026-01-30,000725.SZ,4.9,4.01,0.09988776655443328,True
2026-01-30,000807.SZ,40.7,33.3,0.10000000000000007,True
2026-01-30,000988.SZ,82.75,67.71,0.09996012229163903,True
2026-01-30,002049.SZ,92.69,75.83,0.1000474721101353,True
2026-01-30,002131.SZ,10.53,8.61,0.10031347962382445,True
2026-01-30,002155.SZ,37.0,30.28,0.09988109393579071,True
2026-01-30,002281.SZ,76.99,62.99,0.10001428775539359,True
2026-01-30,002340.SZ,10.27,8.41,0.0995717344753747,True
2026-01-30,002371.SZ,522.91,427.83,0.10000631087363526,True
2026-01-30,002415.SZ,35.42,28.98,0.1,True
2026-01-30,002460.SZ,81.15,66.39,0.1000406669377796,True
2026-01-30,002475.SZ,57.08,46.7,0.10001927153594137,True
2026-01-30,002594.SZ,101.54,83.08,0.09998916693749327,True
2026-01-30,002716.SZ,23.27,19.04,0.09997636492554952,True
2026-01-30,600150.SH,38.03,31.11,0.10008678044547298,True
2026-01-30,600406.SH,27.63,22.61,0.0999203821656051,True
2026-01-30,600499.SH,17.89,14.63,0.10024600246002459,True
2026-01-30,600519.SH,1581.49,1293.95,0.09999860890854963,True
2026-01-30,600711.SH,19.66,16.08,0.10016787912702861,True
2026-01-30,600809.SH,195.16,159.68,0.09998872731371883,True
2026-01-30,601012.SH,20.65,16.89,0.10015982951518375,True
2026-01-30,601360.SH,13.79,11.29,0.09968102073365231,True
2026-01-30,601615.SH,26.15,21.39,0.10012620950778288,True
2026-01-30,601857.SH,11.98,9.8,0.10009182736455462,True
2026-01-30,601899.SH,47.8,39.11,0.09998849384420663,True
2026-01-30,603019.SH,98.57,80.65,0.09998884053119064,True
2026-01-30,603799.SH,86.46,70.74,0.1,True
2026-01-30,603893.SH,210.44,172.18,0.09999477288171028,True
2026-02-02,000725.SZ,4.81,3.93,0.10068649885583518,True
2026-02-02,002049.SZ,92.52,75.7,0.09998811080727614,True
2026-02-02,002436.SZ,25.95,21.23,0.10004239084357776,True
2026-02-03,600406.SH,28.03,22.93,0.10007849293563582,True
2026-02-03,601615.SH,26.25,21.47,0.10016764459346189,True
2026-02-04,002049.SZ,89.42,73.16,0.10001230163611764,True
2026-02-04,601615.SH,28.25,23.11,0.1000778816199377,True
2026-03-02,001896.SZ,14.67,12.01,0.09970014992503749,True
2026-03-02,002353.SZ,129.0,105.54,0.1000255819902788,True
2026-03-02,600522.SH,32.05,26.23,0.09986273164035683,True
2026-03-02,601869.SH,254.44,208.18,0.09999567679737147,True
2026-03-03,002155.SZ,45.62,37.32,0.10007234145165177,True
2026-03-03,002491.SZ,12.23,10.01,0.0998201438848921,True
2026-03-03,600487.SH,54.56,44.64,0.10000000000000002,True
2026-03-03,600583.SH,8.72,7.14,0.09962168978562427,True
2026-03-03,600938.SH,43.41,35.51,0.10010136847440446,True
2026-03-03,601869.SH,266.66,218.18,0.09999174985562251,True
2026-03-03,603618.SH,20.16,16.5,0.09983633387888709,True
2026-03-04,000554.SZ,11.94,9.77,0.09995393827729156,True
2026-03-04,000725.SZ,4.75,3.89,0.09953703703703702,True
2026-03-04,001896.SZ,14.61,11.95,0.10015060240963856,True
2026-03-04,002230.SZ,57.37,46.94,0.09999041319144857,True
2026-03-04,002440.SZ,14.77,12.09,0.09977661950856291,True
2026-03-04,002475.SZ,52.13,42.65,0.10002110149820641,True
2026-03-04,002491.SZ,13.45,11.01,0.0997547015535568,True
2026-03-04,600030.SH,29.48,24.12,0.09999999999999999,True
2026-03-04,600487.SH,52.27,42.77,0.09995791245791245,True
2026-03-04,600722.SH,12.49,10.22,0.09995596653456625,True
2026-03-04,600871.SH,4.27,3.49,0.1005154639175257,True
2026-03-04,600875.SH,38.7,31.66,0.10005685048322914,True
2026-03-04,601138.SH,60.37,49.39,0.10003644314868802,True
2026-03-04,601869.SH,259.6,212.4,0.10000000000000003,True
2026-03-04,603019.SH,91.61,74.95,0.10002401536983667,True
2026-03-04,603618.SH,20.59,16.85,0.09989316239316236,True
2026-03-04,603619.SH,48.39,39.59,0.10002273243919069,True
2026-03-05,001896.SZ,15.69,12.83,0.10028050490883589,True
2026-03-05,600487.SH,53.22,43.54,0.10004133939644481,True
2026-03-05,601869.SH,251.1,205.44,0.1000131423314496,True
2026-03-05,603618.SH,22.65,18.53,0.10004856726566289,True
2026-03-06,001896.SZ,15.88,13.0,0.09972299168975071,True
2026-03-06,600487.SH,55.99,45.81,0.09999999999999999,True
2026-03-06,603618.SH,22.9,18.74,0.09990393852065323,True
2026-03-09,001896.SZ,17.47,14.29,0.10012594458438287,True
2026-03-09,603618.SH,21.09,17.25,0.1001564945226917,True
2026-03-10,001896.SZ,17.55,14.36,0.09996866186148547,True
2026-03-11,001896.SZ,17.39,14.23,0.09993674889310564,True
2026-03-12,001896.SZ,18.25,14.93,0.10006027727546715,True
2026-03-12,600438.SH,20.48,16.76,0.0998925886143931,True
2026-03-13,001896.SZ,18.88,15.44,0.10023310023310021,True
2026-03-18,000890.SZ,14.76,12.08,0.0998509687034277,True
2026-03-18,000988.SZ,122.23,100.01,0.0999820014398848,True
2026-03-18,001267.SZ,44.35,36.29,0.09995039682539686,True
2026-03-19,000063.SZ,39.88,32.63,0.09998620879878636,True
2026-03-19,000333.SZ,84.77,69.35,0.10005190760446406,True
2026-03-19,000426.SZ,48.53,39.71,0.0999546690843155,True
2026-03-19,000630.SZ,7.15,5.85,0.10000000000000006,True
2026-03-19,000657.SZ,59.88,49.0,0.09992652461425425,True
2026-03-19,000878.SZ,22.53,18.43,0.10009765625000003,True
2026-03-19,000988.SZ,126.26,103.3,0.10001742463843878,True
2026-03-19,001896.SZ,15.64,12.8,0.09985935302390998,True
2026-03-19,002015.SZ,22.41,18.33,0.10014727540500742,True
2026-03-19,002050.SZ,51.05,41.77,0.09997845291962933,True
2026-03-19,002149.SZ,49.86,40.8,0.09993381866313703,True
2026-03-19,002155.SZ,34.64,28.34,0.10003175611305176,True
2026-03-19,002230.SZ,56.74,46.42,0.1000387747188833,True
2026-03-19,002384.SZ,118.12,96.64,0.10001862544235428,True
2026-03-19,002407.SZ,30.02,24.56,0.10003664345914257,True
2026-03-19,002493.SZ,14.04,11.48,0.1003134796238244,True
2026-03-19,002498.SZ,10.23,8.37,0.10000000000000006,True
2026-03-19,002558.SZ,38.34,31.37,0.09998565485583133,True
2026-03-19,002709.SZ,48.76,39.9,0.09993232573877735,True
2026-03-19,002716.SZ,14.41,11.79,0.10000000000000005,True
2026-03-19,600010.SH,3.03,2.48,0.09981851179673318,True
2026-03-19,600096.SH,42.59,34.85,0.09994834710743805,True
2026-03-19,600141.SH,38.17,31.23,0.1,True
2026-03-19,600183.SH,69.85,57.15,0.09999999999999996,True
2026-03-19,600219.SH,7.22,5.9,0.10060975609756093,True
2026-03-19,600309.SH,88.73,72.59,0.10004959087527895,True
2026-03-19,600406.SH,31.05,25.41,0.09989373007438895,True
2026-03-19,600489.SH,31.86,26.06,0.10013812154696133,True
2026-03-19,600498.SH,52.42,42.89,0.09998950792151927,True
2026-03-19,600547.SH,48.1,39.36,0.09993139721015323,True
2026-03-19,600549.SH,65.69,53.75,0.09996651038178163,True
2026-03-19,600711.SH,13.97,11.43,0.10000000000000005,True
2026-03-19,601016.SH,4.84,3.96,0.09999999999999998,True
2026-03-19,601168.SH,30.29,24.79,0.09985475671750182,True
2026-03-19,601233.SH,20.85,17.06,0.09997362173568987,True
2026-03-19,601318.SH,68.08,55.7,0.1000161576991436,True
2026-03-19,601600.SH,13.9,11.38,0.09968354430379744,True
2026-03-19,601615.SH,22.57,18.47,0.09990253411306046,True
2026-03-19,601669.SH,6.74,5.52,0.09951060358890707,True
2026-03-19,603993.SH,21.35,17.47,0.09994848016486353,True
2026-03-20,000338.SZ,26.18,21.42,0.09999999999999995,True
2026-03-20,000426.SZ,44.36,36.3,0.09992561368708161,True
2026-03-20,000592.SZ,11.4,9.32,0.1003861003861004,True
2026-03-20,000630.SZ,6.69,5.47,0.1003289473684211,True
2026-03-20,000657.SZ,56.53,46.25,0.1000194590387235,True
2026-03-20,000988.SZ,131.99,107.99,0.10000833402783571,True
2026-03-20,001896.SZ,16.39,13.41,0.1,True
2026-03-20,002015.SZ,22.18,18.14,0.10019841269841268,True
2026-03-20,002050.SZ,49.48,40.48,0.10004446420631392,True
2026-03-20,002131.SZ,8.46,6.92,0.10013003901170357,True
2026-03-20,002156.SZ,50.55,41.36,0.09998911979109996,True
2026-03-20,002230.SZ,55.4,45.32,0.1000794281175536,True
2026-03-20,002407.SZ,28.23,23.09,0.10015588464536244,True
2026-03-20,002716.SZ,13.48,11.03,0.09995920032639743,True
2026-03-20,002738.SZ,75.69,61.93,0.09998546722860048,True
2026-03-20,600010.SH,2.87,2.35,0.09961685823754789,True
2026-03-20,600111.SH,51.28,41.96,0.09995709995709995,True
2026-03-20,600176.SH,25.8,21.11,0.09997868258367089,True
2026-03-20,600309.SH,86.27,70.59,0.09996174933061323,True
2026-03-20,600396.SH,6.26,5.12,0.10017574692442881,True
2026-03-20,600406.SH,30.59,25.03,0.09996404171161449,True
2026-03-20,600487.SH,47.42,38.8,0.09997680352586412,True
2026-03-20,600489.SH,29.37,24.03,0.09999999999999999,True
2026-03-20,600498.SH,50.53,41.35,0.0999129299085764,True
2026-03-20,600522.SH,28.49,23.31,0.1,True
2026-03-20,600549.SH,60.85,49.79,0.09996384671005064,True
2026-03-20,600589.SH,12.72,10.4,0.10034602076124569,True
2026-03-20,600711.SH,13.09,10.71,0.09999999999999995,True
2026-03-20,600726.SH,5.52,4.52,0.09960159362549802,True
2026-03-20,600759.SH,7.9,6.46,0.10027855153203345,True
2026-03-20,600821.SH,12.22,10.0,0.09990999099909995,True
2026-03-20,600875.SH,42.35,34.65,0.10000000000000003,True
2026-03-20,600879.SH,24.6,20.12,0.10017889087656531,True
2026-03-20,601231.SH,39.47,32.29,0.1000557413600892,True
2026-03-20,601233.SH,18.98,15.53,0.09997102289191542,True
2026-03-20,601600.SH,13.01,10.65,0.0997464074387151,True
2026-03-20,601669.SH,6.61,5.41,0.09983361064891849,True
2026-03-20,601899.SH,35.55,29.09,0.09993811881188115,True
2026-03-20,603799.SH,62.16,50.86,0.09998230401698813,True
2026-03-20,603881.SH,43.54,35.62,0.10005053057099547,True
2026-03-23,000100.SZ,4.87,3.99,0.09932279909706546,True
2026-03-23,000338.SZ,25.7,21.02,0.10017123287671233,True
2026-03-23,000426.SZ,43.31,35.43,0.10007620015240033,True
2026-03-23,000630.SZ,6.56,5.36,0.10067114093959725,True
2026-03-23,000657.SZ,55.1,45.08,0.1000199640646836,True
2026-03-23,000831.SZ,51.17,41.87,0.0999570077386071,True
2026-03-23,000933.SZ,34.11,27.91,0.09996775233795549,True
2026-03-23,000975.SZ,31.77,25.99,0.10006925207756236,True
2026-03-23,002131.SZ,8.06,6.6,0.09959072305593457,True
2026-03-23,002155.SZ,32.34,26.46,0.10000000000000003,True
2026-03-23,002195.SZ,10.29,8.42,0.09994655264564399,True
2026-03-23,002230.SZ,53.97,44.15,0.10008153281695882,True
2026-03-23,002353.SZ,105.78,86.54,0.10004159733777036,True
2026-03-23,002378.SZ,37.1,30.36,0.09991105840498074,True
2026-03-23,002532.SZ,16.95,13.87,0.099935107073329,True
2026-03-23,002716.SZ,13.46,11.02,0.09967320261437913,True
2026-03-23,002738.SZ,74.58,61.02,0.09999999999999996,True
2026-03-23,600010.SH,2.79,2.29,0.09842519685039369,True
2026-03-23,600111.SH,50.6,41.4,0.10000000000000003,True
2026-03-23,600150.SH,36.47,29.84,0.09998491931835317,True
2026-03-23,600309.SH,84.7,69.3,0.10000000000000003,True
2026-03-23,600331.SH,16.9,13.82,0.10026041666666662,True
2026-03-23,600362.SH,49.5,40.5,0.1,True
2026-03-23,600392.SH,24.48,20.03,0.09997753313862051,True
2026-03-23,600418.SH,51.59,42.21,0.10000000000000002,True
2026-03-23,600489.SH,28.69,23.47,0.10007668711656446,True
2026-03-23,600498.SH,48.69,39.83,0.10009037505648441,True
2026-03-23,600547.SH,43.66,35.72,0.10002519526329048,True
2026-03-23,600549.SH,59.75,48.89,0.09996318114874815,True
2026-03-23,600584.SH,46.23,37.83,0.09992862241256244,True
2026-03-23,600711.SH,12.66,10.36,0.09991311902693313,True
2026-03-23,600759.SH,7.36,6.02,0.10014947683109124,True
2026-03-23,600875.SH,40.59,33.21,0.10000000000000002,True
2026-03-23,600879.SH,23.77,19.45,0.09995372512725591,True
2026-03-23,600893.SH,54.38,44.5,0.09991909385113272,True
2026-03-23,601100.SH,109.64,89.7,0.10003009932778166,True
2026-03-23,601600.SH,12.68,10.38,0.09973980919340844,True
2026-03-23,601899.SH,34.82,28.49,0.09998420470699734,True
2026-03-23,603799.SH,63.15,51.67,0.09998258143180629,True
2026-03-23,603993.SH,19.31,15.8,0.09997151808601533,True
2026-03-24,000063.SZ,35.26,28.85,0.09998440180939006,True
2026-03-24,000338.SZ,24.79,20.29,0.09982253771073647,True
2026-03-24,000426.SZ,39.7,32.48,0.10002770850651158,True
2026-03-24,000533.SZ,17.96,14.7,0.09981628903857936,True
2026-03-24,000630.SZ,6.15,5.03,0.10017889087656531,True
2026-03-24,000933.SZ,32.98,26.98,0.10006671114076046,True
2026-03-24,002050.SZ,47.3,38.7,0.09999999999999994,True
2026-03-24,002131.SZ,7.89,6.45,0.10041841004184097,True
2026-03-24,002149.SZ,46.3,37.88,0.10002375861249696,True
2026-03-24,002155.SZ,30.03,24.57,0.10000000000000002,True
2026-03-24,002156.SZ,45.74,37.42,0.10004810004810005,True
2026-03-24,002230.SZ,51.1,41.81,0.09998923689592078,True
2026-03-24,002335.SZ,64.6,52.86,0.09994891878086153,True
2026-03-24,002353.SZ,103.18,84.42,0.10000000000000002,True
2026-03-24,002716.SZ,12.24,10.02,0.09973045822102429,True
2026-03-24,002738.SZ,70.71,57.85,0.10003111387678898,True
2026-03-24,600010.SH,2.72,2.22,0.10121457489878542,True
2026-03-24,600096.SH,40.36,33.02,0.10002725538293808,True
2026-03-24,600111.SH,49.74,40.7,0.09995577178239716,True
2026-03-24,600118.SH,85.53,69.98,0.09999356954536684,True
2026-03-24,600150.SH,34.24,28.02,0.09990362993896566,True
2026-03-24,600183.SH,61.44,50.27,0.09999104824993281,True
2026-03-24,600309.SH,82.51,67.51,0.09998666844420744,True
2026-03-24,600362.SH,46.7,38.21,0.09998822282416679,True
2026-03-24,600396.SH,7.58,6.2,0.10014513788098692,True
2026-03-24,600406.SH,29.8,24.38,0.10003691399040239,True
2026-03-24,600489.SH,26.3,21.52,0.09995817649519032,True
2026-03-24,600547.SH,40.74,33.34,0.09989200863930882,True
2026-03-24,600703.SH,16.38,13.4,0.10006715916722628,True
2026-03-24,600711.SH,11.77,9.63,0.09999999999999995,True
2026-03-24,600875.SH,39.18,32.06,0.09994385176866924,True
2026-03-24,600879.SH,23.08,18.88,0.10009532888465204,True
2026-03-24,600893.SH,51.46,42.1,0.10004275331338178,True
2026-03-24,601100.SH,101.11,82.73,0.09997824194952129,True
2026-03-24,601600.SH,12.16,9.95,0.09995477159656269,True
2026-03-24,601615.SH,21.65,17.71,0.1001016260162601,True
2026-03-24,601669.SH,6.39,5.23,0.099827882960413,True
2026-03-24,601899.SH,33.64,27.52,0.10006540222367563,True
2026-03-24,603799.SH,61.19,50.07,0.09994607226316735,True
2026-03-24,603993.SH,18.14,14.84,0.10006064281382657,True
2026-03-25,000338.SZ,26.08,21.34,0.09995782370307883,True
2026-03-25,000426.SZ,42.08,34.43,0.09998692981309631,True
2026-03-25,000533.SZ,18.77,15.35,0.10023446658851114,True
2026-03-25,000630.SZ,6.39,5.23,0.099827882960413,True
2026-03-25,000657.SZ,54.71,44.77,0.09991958182549253,True
2026-03-25,000831.SZ,51.16,41.86,0.09997849924747364,True
2026-03-25,000960.SZ,34.44,28.18,0.09996806132226123,True
2026-03-25,001267.SZ,44.21,36.17,0.10002488181139586,True
2026-03-25,002015.SZ,21.78,17.82,0.10000000000000002,True
2026-03-25,002131.SZ,8.16,6.68,0.09973045822102429,True
2026-03-25,002156.SZ,46.29,37.87,0.1000475285171103,True
2026-03-25,002195.SZ,10.1,8.26,0.10021786492374728,True
2026-03-25,002202.SZ,30.34,24.82,0.10007251631617113,True
2026-03-25,002378.SZ,35.85,29.33,0.10003068425897518,True
2026-03-25,002716.SZ,12.8,10.48,0.09965635738831616,True
2026-03-25,002738.SZ,69.04,56.48,0.10006373486297011,True
2026-03-25,600010.SH,2.76,2.26,0.09960159362549802,True
2026-03-25,600096.SH,37.96,31.06,0.09997102289191542,True
2026-03-25,600105.SH,27.73,22.69,0.09996033320111065,True
2026-03-25,600111.SH,50.09,40.99,0.09991216512955643,True
2026-03-25,600118.SH,86.2,70.52,0.10005104645227161,True
2026-03-25,600150.SH,34.74,28.42,0.10006333122229259,True
2026-03-25,600183.SH,62.57,51.19,0.10003516174402254,True
2026-03-25,600330.SH,17.67,14.45,0.10024906600249073,True
2026-03-25,600362.SH,48.1,39.36,0.09993139721015323,True
2026-03-25,600406.SH,29.68,24.28,0.10007412898443288,True
2026-03-25,600489.SH,27.09,22.17,0.099878197320341,True
2026-03-25,600498.SH,48.4,39.6,0.09999999999999996,True
2026-03-25,600547.SH,42.54,34.8,0.100077579519007,True
2026-03-25,600703.SH,15.24,12.47,0.09996391194514614,True
2026-03-25,600711.SH,12.62,10.32,0.10026155187445507,True
2026-03-25,600726.SH,6.15,5.03,0.10017889087656531,True
2026-03-25,600759.SH,7.08,5.8,0.09937888198757766,True
2026-03-25,600875.SH,40.84,33.42,0.09991920280096958,True
2026-03-25,600879.SH,23.23,19.01,0.099905303030303,True
2026-03-25,601600.SH,12.43,10.17,0.09999999999999998,True
2026-03-25,601669.SH,6.55,5.36,0.09991603694374471,True
2026-03-25,601689.SH,62.78,51.36,0.10005256702295429,True
2026-03-25,603799.SH,61.97,50.71,0.099929002484913,True
2026-03-25,603993.SH,19.11,15.63,0.10017271157167526,True
2026-03-26,000021.SZ,32.37,26.49,0.09989806320081548,True
2026-03-26,000063.SZ,36.8,30.11,0.09998505455088923,True
2026-03-26,000070.SZ,17.45,14.27,0.10025220680958385,True
2026-03-26,000338.SZ,26.97,22.07,0.09991843393148447,True
2026-03-26,000426.SZ,44.17,36.14,0.0999875482505292,True
2026-03-26,000533.SZ,18.98,15.53,0.09997102289191542,True
2026-03-26,000657.SZ,54.51,44.6,0.09998991020078697,True
2026-03-26,002015.SZ,22.02,18.02,0.0999000999000999,True
2026-03-26,002131.SZ,8.48,6.94,0.09987029831387807,True
2026-03-26,002195.SZ,10.13,8.29,0.09989142236699249,True
2026-03-26,002342.SZ,13.21,10.81,0.09991673605328892,True
2026-03-26,002378.SZ,35.34,28.92,0.09990662931839404,True
2026-03-26,002455.SZ,13.72,11.22,0.10024057738572574,True
2026-03-26,002716.SZ,13.34,10.92,0.09975267930750206,True
2026-03-26,002738.SZ,70.75,57.89,0.09996890547263682,True
2026-03-26,600010.SH,2.84,2.32,0.10077519379844961,True
2026-03-26,600096.SH,37.99,31.09,0.09988419224088017,True
2026-03-26,600105.SH,28.88,23.63,0.09998095600837936,True
2026-03-26,600111.SH,52.6,43.04,0.09995817649519032,True
2026-03-26,600118.SH,87.6,71.68,0.09994977398292308,True
2026-03-26,600150.SH,35.04,28.67,0.09998430387694235,True
2026-03-26,600183.SH,63.58,52.02,0.09999999999999996,True
2026-03-26,600396.SH,9.17,7.51,0.09952038369304557,True
2026-03-26,600406.SH,30.27,24.77,0.09992732558139535,True
2026-03-26,600410.SH,28.16,23.04,0.10000000000000002,True
2026-03-26,600489.SH,28.07,22.97,0.09992163009404392,True
2026-03-26,600547.SH,43.52,35.6,0.1001011122345804,True
2026-03-26,600667.SH,11.53,9.43,0.10019083969465646,True
2026-03-26,600703.SH,15.36,12.56,0.10028653295128935,True
2026-03-26,600726.SH,6.77,5.54,0.09991876523151906,True
2026-03-26,600759.SH,6.7,5.48,0.10016420361247946,True
2026-03-26,600879.SH,23.54,19.26,0.09999999999999995,True
2026-03-26,600893.SH,54.54,44.62,0.10004033884630902,True
2026-03-26,601168.SH,29.06,23.78,0.09992429977289927,True
2026-03-26,601600.SH,12.66,10.36,0.09991311902693313,True
2026-03-26,601615.SH,21.18,17.33,0.09997403271877439,True
2026-03-26,601669.SH,6.74,5.52,0.09951060358890707,True
2026-03-26,601899.SH,36.56,29.92,0.09987966305655836,True
2026-03-26,603799.SH,64.94,53.14,0.0999322493224932,True
2026-03-26,603993.SH,19.68,16.1,0.10005589714924534,True
2026-03-27,000021.SZ,30.65,25.07,0.10014357501794685,True
2026-03-27,000426.SZ,43.01,35.19,0.10000000000000002,True
2026-03-27,000533.SZ,17.08,13.98,0.09980682549903407,True
2026-03-27,000657.SZ,51.82,42.4,0.09997877308427087,True
2026-03-27,000831.SZ,51.03,41.75,0.10002155636990732,True
2026-03-27,000960.SZ,34.21,27.99,0.10000000000000003,True
2026-03-27,002015.SZ,20.47,16.75,0.09994626544868347,True
2026-03-27,002155.SZ,30.94,25.32,0.09989335229292572,True
2026-03-27,002342.SZ,13.45,11.01,0.0997547015535568,True
2026-03-27,002378.SZ,33.65,27.53,0.1000326904217064,True
2026-03-27,002716.SZ,12.83,10.49,0.10034305317324184,True
2026-03-27,002738.SZ,75.04,61.4,0.0999706830841396,True
2026-03-27,002837.SZ,105.06,85.96,0.09998952989215794,True
2026-03-27,600010.SH,2.75,2.25,0.1,True
2026-03-27,600096.SH,37.37,30.57,0.10008831321754486,True
2026-03-27,600105.SH,27.93,22.85,0.1000393855848759,True
2026-03-27,600118.SH,86.56,70.82,0.10001270809505661,True
2026-03-27,600150.SH,33.74,27.6,0.10009781545484187,True
2026-03-27,600183.SH,60.95,49.87,0.09998195271611628,True
2026-03-27,600309.SH,87.15,71.31,0.09996213555471414,True
2026-03-27,600362.SH,48.63,39.79,0.09997738068310341,True
2026-03-27,600396.SH,9.77,7.99,0.1002252252252252,True
2026-03-27,600406.SH,29.69,24.29,0.1000370507595406,True
2026-03-27,600410.SH,27.03,22.11,0.10012210012210015,True
2026-03-27,600489.SH,27.54,22.54,0.09984025559105432,True
2026-03-27,600498.SH,49.96,40.88,0.09995596653456625,True
2026-03-27,600547.SH,41.83,34.23,0.09992111490928215,True
2026-03-27,600549.SH,63.26,51.76,0.09998261171970092,True
2026-03-27,600667.SH,10.75,8.79,0.1003070624360287,True
2026-03-27,600703.SH,14.2,11.62,0.09992254066615028,True
2026-03-27,600711.SH,13.27,10.85,0.10033167495854063,True
2026-03-27,600726.SH,7.45,6.09,0.10044313146233386,True
2026-03-27,600875.SH,40.36,33.02,0.10002725538293808,True
2026-03-27,600879.SH,23.44,19.18,0.09995307367433133,True
2026-03-27,601600.SH,12.44,10.18,0.09991158267020336,True
2026-03-27,601615.SH,19.07,15.61,0.09976931949250291,True
2026-03-27,601669.SH,6.55,5.36,0.09991603694374471,True
2026-03-27,601899.SH,35.3,28.88,0.10003116235587409,True
2026-03-27,603799.SH,63.99,52.35,0.1000515729757607,True
2026-03-27,603993.SH,19.24,15.74,0.1000571755288736,True
2026-03-30,000021.SZ,30.24,24.74,0.1000363768643143,True
2026-03-30,000070.SZ,17.25,14.11,0.10012755102040818,True
2026-03-30,000426.SZ,44.09,36.07,0.10004990019960085,True
2026-03-30,000657.SZ,53.48,43.76,0.09995886466474702,True
2026-03-30,000960.SZ,35.75,29.25,0.1,True
2026-03-30,000988.SZ,120.45,98.55,0.10000000000000002,True
2026-03-30,002015.SZ,19.54,15.98,0.1002252252252252,True
2026-03-30,002056.SZ,23.57,19.29,0.09986000933271118,True
2026-03-30,002131.SZ,8.51,6.97,0.09948320413436693,True
2026-03-30,002155.SZ,32.18,26.33,0.09998290890446081,True
2026-03-30,002272.SZ,19.43,15.89,0.10022650056625139,True
2026-03-30,002342.SZ,13.61,11.13,0.10024252223120446,True
2026-03-30,002353.SZ,108.02,88.38,0.10000000000000002,True
2026-03-30,002378.SZ,35.68,29.2,0.09987669543773121,True
2026-03-30,002413.SZ,14.0,11.46,0.09976433621366847,True
2026-03-30,002716.SZ,12.98,10.62,0.10000000000000005,True
2026-03-30,002738.SZ,80.32,65.72,0.0999726102437688,True
2026-03-30,002792.SZ,44.66,36.54,0.09999999999999998,True
2026-03-30,002837.SZ,102.44,83.82,0.09996778696445831,True
2026-03-30,002842.SZ,36.44,29.82,0.09990944763054631,True
2026-03-30,600010.SH,2.81,2.3,0.09980430528375739,True
2026-03-30,600096.SH,38.26,31.3,0.10005750431282343,True
2026-03-30,600150.SH,33.92,27.76,0.09987029831387807,True
2026-03-30,600330.SH,18.48,15.12,0.10000000000000003,True
2026-03-30,600406.SH,29.84,24.42,0.09988942130482856,True
2026-03-30,600410.SH,27.28,22.32,0.10000000000000002,True
2026-03-30,600498.SH,50.58,41.38,0.10004349717268372,True
2026-03-30,600547.SH,42.44,34.72,0.10005184033177811,True
2026-03-30,600549.SH,64.61,52.87,0.09993190330268985,True
2026-03-30,600690.SH,24.45,20.01,0.09986504723346823,True
2026-03-30,600703.SH,13.82,11.3,0.1003184713375796,True
2026-03-30,600744.SH,9.24,7.56,0.10000000000000003,True
2026-03-30,600759.SH,6.79,5.55,0.10048622366288494,True
2026-03-30,600875.SH,39.75,32.53,0.09988931931377973,True
2026-03-30,601606.SH,47.11,38.55,0.09992995563857113,True
2026-03-30,601669.SH,6.52,5.34,0.09949409780775714,True
2026-03-30,601868.SH,3.41,2.79,0.10000000000000002,True
2026-03-30,601899.SH,35.72,29.22,0.10009239297813366,True
2026-03-30,603799.SH,65.89,53.91,0.10000000000000003,True
2026-03-30,603986.SH,284.53,232.79,0.1000154643160906,True
2026-03-31,000333.SZ,79.31,64.89,0.10000000000000002,True
2026-03-31,000547.SZ,31.55,25.81,0.10006973500697354,True
2026-03-31,000815.SZ,22.03,18.03,0.09985022466300549,True
2026-03-31,000890.SZ,16.31,13.35,0.09979770734996626,True
2026-03-31,001896.SZ,16.38,13.4,0.10006715916722628,True
2026-03-31,002082.SZ,30.2,24.71,0.09998178838098705,True
2026-03-31,002149.SZ,58.47,47.84,0.09999059354717331,True
2026-03-31,002202.SZ,30.49,24.95,0.09992784992784992,True
2026-03-31,002222.SZ,79.13,64.75,0.09994439810953569,True
2026-03-31,002309.SZ,5.24,4.28,0.10084033613445378,True
2026-03-31,002310.SZ,4.18,3.42,0.09999999999999998,True
2026-03-31,002342.SZ,14.4,11.78,0.1000763941940413,True
2026-03-31,002361.SZ,16.5,13.5,0.1,True
2026-03-31,002413.SZ,14.74,12.06,0.09999999999999999,True
2026-03-31,002432.SZ,83.05,67.95,0.09999999999999996,True
2026-03-31,002471.SZ,10.1,8.26,0.10021786492374728,True
2026-03-31,002491.SZ,12.82,10.49,0.09995709995709995,True
2026-03-31,002580.SZ,17.61,14.41,0.09993753903810118,True
2026-03-31,002709.SZ,52.99,43.35,0.10006227942702928,True
2026-03-31,002792.SZ,46.94,38.4,0.10007030700726505,True
2026-03-31,002850.SZ,195.05,159.59,0.09998872095646291,True
2026-03-31,002902.SZ,31.66,25.9,0.10006949270326618,True
2026-03-31,600105.SH,30.46,24.92,0.10003611412062115,True
2026-03-31,600118.SH,89.24,73.02,0.09996302230987304,True
2026-03-31,600186.SH,8.13,6.65,0.10013531799729367,True
2026-03-31,600219.SH,7.14,5.84,0.10015408320493065,True
2026-03-31,600310.SH,6.95,5.69,0.09968354430379744,True
2026-03-31,600396.SH,8.9,7.28,0.10012360939431397,True
2026-03-31,600410.SH,28.15,23.03,0.10003907776475181,True
2026-03-31,600498.SH,53.68,43.92,0.09999999999999999,True
2026-03-31,600513.SH,30.99,25.35,0.1001064962726304,True
2026-03-31,600519.SH,1562.0,1278.0,0.1,True
2026-03-31,600666.SH,6.86,5.62,0.09935897435897437,True
2026-03-31,600703.SH,13.39,10.95,0.10024650780608058,True
2026-03-31,600726.SH,6.61,5.41,0.09983361064891849,True
2026-03-31,601600.SH,13.17,10.77,0.10025062656641606,True
2026-03-31,603256.SH,79.35,64.93,0.09994455225949533,True
2026-03-31,603538.SH,47.41,38.79,0.09999999999999998,True
2026-03-31,603618.SH,29.38,24.04,0.09996256083863721,True
2026-03-31,603778.SH,27.83,22.77,0.09999999999999999,True
2026-04-01,000008.SZ,3.6,2.94,0.10091743119266057,True
2026-04-01,000333.SZ,83.99,68.72,0.09999345164036408,True
2026-04-01,000547.SZ,31.31,25.61,0.10014054813773716,True
2026-04-01,001896.SZ,15.09,12.35,0.09985422740524783,True
2026-04-01,002082.SZ,33.22,27.18,0.09999999999999999,True
2026-04-01,002149.SZ,56.69,46.39,0.09992239037640664,True
2026-04-01,002192.SZ,83.91,68.65,0.1000262191924488,True
2026-04-01,002202.SZ,28.93,23.67,0.09999999999999996,True
2026-04-01,002218.SZ,7.62,6.24,0.09956709956709957,True
2026-04-01,002222.SZ,74.82,61.22,0.09997059688326959,True
2026-04-01,002263.SZ,4.96,4.06,0.09977827050997787,True
2026-04-01,002309.SZ,5.43,4.45,0.09919028340080968,True
2026-04-01,002310.SZ,3.76,3.08,0.09941520467836254,True
2026-04-01,002342.SZ,15.84,12.96,0.09999999999999996,True
2026-04-01,002361.SZ,18.15,14.85,0.09999999999999996,True
2026-04-01,002413.SZ,14.8,12.11,0.09996283909327393,True
2026-04-01,002428.SZ,53.8,44.02,0.09997955428337758,True
2026-04-01,002460.SZ,86.22,70.54,0.10002551671344727,True
2026-04-01,002471.SZ,10.21,8.35,0.10021551724137936,True
2026-04-01,002580.SZ,19.37,15.85,0.09994321408290747,True
2026-04-01,002709.SZ,50.6,41.4,0.10000000000000003,True
2026-04-01,002788.SZ,17.79,14.55,0.10018552875695727,True
2026-04-01,600105.SH,30.51,24.97,0.09985580389329492,True
2026-04-01,600110.SH,10.14,8.3,0.09978308026030368,True
2026-04-01,600118.SH,90.05,73.67,0.10004886391399949,True
2026-04-01,600186.SH,7.81,6.39,0.1,True
2026-04-01,600396.SH,9.19,7.52,0.09994015559545182,True
2026-04-01,600410.SH,27.29,22.33,0.0999596936719065,True
2026-04-01,600487.SH,57.93,47.39,0.10007595898214963,True
2026-04-01,600502.SH,6.19,5.07,0.0994671403197158,True
2026-04-01,600513.SH,30.76,25.16,0.1001430615164521,True
2026-04-01,600519.SH,1595.0,1305.0,0.1,True
2026-04-01,600602.SH,25.55,20.91,0.0998708566508825,True
2026-04-01,600726.SH,7.05,5.77,0.09984399375975041,True
2026-04-01,600821.SH,9.66,7.9,0.10022779043280179,True
2026-04-01,601600.SH,12.54,10.26,0.09999999999999998,True
2026-04-01,603127.SH,37.62,30.78,0.09999999999999994,True
2026-04-01,603538.SH,44.99,36.81,0.09999999999999998,True
2026-04-01,603601.SH,17.04,13.94,0.10006455777921239,True
2026-04-01,603618.SH,31.34,25.64,0.10003510003510002,True
2026-04-02,000333.SZ,84.52,69.16,0.09994794377928162,True
2026-04-02,000547.SZ,30.62,25.06,0.0998563218390805,True
2026-04-02,000592.SZ,13.22,10.82,0.09983361064891849,True
2026-04-02,000890.SZ,16.83,13.77,0.09999999999999996,True
2026-04-02,001896.SZ,15.24,12.47,0.09996391194514614,True
2026-04-02,002038.SZ,8.55,6.99,0.10038610038610041,True
2026-04-02,002082.SZ,36.52,29.88,0.10000000000000005,True
2026-04-02,002149.SZ,55.07,45.05,0.10007990411506196,True
2026-04-02,002202.SZ,27.96,22.88,0.09992132179386314,True
2026-04-02,002222.SZ,73.46,60.1,0.1000299490865528,True
2026-04-02,002240.SZ,43.37,35.49,0.09992391580015211,True
2026-04-02,002263.SZ,4.73,3.87,0.10000000000000002,True
2026-04-02,002309.SZ,4.98,4.08,0.0993377483443709,True
2026-04-02,002342.SZ,15.69,12.83,0.10028050490883589,True
2026-04-02,002361.SZ,18.7,15.3,0.09999999999999996,True
2026-04-02,002413.SZ,14.4,11.78,0.1000763941940413,True
2026-04-02,002432.SZ,89.03,72.85,0.09995058067704476,True
2026-04-02,002532.SZ,19.69,16.11,0.10000000000000006,True
2026-04-02,002792.SZ,47.08,38.52,0.09999999999999995,True
2026-04-02,002850.SZ,196.42,160.7,0.10002240143369175,True
2026-04-02,600118.SH,87.93,71.95,0.09994996247185392,True
2026-04-02,600310.SH,6.28,5.14,0.09982486865148867,True
2026-04-02,600396.SH,8.27,6.77,0.0997340425531915,True
2026-04-02,600410.SH,29.12,23.82,0.10011333585190783,True
2026-04-02,600487.SH,57.16,46.76,0.10007698229407236,True
2026-04-02,600498.SH,53.75,43.97,0.10008186655751126,True
2026-04-02,600513.SH,33.33,27.27,0.09999999999999999,True
2026-04-02,600519.SH,1605.38,1313.5,0.0999972592227156,True
2026-04-02,600602.SH,25.65,20.99,0.09991423670668954,True
2026-04-02,600666.SH,6.9,5.64,0.1004784688995216,True
2026-04-02,600703.SH,13.04,10.67,0.09995782370307883,True
2026-04-02,600726.SH,6.5,5.32,0.09983079526226732,True
2026-04-02,601600.SH,12.72,10.4,0.10034602076124569,True
2026-04-02,601869.SH,338.8,277.2,0.10000000000000003,True
2026-04-02,603256.SH,80.22,65.64,0.099958864664747,True
2026-04-02,603538.SH,43.77,35.81,0.10002513194269917,True
2026-04-02,603601.SH,16.36,13.38,0.1002017484868863,True
2026-04-02,603618.SH,31.22,25.54,0.10007047216349542,True
2026-04-02,603687.SH,18.03,14.75,0.1000610128126907,True
2026-04-02,603778.SH,30.25,24.75,0.1,True
2026-04-03,000547.SZ,29.73,24.33,0.09988901220865708,True
2026-04-03,000890.SZ,17.49,14.31,0.09999999999999995,True
2026-04-03,000988.SZ,110.37,90.31,0.09996013553916684,True
2026-04-03,001896.SZ,13.93,11.39,0.1003159557661927,True
2026-04-03,002038.SZ,9.41,7.7,0.09994155464640561,True
2026-04-03,002082.SZ,37.99,31.09,0.09988419224088017,True
2026-04-03,002131.SZ,8.2,6.71,0.09993293091884636,True
2026-04-03,002195.SZ,9.74,7.97,0.09994353472614344,True
2026-04-03,002202.SZ,26.41,21.61,0.09995835068721369,True
2026-04-03,002218.SZ,7.19,5.89,0.09938837920489302,True
2026-04-03,002272.SZ,18.84,15.42,0.09982486865148862,True
2026-04-03,002309.SZ,5.48,4.48,0.1004016064257028,True
2026-04-03,002361.SZ,19.02,15.56,0.10005783689994215,True
2026-04-03,002413.SZ,14.94,12.22,0.10014727540500733,True
2026-04-03,002432.SZ,89.27,73.04,0.09999383895015704,True
2026-04-03,002471.SZ,10.3,8.42,0.10042735042735047,True
2026-04-03,002506.SZ,4.97,4.07,0.09955752212389375,True
2026-04-03,002837.SZ,91.05,74.49,0.10003624501631028,True
2026-04-03,002916.SZ,240.9,197.1,0.10000000000000002,True
2026-04-03,600089.SH,28.79,23.55,0.10011463507833393,True
2026-04-03,600096.SH,35.94,29.4,0.10009182736455462,True
2026-04-03,600118.SH,86.12,70.46,0.10001277302337472,True
2026-04-03,600183.SH,56.79,46.47,0.09994189424753051,True
2026-04-03,600343.SH,35.6,29.12,0.10012360939431397,True
2026-04-03,600396.SH,8.07,6.61,0.0994550408719346,True
2026-04-03,600410.SH,27.65,22.63,0.09984089101034208,True
2026-04-03,600703.SH,12.54,10.26,0.09999999999999998,True
2026-04-03,600759.SH,6.48,5.3,0.10016977928692704,True
2026-04-03,600821.SH,9.11,7.45,0.10024154589371977,True
2026-04-03,601127.SH,97.99,80.17,0.10002245172878307,True
2026-04-03,601179.SH,16.86,13.8,0.09980430528375729,True
2026-04-03,601390.SH,5.89,4.82,0.09990662931839396,True
2026-04-03,601600.SH,12.85,10.51,0.10017123287671233,True
2026-04-03,601869.SH,365.74,299.24,0.1000030076092514,True
2026-04-03,603083.SH,112.45,92.01,0.0999706544067299,True
2026-04-03,603501.SH,100.49,82.22,0.09999452684582123,True
2026-04-03,603618.SH,30.67,25.09,0.10007173601147779,True
2026-04-03,603778.SH,32.08,26.24,0.10013717421124829,True
2026-04-03,603986.SH,271.69,222.29,0.10000404874691284,True
2026-04-03,603993.SH,19.48,15.94,0.09994353472614344,True
2026-04-07,000547.SZ,28.36,23.2,0.10007757951900698,True
2026-04-07,000592.SZ,12.85,10.51,0.10017123287671233,True
2026-04-07,000988.SZ,113.89,93.19,0.09996136758740586,True
2026-04-07,002038.SZ,9.88,8.08,0.10022271714922053,True
2026-04-07,002082.SZ,37.46,30.65,0.0999853178681545,True
2026-04-07,002149.SZ,51.81,42.39,0.10000000000000002,True
2026-04-07,002156.SZ,44.46,36.38,0.09995051954477979,True
2026-04-07,002202.SZ,26.64,21.8,0.09991742361684558,True
2026-04-07,002222.SZ,83.01,67.91,0.10005300821627357,True
2026-04-07,002272.SZ,19.48,15.94,0.09994353472614344,True
2026-04-07,002309.SZ,5.53,4.53,0.09940357852882703,True
2026-04-07,002342.SZ,14.06,11.5,0.10015649452269172,True
2026-04-07,002361.SZ,17.31,14.17,0.09974587039390086,True
2026-04-07,002432.SZ,89.24,73.02,0.09996302230987304,True
2026-04-07,002471.SZ,9.26,7.58,0.09976247030878858,True
2026-04-07,002491.SZ,13.82,11.3,0.1003184713375796,True
2026-04-07,002506.SZ,4.63,3.79,0.09976247030878858,True
2026-04-07,002532.SZ,19.02,15.56,0.10005783689994215,True
2026-04-07,002842.SZ,33.28,27.23,0.09998347380598249,True
2026-04-07,600096.SH,34.58,28.3,0.09987277353689564,True
2026-04-07,600110.SH,9.63,7.88,0.09994288977727017,True
2026-04-07,600118.SH,84.54,69.17,0.09999349424240456,True
2026-04-07,600396.SH,7.79,6.37,0.1002824858757062,True
2026-04-07,600410.SH,27.67,22.64,0.0999801232359372,True
2026-04-07,600487.SH,63.86,52.25,0.09999138747739213,True
2026-04-07,600488.SH,7.67,6.27,0.1004304160688666,True
2026-04-07,600498.SH,54.08,44.24,0.10008136696501217,True
2026-04-07,600513.SH,30.45,24.91,0.1000722543352601,True
2026-04-07,600602.SH,26.83,21.95,0.10004100041000408,True
2026-04-07,600666.SH,6.47,5.29,0.10034013605442174,True
2026-04-07,600690.SH,23.27,19.04,0.09997636492554952,True
2026-04-07,600703.SH,12.82,10.49,0.09995709995709995,True
2026-04-07,600821.SH,8.71,7.13,0.0997474747474748,True
2026-04-07,601231.SH,37.63,30.79,0.09997076878105822,True
2026-04-07,601600.SH,12.33,10.09,0.09991079393398751,True
2026-04-07,601869.SH,387.75,317.25,0.1,True
2026-04-07,603083.SH,113.29,92.69,0.10000970968055155,True
2026-04-07,603122.SH,22.15,18.13,0.09980139026812312,True
2026-04-07,603601.SH,15.4,12.6,0.10000000000000002,True
2026-04-07,603618.SH,30.42,24.89,0.0999819200867836,True
2026-04-08,000155.SZ,17.86,14.62,0.0997536945812808,True
2026-04-08,000333.SZ,83.73,68.51,0.09997372569626904,True
2026-04-08,000547.SZ,28.52,23.34,0.0998843038951022,True
2026-04-08,000592.SZ,13.27,10.85,0.10033167495854063,True
2026-04-08,000720.SZ,7.18,5.88,0.0995405819295559,True
2026-04-08,000890.SZ,19.37,15.85,0.09994321408290747,True
2026-04-08,000988.SZ,114.62,93.78,0.10000000000000002,True
2026-04-08,002149.SZ,49.92,40.84,0.10004407227853677,True
2026-04-08,002156.SZ,45.31,37.07,0.10002427773731491,True
2026-04-08,002202.SZ,25.18,20.6,0.10004368719965047,True
2026-04-08,002222.SZ,87.46,71.56,0.09998742296566465,True
2026-04-08,002263.SZ,5.4,4.42,0.09979633401222,True
2026-04-08,002281.SZ,101.6,83.12,0.10004330879168466,True
2026-04-08,002309.SZ,5.75,4.71,0.09942638623326959,True
2026-04-08,002361.SZ,16.78,13.73,0.09996722386102919,True
2026-04-08,002432.SZ,91.15,74.57,0.10004827419744154,True
2026-04-08,002471.SZ,9.63,7.88,0.09994288977727017,True
2026-04-08,002532.SZ,20.09,16.43,0.10021905805038336,True
2026-04-08,002709.SZ,48.07,39.33,0.10000000000000002,True
2026-04-08,002788.SZ,21.38,17.5,0.09979423868312756,True
2026-04-08,002792.SZ,52.28,42.78,0.09993688196928256,True
2026-04-08,600110.SH,10.59,8.67,0.09968847352024923,True
2026-04-08,600118.SH,82.94,67.86,0.09999999999999998,True
2026-04-08,600396.SH,8.27,6.77,0.0997340425531915,True
2026-04-08,600410.SH,28.16,23.04,0.10000000000000002,True
2026-04-08,600487.SH,64.57,52.83,0.09999999999999996,True
2026-04-08,600488.SH,8.44,6.9,0.10039113428943931,True
2026-04-08,600498.SH,53.69,43.93,0.099979512395001,True
2026-04-08,600519.SH,1584.02,1296.02,0.09999861113040097,True
2026-04-08,600584.SH,42.7,34.94,0.09994848016486353,True
2026-04-08,600602.SH,26.46,21.65,0.09997921430056127,True
2026-04-08,600703.SH,13.22,10.82,0.09983361064891849,True
2026-04-08,601600.SH,12.53,10.25,0.10008779631255484,True
2026-04-08,601869.SH,392.81,321.39,0.10000000000000002,True
2026-04-08,603083.SH,111.55,91.27,0.09999013903954246,True
2026-04-08,603122.SH,23.0,18.82,0.09995217599234815,True
2026-04-08,603256.SH,75.9,62.1,0.10000000000000003,True
2026-04-08,603601.SH,15.15,12.39,0.10021786492374728,True
2026-04-08,603618.SH,29.58,24.2,0.10003718854592783,True
2026-04-08,603778.SH,34.71,28.4,0.09998415465061009,True
2026-04-09,000155.SZ,18.29,14.97,0.0998196031268791,True
2026-04-09,000333.SZ,84.4,69.06,0.09996090186367784,True
2026-04-09,000547.SZ,30.36,24.84,0.09999999999999999,True
2026-04-09,000988.SZ,121.45,99.37,0.09999094284937958,True
2026-04-09,001267.SZ,48.73,39.87,0.1,True
2026-04-09,002082.SZ,38.3,31.34,0.09994256174612288,True
2026-04-09,002149.SZ,53.01,43.37,0.10002075119319362,True
2026-04-09,002202.SZ,26.22,21.46,0.09983221476510062,True
2026-04-09,002222.SZ,89.2,72.98,0.10001233197681587,True
2026-04-09,002272.SZ,21.05,17.23,0.09979101358411703,True
2026-04-09,002281.SZ,108.09,88.43,0.10004070832485241,True
2026-04-09,002309.SZ,5.53,4.53,0.09940357852882703,True
2026-04-09,002342.SZ,15.59,12.75,0.10021171489061396,True
2026-04-09,002361.SZ,18.46,15.1,0.10011918951132304,True
2026-04-09,002432.SZ,96.35,78.83,0.10001141682840504,True
2026-04-09,002460.SZ,90.21,73.81,0.09998780636507738,True
2026-04-09,002471.SZ,9.91,8.11,0.09988901220865709,True
2026-04-09,002709.SZ,49.48,40.48,0.10004446420631392,True
2026-04-09,002788.SZ,19.94,16.32,0.099834528405957,True
2026-04-09,600110.SH,10.8,8.84,0.09979633401222,True
2026-04-09,600118.SH,88.89,72.73,0.09998762529389925,True
2026-04-09,600186.SH,8.39,6.87,0.0996068152031455,True
2026-04-09,600396.SH,8.45,6.91,0.10026041666666662,True
2026-04-09,600410.SH,30.65,25.07,0.10014357501794685,True
2026-04-09,600488.SH,8.1,6.62,0.10054347826086954,True
2026-04-09,600498.SH,56.38,46.13,0.09999024485416057,True
2026-04-09,600584.SH,46.18,37.78,0.1000476417341591,True
2026-04-09,600602.SH,27.56,22.55,0.09998004390341246,True
2026-04-09,600666.SH,7.15,5.85,0.10000000000000006,True
2026-04-09,600703.SH,13.65,11.17,0.09991941982272362,True
2026-04-09,600759.SH,5.83,4.77,0.10000000000000005,True
2026-04-09,601600.SH,13.45,11.01,0.0997547015535568,True
2026-04-09,601869.SH,398.31,325.89,0.10000000000000002,True
2026-04-09,603083.SH,122.71,100.4,0.09999551790596561,True
2026-04-09,603306.SH,97.06,79.42,0.0999546690843155,True
2026-04-09,603538.SH,47.56,38.92,0.09990749306197964,True
2026-04-09,603601.SH,15.69,12.83,0.10028050490883589,True
2026-04-09,603618.SH,28.58,23.38,0.10007698229407236,True
2026-04-09,603778.SH,35.23,28.83,0.09990633780830468,True
2026-04-09,603986.SH,281.56,230.36,0.10001562744178775,True
2026-04-10,000070.SZ,22.97,18.79,0.10009578544061302,True
2026-04-10,000333.SZ,84.17,68.87,0.09997386304234183,True
2026-04-10,000547.SZ,29.46,24.1,0.10007468259895443,True
2026-04-10,000592.SZ,13.1,10.72,0.09991603694374471,True
2026-04-10,000988.SZ,126.42,103.44,0.09997389715478988,True
2026-04-10,001267.SZ,47.62,38.96,0.10002310002309998,True
2026-04-10,001309.SZ,447.24,365.92,0.10000491908111563,True
2026-04-10,002025.SZ,86.04,70.4,0.09997443109179238,True
2026-04-10,002082.SZ,35.49,29.03,0.10012399256044636,True
2026-04-10,002149.SZ,51.25,41.93,0.10002146383344065,True
2026-04-10,002156.SZ,49.21,40.27,0.09991059454626729,True
2026-04-10,002176.SZ,11.54,9.44,0.10009532888465204,True
2026-04-10,002202.SZ,26.22,21.46,0.09983221476510062,True
2026-04-10,002222.SZ,89.86,73.52,0.10001224140041623,True
2026-04-10,002281.SZ,118.9,97.28,0.10000925154963458,True
2026-04-10,002309.SZ,5.24,4.28,0.10084033613445378,True
2026-04-10,002361.SZ,18.05,14.77,0.09993906154783672,True
2026-04-10,002432.SZ,96.81,79.21,0.09998863765481202,True
2026-04-10,002436.SZ,24.29,19.87,0.1000905797101449,True
2026-04-10,002460.SZ,89.11,72.91,0.09998765584495745,True
2026-04-10,002475.SZ,60.6,49.58,0.10001815211472138,True
2026-04-10,002709.SZ,48.28,39.5,0.10002278423331055,True
2026-04-10,600118.SH,87.04,71.22,0.09996208770377865,True
2026-04-10,600410.SH,30.09,24.62,0.09998172180588556,True
2026-04-10,600498.SH,60.45,49.46,0.09999090164680195,True
2026-04-10,600519.SH,1606.54,1314.44,0.10000068470170967,True
2026-04-10,600584.SH,46.1,37.72,0.09997613934621813,True
2026-04-10,600602.SH,26.82,21.94,0.10008203445447085,True
2026-04-10,600666.SH,7.22,5.9,0.10060975609756093,True
2026-04-10,600703.SH,13.02,10.66,0.09966216216216214,True
2026-04-10,601231.SH,40.35,33.01,0.10005452562704475,True
2026-04-10,601600.SH,14.05,11.49,0.10023492560689118,True
2026-04-10,601869.SH,438.14,358.48,0.09999748939268405,True
2026-04-10,603083.SH,127.11,104.0,0.09999567305612045,True
2026-04-10,603256.SH,83.82,68.58,0.09999999999999998,True
2026-04-10,603306.SH,106.77,87.35,0.10004121162167733,True
2026-04-10,603538.SH,50.05,40.95,0.09999999999999994,True
2026-04-10,603618.SH,29.0,23.72,0.10015174506828531,True
2026-04-10,603778.SH,36.12,29.56,0.09987819732034103,True
2026-04-10,603929.SH,218.89,179.09,0.10000502537815965,True
2026-04-13,000547.SZ,29.14,23.84,0.10003775009437524,True
2026-04-13,000592.SZ,12.57,10.29,0.099737532808399,True
2026-04-13,000938.SZ,29.8,24.38,0.10003691399040239,True
2026-04-13,000988.SZ,127.51,104.33,0.09998274672187718,True
2026-04-13,001267.SZ,48.3,39.52,0.09997722614438619,True
2026-04-13,001896.SZ,14.53,11.89,0.09992429977289927,True
2026-04-13,002025.SZ,83.85,68.61,0.09996064541519085,True
2026-04-13,002156.SZ,49.75,40.71,0.09993367234136633,True
2026-04-13,002202.SZ,26.48,21.66,0.10012463647694225,True
2026-04-13,002222.SZ,94.03,76.93,0.10002339728591479,True
2026-04-13,002263.SZ,5.39,4.41,0.09999999999999995,True
2026-04-13,002281.SZ,118.6,97.04,0.09998145056575769,True
2026-04-13,002361.SZ,18.14,14.84,0.10006064281382657,True
2026-04-13,002432.SZ,102.03,83.48,0.0999946094550159,True
2026-04-13,002436.SZ,25.23,20.65,0.09982563208369664,True
2026-04-13,002475.SZ,64.0,52.36,0.10003437607425232,True
2026-04-13,002709.SZ,51.39,42.05,0.09995719178082196,True
2026-04-13,002902.SZ,30.88,25.26,0.10010687566797288,True
2026-04-13,002938.SZ,61.93,50.67,0.09999999999999999,True
2026-04-13,600103.SH,4.3,3.52,0.09974424552429664,True
2026-04-13,600118.SH,86.81,71.03,0.09997465788139889,True
2026-04-13,600330.SH,20.9,17.1,0.09999999999999992,True
2026-04-13,600345.SH,59.8,48.92,0.10007358351729209,True
2026-04-13,600396.SH,7.3,5.98,0.09939759036144573,True
2026-04-13,600410.SH,29.77,24.35,0.10014781966001474,True
2026-04-13,600487.SH,61.58,50.38,0.10003572704537331,True
2026-04-13,600498.SH,57.64,47.16,0.10000000000000005,True
2026-04-13,600522.SH,32.78,26.82,0.1,True
2026-04-13,600584.SH,47.32,38.72,0.09995350999535102,True
2026-04-13,600602.SH,26.49,21.67,0.10008305647840525,True
2026-04-13,600666.SH,6.93,5.67,0.09999999999999999,True
2026-04-13,600821.SH,8.79,7.19,0.10012515644555686,True
2026-04-13,601231.SH,39.2,32.08,0.09988776655443328,True
2026-04-13,601600.SH,13.59,11.12,0.09995953055443142,True
2026-04-13,601869.SH,422.82,345.94,0.10000520318434881,True
2026-04-13,603083.SH,127.86,104.62,0.09996558843771504,True
2026-04-13,603306.SH,111.98,91.62,0.09999999999999999,True
2026-04-13,603538.SH,54.55,44.63,0.10002016535591847,True
2026-04-13,603601.SH,14.64,11.98,0.09992486851990984,True
2026-04-13,603778.SH,34.36,28.12,0.09987195902688857,True
2026-04-14,000547.SZ,29.06,23.78,0.09992429977289927,True
2026-04-14,000592.SZ,12.86,10.52,0.10008554319931565,True
2026-04-14,000938.SZ,31.06,25.42,0.09985835694050986,True
2026-04-14,000988.SZ,137.68,112.64,0.1000319590923618,True
2026-04-14,001267.SZ,47.09,38.53,0.0999766409717356,True
2026-04-14,001389.SZ,145.2,118.8,0.09999999999999996,True
2026-04-14,002025.SZ,85.1,69.62,0.10005170630816954,True
2026-04-14,002156.SZ,50.22,41.09,0.09998904829701014,True
2026-04-14,002202.SZ,26.55,21.73,0.09983429991714997,True
2026-04-14,002222.SZ,95.04,77.76,0.1,True
2026-04-14,002273.SZ,33.3,27.24,0.10009910802775024,True
2026-04-14,002281.SZ,125.1,102.36,0.09997362173568977,True
2026-04-14,002309.SZ,4.9,4.01,0.09988776655443328,True
2026-04-14,002361.SZ,18.37,15.03,0.10000000000000005,True
2026-04-14,002432.SZ,94.52,77.34,0.09996508786221338,True
2026-04-14,002436.SZ,27.75,22.71,0.09988109393579071,True
2026-04-14,002475.SZ,64.46,52.74,0.09999999999999994,True
2026-04-14,002580.SZ,22.97,18.79,0.10009578544061302,True
2026-04-14,002938.SZ,63.69,52.11,0.09999999999999999,True
2026-04-14,600105.SH,42.57,34.83,0.10000000000000002,True
2026-04-14,600118.SH,88.55,72.45,0.09999999999999996,True
2026-04-14,600219.SH,6.78,5.54,0.10064935064935067,True
2026-04-14,600330.SH,21.58,17.66,0.09989806320081546,True
2026-04-14,600343.SH,34.99,28.63,0.09996856334486015,True
2026-04-14,600410.SH,29.44,24.08,0.10014947683109124,True
2026-04-14,600487.SH,58.84,48.14,0.10001869508319314,True
2026-04-14,600498.SH,55.19,45.15,0.10005979669124974,True
2026-04-14,600519.SH,1587.64,1298.98,0.09999930714815254,True
2026-04-14,600522.SH,31.37,25.67,0.099929873772791,True
2026-04-14,600584.SH,47.14,38.57,0.09998833274997082,True
2026-04-14,600602.SH,26.84,21.96,0.09999999999999999,True
2026-04-14,600666.SH,7.06,5.78,0.09968847352024918,True
2026-04-14,601600.SH,13.38,10.94,0.1003289473684211,True
2026-04-14,601869.SH,406.1,332.26,0.1000054174115608,True
2026-04-14,603083.SH,130.44,106.72,0.10001686625063248,True
2026-04-14,603228.SH,66.97,54.79,0.10003285151116952,True
2026-04-14,603306.SH,111.86,91.52,0.1000098338086341,True
2026-04-14,603538.SH,52.88,43.26,0.10006240898689416,True
2026-04-14,603618.SH,26.0,21.28,0.09983079526226732,True
2026-04-14,603803.SH,16.79,13.73,0.10026212319790298,True
2026-04-15,000333.SZ,84.21,68.9,0.09999346874795889,True
2026-04-15,000592.SZ,12.43,10.17,0.09999999999999998,True
2026-04-15,000938.SZ,30.65,25.07,0.10014357501794685,True
2026-04-15,000988.SZ,132.69,108.57,0.0999751305645362,True
2026-04-15,001267.SZ,46.06,37.68,0.10007165034631002,True
2026-04-15,002025.SZ,86.55,70.81,0.10002541942043718,True
2026-04-15,002156.SZ,51.43,42.08,0.0999893059565822,True
2026-04-15,002222.SZ,94.07,76.97,0.09997661365762392,True
2026-04-15,002281.SZ,122.54,100.26,0.1,True
2026-04-15,002361.SZ,18.54,15.17,0.0999703352121032,True
2026-04-15,002413.SZ,14.72,12.04,0.10014947683109124,True
2026-04-15,002428.SZ,64.77,52.99,0.10003396739130431,True
2026-04-15,002432.SZ,85.58,70.02,0.10000000000000002,True
2026-04-15,002436.SZ,27.96,22.88,0.09992132179386314,True
2026-04-15,002471.SZ,9.66,7.9,0.10022779043280179,True
2026-04-15,002475.SZ,65.05,53.23,0.09993236388231316,True
2026-04-15,002491.SZ,16.6,13.58,0.1000662690523526,True
2026-04-15,002580.SZ,25.27,20.67,0.10013060513713536,True
2026-04-15,002709.SZ,54.29,44.42,0.09998986931415253,True
2026-04-15,002792.SZ,52.82,43.22,0.09995835068721369,True
2026-04-15,002938.SZ,66.36,54.3,0.09995027349577326,True
2026-04-15,600105.SH,40.9,33.46,0.10005379236148464,True
2026-04-15,600118.SH,92.83,75.95,0.10001184974523045,True
2026-04-15,600330.SH,22.67,18.55,0.09995147986414364,True
2026-04-15,600343.SH,37.37,30.57,0.10008831321754486,True
2026-04-15,600410.SH,30.05,24.59,0.0999267935578331,True
2026-04-15,600487.SH,57.94,47.4,0.10005695842035313,True
2026-04-15,600498.SH,55.86,45.7,0.1000393855848759,True
2026-04-15,600519.SH,1591.59,1302.21,0.09999999999999995,True
2026-04-15,600522.SH,31.16,25.5,0.09989410518884576,True
2026-04-15,600584.SH,48.77,39.91,0.0999097880018043,True
2026-04-15,600666.SH,7.13,5.83,0.10030864197530862,True
2026-04-15,601231.SH,41.61,34.05,0.09992069785884222,True
2026-04-15,601600.SH,13.71,11.21,0.10032102728731941,True
2026-04-15,601869.SH,400.95,328.05,0.09999999999999996,True
2026-04-15,603083.SH,132.68,108.56,0.09998341900182392,True
2026-04-15,603127.SH,42.22,34.54,0.10005211047420533,True
2026-04-15,603256.SH,107.8,88.2,0.09999999999999998,True
2026-04-15,603538.SH,56.06,45.86,0.10007849293563582,True
2026-04-15,603601.SH,15.62,12.78,0.1,True
2026-04-16,000333.SZ,85.24,69.74,0.10001290489095367,True
2026-04-16,000592.SZ,12.46,10.2,0.09973521624007067,True
2026-04-16,000938.SZ,30.23,24.73,0.10007278020378457,True
2026-04-16,000988.SZ,123.53,101.07,0.10000000000000003,True
2026-04-16,001270.SZ,149.49,135.25,0.050010535927512846,False
2026-04-16,002025.SZ,87.64,71.7,0.10003765532822893,True
2026-04-16,002156.SZ,51.69,42.29,0.10002128112364332,True
2026-04-16,002192.SZ,82.81,67.75,0.10002656748140278,True
2026-04-16,002222.SZ,91.92,75.2,0.10004786979415987,True
2026-04-16,002281.SZ,117.37,96.03,0.10000000000000002,True
2026-04-16,002328.SZ,13.75,11.25,0.1,True
2026-04-16,002361.SZ,20.39,16.69,0.09978425026968715,True
2026-04-16,002432.SZ,83.14,68.02,0.1000264620269913,True
2026-04-16,002436.SZ,27.17,22.23,0.10000000000000002,True
2026-04-16,002471.SZ,10.0,8.18,0.10011001100110013,True
2026-04-16,002475.SZ,64.66,52.9,0.10003402517863216,True
2026-04-16,002491.SZ,15.62,12.78,0.1,True
2026-04-16,002580.SZ,27.8,22.74,0.10011871784724975,True
2026-04-16,002709.SZ,52.8,43.2,0.09999999999999994,True
2026-04-16,002938.SZ,65.36,53.48,0.09996634129922587,True
2026-04-16,600105.SH,41.29,33.79,0.09989344698987747,True
2026-04-16,600118.SH,94.91,77.65,0.10002318034306902,True
2026-04-16,600186.SH,8.46,6.92,0.10013003901170357,True
2026-04-16,600330.SH,21.78,17.82,0.10000000000000002,True
2026-04-16,600343.SH,38.42,31.44,0.09991411394217006,True
2026-04-16,600410.SH,29.57,24.19,0.10007440476190474,True
2026-04-16,600487.SH,57.34,46.92,0.0999424515633992,True
2026-04-16,600498.SH,53.33,43.63,0.1000412541254125,True
2026-04-16,600522.SH,30.58,25.02,0.09999999999999999,True
2026-04-16,600584.SH,47.95,39.23,0.10002294104152334,True
2026-04-16,600602.SH,26.29,21.51,0.09999999999999995,True
2026-04-16,600666.SH,6.85,5.61,0.0995184590690208,True
2026-04-16,601600.SH,13.53,11.07,0.09999999999999995,True
2026-04-16,601869.SH,394.47,322.75,0.09999721145534149,True
2026-04-16,603083.SH,138.38,113.22,0.09999999999999999,True
2026-04-16,603220.SH,31.93,26.13,0.09989665862900449,True
2026-04-16,603228.SH,66.45,54.37,0.09998344644926342,True
2026-04-16,603538.SH,61.05,49.95,0.09999999999999995,True
2026-04-16,603601.SH,15.75,12.89,0.09986033519553071,True
2026-04-16,603618.SH,23.78,19.46,0.09990749306197964,True
2026-04-17,000070.SZ,22.85,18.69,0.10014443909484833,True
2026-04-17,000938.SZ,30.9,25.28,0.10003559985760052,True
2026-04-17,000988.SZ,123.55,101.09,0.0999821937321937,True
2026-04-17,001267.SZ,45.69,37.39,0.09990370727010107,True
2026-04-17,002008.SZ,95.34,78.0,0.10003461405330566,True
2026-04-17,002025.SZ,83.93,68.67,0.10000000000000002,True
2026-04-17,002156.SZ,52.82,43.22,0.09995835068721369,True
2026-04-17,002192.SZ,88.02,72.02,0.0999750062484379,True
2026-04-17,002222.SZ,94.14,77.02,0.10002336994624915,True
2026-04-17,002281.SZ,116.83,95.59,0.09999058469070705,True
2026-04-17,002328.SZ,14.74,12.06,0.09999999999999999,True
2026-04-17,002361.SZ,21.19,17.33,0.10020768431983394,True
2026-04-17,002384.SZ,164.51,134.6,0.09999665674835344,True
2026-04-17,002428.SZ,62.0,50.72,0.1000709723207949,True
2026-04-17,002432.SZ,82.81,67.75,0.10002656748140278,True
2026-04-17,002436.SZ,27.42,22.44,0.09987966305655838,True
2026-04-17,002475.SZ,66.5,54.41,0.09999172938549337,True
2026-04-17,002491.SZ,17.18,14.06,0.09987195902688857,True
2026-04-17,002580.SZ,30.58,25.02,0.09999999999999999,True
2026-04-17,002792.SZ,54.32,44.44,0.10004050222762255,True
2026-04-17,002938.SZ,67.1,54.9,0.09999999999999996,True
2026-04-17,600103.SH,4.47,3.65,0.10098522167487683,True
2026-04-17,600105.SH,43.42,35.52,0.10007600709399543,True
2026-04-17,600176.SH,36.3,29.7,0.09999999999999996,True
2026-04-17,600183.SH,74.32,60.8,0.10005920663114265,True
2026-04-17,600410.SH,30.79,25.19,0.10003572704537331,True
2026-04-17,600487.SH,58.45,47.83,0.09992472713586756,True
2026-04-17,600498.SH,53.49,43.77,0.09993830968537938,True
2026-04-17,600522.SH,30.8,25.2,0.10000000000000002,True
2026-04-17,600584.SH,48.1,39.36,0.09993139721015323,True
2026-04-17,600602.SH,27.09,22.17,0.099878197320341,True
2026-04-17,600666.SH,7.54,6.17,0.099927060539752,True
2026-04-17,601231.SH,41.75,34.16,0.09998682650507185,True
2026-04-17,601600.SH,14.08,11.52,0.10000000000000002,True
2026-04-17,601869.SH,405.37,331.67,0.09999457288613914,True
2026-04-17,603083.SH,145.29,118.87,0.10001514233797695,True
2026-04-17,603220.SH,35.12,28.74,0.0999060444722831,True
2026-04-17,603228.SH,69.69,57.02,0.09999210796306522,True
2026-04-17,603538.SH,61.6,50.4,0.10000000000000002,True
2026-04-17,603738.SH,30.17,24.69,0.09989063069631791,True
2026-04-20,000070.SZ,22.36,18.3,0.09985243482538118,True
2026-04-20,000938.SZ,30.47,24.93,0.09999999999999999,True
2026-04-20,000988.SZ,128.35,105.01,0.10001714089818302,True
2026-04-20,001267.SZ,49.18,40.24,0.09997763363900691,True
2026-04-20,002025.SZ,87.74,71.78,0.10005015045135403,True
2026-04-20,002149.SZ,60.28,49.32,0.10000000000000002,True
2026-04-20,002156.SZ,53.0,43.36,0.10004151100041511,True
2026-04-20,002202.SZ,27.93,22.85,0.1000393855848759,True
2026-04-20,002222.SZ,99.75,81.61,0.10002205558006175,True
2026-04-20,002240.SZ,55.33,45.27,0.09999999999999996,True
2026-04-20,002281.SZ,128.51,105.15,0.09997432166395612,True
2026-04-20,002342.SZ,20.97,17.15,0.10020986358866737,True
2026-04-20,002384.SZ,178.31,145.89,0.10000000000000005,True
2026-04-20,002428.SZ,68.2,55.8,0.10000000000000005,True
2026-04-20,002436.SZ,28.77,23.54,0.09998088319632958,True
2026-04-20,002475.SZ,65.73,53.78,0.09999163249937246,True
2026-04-20,002565.SZ,20.81,17.03,0.0998942917547568,True
2026-04-20,002580.SZ,33.64,27.52,0.10006540222367563,True
2026-04-20,002792.SZ,56.12,45.92,0.09996079968639746,True
2026-04-20,002938.SZ,68.33,55.91,0.09996780424983905,True
2026-04-20,002980.SZ,80.43,65.81,0.09997264770240703,True
2026-04-20,003031.SZ,123.73,101.23,0.10001778093883357,True
2026-04-20,600103.SH,4.73,3.87,0.10000000000000002,True
2026-04-20,600105.SH,45.43,37.17,0.09999999999999998,True
2026-04-20,600152.SH,15.29,12.51,0.09999999999999999,True
2026-04-20,600176.SH,36.85,30.15,0.10000000000000005,True
2026-04-20,600410.SH,31.83,26.05,0.09986178299930888,True
2026-04-20,600487.SH,61.22,50.09,0.09999101608121458,True
2026-04-20,600498.SH,54.2,44.34,0.10006088897909478,True
2026-04-20,600519.SH,1547.96,1266.52,0.0999971575566357,True
2026-04-20,600522.SH,30.95,25.33,0.09985785358919688,True
2026-04-20,600584.SH,48.38,39.58,0.10004547521600732,True
2026-04-20,600666.SH,7.8,6.38,0.1001410437235543,True
2026-04-20,601231.SH,44.2,36.16,0.10004977600796423,True
2026-04-20,603220.SH,35.46,29.02,0.09987593052109182,True
2026-04-20,603228.SH,72.82,59.58,0.09999999999999998,True
2026-04-20,603601.SH,16.25,13.29,0.10020311442112394,True
2026-04-20,603687.SH,21.18,17.33,0.09997403271877439,True
2026-04-20,603738.SH,33.19,27.15,0.10009943652635067,True
2026-04-20,603778.SH,26.68,21.83,0.09997938569367144,True
2026-04-21,000070.SZ,23.13,18.93,0.0998573466476462,True
2026-04-21,000938.SZ,31.25,25.57,0.09996480112636395,True
2026-04-21,000988.SZ,126.48,103.48,0.1000173943294486,True
2026-04-21,001267.SZ,47.66,39.0,0.09993076390491573,True
2026-04-21,001309.SZ,566.5,463.5,0.1,True
2026-04-21,001389.SZ,163.13,133.47,0.09999999999999998,True
2026-04-21,002008.SZ,98.1,80.26,0.10002242655303872,True
2026-04-21,002025.SZ,88.51,72.41,0.10004971414367392,True
2026-04-21,002080.SZ,54.22,44.36,0.10002028809089064,True
2026-04-21,002149.SZ,66.31,54.25,0.1000331785003318,True
2026-04-21,002156.SZ,53.34,43.64,0.10002062280882659,True
2026-04-21,002222.SZ,100.89,82.55,0.09997819450501529,True
2026-04-21,002281.SZ,132.06,108.05,0.09999583524218068,True
2026-04-21,002364.SZ,48.07,39.33,0.10000000000000002,True
2026-04-21,002384.SZ,172.7,141.3,0.09999999999999992,True
2026-04-21,002428.SZ,75.02,61.38,0.09999999999999995,True
2026-04-21,002436.SZ,29.21,23.9,0.09998117115420829,True
2026-04-21,002475.SZ,72.3,59.16,0.09995435874030126,True
2026-04-21,002636.SZ,43.53,35.61,0.10007581501137228,True
2026-04-21,002792.SZ,58.17,47.59,0.1000378214826021,True
2026-04-21,002938.SZ,72.46,59.28,0.10004554425383325,True
2026-04-21,003031.SZ,130.91,107.11,0.09999159734476094,True
2026-04-21,600103.SH,5.2,4.26,0.09936575052854126,True
2026-04-21,600105.SH,45.98,37.62,0.1,True
2026-04-21,600183.SH,76.78,62.82,0.1,True
2026-04-21,600330.SH,26.29,21.51,0.09999999999999995,True
2026-04-21,600392.SH,29.6,24.22,0.09996283909327393,True
2026-04-21,600487.SH,66.98,54.8,0.10001642305797345,True
2026-04-21,600498.SH,58.27,47.67,0.1000566358316028,True
2026-04-21,600522.SH,34.05,27.86,0.09998384752059437,True
2026-04-21,600584.SH,48.94,40.04,0.10002247696111485,True
2026-04-21,600602.SH,26.09,21.35,0.0999156829679595,True
2026-04-21,600703.SH,15.02,12.29,0.09996338337605275,True
2026-04-21,601231.SH,46.61,38.13,0.10007080481472735,True
2026-04-21,603083.SH,167.53,137.07,0.10000000000000002,True
2026-04-21,603268.SH,146.67,120.01,0.09997000149992494,True
2026-04-21,603601.SH,17.13,14.01,0.10019267822736028,True
2026-04-21,603618.SH,27.98,22.9,0.09984276729559753,True
2026-04-21,603659.SH,38.93,31.85,0.10002825656965242,True
2026-04-21,603773.SH,64.01,52.37,0.10001718508334773,True
2026-04-22,000070.SZ,22.53,18.43,0.10009765625000003,True
2026-04-22,000725.SZ,4.64,3.8,0.09952606635071089,True
2026-04-22,000938.SZ,30.37,24.85,0.09996378123868163,True
2026-04-22,000988.SZ,127.91,104.65,0.10001719986240105,True
2026-04-22,001267.SZ,49.15,40.21,0.10004476275738583,True
2026-04-22,001309.SZ,566.06,463.14,0.09999999999999998,True
2026-04-22,002008.SZ,102.08,83.52,0.10000000000000002,True
2026-04-22,002025.SZ,81.74,66.88,0.09998654286098775,True
2026-04-22,002080.SZ,55.8,45.66,0.09994086339444117,True
2026-04-22,002156.SZ,51.95,42.51,0.09993648105018,True
2026-04-22,002273.SZ,35.63,29.15,0.10003087372645884,True
2026-04-22,002361.SZ,24.96,20.42,0.10004407227853677,True
2026-04-22,002428.SZ,75.24,61.56,0.09999999999999994,True
2026-04-22,002429.SZ,12.09,9.89,0.100090991810737,True
2026-04-22,002432.SZ,88.09,72.07,0.1000249750249751,True
2026-04-22,002436.SZ,31.03,25.39,0.0999645515774548,True
2026-04-22,002491.SZ,18.43,15.08,0.09997015816174276,True
2026-04-22,002600.SZ,15.77,12.91,0.09972105997210598,True
2026-04-22,002792.SZ,56.3,46.06,0.10003907776475181,True
2026-04-22,002916.SZ,324.86,265.8,0.09998984187180442,True
2026-04-22,002938.SZ,76.18,62.33,0.09999278030467121,True
2026-04-22,600103.SH,5.72,4.68,0.10000000000000002,True
2026-04-22,600183.SH,79.81,65.3,0.09999310867617672,True
2026-04-22,600330.SH,25.87,21.17,0.09991496598639453,True
2026-04-22,600338.SH,23.42,19.16,0.10004697040864259,True
2026-04-22,600487.SH,65.78,53.82,0.1,True
2026-04-22,600498.SH,58.36,47.75,0.09999057581754782,True
2026-04-22,600522.SH,35.68,29.2,0.09987669543773121,True
2026-04-22,600584.SH,48.43,39.63,0.09993186463774696,True
2026-04-22,600699.SH,31.58,25.84,0.09996516893068615,True
2026-04-22,600703.SH,14.94,12.22,0.10014727540500733,True
2026-04-22,600707.SH,9.3,7.61,0.09994086339444118,True
2026-04-22,600869.SH,17.18,14.06,0.09987195902688857,True
2026-04-22,601138.SH,67.55,55.27,0.09998371600716491,True
2026-04-22,601231.SH,45.75,37.43,0.10002404424140418,True
2026-04-22,603083.SH,177.29,145.05,0.10001861388595885,True
2026-04-22,603220.SH,32.43,26.53,0.10006784260515601,True
2026-04-22,603228.SH,71.69,58.65,0.10004603345097436,True
2026-04-22,603256.SH,117.06,95.78,0.09998120654012405,True
2026-04-22,603659.SH,39.84,32.6,0.09994478188845944,True
2026-04-23,000938.SZ,32.91,26.93,0.09993315508021386,True
2026-04-23,000988.SZ,133.05,108.86,0.09999586623124307,True
2026-04-23,001267.SZ,50.92,41.66,0.10002160293799962,True
2026-04-23,002008.SZ,103.6,84.76,0.10002123593119552,True
2026-04-23,002025.SZ,84.1,68.81,0.09999346020534951,True
2026-04-23,002080.SZ,56.9,46.56,0.0999420065725884,True
2026-04-23,002156.SZ,53.78,44.0,0.10002045408058909,True
2026-04-23,002281.SZ,136.37,111.57,0.10002419940308144,True
2026-04-23,002297.SZ,22.32,18.26,0.10004928536224739,True
2026-04-23,002361.SZ,26.02,21.29,0.09997886281969985,True
2026-04-23,002364.SZ,48.11,39.37,0.09990855052583451,True
2026-04-23,002428.SZ,82.76,67.72,0.09994683678894208,True
2026-04-23,002429.SZ,13.1,10.72,0.09991603694374471,True
2026-04-23,002432.SZ,96.9,79.28,0.10001135202633672,True
2026-04-23,002436.SZ,31.49,25.77,0.09989521480964023,True
2026-04-23,002463.SZ,113.6,92.94,0.10002905006294179,True
2026-04-23,002475.SZ,74.83,61.23,0.09995590180802588,True
2026-04-23,002636.SZ,50.68,41.46,0.10006511829824179,True
2026-04-23,002916.SZ,331.43,271.17,0.09999999999999998,True
2026-04-23,002938.SZ,83.8,68.56,0.10002625360987132,True
2026-04-23,600103.SH,6.05,4.95,0.09999999999999996,True
2026-04-23,600105.SH,50.08,40.98,0.09993410937843182,True
2026-04-23,600176.SH,35.48,29.03,0.09998449852736005,True
2026-04-23,600183.SH,83.6,68.4,0.09999999999999992,True
2026-04-23,600186.SH,9.45,7.73,0.10011641443538992,True
2026-04-23,600330.SH,28.46,23.28,0.10011596443757247,True
2026-04-23,600487.SH,72.36,59.2,0.10003040437823044,True
2026-04-23,600498.SH,61.89,50.63,0.10007109847138283,True
2026-04-23,600522.SH,38.3,31.34,0.09994256174612288,True
2026-04-23,600584.SH,50.06,40.96,0.0999780268072951,True
2026-04-23,600703.SH,16.43,13.45,0.09973226238286481,True
2026-04-23,600759.SH,5.64,4.62,0.09941520467836254,True
2026-04-23,601231.SH,48.71,39.85,0.10004516711833784,True
2026-04-23,601869.SH,453.2,370.8,0.09999999999999998,True
2026-04-23,603083.SH,189.4,154.96,0.1000116157509583,True
2026-04-23,603220.SH,34.23,28.01,0.09993573264781484,True
2026-04-23,603228.SH,75.85,62.06,0.09999274889420631,True
2026-04-23,603618.SH,31.41,25.7,0.09998248993171074,True
2026-04-23,603698.SH,51.7,42.3,0.10000000000000006,True
2026-04-23,603738.SH,39.07,31.97,0.09994369369369373,True
2026-04-24,000938.SZ,34.32,28.08,0.10000000000000003,True
2026-04-24,000988.SZ,129.42,105.89,0.09999575028685558,True
2026-04-24,001267.SZ,56.01,45.83,0.09996072270227807,True
2026-04-24,001389.SZ,185.22,151.54,0.10001187789523698,True
2026-04-24,002008.SZ,113.96,93.24,0.1,True
2026-04-24,002080.SZ,58.43,47.81,0.09996234939759033,True
2026-04-24,002156.SZ,51.96,42.52,0.09991532599491953,True
2026-04-24,002176.SZ,13.62,11.14,0.10016155088852984,True
2026-04-24,002281.SZ,144.85,118.51,0.1000151883353584,True
2026-04-24,002297.SZ,24.46,20.02,0.0998201438848921,True
2026-04-24,002428.SZ,84.57,69.19,0.10002601456815814,True
2026-04-24,002436.SZ,31.24,25.56,0.1,True
2026-04-24,002463.SZ,117.28,95.96,0.09998124179328459,True
2026-04-24,002475.SZ,74.55,60.99,0.10004426737494464,True
2026-04-24,002491.SZ,18.51,15.15,0.09982174688057044,True
2026-04-24,002549.SZ,20.68,16.92,0.09999999999999995,True
2026-04-24,002916.SZ,331.43,271.17,0.09999999999999998,True
2026-04-24,002938.SZ,82.96,67.88,0.09997348183505701,True
2026-04-24,002980.SZ,83.49,68.31,0.09999999999999995,True
2026-04-24,003031.SZ,137.26,112.3,0.10001602820964896,True
2026-04-24,600103.SH,5.65,4.63,0.09922178988326852,True
2026-04-24,600105.SH,53.35,43.65,0.10000000000000003,True
2026-04-24,600183.SH,82.45,67.46,0.09999332933093195,True
2026-04-24,600330.SH,28.16,23.04,0.10000000000000002,True
2026-04-24,600487.SH,76.47,62.57,0.09997123130034521,True
2026-04-24,600498.SH,60.51,49.51,0.09998182148700237,True
2026-04-24,600522.SH,37.48,30.66,0.10008805400645725,True
2026-04-24,600584.SH,48.85,39.97,0.0999774825489755,True
2026-04-24,600703.SH,17.06,13.96,0.09993552546744029,True
2026-04-24,600759.SH,5.81,4.75,0.10037878787878786,True
2026-04-24,601231.SH,45.43,37.17,0.09999999999999998,True
2026-04-24,603083.SH,180.76,147.9,0.09998174405160344,True
2026-04-24,603220.SH,37.65,30.81,0.09991235758106924,True
2026-04-24,603228.SH,77.0,63.0,0.1,True
2026-04-24,603256.SH,116.48,95.3,0.10000944376239497,True
2026-04-24,603306.SH,116.6,95.4,0.09999999999999995,True
2026-04-24,603659.SH,37.82,30.94,0.10005817335660265,True
2026-04-24,603698.SH,47.41,38.79,0.09999999999999998,True
2026-04-24,603738.SH,40.7,33.3,0.10000000000000007,True
2026-04-24,605090.SH,50.53,41.35,0.0999129299085764,True
2026-04-27,000636.SZ,25.0,20.46,0.09986801583809941,True
2026-04-27,000938.SZ,34.45,28.19,0.09993614303959134,True
2026-04-27,000988.SZ,126.85,103.79,0.09998265695456117,True
2026-04-27,001267.SZ,55.33,45.27,0.09999999999999996,True
2026-04-27,001389.SZ,187.66,153.54,0.10000000000000002,True
2026-04-27,002008.SZ,112.71,92.21,0.10003903962521961,True
2026-04-27,002025.SZ,84.49,69.13,0.09998698086186694,True
2026-04-27,002049.SZ,78.21,63.99,0.09999999999999995,True
2026-04-27,002080.SZ,57.77,47.27,0.09996191926884995,True
2026-04-27,002156.SZ,53.26,43.58,0.09995869475423379,True
2026-04-27,002281.SZ,141.57,115.83,0.09999999999999999,True
2026-04-27,002364.SZ,45.86,37.52,0.10002398656752215,True
2026-04-27,002428.SZ,84.83,69.41,0.0999740663900415,True
2026-04-27,002429.SZ,12.97,10.61,0.10008481764206961,True
2026-04-27,002436.SZ,31.37,25.67,0.099929873772791,True
2026-04-27,002463.SZ,112.62,92.14,0.10001953506544249,True
2026-04-27,002475.SZ,72.6,59.4,0.09999999999999996,True
2026-04-27,002491.SZ,17.22,14.09,0.09996806132226123,True
2026-04-27,002916.SZ,331.5,271.22,0.10001327316166705,True
2026-04-27,002938.SZ,78.75,64.43,0.10001396843134511,True
2026-04-27,600105.SH,53.91,44.11,0.09997959600081613,True
2026-04-27,600176.SH,36.3,29.7,0.09999999999999996,True
2026-04-27,600183.SH,79.89,65.37,0.09995869475423377,True
2026-04-27,600330.SH,28.48,23.3,0.10003862495171881,True
2026-04-27,600487.SH,76.49,62.59,0.09994247914869135,True
2026-04-27,600498.SH,57.49,47.03,0.10007654037504783,True
2026-04-27,600522.SH,36.53,29.89,0.09996988858777477,True
2026-04-27,600584.SH,49.38,40.4,0.10002227667631994,True
2026-04-27,600703.SH,16.62,13.6,0.09993381866313704,True
2026-04-27,601138.SH,71.51,58.51,0.09998461775111527,True
2026-04-27,603083.SH,169.0,138.28,0.09997396511325177,True
2026-04-27,603228.SH,75.35,61.65,0.09999999999999996,True
2026-04-27,603256.SH,117.7,96.3,0.10000000000000003,True
2026-04-27,603268.SH,161.05,131.77,0.09999316986544633,True
2026-04-27,603306.SH,106.19,86.89,0.09995856639734824,True
2026-04-27,603538.SH,63.34,51.82,0.1000347342827371,True
2026-04-27,603618.SH,33.62,27.5,0.10013089005235598,True
2026-04-27,603659.SH,40.38,33.04,0.09997275946608558,True
2026-04-27,603738.SH,43.79,35.83,0.09997488068324542,True
2026-04-27,605090.SH,50.37,41.21,0.1000218388294387,True
2026-04-28,000636.SZ,25.62,20.96,0.10004293688278232,True
2026-04-28,000925.SZ,11.13,9.11,0.09980237154150204,True
2026-04-28,000938.SZ,35.41,28.97,0.1000310655483069,True
2026-04-28,000988.SZ,130.67,106.91,0.1000084182170216,True
2026-04-28,001267.SZ,54.24,44.38,0.09997972013790306,True
2026-04-28,001389.SZ,189.42,154.98,0.1,True
2026-04-28,002008.SZ,115.14,94.2,0.10002866150759529,True
2026-04-28,002025.SZ,81.94,67.04,0.1000134246207544,True
2026-04-28,002080.SZ,57.28,46.86,0.10005761474937586,True
2026-04-28,002081.SZ,4.87,3.99,0.09932279909706546,True
2026-04-28,002149.SZ,63.67,52.09,0.10003455425017276,True
2026-04-28,002156.SZ,56.32,46.08,0.10000000000000002,True
2026-04-28,002281.SZ,147.97,121.07,0.09998513232233129,True
2026-04-28,002436.SZ,32.15,26.31,0.09989736572015054,True
2026-04-28,002463.SZ,115.45,94.46,0.09999523605354681,True
2026-04-28,002475.SZ,79.17,64.77,0.10004168403501464,True
2026-04-28,002491.SZ,18.5,15.14,0.09988109393579071,True
2026-04-28,002549.SZ,22.31,18.25,0.10009861932938852,True
2026-04-28,002636.SZ,48.51,39.69,0.10000000000000002,True
2026-04-28,002916.SZ,353.98,289.62,0.10000000000000002,True
2026-04-28,002938.SZ,84.9,69.46,0.10002591344908014,True
2026-04-28,600105.SH,53.37,43.67,0.09995877988458364,True
2026-04-28,600176.SH,36.78,30.1,0.09988038277511962,True
2026-04-28,600183.SH,84.34,69.0,0.10003912873353335,True
2026-04-28,600330.SH,30.16,24.68,0.099927060539752,True
2026-04-28,600487.SH,78.52,64.24,0.10002801905295602,True
2026-04-28,600498.SH,56.76,46.44,0.10000000000000002,True
2026-04-28,600522.SH,39.36,32.2,0.10005589714924534,True
2026-04-28,600584.SH,50.95,41.69,0.09995682210708123,True
2026-04-28,600601.SH,13.15,10.76,0.09995817649519032,True
2026-04-28,600703.SH,16.2,13.26,0.09979633401221993,True
2026-04-28,600869.SH,18.96,15.52,0.0997679814385151,True
2026-04-28,601138.SH,73.98,60.53,0.09999256560850497,True
2026-04-28,603083.SH,168.95,138.23,0.10000651084054953,True
2026-04-28,603220.SH,34.71,28.4,0.09998415465061009,True
2026-04-28,603228.SH,82.89,67.82,0.09999336474022964,True
2026-04-28,603256.SH,117.05,95.77,0.09999060238699371,True
2026-04-28,603659.SH,40.67,33.27,0.10008114687584527,True
2026-04-28,603738.SH,42.82,35.04,0.09992293860775753,True
2026-04-28,605090.SH,51.0,41.72,0.10008628127696291,True
2026-04-29,000636.SZ,26.88,22.0,0.09983633387888706,True
2026-04-29,000925.SZ,10.74,8.78,0.10040983606557381,True
2026-04-29,000938.SZ,34.74,28.42,0.10006333122229259,True
2026-04-29,000988.SZ,127.15,104.03,0.1000086512674107,True
2026-04-29,001267.SZ,56.97,46.61,0.10001930874686232,True
2026-04-29,002008.SZ,115.74,94.7,0.09998099220680476,True
2026-04-29,002049.SZ,81.87,66.99,0.09995969367190655,True
2026-04-29,002080.SZ,58.72,48.04,0.10003746721618584,True
2026-04-29,002149.SZ,62.26,50.94,0.10000000000000002,True
2026-04-29,002156.SZ,55.28,45.23,0.09999005074121983,True
2026-04-29,002217.SZ,3.28,2.68,0.10067114093959725,True
2026-04-29,002273.SZ,34.79,28.47,0.09990515333544105,True
2026-04-29,002281.SZ,150.7,123.3,0.09999999999999996,True
2026-04-29,002436.SZ,30.67,25.09,0.10007173601147779,True
2026-04-29,002463.SZ,112.07,91.69,0.10001963093835883,True
2026-04-29,002466.SZ,79.78,65.28,0.09995863780504619,True
2026-04-29,002475.SZ,76.87,62.89,0.1000286204922725,True
2026-04-29,002636.SZ,50.91,41.65,0.10004321521175451,True
2026-04-29,002902.SZ,34.62,28.32,0.100095328884652,True
2026-04-29,002916.SZ,346.42,283.44,0.09999047407360369,True
2026-04-29,002938.SZ,82.08,67.16,0.09997319753417315,True
2026-04-29,600105.SH,49.34,40.37,0.09998885297068337,True
2026-04-29,600110.SH,11.62,9.5,0.10037878787878786,True
2026-04-29,600176.SH,37.95,31.05,0.10000000000000003,True
2026-04-29,600183.SH,84.28,68.96,0.09997389715478991,True
2026-04-29,600330.SH,29.06,23.78,0.09992429977289927,True
2026-04-29,600487.SH,75.12,61.46,0.10001464343242057,True
2026-04-29,600498.SH,57.53,47.07,0.10000000000000002,True
2026-04-29,600522.SH,38.5,31.5,0.1,True
2026-04-29,600584.SH,49.61,40.59,0.09999999999999995,True
2026-04-29,600601.SH,12.76,10.44,0.10000000000000002,True
2026-04-29,601208.SH,39.15,32.03,0.10002809778027531,True
2026-04-29,603083.SH,170.71,139.67,0.1000064437141569,True
2026-04-29,603228.SH,80.65,65.99,0.09997272231314792,True
2026-04-29,603306.SH,101.45,83.01,0.09996747262279083,True
2026-04-29,603318.SH,15.16,12.4,0.10014513788098692,True
2026-04-29,603659.SH,39.05,31.95,0.09999999999999996,True
2026-04-29,603738.SH,39.82,32.58,0.10000000000000002,True
2026-04-29,603920.SH,58.41,47.79,0.09999999999999999,True
2026-04-29,603985.SH,30.27,24.77,0.09992732558139535,True
2026-04-30,000636.SZ,27.81,22.75,0.1000791139240506,True
2026-04-30,000657.SZ,63.04,51.58,0.09998255103821323,True
2026-04-30,000938.SZ,35.66,29.18,0.09993830968537934,True
2026-04-30,000988.SZ,130.94,107.14,0.09996639784946236,True
2026-04-30,001267.SZ,59.31,48.53,0.09996290801186944,True
2026-04-30,002025.SZ,74.44,60.9,0.1000443327914881,True
2026-04-30,002049.SZ,83.47,68.29,0.10002635740643116,True
2026-04-30,002080.SZ,62.59,51.21,0.1,True
2026-04-30,002149.SZ,63.51,51.97,0.0999307239348805,True
2026-04-30,002156.SZ,54.45,44.55,0.10000000000000006,True
2026-04-30,002185.SZ,14.05,11.49,0.10023492560689118,True
2026-04-30,002281.SZ,146.16,119.58,0.100022578460149,True
2026-04-30,002297.SZ,25.53,20.89,0.09995691512279191,True
2026-04-30,002364.SZ,43.73,35.78,0.09998742296566465,True
2026-04-30,002371.SZ,561.78,459.64,0.09999804194161069,True
2026-04-30,002428.SZ,76.14,62.3,0.09997110661658483,True
2026-04-30,002436.SZ,30.21,24.71,0.10014566642388929,True
2026-04-30,002463.SZ,112.18,91.78,0.1000196116885664,True
2026-04-30,002466.SZ,83.07,67.97,0.0999735169491525,True
2026-04-30,002475.SZ,75.5,61.78,0.09994172494172493,True
2026-04-30,002636.SZ,49.87,40.81,0.09991177767975291,True
2026-04-30,002916.SZ,345.96,283.06,0.09999682045086003,True
2026-04-30,002938.SZ,80.1,65.54,0.09997253501785217,True
2026-04-30,600105.SH,47.65,38.99,0.09995383194829174,True
2026-04-30,600176.SH,39.27,32.13,0.1,True
2026-04-30,600183.SH,85.8,70.2,0.09999999999999996,True
2026-04-30,600206.SH,29.51,24.15,0.09988818486768548,True
2026-04-30,600487.SH,74.12,60.64,0.10002968239833782,True
2026-04-30,600498.SH,56.65,46.35,0.09999999999999998,True
2026-04-30,600522.SH,37.71,30.85,0.10005834305717619,True
2026-04-30,600584.SH,48.8,39.92,0.10009017132551844,True
2026-04-30,600703.SH,15.33,12.55,0.09971305595408891,True
2026-04-30,601208.SH,42.53,34.79,0.10010346611484743,True
2026-04-30,603083.SH,187.78,153.64,0.09999414211235434,True
2026-04-30,603228.SH,80.14,65.57,0.09999313705305064,True
2026-04-30,603256.SH,132.68,108.56,0.09998341900182392,True
2026-04-30,603629.SH,144.42,118.16,0.10000761672633099,True
2026-04-30,603659.SH,41.38,33.86,0.09994683678894208,True
2026-04-30,603738.SH,43.8,35.84,0.09994977398292308,True
2026-04-30,605376.SH,131.58,107.66,0.09998328038789506,True
2026-05-06,000021.SZ,32.14,26.3,0.0999315537303217,True
2026-05-06,000100.SZ,4.7,3.84,0.10070257611241222,True
2026-05-06,000657.SZ,64.01,52.37,0.10001718508334773,True
2026-05-06,000725.SZ,4.49,3.67,0.1004901960784314,True
2026-05-06,000938.SZ,35.19,28.79,0.10003125976867769,True
2026-05-06,000988.SZ,131.48,107.58,0.09997490169831838,True
2026-05-06,001267.SZ,59.36,48.56,0.10007412898443288,True
2026-05-06,001309.SZ,577.29,472.33,0.09999809454850325,True
2026-05-06,002008.SZ,110.79,90.65,0.0999801429706116,True
2026-05-06,002049.SZ,85.05,69.59,0.09997413347128813,True
2026-05-06,002080.SZ,60.69,49.65,0.10005437737901032,True
2026-05-06,002149.SZ,69.86,57.16,0.09998425444811843,True
2026-05-06,002156.SZ,56.95,46.59,0.10005794861889124,True
2026-05-06,002185.SZ,14.42,11.8,0.09992372234935161,True
2026-05-06,002297.SZ,26.95,22.05,0.09999999999999998,True
2026-05-06,002371.SZ,590.69,483.29,0.10000186223207139,True
2026-05-06,002428.SZ,77.01,63.01,0.09998571632623915,True
2026-05-06,002436.SZ,30.48,24.94,0.09996391194514614,True
2026-05-06,002463.SZ,112.83,92.31,0.10002924831822169,True
2026-05-06,002466.SZ,88.03,72.03,0.09996251405722854,True
2026-05-06,002475.SZ,73.7,60.3,0.10000000000000005,True
2026-05-06,002636.SZ,49.39,40.41,0.10000000000000005,True
2026-05-06,002916.SZ,343.75,281.25,0.1,True
2026-05-06,002938.SZ,79.26,64.85,0.0999930608562904,True
2026-05-06,600105.SH,46.65,38.17,0.09997642065550574,True
2026-05-06,600176.SH,37.95,31.05,0.10000000000000003,True
2026-05-06,600183.SH,84.16,68.86,0.09998692981309631,True
2026-05-06,600206.SH,30.11,24.63,0.10010960906101572,True
2026-05-06,600330.SH,30.68,25.1,0.1000358551452133,True
2026-05-06,600406.SH,28.57,23.37,0.10011551790527531,True
2026-05-06,600487.SH,72.27,59.13,0.09999999999999995,True
2026-05-06,600498.SH,51.35,42.01,0.10004284490145676,True
2026-05-06,600522.SH,36.43,29.81,0.09993961352657008,True
2026-05-06,600584.SH,50.12,41.0,0.10008779631255484,True
2026-05-06,600703.SH,15.04,12.3,0.10021945866861735,True
2026-05-06,601208.SH,43.05,35.23,0.0998978027593255,True
2026-05-06,603228.SH,77.19,63.15,0.10004275331338178,True
2026-05-06,603629.SH,158.85,129.97,0.09999307527179557,True
2026-05-06,603659.SH,39.9,32.64,0.10008271298593878,True
2026-05-06,603986.SH,344.29,281.69,0.10000319499025531,True
2026-05-07,000021.SZ,33.79,27.65,0.09993489583333334,True
2026-05-07,000066.SZ,23.98,19.62,0.09999999999999998,True
2026-05-07,000100.SZ,4.72,3.86,0.10023310023310021,True
2026-05-07,000657.SZ,68.19,55.79,0.10001613163413453,True
2026-05-07,000725.SZ,4.6,3.76,0.10047846889952151,True
2026-05-07,000938.SZ,35.04,28.67,0.09998430387694235,True
2026-05-07,000988.SZ,137.71,112.67,0.10000798785845517,True
2026-05-07,001267.SZ,57.82,47.3,0.10007610350076106,True
2026-05-07,002049.SZ,86.96,71.15,0.09999367528935543,True
2026-05-07,002080.SZ,66.76,54.62,0.100016477179107,True
2026-05-07,002081.SZ,7.14,5.84,0.10015408320493065,True
2026-05-07,002149.SZ,76.85,62.87,0.10005725737188662,True
2026-05-07,002156.SZ,62.65,51.26,0.0999912211394961,True
2026-05-07,002185.SZ,14.98,12.26,0.0998531571218796,True
2026-05-07,002297.SZ,26.41,21.61,0.09995835068721369,True
2026-05-07,002384.SZ,211.07,172.69,0.10001042318115488,True
2026-05-07,002436.SZ,32.42,26.52,0.10010179843909064,True
2026-05-07,002463.SZ,115.27,94.31,0.10000954289531441,True
2026-05-07,002475.SZ,73.79,60.37,0.10002981514609428,True
2026-05-07,002636.SZ,51.22,41.9,0.10008591065292095,True
2026-05-07,002916.SZ,350.63,286.88,0.09999843139715456,True
2026-05-07,002938.SZ,82.64,67.62,0.09996006921336348,True
2026-05-07,600105.SH,48.05,39.31,0.10004578754578748,True
2026-05-07,600176.SH,40.7,33.3,0.10000000000000007,True
2026-05-07,600183.SH,88.89,72.73,0.09998762529389925,True
2026-05-07,600206.SH,30.89,25.27,0.1000712250712251,True
2026-05-07,600330.SH,29.71,24.31,0.09996297667530549,True
2026-05-07,600406.SH,28.84,23.6,0.09992372234935161,True
2026-05-07,600498.SH,53.45,43.73,0.10002058036633057,True
2026-05-07,600522.SH,38.38,31.4,0.10002866150759536,True
2026-05-07,600584.SH,53.02,43.38,0.1,True
2026-05-07,600601.SH,13.05,10.67,0.10033726812816193,True
2026-05-07,601208.SH,45.16,36.95,0.09998782121544263,True
2026-05-07,603228.SH,77.19,63.15,0.10004275331338178,True
2026-05-07,603256.SH,144.11,117.91,0.09999236699488596,True
2026-05-07,603399.SH,23.46,19.2,0.09985935302391002,True
2026-05-07,603629.SH,174.74,142.97,0.09999685247552802,True
2026-05-07,603659.SH,40.89,33.45,0.10008071025020174,True
2026-05-07,603920.SH,60.37,49.39,0.10003644314868802,True
2026-05-07,603986.SH,378.72,309.86,0.10000290452815941,True
2026-05-08,000100.SZ,4.73,3.87,0.10000000000000002,True
2026-05-08,000938.SZ,36.22,29.64,0.09990889766170663,True
2026-05-08,000988.SZ,146.85,120.15,0.09999999999999996,True
2026-05-08,001267.SZ,62.38,51.04,0.09998236642567451,True
2026-05-08,001309.SZ,678.16,554.86,0.0999983779662941,True
2026-05-08,002008.SZ,123.65,101.17,0.09999110399430658,True
2026-05-08,002080.SZ,69.5,56.86,0.10003165558721115,True
2026-05-08,002081.SZ,7.85,6.43,0.09943977591036414,True
2026-05-08,002149.SZ,80.82,66.12,0.10004083299305831,True
2026-05-08,002156.SZ,64.99,53.17,0.1000338524035206,True
2026-05-08,002185.SZ,15.33,12.55,0.09971305595408891,True
2026-05-08,002217.SZ,3.85,3.15,0.10000000000000002,True
2026-05-08,002281.SZ,180.72,147.86,0.10000608679773565,True
2026-05-08,002297.SZ,27.23,22.28,0.09997980206018983,True
2026-05-08,002384.SZ,232.18,189.96,0.1000142132941678,True
2026-05-08,002428.SZ,88.22,72.18,0.09999999999999995,True
2026-05-08,002436.SZ,35.66,29.18,0.09993830968537934,True
2026-05-08,002463.SZ,118.12,96.64,0.10001862544235428,True
2026-05-08,002475.SZ,76.47,62.57,0.09997123130034521,True
2026-05-08,002491.SZ,20.66,16.9,0.10010649627263049,True
2026-05-08,002938.SZ,83.41,68.25,0.09996043782144268,True
2026-05-08,600105.SH,52.27,42.77,0.09995791245791245,True
2026-05-08,600176.SH,41.72,34.14,0.09992090693382545,True
2026-05-08,600183.SH,90.2,73.8,0.10000000000000003,True
2026-05-08,600206.SH,32.26,26.4,0.09989771564950563,True
2026-05-08,600487.SH,83.56,68.36,0.10005265929436546,True
2026-05-08,600498.SH,57.0,46.64,0.09996140486298725,True
2026-05-08,600584.SH,53.64,43.88,0.10008203445447085,True
2026-05-08,600736.SH,10.62,8.69,0.09994821336095287,True
2026-05-08,601208.SH,49.68,40.64,0.10008857395925598,True
2026-05-08,603256.SH,158.52,129.7,0.0999930608562904,True
2026-05-08,603399.SH,24.84,20.32,0.10008857395925598,True
2026-05-08,603618.SH,37.62,30.78,0.09999999999999994,True
2026-05-08,603629.SH,174.11,142.45,0.10001263583522879,True
2026-05-08,603659.SH,39.35,32.19,0.10008386916410406,True
2026-05-08,603688.SH,69.65,56.99,0.09996841440303224,True
2026-05-08,603773.SH,75.46,61.74,0.09999999999999995,True
2026-05-08,603920.SH,64.93,53.13,0.09994917838387264,True
2026-05-08,603986.SH,385.18,315.14,0.10001142334932606,True
2026-05-08,605358.SH,49.98,40.9,0.09991197183098591,True
2026-05-11,000021.SZ,34.12,27.92,0.09993552546744029,True
2026-05-11,000100.SZ,4.64,3.8,0.09952606635071089,True
2026-05-11,000547.SZ,30.35,24.83,0.10003624501631031,True
2026-05-11,000938.SZ,36.49,29.85,0.10009044317154055,True
2026-05-11,001267.SZ,68.62,56.14,0.10003206155819176,True
2026-05-11,001309.SZ,657.48,537.94,0.09999832694785092,True
2026-05-11,002008.SZ,134.27,109.85,0.10003277076847458,True
2026-05-11,002080.SZ,68.64,56.16,0.10000000000000003,True
2026-05-11,002081.SZ,7.48,6.12,0.10000000000000002,True
2026-05-11,002131.SZ,7.79,6.37,0.1002824858757062,True
2026-05-11,002149.SZ,79.68,65.2,0.09994478188845944,True
2026-05-11,002156.SZ,62.88,51.44,0.10006997900629816,True
2026-05-11,002185.SZ,15.11,12.37,0.09970887918486174,True
2026-05-11,002217.SZ,3.77,3.09,0.09912536443148691,True
2026-05-11,002241.SZ,28.05,22.95,0.10000000000000003,True
2026-05-11,002281.SZ,198.79,162.65,0.0999889331562638,True
2026-05-11,002297.SZ,28.28,23.14,0.09996110462854921,True
2026-05-11,002384.SZ,232.53,190.25,0.10000473059274329,True
2026-05-11,002428.SZ,94.68,77.46,0.10003485535029635,True
2026-05-11,002436.SZ,35.21,28.81,0.09996875976257423,True
2026-05-11,002475.SZ,78.42,64.16,0.10001402721279287,True
2026-05-11,002580.SZ,36.19,29.61,0.09999999999999998,True
2026-05-11,002594.SZ,110.02,90.02,0.09998000399920016,True
2026-05-11,002600.SZ,16.6,13.58,0.1000662690523526,True
2026-05-11,002792.SZ,56.3,46.06,0.10003907776475181,True
2026-05-11,002938.SZ,83.09,67.99,0.09994704792163099,True
2026-05-11,600105.SH,54.93,44.95,0.09991990388466157,True
2026-05-11,600206.SH,33.44,27.36,0.09999999999999998,True
2026-05-11,600406.SH,28.69,23.47,0.10007668711656446,True
2026-05-11,600498.SH,62.7,51.3,0.10000000000000005,True
2026-05-11,600519.SH,1510.29,1235.69,0.10000072833742413,True
2026-05-11,600522.SH,44.99,36.81,0.09999999999999998,True
2026-05-11,600584.SH,55.83,45.68,0.09999014875381736,True
2026-05-11,601869.SH,436.95,357.51,0.09999244770032474,True
2026-05-11,603228.SH,81.95,67.05,0.10000000000000003,True
2026-05-11,603256.SH,163.76,133.98,0.1000201518103043,True
2026-05-11,603399.SH,26.39,21.59,0.1000416840350146,True
2026-05-11,603618.SH,41.38,33.86,0.09994683678894208,True
2026-05-11,603629.SH,184.35,150.83,0.10000596694313497,True
2026-05-11,605358.SH,54.98,44.98,0.10004001600640257,True
2026-05-12,000636.SZ,31.31,25.61,0.10014054813773716,True
2026-05-12,000725.SZ,4.61,3.77,0.1002386634844869,True
2026-05-12,000858.SZ,100.99,82.63,0.0999891079403115,True
2026-05-12,000938.SZ,34.86,28.52,0.1000315556958031,True
2026-05-12,001267.SZ,70.18,57.42,0.10000000000000003,True
2026-05-12,001309.SZ,703.13,575.29,0.09999843556890539,True
2026-05-12,002049.SZ,90.13,73.75,0.09995118379301926,True
2026-05-12,002080.SZ,69.39,56.77,0.1000317057704502,True
2026-05-12,002081.SZ,7.98,6.53,0.09993108201240523,True
2026-05-12,002149.SZ,82.98,67.9,0.09994697773064687,True
2026-05-12,002185.SZ,16.21,13.27,0.0997286295793759,True
2026-05-12,002281.SZ,218.67,178.91,0.10000503043412645,True
2026-05-12,002297.SZ,27.67,22.64,0.0999801232359372,True
2026-05-12,002384.SZ,240.13,196.47,0.09999999999999999,True
2026-05-12,002428.SZ,101.42,82.98,0.09999999999999998,True
2026-05-12,002436.SZ,36.49,29.85,0.10009044317154055,True
2026-05-12,002491.SZ,25.0,20.46,0.09986801583809941,True
2026-05-12,002594.SZ,110.48,90.4,0.09996017522899242,True
2026-05-12,002792.SZ,58.31,47.71,0.09998113563478589,True
2026-05-12,002938.SZ,88.11,72.09,0.09999999999999998,True
2026-05-12,003031.SZ,169.49,138.67,0.1000129802699897,True
2026-05-12,600105.SH,56.54,46.26,0.10000000000000002,True
2026-05-12,600183.SH,92.03,75.29,0.10004781257470712,True
2026-05-12,600206.SH,36.16,29.58,0.10009126863401276,True
2026-05-12,600330.SH,35.29,28.87,0.10006234413965084,True
2026-05-12,600396.SH,15.05,12.31,0.10014619883040937,True
2026-05-12,600406.SH,29.54,24.17,0.0999813814932042,True
2026-05-12,600498.SH,64.47,52.75,0.09998293806517658,True
2026-05-12,600519.SH,1497.46,1225.2,0.09999779627276267,True
2026-05-12,600522.SH,48.25,39.47,0.10009119927040586,True
2026-05-12,601766.SH,6.58,5.38,0.10033444816053512,True
2026-05-12,601869.SH,440.34,360.28,0.09999750193599961,True
2026-05-12,603083.SH,217.58,178.02,0.1,True
2026-05-12,603256.SH,164.98,134.98,0.10001333511134819,True
2026-05-12,603399.SH,27.02,22.1,0.10016286644951135,True
2026-05-12,603618.SH,41.03,33.57,0.10000000000000002,True
2026-05-12,603629.SH,179.1,146.54,0.09998771649674489,True
2026-05-12,603688.SH,73.26,59.94,0.10000000000000006,True
2026-05-12,603738.SH,56.88,46.54,0.09998066138077745,True
2026-05-12,603773.SH,88.03,72.03,0.09996251405722854,True
2026-05-13,000066.SZ,27.9,22.82,0.10015772870662458,True
2026-05-13,000636.SZ,32.4,26.51,0.09998302495331858,True
2026-05-13,000858.SZ,99.62,81.5,0.10004416961130744,True
2026-05-13,000938.SZ,33.76,27.62,0.1000325839035516,True
2026-05-13,000988.SZ,158.58,129.74,0.10002774694783573,True
2026-05-13,001267.SZ,70.72,57.86,0.10001555451858765,True
2026-05-13,001309.SZ,679.8,556.2,0.09999999999999992,True
2026-05-13,002008.SZ,148.13,121.19,0.1000297044408139,True
2026-05-13,002049.SZ,87.55,71.63,0.10001256439251163,True
2026-05-13,002081.SZ,8.78,7.18,0.10025062656641602,True
2026-05-13,002149.SZ,81.77,66.91,0.09994619316653214,True
2026-05-13,002185.SZ,15.87,12.99,0.09979209979209976,True
2026-05-13,002297.SZ,26.51,21.69,0.1,True
2026-05-13,002384.SZ,241.41,197.51,0.10001822655609224,True
2026-05-13,002428.SZ,111.56,91.28,0.09998028002366398,True
2026-05-13,002436.SZ,36.8,30.11,0.09998505455088923,True
2026-05-13,002475.SZ,84.91,69.47,0.1000129550459904,True
2026-05-13,002491.SZ,27.5,22.5,0.1,True
2026-05-13,002792.SZ,57.27,46.85,0.10007683442182098,True
2026-05-13,600105.SH,57.55,47.09,0.09996177370030575,True
2026-05-13,600183.SH,94.18,77.06,0.0999766409717356,True
2026-05-13,600330.SH,35.93,29.39,0.10012247397428047,True
2026-05-13,600396.SH,16.56,13.55,0.09996678844237789,True
2026-05-13,600498.SH,64.91,53.11,0.0999830537197085,True
2026-05-13,600519.SH,1490.01,1219.1,0.09999963087508448,True
2026-05-13,600522.SH,48.49,39.67,0.1000453720508167,True
2026-05-13,600584.SH,60.76,49.72,0.0999275887038378,True
2026-05-13,600667.SH,13.5,11.04,0.10024449877750614,True
2026-05-13,600869.SH,25.19,20.61,0.10000000000000005,True
2026-05-13,601208.SH,51.98,42.53,0.09998941910908896,True
2026-05-13,601869.SH,452.61,370.31,0.1000097214796092,True
2026-05-13,603083.SH,208.36,170.48,0.09998944145285614,True
2026-05-13,603501.SH,113.64,92.98,0.09999032039492786,True
2026-05-13,603618.SH,44.5,36.41,0.09998764058830804,True
2026-05-13,603629.SH,172.71,141.31,0.09999363097891856,True
2026-05-13,603688.SH,80.59,65.93,0.10005460005460003,True
2026-05-13,603738.SH,59.71,48.85,0.10003684598378776,True
2026-05-13,603773.SH,89.94,73.58,0.10004892367906067,True
2026-05-13,603986.SH,388.91,318.2,0.09999858579287528,True
2026-05-13,605358.SH,56.13,45.93,0.09994121105232219,True
2026-05-14,000547.SZ,30.76,25.16,0.1001430615164521,True
2026-05-14,000725.SZ,4.65,3.81,0.099290780141844,True
2026-05-14,000858.SZ,98.07,80.24,0.09999439178957993,True
2026-05-14,000938.SZ,36.2,29.62,0.09996961409905805,True
2026-05-14,000988.SZ,156.31,127.89,0.1,True
2026-05-14,001267.SZ,69.78,57.1,0.09993694829760404,True
2026-05-14,001309.SZ,747.78,611.82,0.09999999999999995,True
2026-05-14,002008.SZ,162.94,133.32,0.0999797475190711,True
2026-05-14,002049.SZ,90.2,73.8,0.10000000000000003,True
2026-05-14,002081.SZ,8.67,7.09,0.100253807106599,True
2026-05-14,002149.SZ,82.46,67.46,0.10005336179295625,True
2026-05-14,002156.SZ,66.95,54.77,0.1000657246138679,True
2026-05-14,002185.SZ,16.09,13.17,0.09979494190020506,True
2026-05-14,002195.SZ,9.93,8.13,0.09966777408637867,True
2026-05-14,002241.SZ,28.75,23.53,0.09984697781178269,True
2026-05-14,002297.SZ,28.77,23.54,0.09998088319632958,True
2026-05-14,002491.SZ,29.65,24.26,0.09998145056575769,True
2026-05-14,002594.SZ,108.46,88.74,0.1,True
2026-05-14,002792.SZ,57.81,47.3,0.099990486157359,True
2026-05-14,002938.SZ,95.95,78.51,0.09996560816232945,True
2026-05-14,003031.SZ,166.09,135.89,0.10000662295516265,True
2026-05-14,600105.SH,57.01,46.65,0.09994211846420992,True
2026-05-14,600183.SH,103.6,84.76,0.10002123593119552,True
2026-05-14,600330.SH,38.58,31.56,0.10008554319931565,True
2026-05-14,600396.SH,18.22,14.9,0.10024154589371977,True
2026-05-14,600460.SH,34.66,28.36,0.09996826404316086,True
2026-05-14,600519.SH,1478.5,1209.68,0.10000074399779774,True
2026-05-14,600584.SH,63.24,51.74,0.1000173943294486,True
2026-05-14,600667.SH,14.59,11.93,0.10030165912518854,True
2026-05-14,601869.SH,447.66,366.26,0.10000982897582075,True
2026-05-14,603083.SH,210.8,172.48,0.09997912753078696,True
2026-05-14,603501.SH,113.86,93.16,0.09999033909767174,True
2026-05-14,603629.SH,189.98,155.44,0.09999420994731051,True
2026-05-14,603738.SH,59.4,48.6,0.09999999999999998,True
2026-05-14,603773.SH,96.91,79.29,0.09999999999999995,True
2026-05-14,605589.SH,46.49,38.03,0.10009465215333649,True
2026-05-15,000547.SZ,28.63,23.43,0.09988474836726852,True
2026-05-15,000725.SZ,4.64,3.8,0.09952606635071089,True
2026-05-15,000938.SZ,35.35,28.93,0.09987554449284383,True
2026-05-15,001267.SZ,76.69,62.75,0.0999713138267355,True
2026-05-15,002049.SZ,86.68,70.92,0.10000000000000002,True
2026-05-15,002081.SZ,8.72,7.14,0.09962168978562427,True
2026-05-15,002185.SZ,15.69,12.83,0.10028050490883589,True
2026-05-15,002273.SZ,42.69,34.93,0.09997423344498838,True
2026-05-15,002364.SZ,53.61,43.87,0.0999179318834633,True
2026-05-15,002409.SZ,117.59,96.21,0.10000000000000003,True
2026-05-15,002428.SZ,106.92,87.48,0.09999999999999999,True
2026-05-15,002436.SZ,35.98,29.44,0.09996942830938543,True
2026-05-15,002491.SZ,27.12,22.19,0.09997972013790306,True
2026-05-15,002929.SZ,95.59,78.21,0.10000000000000005,True
2026-05-15,003031.SZ,182.7,149.48,0.100006020832079,True
2026-05-15,600160.SH,38.02,31.1,0.10011574074074076,True
2026-05-15,600396.SH,18.3,14.98,0.09975961538461539,True
2026-05-15,600519.SH,1476.39,1207.95,0.10000223518630279,True
2026-05-15,601991.SH,7.92,6.48,0.09999999999999996,True
2026-05-15,603083.SH,211.06,172.68,0.10001563558659507,True
2026-05-15,603501.SH,110.55,90.45,0.09999999999999998,True
2026-05-15,603629.SH,187.44,153.36,0.09999999999999995,True
2026-05-15,603738.SH,58.28,47.68,0.10003775009437524,True
2026-05-18,000547.SZ,27.83,22.77,0.09999999999999999,True
2026-05-18,000620.SZ,3.59,2.93,0.10122699386503063,True
2026-05-18,000725.SZ,4.55,3.73,0.09903381642512075,True
2026-05-18,000938.SZ,35.1,28.72,0.09996866186148547,True
2026-05-18,001267.SZ,69.03,56.48,0.09999203250736997,True
2026-05-18,001309.SZ,783.27,640.85,0.10000561750414289,True
2026-05-18,002081.SZ,8.64,7.07,0.09993634627625718,True
2026-05-18,002131.SZ,7.24,5.92,0.10030395136778117,True
2026-05-18,002185.SZ,15.73,12.87,0.10000000000000003,True
2026-05-18,002241.SZ,27.86,22.8,0.09988156336360046,True
2026-05-18,002281.SZ,216.14,176.84,0.10000508931752247,True
2026-05-18,002364.SZ,52.64,43.07,0.09998955177097481,True
2026-05-18,002371.SZ,651.2,532.8,0.10000000000000007,True
2026-05-18,002384.SZ,223.69,183.02,0.09999754124560493,True
2026-05-18,002409.SZ,118.21,96.71,0.10003722315280104,True
2026-05-18,002428.SZ,99.36,81.3,0.09996678844237797,True
2026-05-18,002436.SZ,34.64,28.34,0.10003175611305176,True
2026-05-18,002491.SZ,24.85,20.33,0.10004426737494473,True
2026-05-18,002594.SZ,105.93,86.67,0.10000000000000002,True
2026-05-18,002792.SZ,53.21,43.53,0.10006202191440974,True
2026-05-18,002929.SZ,102.29,83.69,0.10001075384449945,True
2026-05-18,002938.SZ,94.5,77.32,0.09998835991153537,True
2026-05-18,003031.SZ,176.66,144.54,0.10000000000000002,True
2026-05-18,600160.SH,39.5,32.32,0.09997215260373156,True
2026-05-18,600330.SH,32.47,26.57,0.0999322493224932,True
2026-05-18,600519.SH,1466.25,1199.66,0.09999962489356352,True
2026-05-18,600522.SH,45.09,36.89,0.10002439619419373,True
2026-05-18,600667.SH,13.59,11.12,0.09995953055443142,True
2026-05-18,601991.SH,8.71,7.13,0.0997474747474748,True
2026-05-18,603501.SH,111.53,91.25,0.100009862905612,True
2026-05-18,603618.SH,40.04,32.76,0.10000000000000002,True
2026-05-18,603629.SH,187.0,153.0,0.1,True
2026-05-18,603738.SH,61.14,50.02,0.10003598416696652,True
2026-05-18,603986.SH,412.87,337.81,0.0999893429956839,True
2026-05-18,605589.SH,46.29,37.87,0.1000475285171103,True
2026-05-19,000021.SZ,40.73,33.33,0.09991898460707532,True
2026-05-19,000547.SZ,27.94,22.86,0.10000000000000005,True
2026-05-19,000636.SZ,32.37,26.49,0.09989806320081548,True
2026-05-19,000725.SZ,4.63,3.79,0.09976247030878858,True
2026-05-19,000938.SZ,35.01,28.65,0.0999057492931197,True
2026-05-19,000988.SZ,162.12,132.64,0.10001357036232873,True
2026-05-19,001267.SZ,73.5,60.14,0.09997006884166418,True
2026-05-19,002008.SZ,152.38,124.68,0.09997834404100191,True
2026-05-19,002025.SZ,74.8,61.2,0.09999999999999996,True
2026-05-19,002049.SZ,86.16,70.5,0.0999617004978935,True
2026-05-19,002081.SZ,7.78,6.36,0.10042432814710041,True
2026-05-19,002131.SZ,7.59,6.21,0.09999999999999999,True
2026-05-19,002195.SZ,9.23,7.55,0.10011918951132304,True
2026-05-19,002208.SZ,25.12,20.56,0.09982486865148867,True
2026-05-19,002273.SZ,41.03,33.57,0.10000000000000002,True
2026-05-19,002281.SZ,230.89,188.91,0.09999999999999999,True
2026-05-19,002371.SZ,657.77,538.17,0.10000501697409571,True
2026-05-19,002428.SZ,100.58,82.3,0.0999562554680665,True
2026-05-19,002436.SZ,36.97,30.25,0.0999702469503124,True
2026-05-19,002929.SZ,105.59,86.39,0.10001041775184916,True
2026-05-19,002938.SZ,98.15,80.31,0.09996637902050881,True
2026-05-19,003031.SZ,188.46,154.2,0.0999824899317108,True
2026-05-19,600160.SH,37.48,30.66,0.10008805400645725,True
2026-05-19,600183.SH,108.85,89.06,0.09999494719822137,True
2026-05-19,600330.SH,33.09,27.07,0.10006648936170218,True
2026-05-19,600396.SH,17.26,14.12,0.10006373486297011,True
2026-05-19,600406.SH,29.14,23.84,0.10003775009437524,True
2026-05-19,600522.SH,48.35,39.56,0.09998862472983733,True
2026-05-19,600667.SH,14.4,11.78,0.1000763941940413,True
2026-05-19,601869.SH,439.43,359.53,0.10000500650846103,True
2026-05-19,601991.SH,8.72,7.14,0.09962168978562427,True
2026-05-19,603083.SH,202.42,165.62,0.09998913161612864,True
2026-05-19,603220.SH,35.23,28.83,0.09990633780830468,True
2026-05-19,603501.SH,109.77,89.81,0.10001002104419278,True
2026-05-19,603738.SH,59.4,48.6,0.09999999999999998,True
2026-05-19,603986.SH,440.0,360.0,0.1,True
2026-05-19,605358.SH,55.17,45.14,0.099990030904197,True
2026-05-19,605376.SH,129.79,106.19,0.10000847529451647,True
2026-05-19,605589.SH,48.49,39.67,0.1000453720508167,True
2026-05-20,000636.SZ,35.61,29.13,0.10009267840593143,True
2026-05-20,000938.SZ,35.74,29.24,0.10003077870113886,True
2026-05-20,000988.SZ,174.24,142.56,0.10000000000000002,True
2026-05-20,001896.SZ,17.81,14.57,0.10006176652254474,True
2026-05-20,002008.SZ,150.69,123.29,0.10000729980290528,True
2026-05-20,002028.SZ,214.49,175.49,0.10000512846812656,True
2026-05-20,002049.SZ,89.07,72.87,0.1000370507595405,True
2026-05-20,002131.SZ,8.14,6.66,0.10000000000000002,True
2026-05-20,002208.SZ,27.63,22.61,0.0999203821656051,True
2026-05-20,002281.SZ,253.98,207.8,0.1000043310667417,True
2026-05-20,002371.SZ,681.67,557.73,0.09999999999999995,True
2026-05-20,002409.SZ,127.56,104.36,0.10003449465332874,True
2026-05-20,002436.SZ,36.11,29.55,0.0999086201644837,True
2026-05-20,002491.SZ,26.06,21.32,0.10004221190375684,True
2026-05-20,002594.SZ,105.6,86.4,0.09999999999999994,True
2026-05-20,002851.SZ,139.15,113.85,0.10000000000000005,True
2026-05-20,002916.SZ,365.53,299.07,0.09999999999999998,True
2026-05-20,600183.SH,110.86,90.7,0.1000198452073824,True
2026-05-20,600406.SH,29.67,24.27,0.10011123470522808,True
2026-05-20,600481.SH,7.93,6.49,0.09986130374479886,True
2026-05-20,600519.SH,1456.73,1191.87,0.10000000000000005,True
2026-05-20,600522.SH,49.01,40.1,0.09998877791493656,True
2026-05-20,600584.SH,66.89,54.73,0.0999835553362934,True
2026-05-20,603005.SH,36.8,30.11,0.09998505455088923,True
2026-05-20,603283.SH,76.74,62.78,0.10005733944954125,True
2026-05-20,603501.SH,112.88,92.36,0.09998051062171115,True
2026-05-20,603738.SH,57.75,47.25,0.1,True
2026-05-20,603986.SH,445.02,364.1,0.1000098872849515,True
2026-05-20,605358.SH,60.69,49.65,0.10005437737901032,True
2026-05-20,605589.SH,50.61,41.41,0.09997826559443602,True
2026-05-21,000021.SZ,41.64,34.07,0.09998679170519086,True
2026-05-21,000100.SZ,4.65,3.81,0.099290780141844,True
2026-05-21,000636.SZ,37.4,30.6,0.09999999999999996,True
2026-05-21,000657.SZ,60.7,49.66,0.10003624501631031,True
2026-05-21,000725.SZ,4.69,3.83,0.10093896713615028,True
2026-05-21,000858.SZ,94.02,76.92,0.10003510003510001,True
2026-05-21,001270.SZ,151.76,124.16,0.10002899391127863,True
2026-05-21,001896.SZ,16.37,13.39,0.10013440860215055,True
2026-05-21,002008.SZ,158.77,129.91,0.09997228765414996,True
2026-05-21,002025.SZ,80.97,66.25,0.09998641488928134,True
2026-05-21,002049.SZ,89.43,73.17,0.10000000000000002,True
2026-05-21,002131.SZ,7.62,6.24,0.09956709956709957,True
2026-05-21,002241.SZ,27.59,22.57,0.10007974481658692,True
2026-05-21,002364.SZ,56.68,46.38,0.09994178148651268,True
2026-05-21,002371.SZ,721.6,590.4,0.10000000000000003,True
2026-05-21,002436.SZ,36.89,30.19,0.09988073941562313,True
2026-05-21,002463.SZ,113.94,93.22,0.10001930874686232,True
2026-05-21,002484.SZ,64.46,52.74,0.09999999999999994,True
2026-05-21,002594.SZ,102.7,84.02,0.10004284490145676,True
2026-05-21,002654.SZ,21.21,17.35,0.100103734439834,True
2026-05-21,600176.SH,38.62,31.6,0.09997151808601533,True
2026-05-21,600276.SH,56.05,45.86,0.09999018742027277,True
2026-05-21,600406.SH,29.18,23.88,0.0998869204673954,True
2026-05-21,600519.SH,1446.5,1183.5,0.1,True
2026-05-21,600584.SH,72.84,59.6,0.09996979764421626,True
2026-05-21,600601.SH,13.23,10.83,0.09975062344139651,True
2026-05-21,600745.SH,16.8,15.2,0.050000000000000044,False
2026-05-21,600895.SH,41.97,34.34,0.09998689555759396,True
2026-05-21,601869.SH,437.75,358.16,0.09999874357653499,True
2026-05-21,603005.SH,40.48,33.12,0.1,True
2026-05-21,603501.SH,111.43,91.17,0.10000000000000002,True
2026-05-21,603629.SH,199.57,163.29,0.09998346469712836,True
2026-05-21,603688.SH,79.08,64.7,0.10001391014049239,True
2026-05-21,603986.SH,489.52,400.52,0.09999550581996315,True
2026-05-22,000021.SZ,40.01,32.73,0.10008248556502615,True
2026-05-22,001270.SZ,161.15,131.85,0.10000000000000003,True
2026-05-22,002008.SZ,156.85,128.33,0.10000701311452409,True
2026-05-22,002049.SZ,85.68,70.1,0.10001283861856472,True
2026-05-22,002131.SZ,7.29,5.97,0.09954751131221722,True
2026-05-22,002149.SZ,77.17,63.14,0.0999928729242392,True
2026-05-22,002156.SZ,67.94,55.58,0.10006476683937823,True
2026-05-22,002222.SZ,110.64,90.52,0.10001988466892028,True
2026-05-22,002371.SZ,729.29,596.69,0.10000150831837577,True
2026-05-22,002409.SZ,125.29,102.51,0.1,True
2026-05-22,002436.SZ,36.62,29.96,0.10003003905076595,True
2026-05-22,002463.SZ,114.07,93.33,0.09999999999999999,True
2026-05-22,002484.SZ,61.06,49.96,0.09998198522788687,True
2026-05-22,002636.SZ,46.95,38.41,0.10004686035613879,True
2026-05-22,002654.SZ,19.91,16.29,0.10000000000000002,True
2026-05-22,600160.SH,35.84,29.32,0.10006138735420508,True
2026-05-22,600183.SH,108.01,88.37,0.10001018433649048,True
2026-05-22,600519.SH,1442.1,1179.9,0.09999999999999994,True
2026-05-22,600563.SH,174.2,142.52,0.1000252589037635,True
2026-05-22,600584.SH,73.52,60.16,0.09994015559545182,True
2026-05-22,600601.SH,12.79,10.47,0.09974204643164225,True
2026-05-22,600895.SH,41.04,33.58,0.09997319753417315,True
2026-05-22,601208.SH,52.45,42.91,0.1000419463087249,True
2026-05-22,603005.SH,39.69,32.47,0.10005543237250553,True
2026-05-22,603256.SH,159.37,130.39,0.1000138045278852,True
2026-05-22,603501.SH,112.93,92.39,0.10003896356906296,True
2026-05-22,603629.SH,197.57,161.65,0.09999443238127048,True
2026-05-22,603688.SH,79.83,65.31,0.1000413393964448,True
2026-05-22,603738.SH,51.84,42.42,0.09993634627625718,True
2026-05-22,603936.SH,22.59,18.49,0.09980525803310618,True
2026-05-22,603986.SH,475.09,388.71,0.1,True
2026-05-22,605111.SH,58.39,47.77,0.10003767897513186,True
2026-05-22,605589.SH,48.36,39.56,0.100090991810737,True
2026-05-25,000021.SZ,41.5,33.96,0.0999204876755897,True
2026-05-25,000100.SZ,4.82,3.94,0.10045662100456625,True
2026-05-25,000657.SZ,68.62,56.14,0.10003206155819176,True
2026-05-25,000858.SZ,92.43,75.63,0.09996429846483405,True
2026-05-25,002008.SZ,160.91,131.65,0.10001367240907845,True
2026-05-25,002049.SZ,87.7,71.76,0.09996237300890504,True
2026-05-25,002080.SZ,78.41,64.15,0.10002805836139163,True
2026-05-25,002131.SZ,7.32,5.99,0.09992486851990984,True
2026-05-25,002138.SZ,47.63,38.97,0.10000000000000005,True
2026-05-25,002149.SZ,79.33,64.91,0.09997226844148642,True
2026-05-25,002156.SZ,69.78,57.1,0.09993694829760404,True
2026-05-25,002185.SZ,16.97,13.89,0.09980557355800383,True
2026-05-25,002222.SZ,116.12,95.0,0.10003789314134144,True
2026-05-25,002230.SZ,52.09,42.62,0.09998944145285614,True
2026-05-25,002371.SZ,735.9,602.1,0.09999999999999996,True
2026-05-25,002409.SZ,128.15,104.85,0.10000000000000005,True
2026-05-25,002436.SZ,38.96,31.88,0.09994353472614344,True
2026-05-25,002463.SZ,125.48,102.66,0.10002629964057162,True
2026-05-25,002475.SZ,79.64,65.16,0.10000000000000002,True
2026-05-25,002484.SZ,66.55,54.45,0.09999999999999995,True
2026-05-25,002594.SZ,103.13,84.38,0.09999466695109595,True
2026-05-25,002916.SZ,416.1,340.44,0.10000793084304865,True
2026-05-25,600183.SH,118.81,97.21,0.09999074159800023,True
2026-05-25,600498.SH,60.67,49.64,0.09999093463874537,True
2026-05-25,600519.SH,1419.22,1161.18,0.09999999999999998,True
2026-05-25,600563.SH,191.62,156.78,0.10000000000000002,True
2026-05-25,600584.SH,80.17,65.59,0.10002744237102085,True
2026-05-25,600601.SH,14.07,11.51,0.10007818608287727,True
2026-05-25,600703.SH,17.82,14.58,0.1,True
2026-05-25,601208.SH,57.7,47.21,0.09999046802020782,True
2026-05-25,601869.SH,427.53,349.79,0.10001029177172845,True
2026-05-25,603005.SH,43.05,35.23,0.0998978027593255,True
2026-05-25,603228.SH,90.75,74.25,0.1,True
2026-05-25,603256.SH,175.31,143.43,0.10001882411997237,True
2026-05-25,603501.SH,114.68,93.83,0.09999520406695127,True
2026-05-25,603738.SH,55.26,45.22,0.0999203821656051,True
2026-05-25,603920.SH,73.32,59.99,0.0999924986872702,True
2026-05-25,603986.SH,515.61,421.87,0.09999146648461835,True
2026-05-25,605376.SH,168.63,137.97,0.09999999999999998,True
2026-05-25,605589.SH,50.29,41.15,0.0999562554680665,True
2026-05-26,000021.SZ,45.27,37.04,0.09998785080792132,True
2026-05-26,000063.SZ,39.9,32.64,0.10008271298593878,True
2026-05-26,000547.SZ,25.8,21.11,0.09997868258367089,True
2026-05-26,000636.SZ,45.52,37.24,0.10004833252779122,True
2026-05-26,000725.SZ,5.8,4.74,0.10056925996204931,True
2026-05-26,000938.SZ,34.14,27.94,0.09987113402061855,True
2026-05-26,000988.SZ,189.13,154.75,0.09997673607072233,True
2026-05-26,002049.SZ,93.52,76.52,0.09997647612326512,True
2026-05-26,002080.SZ,82.37,67.39,0.10002670940170943,True
2026-05-26,002149.SZ,76.98,62.98,0.1000285795941698,True
2026-05-26,002156.SZ,76.76,62.8,0.10002866150759536,True
2026-05-26,002185.SZ,18.67,15.27,0.1001767825574544,True
2026-05-26,002222.SZ,123.08,100.7,0.10000893734918222,True
2026-05-26,002230.SZ,53.55,43.81,0.1000410846343467,True
2026-05-26,002245.SZ,22.35,18.29,0.09990157480314966,True
2026-05-26,002371.SZ,768.01,628.37,0.10000143227488217,True
2026-05-26,002463.SZ,134.79,110.29,0.09996735759751912,True
2026-05-26,002475.SZ,82.17,67.23,0.09999999999999998,True
2026-05-26,002594.SZ,105.56,86.36,0.1000416840350146,True
2026-05-26,002636.SZ,50.17,41.05,0.09997807498355629,True
2026-05-26,002741.SZ,30.69,25.11,0.10000000000000003,True
2026-05-26,002938.SZ,125.75,102.89,0.09998250524842547,True
2026-05-26,002975.SZ,147.08,120.34,0.09999252112781395,True
2026-05-26,600160.SH,38.79,31.73,0.10011344299489505,True
2026-05-26,600330.SH,34.44,28.18,0.09996806132226123,True
2026-05-26,600406.SH,28.89,23.63,0.10015232292460019,True
2026-05-26,600519.SH,1414.47,1157.29,0.10000155535508758,True
2026-05-26,600584.SH,88.19,72.15,0.1000374204814768,True
2026-05-26,600601.SH,14.31,11.71,0.09992313604919291,True
2026-05-26,600703.SH,17.74,14.52,0.09981401115933042,True
2026-05-26,600707.SH,12.76,10.44,0.10000000000000002,True
2026-05-26,601138.SH,77.33,63.27,0.09999999999999996,True
2026-05-26,601208.SH,59.11,48.37,0.09992556754745072,True
2026-05-26,601869.SH,424.63,347.43,0.09999222858327073,True
2026-05-26,603005.SH,47.36,38.75,0.09998838694692834,True
2026-05-26,603186.SH,144.38,118.13,0.09999619062130967,True
2026-05-26,603501.SH,119.83,98.05,0.09996328254084819,True
2026-05-26,603936.SH,27.34,22.37,0.09997988332327497,True
2026-05-26,605111.SH,69.54,56.9,0.09996836444163246,True
2026-05-26,605376.SH,183.56,150.18,0.10001797806675854,True
2026-05-27,000021.SZ,47.03,38.48,0.09998830546134961,True
2026-05-27,000636.SZ,45.87,37.53,0.09999999999999995,True
2026-05-27,000858.SZ,91.7,75.02,0.10004798464491367,True
2026-05-27,000938.SZ,31.79,26.01,0.09999999999999996,True
2026-05-27,001270.SZ,157.69,129.02,0.09999651215513929,True
2026-05-27,002028.SZ,213.51,174.69,0.09999999999999999,True
2026-05-27,002049.SZ,91.25,74.66,0.0999939726357664,True
2026-05-27,002156.SZ,82.93,67.85,0.10001326435866834,True
2026-05-27,002185.SZ,20.54,16.8,0.10016068559185855,True
2026-05-27,002222.SZ,114.4,93.6,0.10000000000000006,True
2026-05-27,002230.SZ,54.18,44.33,0.09998984874632019,True
2026-05-27,002245.SZ,24.59,20.12,0.09997763363900691,True
2026-05-27,002281.SZ,227.39,186.05,0.09999032507739931,True
2026-05-27,002428.SZ,91.41,74.79,0.09999999999999995,True
2026-05-27,002475.SZ,79.7,65.21,0.09999309916499903,True
2026-05-27,002552.SZ,53.0,43.36,0.10004151100041511,True
2026-05-27,002585.SZ,11.96,9.78,0.10027598896044164,True
2026-05-27,002594.SZ,106.21,86.9,0.09999482160426693,True
2026-05-27,600105.SH,50.91,41.65,0.10004321521175451,True
2026-05-27,600183.SH,140.99,115.35,0.1000234064133573,True
2026-05-27,600367.SH,32.76,26.8,0.10006715916722628,True
2026-05-27,600378.SH,43.18,35.33,0.09998726276907403,True
2026-05-27,600406.SH,28.03,22.93,0.10007849293563582,True
2026-05-27,600487.SH,76.35,62.47,0.09998559285405559,True
2026-05-27,600498.SH,57.2,46.8,0.10000000000000006,True
2026-05-27,600519.SH,1400.72,1146.04,0.10000157062306618,True
2026-05-27,600563.SH,178.76,146.26,0.09999384653252108,True
2026-05-27,600584.SH,97.01,79.37,0.10001133915409911,True
2026-05-27,600667.SH,14.6,11.94,0.10022607385079127,True
2026-05-27,600703.SH,17.44,14.27,0.09996846420687486,True
2026-05-27,600895.SH,43.25,35.39,0.09994913530010172,True
2026-05-27,601138.SH,76.98,62.98,0.1000285795941698,True
2026-05-27,601208.SH,58.63,47.97,0.10000000000000003,True
2026-05-27,601869.SH,400.32,327.54,0.09999175665649984,True
2026-05-27,603005.SH,49.61,40.59,0.09999999999999995,True
2026-05-27,603256.SH,202.29,165.51,0.10000000000000002,True
2026-05-27,603629.SH,233.13,190.75,0.09998112673398131,True
2026-05-27,603986.SH,578.84,473.6,0.09999619930827411,True
2026-05-27,605376.SH,175.45,143.55,0.09999999999999992,True
2026-05-27,605589.SH,49.5,40.5,0.1,True
2026-05-28,000021.SZ,48.38,39.58,0.10004547521600732,True
2026-05-28,000519.SZ,19.98,16.34,0.10022026431718063,True
2026-05-28,000636.SZ,48.64,39.8,0.09995477159656269,True
2026-05-28,000725.SZ,6.29,5.15,0.0996503496503496,True
2026-05-28,000733.SZ,55.37,45.31,0.09992054032578461,True
2026-05-28,000938.SZ,30.82,25.22,0.09992862241256248,True
2026-05-28,001270.SZ,169.43,138.63,0.09998052327468679,True
2026-05-28,002049.SZ,93.57,76.55,0.10004702562896776,True
2026-05-28,002080.SZ,77.83,63.68,0.09999293336159988,True
2026-05-28,002138.SZ,53.46,43.74,0.09999999999999999,True
2026-05-28,002149.SZ,72.16,59.04,0.09999999999999999,True
2026-05-28,002185.SZ,22.17,18.14,0.09997519225998514,True
2026-05-28,002222.SZ,110.28,90.23,0.09999501271757019,True
2026-05-28,002230.SZ,55.28,45.23,0.09999005074121983,True
2026-05-28,002245.SZ,25.06,20.5,0.10008779631255484,True
2026-05-28,002281.SZ,222.97,182.43,0.09999999999999999,True
2026-05-28,002463.SZ,141.12,115.46,0.10000779483981609,True
2026-05-28,002579.SZ,18.19,14.89,0.09975816203143896,True
2026-05-28,002585.SZ,11.83,9.68,0.09995350999535102,True
2026-05-28,002594.SZ,104.74,85.7,0.09997899600924172,True
2026-05-28,002655.SZ,42.77,34.99,0.10005144032921812,True
2026-05-28,002741.SZ,32.95,26.96,0.09998330829577702,True
2026-05-28,600105.SH,53.35,43.65,0.10000000000000003,True
2026-05-28,600183.SH,144.94,118.58,0.10003035822707955,True
2026-05-28,600487.SH,75.56,61.82,0.10001455815984861,True
2026-05-28,600498.SH,55.28,45.23,0.09999005074121983,True
2026-05-28,600519.SH,1433.3,1172.7,0.09999999999999996,True
2026-05-28,600563.SH,187.41,153.33,0.10001760873393198,True
2026-05-28,600584.SH,94.78,77.54,0.10004642525533888,True
2026-05-28,600601.SH,14.34,11.74,0.09969325153374232,True
2026-05-28,601208.SH,57.48,47.03,0.09999043153765187,True
2026-05-28,601869.SH,402.71,329.49,0.09999999999999995,True
2026-05-28,603005.SH,47.31,38.71,0.09997674959311788,True
2026-05-28,603228.SH,90.7,74.21,0.09999393608635018,True
2026-05-28,603256.SH,197.91,161.93,0.09998888394842148,True
2026-05-28,603501.SH,115.46,94.46,0.10003810975609757,True
2026-05-28,603629.SH,235.49,192.67,0.10000934230194326,True
2026-05-28,603678.SH,47.31,38.71,0.09997674959311788,True
2026-05-28,603986.SH,565.6,462.76,0.10000388968843597,True
2026-05-28,605376.SH,182.45,149.27,0.10002411672494868,True
2026-05-29,000636.SZ,53.5,43.78,0.09991776315789472,True
2026-05-29,000733.SZ,58.72,48.04,0.10003746721618584,True
2026-05-29,000858.SZ,89.64,73.34,0.10001227144434897,True
2026-05-29,000938.SZ,31.81,26.03,0.09993084370677727,True
2026-05-29,000969.SZ,28.07,22.97,0.09992163009404392,True
2026-05-29,002008.SZ,149.58,122.38,0.10001470804530083,True
2026-05-29,002049.SZ,94.93,77.67,0.10000000000000002,True
2026-05-29,002138.SZ,53.9,44.1,0.09999999999999998,True
2026-05-29,002185.SZ,23.64,19.34,0.10004653327128898,True
2026-05-29,002222.SZ,118.62,97.06,0.09996290801186944,True
2026-05-29,002281.SZ,236.39,193.41,0.09999999999999999,True
2026-05-29,002407.SZ,38.63,31.61,0.09994305239179957,True
2026-05-29,002436.SZ,39.97,32.71,0.09988992845349473,True
2026-05-29,002475.SZ,80.08,65.52,0.10000000000000002,True
2026-05-29,002484.SZ,81.48,66.66,0.10004050222762258,True
2026-05-29,002491.SZ,25.43,20.81,0.09991349480968861,True
2026-05-29,002552.SZ,61.14,50.02,0.10003598416696652,True
2026-05-29,002579.SZ,20.01,16.37,0.1000549752611325,True
2026-05-29,002594.SZ,105.47,86.29,0.1000208594075928,True
2026-05-29,002600.SZ,17.55,14.36,0.09996866186148547,True
2026-05-29,002938.SZ,116.6,95.4,0.09999999999999995,True
2026-05-29,002975.SZ,147.71,120.85,0.10001489425081923,True
2026-05-29,600105.SH,53.38,43.68,0.09993818256748406,True
2026-05-29,600206.SH,34.03,27.85,0.09987071751777633,True
2026-05-29,600498.SH,55.83,45.68,0.09999014875381736,True
2026-05-29,600584.SH,93.21,76.27,0.09995279679018172,True
2026-05-29,600703.SH,18.54,15.17,0.0999703352121032,True
2026-05-29,601991.SH,8.8,7.2,0.10000000000000003,True
2026-05-29,603005.SH,50.16,41.04,0.09999999999999998,True
2026-05-29,603228.SH,89.34,73.1,0.09997537552327018,True
2026-05-29,603501.SH,112.09,91.71,0.10000000000000005,True
2026-05-29,603618.SH,42.71,34.95,0.09992274014936903,True
2026-05-29,603629.SH,242.03,198.03,0.09998636549561424,True
2026-05-29,603678.SH,52.04,42.58,0.09997886281969985,True
2026-05-29,603738.SH,52.14,42.66,0.10000000000000005,True
2026-05-29,603773.SH,120.99,98.99,0.10000909173561233,True
2026-05-29,603920.SH,72.67,59.45,0.10006055101422948,True
2026-05-29,603986.SH,531.3,434.7,0.09999999999999996,True
2026-05-29,605111.SH,76.45,62.55,0.10000000000000005,True
2026-05-29,605376.SH,200.7,164.21,0.09999725959825706,True
2026-06-01,000636.SZ,58.33,47.73,0.09994342824816142,True
2026-06-01,000657.SZ,74.8,61.2,0.09999999999999996,True
2026-06-01,000938.SZ,31.5,25.78,0.09986033519553071,True
2026-06-01,001389.SZ,216.13,176.83,0.10001017915309442,True
2026-06-01,002049.SZ,87.23,71.37,0.09999999999999998,True
2026-06-01,002080.SZ,78.27,64.04,0.09999297308692284,True
2026-06-01,002131.SZ,6.58,5.38,0.10033444816053512,True
2026-06-01,002138.SZ,55.39,45.32,0.09999007049945387,True
2026-06-01,002185.SZ,21.27,17.41,0.0997931747673216,True
2026-06-01,002222.SZ,110.62,90.5,0.1000397772474145,True
2026-06-01,002230.SZ,52.69,43.11,0.09999999999999999,True
2026-06-01,002241.SZ,29.51,24.15,0.09988818486768548,True
2026-06-01,002273.SZ,43.3,35.42,0.1001016260162601,True
2026-06-01,002281.SZ,224.35,183.56,0.0999975484788311,True
2026-06-01,002384.SZ,234.36,191.75,0.09999765318814394,True
2026-06-01,002409.SZ,118.1,96.62,0.10003725782414302,True
2026-06-01,002475.SZ,80.62,65.96,0.10001364442625196,True
2026-06-01,002484.SZ,85.64,70.07,0.09999357780489378,True
2026-06-01,002552.SZ,63.47,51.93,0.09999999999999999,True
2026-06-01,002579.SZ,18.87,15.44,0.09997085397843199,True
2026-06-01,002594.SZ,105.8,86.56,0.10002079434393842,True
2026-06-01,002600.SZ,16.01,13.1,0.09996564754379945,True
2026-06-01,002851.SZ,138.66,113.45,0.09999603347745029,True
2026-06-01,002859.SZ,76.12,62.28,0.10000000000000002,True
2026-06-01,002938.SZ,115.51,94.51,0.09999047709741929,True
2026-06-01,002975.SZ,158.73,129.87,0.09999999999999994,True
2026-06-01,600089.SH,27.89,22.82,0.09998028002366398,True
2026-06-01,600160.SH,36.32,29.72,0.0999394306480921,True
2026-06-01,600172.SH,15.49,12.67,0.10014204545454547,True
2026-06-01,600176.SH,46.31,37.89,0.10000000000000002,True
2026-06-01,600406.SH,27.39,22.41,0.10000000000000002,True
2026-06-01,600498.SH,57.08,46.7,0.10001927153594137,True
2026-06-01,600584.SH,90.26,73.85,0.09999390652611059,True
2026-06-01,600601.SH,14.77,12.09,0.09977661950856291,True
2026-06-01,600703.SH,17.2,14.08,0.09974424552429664,True
2026-06-01,603083.SH,228.47,186.93,0.09999999999999999,True
2026-06-01,603228.SH,87.1,71.26,0.1000252589037635,True
2026-06-01,603501.SH,104.5,85.5,0.1,True
2026-06-01,603920.SH,67.34,55.1,0.09996733093760211,True
2026-06-01,605376.SH,196.16,160.5,0.09998317725564963,True
2026-06-02,000636.SZ,60.56,49.55,0.0999909181727364,True
2026-06-02,000725.SZ,5.9,4.82,0.10074626865671642,True
2026-06-02,000733.SZ,55.96,45.78,0.10005897385492431,True
2026-06-02,000938.SZ,30.62,25.06,0.0998563218390805,True
2026-06-02,000988.SZ,157.38,128.76,0.10002096875655275,True
2026-06-02,001309.SZ,657.15,537.67,0.09999832610769825,True
2026-06-02,002008.SZ,137.4,112.42,0.09999199423584983,True
2026-06-02,002049.SZ,84.16,68.86,0.09998692981309631,True
2026-06-02,002138.SZ,51.15,41.85,0.09999999999999996,True
2026-06-02,002185.SZ,20.27,16.59,0.09983722192078133,True
2026-06-02,002222.SZ,100.47,82.21,0.09995620757608936,True
2026-06-02,002281.SZ,224.73,183.87,0.09999999999999996,True
2026-06-02,002371.SZ,648.88,530.9,0.10000169523131433,True
2026-06-02,002384.SZ,210.93,172.58,0.0999973925060624,True
2026-06-02,002436.SZ,42.48,34.76,0.09994821336095287,True
2026-06-02,002475.SZ,77.78,63.64,0.09998585772875122,True
2026-06-02,002484.SZ,87.07,71.24,0.0999936832796412,True
2026-06-02,002491.SZ,25.52,20.88,0.10000000000000002,True
2026-06-02,002552.SZ,63.72,52.14,0.09994821336095286,True
2026-06-02,002594.SZ,103.02,84.29,0.09999466125674011,True
2026-06-02,002600.SZ,16.47,13.47,0.10020040080160315,True
2026-06-02,002859.SZ,82.56,67.55,0.09999333821863969,True
2026-06-02,002938.SZ,113.67,93.01,0.09996129281981805,True
2026-06-02,600172.SH,14.82,12.12,0.10022271714922054,True
2026-06-02,600183.SH,149.19,122.07,0.09997788099977883,True
2026-06-02,600396.SH,20.35,16.65,0.10000000000000007,True
2026-06-02,600498.SH,52.31,42.8,0.0999894858584797,True
2026-06-02,600584.SH,83.22,68.09,0.09999339105148368,True
2026-06-02,600601.SH,13.67,11.19,0.09975864843121482,True
2026-06-02,601231.SH,44.37,36.31,0.09990084283589483,True
2026-06-02,601991.SH,9.21,7.53,0.10035842293906812,True
2026-06-02,603011.SH,30.15,24.67,0.09996351696461139,True
2026-06-02,603083.SH,205.7,168.3,0.09999999999999994,True
2026-06-02,603228.SH,79.2,64.8,0.10000000000000003,True
2026-06-02,603256.SH,200.13,163.75,0.09997801473013081,True
2026-06-02,603267.SH,78.98,64.62,0.09999999999999998,True
2026-06-02,603618.SH,42.28,34.6,0.09989594172736732,True
2026-06-02,603678.SH,58.61,47.95,0.10003753753753751,True
2026-06-02,603986.SH,514.8,421.2,0.09999999999999996,True
2026-06-02,605376.SH,196.66,160.9,0.10001118693366146,True
2026-06-03,000062.SZ,36.87,30.17,0.09994033412887823,True
2026-06-03,000066.SZ,19.9,16.28,0.1000552791597567,True
2026-06-03,000636.SZ,65.9,53.92,0.09998330829577702,True
2026-06-03,000733.SZ,59.51,48.69,0.10000000000000002,True
2026-06-03,000938.SZ,31.03,25.39,0.0999645515774548,True
2026-06-03,000977.SZ,71.5,58.5,0.1,True
2026-06-03,001267.SZ,61.05,49.95,0.09999999999999995,True
2026-06-03,002028.SZ,226.9,185.64,0.10001454404421395,True
2026-06-03,002049.SZ,83.81,68.57,0.10001312508203182,True
2026-06-03,002149.SZ,64.57,52.83,0.09999999999999996,True
2026-06-03,002202.SZ,25.56,20.92,0.099827882960413,True
2026-06-03,002222.SZ,103.02,84.29,0.09999466125674011,True
2026-06-03,002230.SZ,53.09,43.43,0.10008288437629509,True
2026-06-03,002281.SZ,236.62,193.6,0.09999535121565713,True
2026-06-03,002407.SZ,36.41,29.79,0.09999999999999998,True
2026-06-03,002429.SZ,12.91,10.57,0.09965928449744463,True
2026-06-03,002460.SZ,75.88,62.08,0.10002899391127863,True
2026-06-03,002484.SZ,91.81,75.11,0.1000479271507309,True
2026-06-03,002491.SZ,27.6,22.58,0.10003985651654052,True
2026-06-03,002579.SZ,22.84,18.68,0.10019267822736032,True
2026-06-03,002594.SZ,106.44,87.08,0.10004133939644481,True
2026-06-03,002837.SZ,74.24,60.74,0.10001481700992736,True
2026-06-03,002859.SZ,88.44,72.36,0.09999999999999998,True
2026-06-03,002975.SZ,163.44,133.72,0.10001346076187913,True
2026-06-03,600276.SH,53.24,43.56,0.09999999999999999,True
2026-06-03,600396.SH,21.34,17.46,0.09999999999999998,True
2026-06-03,600498.SH,54.45,44.55,0.10000000000000006,True
2026-06-03,600584.SH,82.89,67.82,0.09999336474022964,True
2026-06-03,600703.SH,16.68,13.64,0.10026385224274403,True
2026-06-03,601991.SH,10.1,8.26,0.10021786492374728,True
2026-06-03,603011.SH,31.89,26.09,0.10003449465332874,True
2026-06-03,603228.SH,83.14,68.02,0.1000264620269913,True
2026-06-03,603256.SH,218.68,178.92,0.10000000000000005,True
2026-06-03,603267.SH,86.88,71.08,0.10002532286654849,True
2026-06-03,603306.SH,111.99,91.63,0.0999901777821432,True
2026-06-03,603501.SH,101.92,83.39,0.09999460363714857,True
2026-06-03,603678.SH,64.47,52.75,0.09998293806517658,True
2026-06-03,603738.SH,48.0,39.28,0.09990834097158569,True
2026-06-03,603890.SH,33.02,27.02,0.09993337774816793,True
2026-06-03,605376.SH,209.7,171.58,0.09997901804448169,True
2026-06-04,000062.SZ,36.12,29.56,0.09987819732034103,True
2026-06-04,000066.SZ,19.84,16.24,0.09977827050997787,True
2026-06-04,000636.SZ,66.59,54.49,0.09993392798149983,True
2026-06-04,000725.SZ,6.15,5.03,0.10017889087656531,True
2026-06-04,000733.SZ,59.31,48.53,0.09996290801186944,True
2026-06-04,000792.SZ,33.26,27.22,0.09986772486772486,True
2026-06-04,000938.SZ,31.04,25.4,0.09992912827781716,True
2026-06-04,000977.SZ,70.64,57.8,0.09996885705387733,True
2026-06-04,002025.SZ,71.76,58.72,0.09993868792152058,True
2026-06-04,002028.SZ,213.54,174.72,0.09998454643795393,True
2026-06-04,002081.SZ,7.32,5.99,0.09992486851990984,True
2026-06-04,002138.SZ,52.58,43.02,0.09999999999999995,True
2026-06-04,002222.SZ,108.9,89.1,0.10000000000000006,True
2026-06-04,002407.SZ,36.6,29.94,0.10009017132551848,True
2026-06-04,002460.SZ,75.67,61.91,0.10001453699665654,True
2026-06-04,002466.SZ,67.08,54.88,0.10003279763856998,True
2026-06-04,002484.SZ,96.35,78.83,0.10001141682840504,True
2026-06-04,002579.SZ,21.4,17.51,0.09997429966589559,True
2026-06-04,002594.SZ,104.3,85.34,0.09997890740350135,True
2026-06-04,002709.SZ,56.43,46.17,0.09999999999999999,True
2026-06-04,002837.SZ,75.15,61.49,0.09997072599531617,True
2026-06-04,002859.SZ,95.39,78.05,0.09997693726937272,True
2026-06-04,002975.SZ,162.8,133.2,0.10000000000000007,True
2026-06-04,600118.SH,89.74,73.42,0.10002451581269915,True
2026-06-04,600172.SH,16.54,13.54,0.0997340425531915,True
2026-06-04,600183.SH,155.2,126.98,0.10000708767453392,True
2026-06-04,600276.SH,51.92,42.48,0.10000000000000005,True
2026-06-04,600367.SH,46.98,38.44,0.09997658627955983,True
2026-06-04,600498.SH,57.22,46.82,0.09996155324875047,True
2026-06-04,600519.SH,1410.1,1153.72,0.09999921991403449,True
2026-06-04,600563.SH,177.1,144.9,0.09999999999999996,True
2026-06-04,600584.SH,88.14,72.12,0.0999625608386372,True
2026-06-04,600673.SH,38.27,31.31,0.10002874389192304,True
2026-06-04,600989.SH,27.49,22.49,0.10004001600640257,True
2026-06-04,603011.SH,34.0,27.82,0.09996764801035263,True
2026-06-04,603267.SH,84.81,69.39,0.10000000000000002,True
2026-06-04,603501.SH,110.89,90.73,0.09999008034917169,True
2026-06-04,603678.SH,70.32,57.54,0.09995307367433126,True
2026-06-04,603799.SH,58.54,47.9,0.09996242014280346,True
2026-06-04,605376.SH,209.06,171.05,0.099997369182605,True
2026-06-05,000066.SZ,19.75,16.16,0.09997215260373156,True
2026-06-05,000547.SZ,21.89,17.91,0.10000000000000002,True
2026-06-05,000636.SZ,69.85,57.15,0.09999999999999996,True
2026-06-05,000725.SZ,6.77,5.54,0.09991876523151906,True
2026-06-05,000733.SZ,65.24,53.38,0.09998313943685712,True
2026-06-05,000792.SZ,32.29,26.42,0.0999829671265542,True
2026-06-05,000938.SZ,30.49,24.95,0.09992784992784992,True
2026-06-05,000977.SZ,69.7,57.02,0.10006313131313131,True
2026-06-05,002028.SZ,212.08,173.52,0.1,True
2026-06-05,002049.SZ,85.0,69.54,0.10003882489970228,True
2026-06-05,002138.SZ,55.61,45.5,0.09999010978142617,True
2026-06-05,002222.SZ,106.92,87.48,0.09999999999999999,True
2026-06-05,002460.SZ,73.47,60.11,0.1000149723012427,True
2026-06-05,002466.SZ,65.41,53.51,0.10006727211570804,True
2026-06-05,002475.SZ,82.05,67.13,0.10001340662287171,True
2026-06-05,002484.SZ,105.99,86.72,0.09999481085568988,True
2026-06-05,002585.SZ,12.98,10.62,0.10000000000000005,True
2026-06-05,002594.SZ,102.78,84.1,0.09995719178082196,True
2026-06-05,002709.SZ,54.34,44.46,0.10000000000000002,True
2026-06-05,002837.SZ,76.14,62.3,0.09997110661658483,True
2026-06-05,002859.SZ,103.83,84.95,0.10001059434262101,True
2026-06-05,600118.SH,88.31,72.25,0.10002491280518187,True
2026-06-05,600176.SH,42.23,34.55,0.10002604845011721,True
2026-06-05,600183.SH,157.48,128.84,0.10002794076557693,True
2026-06-05,600367.SH,51.68,42.28,0.1000425713069391,True
2026-06-05,600563.SH,188.91,154.57,0.09997670897868872,True
2026-06-05,600584.SH,88.09,72.07,0.1000249750249751,True
2026-06-05,600673.SH,36.66,30.0,0.09990999099909986,True
2026-06-05,601179.SH,17.17,14.05,0.09993593850096094,True
2026-06-05,601318.SH,58.55,47.91,0.09994364080405788,True
2026-06-05,601698.SH,33.1,27.08,0.10003323363243607,True
2026-06-05,601868.SH,3.08,2.52,0.10000000000000002,True
2026-06-05,601899.SH,33.37,27.31,0.09986816084377059,True
2026-06-05,603011.SH,35.49,29.03,0.10012399256044636,True
2026-06-05,603228.SH,82.83,67.77,0.10000000000000002,True
2026-06-05,603501.SH,108.75,88.97,0.10004046125834513,True
2026-06-05,603678.SH,70.92,58.02,0.10004653327128896,True
2026-06-05,603773.SH,134.64,110.16,0.09999999999999996,True
2026-06-05,603799.SH,56.43,46.17,0.09999999999999999,True
2026-06-05,605376.SH,206.8,169.2,0.10000000000000006,True
2026-06-08,000426.SZ,41.89,34.27,0.10005252100840334,True
2026-06-08,000636.SZ,65.62,53.69,0.09999161847288582,True
2026-06-08,000733.SZ,61.68,50.46,0.10005350454788656,True
2026-06-08,000792.SZ,32.4,26.51,0.09998302495331858,True
2026-06-08,000938.SZ,30.66,25.08,0.10010764262648013,True
2026-06-08,000977.SZ,68.35,55.93,0.0999356292243321,True
2026-06-08,002008.SZ,140.66,115.08,0.10002346132791115,True
2026-06-08,002028.SZ,195.24,159.74,0.10000563412023213,True
2026-06-08,002049.SZ,82.65,67.63,0.0999467660367315,True
2026-06-08,002080.SZ,69.0,56.46,0.09995217599234815,True
2026-06-08,002156.SZ,73.52,60.16,0.09994015559545182,True
2026-06-08,002222.SZ,103.84,84.96,0.10000000000000005,True
2026-06-08,002240.SZ,47.91,39.2,0.09998852026173796,True
2026-06-08,002241.SZ,27.3,22.34,0.09991941982272362,True
2026-06-08,002273.SZ,39.84,32.6,0.09994478188845944,True
2026-06-08,002428.SZ,94.05,76.95,0.09999999999999996,True
2026-06-08,002460.SZ,72.22,59.09,0.09999238443378261,True
2026-06-08,002466.SZ,64.97,53.15,0.10006772773450728,True
2026-06-08,002475.SZ,75.65,61.89,0.1000436236731133,True
2026-06-08,002484.SZ,99.0,81.0,0.1,True
2026-06-08,002709.SZ,53.48,43.76,0.09995886466474702,True
2026-06-08,002837.SZ,72.49,59.31,0.09999999999999994,True
2026-06-08,002859.SZ,95.22,77.9,0.10004621072088721,True
2026-06-08,600089.SH,28.28,23.14,0.09996110462854921,True
2026-06-08,600176.SH,40.66,33.26,0.1001082251082251,True
2026-06-08,600330.SH,32.36,26.48,0.09993201903467026,True
2026-06-08,600367.SH,54.45,44.55,0.10000000000000006,True
2026-06-08,600601.SH,13.66,11.18,0.09983896940418681,True
2026-06-08,600875.SH,36.17,29.59,0.10006082725060829,True
2026-06-08,600988.SH,34.5,28.22,0.10012755102040818,True
2026-06-08,601012.SH,14.44,11.82,0.09977151561309974,True
2026-06-08,601179.SH,16.53,13.53,0.09980039920159686,True
2026-06-08,603019.SH,90.61,74.13,0.10003642102707298,True
2026-06-08,603228.SH,78.46,64.2,0.09995794195990461,True
2026-06-08,603296.SH,118.29,96.79,0.09996280453784638,True
2026-06-08,603501.SH,104.93,85.85,0.1000104832791698,True
2026-06-08,603601.SH,18.14,14.84,0.10006064281382657,True
2026-06-08,603678.SH,69.28,56.68,0.10003175611305176,True
2026-06-08,603799.SH,54.96,44.96,0.100080064051241,True
2026-06-08,605376.SH,196.25,160.57,0.09999439493301947,True
2026-06-09,000062.SZ,33.77,27.63,0.10000000000000006,True
2026-06-09,000636.SZ,61.08,49.98,0.09994597514856836,True
2026-06-09,000725.SZ,6.92,5.66,0.10015898251192368,True
2026-06-09,000733.SZ,55.51,45.41,0.10007927070947288,True
2026-06-09,000792.SZ,30.93,25.31,0.09992887624466575,True
2026-06-09,000938.SZ,28.5,23.32,0.09996140486298725,True
2026-06-09,000960.SZ,38.51,31.51,0.09997143673236214,True
2026-06-09,000977.SZ,63.68,52.1,0.10001727414061148,True
2026-06-09,001267.SZ,53.94,44.14,0.09991843393148447,True
2026-06-09,002008.SZ,132.95,108.77,0.10003309614429917,True
2026-06-09,002049.SZ,76.98,62.98,0.1000285795941698,True
2026-06-09,002138.SZ,61.23,50.09,0.10007186489399923,True
2026-06-09,002156.SZ,68.49,56.03,0.1000642467073562,True
2026-06-09,002222.SZ,95.15,77.85,0.10000000000000006,True
2026-06-09,002241.SZ,25.41,20.79,0.10000000000000002,True
2026-06-09,002428.SZ,86.5,70.78,0.09994913530010172,True
2026-06-09,002460.SZ,69.04,56.48,0.10006373486297011,True
2026-06-09,002466.SZ,61.82,50.58,0.10000000000000002,True
2026-06-09,002475.SZ,72.75,59.53,0.09993952222558208,True
2026-06-09,002484.SZ,91.98,75.26,0.09997608227696722,True
2026-06-09,002552.SZ,66.73,54.59,0.1000659413122321,True
2026-06-09,002594.SZ,100.31,82.07,0.10001096611470561,True
2026-06-09,002709.SZ,51.6,42.22,0.09997868258367089,True
2026-06-09,002738.SZ,59.7,48.84,0.10005527915975676,True
2026-06-09,002859.SZ,88.33,72.27,0.10000000000000002,True
2026-06-09,600089.SH,26.33,21.55,0.09983291562238926,True
2026-06-09,600330.SH,29.46,24.1,0.10007468259895443,True
2026-06-09,600367.SH,58.11,47.55,0.09994321408290746,True
2026-06-09,600563.SH,171.95,140.69,0.09998720573183212,True
2026-06-09,600601.SH,13.26,10.85,0.09995852343425965,True
2026-06-09,600989.SH,25.96,21.24,0.10000000000000005,True
2026-06-09,601012.SH,13.68,11.2,0.09967845659163989,True
2026-06-09,601899.SH,30.86,25.25,0.0999821778649082,True
2026-06-09,603019.SH,86.36,70.66,0.09998726276907403,True
2026-06-09,603228.SH,75.86,62.06,0.10005800464037119,True
2026-06-09,603678.SH,62.35,51.01,0.10003528581510236,True
2026-06-09,603773.SH,150.15,122.85,0.10000000000000005,True
2026-06-09,603799.SH,51.39,42.05,0.09995719178082196,True
2026-06-09,603993.SH,18.58,15.2,0.10005920663114265,True
2026-06-09,605376.SH,190.3,155.7,0.10000000000000006,True
2026-06-10,000338.SZ,33.39,27.32,0.09998352824905288,True
2026-06-10,000636.SZ,67.19,54.97,0.10003274394237066,True
2026-06-10,000938.SZ,29.02,23.74,0.10007581501137228,True
2026-06-10,000960.SZ,38.98,31.9,0.09988713318284423,True
2026-06-10,000977.SZ,65.41,53.51,0.10006727211570804,True
2026-06-10,002008.SZ,136.95,112.05,0.09999999999999996,True
2026-06-10,002080.SZ,71.15,58.21,0.10003092145949291,True
2026-06-10,002149.SZ,66.26,54.22,0.09993359893758305,True
2026-06-10,002156.SZ,70.87,57.99,0.09995343783951577,True
2026-06-10,002202.SZ,24.2,19.8,0.09999999999999996,True
2026-06-10,002230.SZ,48.96,40.06,0.09997753313862051,True
2026-06-10,002241.SZ,26.21,21.45,0.09987410826689051,True
2026-06-10,002428.SZ,93.14,76.2,0.10003543167591826,True
2026-06-10,002460.SZ,74.73,61.15,0.09994112452163678,True
2026-06-10,002466.SZ,66.01,54.01,0.09998333611064827,True
2026-06-10,002475.SZ,76.27,62.41,0.09994231323911161,True
2026-06-10,002484.SZ,101.18,82.78,0.10002174385736032,True
2026-06-10,002585.SZ,13.42,10.98,0.09999999999999999,True
2026-06-10,002600.SZ,16.35,13.37,0.10026917900403776,True
2026-06-10,002709.SZ,52.77,43.17,0.10006253908692934,True
2026-06-10,002738.SZ,63.13,51.65,0.10001742463843878,True
2026-06-10,002837.SZ,76.69,62.75,0.0999713138267355,True
2026-06-10,002859.SZ,97.16,79.5,0.0999660364542058,True
2026-06-10,600089.SH,25.86,21.16,0.09995746490854955,True
2026-06-10,600118.SH,87.84,71.87,0.09999373865130548,True
2026-06-10,600330.SH,32.41,26.51,0.10013577732518661,True
2026-06-10,600367.SH,61.11,50.0,0.0999909999099991,True
2026-06-10,600378.SH,58.08,47.52,0.09999999999999996,True
2026-06-10,600410.SH,19.69,16.11,0.10000000000000006,True
2026-06-10,600673.SH,38.18,31.24,0.09997118985883033,True
2026-06-10,600875.SH,34.98,28.62,0.09999999999999995,True
2026-06-10,601127.SH,78.88,64.54,0.09998605494352243,True
2026-06-10,601231.SH,44.81,36.67,0.09990181639666176,True
2026-06-10,601899.SH,31.32,25.62,0.1001053740779768,True
2026-06-10,603019.SH,88.44,72.36,0.09999999999999998,True
2026-06-10,603601.SH,15.93,13.03,0.10013812154696133,True
2026-06-10,603629.SH,176.78,144.64,0.09999377761184748,True
2026-06-10,603678.SH,65.58,53.66,0.09996645420999667,True
2026-06-10,603799.SH,52.64,43.07,0.09998955177097481,True
2026-06-10,605376.SH,209.33,171.27,0.1,True
2026-06-11,000338.SZ,31.01,25.37,0.10003547357218873,True
2026-06-11,000636.SZ,65.79,53.83,0.09998328038789506,True
2026-06-11,000938.SZ,28.51,23.33,0.0999228395061729,True
2026-06-11,000960.SZ,37.37,30.57,0.10008831321754486,True
2026-06-11,000977.SZ,65.33,53.45,0.10001683785149011,True
2026-06-11,002008.SZ,134.73,110.23,0.10001632919660347,True
2026-06-11,002080.SZ,69.08,56.52,0.09999999999999996,True
2026-06-11,002222.SZ,96.83,79.23,0.09996592070884923,True
2026-06-11,002230.SZ,46.52,38.06,0.10002364625206904,True
2026-06-11,002297.SZ,22.91,18.75,0.09985597695631303,True
2026-06-11,002475.SZ,72.06,58.96,0.09998473515493818,True
2026-06-11,002484.SZ,96.36,78.84,0.09999999999999998,True
2026-06-11,002585.SZ,14.76,12.08,0.0998509687034277,True
2026-06-11,002600.SZ,15.29,12.51,0.09999999999999999,True
2026-06-11,002709.SZ,51.59,42.21,0.10000000000000002,True
2026-06-11,002738.SZ,62.87,51.44,0.09999125185897996,True
2026-06-11,002837.SZ,75.79,62.01,0.10000000000000005,True
2026-06-11,002859.SZ,90.84,74.32,0.10002421893921053,True
2026-06-11,600089.SH,24.93,20.39,0.10017652250661957,True
2026-06-11,600118.SH,85.38,69.86,0.09997423344498838,True
2026-06-11,600150.SH,38.57,31.55,0.10011409013120363,True
2026-06-11,600330.SH,31.99,26.17,0.10006877579092155,True
2026-06-11,600367.SH,64.77,52.99,0.10003396739130431,True
2026-06-11,600418.SH,35.55,29.09,0.09993811881188115,True
2026-06-11,600584.SH,81.46,66.65,0.09999324826142723,True
2026-06-11,601127.SH,75.77,61.99,0.10002903600464573,True
2026-06-11,601231.SH,40.39,33.05,0.09994553376906323,True
2026-06-11,601899.SH,30.47,24.93,0.09999999999999999,True
2026-06-11,603019.SH,90.97,74.43,0.09999999999999995,True
2026-06-11,603078.SH,50.27,41.13,0.1,True
2026-06-11,603083.SH,193.59,158.39,0.10000568214103078,True
2026-06-11,603501.SH,99.2,81.16,0.10002217786648927,True
2026-06-11,603601.SH,15.11,12.37,0.09970887918486174,True
2026-06-11,603629.SH,159.1,130.18,0.09997234513274333,True
2026-06-11,603678.SH,61.91,50.65,0.10003553660270076,True
2026-06-11,603738.SH,48.14,39.38,0.10009140767824494,True
2026-06-11,603773.SH,170.46,139.46,0.10002581311306143,True
2026-06-11,603799.SH,51.87,42.44,0.09998939667055455,True
2026-06-11,605376.SH,213.4,174.6,0.10000000000000003,True
2026-06-11,605589.SH,66.11,54.09,0.09999999999999996,True
2026-06-12,000338.SZ,30.33,24.81,0.1001088139281828,True
2026-06-12,000636.SZ,70.73,57.87,0.10000000000000006,True
2026-06-12,000938.SZ,27.82,22.76,0.10003954132068009,True
2026-06-12,001309.SZ,695.59,569.12,0.09999920930489996,True
2026-06-12,002008.SZ,133.6,109.31,0.0999958832489399,True
2026-06-12,002050.SZ,50.26,41.12,0.10002188662727075,True
2026-06-12,002080.SZ,70.27,57.49,0.10003130870381963,True
2026-06-12,002138.SZ,61.19,50.07,0.09994607226316735,True
2026-06-12,002149.SZ,68.08,55.7,0.1000161576991436,True
2026-06-12,002202.SZ,23.24,19.02,0.09985802176999524,True
2026-06-12,002230.SZ,44.87,36.71,0.10002451581269915,True
2026-06-12,002297.SZ,23.53,19.25,0.10004675081813934,True
2026-06-12,002475.SZ,71.04,58.12,0.10003096934035312,True
2026-06-12,002484.SZ,91.08,74.52,0.10000000000000002,True
2026-06-12,002600.SZ,14.99,12.27,0.09977989728539989,True
2026-06-12,002636.SZ,93.28,76.32,0.10000000000000005,True
2026-06-12,002709.SZ,53.31,43.61,0.10008254230293027,True
2026-06-12,002738.SZ,64.63,52.88,0.09999149008595008,True
2026-06-12,002812.SZ,67.54,55.26,0.10000000000000006,True
2026-06-12,002837.SZ,73.85,60.43,0.09994042299672322,True
2026-06-12,600089.SH,25.03,20.48,0.0999780268072951,True
2026-06-12,600118.SH,85.83,70.23,0.09996155324875045,True
2026-06-12,600150.SH,37.9,31.01,0.09998548831809603,True
2026-06-12,600183.SH,164.7,134.76,0.09997996393508315,True
2026-06-12,600309.SH,73.87,60.44,0.09999255453800913,True
2026-06-12,600330.SH,32.24,26.38,0.09996588195155241,True
2026-06-12,600367.SH,59.43,48.63,0.09994447529150469,True
2026-06-12,600703.SH,16.79,13.73,0.10026212319790298,True
2026-06-12,600988.SH,31.09,25.43,0.10014154281670207,True
2026-06-12,601857.SH,11.41,9.33,0.10028929604628736,True
2026-06-12,601872.SH,15.86,12.98,0.09986130374479886,True
2026-06-12,601899.SH,30.06,24.6,0.09989023051591653,True
2026-06-12,603019.SH,89.51,73.23,0.1000368686248003,True
2026-06-12,603186.SH,187.42,153.34,0.10001173846695617,True
2026-06-12,603228.SH,83.38,68.22,0.09999999999999998,True
2026-06-12,603256.SH,232.1,189.9,0.09999999999999998,True
2026-06-12,603629.SH,153.23,125.37,0.09999999999999994,True
2026-06-12,603678.SH,68.1,55.72,0.09998384752059437,True
2026-06-12,603799.SH,52.28,42.78,0.09993688196928256,True
2026-06-12,605376.SH,199.1,162.9,0.09999999999999996,True
2026-06-15,000338.SZ,30.8,25.2,0.10000000000000002,True
2026-06-15,000547.SZ,22.72,18.59,0.09997579278625027,True
2026-06-15,000636.SZ,65.03,53.21,0.09996617050067659,True
2026-06-15,000657.SZ,86.9,71.1,0.10000000000000007,True
2026-06-15,000938.SZ,27.67,22.64,0.0999801232359372,True
2026-06-15,002008.SZ,131.03,107.21,0.09998321020819345,True
2026-06-15,002138.SZ,61.78,50.54,0.1000712250712251,True
2026-06-15,002202.SZ,23.57,19.29,0.09986000933271118,True
2026-06-15,002203.SZ,25.78,21.1,0.09982935153583616,True
2026-06-15,002222.SZ,99.42,81.34,0.1000221287895552,True
2026-06-15,002361.SZ,17.31,14.17,0.09974587039390086,True
2026-06-15,002371.SZ,733.91,600.47,0.10000149882342356,True
2026-06-15,002409.SZ,146.29,119.69,0.10000751936235805,True
2026-06-15,002475.SZ,70.14,57.38,0.10006273525721453,True
2026-06-15,002484.SZ,89.38,73.13,0.09999384653252108,True
2026-06-15,002600.SZ,15.41,12.61,0.09992862241256248,True
2026-06-15,002636.SZ,98.87,80.89,0.1000222518914108,True
2026-06-15,002709.SZ,54.6,44.68,0.09991941982272362,True
2026-06-15,002738.SZ,67.3,55.06,0.1000326904217064,True
2026-06-15,003031.SZ,158.4,129.6,0.10000000000000003,True
2026-06-15,600089.SH,25.33,20.73,0.09986973512809375,True
2026-06-15,600183.SH,166.41,136.15,0.10001322051824428,True
2026-06-15,600367.SH,58.33,47.73,0.09994342824816142,True
2026-06-15,600378.SH,62.87,51.44,0.09999125185897996,True
2026-06-15,600519.SH,1421.1,1162.72,0.09999922595227219,True
2026-06-15,600869.SH,35.67,29.19,0.09990749306197966,True
2026-06-15,600879.SH,22.01,18.01,0.09995002498750624,True
2026-06-15,600938.SH,36.7,30.02,0.10011990407673867,True
2026-06-15,600988.SH,33.41,27.33,0.10009878169245964,True
2026-06-15,600989.SH,25.41,20.79,0.10000000000000002,True
2026-06-15,601088.SH,50.75,41.53,0.09991330732553098,True
2026-06-15,601208.SH,67.17,54.95,0.10006550933508024,True
2026-06-15,603005.SH,45.12,36.92,0.09995124329595315,True
2026-06-15,603019.SH,90.37,73.94,0.09999391394315627,True
2026-06-15,603256.SH,228.68,187.1,0.10000481023618263,True
2026-06-15,603629.SH,167.37,136.94,0.0999967138772962,True
2026-06-15,603738.SH,56.91,46.57,0.09992269037495166,True
2026-06-15,603773.SH,142.78,116.82,0.10000000000000002,True
2026-06-15,605117.SH,114.17,93.41,0.10000963483957995,True
2026-06-15,605589.SH,64.15,52.49,0.09996570644718794,True
2026-06-16,000338.SZ,32.32,26.44,0.10006807351940093,True
2026-06-16,000636.SZ,71.53,58.53,0.09995386744579425,True
2026-06-16,000657.SZ,95.59,78.21,0.10000000000000005,True
2026-06-16,000733.SZ,57.07,46.69,0.10003855050115655,True
2026-06-16,000807.SZ,29.59,24.21,0.09999999999999999,True
2026-06-16,000933.SZ,29.08,23.8,0.09984871406959149,True
2026-06-16,000938.SZ,29.13,23.83,0.10007552870090637,True
2026-06-16,001267.SZ,57.95,47.41,0.1000379650721337,True
2026-06-16,002008.SZ,136.62,111.78,0.1,True
2026-06-16,002138.SZ,67.43,55.17,0.10000000000000003,True
2026-06-16,002203.SZ,27.27,22.31,0.10004033884630902,True
2026-06-16,002222.SZ,105.92,86.66,0.10001038529442313,True
2026-06-16,002475.SZ,74.97,61.34,0.09999266378108719,True
2026-06-16,002484.SZ,95.4,78.06,0.09996540989277068,True
2026-06-16,002636.SZ,107.07,87.61,0.09995890692418324,True
2026-06-16,002709.SZ,53.92,44.12,0.09995920032639743,True
2026-06-16,002859.SZ,91.09,74.53,0.09998792416374835,True
2026-06-16,002971.SZ,62.46,51.1,0.10003522367030644,True
2026-06-16,600026.SH,21.18,17.33,0.09997403271877439,True
2026-06-16,600160.SH,51.25,41.93,0.10002146383344065,True
2026-06-16,600176.SH,50.35,41.19,0.10006554511688884,True
2026-06-16,600183.SH,183.05,149.77,0.09999399074574844,True
2026-06-16,600226.SH,9.08,7.43,0.0999394306480921,True
2026-06-16,600309.SH,80.85,66.15,0.09999999999999992,True
2026-06-16,600367.SH,59.35,48.56,0.09999073301825595,True
2026-06-16,600378.SH,61.9,50.64,0.10005331437711035,True
2026-06-16,600519.SH,1398.21,1143.99,0.10000000000000002,True
2026-06-16,600869.SH,35.95,29.41,0.10006119951040396,True
2026-06-16,601088.SH,47.73,39.05,0.1000230467849735,True
2026-06-16,601208.SH,71.74,58.7,0.09996933455995087,True
2026-06-16,603011.SH,37.64,30.8,0.09994155464640561,True
2026-06-16,603228.SH,87.43,71.53,0.10002516356316057,True
2026-06-16,603256.SH,251.55,205.81,0.1000087458457233,True
2026-06-16,603601.SH,15.35,12.56,0.09996417054819058,True
2026-06-16,603629.SH,184.11,150.63,0.10001792435920422,True
2026-06-16,603678.SH,70.37,57.57,0.10004689698296079,True
2026-06-16,603738.SH,62.6,51.22,0.09998242839571256,True
2026-06-16,603773.SH,151.03,123.57,0.10000000000000002,True
2026-06-16,605376.SH,214.18,175.24,0.09999486415695136,True
2026-06-16,605589.SH,70.57,57.74,0.09999220637518502,True
2026-06-17,000636.SZ,77.67,63.55,0.09998583770004252,True
2026-06-17,000657.SZ,101.75,83.25,0.1,True
2026-06-17,000725.SZ,6.71,5.49,0.09999999999999999,True
2026-06-17,000733.SZ,61.97,50.71,0.099929002484913,True
2026-06-17,000938.SZ,29.46,24.1,0.10007468259895443,True
2026-06-17,001267.SZ,58.3,47.7,0.09999999999999995,True
2026-06-17,002008.SZ,150.28,122.96,0.0999853608549261,True
2026-06-17,002028.SZ,191.93,157.03,0.10001146263182027,True
2026-06-17,002049.SZ,84.38,69.04,0.09998696388997515,True
2026-06-17,002080.SZ,82.41,67.43,0.09997330485851567,True
2026-06-17,002138.SZ,67.42,55.16,0.10001631587534676,True
2026-06-17,002171.SZ,15.77,12.91,0.09972105997210598,True
2026-06-17,002203.SZ,26.95,22.05,0.09999999999999998,True
2026-06-17,002222.SZ,110.11,90.09,0.09999999999999999,True
2026-06-17,002371.SZ,739.41,604.97,0.10000148767461575,True
2026-06-17,002409.SZ,151.54,123.98,0.10002903600464573,True
2026-06-17,002436.SZ,48.51,39.69,0.10000000000000002,True
2026-06-17,002463.SZ,154.7,126.58,0.09997155858930601,True
2026-06-17,002475.SZ,73.99,60.53,0.10005947071067496,True
2026-06-17,002484.SZ,104.94,85.86,0.09999999999999999,True
2026-06-17,002585.SZ,15.41,12.61,0.09992862241256248,True
2026-06-17,002636.SZ,111.64,91.34,0.10000985318750613,True
2026-06-17,002859.SZ,97.9,80.1,0.10000000000000006,True
2026-06-17,600160.SH,51.37,42.03,0.09999999999999995,True
2026-06-17,600176.SH,54.6,44.68,0.09991941982272362,True
2026-06-17,600183.SH,197.34,161.46,0.09999999999999998,True
2026-06-17,600226.SH,9.63,7.88,0.09994288977727017,True
2026-06-17,600367.SH,62.18,50.88,0.0999469308331859,True
2026-06-17,600519.SH,1381.24,1130.1,0.10000238916275776,True
2026-06-17,600869.SH,37.4,30.6,0.09999999999999996,True
2026-06-17,601208.SH,78.91,64.57,0.09994424310008367,True
2026-06-17,603005.SH,48.66,39.82,0.09990958408679924,True
2026-06-17,603186.SH,226.67,185.45,0.10001941182179948,True
2026-06-17,603228.SH,85.97,70.34,0.09999360245665662,True
2026-06-17,603256.SH,276.71,226.4,0.09999801236310145,True
2026-06-17,603629.SH,179.41,146.79,0.10000000000000002,True
2026-06-17,603678.SH,74.47,60.93,0.09999999999999999,True
2026-06-17,603738.SH,61.06,49.96,0.09998198522788687,True
2026-06-17,605376.SH,234.3,191.7,0.10000000000000005,True
2026-06-17,605589.SH,73.77,60.35,0.1000596480763495,True
2026-06-18,000636.SZ,81.47,66.65,0.10005401026194972,True
2026-06-18,000733.SZ,63.94,52.32,0.09994839153621192,True
2026-06-18,000938.SZ,29.93,24.49,0.0999632488055862,True
2026-06-18,002008.SZ,149.42,122.26,0.09997055359246165,True
2026-06-18,002028.SZ,205.62,168.24,0.0999839512116835,True
2026-06-18,002049.SZ,88.0,72.0,0.1,True
2026-06-18,002138.SZ,73.17,59.87,0.0999699338544799,True
2026-06-18,002171.SZ,16.5,13.5,0.1,True
2026-06-18,002222.SZ,114.92,94.02,0.10002871637790756,True
2026-06-18,002371.SZ,774.64,633.8,0.09999715997841585,True
2026-06-18,002409.SZ,162.71,133.13,0.09998647917793405,True
2026-06-18,002436.SZ,52.58,43.02,0.09999999999999995,True
2026-06-18,002463.SZ,161.21,131.9,0.09999658831155539,True
2026-06-18,002475.SZ,74.05,60.59,0.0999702911467617,True
2026-06-18,002484.SZ,115.42,94.44,0.09997140951110266,True
2026-06-18,002585.SZ,16.35,13.37,0.10026917900403776,True
2026-06-18,002625.SZ,41.7,34.12,0.09997362173568987,True
2026-06-18,002636.SZ,105.28,86.14,0.09998955177097481,True
2026-06-18,002741.SZ,43.38,35.5,0.0998985801217039,True
2026-06-18,002851.SZ,196.79,161.01,0.10000000000000002,True
2026-06-18,002975.SZ,156.83,128.31,0.10002104229501302,True
2026-06-18,600110.SH,18.94,15.5,0.099883855981417,True
2026-06-18,600176.SH,60.06,49.14,0.10000000000000002,True
2026-06-18,600183.SH,198.17,162.14,0.09999722461213957,True
2026-06-18,600206.SH,43.77,35.81,0.10002513194269917,True
2026-06-18,600367.SH,62.81,51.39,0.1,True
2026-06-18,600487.SH,122.1,99.9,0.09999999999999995,True
2026-06-18,600519.SH,1364.0,1116.0,0.1,True
2026-06-18,600667.SH,20.92,17.12,0.09989484752891693,True
2026-06-18,600869.SH,36.59,29.93,0.10012026458208062,True
2026-06-18,601208.SH,80.52,65.88,0.10000000000000002,True
2026-06-18,603002.SH,25.52,20.88,0.10000000000000002,True
2026-06-18,603005.SH,50.73,41.51,0.09995663486556808,True
2026-06-18,603186.SH,249.34,204.0,0.10001323509948383,True
2026-06-18,603228.SH,88.84,72.68,0.10004952947003465,True
2026-06-18,603256.SH,284.79,233.01,0.10000000000000006,True
2026-06-18,603678.SH,76.68,62.74,0.09998565485583133,True
2026-06-18,603738.SH,64.9,53.1,0.10000000000000003,True
2026-06-18,603773.SH,182.74,149.52,0.0999819418527659,True
2026-06-18,605589.SH,73.04,59.76,0.10000000000000005,True
2026-06-22,000636.SZ,82.06,67.14,0.10000000000000002,True
2026-06-22,000938.SZ,30.2,24.71,0.09998178838098705,True
2026-06-22,001267.SZ,63.91,52.29,0.09999999999999999,True
2026-06-22,002008.SZ,148.39,121.41,0.09999999999999998,True
2026-06-22,002049.SZ,88.43,72.35,0.1000124393581292,True
2026-06-22,002138.SZ,78.28,64.04,0.10005621135469361,True
2026-06-22,002149.SZ,63.03,51.57,0.1,True
2026-06-22,002171.SZ,16.92,13.84,0.10013003901170357,True
2026-06-22,002222.SZ,113.3,92.7,0.09999999999999998,True
2026-06-22,002273.SZ,40.63,33.25,0.0998917162966974,True
2026-06-22,002371.SZ,793.14,648.94,0.09999445245756126,True
2026-06-22,002409.SZ,165.18,135.14,0.1000266382525307,True
2026-06-22,002436.SZ,57.27,46.85,0.10007683442182098,True
2026-06-22,002475.SZ,76.92,62.94,0.09995709995709998,True
2026-06-22,002491.SZ,34.74,28.42,0.10006333122229259,True
2026-06-22,002579.SZ,22.35,18.29,0.09990157480314966,True
2026-06-22,002594.SZ,96.94,79.32,0.09996595937819133,True
2026-06-22,002636.SZ,114.85,93.97,0.09999042237333587,True
2026-06-22,002741.SZ,45.43,37.17,0.09999999999999998,True
2026-06-22,002859.SZ,109.7,89.76,0.09996991878070789,True
2026-06-22,600176.SH,58.85,48.15,0.10000000000000003,True
2026-06-22,600183.SH,202.26,165.48,0.1000163158753467,True
2026-06-22,600206.SH,46.76,38.26,0.09997647612326512,True
2026-06-22,600378.SH,71.68,58.64,0.10006138735420508,True
2026-06-22,600487.SH,122.11,99.91,0.09999099180254033,True
2026-06-22,600498.SH,82.84,67.78,0.09998672155092286,True
2026-06-22,600673.SH,39.89,32.63,0.10011031439602865,True
2026-06-22,600869.SH,36.15,29.57,0.10012172854534386,True
2026-06-22,601208.SH,82.31,67.35,0.09995990912735539,True
2026-06-22,603002.SH,25.94,21.22,0.10008481764206961,True
2026-06-22,603005.SH,50.28,41.14,0.09997812294902647,True
2026-06-22,603011.SH,43.51,35.6,0.09998735937302486,True
2026-06-22,603186.SH,261.92,214.3,0.09999580026038386,True
2026-06-22,603228.SH,89.17,72.95,0.10004934616333579,True
2026-06-22,603256.SH,283.58,232.02,0.09999999999999995,True
2026-06-22,603678.SH,74.53,60.98,0.099992620470814,True
2026-06-22,603738.SH,64.85,53.06,0.09999151895513521,True
2026-06-22,603773.SH,181.17,148.23,0.1,True
2026-06-22,605376.SH,254.44,208.18,0.09999567679737147,True
2026-06-22,605589.SH,76.8,62.84,0.09997135491263245,True
2026-06-23,000636.SZ,80.28,65.68,0.10002740476842967,True
2026-06-23,000657.SZ,119.16,97.5,0.09997230684021045,True
2026-06-23,000811.SZ,48.61,39.77,0.10002262955419775,True
2026-06-23,000858.SZ,84.21,68.9,0.09999346874795889,True
2026-06-23,000938.SZ,30.68,25.1,0.1000358551452133,True
2026-06-23,000988.SZ,192.14,157.2,0.10001717524474724,True
2026-06-23,002049.SZ,90.16,73.76,0.10004880429477787,True
2026-06-23,002080.SZ,92.75,75.89,0.09997628083491461,True
2026-06-23,002149.SZ,60.07,49.15,0.0999816883354697,True
2026-06-23,002156.SZ,78.38,64.13,0.09999298294856503,True
2026-06-23,002222.SZ,111.67,91.37,0.09998029944838453,True
2026-06-23,002371.SZ,819.5,670.5,0.1,True
2026-06-23,002436.SZ,58.63,47.97,0.10000000000000003,True
2026-06-23,002475.SZ,75.24,61.56,0.09999999999999994,True
2026-06-23,002484.SZ,115.5,94.5,0.1,True
2026-06-23,002594.SZ,96.35,78.83,0.10001141682840504,True
2026-06-23,002636.SZ,125.64,102.8,0.09998248993171074,True
2026-06-23,002938.SZ,124.29,101.69,0.10000885034073814,True
2026-06-23,600010.SH,2.77,2.27,0.0992063492063492,True
2026-06-23,600118.SH,83.38,68.22,0.09999999999999998,True
2026-06-23,600176.SH,64.22,52.54,0.10003425830763961,True
2026-06-23,600206.SH,51.44,42.08,0.10008554319931565,True
2026-06-23,600226.SH,11.64,9.52,0.10018903591682424,True
2026-06-23,600353.SH,50.83,41.59,0.09997835966241067,True
2026-06-23,600367.SH,68.44,56.0,0.09996785599485694,True
2026-06-23,600378.SH,77.24,63.2,0.09997151808601533,True
2026-06-23,600397.SH,24.44,20.0,0.09990999099909995,True
2026-06-23,600487.SH,132.14,108.12,0.09997502705402474,True
2026-06-23,600519.SH,1365.55,1117.27,0.09999919446435908,True
2026-06-23,600549.SH,103.95,85.05,0.10000000000000003,True
2026-06-23,600869.SH,39.77,32.54,0.09998617065412811,True
2026-06-23,600879.SH,22.2,18.16,0.10009910802775022,True
2026-06-23,601600.SH,10.85,8.87,0.10040567951318462,True
2026-06-23,603005.SH,51.18,41.88,0.09993552546744033,True
2026-06-23,603186.SH,274.11,224.27,0.1000040130021269,True
2026-06-23,603228.SH,84.25,68.93,0.10001305653479561,True
2026-06-23,603678.SH,71.71,58.67,0.10001533977603921,True
2026-06-23,603773.SH,189.22,154.82,0.09998837344494829,True
2026-06-23,605376.SH,270.48,221.3,0.10000406685916467,True
2026-06-23,605589.SH,80.87,66.17,0.09997279651795431,True
2026-06-24,000333.SZ,85.88,70.26,0.10003842705264501,True
2026-06-24,000636.SZ,77.23,63.19,0.0999857570146703,True
2026-06-24,000657.SZ,112.75,92.25,0.1,True
2026-06-24,000811.SZ,49.47,40.47,0.1000667111407605,True
2026-06-24,000938.SZ,29.6,24.22,0.09996283909327393,True
2026-06-24,000988.SZ,180.03,147.29,0.10002444091409021,True
2026-06-24,002049.SZ,90.1,73.72,0.09998779147845194,True
2026-06-24,002138.SZ,72.71,59.49,0.09999999999999995,True
2026-06-24,002222.SZ,102.3,83.7,0.09999999999999996,True
2026-06-24,002241.SZ,25.38,20.76,0.10013003901170345,True
2026-06-24,002273.SZ,37.44,30.64,0.09988249118683898,True
2026-06-24,002371.SZ,822.24,672.74,0.10000133781053927,True
2026-06-24,002409.SZ,173.05,141.59,0.09998728705822531,True
2026-06-24,002436.SZ,53.35,43.65,0.10000000000000003,True
2026-06-24,002484.SZ,103.95,85.05,0.10000000000000003,True
2026-06-24,002594.SZ,93.5,76.5,0.1,True
2026-06-24,002636.SZ,119.5,97.78,0.09996318114874815,True
2026-06-24,002938.SZ,117.6,96.22,0.09999064633804132,True
2026-06-24,600105.SH,68.74,56.24,0.10001600256040961,True
2026-06-24,600110.SH,16.98,13.9,0.09974093264248704,True
2026-06-24,600118.SH,78.73,64.41,0.10004191700433149,True
2026-06-24,600160.SH,51.54,42.17,0.09998932878027955,True
2026-06-24,600176.SH,64.82,53.04,0.09994909214322073,True
2026-06-24,600206.SH,53.19,43.52,0.09998965980767235,True
2026-06-24,600353.SH,53.68,43.92,0.09999999999999999,True
2026-06-24,600378.SH,72.97,59.71,0.09993970455230627,True
2026-06-24,600460.SH,51.74,42.34,0.09991496598639453,True
2026-06-24,600487.SH,129.04,105.58,0.09999147557752959,True
2026-06-24,600498.SH,91.03,74.48,0.09999395806899884,True
2026-06-24,600519.SH,1344.7,1100.21,0.09999959098698931,True
2026-06-24,600522.SH,67.9,55.56,0.09995140126356716,True
2026-06-24,600869.SH,39.69,32.47,0.10005543237250553,True
2026-06-24,601869.SH,627.64,513.52,0.10000350520522978,True
2026-06-24,603005.SH,52.03,42.57,0.10000000000000002,True
2026-06-24,603186.SH,254.76,208.44,0.09999999999999999,True
2026-06-24,603256.SH,272.69,223.11,0.09999999999999996,True
2026-06-24,603618.SH,58.09,47.53,0.09998106419238782,True
2026-06-24,603773.SH,189.37,154.94,0.09999709564055649,True
2026-06-24,603938.SH,71.63,58.61,0.09996928746928743,True
2026-06-24,605589.SH,72.79,59.55,0.10004533776635945,True
2026-06-25,000636.SZ,79.62,65.14,0.10002763194252559,True
2026-06-25,000657.SZ,110.09,90.07,0.10001998401278982,True
2026-06-25,000733.SZ,62.59,51.21,0.1,True
2026-06-25,000811.SZ,53.52,43.79,0.0999897235638681,True
2026-06-25,000938.SZ,30.43,24.89,0.10014461315979753,True
2026-06-25,002046.SZ,76.95,62.96,0.09999285254806663,True
2026-06-25,002049.SZ,92.0,75.28,0.09995217599234815,True
2026-06-25,002129.SZ,10.45,8.55,0.09999999999999992,True
2026-06-25,002222.SZ,104.52,85.52,0.09997895179962113,True
2026-06-25,002371.SZ,847.08,693.06,0.1000038957497371,True
2026-06-25,002409.SZ,190.36,155.75,0.09999711074513887,True
2026-06-25,002428.SZ,135.4,110.78,0.10000812413681048,True
2026-06-25,002436.SZ,55.25,45.21,0.0999402747362134,True
2026-06-25,002594.SZ,91.63,74.97,0.09999999999999998,True
2026-06-25,002636.SZ,127.39,104.23,0.099991365167084,True
2026-06-25,002859.SZ,99.13,81.11,0.09997780736795381,True
2026-06-25,002975.SZ,166.45,136.19,0.09998678297647368,True
2026-06-25,600105.SH,75.61,61.87,0.09994180971777715,True
2026-06-25,600110.SH,16.69,13.65,0.10019775873434413,True
2026-06-25,600141.SH,47.48,38.84,0.10009267840593135,True
2026-06-25,600160.SH,55.8,45.66,0.09994086339444117,True
2026-06-25,600176.SH,71.3,58.34,0.09996914532551678,True
2026-06-25,600206.SH,56.94,46.58,0.10007727975270479,True
2026-06-25,600226.SH,12.55,10.27,0.09991235758106928,True
2026-06-25,600353.SH,58.19,47.61,0.09999999999999999,True
2026-06-25,600378.SH,73.87,60.44,0.09999255453800913,True
2026-06-25,600487.SH,130.92,107.12,0.09998319610149548,True
2026-06-25,600498.SH,90.49,74.03,0.10004862630683196,True
2026-06-25,600563.SH,196.64,160.88,0.10002237637055268,True
2026-06-25,600869.SH,41.55,33.99,0.10007942811755356,True
2026-06-25,601869.SH,638.0,522.0,0.1,True
2026-06-25,603005.SH,54.59,44.67,0.09993955268990531,True
2026-06-25,603186.SH,275.48,225.4,0.0999840281105255,True
2026-06-25,603228.SH,80.19,65.61,0.09999999999999998,True
2026-06-25,603256.SH,294.78,241.18,0.10000746324352557,True
2026-06-25,603618.SH,59.93,49.03,0.10003671071953009,True
2026-06-25,603650.SH,84.94,69.5,0.09997409997409996,True
2026-06-25,603938.SH,78.79,64.47,0.0999581181069385,True
2026-06-25,603986.SH,775.6,634.58,0.100001418258662,True
2026-06-25,605589.SH,72.96,59.7,0.09995477159656257,True
2026-06-26,000636.SZ,87.58,71.66,0.09997488068324542,True
2026-06-26,000811.SZ,58.87,48.17,0.09996263079222717,True
2026-06-26,000823.SZ,28.46,23.28,0.10011596443757247,True
2026-06-26,000938.SZ,31.23,25.55,0.10003522367030644,True
2026-06-26,000988.SZ,190.94,156.22,0.10001152206475401,True
2026-06-26,002049.SZ,96.25,78.75,0.1,True
2026-06-26,002119.SZ,37.02,30.29,0.09998514336651321,True
2026-06-26,002129.SZ,11.19,9.15,0.10029498525073742,True
2026-06-26,002149.SZ,53.96,44.15,0.09998980735908676,True
2026-06-26,002222.SZ,108.14,88.48,0.09998982809480214,True
2026-06-26,002273.SZ,40.05,32.77,0.09997253501785217,True
2026-06-26,002371.SZ,877.8,718.2,0.09999999999999994,True
2026-06-26,002409.SZ,199.13,162.93,0.09998342816107825,True
2026-06-26,002436.SZ,58.88,48.18,0.09994395665981695,True
2026-06-26,002594.SZ,90.42,73.98,0.09999999999999998,True
2026-06-26,002617.SZ,9.89,8.09,0.10011123470522806,True
2026-06-26,002636.SZ,124.29,101.69,0.10000885034073814,True
2026-06-26,002859.SZ,106.81,87.39,0.10000000000000002,True
2026-06-26,600141.SH,52.23,42.73,0.10004212299915755,True
2026-06-26,600160.SH,55.88,45.72,0.10000000000000005,True
2026-06-26,600176.SH,77.88,63.72,0.09999999999999998,True
2026-06-26,600206.SH,61.78,50.54,0.1000712250712251,True
2026-06-26,600226.SH,12.32,10.08,0.10000000000000002,True
2026-06-26,600330.SH,39.16,32.04,0.09999999999999998,True
2026-06-26,600378.SH,75.24,61.56,0.09999999999999994,True
2026-06-26,600519.SH,1302.49,1065.67,0.10000168907506247,True
2026-06-26,600667.SH,27.84,22.78,0.09996048992493083,True
2026-06-26,600869.SH,41.04,33.58,0.09997319753417315,True
2026-06-26,603002.SH,27.45,22.46,0.09997996393508313,True
2026-06-26,603005.SH,55.0,45.0,0.1,True
2026-06-26,603186.SH,289.08,236.52,0.09999999999999995,True
2026-06-26,603256.SH,304.44,249.08,0.1000144529556294,True
2026-06-26,603629.SH,228.67,187.09,0.10000962093515486,True
2026-06-26,603650.SH,85.83,70.23,0.09996155324875045,True
2026-06-26,603678.SH,82.64,67.62,0.09996006921336348,True
2026-06-26,603773.SH,189.19,154.79,0.10000581429152859,True
2026-06-26,603929.SH,280.58,229.56,0.10001176147724151,True
2026-06-26,603986.SH,852.73,697.69,0.09999871002696041,True
2026-06-26,605376.SH,271.52,222.16,0.09998379517096093,True
2026-06-26,605589.SH,80.26,65.66,0.10005482456140356,True
2026-06-29,000021.SZ,58.86,48.16,0.09998131190431699,True
2026-06-29,000636.SZ,86.35,70.65,0.09999999999999992,True
2026-06-29,000811.SZ,58.43,47.81,0.09996234939759033,True
2026-06-29,000858.SZ,80.49,65.85,0.10004100041000412,True
2026-06-29,001309.SZ,1046.1,855.9,0.09999999999999996,True
2026-06-29,001389.SZ,242.97,198.79,0.10000905469032961,True
2026-06-29,002049.SZ,92.38,75.58,0.10002381519409383,True
2026-06-29,002119.SZ,40.72,33.32,0.09994597514856833,True
2026-06-29,002129.SZ,12.31,10.07,0.1000893655049151,True
2026-06-29,002149.SZ,55.02,45.02,0.09996001599360255,True
2026-06-29,002156.SZ,78.76,64.44,0.10000000000000006,True
2026-06-29,002185.SZ,24.82,20.3,0.10017730496453899,True
2026-06-29,002273.SZ,39.41,32.25,0.09991627128104935,True
2026-06-29,002371.SZ,894.71,732.03,0.10000368835831175,True
2026-06-29,002409.SZ,207.46,169.74,0.09999999999999999,True
2026-06-29,002436.SZ,56.99,46.63,0.09998069870681335,True
2026-06-29,002594.SZ,86.02,70.38,0.10000000000000002,True
2026-06-29,002636.SZ,123.34,100.92,0.0999732453402301,True
2026-06-29,002859.SZ,114.15,93.39,0.1000289100896213,True
2026-06-29,002916.SZ,476.85,390.15,0.10000000000000005,True
2026-06-29,600141.SH,53.68,43.92,0.09999999999999999,True
2026-06-29,600160.SH,56.05,45.86,0.09999018742027277,True
2026-06-29,600176.SH,81.53,66.71,0.09997301672962768,True
2026-06-29,600206.SH,66.84,54.68,0.10006583278472682,True
2026-06-29,600330.SH,36.03,29.48,0.09998473515493818,True
2026-06-29,600378.SH,68.53,56.07,0.1,True
2026-06-29,600584.SH,110.98,90.8,0.10000991178511254,True
2026-06-29,600667.SH,29.57,24.19,0.10007440476190474,True
2026-06-29,603005.SH,57.54,47.08,0.09998088319632958,True
2026-06-29,603078.SH,52.75,43.16,0.09998957355854451,True
2026-06-29,603629.SH,205.8,168.38,0.10000534502111287,True
2026-06-29,603650.SH,94.41,77.25,0.09996504718629848,True
2026-06-29,603678.SH,87.44,71.54,0.10001258019876708,True
2026-06-29,603773.SH,195.8,160.2,0.10000000000000006,True
2026-06-29,603929.SH,286.94,234.77,0.09999808322631344,True
2026-06-29,603938.SH,83.39,68.23,0.09998680912808335,True
2026-06-29,603986.SH,847.0,693.0,0.1,True
2026-06-29,605358.SH,82.91,67.83,0.10003980363539869,True
2026-06-29,605376.SH,290.4,237.6,0.09999999999999996,True
2026-06-29,605589.SH,73.38,60.04,0.0999850097436666,True
2026-06-30,000021.SZ,64.75,52.97,0.10006795786612302,True
2026-06-30,000100.SZ,5.82,4.76,0.10018903591682424,True
2026-06-30,000333.SZ,85.0,69.54,0.10003882489970228,True
2026-06-30,001309.SZ,1067.0,873.0,0.1,True
2026-06-30,002049.SZ,93.54,76.54,0.09995296331138287,True
2026-06-30,002119.SZ,39.92,32.66,0.10002755580049608,True
2026-06-30,002129.SZ,12.9,10.56,0.09974424552429667,True
2026-06-30,002179.SZ,48.51,39.69,0.10000000000000002,True
2026-06-30,002354.SZ,10.02,8.2,0.0998902305159166,True
2026-06-30,002371.SZ,946.21,774.17,0.10000116253385884,True
2026-06-30,002407.SZ,50.23,41.09,0.10008760402978531,True
2026-06-30,002409.SZ,228.21,186.71,0.10001928082521931,True
2026-06-30,002428.SZ,136.4,111.6,0.10000000000000005,True
2026-06-30,002636.SZ,126.45,103.46,0.09999565047192384,True
2026-06-30,002821.SZ,184.53,150.98,0.09999701946290725,True
2026-06-30,600105.SH,69.41,56.79,0.09999999999999999,True
2026-06-30,600160.SH,59.18,48.42,0.09999999999999999,True
2026-06-30,600176.SH,78.08,63.88,0.10002817695125384,True
2026-06-30,600206.SH,72.9,59.64,0.10004526935264828,True
2026-06-30,600378.SH,75.38,61.68,0.09995622355172913,True
2026-06-30,600397.SH,30.25,24.75,0.1,True
2026-06-30,600460.SH,57.85,47.33,0.1000190150218673,True
2026-06-30,600487.SH,118.84,97.24,0.09996297667530549,True
2026-06-30,600519.SH,1314.46,1075.46,0.10000334739238133,True
2026-06-30,600522.SH,64.72,52.96,0.09993201903467026,True
2026-06-30,600552.SH,34.63,28.33,0.10006353240152484,True
2026-06-30,600584.SH,113.58,92.93,0.0999951576194857,True
2026-06-30,600667.SH,31.83,26.05,0.09986178299930888,True
2026-06-30,600707.SH,16.89,13.82,0.09996743731683491,True
2026-06-30,601636.SH,10.8,8.84,0.09979633401222,True
2026-06-30,601958.SH,32.51,26.6,0.09998308238876664,True
2026-06-30,603256.SH,294.03,240.57,0.09999999999999998,True
2026-06-30,603259.SH,138.79,113.55,0.10002377744313228,True
2026-06-30,603283.SH,86.61,70.87,0.09994919989839975,True
2026-06-30,603501.SH,97.13,79.47,0.09999999999999998,True
2026-06-30,603650.SH,103.85,84.97,0.09998940790170531,True
2026-06-30,603929.SH,303.82,248.58,0.09999999999999996,True
2026-06-30,603938.SH,82.48,67.48,0.10002667377967457,True
2026-06-30,603986.SH,924.0,756.0,0.1,True
2026-06-30,605358.SH,86.78,71.0,0.10001267587780455,True
2026-07-01,000021.SZ,70.7,57.84,0.10004667807686321,True
2026-07-01,000100.SZ,6.4,5.24,0.09965635738831616,True
2026-07-01,000333.SZ,83.08,67.98,0.09996028068317221,True
2026-07-01,000725.SZ,9.55,7.81,0.10023041474654384,True
2026-07-01,000962.SZ,99.66,81.54,0.09999999999999995,True
2026-07-01,001309.SZ,1037.19,848.61,0.1,True
2026-07-01,002049.SZ,97.63,79.88,0.09999436651456256,True
2026-07-01,002119.SZ,43.91,35.93,0.09994989979959916,True
2026-07-01,002129.SZ,13.22,10.82,0.09983361064891849,True
2026-07-01,002179.SZ,50.82,41.58,0.10000000000000002,True
2026-07-01,002354.SZ,10.23,8.37,0.10000000000000006,True
2026-07-01,002371.SZ,973.02,796.1,0.10000452202224833,True
2026-07-01,002407.SZ,55.25,45.21,0.0999402747362134,True
2026-07-01,002409.SZ,246.95,202.05,0.09999999999999995,True
2026-07-01,002436.SZ,56.05,45.86,0.09999018742027277,True
2026-07-01,002636.SZ,131.97,107.97,0.1000250062515629,True
2026-07-01,002821.SZ,178.2,145.8,0.09999999999999994,True
2026-07-01,002859.SZ,120.46,98.56,0.09999086841384346,True
2026-07-01,600160.SH,58.31,47.71,0.09998113563478589,True
2026-07-01,600176.SH,80.17,65.59,0.10002744237102085,True
2026-07-01,600206.SH,73.26,59.94,0.10000000000000006,True
2026-07-01,600378.SH,82.92,67.84,0.10002653223666755,True
2026-07-01,600460.SH,60.13,49.19,0.10007317965605567,True
2026-07-01,600487.SH,120.27,98.41,0.09996341686482531,True
2026-07-01,600519.SH,1304.04,1066.94,0.1000008435330538,True
2026-07-01,600522.SH,66.75,54.61,0.10003295978905735,True
2026-07-01,600552.SH,35.84,29.32,0.10006138735420508,True
2026-07-01,600667.SH,32.1,26.26,0.10006854009595613,True
2026-07-01,600707.SH,18.58,15.2,0.10005920663114265,True
2026-07-01,601636.SH,11.25,9.21,0.09970674486803514,True
2026-07-01,601958.SH,30.92,25.3,0.09996442547136253,True
2026-07-01,603259.SH,136.96,112.06,0.09999196851658503,True
2026-07-01,603283.SH,89.08,72.88,0.10002469745616205,True
2026-07-01,603501.SH,104.34,85.37,0.09999472879658425,True
2026-07-01,603650.SH,107.78,88.18,0.10002041232904671,True
2026-07-01,603986.SH,896.5,733.5,0.1,True
2026-07-01,605111.SH,109.05,89.23,0.09995965301593703,True
2026-07-01,605358.SH,85.36,69.84,0.09999999999999998,True
2026-07-01,605376.SH,298.43,244.17,0.10000000000000003,True
2026-07-01,605589.SH,69.93,57.21,0.10004719207173199,True
2026-07-02,000021.SZ,68.49,56.03,0.1000642467073562,True
2026-07-02,000100.SZ,6.73,5.51,0.09967320261437913,True
2026-07-02,000333.SZ,85.14,69.66,0.10000000000000002,True
2026-07-02,000636.SZ,81.84,66.96,0.10000000000000006,True
2026-07-02,000725.SZ,9.65,7.89,0.10034207525655649,True
2026-07-02,000776.SZ,27.35,22.37,0.10016090104585681,True
2026-07-02,000811.SZ,60.39,49.41,0.10000000000000003,True
2026-07-02,000962.SZ,94.94,77.68,0.09998841385702693,True
2026-07-02,000988.SZ,190.91,156.2,0.09999711906888308,True
2026-07-02,002049.SZ,95.05,77.77,0.09998842726536282,True
2026-07-02,002129.SZ,13.09,10.71,0.09999999999999995,True
2026-07-02,002156.SZ,81.3,66.52,0.09998647003111893,True
2026-07-02,002167.SZ,26.71,21.85,0.10008237232289949,True
2026-07-02,002371.SZ,1028.9,841.82,0.10000427642832707,True
2026-07-02,002407.SZ,60.78,49.73,0.09999095104515433,True
2026-07-02,002409.SZ,259.7,212.48,0.10000423567283664,True
2026-07-02,002636.SZ,122.5,100.22,0.10003591954022989,True
2026-07-02,002821.SZ,181.28,148.32,0.10000000000000002,True
2026-07-02,600105.SH,68.71,56.21,0.10006404098623115,True
2026-07-02,600118.SH,94.22,77.09,0.0999941626291518,True
2026-07-02,600160.SH,61.44,50.27,0.09999104824993281,True
2026-07-02,600176.SH,77.3,63.24,0.1000426924718941,True
2026-07-02,600206.SH,65.93,53.95,0.09993326659993329,True
2026-07-02,600378.SH,89.1,72.9,0.09999999999999994,True
2026-07-02,600397.SH,32.95,26.96,0.09998330829577702,True
2026-07-02,600487.SH,112.12,91.74,0.0999705680368881,True
2026-07-02,600519.SH,1312.31,1073.71,0.09999916178405877,True
2026-07-02,600552.SH,32.62,26.69,0.09998313943685712,True
2026-07-02,600667.SH,35.31,28.89,0.10000000000000002,True
2026-07-02,600707.SH,19.43,15.89,0.10022650056625139,True
2026-07-02,600909.SH,13.44,11.0,0.09983633387888706,True
2026-07-02,601958.SH,31.23,25.55,0.10003522367030644,True
2026-07-02,603256.SH,281.57,230.37,0.10001172012345194,True
2026-07-02,603259.SH,137.72,112.68,0.09999999999999996,True
2026-07-02,603379.SH,91.83,75.13,0.10002395783421182,True
2026-07-02,603501.SH,106.82,87.4,0.0999897023993409,True
2026-07-02,603650.SH,101.74,83.24,0.10001081197967349,True
2026-07-02,603986.SH,849.21,694.81,0.09999870467999125,True
2026-07-02,605111.SH,101.42,82.98,0.09999999999999998,True
2026-07-02,605358.SH,87.82,71.86,0.09994989979959916,True
2026-07-03,000021.SZ,61.63,50.43,0.09994645725504196,True
2026-07-03,000333.SZ,84.71,69.31,0.09998701467341899,True
2026-07-03,000636.SZ,73.66,60.26,0.10005973715651136,True
2026-07-03,000811.SZ,55.98,45.8,0.1000196502259776,True
2026-07-03,000988.SZ,171.82,140.58,0.09999999999999995,True
2026-07-03,002119.SZ,42.33,34.63,0.10005197505197498,True
2026-07-03,002129.SZ,12.13,9.93,0.09972801450589305,True
2026-07-03,002156.SZ,74.11,60.63,0.10004453020632326,True
2026-07-03,002167.SZ,28.66,23.45,0.09998080982536943,True
2026-07-03,002354.SZ,11.37,9.31,0.0996131528046421,True
2026-07-03,002407.SZ,60.3,49.34,0.09996351696461139,True
2026-07-03,002409.SZ,233.73,191.23,0.10000941265060241,True
2026-07-03,002636.SZ,122.74,100.42,0.10001792435920413,True
2026-07-03,002821.SZ,168.51,137.87,0.10000652784124285,True
2026-07-03,002971.SZ,82.47,67.47,0.10004001600640257,True
2026-07-03,600105.SH,61.83,50.59,0.09998220957125062,True
2026-07-03,600176.SH,74.6,61.04,0.09997051017398995,True
2026-07-03,600206.SH,63.59,52.03,0.09998270195467913,True
2026-07-03,600360.SH,15.51,12.69,0.10000000000000002,True
2026-07-03,600397.SH,31.35,25.65,0.10000000000000005,True
2026-07-03,600487.SH,103.22,84.46,0.09995737425404946,True
2026-07-03,600519.SH,1323.3,1082.7,0.09999999999999996,True
2026-07-03,600522.SH,56.74,46.42,0.1000387747188833,True
2026-07-03,600667.SH,31.78,26.0,0.10003461405330566,True
2026-07-03,600707.SH,18.36,15.02,0.1000599161174356,True
2026-07-03,601958.SH,29.67,24.27,0.10011123470522808,True
2026-07-03,603078.SH,62.59,51.21,0.1,True
2026-07-03,603259.SH,133.43,109.17,0.1,True
2026-07-03,603501.SH,111.4,91.14,0.10002962377801917,True
2026-07-03,603650.SH,107.48,87.94,0.09998976563299562,True
2026-07-03,605358.SH,79.05,64.67,0.10005566379070412,True
2026-07-06,000021.SZ,61.5,50.32,0.09998211411196566,True
2026-07-06,000333.SZ,85.76,70.16,0.10005130836326326,True
2026-07-06,000811.SZ,57.92,47.39,0.09999050422561961,True
2026-07-06,000988.SZ,169.35,138.56,0.09999675229774933,True
2026-07-06,001309.SZ,970.1,793.72,0.09999886609744757,True
2026-07-06,002025.SZ,92.07,75.33,0.09999999999999998,True
2026-07-06,002028.SZ,184.42,150.89,0.09999701768512721,True
2026-07-06,002129.SZ,11.41,9.33,0.10028929604628736,True
2026-07-06,002294.SZ,44.09,36.07,0.10004990019960085,True
2026-07-06,002354.SZ,10.31,8.43,0.1003201707577375,True
2026-07-06,002409.SZ,219.45,179.55,0.09999999999999994,True
2026-07-06,002415.SZ,37.4,30.6,0.09999999999999996,True
2026-07-06,002422.SZ,52.78,43.18,0.1000416840350146,True
2026-07-06,002594.SZ,97.32,79.62,0.10003390979993211,True
2026-07-06,002636.SZ,117.65,96.26,0.09999532513673974,True
2026-07-06,002821.SZ,182.38,149.22,0.09999999999999998,True
2026-07-06,600105.SH,59.98,49.08,0.09994498441225012,True
2026-07-06,600118.SH,94.93,77.67,0.10000000000000002,True
2026-07-06,600176.SH,77.99,63.81,0.09999999999999994,True
2026-07-06,600206.SH,59.73,48.87,0.1,True
2026-07-06,600276.SH,59.9,49.01,0.09999081810669361,True
2026-07-06,600487.SH,98.36,80.48,0.09997763363900691,True
2026-07-06,600519.SH,1313.9,1075.01,0.09999958139904815,True
2026-07-06,600641.SH,52.26,42.76,0.09997895179962113,True
2026-07-06,600667.SH,32.96,26.96,0.10013351134846461,True
2026-07-06,601211.SH,21.31,17.43,0.1001548786783686,True
2026-07-06,603005.SH,47.72,39.04,0.1000461041954818,True
2026-07-06,603259.SH,136.53,111.71,0.09998388656139223,True
2026-07-06,603501.SH,112.53,92.07,0.10000000000000005,True
2026-07-06,603650.SH,97.99,80.17,0.10002245172878307,True
2026-07-06,605358.SH,71.14,58.2,0.10004638936137311,True
2026-07-07,000021.SZ,58.63,47.97,0.10000000000000003,True
2026-07-07,000063.SZ,39.91,32.65,0.1000551267916207,True
2026-07-07,000333.SZ,88.0,72.0,0.1,True
2026-07-07,000811.SZ,58.99,48.27,0.0999440611597986,True
2026-07-07,000962.SZ,74.8,61.2,0.09999999999999996,True
2026-07-07,002025.SZ,101.28,82.86,0.10003258390355166,True
2026-07-07,002049.SZ,91.52,74.88,0.10000000000000002,True
2026-07-07,002129.SZ,11.02,9.02,0.0998003992015968,True
2026-07-07,002354.SZ,9.27,7.59,0.09964412811387899,True
2026-07-07,002409.SZ,205.1,167.81,0.09999731838781474,True
2026-07-07,002415.SZ,37.21,30.45,0.09991132131244461,True
2026-07-07,002436.SZ,49.82,40.76,0.10002207992934425,True
2026-07-07,002594.SZ,96.29,78.79,0.0999543066026959,True
2026-07-07,002602.SZ,15.5,12.68,0.1000709723207949,True
2026-07-07,002821.SZ,178.31,145.89,0.10000000000000005,True
2026-07-07,600105.SH,55.06,45.05,0.09999001098791335,True
2026-07-07,600118.SH,91.47,74.84,0.09999398713246345,True
2026-07-07,600160.SH,53.96,44.15,0.09998980735908676,True
2026-07-07,600176.SH,70.19,57.43,0.09998432847516062,True
2026-07-07,600206.SH,55.98,45.8,0.1000196502259776,True
2026-07-07,600276.SH,62.45,51.09,0.10005284481240091,True
2026-07-07,600360.SH,15.32,12.54,0.09978463747307972,True
2026-07-07,600397.SH,25.4,20.78,0.10004330879168466,True
2026-07-07,600487.SH,93.06,76.14,0.10000000000000002,True
2026-07-07,600519.SH,1327.6,1086.22,0.09999917143780394,True
2026-07-07,600522.SH,52.83,43.23,0.0999375390381012,True
2026-07-07,600584.SH,104.6,85.58,0.10001051635292878,True
2026-07-07,600667.SH,30.15,24.67,0.09996351696461139,True
2026-07-07,600703.SH,19.09,15.62,0.09997118985883033,True
2026-07-07,600707.SH,14.87,12.17,0.09985207100591714,True
2026-07-07,600879.SH,23.66,19.36,0.09995350999535102,True
2026-07-07,601138.SH,69.95,57.23,0.1000157257430414,True
2026-07-07,603005.SH,46.85,38.33,0.10002347969006813,True
2026-07-07,603259.SH,135.27,110.67,0.10002439619419375,True
2026-07-07,603501.SH,106.7,87.3,0.10000000000000003,True
2026-07-07,603650.SH,92.06,75.32,0.10001194885888404,True
2026-07-07,603823.SH,72.45,59.27,0.10006073489219557,True
2026-07-07,605358.SH,65.44,53.54,0.10001680954782316,True
2026-07-07,605376.SH,240.61,196.87,0.09998171344975772,True
2026-07-07,605589.SH,63.47,51.93,0.09999999999999999,True
2026-07-08,000063.SZ,39.37,32.21,0.10002794076557693,True
2026-07-08,000333.SZ,87.03,71.21,0.09997472194135494,True
2026-07-08,000519.SZ,22.48,18.4,0.09980430528375739,True
2026-07-08,000988.SZ,168.95,138.23,0.10000651084054953,True
2026-07-08,001389.SZ,202.81,165.93,0.10001627162770514,True
2026-07-08,002025.SZ,99.17,81.14,0.09999445399589596,True
2026-07-08,002050.SZ,50.06,40.96,0.0999780268072951,True
2026-07-08,002179.SZ,47.48,38.84,0.10009267840593135,True
2026-07-08,002273.SZ,37.59,30.75,0.10008779631255492,True
2026-07-08,002354.SZ,9.58,7.84,0.09988518943742825,True
2026-07-08,002409.SZ,204.4,167.24,0.09998923689592078,True
2026-07-08,002415.SZ,37.25,30.47,0.10011813349084467,True
2026-07-08,002475.SZ,69.61,56.95,0.10003160556257898,True
2026-07-08,002484.SZ,97.38,79.68,0.09996611318197214,True
2026-07-08,002594.SZ,94.89,77.63,0.10004637143519596,True
2026-07-08,002709.SZ,54.49,44.59,0.09991925716592649,True
2026-07-08,600036.SH,41.31,33.8,0.09998668619358281,True
2026-07-08,600118.SH,87.43,71.53,0.10002516356316057,True
2026-07-08,600183.SH,165.85,135.69,0.10001989785766399,True
2026-07-08,600206.SH,61.58,50.38,0.10003572704537331,True
2026-07-08,600519.SH,1307.68,1069.92,0.09999999999999998,True
2026-07-08,600522.SH,52.0,42.54,0.1000634651999154,True
2026-07-08,600667.SH,28.95,23.69,0.09992401215805467,True
2026-07-08,600703.SH,19.56,16.0,0.10011248593925755,True
2026-07-08,600879.SH,22.69,18.57,0.09985458070770724,True
2026-07-08,600938.SH,31.24,25.56,0.1,True
2026-07-08,601138.SH,70.16,57.4,0.1000313577924114,True
2026-07-08,601288.SH,6.66,5.45,0.09991742361684558,True
2026-07-08,601318.SH,54.22,44.36,0.10002028809089064,True
2026-07-08,601398.SH,7.99,6.53,0.10055096418732783,True
2026-07-08,601689.SH,66.57,54.47,0.09996695307336413,True
2026-07-08,601857.SH,10.04,8.22,0.0996714129244249,True
2026-07-08,601869.SH,472.08,386.24,0.10000932053313448,True
2026-07-08,603005.SH,47.32,38.72,0.09995350999535102,True
2026-07-08,603259.SH,130.13,106.47,0.09999999999999999,True
2026-07-08,603823.SH,79.7,65.21,0.09999309916499903,True
2026-07-08,605358.SH,66.58,54.48,0.09995043779943831,True
2026-07-09,000021.SZ,56.24,46.02,0.09994132603168393,True
2026-07-09,000333.SZ,87.35,71.47,0.09998740712756578,True
2026-07-09,000426.SZ,36.55,29.91,0.09990972013241044,True
2026-07-09,000962.SZ,69.34,56.74,0.09993654822335026,True
2026-07-09,000977.SZ,85.99,70.35,0.10003837789433288,True
2026-07-09,001389.SZ,199.65,163.35,0.10000000000000003,True
2026-07-09,002025.SZ,94.93,77.67,0.10000000000000002,True
2026-07-09,002049.SZ,91.86,75.16,0.09998802538618132,True
2026-07-09,002050.SZ,46.21,37.81,0.09997619614377526,True
2026-07-09,002129.SZ,11.76,9.62,0.10009354536950424,True
2026-07-09,002179.SZ,45.34,37.1,0.09995147986414364,True
2026-07-09,002230.SZ,45.03,36.85,0.09990229604298974,True
2026-07-09,002354.SZ,8.82,7.22,0.09975062344139654,True
2026-07-09,002371.SZ,882.55,722.09,0.09999750722903576,True
2026-07-09,002409.SZ,209.0,171.0,0.1,True
2026-07-09,002436.SZ,44.45,36.37,0.09997525365008669,True
2026-07-09,002475.SZ,68.72,56.22,0.10004802305106451,True
2026-07-09,002821.SZ,164.48,134.58,0.09997993713636052,True
2026-07-09,002938.SZ,100.42,82.16,0.10001095410231135,True
2026-07-09,600160.SH,50.29,41.15,0.0999562554680665,True
2026-07-09,600172.SH,19.35,15.83,0.10005685048322914,True
2026-07-09,600206.SH,59.38,48.58,0.1000370507595406,True
2026-07-09,600360.SH,16.47,13.47,0.10020040080160315,True
2026-07-09,600406.SH,24.76,20.26,0.09995557529986672,True
2026-07-09,600519.SH,1319.23,1079.37,0.10000000000000006,True
2026-07-09,600667.SH,26.27,21.49,0.10008375209380237,True
2026-07-09,600707.SH,13.49,11.03,0.10032626427406202,True
2026-07-09,601138.SH,72.61,59.41,0.09998485078018486,True
2026-07-09,601869.SH,451.0,369.0,0.1,True
2026-07-09,603005.SH,45.19,36.97,0.10004868549172345,True
2026-07-09,603228.SH,68.75,56.25,0.1,True
2026-07-09,603259.SH,126.94,103.86,0.09999999999999999,True
2026-07-09,603501.SH,111.05,90.86,0.09999504729830122,True
2026-07-09,603650.SH,91.38,74.76,0.10003611412062112,True
2026-07-09,603929.SH,241.22,197.36,0.1000045601714624,True
2026-07-09,603986.SH,663.49,542.85,0.10000497372216785,True
2026-07-09,605111.SH,85.86,70.25,0.09999359426045736,True
2026-07-09,605358.SH,63.77,52.17,0.10005175090564086,True
2026-07-09,605376.SH,223.08,182.52,0.1,True
2026-07-09,605589.SH,59.36,48.56,0.10007412898443288,True
2026-07-10,000977.SZ,94.59,77.39,0.1000116292592162,True
2026-07-10,002179.SZ,44.14,36.12,0.09992524296037882,True
2026-07-10,002185.SZ,26.1,21.36,0.09987357774968399,True
2026-07-10,002409.SZ,229.9,188.1,0.10000000000000003,True
2026-07-10,600519.SH,1300.41,1063.97,0.10000084588771688,True
2026-07-10,601138.SH,76.48,62.58,0.09995685315691072,True
2026-07-10,605358.SH,70.15,57.39,0.10004704406460722,True
2026-07-13,000333.SZ,86.89,71.09,0.10001265983035824,True
2026-07-13,000811.SZ,58.82,48.12,0.10005610622779132,True
2026-07-13,000858.SZ,81.06,66.32,0.10001357036232873,True
2026-07-13,000938.SZ,42.25,34.57,0.09997396511325177,True
2026-07-13,000977.SZ,98.47,80.57,0.09997765862377125,True
2026-07-13,002028.SZ,166.9,136.56,0.09998022803664404,True
2026-07-13,002050.SZ,47.52,38.88,0.1,True
2026-07-13,002179.SZ,43.01,35.19,0.10000000000000002,True
2026-07-13,002185.SZ,27.84,22.78,0.09996048992493083,True
2026-07-13,002241.SZ,24.83,20.31,0.10013291980505094,True
2026-07-13,002342.SZ,12.18,9.96,0.10027100271002705,True
2026-07-13,002353.SZ,166.32,136.08,0.09999999999999995,True
2026-07-13,002475.SZ,68.35,55.93,0.0999356292243321,True
2026-07-13,002938.SZ,108.32,88.62,0.10003046613181674,True
2026-07-13,600036.SH,40.57,33.19,0.10005422993492412,True
2026-07-13,600150.SH,40.74,33.34,0.09989200863930882,True
2026-07-13,600183.SH,164.33,134.45,0.10000669388847991,True
2026-07-13,600186.SH,12.01,9.83,0.09981684981684981,True
2026-07-13,600206.SH,66.0,54.0,0.1,True
2026-07-13,600360.SH,18.47,15.11,0.10005955926146515,True
2026-07-13,600410.SH,18.22,14.9,0.10024154589371977,True
2026-07-13,600519.SH,1325.48,1084.48,0.10000165977858554,True
2026-07-13,601127.SH,65.89,53.91,0.10000000000000003,True
2026-07-13,601138.SH,72.9,59.64,0.10004526935264828,True
2026-07-13,601288.SH,6.85,5.61,0.0995184590690208,True
2026-07-13,601318.SH,54.43,44.53,0.1000404203718674,True
2026-07-13,601398.SH,8.06,6.6,0.09959072305593457,True
2026-07-13,601857.SH,10.2,8.34,0.10032362459546923,True
2026-07-13,601988.SH,6.37,5.21,0.10017271157167532,True
2026-07-13,603929.SH,236.04,193.12,0.10000932053313448,True
2026-07-13,603993.SH,19.25,15.75,0.1,True
2026-07-13,605358.SH,67.17,54.95,0.10006550933508024,True
2026-07-14,000630.SZ,6.45,5.27,0.10068259385665534,True
2026-07-14,000811.SZ,52.93,43.31,0.09995843724023272,True
2026-07-14,000858.SZ,80.1,65.54,0.09997253501785217,True
2026-07-14,002028.SZ,175.45,143.55,0.09999999999999992,True
2026-07-14,002050.SZ,45.76,37.44,0.10000000000000002,True
2026-07-14,002129.SZ,11.54,9.44,0.10009532888465204,True
2026-07-14,002317.SZ,34.76,28.44,0.09999999999999995,True
2026-07-14,002475.SZ,64.88,53.08,0.10003390979993217,True
2026-07-14,002738.SZ,56.1,45.9,0.10000000000000003,True
2026-07-14,600036.SH,40.98,33.53,0.09998657898268684,True
2026-07-14,600111.SH,42.88,35.08,0.10005130836326326,True
2026-07-14,600160.SH,46.16,37.76,0.10009532888465204,True
2026-07-14,600519.SH,1332.09,1089.89,0.10000082577065038,True
2026-07-14,600938.SH,31.7,25.94,0.09993060374739761,True
2026-07-14,601127.SH,59.3,48.52,0.09998145056575769,True
2026-07-14,601138.SH,69.39,56.77,0.1000317057704502,True
2026-07-14,601288.SH,7.01,5.73,0.10047095761381471,True
2026-07-14,601318.SH,54.48,44.58,0.09993943064809205,True
2026-07-14,603127.SH,47.31,38.71,0.09997674959311788,True
2026-07-14,603799.SH,43.4,35.51,0.09998732733493855,True
2026-07-14,603993.SH,18.55,15.17,0.10023724792408069,True
2026-07-14,605358.SH,63.14,51.66,0.10000000000000003,True
2026-07-15,000858.SZ,80.74,66.06,0.09999999999999994,True
2026-07-15,002294.SZ,39.96,32.7,0.09991742361684557,True
2026-07-15,002317.SZ,34.27,28.04,0.09998395121168357,True
2026-07-15,002422.SZ,53.35,43.65,0.10000000000000003,True
2026-07-15,002475.SZ,67.84,55.5,0.10004864601913413,True
2026-07-15,002821.SZ,195.75,160.16,0.09999719030091879,True
2026-07-15,601138.SH,72.16,59.04,0.09999999999999999,True
2026-07-15,601166.SH,19.2,15.71,0.09997135491263245,True
2026-07-15,601288.SH,7.01,5.73,0.10047095761381471,True
2026-07-15,603087.SH,77.0,63.0,0.1,True
2026-07-15,603127.SH,50.62,41.42,0.0999565406345067,True
2026-07-15,603259.SH,140.26,114.76,0.09999215747784483,True
2026-07-15,603538.SH,39.0,31.91,0.09998589761669723,True
2026-07-15,603993.SH,20.03,16.39,0.099945085118067,True
2026-07-16,000858.SZ,81.2,66.44,0.09997290707125445,True
2026-07-16,002230.SZ,45.49,37.22,0.09998790956353527,True
2026-07-16,002294.SZ,42.52,34.79,0.0999870650627345,True
2026-07-16,002317.SZ,36.62,29.96,0.10003003905076595,True
2026-07-16,002422.SZ,53.98,44.16,0.10006113715100878,True
2026-07-16,002653.SZ,81.54,66.72,0.09995953055443146,True
2026-07-16,002821.SZ,215.33,176.18,0.09999744578682539,True
2026-07-16,002980.SZ,112.35,91.93,0.09996083806540038,True
2026-07-16,600276.SH,63.25,51.75,0.1,True
2026-07-16,600436.SH,141.15,115.49,0.09998441396508732,True
2026-07-16,601288.SH,7.01,5.73,0.10047095761381471,True
2026-07-16,601318.SH,56.05,45.86,0.09999018742027277,True
2026-07-16,603127.SH,55.68,45.56,0.09996048992493083,True
2026-07-16,603259.SH,144.65,118.35,0.10000000000000005,True
2026-07-16,603538.SH,42.9,35.1,0.09999999999999996,True
2026-07-17,000792.SZ,27.15,22.21,0.10008103727714744,True
2026-07-17,002475.SZ,67.74,55.42,0.10003247807729777,True
2026-07-17,600089.SH,20.77,16.99,0.10010593220338987,True
2026-07-17,600406.SH,24.31,19.89,0.09999999999999995,True
2026-07-17,600664.SH,5.43,4.45,0.09919028340080968,True
2026-07-17,601600.SH,9.55,7.81,0.10023041474654384,True
2026-07-17,603993.SH,20.02,16.38,0.10000000000000002,True
2026-07-20,000063.SZ,39.6,32.4,0.10000000000000003,True
2026-07-20,000792.SZ,27.42,22.44,0.09987966305655838,True
2026-07-20,002475.SZ,63.7,52.12,0.09998273182524613,True
2026-07-20,600089.SH,20.53,16.79,0.10021436227224013,True
2026-07-20,600664.SH,5.86,4.8,0.09943714821763606,True
2026-07-21,000792.SZ,26.93,22.03,0.10008169934640519,True
2026-07-21,002049.SZ,67.95,55.59,0.10004856726566293,True
2026-07-21,002050.SZ,39.73,32.51,0.09994462901439645,True
2026-07-21,002475.SZ,62.48,51.12,0.1,True
2026-07-21,600089.SH,21.12,17.28,0.09999999999999998,True
2026-07-21,600111.SH,41.34,33.82,0.10005321979776481,True
2026-07-21,600309.SH,79.19,64.79,0.10001389081816912,True
2026-07-21,600664.SH,5.84,4.78,0.09981167608286248,True
2026-07-21,601138.SH,62.15,50.85,0.09999999999999998,True
2026-07-21,601988.SH,6.69,5.47,0.1003289473684211,True
2026-07-21,603799.SH,39.83,32.59,0.09997238331952492,True
2026-07-21,603993.SH,19.79,16.19,0.10005558643690933,True
2026-07-22,000630.SZ,6.58,5.38,0.10033444816053512,True
2026-07-22,000792.SZ,27.72,22.68,0.09999999999999999,True
2026-07-22,002050.SZ,41.91,34.29,0.09999999999999998,True
2026-07-22,002241.SZ,25.76,21.08,0.09991460290350135,True
2026-07-22,002475.SZ,66.46,54.38,0.09996689837802045,True
2026-07-22,600089.SH,21.45,17.55,0.09999999999999996,True
2026-07-22,600111.SH,43.3,35.42,0.1001016260162601,True
2026-07-22,600150.SH,36.26,29.66,0.10012135922330094,True
2026-07-22,600664.SH,6.42,5.26,0.0993150684931507,True
2026-07-22,601138.SH,67.08,54.88,0.10003279763856998,True
2026-07-23,600664.SH,6.58,5.38,0.10033444816053512,True
2026-07-24,001258.SZ,13.32,10.9,0.09991742361684558,True
2026-07-28,001258.SZ,15.76,12.9,0.09979064898813676,True
2026-08-05,002827.SZ,46.06,37.68,0.10007165034631002,True
2026-08-11,001258.SZ,15.93,13.03,0.10013812154696133,True
2026-08-12,001258.SZ,17.52,14.34,0.09981167608286251,True
2026-08-17,002428.SZ,111.75,91.43,0.1000098434885323,True
2026-08-17,002552.SZ,66.72,54.59,0.09999175665649984,True
2026-08-17,600330.SH,27.48,22.48,0.100080064051241,True
2026-08-25,600613.SH,10.89,8.91,0.10000000000000002,True
2026-08-26,600613.SH,11.3,9.24,0.10029211295034082,True
2026-08-27,002412.SZ,14.4,11.78,0.1000763941940413,True
2026-08-27,002415.SZ,38.26,31.3,0.10005750431282343,True
2026-08-27,002491.SZ,24.73,20.23,0.10008896797153025,True
2026-08-27,002975.SZ,110.94,90.77,0.09999504238758616,True
2026-08-27,003040.SZ,18.73,15.33,0.09982384028185555,True
2026-08-27,600721.SH,16.68,13.64,0.10026385224274403,True
2026-08-27,601212.SH,7.96,6.52,0.09944751381215472,True
2026-08-27,601869.SH,426.82,349.22,0.09999484562651406,True
2026-08-27,603618.SH,35.11,28.73,0.09993734335839596,True
2026-08-27,603738.SH,42.69,34.93,0.09997423344498838,True
2026-08-28,002155.SZ,29.72,24.32,0.09992598075499627,True
2026-08-28,600127.SH,11.86,9.7,0.10018552875695734,True
2026-08-28,600613.SH,12.77,10.45,0.09991386735572784,True
2026-08-28,601869.SH,469.5,384.14,0.09999531418396515,True
2026-08-31,600127.SH,12.95,10.59,0.10025488530161425,True
2026-09-01,600127.SH,13.24,10.84,0.09966777408637877,True
2026-09-02,600127.SH,14.56,11.92,0.09969788519637464,True
2026-09-02,600371.SH,15.36,12.56,0.10028653295128935,True
2026-09-02,600540.SH,6.73,5.51,0.09967320261437913,True
2026-09-07,600127.SH,13.53,11.07,0.09999999999999995,True
2026-09-08,600127.SH,14.88,12.18,0.09977827050997785,True
2026-09-08,600371.SH,16.58,13.56,0.10019907100199063,True
2026-09-09,600108.SH,5.81,4.75,0.10037878787878786,True
2026-09-09,600127.SH,16.27,13.31,0.1000676132521974,True
2026-09-09,600596.SH,13.29,10.87,0.1001655629139073,True
2026-09-10,600127.SH,15.76,12.9,0.09979064898813676,True
2026-09-11,600127.SH,15.4,12.6,0.10000000000000002,True
2026-09-11,601086.SH,16.62,13.6,0.09993381866313704,True
2026-09-14,600127.SH,14.91,12.2,0.09996311324234602,True
2026-09-14,601086.SH,17.99,14.72,0.09996942830938543,True
2026-09-15,000100.SZ,5.14,4.2,0.10064239828693786,True
2026-09-15,000657.SZ,65.09,53.25,0.10005070136893698,True
2026-09-15,000737.SZ,15.72,12.86,0.10006997900629816,True
2026-09-15,000988.SZ,110.0,90.0,0.1,True
2026-09-15,000993.SZ,16.8,13.74,0.100196463654224,True
2026-09-15,002028.SZ,147.18,120.42,0.1,True
2026-09-15,002080.SZ,58.07,47.51,0.10001894298162534,True
2026-09-15,002138.SZ,54.77,44.81,0.10002008435428801,True
2026-09-15,002202.SZ,21.24,17.38,0.09994821336095287,True
2026-09-15,002384.SZ,203.62,166.6,0.09999459780670955,True
2026-09-15,002475.SZ,58.06,47.5,0.10003789314134144,True
2026-09-15,002594.SZ,93.97,76.89,0.09996488353037573,True
2026-09-15,002938.SZ,97.06,79.42,0.0999546690843155,True
2026-09-15,600030.SH,29.27,23.95,0.09996242014280346,True
2026-09-15,600276.SH,47.47,38.84,0.09998841385702693,True
2026-09-15,600418.SH,21.18,17.33,0.09997403271877439,True
2026-09-15,600460.SH,32.84,26.87,0.09998325238653495,True
2026-09-15,600900.SH,31.49,25.77,0.09989521480964023,True
2026-09-15,601127.SH,52.69,43.11,0.09999999999999999,True
2026-09-15,601166.SH,19.97,16.34,0.0999724593775819,True
2026-09-15,601398.SH,9.04,7.4,0.09975669099756684,True
2026-09-15,605589.SH,42.94,35.14,0.09989754098360652,True
2026-09-16,000823.SZ,26.29,21.51,0.09999999999999995,True
2026-09-16,002463.SZ,138.4,113.24,0.09998410427594982,True
2026-09-16,002916.SZ,428.69,350.75,0.09999486811043826,True
2026-09-16,600176.SH,51.8,42.38,0.10002123593119552,True
2026-09-16,600183.SH,165.28,135.23,0.0999966723237164,True
2026-09-16,603920.SH,46.7,38.21,0.09998822282416679,True
2026-09-17,000063.SZ,35.61,29.13,0.10009267840593143,True
2026-09-17,000100.SZ,5.24,4.28,0.10084033613445378,True
2026-09-17,000333.SZ,93.5,76.5,0.1,True
2026-09-17,000636.SZ,64.44,52.72,0.100034141345169,True
2026-09-17,000725.SZ,6.0,4.91,0.09990834097158569,True
2026-09-17,000988.SZ,116.58,95.38,0.1000188714851859,True
2026-09-17,002008.SZ,105.09,85.99,0.09995813271927993,True
2026-09-17,002025.SZ,77.4,63.32,0.10005685048322914,True
2026-09-17,002080.SZ,61.47,50.29,0.10003579098067288,True
2026-09-17,002202.SZ,20.05,16.41,0.09983543609434999,True
2026-09-17,002212.SZ,7.69,6.29,0.1001430615164521,True
2026-09-17,002222.SZ,75.45,61.73,0.10001457938475,True
2026-09-17,002281.SZ,203.73,166.69,0.09999460072350304,True
2026-09-17,002436.SZ,47.08,38.52,0.09999999999999995,True
2026-09-17,002463.SZ,140.58,115.02,0.10000000000000006,True
2026-09-17,002584.SZ,10.51,8.6,0.09994767137624282,True
2026-09-17,002617.SZ,7.72,6.32,0.09971509971509969,True
2026-09-17,002916.SZ,431.75,353.25,0.1,True
2026-09-17,002938.SZ,98.78,80.82,0.10000000000000005,True
2026-09-17,002975.SZ,115.96,94.88,0.09998102826788086,True
2026-09-17,600105.SH,49.74,40.7,0.09995577178239716,True
2026-09-17,600110.SH,13.41,10.97,0.10008203445447085,True
2026-09-17,600176.SH,52.13,42.65,0.10002110149820641,True
2026-09-17,600183.SH,169.93,139.03,0.10001294665976179,True
2026-09-17,600186.SH,14.17,11.59,0.1001552795031056,True
2026-09-17,600378.SH,53.28,43.6,0.09991742361684558,True
2026-09-17,600487.SH,71.94,58.86,0.09999999999999998,True
2026-09-17,600498.SH,46.51,38.05,0.1000473036896878,True
2026-09-17,600522.SH,38.71,31.67,0.10002841716396703,True
2026-09-17,600549.SH,55.66,45.54,0.09999999999999999,True
2026-09-17,600601.SH,16.7,13.66,0.10013175230566532,True
2026-09-17,600900.SH,31.31,25.61,0.10014054813773716,True
2026-09-17,601138.SH,68.56,56.1,0.09995186908390824,True
2026-09-17,601208.SH,59.74,48.88,0.09998158718468053,True
2026-09-17,603002.SH,21.32,17.44,0.10010319917440656,True
2026-09-17,603019.SH,91.63,74.97,0.09999999999999998,True
2026-09-17,603920.SH,47.05,38.49,0.10007014262333407,True
2026-09-17,603936.SH,24.63,20.15,0.10004466279589103,True
2026-09-17,605111.SH,62.26,50.94,0.10000000000000002,True
2026-09-17,605589.SH,45.63,37.33,0.1000482160077146,True
2026-09-18,000021.SZ,39.06,31.96,0.09997183891861448,True
2026-09-18,000063.SZ,35.06,28.68,0.10009413241292756,True
2026-09-18,000100.SZ,5.31,4.35,0.09937888198757763,True
2026-09-18,000657.SZ,66.99,54.81,0.09999999999999994,True
2026-09-18,000725.SZ,6.33,5.18,0.09991311902693313,True
2026-09-18,000807.SZ,29.6,24.22,0.09996283909327393,True
2026-09-18,000823.SZ,26.64,21.8,0.09991742361684558,True
2026-09-18,000988.SZ,116.36,95.2,0.10001890716581582,True
2026-09-18,000993.SZ,19.77,16.17,0.10016694490818025,True
2026-09-18,001309.SZ,436.62,357.24,0.09999244199229082,True
2026-09-18,002008.SZ,104.29,85.33,0.09998945258938935,True
2026-09-18,002080.SZ,64.56,52.82,0.10001703867779863,True
2026-09-18,002156.SZ,64.14,52.48,0.09998285028297035,True
2026-09-18,002185.SZ,18.03,14.75,0.1000610128126907,True
2026-09-18,002222.SZ,75.57,61.83,0.09999999999999998,True
2026-09-18,002281.SZ,210.34,172.1,0.09998954084300808,True
2026-09-18,002371.SZ,732.05,598.95,0.09999999999999994,True
2026-09-18,002409.SZ,148.16,121.22,0.10000742445615858,True
2026-09-18,002584.SZ,10.47,8.57,0.09978991596638657,True
2026-09-18,002585.SZ,12.86,10.52,0.10008554319931565,True
2026-09-18,002655.SZ,44.85,36.69,0.10007358351729218,True
2026-09-18,002815.SZ,26.15,21.39,0.10012620950778288,True
2026-09-18,600036.SH,44.66,36.54,0.09999999999999998,True
2026-09-18,600110.SH,13.06,10.68,0.10025273799494526,True
2026-09-18,600118.SH,63.13,51.65,0.10001742463843878,True
2026-09-18,600172.SH,17.67,14.45,0.10024906600249073,True
2026-09-18,600183.SH,160.63,131.43,0.0999794562761076,True
2026-09-18,600186.SH,13.87,11.35,0.09992069785884218,True
2026-09-18,600487.SH,75.34,61.64,0.1000146006716309,True
2026-09-18,600498.SH,47.76,39.08,0.09995393827729156,True
2026-09-18,600522.SH,40.03,32.75,0.10002748007694423,True
2026-09-18,600549.SH,54.69,44.75,0.09995977473853578,True
2026-09-18,600900.SH,31.31,25.61,0.10014054813773716,True
2026-09-18,601086.SH,16.06,13.14,0.09999999999999994,True
2026-09-18,601138.SH,67.4,55.14,0.10004896360372127,True
2026-09-18,601208.SH,57.53,47.07,0.10000000000000002,True
2026-09-18,603019.SH,90.95,74.41,0.10002418964683119,True
2026-09-18,603920.SH,47.82,39.12,0.1000690131124914,True
2026-09-18,605111.SH,65.15,53.31,0.09994934999155836,True
2026-09-18,605358.SH,49.8,40.74,0.10006626905235251,True
2026-09-21,000002.SZ,3.65,2.99,0.09939759036144573,True
2026-09-21,000021.SZ,40.65,33.26,0.09998647003111893,True
2026-09-21,000100.SZ,5.49,4.49,0.1002004008016032,True
2026-09-21,000657.SZ,67.94,55.58,0.10006476683937823,True
2026-09-21,000725.SZ,6.51,5.33,0.09966216216216214,True
2026-09-21,000993.SZ,21.56,17.64,0.09999999999999995,True
2026-09-21,001309.SZ,454.4,371.78,0.10000242077997532,True
2026-09-21,001389.SZ,185.93,152.13,0.09998225167130098,True
2026-09-21,001399.SZ,25.49,20.85,0.10012947777298223,True
2026-09-21,002008.SZ,109.56,89.64,0.10000000000000002,True
2026-09-21,002080.SZ,66.24,54.2,0.09996678844237789,True
2026-09-21,002138.SZ,57.77,47.27,0.09996191926884995,True
2026-09-21,002185.SZ,19.83,16.23,0.09983361064891841,True
2026-09-21,002281.SZ,214.94,175.86,0.09999999999999995,True
2026-09-21,002436.SZ,47.17,38.59,0.10004664179104475,True
2026-09-21,002463.SZ,135.85,111.15,0.09999999999999995,True
2026-09-21,002491.SZ,26.16,21.4,0.10008410428931878,True
2026-09-21,002579.SZ,21.88,17.9,0.10005027652086476,True
2026-09-21,002584.SZ,10.73,8.78,0.09994874423372636,True
2026-09-21,002636.SZ,88.95,72.77,0.10004946821667084,True
2026-09-21,002792.SZ,34.54,28.26,0.09999999999999996,True
2026-09-21,002902.SZ,34.32,28.08,0.10000000000000003,True
2026-09-21,002913.SZ,92.47,75.65,0.10004758505829166,True
2026-09-21,002916.SZ,422.95,346.05,0.09999999999999996,True
2026-09-21,600105.SH,51.12,41.82,0.10006455777921237,True
2026-09-21,600110.SH,13.51,11.05,0.10016286644951135,True
2026-09-21,600176.SH,49.52,40.52,0.09995557529986672,True
2026-09-21,600487.SH,76.44,62.54,0.10001439055979278,True
2026-09-21,600498.SH,48.39,39.59,0.10002273243919069,True
2026-09-21,600522.SH,39.58,32.38,0.10005558643690933,True
2026-09-21,600601.SH,15.95,13.05,0.09999999999999995,True
2026-09-21,600869.SH,23.55,19.27,0.09995329285380666,True
2026-09-21,601208.SH,56.43,46.17,0.09999999999999999,True
2026-09-21,601869.SH,500.49,409.49,0.10000219785050221,True
2026-09-21,603083.SH,250.78,205.18,0.10000877269935957,True
2026-09-21,603256.SH,163.67,133.91,0.10000672088177967,True
2026-09-21,603618.SH,43.9,35.92,0.09997494362315207,True
2026-09-21,603893.SH,209.04,171.04,0.09997895179962113,True
2026-09-21,603920.SH,47.96,39.24,0.09999999999999998,True
2026-09-21,605358.SH,51.15,41.85,0.09999999999999996,True
2026-09-22,000002.SZ,4.02,3.29,0.09986320109439119,True
2026-09-22,000066.SZ,16.32,13.36,0.09973045822102429,True
2026-09-22,000100.SZ,5.59,4.57,0.10039370078740154,True
2026-09-22,000993.SZ,22.47,18.39,0.09985315712187955,True
2026-09-22,001389.SZ,204.52,167.34,0.09998386489539075,True
2026-09-22,002008.SZ,106.21,86.9,0.09999482160426693,True
2026-09-22,002080.SZ,72.86,59.62,0.09993961352657008,True
2026-09-22,002138.SZ,58.71,48.03,0.10005621135469364,True
2026-09-22,002141.SZ,7.43,6.08,0.09992598075499627,True
2026-09-22,002185.SZ,20.41,16.7,0.09997305308542175,True
2026-09-22,002281.SZ,213.14,174.38,0.10002064409578859,True
2026-09-22,002436.SZ,48.76,39.9,0.09993232573877735,True
2026-09-22,002463.SZ,138.6,113.4,0.09999999999999995,True
2026-09-22,002579.SZ,21.41,17.51,0.10020554984583757,True
2026-09-22,002636.SZ,89.52,73.24,0.10002457606291473,True
2026-09-22,002792.SZ,37.99,31.09,0.09988419224088017,True
2026-09-22,002913.SZ,92.95,76.05,0.10000000000000003,True
2026-09-22,002916.SZ,434.52,355.52,0.09999493696521695,True
2026-09-22,002957.SZ,47.17,38.59,0.10004664179104475,True
2026-09-22,600048.SH,6.25,5.11,0.10035211267605632,True
2026-09-22,600105.SH,51.39,42.05,0.09995719178082196,True
2026-09-22,600150.SH,45.12,36.92,0.09995124329595315,True
2026-09-22,600176.SH,50.46,41.28,0.10006540222367559,True
2026-09-22,600186.SH,13.75,11.25,0.1,True
2026-09-22,600301.SH,54.97,44.97,0.10006003602161297,True
2026-09-22,600378.SH,52.53,42.98,0.09998952989215794,True
2026-09-22,600410.SH,18.91,15.47,0.10005817335660265,True
2026-09-22,600487.SH,78.93,64.58,0.09999303184447084,True
2026-09-22,600522.SH,40.65,33.26,0.09998647003111893,True
2026-09-22,600601.SH,16.78,13.73,0.09996722386102919,True
2026-09-22,601086.SH,19.44,15.9,0.10016977928692701,True
2026-09-22,601208.SH,58.03,47.48,0.09999052222538153,True
2026-09-22,601869.SH,504.89,413.09,0.10000217869670364,True
2026-09-22,603002.SH,21.27,17.41,0.0997931747673216,True
2026-09-22,603083.SH,245.65,200.99,0.09999104424144725,True
2026-09-22,603186.SH,254.87,208.53,0.1,True
2026-09-22,603256.SH,163.81,134.03,0.09998656997045392,True
2026-09-22,603920.SH,51.08,41.8,0.09991386735572784,True
2026-09-22,603936.SH,23.77,19.45,0.09995372512725591,True
2026-09-22,605358.SH,50.94,41.68,0.09997840639170803,True
2026-09-23,000002.SZ,4.19,3.43,0.09973753280839896,True
2026-09-23,000066.SZ,17.46,14.28,0.10018903591682424,True
2026-09-23,000504.SZ,13.32,10.9,0.09991742361684558,True
2026-09-23,000636.SZ,63.53,51.98,0.09999134274088828,True
2026-09-23,000657.SZ,66.29,54.23,0.10006637902422841,True
2026-09-23,000756.SZ,17.75,14.53,0.09975216852540274,True
2026-09-23,001216.SZ,29.12,23.82,0.10011333585190783,True
2026-09-23,001389.SZ,218.52,178.79,0.09999748307367048,True
2026-09-23,002008.SZ,103.69,84.83,0.10004243581582857,True
2026-09-23,002080.SZ,68.75,56.25,0.1,True
2026-09-23,002138.SZ,59.79,48.92,0.09999080121423969,True
2026-09-23,002141.SZ,8.17,6.69,0.09959623149394345,True
2026-09-23,002185.SZ,20.11,16.45,0.10010940919037199,True
2026-09-23,002281.SZ,209.41,171.33,0.10001575878552288,True
2026-09-23,002303.SZ,7.59,6.21,0.09999999999999999,True
2026-09-23,002436.SZ,48.65,39.81,0.0999321727334388,True
2026-09-23,002463.SZ,137.65,112.63,0.09996803579990415,True
2026-09-23,002579.SZ,20.77,16.99,0.10010593220338987,True
2026-09-23,002636.SZ,94.14,77.02,0.10002336994624915,True
2026-09-23,002913.SZ,96.93,79.31,0.09997730367680438,True
2026-09-23,002916.SZ,440.0,360.0,0.1,True
2026-09-23,600048.SH,6.25,5.11,0.10035211267605632,True
2026-09-23,600105.SH,49.95,40.87,0.09997797841885055,True
2026-09-23,600110.SH,13.38,10.94,0.1003289473684211,True
2026-09-23,600176.SH,50.02,40.92,0.10006597756762703,True
2026-09-23,600183.SH,157.8,129.11,0.09999651458645567,True
2026-09-23,600330.SH,32.68,26.74,0.09996634129922587,True
2026-09-23,600522.SH,40.57,33.19,0.10005422993492412,True
2026-09-23,600601.SH,16.9,13.82,0.10026041666666662,True
2026-09-23,600699.SH,22.88,18.72,0.10000000000000002,True
2026-09-23,601086.SH,19.98,16.34,0.10022026431718063,True
2026-09-23,601208.SH,57.41,46.97,0.10001916075876603,True
2026-09-23,601995.SH,34.98,28.62,0.09999999999999995,True
2026-09-23,603002.SH,21.78,17.82,0.10000000000000002,True
2026-09-23,603186.SH,249.15,203.85,0.10000000000000002,True
2026-09-23,603228.SH,116.73,95.51,0.09998115341123255,True
2026-09-23,603256.SH,175.14,143.3,0.0999874387639743,True
2026-09-23,603259.SH,184.64,151.07,0.09999702123856899,True
2026-09-23,603936.SH,24.88,20.36,0.09991158267020336,True
2026-09-23,605358.SH,51.59,42.21,0.10000000000000002,True
