signal_date,ts_code,up_limit,down_limit,official_band_fraction,eligible
2025-12-31,000430.SZ,7.95,7.19,0.05019815059445177,False
2025-12-31,002969.SZ,13.04,10.67,0.09995782370307883,True
2025-12-31,002931.SZ,31.7,25.94,0.09993060374739761,True
2025-12-31,002822.SZ,4.23,3.83,0.04962779156327547,False
2025-12-31,002713.SZ,8.98,8.12,0.05029239766081878,False
2025-12-31,603608.SH,10.3,8.42,0.10042735042735047,True
2025-12-31,002485.SZ,4.53,4.09,0.051044083526682174,False
2025-12-31,600506.SH,32.03,26.21,0.09993131868131869,True
2025-12-31,603192.SH,31.59,25.85,0.09993036211699162,True
2025-12-31,002149.SZ,47.3,38.7,0.09999999999999994,True
2025-12-31,002592.SZ,9.02,8.16,0.05005820721769496,False
2025-12-31,605086.SH,51.11,41.81,0.10008609556607831,True
2025-12-31,603007.SH,6.14,5.56,0.049572649572649584,False
2025-12-31,002591.SZ,9.92,8.12,0.09977827050997787,True
2025-12-31,600568.SH,2.65,2.39,0.05158730158730154,False
2025-12-31,000530.SZ,8.27,6.77,0.0997340425531915,True
2025-12-31,000411.SZ,14.55,11.91,0.0997732426303855,True
2025-12-31,600107.SH,7.2,6.52,0.04956268221574349,False
2025-12-31,603458.SH,11.48,9.4,0.09961685823754789,True
2025-12-31,000615.SZ,3.81,3.45,0.04958677685950412,False
2025-12-31,603843.SH,5.75,5.21,0.04927007299270073,False
2025-12-31,603075.SH,24.04,19.67,0.09997712194005942,True
2025-12-31,603000.SH,20.77,16.99,0.10010593220338987,True
2025-12-31,002099.SZ,7.16,5.86,0.0998463901689708,True
2025-12-31,601929.SH,3.72,3.04,0.10059171597633139,True
2025-12-31,000816.SZ,4.27,3.49,0.1005154639175257,True
2025-12-31,605081.SH,10.92,9.88,0.049999999999999954,False
2025-12-31,600682.SH,9.78,8.0,0.10011248593925755,True
2025-12-31,000697.SZ,9.02,8.16,0.05005820721769496,False
2025-12-31,002881.SZ,47.67,39.01,0.09990770650669131,True
2025-12-31,603667.SH,69.98,57.26,0.09996856334486015,True
2025-12-31,600246.SH,14.18,11.6,0.10007757951900698,True
2025-12-31,002036.SZ,11.66,9.54,0.10000000000000005,True
2025-12-31,000700.SZ,15.28,12.5,0.10007199424046073,True
2025-12-31,600118.SH,94.95,77.69,0.09997683039851718,True
2025-12-31,000818.SZ,21.19,17.33,0.10020768431983394,True
2025-12-31,601992.SH,1.85,1.51,0.1011904761904762,True
2025-12-31,600050.SH,5.6,4.58,0.10019646365422392,True
2025-12-31,002583.SZ,12.44,10.18,0.09991158267020336,True
2025-12-31,002420.SZ,8.76,7.16,0.10050251256281405,True
2026-01-05,000430.SZ,8.15,7.37,0.0502577319587629,False
2026-01-05,002969.SZ,13.93,11.39,0.1003159557661927,True
2026-01-05,002931.SZ,34.87,28.53,0.09999999999999995,True
2026-01-05,002822.SZ,4.12,3.72,0.05102040816326529,False
2026-01-05,603608.SH,11.33,9.27,0.10000000000000002,True
2026-01-05,002713.SZ,9.43,8.53,0.050111358574610264,False
2026-01-05,002485.SZ,4.41,3.99,0.04999999999999999,False
2026-01-05,002149.SZ,50.06,40.96,0.0999780268072951,True
2026-01-05,603192.SH,28.86,23.62,0.09984756097560972,True
2026-01-05,605086.SH,50.23,41.09,0.10008760402978531,True
2026-01-05,002591.SZ,8.93,7.31,0.0997536945812808,True
2026-01-05,600506.SH,28.83,23.59,0.09996184662342614,True
2026-01-05,001266.SZ,43.31,35.43,0.10007620015240033,True
2026-01-05,603007.SH,6.34,5.74,0.0496688741721854,False
2026-01-05,002592.SZ,8.72,7.89,0.04996989765201692,False
2026-01-05,603843.SH,6.01,5.43,0.05069930069930071,False
2026-01-05,000615.SZ,3.66,3.32,0.04871060171919775,False
2026-01-05,000530.SZ,8.05,6.59,0.09972677595628421,True
2026-01-05,600568.SH,2.64,2.38,0.051792828685259015,False
2026-01-05,603601.SH,13.72,11.22,0.10024057738572574,True
2026-01-05,600107.SH,7.29,6.59,0.050432276657060536,False
2026-01-05,000816.SZ,4.05,3.31,0.10054347826086954,True
2026-01-05,002905.SZ,12.43,10.17,0.09999999999999998,True
2026-01-05,605081.SH,11.27,10.19,0.050326188257222744,False
2026-01-05,600337.SH,3.21,2.63,0.0993150684931507,True
2026-01-05,002420.SZ,8.46,6.92,0.10013003901170357,True
2026-01-05,002456.SZ,11.68,9.56,0.09981167608286248,True
2026-01-05,000697.SZ,9.08,8.22,0.049710982658959506,False
2026-01-05,002197.SZ,11.13,9.11,0.09980237154150204,True
2026-01-05,002175.SZ,4.87,3.99,0.09932279909706546,True
2026-01-05,600800.SH,3.81,3.11,0.10115606936416188,True
2026-01-05,002187.SZ,8.33,6.81,0.1003963011889036,True
2026-01-05,603075.SH,24.02,19.66,0.09981684981684981,True
2026-01-05,605336.SH,17.31,14.17,0.09974587039390086,True
2026-01-05,603790.SH,21.44,17.54,0.10005130836326326,True
2026-01-05,600208.SH,4.26,3.48,0.10077519379844958,True
2026-01-05,600222.SH,7.24,5.92,0.10030395136778117,True
2026-01-05,000411.SZ,14.03,11.48,0.09996079968639746,True
2026-01-05,603100.SH,25.3,20.7,0.10000000000000003,True
2026-01-05,002099.SZ,6.86,5.62,0.09935897435897437,True
2026-01-06,000430.SZ,8.02,7.26,0.04973821989528795,False
2026-01-06,002969.SZ,15.07,12.33,0.10000000000000002,True
2026-01-06,002931.SZ,38.36,31.38,0.10008603383997706,True
2026-01-06,002822.SZ,4.1,3.71,0.049935979513444265,False
2026-01-06,002713.SZ,9.9,8.96,0.04984093319194059,False
2026-01-06,603608.SH,11.52,9.42,0.10028653295128939,True
2026-01-06,002485.SZ,4.44,4.02,0.04964539007092208,False
2026-01-06,600506.SH,29.54,24.17,0.0999813814932042,True
2026-01-06,605086.SH,49.5,40.5,0.1,True
2026-01-06,002149.SZ,50.63,41.43,0.09993482511405608,True
2026-01-06,002591.SZ,8.04,6.58,0.09986320109439119,True
2026-01-06,001266.SZ,39.0,31.91,0.09998589761669723,True
2026-01-06,603007.SH,6.04,5.46,0.05043478260869566,False
2026-01-06,603192.SH,28.37,23.21,0.1000387747188833,True
2026-01-06,603843.SH,5.92,5.36,0.049645390070921946,False
2026-01-06,603601.SH,14.29,11.69,0.10007698229407236,True
2026-01-06,002592.SZ,9.16,8.28,0.05045871559633033,False
2026-01-06,603008.SH,24.56,20.1,0.09986565158978947,True
2026-01-06,605069.SH,16.43,13.45,0.09973226238286481,True
2026-01-06,000615.SZ,3.66,3.32,0.04871060171919775,False
2026-01-06,000650.SZ,6.72,5.5,0.09983633387888706,True
2026-01-06,605081.SH,11.12,10.06,0.050047214353163304,False
2026-01-06,002009.SZ,24.43,19.99,0.09995497523638003,True
2026-01-06,600568.SH,2.65,2.39,0.05158730158730154,False
2026-01-06,000530.SZ,7.85,6.43,0.09943977591036414,True
2026-01-06,000697.SZ,9.27,8.39,0.04983012457531138,False
2026-01-06,002055.SZ,7.08,6.4,0.050445103857566745,False
2026-01-06,600208.SH,4.31,3.53,0.09948979591836732,True
2026-01-06,600107.SH,7.38,6.68,0.049786628733997175,False
2026-01-06,000816.SZ,3.96,3.24,0.09999999999999996,True
2026-01-06,603075.SH,24.86,20.34,0.09999999999999998,True
2026-01-06,002602.SZ,20.3,16.61,0.09997290707125445,True
2026-01-06,003004.SZ,24.7,22.34,0.05017006802721087,False
2026-01-06,000823.SZ,15.28,12.5,0.10007199424046073,True
2026-01-06,002420.SZ,8.64,7.07,0.09993634627625718,True
2026-01-06,002166.SZ,9.44,7.72,0.10023310023310021,True
2026-01-06,000700.SZ,15.9,13.01,0.09996540989277068,True
2026-01-06,002175.SZ,4.88,4.0,0.0990990990990991,True
2026-01-06,605336.SH,17.63,14.43,0.09981285090455393,True
2026-01-06,600800.SH,3.76,3.08,0.09941520467836254,True
2026-01-07,000430.SZ,8.02,7.26,0.04973821989528795,False
2026-01-07,002931.SZ,42.2,34.52,0.10010427528675704,True
2026-01-07,002822.SZ,4.05,3.67,0.04922279792746113,False
2026-01-07,002713.SZ,10.4,9.41,0.04997476022211005,False
2026-01-07,603608.SH,10.49,8.59,0.09958071278825999,True
2026-01-07,002485.SZ,4.58,4.14,0.05045871559633033,False
2026-01-07,603192.SH,29.58,24.2,0.10003718854592783,True
2026-01-07,002591.SZ,7.7,6.3,0.10000000000000002,True
2026-01-07,001266.SZ,37.86,30.98,0.09994189424753049,True
2026-01-07,603007.SH,6.25,5.65,0.05042016806722686,False
2026-01-07,605086.SH,49.17,40.23,0.10000000000000005,True
2026-01-07,600506.SH,28.85,23.61,0.09988562714449108,True
2026-01-07,600208.SH,4.38,3.58,0.10050251256281405,True
2026-01-07,000615.SZ,3.63,3.29,0.049132947976878595,False
2026-01-07,002592.SZ,9.62,8.7,0.050218340611353704,False
2026-01-07,000650.SZ,6.88,5.63,0.09992006394884093,True
2026-01-07,000697.SZ,9.4,8.5,0.05027932960893857,False
2026-01-07,603843.SH,6.22,5.62,0.050675675675675644,False
2026-01-07,600222.SH,7.43,6.08,0.09992598075499627,True
2026-01-07,603008.SH,23.1,18.9,0.10000000000000006,True
2026-01-07,002197.SZ,11.99,9.81,0.09999999999999998,True
2026-01-07,002166.SZ,9.43,7.71,0.10035005834305716,True
2026-01-07,600568.SH,2.65,2.39,0.05158730158730154,False
2026-01-07,002055.SZ,6.72,6.08,0.049999999999999975,False
2026-01-07,603716.SH,27.36,22.38,0.10012062726176117,True
2026-01-07,002789.SZ,10.99,9.95,0.049665711556829084,False
2026-01-07,601992.SH,1.88,1.54,0.09941520467836254,True
2026-01-07,002586.SZ,4.57,4.13,0.05057471264367821,False
2026-01-07,605336.SH,17.92,14.66,0.10006138735420508,True
2026-01-07,603508.SH,30.6,25.04,0.0999281092739037,True
2026-01-07,603610.SH,22.3,18.24,0.1001480019733597,True
2026-01-07,603000.SH,21.89,17.91,0.10000000000000002,True
2026-01-07,603580.SH,17.19,15.55,0.050091631032376314,False
2026-01-07,600728.SH,7.47,6.11,0.10014727540500733,True
2026-01-07,603075.SH,25.08,20.52,0.09999999999999998,True
2026-01-07,603159.SH,27.96,22.88,0.09992132179386314,True
2026-01-07,000700.SZ,16.53,13.53,0.09980039920159686,True
2026-01-07,603116.SH,7.01,5.73,0.10047095761381471,True
2026-01-07,003004.SZ,25.94,23.47,0.04998988059097354,False
2026-01-07,002424.SZ,4.55,4.11,0.05080831408775976,False
2026-01-08,000430.SZ,7.98,7.22,0.050000000000000044,False
2026-01-08,002931.SZ,46.42,37.98,0.10000000000000005,True
2026-01-08,002822.SZ,4.1,3.71,0.049935979513444265,False
2026-01-08,603608.SH,10.31,8.43,0.1003201707577375,True
2026-01-08,002713.SZ,10.92,9.88,0.049999999999999954,False
2026-01-08,002485.SZ,4.41,3.99,0.04999999999999999,False
2026-01-08,001266.SZ,37.38,30.58,0.10005885815185409,True
2026-01-08,603192.SH,29.3,23.98,0.09984984984984985,True
2026-01-08,603007.SH,6.25,5.65,0.05042016806722686,False
2026-01-08,002591.SZ,7.5,6.14,0.09970674486803521,True
2026-01-08,000650.SZ,6.66,5.45,0.09991742361684558,True
2026-01-08,603008.SH,22.72,18.59,0.09997579278625027,True
2026-01-08,605069.SH,16.75,13.71,0.09980302035456333,True
2026-01-08,603843.SH,6.52,5.9,0.049919484702093335,False
2026-01-08,002055.SZ,6.38,5.78,0.04934210526315787,False
2026-01-08,603075.SH,25.06,20.5,0.10008779631255484,True
2026-01-08,600050.SH,5.68,4.64,0.10077519379844961,True
2026-01-08,002881.SZ,49.61,40.59,0.09999999999999995,True
2026-01-08,603000.SH,21.84,17.87,0.09997481742634094,True
2026-01-08,600246.SH,13.78,11.28,0.09976057462090983,True
2026-01-08,002212.SZ,10.04,8.22,0.0996714129244249,True
2026-01-08,603458.SH,12.53,10.25,0.10008779631255484,True
2026-01-08,603610.SH,21.14,17.3,0.09989594172736732,True
2026-01-08,600506.SH,30.09,24.62,0.09998172180588556,True
2026-01-08,002420.SZ,8.33,6.81,0.1003963011889036,True
2026-01-08,603236.SH,109.05,89.23,0.09995965301593703,True
2026-01-08,003004.SZ,27.24,24.64,0.050115651503469506,False
2026-01-08,601929.SH,3.91,3.2,0.09985935302390998,True
2026-01-08,003007.SZ,40.83,33.41,0.09994612068965521,True
2026-01-08,601698.SH,48.26,39.48,0.10006838386140873,True
2026-01-08,600941.SH,110.33,90.27,0.10000000000000002,True
2026-01-08,000615.SZ,3.6,3.26,0.04956268221574349,False
2026-01-08,603579.SH,29.5,24.14,0.09992542878448918,True
2026-01-08,002166.SZ,9.27,7.59,0.09964412811387899,True
2026-01-08,000818.SZ,22.08,18.06,0.10014947683109117,True
2026-01-08,002268.SZ,23.35,19.11,0.0998586905322657,True
2026-01-08,002592.SZ,10.1,9.14,0.04989604989604984,False
2026-01-08,600208.SH,4.37,3.57,0.10075566750629728,True
2026-01-08,002602.SZ,20.14,16.48,0.09994538503549971,True
2026-01-08,002815.SZ,15.47,12.65,0.10028449502133713,True
2026-01-09,000430.SZ,8.21,7.43,0.04987212276214841,False
2026-01-09,002931.SZ,51.06,41.78,0.09995691512279191,True
2026-01-09,002822.SZ,4.05,3.67,0.04922279792746113,False
2026-01-09,603608.SH,10.24,8.38,0.0998925886143931,True
2026-01-09,002713.SZ,11.47,10.37,0.05036630036630043,False
2026-01-09,001266.SZ,37.8,30.92,0.10011641443538992,True
2026-01-09,603075.SH,25.17,20.59,0.10008741258741262,True
2026-01-09,603007.SH,6.29,5.69,0.05008347245409012,False
2026-01-09,600050.SH,5.78,4.73,0.09990485252140816,True
2026-01-09,603192.SH,29.06,23.78,0.09992429977289927,True
2026-01-09,605069.SH,16.97,13.89,0.09980557355800383,True
2026-01-09,002591.SZ,7.6,6.22,0.09985528219971056,True
2026-01-09,002485.SZ,4.63,4.19,0.049886621315192684,False
2026-01-09,600721.SH,10.91,8.93,0.09979838709677422,True
2026-01-09,002413.SZ,19.46,15.92,0.10005652911249295,True
2026-01-09,600246.SH,13.78,11.28,0.09976057462090983,True
2026-01-09,600506.SH,30.0,24.54,0.10011001100110013,True
2026-01-09,002881.SZ,50.16,41.04,0.09999999999999998,True
2026-01-09,002212.SZ,10.27,8.41,0.0995717344753747,True
2026-01-09,002402.SZ,43.12,35.28,0.09999999999999995,True
2026-01-09,603000.SH,22.08,18.06,0.10014947683109117,True
2026-01-09,600568.SH,2.87,2.59,0.05128205128205133,False
2026-01-09,605086.SH,53.77,43.99,0.10004091653027825,True
2026-01-09,603236.SH,109.73,89.78,0.0999949877199138,True
2026-01-09,605058.SH,33.59,27.49,0.09986902423051744,True
2026-01-09,600941.SH,110.13,90.11,0.0999800239712345,True
2026-01-09,603936.SH,14.14,11.57,0.09996110462854921,True
2026-01-09,002268.SZ,23.56,19.28,0.09990662931839396,True
2026-01-09,002425.SZ,4.25,3.47,0.10103626943005178,True
2026-01-09,603679.SH,18.8,15.38,0.10005851375073142,True
2026-01-09,002420.SZ,8.37,6.85,0.09986859395532192,True
2026-01-09,000650.SZ,6.63,5.43,0.09950248756218907,True
2026-01-09,601698.SH,48.98,40.08,0.09993262968785087,True
2026-01-09,002669.SZ,17.34,14.18,0.100253807106599,True
2026-01-09,000818.SZ,22.53,18.43,0.10009765625000003,True
2026-01-09,000697.SZ,9.47,8.57,0.049889135254988934,False
2026-01-09,603580.SH,17.25,15.61,0.04990870359099211,False
2026-01-09,603297.SH,125.02,102.29,0.09999560072148163,True
2026-01-09,002023.SZ,16.54,13.54,0.0997340425531915,True
2026-01-09,600169.SH,2.57,2.33,0.04897959183673464,False
2026-01-12,002931.SZ,56.17,45.95,0.10007833920877397,True
2026-01-12,000430.SZ,8.06,7.3,0.04947916666666671,False
2026-01-12,605255.SH,239.82,196.22,0.09999082652967617,True
2026-01-12,002969.SZ,16.58,13.56,0.10019907100199063,True
2026-01-12,002822.SZ,4.01,3.63,0.04973821989528795,False
2026-01-12,603828.SH,8.8,7.96,0.05011933174224348,False
2026-01-12,002713.SZ,12.04,10.9,0.049694856146469,False
2026-01-12,603608.SH,9.82,8.04,0.09966405375139985,True
2026-01-12,601698.SH,53.88,44.08,0.10004083299305842,True
2026-01-12,603508.SH,30.24,24.74,0.1000363768643143,True
2026-01-12,603075.SH,25.22,20.64,0.09986916703009155,True
2026-01-12,600050.SH,5.96,4.88,0.09963099630996311,True
2026-01-12,600246.SH,14.17,11.59,0.1001552795031056,True
2026-01-12,603359.SH,10.73,8.78,0.09994874423372636,True
2026-01-12,603007.SH,6.03,5.45,0.050522648083623695,False
2026-01-12,600941.SH,110.13,90.11,0.0999800239712345,True
2026-01-12,605058.SH,34.24,28.02,0.09990362993896566,True
2026-01-12,002212.SZ,10.48,8.58,0.09968520461699895,True
2026-01-12,603236.SH,111.89,91.55,0.09998033818324815,True
2026-01-12,605358.SH,46.81,38.3,0.09998825049935384,True
2026-01-12,000818.SZ,23.19,18.97,0.10009487666034163,True
2026-01-12,002402.SZ,44.08,36.06,0.1000748689792862,True
2026-01-12,603936.SH,14.11,11.55,0.0997661730319563,True
2026-01-12,002432.SZ,45.93,37.58,0.09998802538618132,True
2026-01-12,603679.SH,19.77,16.17,0.10016694490818025,True
2026-01-12,601929.SH,4.36,3.56,0.10101010101010105,True
2026-01-12,002583.SZ,13.22,10.82,0.09983361064891849,True
2026-01-12,603297.SH,126.49,103.49,0.10000869640838335,True
2026-01-12,002023.SZ,16.34,13.37,0.09996634129922587,True
2026-01-12,002669.SZ,16.95,13.87,0.099935107073329,True
2026-01-12,000039.SZ,10.67,8.73,0.09999999999999998,True
2026-01-12,002938.SZ,58.76,48.08,0.09996256083863721,True
2026-01-12,002055.SZ,5.95,5.39,0.04938271604938276,False
2026-01-12,600968.SH,4.29,3.51,0.10000000000000003,True
2026-01-12,002881.SZ,51.37,42.03,0.09999999999999995,True
2026-01-12,002615.SZ,8.48,6.94,0.09987029831387807,True
2026-01-12,002420.SZ,8.64,7.07,0.09993634627625718,True
2026-01-12,603192.SH,30.14,24.66,0.10000000000000002,True
2026-01-12,002485.SZ,4.84,4.38,0.049891540130151846,False
2026-01-12,002246.SZ,22.57,18.47,0.09990253411306046,True
2026-01-13,002931.SZ,61.79,50.55,0.10005340929321703,True
2026-01-13,000430.SZ,8.02,7.26,0.04973821989528795,False
2026-01-13,002969.SZ,18.24,14.92,0.10012062726176112,True
2026-01-13,605255.SH,215.84,176.6,0.09998980735908676,True
2026-01-13,002822.SZ,3.89,3.52,0.049932523616734156,False
2026-01-13,002713.SZ,12.64,11.44,0.04983388704318942,False
2026-01-13,603828.SH,9.24,8.36,0.05000000000000004,False
2026-01-13,600783.SH,39.44,32.27,0.09998605494352243,True
2026-01-13,603608.SH,10.8,8.84,0.09979633401222,True
2026-01-13,600118.SH,128.33,104.99,0.10003428767358143,True
2026-01-13,002432.SZ,46.54,38.08,0.09997636492554952,True
2026-01-13,603508.SH,30.46,24.92,0.10003611412062115,True
2026-01-13,002792.SZ,73.55,60.17,0.10005982650314085,True
2026-01-13,600721.SH,10.45,8.55,0.09999999999999992,True
2026-01-13,002035.SZ,6.93,5.67,0.09999999999999999,True
2026-01-13,603721.SH,22.1,20.0,0.049881235154394334,False
2026-01-13,001229.SZ,46.53,38.07,0.10000000000000002,True
2026-01-13,002575.SZ,7.47,6.11,0.10014727540500733,True
2026-01-13,601698.SH,59.27,48.49,0.10003711952487009,True
2026-01-13,603007.SH,6.2,5.61,0.04995766299745977,False
2026-01-13,600358.SH,6.23,5.63,0.050590219224283355,False
2026-01-13,600728.SH,8.05,6.59,0.09972677595628421,True
2026-01-13,600941.SH,110.44,90.36,0.09999999999999999,True
2026-01-13,002424.SZ,4.39,3.97,0.05023923444976071,False
2026-01-13,002615.SZ,8.57,7.01,0.10012836970474971,True
2026-01-13,600640.SH,16.91,13.83,0.10019518542615484,True
2026-01-13,603466.SH,11.92,9.76,0.09963099630996311,True
2026-01-13,002166.SZ,9.59,7.85,0.09977064220183489,True
2026-01-13,603366.SH,11.2,9.16,0.10019646365422392,True
2026-01-13,603189.SH,24.6,20.12,0.10017889087656531,True
2026-01-13,002362.SZ,26.53,21.71,0.09991708126036485,True
2026-01-13,002654.SZ,17.19,14.07,0.09980806142034551,True
2026-01-13,000607.SZ,5.29,4.33,0.09979209979209978,True
2026-01-13,603359.SH,9.66,7.9,0.10022779043280179,True
2026-01-13,600522.SH,20.47,16.75,0.09994626544868347,True
2026-01-13,600246.SH,14.23,11.65,0.09969088098918083,True
2026-01-13,603999.SH,8.57,7.01,0.10012836970474971,True
2026-01-13,002718.SZ,62.33,50.99,0.10007059654076948,True
2026-01-13,002717.SZ,1.7,1.54,0.049382716049382686,False
2026-01-13,002197.SZ,11.84,9.68,0.10037174721189591,True
2026-01-14,002432.SZ,46.86,38.34,0.09999999999999995,True
2026-01-14,002822.SZ,4.08,3.7,0.048843187660668363,False
2026-01-14,002718.SZ,68.56,56.1,0.09995186908390824,True
2026-01-14,603056.SH,15.44,12.64,0.09971509971509969,True
2026-01-14,603721.SH,21.75,19.67,0.05021728633510377,False
2026-01-14,002035.SZ,6.89,5.63,0.10063897763578274,True
2026-01-14,001229.SZ,45.49,37.22,0.09998790956353527,True
2026-01-14,600358.SH,6.24,5.64,0.05050505050505055,False
2026-01-14,000430.SZ,7.79,7.05,0.049865229110512145,False
2026-01-14,603508.SH,30.15,24.67,0.09996351696461139,True
2026-01-14,002654.SZ,16.92,13.84,0.10013003901170357,True
2026-01-14,605255.SH,194.26,158.94,0.09999999999999998,True
2026-01-14,002575.SZ,7.18,5.88,0.0995405819295559,True
2026-01-14,603828.SH,9.7,8.78,0.04978354978354979,False
2026-01-14,002713.SZ,12.01,10.87,0.04982517482517485,False
2026-01-14,600728.SH,7.74,6.34,0.0994318181818182,True
2026-01-14,603366.SH,10.85,8.87,0.10040567951318462,True
2026-01-14,002197.SZ,11.55,9.45,0.10000000000000006,True
2026-01-14,603999.SH,8.39,6.87,0.0996068152031455,True
2026-01-14,603189.SH,24.45,20.01,0.09986504723346823,True
2026-01-14,002799.SZ,10.65,8.71,0.1002066115702479,True
2026-01-14,000681.SZ,34.63,28.33,0.10006353240152484,True
2026-01-14,600721.SH,11.5,9.41,0.09995217599234815,True
2026-01-14,002362.SZ,26.37,21.57,0.10012515644555696,True
2026-01-14,600640.SH,16.34,13.37,0.09996634129922587,True
2026-01-14,002717.SZ,1.68,1.52,0.049999999999999975,False
2026-01-14,603598.SH,34.51,28.23,0.10009563277016255,True
2026-01-14,002615.SZ,8.5,6.96,0.09961190168175937,True
2026-01-14,603466.SH,11.67,9.55,0.09990574929311967,True
2026-01-14,002969.SZ,19.31,15.8,0.09997151808601533,True
2026-01-14,000607.SZ,5.24,4.28,0.10084033613445378,True
2026-01-14,002425.SZ,4.63,3.79,0.09976247030878858,True
2026-01-14,603535.SH,11.46,9.38,0.09980806142034547,True
2026-01-14,600730.SH,13.09,10.71,0.09999999999999995,True
2026-01-14,000839.SZ,3.04,2.48,0.10144927536231886,True
2026-01-14,000719.SZ,14.05,11.49,0.10023492560689118,True
2026-01-14,600118.SH,133.67,109.37,0.09998354180381823,True
2026-01-14,603608.SH,11.4,9.32,0.1003861003861004,True
2026-01-14,002695.SZ,13.22,10.82,0.09983361064891849,True
2026-01-14,603777.SH,15.09,12.35,0.09985422740524783,True
2026-01-15,002049.SZ,86.69,70.93,0.09998731125491683,True
2026-01-15,000430.SZ,7.84,7.1,0.049531459170013406,False
2026-01-15,002822.SZ,4.02,3.64,0.04960835509138374,False
2026-01-15,603508.SH,30.35,24.83,0.10003624501631031,True
2026-01-15,002969.SZ,21.24,17.38,0.09994821336095287,True
2026-01-15,002432.SZ,46.97,38.43,0.09999999999999998,True
2026-01-15,605255.SH,213.69,174.83,0.10002059096056827,True
2026-01-15,002718.SZ,75.42,61.7,0.10005834305717619,True
2026-01-15,600721.SH,10.98,8.98,0.1002004008016032,True
2026-01-15,603828.SH,10.19,9.22,0.049974240082431676,False
2026-01-15,600730.SH,12.6,10.31,0.09995635093845479,True
2026-01-15,002131.SZ,10.92,8.94,0.09969788519637465,True
2026-01-15,002035.SZ,6.89,5.63,0.10063897763578274,True
2026-01-15,600358.SH,6.23,5.63,0.050590219224283355,False
2026-01-15,603608.SH,11.11,9.09,0.09999999999999998,True
2026-01-15,000697.SZ,8.91,8.07,0.049469964664310945,False
2026-01-15,600208.SH,4.5,3.68,0.1002444987775061,True
2026-01-15,603366.SH,10.92,8.94,0.09969788519637465,True
2026-01-15,600337.SH,3.77,3.09,0.09912536443148691,True
2026-01-15,002575.SZ,7.33,5.99,0.10060060060060058,True
2026-01-15,002197.SZ,12.1,9.9,0.09999999999999996,True
2026-01-15,002424.SZ,4.29,3.89,0.04889975550122248,False
2026-01-15,002654.SZ,16.78,13.73,0.09996722386102919,True
2026-01-15,000839.SZ,3.09,2.53,0.09964412811387903,True
2026-01-15,000719.SZ,14.08,11.52,0.10000000000000002,True
2026-01-15,002713.SZ,11.41,10.33,0.04967801287948482,False
2026-01-15,603777.SH,15.27,12.49,0.10014409221902015,True
2026-01-15,001229.SZ,45.44,37.18,0.09997579278625027,True
2026-01-15,000615.SZ,3.52,3.18,0.050746268656716394,False
2026-01-15,603000.SH,30.83,25.23,0.09989297181591149,True
2026-01-15,002055.SZ,6.27,5.67,0.05025125628140701,False
2026-01-15,002044.SZ,8.97,7.34,0.09993868792152058,True
2026-01-15,603721.SH,21.95,19.86,0.04998804113848361,False
2026-01-15,002036.SZ,13.17,10.77,0.10025062656641606,True
2026-01-15,002425.SZ,4.7,3.84,0.10070257611241222,True
2026-01-15,000607.SZ,5.46,4.46,0.10080645161290323,True
2026-01-15,000906.SZ,6.61,5.41,0.09983361064891849,True
2026-01-15,600825.SH,8.17,6.69,0.09959623149394345,True
2026-01-15,603999.SH,8.61,7.05,0.09961685823754787,True
2026-01-15,002615.SZ,8.53,6.98,0.09993552546744029,True
2026-01-16,002049.SZ,95.36,78.02,0.10001153535586575,True
2026-01-16,000430.SZ,7.85,7.11,0.049465240641711185,False
2026-01-16,002822.SZ,3.98,3.6,0.05013192612137202,False
2026-01-16,605255.SH,192.31,157.35,0.09998284047360297,True
2026-01-16,002969.SZ,19.12,15.64,0.1001150747986191,True
2026-01-16,603828.SH,9.68,8.76,0.049891540130151846,False
2026-01-16,603608.SH,10.51,8.6,0.09994767137624282,True
2026-01-16,600208.SH,4.49,3.67,0.1004901960784314,True
2026-01-16,001270.SZ,128.98,116.7,0.0499837186584174,False
2026-01-16,002713.SZ,11.24,10.17,0.04997664642690333,False
2026-01-16,603508.SH,30.07,24.61,0.09985369422092175,True
2026-01-16,002055.SZ,6.31,5.71,0.049916805324459204,False
2026-01-16,600721.SH,10.73,8.78,0.09994874423372636,True
2026-01-16,600337.SH,3.4,2.78,0.10032362459546927,True
2026-01-16,002175.SZ,4.87,3.99,0.09932279909706546,True
2026-01-16,600730.SH,12.58,10.3,0.0996503496503496,True
2026-01-16,600165.SH,4.16,3.76,0.05050505050505055,False
2026-01-16,000697.SZ,8.91,8.07,0.049469964664310945,False
2026-01-16,002036.SZ,13.19,10.79,0.10008340283569644,True
2026-01-16,000615.SZ,3.59,3.25,0.04970760233918127,False
2026-01-16,002361.SZ,17.94,14.68,0.09993868792152058,True
2026-01-16,605086.SH,47.76,39.08,0.09995393827729156,True
2026-01-16,002166.SZ,9.87,8.07,0.10033444816053506,True
2026-01-16,002388.SZ,7.14,5.84,0.10015408320493065,True
2026-01-16,002424.SZ,4.5,4.08,0.048951048951048945,False
2026-01-16,002485.SZ,4.38,3.96,0.05035971223021582,False
2026-01-16,600941.SH,106.81,87.39,0.10000000000000002,True
2026-01-16,002420.SZ,8.45,6.91,0.10026041666666662,True
2026-01-16,605081.SH,10.88,9.84,0.05019305019305024,False
2026-01-16,002179.SZ,40.45,33.09,0.10008158825129179,True
2026-01-16,603056.SH,18.68,15.28,0.10011778563015312,True
2026-01-16,600522.SH,19.84,16.24,0.09977827050997787,True
2026-01-16,002554.SZ,4.3,3.52,0.09974424552429664,True
2026-01-16,002168.SZ,4.25,3.85,0.049382716049382706,False
2026-01-16,601198.SH,15.07,12.33,0.10000000000000002,True
2026-01-16,002197.SZ,11.74,9.6,0.10028116213683226,True
2026-01-16,601995.SH,38.65,31.63,0.09988616960728514,True
2026-01-16,603007.SH,6.56,5.94,0.049599999999999936,False
2026-01-16,002529.SZ,7.76,7.02,0.05006765899864684,False
2026-01-16,002099.SZ,7.36,6.02,0.10014947683109124,True
2026-01-19,000430.SZ,7.75,7.01,0.050135501355013566,False
2026-01-19,605255.SH,179.08,146.52,0.1,True
2026-01-19,002822.SZ,4.03,3.65,0.04947916666666671,False
2026-01-19,002969.SZ,17.2,14.08,0.09974424552429664,True
2026-01-19,603828.SH,9.2,8.32,0.05022831050228305,False
2026-01-19,002931.SZ,67.97,55.61,0.10001618384851918,True
2026-01-19,002049.SZ,94.64,77.44,0.09995350999535102,True
2026-01-19,600208.SH,4.32,3.54,0.09923664122137407,True
2026-01-19,603608.SH,10.19,8.33,0.10043196544276455,True
2026-01-19,605028.SH,38.45,31.46,0.09998569589472182,True
2026-01-19,002388.SZ,6.95,5.69,0.09968354430379744,True
2026-01-19,600165.SH,4.15,3.75,0.050632911392405104,False
2026-01-19,002713.SZ,10.68,9.66,0.05014749262536871,False
2026-01-19,002175.SZ,4.92,4.02,0.10067114093959736,True
2026-01-19,002036.SZ,13.12,10.74,0.09974853310980716,True
2026-01-19,000615.SZ,3.6,3.26,0.04956268221574349,False
2026-01-19,000697.SZ,9.01,8.15,0.050116550116550085,False
2026-01-19,002485.SZ,4.48,4.06,0.04918032786885256,False
2026-01-19,605086.SH,46.22,37.82,0.09995240361732508,True
2026-01-19,002554.SZ,4.16,3.4,0.10052910052910055,True
2026-01-19,603007.SH,6.24,5.64,0.05050505050505055,False
2026-01-19,603508.SH,29.8,24.38,0.10003691399040239,True
2026-01-19,002055.SZ,6.37,5.77,0.0494233937397035,False
2026-01-19,600730.SH,12.73,10.41,0.10025929127052724,True
2026-01-19,600337.SH,3.12,2.56,0.09859154929577466,True
2026-01-19,605081.SH,10.55,9.55,0.04975124378109452,False
2026-01-19,002166.SZ,10.0,8.18,0.10011001100110013,True
2026-01-19,603722.SH,45.94,37.58,0.10009578544061302,True
2026-01-19,603843.SH,6.09,5.51,0.05000000000000001,False
2026-01-19,600506.SH,29.39,24.05,0.0999251497005988,True
2026-01-19,603626.SH,24.66,20.18,0.09991079393398751,True
2026-01-19,603056.SH,20.55,16.81,0.10010706638115636,True
2026-01-19,600058.SH,15.33,12.55,0.09971305595408891,True
2026-01-19,603192.SH,28.81,23.57,0.1000381825124093,True
2026-01-19,600107.SH,7.32,6.62,0.050215208034433294,False
2026-01-19,002424.SZ,4.55,4.11,0.05080831408775976,False
2026-01-19,000665.SZ,6.29,5.15,0.0996503496503496,True
2026-01-19,600721.SH,10.82,8.86,0.09959349593495939,True
2026-01-19,002099.SZ,7.17,5.87,0.09969325153374232,True
2026-01-19,002168.SZ,4.22,3.82,0.04975124378109452,False
2026-01-20,000430.SZ,7.72,6.98,0.050340136054421725,False
2026-01-20,000670.SZ,8.5,6.96,0.09961190168175937,True
2026-01-20,002049.SZ,92.95,76.05,0.10000000000000003,True
2026-01-20,600208.SH,4.33,3.55,0.0989847715736041,True
2026-01-20,603828.SH,8.74,7.9,0.05048076923076922,False
2026-01-20,002822.SZ,3.98,3.6,0.05013192612137202,False
2026-01-20,605255.SH,191.37,156.57,0.1000172443524746,True
2026-01-20,603078.SH,23.56,19.28,0.09990662931839396,True
2026-01-20,002388.SZ,6.66,5.45,0.09991742361684558,True
2026-01-20,002969.SZ,18.92,15.48,0.10000000000000002,True
2026-01-20,002036.SZ,12.93,10.58,0.09995746490854955,True
2026-01-20,600165.SH,4.12,3.72,0.05102040816326529,False
2026-01-20,603608.SH,10.3,8.42,0.10042735042735047,True
2026-01-20,605028.SH,34.61,28.31,0.10012714558169104,True
2026-01-20,002931.SZ,74.77,61.17,0.10004413711931731,True
2026-01-20,002175.SZ,4.91,4.01,0.10089686098654713,True
2026-01-20,000697.SZ,9.14,8.27,0.04997128087306152,False
2026-01-20,000615.SZ,3.5,3.16,0.05105105105105103,False
2026-01-20,605086.SH,44.83,36.68,0.09998773156667892,True
2026-01-20,002713.SZ,10.15,9.19,0.04963805584281287,False
2026-01-20,600730.SH,12.31,10.07,0.1000893655049151,True
2026-01-20,002297.SZ,13.62,11.14,0.10016155088852984,True
2026-01-20,603316.SH,15.9,13.01,0.09996540989277068,True
2026-01-20,605081.SH,10.95,9.91,0.049856184084371966,False
2026-01-20,603508.SH,29.9,24.46,0.10007358351729209,True
2026-01-20,603007.SH,6.11,5.53,0.04982817869415808,False
2026-01-20,002099.SZ,7.19,5.89,0.09938837920489302,True
2026-01-20,000821.SZ,14.65,13.25,0.050179211469534066,False
2026-01-20,002166.SZ,9.93,8.13,0.09966777408637867,True
2026-01-20,002554.SZ,4.06,3.32,0.10027100271002708,True
2026-01-20,600337.SH,3.43,2.81,0.09935897435897437,True
2026-01-20,600107.SH,7.3,6.6,0.05035971223021585,False
2026-01-20,002183.SZ,5.57,4.55,0.10079051383399214,True
2026-01-20,002485.SZ,4.39,3.97,0.05023923444976071,False
2026-01-20,603580.SH,17.28,15.64,0.04981773997569868,False
2026-01-20,002197.SZ,10.97,8.97,0.10030090270812436,True
2026-01-20,002268.SZ,22.7,18.58,0.09980620155038762,True
2026-01-20,603776.SH,21.0,17.18,0.1000523834468308,True
2026-01-20,600568.SH,2.65,2.39,0.05158730158730154,False
2026-01-20,600877.SH,22.18,18.14,0.10019841269841268,True
2026-01-21,002049.SZ,90.26,73.85,0.09999390652611059,True
2026-01-21,000430.SZ,7.6,6.88,0.04972375690607733,False
2026-01-21,000670.SZ,9.35,7.65,0.09999999999999996,True
2026-01-21,603828.SH,8.3,7.51,0.049968374446552874,False
2026-01-21,600208.SH,4.38,3.58,0.10050251256281405,True
2026-01-21,002969.SZ,20.81,17.03,0.0998942917547568,True
2026-01-21,605255.SH,197.99,161.99,0.10000555586421467,True
2026-01-21,002388.SZ,6.35,5.19,0.10051993067590982,True
2026-01-21,600165.SH,4.01,3.63,0.04973821989528795,False
2026-01-21,002036.SZ,12.56,10.28,0.09982486865148867,True
2026-01-21,605028.SH,31.14,25.48,0.09996467679265277,True
2026-01-21,002931.SZ,82.25,67.29,0.10004012304400155,True
2026-01-21,002713.SZ,9.67,8.75,0.049945711183496194,False
2026-01-21,000697.SZ,9.1,8.24,0.04959630911188001,False
2026-01-21,603608.SH,10.95,8.96,0.09994977398292308,True
2026-01-21,603078.SH,25.92,21.2,0.10016977928692704,True
2026-01-21,603316.SH,15.62,12.78,0.1,True
2026-01-21,002197.SZ,10.4,8.51,0.09994711792702277,True
2026-01-21,000615.SZ,3.4,3.08,0.049382716049382686,False
2026-01-21,605086.SH,43.47,35.57,0.0999493927125506,True
2026-01-21,002789.SZ,10.65,9.63,0.05029585798816566,False
2026-01-21,002297.SZ,13.12,10.74,0.09974853310980716,True
2026-01-21,002424.SZ,4.47,4.05,0.04929577464788732,False
2026-01-21,000821.SZ,13.91,12.59,0.04981132075471699,False
2026-01-21,002099.SZ,7.11,5.81,0.10061919504643968,True
2026-01-21,603508.SH,29.47,24.11,0.10003732736095557,True
2026-01-21,002921.SZ,23.77,19.45,0.09995372512725591,True
2026-01-21,002420.SZ,8.57,7.01,0.10012836970474971,True
2026-01-21,002168.SZ,4.47,4.05,0.04929577464788732,False
2026-01-21,002485.SZ,4.55,4.11,0.05080831408775976,False
2026-01-21,002268.SZ,22.08,18.06,0.10014947683109117,True
2026-01-21,603007.SH,5.94,5.38,0.04946996466431099,False
2026-01-21,605167.SH,20.3,16.61,0.09997290707125445,True
2026-01-21,600337.SH,3.15,2.57,0.10139860139860142,True
2026-01-21,002166.SZ,9.82,8.04,0.09966405375139985,True
2026-01-21,002055.SZ,6.24,5.64,0.05050505050505055,False
2026-01-21,600107.SH,7.15,6.47,0.049926578560939835,False
2026-01-21,600058.SH,16.8,13.74,0.100196463654224,True
2026-01-21,000034.SZ,43.77,35.81,0.10002513194269917,True
2026-01-21,600721.SH,10.75,8.79,0.1003070624360287,True
2026-01-22,000430.SZ,7.61,6.89,0.04965517241379315,False
2026-01-22,002049.SZ,95.0,77.72,0.10004631773969432,True
2026-01-22,002822.SZ,3.93,3.55,0.0508021390374332,False
2026-01-22,603828.SH,7.89,7.13,0.050599201065246326,False
2026-01-22,002931.SZ,90.48,74.03,0.09999392134216767,True
2026-01-22,605255.SH,194.78,159.36,0.10001694245213755,True
2026-01-22,002969.SZ,21.35,17.47,0.09994848016486353,True
2026-01-22,000670.SZ,10.29,8.42,0.09994655264564399,True
2026-01-22,605028.SH,30.4,24.88,0.09985528219971056,True
2026-01-22,002713.SZ,9.46,8.56,0.04994450610432853,False
2026-01-22,600208.SH,4.41,3.61,0.09975062344139654,True
2026-01-22,600165.SH,4.1,3.71,0.049935979513444265,False
2026-01-22,002036.SZ,12.57,10.29,0.099737532808399,True
2026-01-22,002388.SZ,6.38,5.22,0.10000000000000002,True
2026-01-22,002197.SZ,10.43,8.53,0.10021097046413503,True
2026-01-22,000821.SZ,13.22,11.96,0.0500397140587768,False
2026-01-22,000697.SZ,9.08,8.22,0.049710982658959506,False
2026-01-22,603508.SH,29.74,24.34,0.09985207100591714,True
2026-01-22,603007.SH,5.93,5.37,0.04955752212389377,False
2026-01-22,002554.SZ,4.44,3.64,0.09900990099009904,True
2026-01-22,000615.SZ,3.45,3.13,0.048632218844984844,False
2026-01-22,002055.SZ,6.42,5.8,0.0507364975450082,False
2026-01-22,002131.SZ,10.3,8.42,0.10042735042735047,True
2026-01-22,603608.SH,12.05,9.86,0.09995435874030129,True
2026-01-22,600107.SH,7.08,6.4,0.050445103857566745,False
2026-01-22,603316.SH,15.62,12.78,0.1,True
2026-01-22,002592.SZ,10.4,9.41,0.04997476022211005,False
2026-01-22,000665.SZ,6.15,5.03,0.10017889087656531,True
2026-01-22,002420.SZ,8.72,7.14,0.09962168978562427,True
2026-01-22,002485.SZ,4.49,4.07,0.049065420560747655,False
2026-01-22,002166.SZ,9.85,8.06,0.09994416527079839,True
2026-01-22,002168.SZ,4.4,3.98,0.05011933174224348,False
2026-01-22,002813.SZ,32.46,26.56,0.09996611318197225,True
2026-01-22,600721.SH,10.71,8.77,0.09958932238193025,True
2026-01-22,600522.SH,21.12,17.28,0.09999999999999998,True
2026-01-22,605086.SH,45.65,37.35,0.09999999999999996,True
2026-01-22,605358.SH,46.64,38.16,0.10000000000000005,True
2026-01-22,600463.SH,12.39,10.13,0.1003552397868561,True
2026-01-22,002432.SZ,45.14,36.94,0.09990253411306046,True
2026-01-22,002099.SZ,7.01,5.73,0.10047095761381471,True
2026-01-23,000430.SZ,7.64,6.92,0.049450549450549434,False
2026-01-23,603828.SH,7.79,7.05,0.049865229110512145,False
2026-01-23,002049.SZ,93.52,76.52,0.09997647612326512,True
2026-01-23,002822.SZ,3.92,3.54,0.050938337801608564,False
2026-01-23,002716.SZ,16.5,13.5,0.1,True
2026-01-23,000821.SZ,12.56,11.36,0.0501672240802676,False
2026-01-23,000670.SZ,11.32,9.26,0.10009718172983482,True
2026-01-23,002931.SZ,99.53,81.43,0.10002210433244912,True
2026-01-23,605255.SH,191.64,156.8,0.09998852026173796,True
2026-01-23,600165.SH,4.01,3.63,0.04973821989528795,False
2026-01-23,002969.SZ,23.49,19.22,0.09997658627955983,True
2026-01-23,000697.SZ,9.21,8.33,0.05017103762827827,False
2026-01-23,601615.SH,21.65,17.71,0.1001016260162601,True
2026-01-23,605028.SH,30.97,25.34,0.09998224116497956,True
2026-01-23,002388.SZ,6.62,5.42,0.09966777408637877,True
2026-01-23,600208.SH,4.4,3.6,0.10000000000000003,True
2026-01-23,002036.SZ,12.55,10.27,0.09991235758106928,True
2026-01-23,603508.SH,29.65,24.26,0.09998145056575769,True
2026-01-23,002713.SZ,9.73,8.81,0.04962243797195253,False
2026-01-23,002055.SZ,6.43,5.81,0.050653594771241844,False
2026-01-23,000615.SZ,3.51,3.17,0.05089820359281435,False
2026-01-23,002131.SZ,9.26,7.58,0.09976247030878858,True
2026-01-23,600107.SH,7.12,6.44,0.05014749262536871,False
2026-01-23,002420.SZ,9.59,7.85,0.09977064220183489,True
2026-01-23,002485.SZ,4.71,4.27,0.048997772828507834,False
2026-01-23,002672.SZ,5.13,4.19,0.10085836909871239,True
2026-01-23,603316.SH,15.72,12.86,0.10006997900629816,True
2026-01-23,600337.SH,3.3,2.7,0.09999999999999994,True
2026-01-23,603608.SH,13.26,10.85,0.09995852343425965,True
2026-01-23,600655.SH,5.84,4.78,0.09981167608286248,True
2026-01-23,000017.SZ,8.67,7.09,0.100253807106599,True
2026-01-23,600721.SH,10.68,8.74,0.09989701338825949,True
2026-01-23,002554.SZ,4.53,3.71,0.09951456310679614,True
2026-01-23,600050.SH,5.6,4.58,0.10019646365422392,True
2026-01-23,001270.SZ,136.21,123.23,0.0500308356460068,False
2026-01-23,600987.SH,7.9,6.46,0.10027855153203345,True
2026-01-23,600682.SH,8.25,6.75,0.1,True
2026-01-23,600857.SH,15.83,12.95,0.10006949270326618,True
2026-01-23,002685.SZ,8.27,6.77,0.0997340425531915,True
2026-01-23,002099.SZ,7.07,5.79,0.09953343701399692,True
2026-01-26,002716.SZ,18.08,14.8,0.09975669099756684,True
2026-01-26,002155.SZ,25.27,20.67,0.10013060513713536,True
2026-01-26,002049.SZ,96.71,79.13,0.09997725204731575,True
2026-01-26,000430.SZ,7.67,6.94,0.04996577686516082,False
2026-01-26,000821.SZ,13.19,11.93,0.050159235668789805,False
2026-01-26,002822.SZ,3.87,3.51,0.04878048780487809,False
2026-01-26,600165.SH,4.02,3.64,0.04960835509138374,False
2026-01-26,002388.SZ,6.55,5.36,0.09991603694374471,True
2026-01-26,603828.SH,7.57,6.85,0.04993065187239949,False
2026-01-26,605255.SH,188.46,154.2,0.0999824899317108,True
2026-01-26,600824.SH,5.3,4.34,0.0995850622406639,True
2026-01-26,002672.SZ,5.25,4.29,0.10062893081761007,True
2026-01-26,000009.SZ,11.45,9.37,0.09990393852065323,True
2026-01-26,600208.SH,4.47,3.65,0.10098522167487683,True
2026-01-26,002554.SZ,4.55,3.73,0.09903381642512075,True
2026-01-26,000670.SZ,10.66,8.72,0.10010319917440656,True
2026-01-26,600655.SH,5.93,4.85,0.10018552875695734,True
2026-01-26,603508.SH,29.96,24.52,0.0998531571218796,True
2026-01-26,000501.SZ,11.91,9.75,0.0997229916897507,True
2026-01-26,000017.SZ,8.92,7.3,0.09987669543773121,True
2026-01-26,000615.SZ,3.49,3.15,0.051204819277108474,False
2026-01-26,600857.SH,15.69,12.83,0.10028050490883589,True
2026-01-26,600128.SH,12.86,10.52,0.10008554319931565,True
2026-01-26,002187.SZ,9.53,7.79,0.10046189376443414,True
2026-01-26,000417.SZ,9.47,7.75,0.099883855981417,True
2026-01-26,002865.SZ,109.38,89.5,0.09995977473853578,True
2026-01-26,002131.SZ,9.24,7.56,0.10000000000000003,True
2026-01-26,002432.SZ,46.62,38.14,0.10004719207173192,True
2026-01-26,600987.SH,7.96,6.52,0.09944751381215472,True
2026-01-26,600612.SH,51.54,42.17,0.09998932878027955,True
2026-01-26,603836.SH,16.07,13.15,0.0999315537303217,True
2026-01-26,603365.SH,23.34,19.1,0.09990574929311967,True
2026-01-26,605028.SH,30.18,24.7,0.09985422740524783,True
2026-01-26,603535.SH,11.44,9.36,0.10000000000000002,True
2026-01-26,002439.SZ,16.65,13.63,0.09973579920739754,True
2026-01-26,002979.SZ,48.72,39.86,0.10002257846014902,True
2026-01-26,600100.SH,10.42,8.52,0.10031678986272442,True
2026-01-26,603211.SH,26.17,21.41,0.10004203446826401,True
2026-01-26,603373.SH,44.83,36.68,0.09998773156667892,True
2026-01-26,002055.SZ,6.44,5.82,0.05057096247960848,False
2026-01-27,002716.SZ,19.89,16.27,0.10011061946902658,True
2026-01-27,002049.SZ,92.72,75.86,0.10001186380353543,True
2026-01-27,000821.SZ,13.85,12.53,0.05003790750568614,False
2026-01-27,000430.SZ,7.6,6.88,0.04972375690607733,False
2026-01-27,002155.SZ,27.8,22.74,0.10011871784724975,True
2026-01-27,000670.SZ,10.9,8.92,0.09989909182643796,True
2026-01-27,002822.SZ,3.82,3.46,0.049450549450549434,False
2026-01-27,605255.SH,169.62,138.78,0.10000000000000002,True
2026-01-27,600165.SH,4.01,3.63,0.04973821989528795,False
2026-01-27,600208.SH,4.38,3.58,0.10050251256281405,True
2026-01-27,002554.SZ,4.5,3.68,0.1002444987775061,True
2026-01-27,603828.SH,7.75,7.01,0.050135501355013566,False
2026-01-27,002131.SZ,8.8,7.2,0.10000000000000003,True
2026-01-27,601615.SH,26.2,21.44,0.09991603694374471,True
2026-01-27,603508.SH,30.06,24.6,0.09989023051591653,True
2026-01-27,002388.SZ,6.39,5.23,0.099827882960413,True
2026-01-27,002432.SZ,46.98,38.44,0.09997658627955983,True
2026-01-27,600721.SH,10.84,8.87,0.099949264332826,True
2026-01-27,000615.SZ,3.42,3.1,0.049079754601226974,False
2026-01-27,002055.SZ,6.39,5.79,0.04926108374384234,False
2026-01-27,603365.SH,23.27,19.04,0.09997636492554952,True
2026-01-27,601212.SH,12.55,10.27,0.09991235758106928,True
2026-01-27,001337.SZ,60.78,49.73,0.09999095104515433,True
2026-01-27,600655.SH,5.97,4.89,0.0994475138121547,True
2026-01-27,600824.SH,5.25,4.29,0.10062893081761007,True
2026-01-27,603836.SH,16.09,13.17,0.09979494190020506,True
2026-01-27,603535.SH,11.29,9.23,0.10038986354775822,True
2026-01-27,603721.SH,22.01,19.91,0.05009541984732828,False
2026-01-27,600249.SH,6.64,5.44,0.0993377483443708,True
2026-01-27,002672.SZ,5.31,4.35,0.09937888198757763,True
2026-01-27,002035.SZ,6.95,5.69,0.09968354430379744,True
2026-01-27,000009.SZ,11.28,9.23,0.09995124329595315,True
2026-01-27,002268.SZ,21.96,17.96,0.1002004008016032,True
2026-01-27,600398.SH,6.75,5.53,0.09934853420195437,True
2026-01-27,002344.SZ,5.54,4.54,0.0992063492063492,True
2026-01-27,605028.SH,29.88,24.44,0.10014727540500733,True
2026-01-27,600857.SH,15.81,12.93,0.1002087682672234,True
2026-01-27,002832.SZ,16.74,13.7,0.09986859395532192,True
2026-01-27,000501.SZ,11.39,9.32,0.09995171414775472,True
2026-01-27,002626.SZ,22.39,18.32,0.09997543601080816,True
2026-01-28,002155.SZ,30.58,25.02,0.09999999999999999,True
2026-01-28,001337.SZ,66.86,54.7,0.10003290556103979,True
2026-01-28,002049.SZ,94.38,77.22,0.09999999999999998,True
2026-01-28,002716.SZ,19.4,15.88,0.09977324263038542,True
2026-01-28,002187.SZ,8.87,7.25,0.10049627791563272,True
2026-01-28,000670.SZ,10.03,8.21,0.09978070175438587,True
2026-01-28,601212.SH,13.81,11.3,0.09996017522899242,True
2026-01-28,000821.SZ,13.66,12.36,0.04996156802459649,False
2026-01-28,000009.SZ,10.91,8.93,0.09979838709677422,True
2026-01-28,600857.SH,15.35,12.56,0.09996417054819058,True
2026-01-28,600824.SH,5.16,4.22,0.10021321961620475,True
2026-01-28,000017.SZ,9.02,7.38,0.09999999999999999,True
2026-01-28,600128.SH,12.87,10.53,0.1,True
2026-01-28,000417.SZ,9.16,7.5,0.09963985594237695,True
2026-01-28,002672.SZ,5.24,4.28,0.10084033613445378,True
2026-01-28,000501.SZ,11.36,9.3,0.09970958373668919,True
2026-01-28,600208.SH,4.3,3.52,0.09974424552429664,True
2026-01-28,002479.SZ,5.79,4.73,0.10076045627376423,True
2026-01-28,002822.SZ,3.78,3.42,0.04999999999999999,False
2026-01-28,600165.SH,3.99,3.61,0.050000000000000044,False
2026-01-28,603979.SH,86.83,71.05,0.09994932860400305,True
2026-01-28,002388.SZ,6.28,5.14,0.09982486865148867,True
2026-01-28,000025.SZ,20.83,17.05,0.09978880675818369,True
2026-01-28,002055.SZ,6.28,5.68,0.0501672240802676,False
2026-01-28,601969.SH,12.89,10.55,0.09982935153583616,True
2026-01-28,603078.SH,31.93,26.13,0.09989665862900449,True
2026-01-28,600655.SH,5.82,4.76,0.10018903591682424,True
2026-01-28,600721.SH,10.57,8.65,0.09989594172736732,True
2026-01-28,603828.SH,8.14,7.36,0.050322580645161305,False
2026-01-28,002715.SZ,18.73,15.33,0.09982384028185555,True
2026-01-28,002268.SZ,21.89,17.91,0.10000000000000002,True
2026-01-28,603836.SH,15.84,12.96,0.09999999999999996,True
2026-01-28,002439.SZ,16.35,13.37,0.10026917900403776,True
2026-01-28,002554.SZ,4.39,3.59,0.10025062656641602,True
2026-01-28,603508.SH,30.03,24.57,0.10000000000000002,True
2026-01-28,002168.SZ,4.61,4.17,0.05011389521640095,False
2026-01-28,002432.SZ,48.38,39.58,0.10004547521600732,True
2026-01-28,600006.SH,7.73,6.33,0.09957325746799434,True
2026-01-28,603365.SH,22.83,18.68,0.09997590941941698,True
2026-01-28,000903.SZ,2.78,2.52,0.04905660377358487,False
2026-01-29,002716.SZ,21.34,17.46,0.09999999999999998,True
2026-01-29,002155.SZ,33.64,27.52,0.10006540222367563,True
2026-01-29,601212.SH,15.19,12.43,0.0999275887038378,True
2026-01-29,001337.SZ,73.55,60.17,0.10005982650314085,True
2026-01-29,002049.SZ,96.7,79.12,0.09998862472983733,True
2026-01-29,000417.SZ,9.25,7.57,0.09988109393579071,True
2026-01-29,600208.SH,4.29,3.51,0.10000000000000003,True
2026-01-29,002187.SZ,9.02,7.38,0.09999999999999999,True
2026-01-29,600857.SH,15.5,12.68,0.1000709723207949,True
2026-01-29,000017.SZ,9.41,7.7,0.09994155464640561,True
2026-01-29,000821.SZ,13.81,12.49,0.05019011406844107,False
2026-01-29,600824.SH,5.31,4.35,0.09937888198757763,True
2026-01-29,000009.SZ,11.13,9.11,0.09980237154150204,True
2026-01-29,002672.SZ,5.42,4.44,0.09939148073022308,True
2026-01-29,600128.SH,12.8,10.48,0.09965635738831616,True
2026-01-29,000025.SZ,21.45,17.55,0.09999999999999996,True
2026-01-29,000670.SZ,9.99,8.17,0.10022026431718063,True
2026-01-29,000501.SZ,11.57,9.47,0.09980988593155893,True
2026-01-29,600612.SH,56.08,45.88,0.10003923107100819,True
2026-01-29,002715.SZ,19.45,15.91,0.10011312217194568,True
2026-01-29,002345.SZ,16.29,13.33,0.09993247805536797,True
2026-01-29,002479.SZ,5.96,4.88,0.09963099630996311,True
2026-01-29,002867.SZ,15.44,12.64,0.09971509971509969,True
2026-01-29,601061.SH,18.76,15.35,0.0999706830841396,True
2026-01-29,600655.SH,6.4,5.24,0.09965635738831616,True
2026-01-29,600165.SH,3.97,3.59,0.0502645502645503,False
2026-01-29,600596.SH,14.93,12.21,0.10022107590272655,True
2026-01-29,603257.SH,73.77,60.35,0.1000596480763495,True
2026-01-29,002822.SZ,3.73,3.37,0.050704225352112664,False
2026-01-29,002131.SZ,9.65,7.89,0.10034207525655649,True
2026-01-29,002055.SZ,6.17,5.59,0.04931972789115647,False
2026-01-29,600499.SH,16.26,13.3,0.10013531799729367,True
2026-01-29,603508.SH,29.37,24.03,0.09999999999999999,True
2026-01-29,002654.SZ,17.18,14.06,0.09987195902688857,True
2026-01-29,600721.SH,10.36,8.48,0.09978768577494687,True
2026-01-29,600170.SH,3.5,2.86,0.1006289308176101,True
2026-01-29,002122.SZ,3.26,2.95,0.049919484702093335,False
2026-01-29,603203.SH,41.99,34.35,0.10007859575582918,True
2026-01-29,002967.SZ,26.03,21.29,0.1001690617075233,True
2026-01-29,002035.SZ,6.83,5.59,0.09983896940418681,True
2026-01-30,002716.SZ,23.27,19.04,0.09997636492554952,True
2026-01-30,001337.SZ,80.88,66.18,0.09995920032639731,True
2026-01-30,002049.SZ,92.69,75.83,0.1000474721101353,True
2026-01-30,002155.SZ,37.0,30.28,0.09988109393579071,True
2026-01-30,000670.SZ,9.55,7.81,0.10023041474654384,True
2026-01-30,601212.SH,16.71,13.67,0.10006583278472682,True
2026-01-30,000821.SZ,13.2,11.94,0.05011933174224343,False
2026-01-30,000017.SZ,8.7,7.12,0.09987357774968389,True
2026-01-30,600208.SH,4.29,3.51,0.10000000000000003,True
2026-01-30,000009.SZ,11.04,9.04,0.09960159362549802,True
2026-01-30,600165.SH,3.95,3.57,0.050531914893617066,False
2026-01-30,002822.SZ,3.71,3.35,0.05099150141643057,False
2026-01-30,000417.SZ,8.95,7.33,0.09950859950859946,True
2026-01-30,601061.SH,17.94,14.68,0.09993868792152058,True
2026-01-30,002886.SZ,25.52,20.88,0.10000000000000002,True
2026-01-30,600857.SH,15.08,12.34,0.099927060539752,True
2026-01-30,600721.SH,10.11,8.27,0.1001088139281828,True
2026-01-30,000025.SZ,20.61,16.87,0.09978655282817497,True
2026-01-30,603508.SH,28.84,23.6,0.09992372234935161,True
2026-01-30,002554.SZ,4.84,3.96,0.09999999999999998,True
2026-01-30,002187.SZ,8.79,7.19,0.10012515644555686,True
2026-01-30,002168.SZ,4.43,4.01,0.049763033175355444,False
2026-01-30,002055.SZ,6.08,5.5,0.05008635578583766,False
2026-01-30,605255.SH,146.19,119.61,0.09999999999999999,True
2026-01-30,002967.SZ,26.13,21.38,0.09997895179962113,True
2026-01-30,002867.SZ,14.83,12.13,0.10014836795252223,True
2026-01-30,000810.SZ,12.93,10.58,0.09995746490854955,True
2026-01-30,002649.SZ,15.66,12.82,0.0997191011235955,True
2026-01-30,002306.SZ,2.22,2.0,0.05213270142180099,False
2026-01-30,603977.SH,16.34,13.37,0.09996634129922587,True
2026-01-30,002432.SZ,47.16,38.58,0.10006997900629809,True
2026-01-30,002912.SZ,34.95,28.59,0.10009442870632676,True
2026-01-30,603257.SH,71.67,58.64,0.09999232599186555,True
2026-01-30,001332.SZ,60.5,49.5,0.1,True
2026-01-30,000938.SZ,28.07,22.97,0.09992163009404392,True
2026-01-30,600620.SH,7.41,6.07,0.09940652818991097,True
2026-01-30,001298.SZ,33.9,27.74,0.099935107073329,True
2026-01-30,600612.SH,54.45,44.55,0.10000000000000006,True
2026-01-30,600120.SH,7.29,5.97,0.09954751131221722,True
2026-01-30,600728.SH,7.8,6.38,0.1001410437235543,True
2026-02-02,002122.SZ,3.18,2.88,0.04950495049504954,False
2026-02-02,002049.SZ,92.52,75.7,0.09998811080727614,True
2026-02-02,000670.SZ,9.27,7.59,0.09964412811387899,True
2026-02-02,603836.SH,15.64,12.8,0.09985935302390998,True
2026-02-02,603535.SH,10.96,8.96,0.1004016064257028,True
2026-02-02,002695.SZ,12.93,10.58,0.09995746490854955,True
2026-02-02,000821.SZ,13.56,12.26,0.050348567002323805,False
2026-02-02,002432.SZ,45.75,37.43,0.10002404424140418,True
2026-02-02,603221.SH,14.47,11.84,0.09996199163816041,True
2026-02-02,000829.SZ,11.5,9.41,0.09995217599234815,True
2026-02-02,000810.SZ,12.78,10.46,0.099827882960413,True
2026-02-02,603825.SH,9.95,9.01,0.04957805907172993,False
2026-02-02,002722.SZ,17.35,14.19,0.1001902346227014,True
2026-02-02,002263.SZ,3.83,3.13,0.10057471264367819,True
2026-02-02,601798.SH,10.51,8.6,0.09994767137624282,True
2026-02-02,002654.SZ,17.57,14.37,0.10018785222291801,True
2026-02-02,002626.SZ,20.92,17.12,0.09989484752891693,True
2026-02-02,000541.SZ,6.91,5.65,0.1003184713375796,True
2026-02-02,600249.SH,6.51,5.33,0.09966216216216214,True
2026-02-02,002571.SZ,13.37,10.94,0.09995886466474702,True
2026-02-02,603282.SH,23.67,19.37,0.09990706319702602,True
2026-02-02,002168.SZ,4.49,4.07,0.049065420560747655,False
2026-02-02,600620.SH,7.47,6.11,0.10014727540500733,True
2026-02-02,002980.SZ,24.23,19.83,0.0998638220608262,True
2026-02-02,601801.SH,7.6,6.22,0.09985528219971056,True
2026-02-02,002323.SZ,1.86,1.52,0.10059171597633139,True
2026-02-02,001382.SZ,22.53,18.43,0.10009765625000003,True
2026-02-02,601222.SH,6.34,5.18,0.10069444444444446,True
2026-02-02,000725.SZ,4.81,3.93,0.10068649885583518,True
2026-02-02,002322.SZ,14.53,11.89,0.09992429977289927,True
2026-02-02,002832.SZ,16.6,13.58,0.1000662690523526,True
2026-02-02,002587.SZ,7.48,6.12,0.10000000000000002,True
2026-02-02,603257.SH,64.91,53.11,0.0999830537197085,True
2026-02-02,002873.SZ,11.28,9.23,0.09995124329595315,True
2026-02-02,002778.SZ,24.06,19.68,0.10013717421124828,True
2026-02-02,002221.SZ,9.5,7.78,0.09953703703703702,True
2026-02-02,605033.SH,23.11,18.91,0.09995240361732508,True
2026-02-02,002716.SZ,20.94,17.14,0.09978991596638657,True
2026-02-02,001388.SZ,48.36,39.56,0.100090991810737,True
2026-02-02,002035.SZ,6.93,5.67,0.09999999999999999,True
2026-02-03,000670.SZ,9.25,7.57,0.09988109393579071,True
2026-02-03,002049.SZ,87.76,71.8,0.1000250689395839,True
2026-02-03,601615.SH,26.25,21.47,0.10016764459346189,True
2026-02-03,002822.SZ,3.66,3.32,0.04871060171919775,False
2026-02-03,002122.SZ,3.2,2.9,0.04918032786885251,False
2026-02-03,000821.SZ,14.24,12.88,0.05014749262536871,False
2026-02-03,603836.SH,15.47,12.65,0.10028449502133713,True
2026-02-03,603221.SH,14.26,11.66,0.10030864197530862,True
2026-02-03,603535.SH,10.88,8.9,0.1001011122345804,True
2026-02-03,600165.SH,3.97,3.59,0.0502645502645503,False
2026-02-03,002695.SZ,12.75,10.43,0.10008628127696291,True
2026-02-03,600560.SH,18.28,14.96,0.09987966305655836,True
2026-02-03,001382.SZ,22.57,18.47,0.09990253411306046,True
2026-02-03,600620.SH,7.51,6.15,0.0995607613469985,True
2026-02-03,002035.SZ,6.82,5.58,0.10000000000000002,True
2026-02-03,603825.SH,9.79,8.85,0.050429184549356194,False
2026-02-03,600249.SH,6.45,5.27,0.10068259385665534,True
2026-02-03,001388.SZ,47.88,39.18,0.09993108201240526,True
2026-02-03,000810.SZ,12.63,10.33,0.10017421602787459,True
2026-02-03,002722.SZ,16.97,13.89,0.09980557355800383,True
2026-02-03,002832.SZ,16.38,13.4,0.10006715916722628,True
2026-02-03,002168.SZ,4.27,3.87,0.04914004914004907,False
2026-02-03,000922.SZ,15.26,12.48,0.10021629416005765,True
2026-02-03,002323.SZ,1.85,1.51,0.1011904761904762,True
2026-02-03,600171.SH,34.36,28.12,0.09987195902688857,True
2026-02-03,002056.SZ,21.15,17.31,0.09984399375975041,True
2026-02-03,001313.SZ,8.5,6.96,0.09961190168175937,True
2026-02-03,002063.SZ,7.03,5.75,0.10015649452269172,True
2026-02-03,002388.SZ,5.97,4.89,0.0994475138121547,True
2026-02-03,600406.SH,28.03,22.93,0.10007849293563582,True
2026-02-03,000829.SZ,11.14,9.12,0.09970384995064173,True
2026-02-03,600517.SH,7.32,5.99,0.09992486851990984,True
2026-02-03,003028.SZ,33.62,27.5,0.10013089005235598,True
2026-02-03,601222.SH,6.28,5.14,0.09982486865148867,True
2026-02-03,603776.SH,20.06,16.42,0.09978070175438587,True
2026-02-03,002322.SZ,14.42,11.8,0.09992372234935161,True
2026-02-03,601801.SH,7.46,6.1,0.10029498525073749,True
2026-02-03,002626.SZ,20.22,16.54,0.1001088139281828,True
2026-02-03,603828.SH,7.38,6.68,0.049786628733997175,False
2026-02-03,600100.SH,10.02,8.2,0.0998902305159166,True
2026-02-04,601615.SH,28.25,23.11,0.1000778816199377,True
2026-02-04,002822.SZ,3.64,3.3,0.04899135446685884,False
2026-02-04,002049.SZ,89.42,73.16,0.10001230163611764,True
2026-02-04,000821.SZ,14.95,13.53,0.04985955056179776,False
2026-03-02,001896.SZ,14.67,12.01,0.09970014992503749,True
2026-03-02,601869.SH,254.44,208.18,0.09999567679737147,True
2026-03-02,002731.SZ,9.39,8.49,0.05033557046979867,False
2026-03-02,003018.SZ,29.23,23.91,0.10011290929619872,True
2026-03-02,603790.SH,28.5,23.32,0.09996140486298725,True
2026-03-02,601969.SH,13.61,11.13,0.10024252223120446,True
2026-03-02,603036.SH,22.43,18.35,0.10004904364884742,True
2026-03-02,600248.SH,4.0,3.28,0.09890109890109894,True
2026-03-02,000507.SZ,6.17,5.05,0.09982174688057042,True
2026-03-02,001332.SZ,64.92,53.12,0.09996611318197225,True
2026-03-02,603689.SH,9.38,7.68,0.09964830011723334,True
2026-03-02,601798.SH,10.97,8.97,0.10030090270812436,True
2026-03-02,002088.SZ,13.17,10.77,0.10025062656641606,True
2026-03-02,600265.SH,21.29,19.27,0.04980276134122286,False
2026-03-02,002353.SZ,129.0,105.54,0.1000255819902788,True
2026-03-02,000820.SZ,3.7,3.34,0.05113636363636368,False
2026-03-02,600522.SH,32.05,26.23,0.09986273164035683,True
2026-03-02,605055.SH,11.37,9.31,0.0996131528046421,True
2026-03-03,601969.SH,14.18,11.6,0.10007757951900698,True
2026-03-03,603618.SH,20.16,16.5,0.09983633387888709,True
2026-03-03,003018.SZ,28.71,23.49,0.10000000000000005,True
2026-03-03,001332.SZ,62.94,51.5,0.09996504718629848,True
2026-03-03,600487.SH,54.56,44.64,0.10000000000000002,True
2026-03-03,601869.SH,266.66,218.18,0.09999174985562251,True
2026-03-03,002088.SZ,12.77,10.45,0.09991386735572784,True
2026-03-03,002990.SZ,29.19,23.89,0.09984928409947251,True
2026-03-03,002860.SZ,14.82,12.12,0.10022271714922054,True
2026-03-03,603926.SH,24.43,19.99,0.09995497523638003,True
2026-03-03,600728.SH,7.23,5.91,0.10045662100456623,True
2026-03-03,001335.SZ,52.45,42.91,0.1000419463087249,True
2026-03-03,600248.SH,4.02,3.29,0.09986320109439119,True
2026-03-03,002862.SZ,19.4,15.88,0.09977324263038542,True
2026-03-03,601798.SH,11.01,9.01,0.0999000999000999,True
2026-03-03,600231.SH,2.68,2.2,0.0983606557377049,True
2026-03-03,001358.SZ,32.84,26.87,0.09998325238653495,True
2026-03-03,002191.SZ,4.36,3.56,0.10101010101010105,True
2026-03-03,603767.SH,22.41,18.33,0.10014727540500742,True
2026-03-03,002543.SZ,9.99,8.17,0.10022026431718063,True
2026-03-03,600106.SH,6.72,5.5,0.09983633387888706,True
2026-03-03,002657.SZ,28.86,23.62,0.09984756097560972,True
2026-03-03,605055.SH,11.06,9.05,0.09995027349577323,True
2026-03-03,603380.SH,41.75,34.16,0.09998682650507185,True
2026-03-03,603073.SH,22.53,18.43,0.10009765625000003,True
2026-03-03,603168.SH,7.85,6.43,0.09943977591036414,True
2026-03-03,003012.SZ,7.89,6.45,0.10041841004184097,True
2026-03-03,000820.SZ,3.56,3.22,0.05014749262536871,False
2026-03-03,600718.SH,10.99,8.99,0.10010010010010009,True
2026-03-03,600996.SH,9.09,7.43,0.10048426150121066,True
2026-03-03,603790.SH,27.96,22.88,0.09992132179386314,True
2026-03-03,002306.SZ,2.63,2.38,0.0499001996007984,False
2026-03-03,001206.SZ,25.03,20.48,0.0999780268072951,True
2026-03-03,603344.SH,32.69,26.75,0.09993270524899055,True
2026-03-03,003020.SZ,27.23,22.28,0.09997980206018983,True
2026-03-03,603357.SH,9.17,7.51,0.09952038369304557,True
2026-03-03,603636.SH,11.64,9.52,0.10018903591682424,True
2026-03-03,002663.SZ,2.43,1.99,0.09954751131221723,True
2026-03-03,603566.SH,15.29,12.51,0.09999999999999999,True
2026-03-03,000507.SZ,6.15,5.03,0.10017889087656531,True
2026-03-04,001896.SZ,14.61,11.95,0.10015060240963856,True
2026-03-04,603618.SH,20.59,16.85,0.09989316239316236,True
2026-03-04,003018.SZ,30.0,24.54,0.10011001100110013,True
2026-03-04,002088.SZ,12.33,10.09,0.09991079393398751,True
2026-03-04,600493.SH,8.49,6.95,0.09974093264248704,True
2026-03-04,605055.SH,10.84,8.87,0.099949264332826,True
2026-03-04,600683.SH,7.7,6.3,0.10000000000000002,True
2026-03-04,603739.SH,16.46,13.46,0.10026737967914438,True
2026-03-04,603790.SH,27.26,22.3,0.1000807102502018,True
2026-03-04,002995.SZ,25.59,20.93,0.10017196904557181,True
2026-03-04,000793.SZ,2.89,2.61,0.05090909090909095,False
2026-03-04,000929.SZ,10.53,9.53,0.04985044865403789,False
2026-03-04,600487.SH,52.27,42.77,0.09995791245791245,True
2026-03-04,600573.SH,12.97,10.61,0.10008481764206961,True
2026-03-04,002403.SZ,12.33,10.09,0.09991079393398751,True
2026-03-04,002429.SZ,10.33,8.45,0.10010649627263049,True
2026-03-04,001332.SZ,59.2,48.44,0.09996283909327393,True
2026-03-04,000820.SZ,3.57,3.23,0.04999999999999998,False
2026-03-04,002862.SZ,18.46,15.1,0.10011918951132304,True
2026-03-04,600640.SH,13.92,11.39,0.09996048992493083,True
2026-03-04,000911.SZ,7.67,6.27,0.1004304160688666,True
2026-03-04,600748.SH,5.43,4.45,0.09919028340080968,True
2026-03-04,603059.SH,37.33,30.55,0.09988214496169709,True
2026-03-04,600171.SH,32.19,26.33,0.10013670539986329,True
2026-03-04,603073.SH,22.55,18.45,0.10000000000000003,True
2026-03-04,001322.SZ,9.68,7.92,0.09999999999999998,True
2026-03-04,603609.SH,8.05,6.59,0.09972677595628421,True
2026-03-04,603903.SH,13.15,10.76,0.09995817649519032,True
2026-03-04,002069.SZ,4.22,3.46,0.09895833333333331,True
2026-03-04,002086.SZ,2.46,2.02,0.0982142857142857,True
2026-03-04,603839.SH,8.42,6.89,0.09993468321358592,True
2026-03-04,603006.SH,15.0,12.28,0.09970674486803521,True
2026-03-04,002990.SZ,28.27,23.13,0.10000000000000002,True
2026-03-04,002004.SZ,5.96,4.88,0.09963099630996311,True
2026-03-04,603168.SH,7.65,6.26,0.0999281092739037,True
2026-03-04,002788.SZ,16.15,13.21,0.10013623978201627,True
2026-03-04,000558.SZ,5.2,4.26,0.09936575052854126,True
2026-03-04,600785.SH,21.25,17.39,0.09989648033126293,True
2026-03-04,600883.SH,9.24,7.56,0.10000000000000003,True
2026-03-04,000620.SZ,3.14,2.57,0.09982486865148867,True
2026-03-05,001896.SZ,15.69,12.83,0.10028050490883589,True
2026-03-05,003018.SZ,31.9,26.1,0.09999999999999995,True
2026-03-05,603618.SH,22.65,18.53,0.10004856726566289,True
2026-03-05,603790.SH,28.08,22.98,0.09988249118683896,True
2026-03-05,605055.SH,10.88,8.9,0.1001011122345804,True
2026-03-05,600573.SH,13.01,10.65,0.0997464074387151,True
2026-03-05,000820.SZ,3.57,3.23,0.04999999999999998,False
2026-03-05,603787.SH,14.18,11.6,0.10007757951900698,True
2026-03-05,603059.SH,36.63,29.97,0.10000000000000006,True
2026-03-05,001388.SZ,47.74,39.06,0.09999999999999998,True
2026-03-05,600488.SH,4.43,3.63,0.09925558312655086,True
2026-03-05,603903.SH,13.26,10.85,0.09995852343425965,True
2026-03-05,600493.SH,8.4,6.88,0.09947643979057594,True
2026-03-05,603839.SH,8.28,6.78,0.09960159362549796,True
2026-03-05,603357.SH,8.88,7.26,0.10037174721189597,True
2026-03-05,000978.SZ,7.52,6.16,0.09941520467836254,True
2026-03-05,002873.SZ,10.92,8.94,0.09969788519637465,True
2026-03-05,601956.SH,7.55,6.17,0.10058309037900874,True
2026-03-05,603617.SH,8.07,6.61,0.0994550408719346,True
2026-03-05,600527.SH,2.44,2.0,0.0990990990990991,True
2026-03-05,600883.SH,9.16,7.5,0.09963985594237695,True
2026-03-05,603183.SH,4.99,4.09,0.09911894273127757,True
2026-03-05,603377.SH,3.78,3.42,0.04999999999999999,False
2026-03-05,000702.SZ,7.52,6.16,0.09941520467836254,True
2026-03-05,605060.SH,64.01,52.37,0.10001718508334773,True
2026-03-05,603168.SH,7.57,6.19,0.10029069767441859,True
2026-03-05,002661.SZ,10.12,8.28,0.1,True
2026-03-05,000929.SZ,10.63,9.61,0.05039525691699611,False
2026-03-05,605089.SH,29.45,24.09,0.10011206574523719,True
2026-03-05,002802.SZ,14.6,11.94,0.10022607385079127,True
2026-03-05,002687.SZ,5.45,4.46,0.09989909182643796,True
2026-03-05,001202.SZ,19.22,15.72,0.10017172295363476,True
2026-03-05,603639.SH,15.76,12.9,0.09979064898813676,True
2026-03-05,600228.SH,5.67,5.13,0.05,False
2026-03-05,002693.SZ,7.46,6.75,0.049964813511611535,False
2026-03-05,000782.SZ,6.6,5.4,0.09999999999999994,True
2026-03-05,600287.SH,6.23,5.09,0.10070671378091878,True
2026-03-05,002731.SZ,8.24,7.46,0.0496815286624204,False
2026-03-05,603231.SH,20.02,16.38,0.10000000000000002,True
2026-03-05,002024.SZ,1.58,1.43,0.04983388704318942,False
2026-03-06,001896.SZ,15.88,13.0,0.09972299168975071,True
2026-03-06,603618.SH,22.9,18.74,0.09990393852065323,True
2026-03-06,003018.SZ,30.73,25.15,0.09985683607730855,True
2026-03-06,001388.SZ,49.06,40.14,0.10000000000000002,True
2026-03-06,603836.SH,15.84,12.96,0.09999999999999996,True
2026-03-06,603729.SH,19.28,15.78,0.09982886480319457,True
2026-03-06,603839.SH,8.45,6.91,0.10026041666666662,True
2026-03-06,600487.SH,55.99,45.81,0.09999999999999999,True
2026-03-06,603976.SH,21.67,17.73,0.10000000000000002,True
2026-03-06,000820.SZ,3.54,3.2,0.050445103857566745,False
2026-03-06,600455.SH,30.45,24.91,0.1000722543352601,True
2026-03-06,002763.SZ,8.53,6.98,0.09993552546744029,True
2026-03-06,000590.SZ,13.05,10.67,0.10033726812816193,True
2026-03-06,603006.SH,14.62,11.96,0.10007524454477044,True
2026-03-06,605055.SH,10.76,8.8,0.10020449897750505,True
2026-03-06,605018.SH,13.05,10.67,0.10033726812816193,True
2026-03-06,605001.SH,8.64,7.07,0.09993634627625718,True
2026-03-09,001896.SZ,17.47,14.29,0.10012594458438287,True
2026-03-09,603618.SH,21.09,17.25,0.1001564945226917,True
2026-03-09,002445.SZ,3.06,2.5,0.10071942446043165,True
2026-03-09,003018.SZ,29.81,24.39,0.09999999999999996,True
2026-03-09,000820.SZ,3.58,3.24,0.04985337243401757,False
2026-03-09,603729.SH,20.06,16.42,0.09978070175438587,True
2026-03-09,605055.SH,10.93,8.95,0.0995975855130785,True
2026-03-09,002649.SZ,13.94,11.4,0.10023677979479081,True
2026-03-09,002873.SZ,11.46,9.38,0.09980806142034547,True
2026-03-09,000590.SZ,13.57,11.11,0.09967585089141008,True
2026-03-09,603377.SH,3.97,3.59,0.0502645502645503,False
2026-03-09,600455.SH,31.57,25.83,0.10000000000000003,True
2026-03-09,002139.SZ,13.94,11.4,0.10023677979479081,True
2026-03-09,603721.SH,21.81,19.73,0.05007221954742413,False
2026-03-09,603700.SH,15.58,12.74,0.1002824858757062,True
2026-03-09,603666.SH,32.1,26.26,0.10006854009595613,True
2026-03-09,603839.SH,8.72,7.14,0.09962168978562427,True
2026-03-09,603168.SH,7.9,6.46,0.10027855153203345,True
2026-03-09,603966.SH,13.9,11.38,0.09968354430379744,True
2026-03-09,603787.SH,14.96,12.24,0.10000000000000002,True
2026-03-09,603709.SH,20.2,16.52,0.10021786492374728,True
2026-03-10,001896.SZ,17.55,14.36,0.09996866186148547,True
2026-03-11,001896.SZ,17.39,14.23,0.09993674889310564,True
2026-03-11,605389.SH,78.16,63.95,0.09999296319752299,True
2026-03-12,001896.SZ,18.25,14.93,0.10006027727546715,True
2026-03-12,600438.SH,20.48,16.76,0.0998925886143931,True
2026-03-12,605389.SH,78.27,64.04,0.09999297308692284,True
2026-03-13,001896.SZ,18.88,15.44,0.10023310023310021,True
2026-03-17,000890.SZ,13.42,10.98,0.09999999999999999,True
2026-03-17,001209.SZ,22.89,18.73,0.09995194617972128,True
2026-03-17,000820.SZ,3.49,3.15,0.051204819277108474,False
2026-03-17,002919.SZ,24.92,20.39,0.0999779298168175,True
2026-03-17,002691.SZ,9.1,7.44,0.10036275695284155,True
2026-03-17,002731.SZ,7.86,7.12,0.04939919893190922,False
2026-03-17,002296.SZ,14.2,11.62,0.09992254066615028,True
2026-03-17,600488.SH,4.63,3.79,0.09976247030878858,True
2026-03-17,002712.SZ,6.09,4.99,0.09927797833935015,True
2026-03-17,002402.SZ,34.91,28.57,0.09987397605545048,True
2026-03-17,000953.SZ,8.22,6.72,0.10040160642570287,True
2026-03-17,600640.SH,13.99,11.45,0.09984276729559753,True
2026-03-17,605133.SH,31.25,25.57,0.09996480112636395,True
2026-03-17,605089.SH,28.85,23.61,0.09988562714449108,True
2026-03-17,603598.SH,22.72,18.59,0.09997579278625027,True
2026-03-17,002657.SZ,27.54,22.54,0.09984025559105432,True
2026-03-17,001319.SZ,28.95,23.69,0.09992401215805467,True
2026-03-17,603703.SH,14.8,12.11,0.09996283909327393,True
2026-03-17,603926.SH,21.44,17.54,0.10005130836326326,True
2026-03-17,001218.SZ,29.13,23.83,0.10007552870090637,True
2026-03-17,001367.SZ,25.47,20.84,0.09997840639170803,True
2026-03-17,603166.SH,15.94,13.04,0.10006901311249139,True
2026-03-17,600955.SH,19.03,15.57,0.10000000000000002,True
2026-03-17,002211.SZ,3.86,3.5,0.04891304347826086,False
2026-03-17,002942.SZ,23.27,19.04,0.09997636492554952,True
2026-03-17,002264.SZ,9.99,8.17,0.10022026431718063,True
2026-03-17,603918.SH,16.02,13.1,0.10027472527472528,True
2026-03-17,603360.SH,27.94,22.86,0.10000000000000005,True
2026-03-17,600986.SH,11.58,9.48,0.09971509971509969,True
2026-03-17,002289.SZ,27.68,25.04,0.050075872534142654,False
2026-03-17,000668.SZ,14.84,13.42,0.05024769992922859,False
2026-03-17,605318.SH,83.97,68.71,0.09994760282944724,True
2026-03-17,601969.SH,14.42,11.8,0.09992372234935161,True
2026-03-17,002861.SZ,19.82,16.22,0.09988901220865709,True
2026-03-17,002425.SZ,3.84,3.14,0.10028653295128935,True
2026-03-17,603377.SH,3.9,3.52,0.05121293800539082,False
2026-03-17,601369.SH,12.17,9.95,0.10036166365280294,True
2026-03-17,001215.SZ,40.67,33.27,0.10008114687584527,True
2026-03-17,001217.SZ,14.49,11.85,0.10022779043280185,True
2026-03-17,603888.SH,23.05,18.86,0.09997613934621813,True
2026-03-18,000890.SZ,14.76,12.08,0.0998509687034277,True
2026-03-18,603255.SH,32.3,26.42,0.10013623978201627,True
2026-03-18,000820.SZ,3.66,3.32,0.04871060171919775,False
2026-03-18,605500.SH,9.74,7.97,0.09994353472614344,True
2026-03-18,001367.SZ,25.08,20.52,0.09999999999999998,True
2026-03-18,603836.SH,14.96,12.24,0.10000000000000002,True
2026-03-18,603682.SH,7.66,6.26,0.10057471264367819,True
2026-03-18,603159.SH,28.36,23.2,0.10007757951900698,True
2026-03-18,605336.SH,15.88,13.0,0.09972299168975071,True
2026-03-18,603617.SH,8.44,6.9,0.10039113428943931,True
2026-03-18,000782.SZ,6.37,5.21,0.10017271157167532,True
2026-03-18,600488.SH,4.59,3.75,0.10071942446043164,True
2026-03-18,000988.SZ,122.23,100.01,0.0999820014398848,True
2026-03-18,001318.SZ,15.53,12.71,0.09985835694050986,True
2026-03-18,603519.SH,14.86,12.16,0.09992598075499627,True
2026-03-18,605339.SH,18.95,15.51,0.09982588508415552,True
2026-03-18,001333.SZ,27.54,22.54,0.09984025559105432,True
2026-03-18,603903.SH,12.84,10.5,0.10025706940874035,True
2026-03-18,603657.SH,30.21,24.71,0.10014566642388929,True
2026-03-18,600182.SH,15.04,13.6,0.05027932960893853,False
2026-03-18,603205.SH,29.9,24.46,0.10007358351729209,True
2026-03-18,603207.SH,31.35,25.65,0.10000000000000005,True
2026-03-18,603955.SH,29.67,24.27,0.10011123470522808,True
2026-03-18,603970.SH,14.76,12.08,0.0998509687034277,True
2026-03-18,001239.SZ,17.88,14.63,0.09996924023377418,True
2026-03-18,600753.SH,12.75,11.53,0.05024711696869854,False
2026-03-18,600665.SH,3.93,3.21,0.1008403361344538,True
2026-03-18,600469.SH,7.61,6.23,0.09971098265895953,True
2026-03-18,001268.SZ,36.94,30.22,0.10005955926146515,True
2026-03-18,603136.SH,13.09,10.71,0.09999999999999995,True
2026-03-18,603922.SH,22.59,18.49,0.09980525803310618,True
2026-03-18,002968.SZ,13.65,11.17,0.09991941982272362,True
2026-03-18,002956.SZ,28.22,23.09,0.09998051062171115,True
2026-03-18,001218.SZ,28.28,23.14,0.09996110462854921,True
2026-03-18,002661.SZ,10.38,8.5,0.0995762711864407,True
2026-03-18,600234.SH,15.38,12.58,0.1001430615164521,True
2026-03-18,600883.SH,9.43,7.71,0.10035005834305716,True
2026-03-18,603639.SH,15.39,12.59,0.10007147962830595,True
2026-03-18,002836.SZ,15.77,12.91,0.09972105997210598,True
2026-03-18,603006.SH,14.73,12.05,0.10007468259895443,True
2026-03-19,000890.SZ,14.96,12.24,0.10000000000000002,True
2026-03-19,001209.SZ,22.83,18.68,0.09997590941941698,True
2026-03-19,605033.SH,25.7,21.02,0.10017123287671233,True
2026-03-19,000415.SZ,4.92,4.02,0.10067114093959736,True
2026-03-19,000510.SZ,18.3,14.98,0.09975961538461539,True
2026-03-19,603255.SH,32.63,26.69,0.10013486176668915,True
2026-03-19,600595.SH,8.37,6.85,0.09986859395532192,True
2026-03-19,603057.SH,31.06,25.42,0.09985835694050986,True
2026-03-19,000659.SZ,4.13,3.38,0.09986684420772304,True
2026-03-19,603682.SH,7.65,6.26,0.0999281092739037,True
2026-03-19,001896.SZ,15.64,12.8,0.09985935302390998,True
2026-03-19,605288.SH,110.66,90.54,0.09999999999999996,True
2026-03-19,605287.SH,50.47,41.29,0.10004359197907586,True
2026-03-19,002842.SZ,37.7,30.84,0.1000875401225562,True
2026-03-19,600463.SH,11.73,9.59,0.10037523452157601,True
2026-03-19,600082.SH,4.21,3.45,0.09921671018276759,True
2026-03-19,603980.SH,7.78,6.36,0.10042432814710041,True
2026-03-19,000668.SZ,15.2,13.76,0.04972375690607733,False
2026-03-19,000635.SZ,9.9,8.1,0.10000000000000003,True
2026-03-19,600961.SH,20.89,17.09,0.10005265929436546,True
2026-03-19,603926.SH,21.36,17.48,0.09989701338825949,True
2026-03-19,603188.SH,5.71,4.67,0.10019267822736032,True
2026-03-19,001376.SZ,20.11,16.45,0.10010940919037199,True
2026-03-19,002862.SZ,18.78,15.36,0.10017574692442888,True
2026-03-19,600301.SH,60.6,49.58,0.10001815211472138,True
2026-03-19,001217.SZ,14.36,11.75,0.0999617004978935,True
2026-03-19,603598.SH,22.72,18.59,0.09997579278625027,True
2026-03-19,000637.SZ,5.25,4.29,0.10062893081761007,True
2026-03-19,002377.SZ,3.91,3.2,0.09985935302390998,True
2026-03-19,600243.SH,3.52,3.18,0.050746268656716394,False
2026-03-19,605003.SH,33.94,27.77,0.09998379517096093,True
2026-03-19,603466.SH,10.89,8.91,0.10000000000000002,True
2026-03-19,000820.SZ,3.71,3.35,0.05099150141643057,False
2026-03-19,002211.SZ,3.91,3.53,0.05107526881720435,False
2026-03-19,603238.SH,19.01,15.55,0.10011574074074076,True
2026-03-19,000972.SZ,3.8,3.44,0.04972375690607733,False
2026-03-19,603429.SH,8.97,7.34,0.09993868792152058,True
2026-03-19,600488.SH,4.65,3.81,0.099290780141844,True
2026-03-19,002716.SZ,14.41,11.79,0.10000000000000005,True
2026-03-19,603630.SH,18.67,15.27,0.1001767825574544,True
2026-03-20,000890.SZ,15.4,12.6,0.10000000000000002,True
2026-03-20,002856.SZ,13.07,10.69,0.10016835016835021,True
2026-03-20,002842.SZ,35.63,29.15,0.10003087372645884,True
2026-03-20,600595.SH,7.94,6.5,0.09972299168975071,True
2026-03-20,603980.SH,7.43,6.08,0.09992598075499627,True
2026-03-20,603095.SH,19.39,15.87,0.09982983550765745,True
2026-03-20,001209.SZ,22.22,18.18,0.09999999999999998,True
2026-03-20,605287.SH,49.94,40.86,0.09999999999999998,True
2026-03-20,000415.SZ,4.5,3.68,0.1002444987775061,True
2026-03-20,603682.SH,7.19,5.89,0.09938837920489302,True
2026-03-20,600476.SH,12.49,10.22,0.09995596653456625,True
2026-03-20,002919.SZ,22.95,18.77,0.10019175455417066,True
2026-03-20,605288.SH,102.96,84.24,0.1,True
2026-03-20,001376.SZ,18.51,15.15,0.09982174688057044,True
2026-03-20,002862.SZ,18.28,14.96,0.09987966305655836,True
2026-03-20,603057.SH,29.58,24.2,0.10003718854592783,True
2026-03-20,600986.SH,11.54,9.44,0.10009532888465204,True
2026-03-20,600961.SH,19.64,16.07,0.09997199663959676,True
2026-03-20,001360.SZ,23.54,19.26,0.09999999999999995,True
2026-03-20,002492.SZ,8.65,7.07,0.1005089058524173,True
2026-03-20,605003.SH,32.05,26.23,0.09986273164035683,True
2026-03-20,002981.SZ,26.79,21.92,0.09997947033463349,True
2026-03-20,000510.SZ,16.48,13.48,0.10013351134846461,True
2026-03-20,002149.SZ,48.4,39.6,0.09999999999999996,True
2026-03-20,605033.SH,24.93,20.39,0.10017652250661957,True
2026-03-20,600082.SH,4.08,3.34,0.09973045822102429,True
2026-03-20,002400.SZ,9.94,8.14,0.09955752212389375,True
2026-03-20,603030.SH,2.78,2.28,0.09881422924901187,True
2026-03-20,002871.SZ,19.87,16.25,0.10022148394241419,True
2026-03-20,002160.SZ,5.43,4.45,0.09919028340080968,True
2026-03-20,000603.SZ,43.59,35.67,0.09992429977289934,True
2026-03-20,000635.SZ,9.58,7.84,0.09988518943742825,True
2026-03-20,603059.SH,36.43,29.81,0.09993961352657008,True
2026-03-20,603255.SH,31.46,25.74,0.10000000000000003,True
2026-03-20,603155.SH,17.66,14.45,0.09996885705387733,True
2026-03-20,600184.SH,17.28,14.14,0.09993634627625718,True
2026-03-20,001225.SZ,54.42,44.52,0.10006064281382655,True
2026-03-20,600355.SH,0.78,0.7,0.054054054054054106,False
2026-03-20,001328.SZ,38.06,31.14,0.10000000000000002,True
2026-03-20,600281.SH,5.92,4.84,0.10037174721189591,True
2026-03-23,001376.SZ,18.15,14.85,0.09999999999999996,True
2026-03-23,000510.SZ,16.79,13.73,0.10026212319790298,True
2026-03-23,002842.SZ,34.87,28.53,0.09999999999999995,True
2026-03-23,600301.SH,54.53,44.61,0.10006052047609443,True
2026-03-23,605287.SH,47.22,38.64,0.09993011879804331,True
2026-03-23,603356.SH,18.39,15.05,0.09988038277511962,True
2026-03-23,002440.SZ,12.38,10.13,0.09995557529986672,True
2026-03-23,000603.SZ,42.89,35.09,0.10002564760194918,True
2026-03-23,002849.SZ,17.81,14.57,0.10006176652254474,True
2026-03-23,603057.SH,29.04,23.76,0.09999999999999996,True
2026-03-23,002919.SZ,22.47,18.39,0.09985315712187955,True
2026-03-23,002021.SZ,3.4,2.78,0.10032362459546927,True
2026-03-23,605288.SH,100.02,81.84,0.09996700758825465,True
2026-03-23,600392.SH,24.48,20.03,0.09997753313862051,True
2026-03-23,002062.SZ,8.39,6.87,0.0996068152031455,True
2026-03-23,603682.SH,7.32,5.99,0.09992486851990984,True
2026-03-23,600355.SH,0.82,0.74,0.05128205128205125,False
2026-03-23,600961.SH,19.36,15.84,0.09999999999999998,True
2026-03-23,600966.SH,7.58,6.2,0.10014513788098692,True
2026-03-23,600841.SH,9.09,7.43,0.10048426150121066,True
2026-03-23,600963.SH,5.34,4.37,0.09989701338825949,True
2026-03-23,601233.SH,18.61,15.23,0.09988179669030729,True
2026-03-23,603179.SH,70.4,57.6,0.10000000000000003,True
2026-03-23,600490.SH,8.28,6.78,0.09960159362549796,True
2026-03-23,603200.SH,65.81,53.85,0.09994985793080395,True
2026-03-23,002856.SZ,12.36,10.12,0.09964412811387903,True
2026-03-23,600476.SH,11.96,9.78,0.10027598896044164,True
2026-03-23,000426.SZ,43.31,35.43,0.10007620015240033,True
2026-03-23,600595.SH,7.74,6.34,0.0994318181818182,True
2026-03-23,603150.SH,56.97,46.61,0.10001930874686232,True
2026-03-23,600115.SH,4.76,3.9,0.09930715935334872,True
2026-03-23,603127.SH,30.91,25.29,0.10000000000000002,True
2026-03-23,000415.SZ,4.46,3.65,0.09987669543773121,True
2026-03-23,002319.SZ,13.22,10.82,0.09983361064891849,True
2026-03-23,002591.SZ,7.43,6.08,0.09992598075499627,True
2026-03-23,000070.SZ,16.1,13.18,0.09972677595628421,True
2026-03-23,002716.SZ,13.46,11.02,0.09967320261437913,True
2026-03-23,002278.SZ,12.85,10.51,0.10017123287671233,True
2026-03-23,603878.SH,8.65,7.07,0.1005089058524173,True
2026-03-23,002891.SZ,41.29,33.79,0.09989344698987747,True
2026-03-24,600396.SH,7.58,6.2,0.10014513788098692,True
2026-03-24,001376.SZ,17.17,14.05,0.09993593850096094,True
2026-03-24,600963.SH,5.04,4.12,0.10043668122270741,True
2026-03-24,000510.SZ,15.4,12.6,0.10000000000000002,True
2026-03-24,603057.SH,26.14,21.38,0.10016835016835021,True
2026-03-24,600961.SH,17.9,14.64,0.10018438844499072,True
2026-03-24,605287.SH,42.5,34.78,0.09989648033126293,True
2026-03-24,603150.SH,51.27,41.95,0.09997854537652864,True
2026-03-24,002842.SZ,33.26,27.22,0.09986772486772486,True
2026-03-24,600301.SH,50.16,41.04,0.09999999999999998,True
2026-03-24,000603.SZ,38.6,31.58,0.10002849814762044,True
2026-03-24,002062.SZ,7.74,6.34,0.0994318181818182,True
2026-03-24,002266.SZ,4.53,3.71,0.09951456310679614,True
2026-03-24,603320.SH,21.01,17.19,0.1,True
2026-03-24,002234.SZ,8.8,7.2,0.10000000000000003,True
2026-03-24,600355.SH,0.86,0.78,0.04878048780487802,False
2026-03-24,002534.SZ,17.58,14.38,0.10012515644555686,True
2026-03-24,002973.SZ,13.85,11.33,0.1000794281175536,True
2026-03-24,605090.SH,43.16,35.32,0.09989806320081546,True
2026-03-24,603790.SH,21.42,17.52,0.10015408320493073,True
2026-03-24,603960.SH,20.53,16.79,0.10021436227224013,True
2026-03-24,600966.SH,7.14,5.84,0.10015408320493065,True
2026-03-24,002862.SZ,16.86,13.8,0.09980430528375729,True
2026-03-24,603179.SH,66.18,54.14,0.10006648936170218,True
2026-03-24,002182.SZ,16.6,13.58,0.1000662690523526,True
2026-03-24,605081.SH,9.01,8.15,0.050116550116550085,False
2026-03-24,002879.SZ,21.57,17.65,0.09994900560938301,True
2026-03-24,600206.SH,21.01,17.19,0.1,True
2026-03-24,000426.SZ,39.7,32.48,0.10002770850651158,True
2026-03-24,002871.SZ,17.77,14.54,0.09996904982977407,True
2026-03-24,603926.SH,19.09,15.62,0.09997118985883033,True
2026-03-24,002943.SZ,51.15,41.85,0.09999999999999996,True
2026-03-24,000751.SZ,5.48,4.48,0.1004016064257028,True
2026-03-24,603668.SH,12.64,10.34,0.10008703220191474,True
2026-03-24,002021.SZ,3.18,2.6,0.10034602076124569,True
2026-03-24,002716.SZ,12.24,10.02,0.09973045822102429,True
2026-03-24,600841.SH,8.56,7.0,0.10025706940874039,True
2026-03-24,002342.SZ,12.61,10.31,0.100349040139616,True
2026-03-24,605288.SH,94.61,77.41,0.09998837344494829,True
2026-03-24,002856.SZ,11.54,9.44,0.10009532888465204,True
2026-03-25,600396.SH,8.34,6.82,0.10026385224274403,True
2026-03-25,002266.SZ,4.63,3.79,0.09976247030878858,True
2026-03-25,000510.SZ,16.2,13.26,0.09979633401221993,True
2026-03-25,002862.SZ,17.58,14.38,0.10012515644555686,True
2026-03-25,002842.SZ,34.57,28.29,0.09990454979319124,True
2026-03-25,600301.SH,51.57,42.19,0.10004266211604099,True
2026-03-25,601399.SH,4.91,4.01,0.10089686098654713,True
2026-03-25,600355.SH,0.9,0.82,0.046511627906976785,False
2026-03-25,000751.SZ,5.8,4.74,0.10056925996204931,True
2026-03-25,603057.SH,26.29,21.51,0.09999999999999995,True
2026-03-25,603356.SH,18.19,14.89,0.09975816203143896,True
2026-03-25,603150.SH,49.83,40.77,0.09999999999999995,True
2026-03-25,605287.SH,44.21,36.17,0.10002488181139586,True
2026-03-25,600963.SH,5.12,4.19,0.0998925886143931,True
2026-03-25,603790.SH,21.93,17.95,0.09979939819458378,True
2026-03-25,600331.SH,16.05,13.13,0.10006854009595613,True
2026-03-25,600273.SH,9.79,8.01,0.09999999999999998,True
2026-03-25,600966.SH,7.27,5.95,0.09984871406959149,True
2026-03-25,600610.SH,10.11,8.27,0.1001088139281828,True
2026-03-25,605090.SH,42.33,34.63,0.10005197505197498,True
2026-03-25,603015.SH,13.42,10.98,0.09999999999999999,True
2026-03-25,603822.SH,100.8,91.2,0.04999999999999997,False
2026-03-25,600476.SH,11.96,9.78,0.10027598896044164,True
2026-03-25,000400.SZ,31.45,25.73,0.10003497726477788,True
2026-03-25,603320.SH,21.71,17.77,0.09979736575481259,True
2026-03-25,601636.SH,6.5,5.32,0.09983079526226732,True
2026-03-25,002021.SZ,3.29,2.69,0.10033444816053512,True
2026-03-25,001209.SZ,21.76,17.8,0.1001011122345804,True
2026-03-25,002342.SZ,13.07,10.69,0.10016835016835021,True
2026-03-25,605081.SH,8.56,7.74,0.050306748466257684,False
2026-03-25,002849.SZ,16.9,13.82,0.10026041666666662,True
2026-03-25,002871.SZ,18.47,15.11,0.10005955926146515,True
2026-03-25,600726.SH,6.15,5.03,0.10017889087656531,True
2026-03-25,002234.SZ,8.88,7.26,0.10037174721189597,True
2026-03-25,603109.SH,24.88,20.36,0.09991158267020336,True
2026-03-25,002210.SZ,3.01,2.47,0.09854014598540138,True
2026-03-25,002516.SZ,6.13,5.01,0.10053859964093358,True
2026-03-25,000533.SZ,18.77,15.35,0.10023446658851114,True
2026-03-25,600082.SH,3.97,3.25,0.09972299168975071,True
2026-03-25,003038.SZ,15.61,12.77,0.10007047216349542,True
2026-03-26,600396.SH,9.17,7.51,0.09952038369304557,True
2026-03-26,002842.SZ,34.13,27.93,0.09990331936835325,True
2026-03-26,000510.SZ,16.28,13.32,0.10000000000000002,True
2026-03-26,600301.SH,53.41,43.7,0.0999897023993409,True
2026-03-26,603057.SH,26.86,21.98,0.09991809991809988,True
2026-03-26,603150.SH,49.94,40.86,0.09999999999999998,True
2026-03-26,600961.SH,18.6,15.22,0.09994086339444118,True
2026-03-26,000751.SZ,5.89,4.82,0.09990662931839396,True
2026-03-26,600963.SH,5.25,4.29,0.10062893081761007,True
2026-03-26,601615.SH,21.18,17.33,0.09997403271877439,True
2026-03-26,605287.SH,45.58,37.3,0.09990347490347493,True
2026-03-26,605081.SH,8.19,7.41,0.04999999999999996,False
2026-03-26,002062.SZ,8.27,6.77,0.0997340425531915,True
2026-03-26,000571.SZ,6.73,5.51,0.09967320261437913,True
2026-03-26,603356.SH,18.28,14.96,0.09987966305655836,True
2026-03-26,002378.SZ,35.34,28.92,0.09990662931839404,True
2026-03-26,001376.SZ,19.67,16.09,0.10011185682326626,True
2026-03-26,600610.SH,10.15,8.31,0.09967497291440952,True
2026-03-26,600475.SH,20.55,16.81,0.10010706638115636,True
2026-03-26,605090.SH,42.68,34.92,0.09999999999999998,True
2026-03-26,600726.SH,6.77,5.54,0.09991876523151906,True
2026-03-26,600318.SH,8.7,7.12,0.09987357774968389,True
2026-03-26,605288.SH,106.3,86.98,0.09995860927152314,True
2026-03-26,002234.SZ,9.02,7.38,0.09999999999999999,True
2026-03-26,603353.SH,37.88,31.0,0.099883855981417,True
2026-03-26,603790.SH,22.65,18.53,0.10004856726566289,True
2026-03-26,002207.SZ,10.86,8.88,0.10030395136778107,True
2026-03-26,002534.SZ,18.68,15.28,0.10011778563015312,True
2026-03-26,600399.SH,6.6,5.4,0.09999999999999994,True
2026-03-26,002716.SZ,13.34,10.92,0.09975267930750206,True
2026-03-26,603320.SH,22.02,18.02,0.0999000999000999,True
2026-03-26,603668.SH,11.86,9.7,0.10018552875695734,True
2026-03-26,603200.SH,63.39,51.87,0.09994794377928166,True
2026-03-26,002319.SZ,12.65,10.35,0.10000000000000003,True
2026-03-26,600331.SH,15.91,13.01,0.10027662517289074,True
2026-03-26,002021.SZ,3.39,2.77,0.10064935064935067,True
2026-03-26,600595.SH,7.81,6.39,0.1,True
2026-03-26,001209.SZ,22.31,18.25,0.10009861932938852,True
2026-03-26,002266.SZ,4.71,3.85,0.10046728971962615,True
2026-03-26,002182.SZ,17.33,14.18,0.09996826404316086,True
2026-03-27,600396.SH,9.77,7.99,0.1002252252252252,True
2026-03-27,600726.SH,7.45,6.09,0.10044313146233386,True
2026-03-27,603057.SH,27.16,22.22,0.10004050222762255,True
2026-03-27,600301.SH,51.59,42.21,0.10000000000000002,True
2026-03-27,000510.SZ,15.39,12.59,0.10007147962830595,True
2026-03-27,001376.SZ,18.7,15.3,0.09999999999999996,True
2026-03-27,603150.SH,49.35,40.37,0.10008916629514049,True
2026-03-27,605081.SH,7.8,7.06,0.04979811574697175,False
2026-03-27,603813.SH,31.02,28.06,0.05010155721056197,False
2026-03-27,603822.SH,99.02,89.59,0.0499973490270929,False
2026-03-27,000751.SZ,5.73,4.69,0.09980806142034547,True
2026-03-27,002879.SZ,22.2,18.16,0.10009910802775022,True
2026-03-27,601615.SH,19.07,15.61,0.09976931949250291,True
2026-03-27,000004.SZ,5.36,4.85,0.04995102840352602,False
2026-03-27,600331.SH,15.51,12.69,0.10000000000000002,True
2026-03-27,605090.SH,42.41,34.7,0.09998703151342231,True
2026-03-27,002266.SZ,4.59,3.75,0.10071942446043164,True
2026-03-27,603353.SH,37.25,30.47,0.10011813349084467,True
2026-03-27,600963.SH,5.15,4.21,0.10042735042735047,True
2026-03-27,603668.SH,11.76,9.62,0.10009354536950424,True
2026-03-27,601168.SH,27.59,22.57,0.10007974481658692,True
2026-03-27,000571.SZ,6.5,5.32,0.09983079526226732,True
2026-03-27,002871.SZ,18.34,15.0,0.10017996400719854,True
2026-03-27,002842.SZ,33.13,27.11,0.09993359893758305,True
2026-03-27,603980.SH,7.08,5.8,0.09937888198757766,True
2026-03-27,600966.SH,7.22,5.9,0.10060975609756093,True
2026-03-27,600961.SH,18.23,14.91,0.10018105009052505,True
2026-03-27,605007.SH,15.06,12.32,0.10007304601899196,True
2026-03-27,603356.SH,17.81,14.57,0.10006176652254474,True
2026-03-27,002062.SZ,7.99,6.53,0.10055096418732783,True
2026-03-27,603790.SH,22.66,18.54,0.10000000000000002,True
2026-03-27,603067.SH,35.45,29.01,0.09990691901954701,True
2026-03-27,002534.SZ,18.16,14.86,0.0999394306480921,True
2026-03-27,002796.SZ,50.17,41.05,0.09997807498355629,True
2026-03-27,600475.SH,19.76,16.16,0.10022271714922053,True
2026-03-27,002182.SZ,16.73,13.69,0.09993425378040766,True
2026-03-27,002319.SZ,12.18,9.96,0.10027100271002705,True
2026-03-27,002856.SZ,12.18,9.96,0.10027100271002705,True
2026-03-27,600595.SH,7.67,6.27,0.1004304160688666,True
2026-03-27,600860.SH,12.65,10.35,0.10000000000000003,True
2026-03-30,600396.SH,9.89,8.09,0.10011123470522806,True
2026-03-30,600726.SH,7.35,6.01,0.10029940119760479,True
2026-03-30,603353.SH,37.39,30.59,0.10002942041776994,True
2026-03-30,002207.SZ,10.85,8.87,0.10040567951318462,True
2026-03-30,603057.SH,27.04,22.12,0.10008136696501217,True
2026-03-30,603813.SH,29.46,26.66,0.049893086243763374,False
2026-03-30,002319.SZ,12.43,10.17,0.09999999999999998,True
2026-03-30,600318.SH,8.56,7.0,0.10025706940874039,True
2026-03-30,001376.SZ,18.46,15.1,0.10011918951132304,True
2026-03-30,600193.SH,4.42,4.0,0.04988123515439429,False
2026-03-30,603790.SH,22.59,18.49,0.09980525803310618,True
2026-03-30,605081.SH,8.19,7.41,0.04999999999999996,False
2026-03-30,002126.SZ,46.34,37.92,0.09992879183479707,True
2026-03-30,603980.SH,7.1,5.81,0.09992254066615028,True
2026-03-30,002871.SZ,18.38,15.04,0.09994015559545182,True
2026-03-30,002856.SZ,12.43,10.17,0.09999999999999998,True
2026-03-30,603822.SH,98.5,89.12,0.04999467007781684,False
2026-03-30,600966.SH,7.44,6.08,0.10059171597633139,True
2026-03-30,001209.SZ,22.61,18.5,0.09997567501824373,True
2026-03-30,603578.SH,14.27,11.67,0.10023130300693908,True
2026-03-30,002809.SZ,12.49,10.22,0.09995596653456625,True
2026-03-30,600759.SH,6.79,5.55,0.10048622366288494,True
2026-03-30,000985.SZ,21.84,17.87,0.09997481742634094,True
2026-03-30,605288.SH,99.95,81.77,0.10004402377283737,True
2026-03-30,600243.SH,3.23,2.93,0.04870129870129867,False
2026-03-30,002036.SZ,9.81,8.03,0.0997757847533633,True
2026-03-30,603773.SH,38.94,31.86,0.09999999999999998,True
2026-03-30,001260.SZ,23.05,18.86,0.09997613934621813,True
2026-03-30,002637.SZ,12.66,10.36,0.09991311902693313,True
2026-03-30,600458.SH,14.2,11.62,0.09992254066615028,True
2026-03-30,002842.SZ,36.44,29.82,0.09990944763054631,True
2026-03-30,605287.SH,47.51,38.87,0.10002315350775644,True
2026-03-30,000571.SZ,6.56,5.36,0.10067114093959725,True
2026-03-30,603356.SH,18.1,14.81,0.09996961409905805,True
2026-03-30,603155.SH,17.36,14.2,0.10012674271229405,True
2026-03-30,001373.SZ,38.73,31.69,0.09997159897756312,True
2026-03-30,603008.SH,17.93,14.67,0.09999999999999999,True
2026-03-30,600476.SH,11.97,9.79,0.10018382352941184,True
2026-03-30,000637.SZ,5.28,4.32,0.09999999999999998,True
2026-03-30,000920.SZ,12.6,10.31,0.09995635093845479,True
2026-03-31,600396.SH,8.9,7.28,0.10012360939431397,True
2026-03-31,000908.SZ,8.57,7.75,0.0502450980392157,False
2026-03-31,002361.SZ,16.5,13.5,0.1,True
2026-03-31,600844.SH,5.72,4.68,0.10000000000000002,True
2026-03-31,603538.SH,47.41,38.79,0.09999999999999998,True
2026-03-31,600726.SH,6.61,5.41,0.09983361064891849,True
2026-03-31,002024.SZ,1.54,1.4,0.047619047619047665,False
2026-03-31,600310.SH,6.95,5.69,0.09968354430379744,True
2026-03-31,002082.SZ,30.2,24.71,0.09998178838098705,True
2026-03-31,000890.SZ,16.31,13.35,0.09979770734996626,True
2026-03-31,603585.SH,25.09,20.53,0.09995615957913193,True
2026-03-31,003042.SZ,21.75,17.79,0.10015174506828531,True
2026-03-31,002432.SZ,83.05,67.95,0.09999999999999996,True
2026-03-31,603618.SH,29.38,24.04,0.09996256083863721,True
2026-03-31,002620.SZ,9.58,8.66,0.05043859649122806,False
2026-03-31,600599.SH,6.52,5.9,0.049919484702093335,False
2026-03-31,600996.SH,12.12,9.92,0.09981851179673318,True
2026-03-31,002038.SZ,8.0,6.54,0.10041265474552957,True
2026-03-31,601600.SH,13.17,10.77,0.10025062656641606,True
2026-03-31,600488.SH,5.24,4.28,0.10084033613445378,True
2026-03-31,002828.SZ,14.48,11.84,0.10030395136778117,True
2026-03-31,002569.SZ,15.9,14.38,0.05019815059445177,False
2026-03-31,600219.SH,7.14,5.84,0.10015408320493065,True
2026-03-31,600410.SH,28.15,23.03,0.10003907776475181,True
2026-03-31,600703.SH,13.39,10.95,0.10024650780608058,True
2026-03-31,603429.SH,9.95,9.01,0.04957805907172993,False
2026-03-31,600539.SH,17.19,14.07,0.09980806142034551,True
2026-03-31,002413.SZ,14.74,12.06,0.09999999999999999,True
2026-03-31,002445.SZ,4.63,3.79,0.09976247030878858,True
2026-03-31,002630.SZ,2.18,1.98,0.04807692307692312,False
2026-03-31,601390.SH,6.02,4.92,0.1005484460694698,True
2026-03-31,600118.SH,89.24,73.02,0.09996302230987304,True
2026-03-31,001270.SZ,114.44,103.54,0.05000458757684187,False
2026-03-31,000822.SZ,7.02,5.74,0.1003134796238244,True
2026-03-31,603272.SH,39.11,32.0,0.09998593728027,True
2026-03-31,603090.SH,70.07,57.33,0.09999999999999996,True
2026-03-31,002272.SZ,19.87,16.25,0.10022148394241419,True
2026-03-31,600513.SH,30.99,25.35,0.1001064962726304,True
2026-03-31,603115.SH,49.69,40.65,0.10006641576267433,True
2026-03-31,000815.SZ,22.03,18.03,0.09985022466300549,True
2026-04-01,000908.SZ,8.14,7.36,0.050322580645161305,False
2026-04-01,002082.SZ,33.22,27.18,0.09999999999999999,True
2026-04-01,600844.SH,5.36,4.38,0.10061601642710477,True
2026-04-01,002361.SZ,18.15,14.85,0.09999999999999996,True
2026-04-01,600396.SH,9.19,7.52,0.09994015559545182,True
2026-04-01,600310.SH,6.97,5.71,0.09936908517350156,True
2026-04-01,002024.SZ,1.5,1.36,0.04895104895104891,False
2026-04-01,600726.SH,7.05,5.77,0.09984399375975041,True
2026-04-01,603585.SH,24.42,19.98,0.10000000000000002,True
2026-04-01,002432.SZ,80.94,66.22,0.1000271812992661,True
2026-04-01,003042.SZ,20.47,16.75,0.09994626544868347,True
2026-04-01,603538.SH,44.99,36.81,0.09999999999999998,True
2026-04-01,002620.SZ,9.77,8.84,0.049973132724341736,False
2026-04-01,600488.SH,5.76,4.72,0.09923664122137404,True
2026-04-01,600513.SH,30.76,25.16,0.1001430615164521,True
2026-04-01,002038.SZ,8.35,6.83,0.10013175230566532,True
2026-04-01,600996.SH,11.37,9.31,0.0996131528046421,True
2026-04-01,600599.SH,6.2,5.61,0.04995766299745977,False
2026-04-01,002569.SZ,15.55,14.07,0.04996623902768401,False
2026-04-01,603429.SH,10.45,9.45,0.05025125628140704,False
2026-04-01,000890.SZ,16.97,13.89,0.09980557355800383,True
2026-04-01,002445.SZ,4.43,3.63,0.09925558312655086,True
2026-04-01,000815.SZ,20.7,16.94,0.0998937300743889,True
2026-04-01,603272.SH,36.3,29.7,0.09999999999999996,True
2026-04-01,600539.SH,16.14,13.2,0.10020449897750516,True
2026-04-01,001400.SZ,183.32,149.99,0.09999699978998525,True
2026-04-01,003036.SZ,30.65,25.07,0.10014357501794685,True
2026-04-01,603016.SH,52.94,43.32,0.09993766881362974,True
2026-04-01,002168.SZ,4.39,3.97,0.05023923444976071,False
2026-04-01,002580.SZ,19.37,15.85,0.09994321408290747,True
2026-04-01,603115.SH,48.35,39.56,0.09998862472983733,True
2026-04-01,002850.SZ,196.9,161.1,0.10000000000000003,True
2026-04-01,603618.SH,31.34,25.64,0.10003510003510002,True
2026-04-01,002068.SZ,9.66,7.9,0.10022779043280179,True
2026-04-01,002298.SZ,11.48,9.4,0.09961685823754789,True
2026-04-01,603601.SH,17.04,13.94,0.10006455777921239,True
2026-04-01,000903.SZ,2.74,2.48,0.049808429118773985,False
2026-04-01,603017.SH,17.95,14.69,0.09987745098039215,True
2026-04-01,002808.SZ,4.94,4.47,0.04994686503719454,False
2026-04-01,600821.SH,9.66,7.9,0.10022779043280179,True
2026-04-02,000908.SZ,8.3,7.51,0.049968374446552874,False
2026-04-02,600310.SH,6.28,5.14,0.09982486865148867,True
2026-04-02,600844.SH,4.82,3.94,0.10045662100456625,True
2026-04-02,002082.SZ,36.52,29.88,0.10000000000000005,True
2026-04-02,002361.SZ,18.7,15.3,0.09999999999999996,True
2026-04-02,002024.SZ,1.46,1.32,0.050359712230215785,False
2026-04-02,603538.SH,43.77,35.81,0.10002513194269917,True
2026-04-02,003042.SZ,20.49,16.77,0.09983896940418677,True
2026-04-02,002432.SZ,89.03,72.85,0.09995058067704476,True
2026-04-02,600396.SH,8.27,6.77,0.0997340425531915,True
2026-04-02,603585.SH,24.19,19.79,0.10004547521600732,True
2026-04-02,600488.SH,6.34,5.18,0.10069444444444446,True
2026-04-02,600996.SH,11.3,9.24,0.10029211295034082,True
2026-04-02,002620.SZ,9.67,8.75,0.049945711183496194,False
2026-04-02,002038.SZ,8.55,6.99,0.10038610038610041,True
2026-04-02,600539.SH,16.5,13.5,0.1,True
2026-04-02,603618.SH,31.22,25.54,0.10007047216349542,True
2026-04-02,600599.SH,5.89,5.33,0.04991087344028518,False
2026-04-02,000547.SZ,30.62,25.06,0.0998563218390805,True
2026-04-02,002630.SZ,2.19,1.99,0.0478468899521531,False
2026-04-02,000890.SZ,16.83,13.77,0.09999999999999996,True
2026-04-02,002202.SZ,27.96,22.88,0.09992132179386314,True
2026-04-02,002569.SZ,15.66,14.16,0.05030181086519114,False
2026-04-02,600118.SH,87.93,71.95,0.09994996247185392,True
2026-04-02,600219.SH,6.79,5.55,0.10048622366288494,True
2026-04-02,603429.SH,10.97,9.93,0.04976076555023928,False
2026-04-02,600513.SH,33.33,27.27,0.09999999999999999,True
2026-04-02,601600.SH,12.72,10.4,0.10034602076124569,True
2026-04-02,603016.SH,52.27,42.77,0.09995791245791245,True
2026-04-02,001896.SZ,15.24,12.47,0.09996391194514614,True
2026-04-02,603358.SH,39.61,32.41,0.09997222993612889,True
2026-04-02,600410.SH,29.12,23.82,0.10011333585190783,True
2026-04-02,603090.SH,67.87,55.53,0.10000000000000002,True
2026-04-02,002445.SZ,4.22,3.46,0.09895833333333331,True
2026-04-02,002413.SZ,14.4,11.78,0.1000763941940413,True
2026-04-02,601390.SH,5.98,4.9,0.09926470588235294,True
2026-04-02,002160.SZ,5.62,4.6,0.09980430528375739,True
2026-04-02,603980.SH,7.24,5.92,0.10030395136778117,True
2026-04-02,002272.SZ,19.83,16.23,0.09983361064891841,True
2026-04-02,600726.SH,6.5,5.32,0.09983079526226732,True
2026-04-03,000908.SZ,7.9,7.14,0.050531914893617066,False
2026-04-03,600310.SH,5.65,4.63,0.09922178988326852,True
2026-04-03,002024.SZ,1.43,1.29,0.05147058823529409,False
2026-04-03,600844.SH,4.9,4.01,0.09988776655443328,True
2026-04-03,600488.SH,6.97,5.71,0.09936908517350156,True
2026-04-03,003042.SZ,19.97,16.34,0.0999724593775819,True
2026-04-03,002082.SZ,37.99,31.09,0.09988419224088017,True
2026-04-03,002432.SZ,89.27,73.04,0.09999383895015704,True
2026-04-03,002361.SZ,19.02,15.56,0.10005783689994215,True
2026-04-03,603585.SH,24.51,20.05,0.10008976660682227,True
2026-04-03,002202.SZ,26.41,21.61,0.09995835068721369,True
2026-04-03,600539.SH,15.5,12.68,0.1000709723207949,True
2026-04-03,001896.SZ,13.93,11.39,0.1003159557661927,True
2026-04-03,000547.SZ,29.73,24.33,0.09988901220865708,True
2026-04-03,002630.SZ,2.09,1.89,0.05025125628140703,False
2026-04-03,600996.SH,10.58,8.66,0.09979209979209978,True
2026-04-03,603358.SH,39.51,32.33,0.09994432071269486,True
2026-04-03,002298.SZ,11.0,9.0,0.1,True
2026-04-03,600118.SH,86.12,70.46,0.10001277302337472,True
2026-04-03,600513.SH,33.83,27.68,0.09998374248089739,True
2026-04-03,601600.SH,12.85,10.51,0.10017123287671233,True
2026-04-03,603618.SH,30.67,25.09,0.10007173601147779,True
2026-04-03,600703.SH,12.54,10.26,0.09999999999999998,True
2026-04-03,000048.SZ,21.08,17.24,0.1002087682672234,True
2026-04-03,600219.SH,6.8,5.56,0.10032362459546927,True
2026-04-03,600410.SH,27.65,22.63,0.09984089101034208,True
2026-04-03,601388.SH,4.09,3.35,0.09946236559139783,True
2026-04-03,601390.SH,5.89,4.82,0.09990662931839396,True
2026-04-03,000890.SZ,17.49,14.31,0.09999999999999995,True
2026-04-03,002413.SZ,14.94,12.22,0.10014727540500733,True
2026-04-03,603090.SH,65.03,53.21,0.09996617050067659,True
2026-04-03,600121.SH,5.06,4.14,0.1,True
2026-04-03,002056.SZ,20.21,16.53,0.10016330974414805,True
2026-04-03,000695.SZ,14.16,11.58,0.10023310023310023,True
2026-04-03,002160.SZ,5.71,4.67,0.10019267822736032,True
2026-04-03,002526.SZ,3.83,3.13,0.10057471264367819,True
2026-04-03,002470.SZ,3.3,2.7,0.09999999999999994,True
2026-04-03,600163.SH,7.12,5.82,0.10046367851622873,True
2026-04-03,002865.SZ,78.77,64.45,0.09998603546990639,True
2026-04-03,600359.SH,7.96,6.52,0.09944751381215472,True
2026-04-07,000908.SZ,7.51,6.79,0.05034965034965033,False
2026-04-07,600310.SH,5.09,4.17,0.09935205183585312,True
2026-04-07,600488.SH,7.67,6.27,0.1004304160688666,True
2026-04-07,002024.SZ,1.4,1.26,0.05263157894736838,False
2026-04-07,000890.SZ,17.61,14.41,0.09993753903810118,True
2026-04-07,600844.SH,4.41,3.61,0.09975062344139654,True
2026-04-07,003042.SZ,18.26,14.94,0.10000000000000005,True
2026-04-07,002082.SZ,37.46,30.65,0.0999853178681545,True
2026-04-07,600513.SH,30.45,24.91,0.1000722543352601,True
2026-04-07,002361.SZ,17.31,14.17,0.09974587039390086,True
2026-04-07,603585.SH,26.96,22.06,0.09995920032639743,True
2026-04-07,002432.SZ,89.24,73.02,0.09996302230987304,True
2026-04-07,600539.SH,15.4,12.6,0.10000000000000002,True
2026-04-07,600996.SH,10.37,8.49,0.09968186638388118,True
2026-04-07,002620.SZ,9.38,8.48,0.05039193729003361,False
2026-04-07,002686.SZ,8.68,7.1,0.10012674271229405,True
2026-04-07,002038.SZ,9.88,8.08,0.10022271714922053,True
2026-04-07,600396.SH,7.79,6.37,0.1002824858757062,True
2026-04-07,601869.SH,387.75,317.25,0.1,True
2026-04-07,603618.SH,30.42,24.89,0.0999819200867836,True
2026-04-07,002202.SZ,26.64,21.8,0.09991742361684558,True
2026-04-07,600703.SH,12.82,10.49,0.09995709995709995,True
2026-04-07,000048.SZ,18.96,15.52,0.0997679814385151,True
2026-04-07,600118.SH,84.54,69.17,0.09999349424240456,True
2026-04-07,600219.SH,6.53,5.35,0.09932659932659939,True
2026-04-07,001896.SZ,13.89,11.37,0.09976247030878865,True
2026-04-07,002298.SZ,10.41,8.51,0.10042283298097253,True
2026-04-07,603358.SH,38.95,31.87,0.09997175939000284,True
2026-04-07,002413.SZ,14.08,11.52,0.10000000000000002,True
2026-04-07,000547.SZ,28.36,23.2,0.10007757951900698,True
2026-04-07,002160.SZ,5.23,4.28,0.09989484752891693,True
2026-04-07,600135.SH,10.38,8.5,0.0995762711864407,True
2026-04-07,600821.SH,8.71,7.13,0.0997474747474748,True
2026-04-07,601600.SH,12.33,10.09,0.09991079393398751,True
2026-04-07,600359.SH,7.48,6.12,0.10000000000000002,True
2026-04-07,002630.SZ,2.0,1.81,0.04986876640419946,False
2026-04-07,002218.SZ,6.48,5.3,0.10016977928692704,True
2026-04-07,601390.SH,5.72,4.68,0.10000000000000002,True
2026-04-07,601068.SH,6.14,5.02,0.1003584229390681,True
2026-04-07,603429.SH,10.85,9.81,0.0503388189738625,False
2026-04-08,000908.SZ,7.34,6.64,0.05007153075822605,False
2026-04-08,600310.SH,5.15,4.21,0.10042735042735047,True
2026-04-08,600844.SH,4.7,3.84,0.10070257611241222,True
2026-04-08,002024.SZ,1.43,1.29,0.05147058823529409,False
2026-04-08,003042.SZ,20.09,16.43,0.10021905805038336,True
2026-04-08,002432.SZ,91.15,74.57,0.10004827419744154,True
2026-04-08,603585.SH,28.16,23.04,0.10000000000000002,True
2026-04-08,600513.SH,27.46,22.46,0.1001602564102564,True
2026-04-08,600539.SH,15.41,12.61,0.09992862241256248,True
2026-04-08,002686.SZ,8.23,6.73,0.10026737967914438,True
2026-04-08,002038.SZ,9.46,7.74,0.10000000000000002,True
2026-04-08,600996.SH,10.29,8.42,0.09994655264564399,True
2026-04-08,603618.SH,29.58,24.2,0.10003718854592783,True
2026-04-08,002620.SZ,9.82,8.88,0.05026737967914435,False
2026-04-08,000890.SZ,19.37,15.85,0.09994321408290747,True
2026-04-08,603778.SH,34.71,28.4,0.09998415465061009,True
2026-04-08,600703.SH,13.22,10.82,0.09983361064891849,True
2026-04-08,002361.SZ,16.78,13.73,0.09996722386102919,True
2026-04-08,600599.SH,5.05,4.57,0.04989604989604984,False
2026-04-08,002202.SZ,25.18,20.6,0.10004368719965047,True
2026-04-08,600396.SH,8.27,6.77,0.0997340425531915,True
2026-04-08,600219.SH,6.7,5.48,0.10016420361247946,True
2026-04-08,000048.SZ,17.78,14.54,0.10024752475247531,True
2026-04-08,603843.SH,9.68,8.76,0.049891540130151846,False
2026-04-08,002298.SZ,10.7,8.76,0.09969167523124355,True
2026-04-08,002630.SZ,2.0,1.81,0.04986876640419946,False
2026-04-08,002413.SZ,14.29,11.69,0.10007698229407236,True
2026-04-08,600488.SH,8.44,6.9,0.10039113428943931,True
2026-04-08,600135.SH,10.6,8.68,0.0995850622406639,True
2026-04-08,001896.SZ,13.83,11.31,0.10023866348448686,True
2026-04-08,600118.SH,82.94,67.86,0.09999999999999998,True
2026-04-08,000547.SZ,28.52,23.34,0.0998843038951022,True
2026-04-08,603538.SH,43.24,35.38,0.09997456118036122,True
2026-04-08,600470.SH,7.76,6.35,0.09992912827781716,True
2026-04-08,603358.SH,37.08,30.34,0.0999703352121032,True
2026-04-08,600410.SH,28.16,23.04,0.10000000000000002,True
2026-04-08,601600.SH,12.53,10.25,0.10008779631255484,True
2026-04-08,001270.SZ,115.93,104.89,0.049995471424689825,False
2026-04-08,600359.SH,7.74,6.34,0.0994318181818182,True
2026-04-08,002569.SZ,14.83,13.41,0.05028328611898016,False
2026-04-09,000908.SZ,7.46,6.75,0.049964813511611535,False
2026-04-09,600310.SH,5.03,4.11,0.10065645514223194,True
2026-04-09,600844.SH,4.33,3.55,0.0989847715736041,True
2026-04-09,600488.SH,8.1,6.62,0.10054347826086954,True
2026-04-09,002024.SZ,1.44,1.3,0.051094890510948864,False
2026-04-09,003042.SZ,19.76,16.16,0.10022271714922053,True
2026-04-09,600996.SH,10.6,8.68,0.0995850622406639,True
2026-04-09,603585.SH,25.69,21.02,0.09997859130807112,True
2026-04-09,600513.SH,27.14,22.2,0.10012160518848806,True
2026-04-09,002038.SZ,8.67,7.09,0.100253807106599,True
2026-04-09,002361.SZ,18.46,15.1,0.10011918951132304,True
2026-04-09,600539.SH,15.84,12.96,0.09999999999999996,True
2026-04-09,002686.SZ,8.38,6.86,0.09973753280839896,True
2026-04-09,603618.SH,28.58,23.38,0.10007698229407236,True
2026-04-09,002620.SZ,9.92,8.98,0.049735449735449716,False
2026-04-09,002432.SZ,96.35,78.83,0.10001141682840504,True
2026-04-09,002202.SZ,26.22,21.46,0.09983221476510062,True
2026-04-09,002082.SZ,38.3,31.34,0.09994256174612288,True
2026-04-09,000048.SZ,18.27,14.95,0.09993979530403373,True
2026-04-09,001896.SZ,14.41,11.79,0.10000000000000005,True
2026-04-09,600381.SH,2.91,2.63,0.05054151624548741,False
2026-04-09,600163.SH,6.79,5.55,0.10048622366288494,True
2026-04-09,603538.SH,47.56,38.92,0.09990749306197964,True
2026-04-09,002630.SZ,2.08,1.88,0.05050505050505055,False
2026-04-09,600599.SH,5.3,4.8,0.04950495049504951,False
2026-04-09,601390.SH,5.86,4.8,0.09943714821763606,True
2026-04-09,002298.SZ,11.21,9.17,0.10009813542688914,True
2026-04-09,600219.SH,6.95,5.69,0.09968354430379744,True
2026-04-09,600703.SH,13.65,11.17,0.09991941982272362,True
2026-04-09,000767.SZ,4.06,3.32,0.10027100271002708,True
2026-04-09,002893.SZ,12.29,10.05,0.10026857654431506,True
2026-04-09,603843.SH,9.2,8.32,0.05022831050228305,False
2026-04-09,600118.SH,88.89,72.73,0.09998762529389925,True
2026-04-09,600135.SH,11.28,9.23,0.09995124329595315,True
2026-04-09,002218.SZ,6.62,5.42,0.09966777408637877,True
2026-04-09,000801.SZ,15.31,12.53,0.0998563218390805,True
2026-04-09,002185.SZ,13.38,10.94,0.1003289473684211,True
2026-04-09,603429.SH,10.69,9.67,0.05009823182711196,False
2026-04-09,603358.SH,38.28,31.32,0.10000000000000002,True
2026-04-09,600410.SH,30.65,25.07,0.10014357501794685,True
2026-04-10,600310.SH,4.84,3.96,0.09999999999999998,True
2026-04-10,000908.SZ,7.68,6.94,0.05061559507523935,False
2026-04-10,603538.SH,50.05,40.95,0.09999999999999994,True
2026-04-10,600844.SH,4.28,3.5,0.10025706940874039,True
2026-04-10,002024.SZ,1.41,1.27,0.052238805970149224,False
2026-04-10,002686.SZ,8.11,6.63,0.1004070556309362,True
2026-04-10,003042.SZ,19.39,15.87,0.09982983550765745,True
2026-04-10,600488.SH,7.79,6.37,0.1002824858757062,True
2026-04-10,002082.SZ,35.49,29.03,0.10012399256044636,True
2026-04-10,600996.SH,10.35,8.47,0.0998937300743889,True
2026-04-10,600513.SH,25.75,21.07,0.09995728321230243,True
2026-04-10,603585.SH,24.63,20.15,0.10004466279589103,True
2026-04-10,002620.SZ,10.42,9.42,0.05040322580645162,False
2026-04-10,002361.SZ,18.05,14.77,0.09993906154783672,True
2026-04-10,000890.SZ,17.37,14.21,0.10006333122229259,True
2026-04-10,603618.SH,29.0,23.72,0.10015174506828531,True
2026-04-10,002038.SZ,8.12,6.64,0.10027100271002708,True
2026-04-10,600539.SH,16.59,13.57,0.10013262599469494,True
2026-04-10,000048.SZ,17.24,14.1,0.10019144862795147,True
2026-04-10,600599.SH,5.04,4.56,0.050000000000000044,False
2026-04-10,002202.SZ,26.22,21.46,0.09983221476510062,True
2026-04-10,002432.SZ,96.81,79.21,0.09998863765481202,True
2026-04-10,600219.SH,6.95,5.69,0.09968354430379744,True
2026-04-10,001896.SZ,14.08,11.52,0.10000000000000002,True
2026-04-10,600721.SH,11.22,9.18,0.10000000000000005,True
2026-04-10,002630.SZ,1.97,1.79,0.0478723404255319,False
2026-04-10,603358.SH,38.25,31.29,0.10008628127696292,True
2026-04-10,600410.SH,30.09,24.62,0.09998172180588556,True
2026-04-10,600135.SH,11.07,9.05,0.10039761431411529,True
2026-04-10,000547.SZ,29.46,24.1,0.10007468259895443,True
2026-04-10,002569.SZ,14.54,13.16,0.04981949458483751,False
2026-04-10,002980.SZ,61.25,50.11,0.10003591954022989,True
2026-04-10,603778.SH,36.12,29.56,0.09987819732034103,True
2026-04-10,603687.SH,19.98,16.34,0.10022026431718063,True
2026-04-10,601600.SH,14.05,11.49,0.10023492560689118,True
2026-04-10,603889.SH,8.75,7.16,0.09993714644877434,True
2026-04-10,002160.SZ,5.69,4.65,0.10058027079303676,True
2026-04-10,601390.SH,5.78,4.73,0.09990485252140816,True
2026-04-10,603843.SH,9.66,8.74,0.05,False
2026-04-10,603429.SH,10.9,9.86,0.0500963391136802,False
2026-04-13,600844.SH,4.28,3.5,0.10025706940874039,True
2026-04-13,000908.SZ,7.56,6.84,0.04999999999999999,False
2026-04-13,002686.SZ,7.78,6.36,0.10042432814710041,True
2026-04-13,600310.SH,4.8,3.92,0.10091743119266056,True
2026-04-13,002980.SZ,58.31,47.71,0.09998113563478589,True
2026-04-13,002024.SZ,1.43,1.29,0.05147058823529409,False
2026-04-13,600513.SH,24.83,20.31,0.10013291980505094,True
2026-04-13,603778.SH,34.36,28.12,0.09987195902688857,True
2026-04-13,003042.SZ,19.36,15.84,0.09999999999999998,True
2026-04-13,002082.SZ,32.78,26.82,0.1,True
2026-04-13,600996.SH,10.2,8.34,0.10032362459546923,True
2026-04-13,601869.SH,422.82,345.94,0.10000520318434881,True
2026-04-13,600219.SH,6.86,5.62,0.09935897435897437,True
2026-04-13,002038.SZ,8.29,6.79,0.09946949602122011,True
2026-04-13,002569.SZ,14.43,13.05,0.050218340611353676,False
2026-04-13,603585.SH,24.84,20.32,0.10008857395925598,True
2026-04-13,003036.SZ,29.13,23.83,0.10007552870090637,True
2026-04-13,002185.SZ,13.46,11.02,0.09967320261437913,True
2026-04-13,002298.SZ,10.97,8.97,0.10030090270812436,True
2026-04-13,002850.SZ,201.74,165.06,0.10000000000000002,True
2026-04-13,002432.SZ,102.03,83.48,0.0999946094550159,True
2026-04-13,002202.SZ,26.48,21.66,0.10012463647694225,True
2026-04-13,600488.SH,7.06,5.78,0.09968847352024918,True
2026-04-13,000048.SZ,16.89,13.82,0.09996743731683491,True
2026-04-13,603429.SH,11.34,10.26,0.05,False
2026-04-13,000008.SZ,3.01,2.47,0.09854014598540138,True
2026-04-13,601068.SH,6.89,5.63,0.10063897763578274,True
2026-04-13,002156.SZ,49.75,40.71,0.09993367234136633,True
2026-04-13,601600.SH,13.59,11.12,0.09995953055443142,True
2026-04-13,002501.SZ,2.05,1.67,0.10215053763440858,True
2026-04-13,002893.SZ,11.68,9.56,0.09981167608286248,True
2026-04-13,600343.SH,35.2,28.8,0.10000000000000003,True
2026-04-13,600227.SH,4.11,3.37,0.09893048128342248,True
2026-04-13,603358.SH,37.82,30.94,0.10005817335660265,True
2026-04-13,002578.SZ,4.43,3.63,0.09925558312655086,True
2026-04-13,600135.SH,10.84,8.87,0.099949264332826,True
2026-04-13,002424.SZ,5.3,4.8,0.04950495049504951,False
2026-04-13,603716.SH,25.71,21.03,0.10012836970474967,True
2026-04-13,000547.SZ,29.14,23.84,0.10003775009437524,True
2026-04-13,002025.SZ,83.85,68.61,0.09996064541519085,True
2026-04-14,600844.SH,4.41,3.61,0.09975062344139654,True
2026-04-14,600310.SH,5.06,4.14,0.1,True
2026-04-14,000908.SZ,7.6,6.88,0.04972375690607733,False
2026-04-14,002082.SZ,31.57,25.83,0.10000000000000003,True
2026-04-14,002686.SZ,7.58,6.2,0.10014513788098692,True
2026-04-14,002024.SZ,1.42,1.28,0.051851851851851816,False
2026-04-14,002980.SZ,64.14,52.48,0.09998285028297035,True
2026-04-14,603538.SH,52.88,43.26,0.10006240898689416,True
2026-04-14,003042.SZ,19.24,15.74,0.1000571755288736,True
2026-04-14,002580.SZ,22.97,18.79,0.10009578544061302,True
2026-04-14,002038.SZ,7.91,6.47,0.1001390820584145,True
2026-04-14,603843.SH,9.36,8.46,0.05050505050505043,False
2026-04-14,002569.SZ,13.85,12.53,0.05003790750568614,False
2026-04-14,600513.SH,24.6,20.12,0.10017889087656531,True
2026-04-14,002361.SZ,18.37,15.03,0.10000000000000005,True
2026-04-14,603889.SH,9.85,8.06,0.09994416527079839,True
2026-04-14,603687.SH,18.69,15.29,0.10005885815185409,True
2026-04-14,002432.SZ,94.52,77.34,0.09996508786221338,True
2026-04-14,600996.SH,10.29,8.42,0.09994655264564399,True
2026-04-14,603429.SH,10.78,9.76,0.04965920155793572,False
2026-04-14,600488.SH,6.5,5.32,0.09983079526226732,True
2026-04-14,603228.SH,66.97,54.79,0.10003285151116952,True
2026-04-14,000801.SZ,15.15,12.39,0.10021786492374728,True
2026-04-14,600599.SH,4.55,4.11,0.05080831408775976,False
2026-04-14,600135.SH,11.11,9.09,0.09999999999999998,True
2026-04-14,600666.SH,7.06,5.78,0.09968847352024918,True
2026-04-14,002185.SZ,13.6,11.12,0.10032362459546927,True
2026-04-14,600584.SH,47.14,38.57,0.09998833274997082,True
2026-04-14,600721.SH,9.88,8.08,0.10022271714922053,True
2026-04-14,603083.SH,130.44,106.72,0.10001686625063248,True
2026-04-14,000008.SZ,3.01,2.47,0.09854014598540138,True
2026-04-14,002501.SZ,2.04,1.67,0.09973045822102429,True
2026-04-14,600219.SH,6.78,5.54,0.10064935064935067,True
2026-04-14,600396.SH,8.03,6.57,0.09999999999999994,True
2026-04-14,603220.SH,29.68,24.28,0.10007412898443288,True
2026-04-14,002156.SZ,50.22,41.09,0.09998904829701014,True
2026-04-14,000938.SZ,31.06,25.42,0.09985835694050986,True
2026-04-14,002025.SZ,85.1,69.62,0.10005170630816954,True
2026-04-14,002620.SZ,9.83,8.89,0.05021367521367519,False
2026-04-14,603272.SH,37.35,30.56,0.0999852746281844,True
2026-04-15,000908.SZ,7.5,6.78,0.05042016806722687,False
2026-04-15,600844.SH,4.18,3.42,0.09999999999999998,True
2026-04-15,600310.SH,4.99,4.09,0.09911894273127757,True
2026-04-15,002686.SZ,8.34,6.82,0.10026385224274403,True
2026-04-15,002082.SZ,31.56,25.82,0.10003485535029626,True
2026-04-15,002024.SZ,1.42,1.28,0.051851851851851816,False
2026-04-15,003042.SZ,19.22,15.72,0.10017172295363476,True
2026-04-15,600996.SH,10.18,8.33,0.09994597514856833,True
2026-04-15,600488.SH,6.84,5.6,0.09967845659163989,True
2026-04-15,002569.SZ,13.17,11.91,0.05023923444976076,False
2026-04-15,002156.SZ,51.43,42.08,0.0999893059565822,True
2026-04-15,600513.SH,24.51,20.05,0.10008976660682227,True
2026-04-15,601869.SH,400.95,328.05,0.09999999999999996,True
2026-04-15,000938.SZ,30.65,25.07,0.10014357501794685,True
2026-04-15,603083.SH,132.68,108.56,0.09998341900182392,True
2026-04-15,603538.SH,56.06,45.86,0.10007849293563582,True
2026-04-15,002579.SZ,14.33,11.73,0.09976976208749039,True
2026-04-15,600522.SH,31.16,25.5,0.09989410518884576,True
2026-04-15,603843.SH,8.88,8.04,0.04964539007092208,False
2026-04-15,603228.SH,68.86,56.34,0.09999999999999996,True
2026-04-15,603585.SH,29.04,23.76,0.09999999999999996,True
2026-04-15,600498.SH,55.86,45.7,0.1000393855848759,True
2026-04-15,600105.SH,40.9,33.46,0.10005379236148464,True
2026-04-15,003036.SZ,29.7,24.3,0.09999999999999998,True
2026-04-15,002185.SZ,13.96,11.42,0.1000788022064618,True
2026-04-15,002025.SZ,86.55,70.81,0.10002541942043718,True
2026-04-15,000890.SZ,13.31,10.89,0.09999999999999999,True
2026-04-15,603220.SH,31.03,25.39,0.0999645515774548,True
2026-04-15,600584.SH,48.77,39.91,0.0999097880018043,True
2026-04-15,001267.SZ,46.06,37.68,0.10007165034631002,True
2026-04-15,002902.SZ,33.32,27.26,0.1000330141961043,True
2026-04-15,603306.SH,109.44,89.54,0.10001005126143325,True
2026-04-15,603803.SH,16.5,13.5,0.1,True
2026-04-15,600330.SH,22.67,18.55,0.09995147986414364,True
2026-04-15,600599.SH,4.33,3.91,0.05097087378640776,False
2026-04-15,000988.SZ,132.69,108.57,0.0999751305645362,True
2026-04-15,002620.SZ,9.79,8.85,0.050429184549356194,False
2026-04-15,600539.SH,17.55,14.36,0.09996866186148547,True
2026-04-15,002580.SZ,25.27,20.67,0.10013060513713536,True
2026-04-15,600721.SH,10.1,8.26,0.10021786492374728,True
2026-04-16,600844.SH,3.97,3.25,0.09972299168975071,True
2026-04-16,600310.SH,4.87,3.99,0.09932279909706546,True
2026-04-16,000908.SZ,7.47,6.75,0.05063291139240505,False
2026-04-16,002082.SZ,31.25,25.57,0.09996480112636395,True
2026-04-16,002686.SZ,8.11,6.63,0.1004070556309362,True
2026-04-16,002580.SZ,27.8,22.74,0.10011871784724975,True
2026-04-16,603538.SH,61.05,49.95,0.09999999999999995,True
2026-04-16,003042.SZ,18.95,15.51,0.09982588508415552,True
2026-04-16,002569.SZ,13.83,12.51,0.050113895216400924,False
2026-04-16,603843.SH,8.44,7.64,0.04975124378109452,False
2026-04-16,002024.SZ,1.4,1.26,0.05263157894736838,False
2026-04-16,600996.SH,10.05,8.23,0.09956236323851204,True
2026-04-16,600105.SH,41.29,33.79,0.09989344698987747,True
2026-04-16,002038.SZ,8.88,7.26,0.10037174721189597,True
2026-04-16,601869.SH,394.47,322.75,0.09999721145534149,True
2026-04-16,600522.SH,30.58,25.02,0.09999999999999999,True
2026-04-16,600599.SH,4.55,4.11,0.05080831408775976,False
2026-04-16,002598.SZ,8.56,7.74,0.050306748466257684,False
2026-04-16,002328.SZ,13.75,11.25,0.1,True
2026-04-16,002902.SZ,32.78,26.82,0.1,True
2026-04-16,603618.SH,23.78,19.46,0.09990749306197964,True
2026-04-16,603228.SH,66.45,54.37,0.09998344644926342,True
2026-04-16,002156.SZ,51.69,42.29,0.10002128112364332,True
2026-04-16,002620.SZ,10.0,9.04,0.05042016806722694,False
2026-04-16,600498.SH,53.33,43.63,0.1000412541254125,True
2026-04-16,603889.SH,9.65,7.89,0.10034207525655649,True
2026-04-16,001267.SZ,45.6,37.31,0.09998793872874201,True
2026-04-16,002579.SZ,13.98,11.44,0.09992132179386314,True
2026-04-16,000890.SZ,14.04,11.48,0.1003134796238244,True
2026-04-16,002361.SZ,20.39,16.69,0.09978425026968715,True
2026-04-16,000938.SZ,30.23,24.73,0.10007278020378457,True
2026-04-16,002185.SZ,13.71,11.21,0.10032102728731941,True
2026-04-16,600584.SH,47.95,39.23,0.10002294104152334,True
2026-04-16,002281.SZ,117.37,96.03,0.10000000000000002,True
2026-04-16,000988.SZ,123.53,101.07,0.10000000000000003,True
2026-04-16,600602.SH,26.29,21.51,0.09999999999999995,True
2026-04-16,603429.SH,10.42,9.42,0.05040322580645162,False
2026-04-16,600343.SH,38.42,31.44,0.09991411394217006,True
2026-04-16,600513.SH,26.13,21.38,0.09997895179962113,True
2026-04-16,002168.SZ,4.41,3.99,0.04999999999999999,False
2026-04-17,002580.SZ,30.58,25.02,0.09999999999999999,True
2026-04-17,000908.SZ,7.49,6.77,0.05049088359046288,False
2026-04-17,600310.SH,4.85,3.97,0.09977324263038542,True
2026-04-17,600844.SH,3.89,3.19,0.09887005649717516,True
2026-04-17,600105.SH,43.42,35.52,0.10007600709399543,True
2026-04-17,002598.SZ,8.64,7.82,0.04981773997569868,False
2026-04-17,601869.SH,405.37,331.67,0.09999457288613914,True
2026-04-17,002686.SZ,8.35,6.83,0.10013175230566532,True
2026-04-17,600584.SH,48.1,39.36,0.09993139721015323,True
2026-04-17,603843.SH,8.02,7.26,0.04973821989528795,False
2026-04-17,600522.SH,30.8,25.2,0.10000000000000002,True
2026-04-17,000938.SZ,30.9,25.28,0.10003559985760052,True
2026-04-17,603773.SH,52.9,43.28,0.10002079434393842,True
2026-04-17,002185.SZ,13.79,11.29,0.09968102073365231,True
2026-04-17,600498.SH,53.49,43.77,0.09993830968537938,True
2026-04-17,000988.SZ,123.55,101.09,0.0999821937321937,True
2026-04-17,002281.SZ,116.83,95.59,0.09999058469070705,True
2026-04-17,002569.SZ,14.29,12.93,0.049963262307127096,False
2026-04-17,603228.SH,69.69,57.02,0.09999210796306522,True
2026-04-17,603803.SH,16.72,13.68,0.09999999999999998,True
2026-04-17,002156.SZ,52.82,43.22,0.09995835068721369,True
2026-04-17,002579.SZ,14.11,11.55,0.0997661730319563,True
2026-04-17,002025.SZ,83.93,68.67,0.10000000000000002,True
2026-04-17,600330.SH,21.73,17.78,0.09997468995191088,True
2026-04-17,001267.SZ,45.69,37.39,0.09990370727010107,True
2026-04-17,600184.SH,24.06,19.68,0.10013717421124828,True
2026-04-17,603538.SH,61.6,50.4,0.10000000000000002,True
2026-04-17,603083.SH,145.29,118.87,0.10001514233797695,True
2026-04-17,603306.SH,114.5,93.68,0.10000960707080407,True
2026-04-17,603220.SH,35.12,28.74,0.0999060444722831,True
2026-04-17,603052.SH,83.35,68.19,0.10003959350666489,True
2026-04-17,002024.SZ,1.41,1.27,0.052238805970149224,False
2026-04-17,002860.SZ,14.28,11.68,0.10015408320493065,True
2026-04-17,002475.SZ,66.5,54.41,0.09999172938549337,True
2026-04-17,600599.SH,4.32,3.9,0.05109489051094895,False
2026-04-17,600487.SH,58.45,47.83,0.09992472713586756,True
2026-04-17,603690.SH,27.9,22.82,0.10015772870662458,True
2026-04-17,002428.SZ,62.0,50.72,0.1000709723207949,True
2026-04-17,600018.SH,5.48,4.48,0.1004016064257028,True
2026-04-17,003031.SZ,112.48,92.03,0.09999511026355681,True
2026-04-20,002580.SZ,33.64,27.52,0.10006540222367563,True
2026-04-20,000908.SZ,7.65,6.93,0.04938271604938276,False
2026-04-20,600844.SH,3.78,3.1,0.09883720930232553,True
2026-04-20,600310.SH,4.85,3.97,0.09977324263038542,True
2026-04-20,002686.SZ,8.47,6.93,0.10000000000000006,True
2026-04-20,600330.SH,23.9,19.56,0.09986194201564658,True
2026-04-20,002569.SZ,14.54,13.16,0.04981949458483751,False
2026-04-20,600105.SH,45.43,37.17,0.09999999999999998,True
2026-04-20,002281.SZ,128.51,105.15,0.09997432166395612,True
2026-04-20,002491.SZ,16.64,13.62,0.09980171844018511,True
2026-04-20,002980.SZ,80.43,65.81,0.09997264770240703,True
2026-04-20,603843.SH,8.02,7.26,0.04973821989528795,False
2026-04-20,002598.SZ,8.49,7.69,0.04944375772558714,False
2026-04-20,600152.SH,15.29,12.51,0.09999999999999999,True
2026-04-20,002475.SZ,65.73,53.78,0.09999163249937246,True
2026-04-20,002024.SZ,1.39,1.25,0.053030303030303,False
2026-04-20,600487.SH,61.22,50.09,0.09999101608121458,True
2026-04-20,603890.SH,20.81,17.03,0.0998942917547568,True
2026-04-20,600599.SH,4.33,3.91,0.05097087378640776,False
2026-04-20,002185.SZ,14.01,11.47,0.09968602825745679,True
2026-04-20,000938.SZ,30.47,24.93,0.09999999999999999,True
2026-04-20,003042.SZ,18.7,15.3,0.09999999999999996,True
2026-04-20,600584.SH,48.38,39.58,0.10004547521600732,True
2026-04-20,603738.SH,33.19,27.15,0.10009943652635067,True
2026-04-20,002579.SZ,14.48,11.84,0.10030395136778117,True
2026-04-20,603773.SH,58.19,47.61,0.09999999999999999,True
2026-04-20,603228.SH,72.82,59.58,0.09999999999999998,True
2026-04-20,002156.SZ,53.0,43.36,0.10004151100041511,True
2026-04-20,600498.SH,54.2,44.34,0.10006088897909478,True
2026-04-20,600018.SH,5.42,4.44,0.09939148073022308,True
2026-04-20,603429.SH,10.48,9.48,0.0501002004008016,False
2026-04-20,600184.SH,24.44,20.0,0.09990999099909995,True
2026-04-20,603052.SH,91.69,75.02,0.09999400155959452,True
2026-04-20,000988.SZ,128.35,105.01,0.10001714089818302,True
2026-04-20,600522.SH,30.95,25.33,0.09985785358919688,True
2026-04-20,600996.SH,10.34,8.46,0.09999999999999995,True
2026-04-20,001267.SZ,49.18,40.24,0.09997763363900691,True
2026-04-20,000070.SZ,22.36,18.3,0.09985243482538118,True
2026-04-20,600666.SH,7.8,6.38,0.1001410437235543,True
2026-04-20,002222.SZ,99.75,81.61,0.10002205558006175,True
2026-04-21,000908.SZ,7.5,6.78,0.05042016806722687,False
2026-04-21,002980.SZ,85.8,70.2,0.09999999999999996,True
2026-04-21,600844.SH,3.82,3.12,0.100864553314121,True
2026-04-21,600310.SH,5.08,4.16,0.09956709956709955,True
2026-04-21,002580.SZ,36.3,29.7,0.09999999999999996,True
2026-04-21,603773.SH,64.01,52.37,0.10001718508334773,True
2026-04-21,002686.SZ,9.32,7.62,0.10035419126328217,True
2026-04-21,002428.SZ,75.02,61.38,0.09999999999999995,True
2026-04-21,603052.SH,100.86,82.52,0.10001090631475626,True
2026-04-21,003031.SZ,130.91,107.11,0.09999159734476094,True
2026-04-21,600105.SH,45.98,37.62,0.1,True
2026-04-21,002598.SZ,8.51,7.7,0.04996915484268967,False
2026-04-21,600599.SH,4.11,3.71,0.051150895140665,False
2026-04-21,002281.SZ,132.06,108.05,0.09999583524218068,True
2026-04-21,603843.SH,8.42,7.62,0.04987531172069824,False
2026-04-21,002156.SZ,53.34,43.64,0.10002062280882659,True
2026-04-21,600584.SH,48.94,40.04,0.10002247696111485,True
2026-04-21,600184.SH,26.88,22.0,0.09983633387888706,True
2026-04-21,000938.SZ,31.25,25.57,0.09996480112636395,True
2026-04-21,002185.SZ,14.04,11.48,0.1003134796238244,True
2026-04-21,603738.SH,34.67,28.37,0.09993654822335026,True
2026-04-21,002024.SZ,1.38,1.24,0.05343511450381675,False
2026-04-21,002579.SZ,14.58,11.93,0.09996227838551493,True
2026-04-21,003042.SZ,18.66,15.26,0.10023584905660378,True
2026-04-21,002456.SZ,10.45,8.55,0.09999999999999992,True
2026-04-21,603228.SH,71.19,58.25,0.09996909765142149,True
2026-04-21,002652.SZ,5.39,4.41,0.09999999999999995,True
2026-04-21,001267.SZ,47.66,39.0,0.09993076390491573,True
2026-04-21,002542.SZ,2.15,1.95,0.048780487804878044,False
2026-04-21,603803.SH,17.27,14.13,0.09999999999999996,True
2026-04-21,603007.SH,7.55,6.17,0.10058309037900874,True
2026-04-21,603800.SH,52.5,42.96,0.09993714644877434,True
2026-04-21,000988.SZ,126.48,103.48,0.1000173943294486,True
2026-04-21,603083.SH,167.53,137.07,0.10000000000000002,True
2026-04-21,600513.SH,23.46,19.2,0.09985935302391002,True
2026-04-21,002384.SZ,172.7,141.3,0.09999999999999992,True
2026-04-21,002860.SZ,15.14,12.38,0.10029069767441859,True
2026-04-21,600721.SH,9.9,8.1,0.10000000000000003,True
2026-04-21,002025.SZ,88.51,72.41,0.10004971414367392,True
2026-04-21,002191.SZ,3.99,3.27,0.0991735537190083,True
2026-04-22,000908.SZ,7.47,6.75,0.05063291139240505,False
2026-04-22,600844.SH,3.81,3.11,0.10115606936416188,True
2026-04-22,600310.SH,5.26,4.3,0.10041841004184102,True
2026-04-22,002428.SZ,75.24,61.56,0.09999999999999994,True
2026-04-22,003031.SZ,134.75,110.25,0.1,True
2026-04-22,600584.SH,48.43,39.63,0.09993186463774696,True
2026-04-22,002185.SZ,13.81,11.3,0.09996017522899242,True
2026-04-22,002156.SZ,51.95,42.51,0.09993648105018,True
2026-04-22,603268.SH,155.65,127.35,0.10000000000000003,True
2026-04-22,002361.SZ,24.96,20.42,0.10004407227853677,True
2026-04-22,002686.SZ,8.91,7.29,0.1,True
2026-04-22,002579.SZ,14.51,11.87,0.10007581501137228,True
2026-04-22,002491.SZ,18.43,15.08,0.09997015816174276,True
2026-04-22,000938.SZ,30.37,24.85,0.09996378123868163,True
2026-04-22,001267.SZ,49.15,40.21,0.10004476275738583,True
2026-04-22,600184.SH,25.85,21.15,0.10000000000000006,True
2026-04-22,000988.SZ,127.91,104.65,0.10001719986240105,True
2026-04-22,002025.SZ,81.74,66.88,0.09998654286098775,True
2026-04-22,002725.SZ,18.47,15.11,0.10005955926146515,True
2026-04-22,603803.SH,16.95,13.87,0.099935107073329,True
2026-04-22,002024.SZ,1.37,1.24,0.049808429118773985,False
2026-04-22,600171.SH,30.44,24.9,0.10010842067220821,True
2026-04-22,603690.SH,28.8,23.56,0.1000763941940413,True
2026-04-22,605222.SH,35.75,29.25,0.1,True
2026-04-22,003042.SZ,18.68,15.28,0.10011778563015312,True
2026-04-22,603228.SH,71.69,58.65,0.10004603345097436,True
2026-04-22,603007.SH,7.39,6.05,0.09970238095238095,True
2026-04-22,603011.SH,24.13,19.75,0.09981768459434821,True
2026-04-22,003018.SZ,52.2,42.71,0.09998946370245498,True
2026-04-22,002860.SZ,14.98,12.26,0.0998531571218796,True
2026-04-22,002938.SZ,76.18,62.33,0.09999278030467121,True
2026-04-22,600513.SH,22.9,18.74,0.09990393852065323,True
2026-04-22,600488.SH,6.94,5.68,0.09984152139461178,True
2026-04-22,600599.SH,4.32,3.9,0.05109489051094895,False
2026-04-22,002980.SZ,90.42,73.98,0.09999999999999998,True
2026-04-22,002436.SZ,31.03,25.39,0.0999645515774548,True
2026-04-22,603843.SH,8.84,8.0,0.04988123515439429,False
2026-04-22,002432.SZ,88.09,72.07,0.1000249750249751,True
2026-04-22,002203.SZ,19.48,15.94,0.09994353472614344,True
2026-04-22,002456.SZ,10.37,8.49,0.09968186638388118,True
2026-04-23,000908.SZ,7.41,6.71,0.04957507082152975,False
2026-04-23,600844.SH,3.76,3.08,0.09941520467836254,True
2026-04-23,600310.SH,5.28,4.32,0.09999999999999998,True
2026-04-23,002297.SZ,22.32,18.26,0.10004928536224739,True
2026-04-23,002082.SZ,30.98,25.34,0.10014204545454547,True
2026-04-23,003018.SZ,57.42,46.98,0.10000000000000005,True
2026-04-23,600330.SH,28.46,23.28,0.10011596443757247,True
2026-04-23,002686.SZ,8.79,7.19,0.10012515644555686,True
2026-04-23,002281.SZ,136.37,111.57,0.10002419940308144,True
2026-04-23,002024.SZ,1.35,1.23,0.046511627906976785,False
2026-04-23,603738.SH,39.07,31.97,0.09994369369369373,True
2026-04-23,600584.SH,50.06,40.96,0.0999780268072951,True
2026-04-23,003031.SZ,137.94,112.86,0.09999999999999999,True
2026-04-23,600103.SH,6.05,4.95,0.09999999999999996,True
2026-04-23,600513.SH,22.72,18.59,0.09997579278625027,True
2026-04-23,003042.SZ,18.35,15.01,0.10011990407673867,True
2026-04-23,600487.SH,72.36,59.2,0.10003040437823044,True
2026-04-23,002185.SZ,14.09,11.53,0.09992193598750979,True
2026-04-23,002156.SZ,53.78,44.0,0.10002045408058909,True
2026-04-23,002361.SZ,26.02,21.29,0.09997886281969985,True
2026-04-23,002038.SZ,8.1,6.62,0.10054347826086954,True
2026-04-23,603585.SH,26.02,21.29,0.09997886281969985,True
2026-04-23,002456.SZ,10.34,8.46,0.09999999999999995,True
2026-04-23,603052.SH,100.5,82.22,0.10004378283712785,True
2026-04-23,002081.SZ,5.43,4.45,0.09919028340080968,True
2026-04-23,603130.SH,52.37,42.85,0.09997899600924172,True
2026-04-23,603843.SH,8.9,8.06,0.04952830188679244,False
2026-04-23,002652.SZ,5.3,4.34,0.0995850622406639,True
2026-04-23,002542.SZ,1.95,1.77,0.04838709677419353,False
2026-04-23,000938.SZ,32.91,26.93,0.09993315508021386,True
2026-04-23,002902.SZ,32.45,26.55,0.10000000000000003,True
2026-04-23,603773.SH,70.8,57.92,0.10006215040397759,True
2026-04-23,600962.SH,23.72,19.4,0.10018552875695734,True
2026-04-23,603228.SH,75.85,62.06,0.09999274889420631,True
2026-04-23,002436.SZ,31.49,25.77,0.09989521480964023,True
2026-04-23,603083.SH,189.4,154.96,0.1000116157509583,True
2026-04-23,600018.SH,5.39,4.41,0.09999999999999995,True
2026-04-23,002579.SZ,14.8,12.11,0.09996283909327393,True
2026-04-23,600599.SH,4.45,4.03,0.04952830188679244,False
2026-04-23,600703.SH,16.43,13.45,0.09973226238286481,True
2026-04-24,002297.SZ,24.46,20.02,0.0998201438848921,True
2026-04-24,002686.SZ,8.55,6.99,0.10038610038610041,True
2026-04-24,603738.SH,40.7,33.3,0.10000000000000007,True
2026-04-24,002428.SZ,84.57,69.19,0.10002601456815814,True
2026-04-24,600330.SH,28.16,23.04,0.10000000000000002,True
2026-04-24,603773.SH,66.55,54.45,0.09999999999999995,True
2026-04-24,600584.SH,48.85,39.97,0.0999774825489755,True
2026-04-24,600487.SH,76.47,62.57,0.09997123130034521,True
2026-04-24,002542.SZ,1.97,1.79,0.0478723404255319,False
2026-04-24,002156.SZ,51.96,42.52,0.09991532599491953,True
2026-04-24,603083.SH,180.76,147.9,0.09998174405160344,True
2026-04-24,002475.SZ,74.55,60.99,0.10004426737494464,True
2026-04-24,603007.SH,7.02,5.74,0.1003134796238244,True
2026-04-24,600184.SH,27.69,22.65,0.10011918951132305,True
2026-04-24,003031.SZ,137.26,112.3,0.10001602820964896,True
2026-04-24,603843.SH,8.62,7.8,0.049939098660170496,False
2026-04-24,002281.SZ,144.85,118.51,0.1000151883353584,True
2026-04-24,600105.SH,53.35,43.65,0.10000000000000003,True
2026-04-24,002980.SZ,83.49,68.31,0.09999999999999995,True
2026-04-24,603228.SH,77.0,63.0,0.1,True
2026-04-24,002430.SZ,33.55,27.45,0.09999999999999996,True
2026-04-24,002185.SZ,13.72,11.22,0.10024057738572574,True
2026-04-24,605090.SH,50.53,41.35,0.0999129299085764,True
2026-04-24,600310.SH,5.81,4.75,0.10037878787878786,True
2026-04-24,002977.SZ,32.04,28.98,0.05014749262536872,False
2026-04-24,002579.SZ,14.25,11.66,0.09996140486298725,True
2026-04-24,002639.SZ,20.21,16.53,0.10016330974414805,True
2026-04-24,002652.SZ,5.15,4.21,0.10042735042735047,True
2026-04-24,000811.SZ,24.67,20.19,0.09986625055728936,True
2026-04-24,603130.SH,53.05,43.41,0.09993779805100561,True
2026-04-24,603052.SH,104.13,85.19,0.10004225649693639,True
2026-04-24,002456.SZ,10.09,8.25,0.10032715376226826,True
2026-04-24,001267.SZ,56.01,45.83,0.09996072270227807,True
2026-04-24,600599.SH,4.67,4.23,0.049438202247190956,False
2026-04-24,002938.SZ,82.96,67.88,0.09997348183505701,True
2026-04-24,002902.SZ,29.72,24.32,0.09992598075499627,True
2026-04-24,002598.SZ,8.46,7.66,0.04962779156327547,False
2026-04-24,600171.SH,31.04,25.4,0.09992912827781716,True
2026-04-24,600018.SH,5.41,4.43,0.09959349593495939,True
2026-04-24,002549.SZ,20.68,16.92,0.09999999999999995,True
2026-04-27,002686.SZ,8.36,6.84,0.09999999999999998,True
2026-04-27,002542.SZ,1.88,1.7,0.05027932960893853,False
2026-04-27,603007.SH,6.72,5.5,0.09983633387888706,True
2026-04-27,600330.SH,28.48,23.3,0.10003862495171881,True
2026-04-27,600487.SH,76.49,62.59,0.09994247914869135,True
2026-04-27,603318.SH,12.53,10.25,0.10008779631255484,True
2026-04-27,000056.SZ,2.03,1.83,0.05181347150259061,False
2026-04-27,002977.SZ,30.43,27.53,0.05003450655624566,False
2026-04-27,002185.SZ,13.7,11.21,0.09995985547972695,True
2026-04-27,002639.SZ,19.84,16.24,0.09977827050997787,True
2026-04-27,000811.SZ,24.44,20.0,0.09990999099909995,True
2026-04-27,002938.SZ,78.75,64.43,0.10001396843134511,True
2026-04-27,002430.SZ,34.84,28.5,0.10009472687085574,True
2026-04-27,002191.SZ,3.85,3.15,0.10000000000000002,True
2026-04-27,603268.SH,161.05,131.77,0.09999316986544633,True
2026-04-27,603933.SH,23.79,19.47,0.0998613037447989,True
2026-04-27,002156.SZ,53.26,43.58,0.09995869475423379,True
2026-04-27,603228.SH,75.35,61.65,0.09999999999999996,True
2026-04-27,603130.SH,53.55,43.81,0.1000410846343467,True
2026-04-27,600522.SH,36.53,29.89,0.09996988858777477,True
2026-04-27,600584.SH,49.38,40.4,0.10002227667631994,True
2026-04-27,605090.SH,50.37,41.21,0.1000218388294387,True
2026-04-27,600759.SH,5.69,4.65,0.10058027079303676,True
2026-04-27,000909.SZ,6.02,5.44,0.050610820244328024,False
2026-04-27,002475.SZ,72.6,59.4,0.09999999999999996,True
2026-04-27,603803.SH,15.82,12.94,0.1001390820584145,True
2026-04-27,000938.SZ,34.45,28.19,0.09993614303959134,True
2026-04-27,002971.SZ,36.63,29.97,0.10000000000000006,True
2026-04-27,002549.SZ,21.98,17.98,0.10010010010010009,True
2026-04-27,002281.SZ,141.57,115.83,0.09999999999999999,True
2026-04-27,002902.SZ,28.61,23.41,0.09996155324875047,True
2026-04-27,002579.SZ,13.96,11.42,0.1000788022064618,True
2026-04-27,000988.SZ,126.85,103.79,0.09998265695456117,True
2026-04-27,600183.SH,79.89,65.37,0.09995869475423377,True
2026-04-27,002436.SZ,31.37,25.67,0.099929873772791,True
2026-04-27,003031.SZ,140.57,115.01,0.10000782533844585,True
2026-04-27,600171.SH,31.28,25.6,0.09985935302390998,True
2026-04-27,002008.SZ,112.71,92.21,0.10003903962521961,True
2026-04-27,600498.SH,57.49,47.03,0.10007654037504783,True
2026-04-27,002598.SZ,8.43,7.63,0.049813200498131996,False
2026-04-28,603318.SH,13.78,11.28,0.09976057462090983,True
2026-04-28,002639.SZ,19.88,16.26,0.10016602102933031,True
2026-04-28,605090.SH,51.0,41.72,0.10008628127696291,True
2026-04-28,002430.SZ,34.43,28.17,0.09999999999999996,True
2026-04-28,002971.SZ,36.36,29.75,0.09998487369535622,True
2026-04-28,000811.SZ,25.41,20.79,0.10000000000000002,True
2026-04-28,002549.SZ,22.31,18.25,0.10009861932938852,True
2026-04-28,603007.SH,6.5,5.32,0.09983079526226732,True
2026-04-28,000056.SZ,2.13,1.93,0.04926108374384236,False
2026-04-28,603933.SH,24.27,19.85,0.10018132366273794,True
2026-04-28,002542.SZ,1.91,1.73,0.049450549450549434,False
2026-04-28,002191.SZ,3.93,3.21,0.1008403361344538,True
2026-04-28,002475.SZ,79.17,64.77,0.10004168403501464,True
2026-04-28,603959.SH,5.58,5.04,0.05084745762711864,False
2026-04-28,600330.SH,30.16,24.68,0.099927060539752,True
2026-04-28,002977.SZ,28.91,26.15,0.050127134035597556,False
2026-04-28,002185.SZ,14.18,11.6,0.10007757951900698,True
2026-04-28,603228.SH,82.89,67.82,0.09999336474022964,True
2026-04-28,600584.SH,50.95,41.69,0.09995682210708123,True
2026-04-28,001267.SZ,54.24,44.38,0.09997972013790306,True
2026-04-28,002456.SZ,9.79,8.01,0.09999999999999998,True
2026-04-28,000909.SZ,5.71,5.17,0.04963235294117648,False
2026-04-28,002579.SZ,14.23,11.65,0.09969088098918083,True
2026-04-28,603130.SH,51.83,42.41,0.09995755517826828,True
2026-04-28,001314.SZ,55.53,45.43,0.10003961965134707,True
2026-04-28,000733.SZ,51.9,42.46,0.10004239084357776,True
2026-04-28,000938.SZ,35.41,28.97,0.1000310655483069,True
2026-04-28,600688.SH,3.05,2.49,0.10108303249097465,True
2026-04-28,603800.SH,56.65,46.35,0.09999999999999998,True
2026-04-28,002156.SZ,56.32,46.08,0.10000000000000002,True
2026-04-28,000636.SZ,25.62,20.96,0.10004293688278232,True
2026-04-28,000988.SZ,130.67,106.91,0.1000084182170216,True
2026-04-28,002634.SZ,5.3,4.8,0.04950495049504951,False
2026-04-28,603803.SH,15.27,12.49,0.10014409221902015,True
2026-04-28,600522.SH,39.36,32.2,0.10005589714924534,True
2026-04-28,603083.SH,168.95,138.23,0.10000651084054953,True
2026-04-28,600105.SH,53.37,43.67,0.09995877988458364,True
2026-04-28,002281.SZ,147.97,121.07,0.09998513232233129,True
2026-04-28,002669.SZ,15.79,12.92,0.09996516893068615,True
2026-04-28,002552.SZ,23.67,19.37,0.09990706319702602,True
2026-04-29,600759.SH,5.44,4.92,0.05019305019305024,False
2026-04-29,603318.SH,15.16,12.4,0.10014513788098692,True
2026-04-29,002639.SZ,19.28,15.78,0.09982886480319457,True
2026-04-29,002430.SZ,36.52,29.88,0.10000000000000005,True
2026-04-29,603773.SH,69.74,57.06,0.09999999999999995,True
2026-04-29,002971.SZ,37.19,30.43,0.09997042295178937,True
2026-04-29,002549.SZ,23.01,18.83,0.099904397705545,True
2026-04-29,605090.SH,53.58,43.84,0.09997947033463349,True
2026-04-29,002456.SZ,9.52,7.79,0.09994222992489889,True
2026-04-29,603959.SH,5.29,4.79,0.0496031746031746,False
2026-04-29,603083.SH,170.71,139.67,0.1000064437141569,True
2026-04-29,000811.SZ,26.79,21.92,0.09997947033463349,True
2026-04-29,002977.SZ,28.09,25.41,0.05009345794392523,False
2026-04-29,002598.SZ,8.54,7.72,0.05043050430504302,False
2026-04-29,603007.SH,6.5,5.32,0.09983079526226732,True
2026-04-29,600330.SH,29.06,23.78,0.09992429977289927,True
2026-04-29,000056.SZ,2.03,1.83,0.05181347150259061,False
2026-04-29,000823.SZ,16.81,13.75,0.10013089005235598,True
2026-04-29,002191.SZ,4.15,3.39,0.10079575596816978,True
2026-04-29,002185.SZ,13.92,11.39,0.09996048992493083,True
2026-04-29,002149.SZ,62.26,50.94,0.10000000000000002,True
2026-04-29,002542.SZ,1.87,1.69,0.050561797752809036,False
2026-04-29,600584.SH,49.61,40.59,0.09999999999999995,True
2026-04-29,603933.SH,23.27,19.04,0.09997636492554952,True
2026-04-29,603738.SH,39.82,32.58,0.10000000000000002,True
2026-04-29,002156.SZ,55.28,45.23,0.09999005074121983,True
2026-04-29,000938.SZ,34.74,28.42,0.10006333122229259,True
2026-04-29,002008.SZ,115.74,94.7,0.09998099220680476,True
2026-04-29,600522.SH,38.5,31.5,0.1,True
2026-04-29,002992.SZ,58.81,48.11,0.10007482229704455,True
2026-04-29,002475.SZ,76.87,62.89,0.1000286204922725,True
2026-04-29,002579.SZ,13.41,10.97,0.10008203445447085,True
2026-04-29,000909.SZ,5.43,4.91,0.05029013539651833,False
2026-04-29,603052.SH,93.43,76.45,0.09995290793501298,True
2026-04-29,002203.SZ,19.05,15.59,0.09988452655889148,True
2026-04-29,002846.SZ,17.0,13.91,0.09996764801035263,True
2026-04-29,000988.SZ,127.15,104.03,0.1000086512674107,True
2026-04-29,002025.SZ,76.2,62.34,0.10004330879168469,True
2026-04-29,002585.SZ,8.55,6.99,0.10038610038610041,True
2026-04-29,001267.SZ,56.97,46.61,0.10001930874686232,True
2026-04-30,600759.SH,5.17,4.67,0.0508130081300813,False
2026-04-30,000016.SZ,3.58,3.24,0.04985337243401757,False
2026-04-30,002456.SZ,9.6,7.86,0.0996563573883161,True
2026-04-30,002639.SZ,19.43,15.89,0.10022650056625139,True
2026-04-30,000811.SZ,27.09,22.17,0.099878197320341,True
2026-04-30,002430.SZ,35.45,29.01,0.09990691901954701,True
2026-04-30,000823.SZ,16.71,13.67,0.10006583278472682,True
2026-04-30,603773.SH,76.71,62.77,0.0999426441066819,True
2026-04-30,000056.SZ,1.92,1.74,0.04918032786885244,False
2026-04-30,002971.SZ,35.62,29.14,0.10006176652254474,True
2026-04-30,603959.SH,5.03,4.55,0.050104384133611735,False
2026-04-30,605090.SH,51.88,42.44,0.10008481764206961,True
2026-04-30,002542.SZ,1.89,1.71,0.04999999999999999,False
2026-04-30,603007.SH,6.71,5.49,0.09999999999999999,True
2026-04-30,002549.SZ,22.37,18.31,0.09980334316617508,True
2026-04-30,002977.SZ,27.11,24.53,0.049961270333075104,False
2026-04-30,002175.SZ,3.03,2.75,0.048442906574394436,False
2026-04-30,002598.SZ,8.56,7.74,0.050306748466257684,False
2026-04-30,002281.SZ,146.16,119.58,0.100022578460149,True
2026-04-30,002191.SZ,4.09,3.35,0.09946236559139783,True
2026-04-30,603083.SH,187.78,153.64,0.09999414211235434,True
2026-04-30,601515.SH,5.02,4.1,0.10087719298245613,True
2026-04-30,603629.SH,144.42,118.16,0.10000761672633099,True
2026-04-30,002846.SZ,17.11,14.0,0.09996785599485694,True
2026-04-30,603800.SH,53.64,43.88,0.10008203445447085,True
2026-04-30,603933.SH,25.6,20.94,0.10012892135797162,True
2026-04-30,002547.SZ,3.34,3.02,0.05031446540880501,False
2026-04-30,603729.SH,18.09,16.37,0.04991294254207774,False
2026-04-30,002992.SZ,55.94,45.77,0.09999016812506138,True
2026-04-30,002426.SZ,4.09,3.35,0.09946236559139783,True
2026-04-30,002297.SZ,25.53,20.89,0.09995691512279191,True
2026-04-30,002975.SZ,121.12,99.1,0.0999909181727364,True
2026-04-30,002691.SZ,6.04,5.46,0.05043478260869566,False
2026-04-30,002859.SZ,54.45,44.55,0.10000000000000006,True
2026-04-30,000733.SZ,47.89,39.19,0.09990813045475429,True
2026-04-30,002203.SZ,19.8,16.2,0.10000000000000003,True
2026-04-30,002741.SZ,23.93,19.58,0.09997701677775228,True
2026-04-30,002585.SZ,8.56,7.0,0.10025706940874039,True
2026-04-30,002185.SZ,14.05,11.49,0.10023492560689118,True
2026-04-30,603124.SH,141.0,115.36,0.1000156030581994,True
2026-05-06,600759.SH,4.9,4.44,0.04925053533190578,False
2026-05-06,603629.SH,158.85,129.97,0.09999307527179557,True
2026-05-06,002456.SZ,9.58,7.84,0.09988518943742825,True
2026-05-06,000016.SZ,3.4,3.08,0.049382716049382686,False
2026-05-06,600745.SH,29.53,26.71,0.050142247510668564,False
2026-05-06,000823.SZ,16.37,13.39,0.10013440860215055,True
2026-05-06,002082.SZ,29.91,27.07,0.04984204984204984,False
2026-05-06,000056.SZ,1.83,1.65,0.05172413793103453,False
2026-05-06,603959.SH,4.78,4.32,0.050549450549450536,False
2026-05-06,603007.SH,6.45,5.27,0.10068259385665534,True
2026-05-06,002175.SZ,2.89,2.61,0.05090909090909095,False
2026-05-06,002542.SZ,1.84,1.66,0.051428571428571476,False
2026-05-06,002977.SZ,28.47,25.75,0.05016599040944299,False
2026-05-06,002598.SZ,8.49,7.69,0.04944375772558714,False
2026-05-06,002547.SZ,3.17,2.87,0.0496688741721854,False
2026-05-06,603773.SH,76.29,62.42,0.09999279071444023,True
2026-05-06,002652.SZ,6.52,5.34,0.09949409780775714,True
2026-05-06,603933.SH,26.88,22.0,0.09983633387888706,True
2026-05-06,000826.SZ,2.06,1.86,0.05102040816326529,False
2026-05-06,002639.SZ,19.49,15.95,0.09988713318284423,True
2026-05-06,002430.SZ,34.57,28.29,0.09990454979319124,True
2026-05-06,600265.SH,23.12,20.92,0.04995458673932786,False
2026-05-06,002297.SZ,26.95,22.05,0.09999999999999998,True
2026-05-06,601515.SH,4.99,4.09,0.09911894273127757,True
2026-05-06,605090.SH,50.12,41.0,0.10008779631255484,True
2026-05-06,002191.SZ,4.17,3.41,0.10026385224274403,True
2026-05-06,603268.SH,164.45,134.55,0.09999999999999992,True
2026-05-06,002549.SZ,21.79,17.83,0.09994952044422012,True
2026-05-06,002846.SZ,16.94,13.86,0.10000000000000006,True
2026-05-06,002971.SZ,34.91,28.57,0.09987397605545048,True
2026-05-06,002992.SZ,57.68,47.2,0.09992372234935161,True
2026-05-06,600330.SH,30.68,25.1,0.1000358551452133,True
2026-05-06,002426.SZ,4.09,3.35,0.09946236559139783,True
2026-05-06,603843.SH,9.42,8.52,0.05016722408026759,False
2026-05-06,002514.SZ,3.57,3.23,0.04999999999999998,False
2026-05-06,603659.SH,39.9,32.64,0.10008271298593878,True
2026-05-06,002585.SZ,8.53,6.98,0.09993552546744029,True
2026-05-06,000733.SZ,46.87,38.35,0.09997653133067351,True
2026-05-06,002149.SZ,69.86,57.16,0.09998425444811843,True
2026-05-06,002634.SZ,5.58,5.04,0.05084745762711864,False
2026-05-07,603629.SH,174.74,142.97,0.09999685247552802,True
2026-05-07,002456.SZ,9.66,7.9,0.10022779043280179,True
2026-05-07,000016.SZ,3.23,2.93,0.04870129870129867,False
2026-05-07,600745.SH,28.05,25.37,0.050168476226132526,False
2026-05-07,002081.SZ,7.14,5.84,0.10015408320493065,True
2026-05-07,600759.SH,4.66,4.22,0.0495495495495496,False
2026-05-07,000823.SZ,17.31,14.17,0.09974587039390086,True
2026-05-07,000056.SZ,1.88,1.7,0.05027932960893853,False
2026-05-07,002082.SZ,28.42,25.72,0.04987070557813082,False
2026-05-07,002542.SZ,1.86,1.68,0.05084745762711869,False
2026-05-07,002175.SZ,2.74,2.48,0.049808429118773985,False
2026-05-07,603959.SH,4.94,4.47,0.04994686503719454,False
2026-05-07,603007.SH,6.57,5.37,0.10050251256281408,True
2026-05-07,002547.SZ,3.01,2.73,0.048780487804878016,False
2026-05-07,002297.SZ,26.41,21.61,0.09995835068721369,True
2026-05-07,002652.SZ,6.7,5.48,0.10016420361247946,True
2026-05-07,002977.SZ,28.43,25.73,0.04985228951255538,False
2026-05-07,603738.SH,42.74,34.97,0.09998713164328918,True
2026-05-07,603256.SH,144.11,117.91,0.09999236699488596,True
2026-05-07,002514.SZ,3.39,3.07,0.04953560371517032,False
2026-05-07,002598.SZ,8.47,7.67,0.049566294919454815,False
2026-05-07,603933.SH,28.34,23.18,0.1001552795031056,True
2026-05-07,600265.SH,23.1,20.9,0.050000000000000065,False
2026-05-07,002636.SZ,51.22,41.9,0.10008591065292095,True
2026-05-07,603399.SH,23.46,19.2,0.09985935302391002,True
2026-05-07,002149.SZ,76.85,62.87,0.10005725737188662,True
2026-05-07,603773.SH,73.48,60.12,0.10000000000000005,True
2026-05-07,002156.SZ,62.65,51.26,0.0999912211394961,True
2026-05-07,002634.SZ,5.86,5.3,0.050179211469534094,False
2026-05-07,000826.SZ,1.98,1.8,0.0476190476190476,False
2026-05-07,603359.SH,4.31,3.9,0.049939098660170496,False
2026-05-07,002436.SZ,32.42,26.52,0.10010179843909064,True
2026-05-07,002528.SZ,5.0,4.52,0.05042016806722694,False
2026-05-07,600537.SH,3.19,2.89,0.04934210526315787,False
2026-05-07,002431.SZ,2.08,1.88,0.05050505050505055,False
2026-05-07,000010.SZ,2.89,2.61,0.05090909090909095,False
2026-05-07,601515.SH,4.99,4.09,0.09911894273127757,True
2026-05-07,603268.SH,166.43,136.17,0.10000000000000006,True
2026-05-07,002191.SZ,4.28,3.5,0.10025706940874039,True
2026-05-07,001389.SZ,197.54,161.62,0.10001113709767231,True
2026-05-08,603629.SH,174.11,142.45,0.10001263583522879,True
2026-05-08,600745.SH,26.64,24.1,0.050059124950729186,False
2026-05-08,002456.SZ,9.89,8.09,0.10011123470522806,True
2026-05-08,000016.SZ,3.09,2.79,0.05102040816326528,False
2026-05-08,603773.SH,75.46,61.74,0.09999999999999995,True
2026-05-08,002149.SZ,80.82,66.12,0.10004083299305831,True
2026-05-08,002297.SZ,27.23,22.28,0.09997980206018983,True
2026-05-08,002514.SZ,3.22,2.92,0.04885993485342023,False
2026-05-08,002082.SZ,27.01,24.43,0.05015552099533441,False
2026-05-08,002547.SZ,2.89,2.61,0.05090909090909095,False
2026-05-08,002175.SZ,2.6,2.36,0.04838709677419359,False
2026-05-08,000056.SZ,1.79,1.62,0.04985337243401757,False
2026-05-08,002977.SZ,29.19,26.41,0.05000000000000002,False
2026-05-08,603045.SH,62.14,50.84,0.10001770224818549,True
2026-05-08,603256.SH,158.52,129.7,0.0999930608562904,True
2026-05-08,000823.SZ,19.04,15.58,0.09994222992489889,True
2026-05-08,002501.SZ,1.41,1.27,0.052238805970149224,False
2026-05-08,002542.SZ,1.91,1.73,0.049450549450549434,False
2026-05-08,603738.SH,47.01,38.47,0.09990641085634067,True
2026-05-08,600053.SH,10.29,9.31,0.049999999999999926,False
2026-05-08,002652.SZ,7.05,5.77,0.09984399375975041,True
2026-05-08,600265.SH,24.26,21.95,0.04998917983120541,False
2026-05-08,600537.SH,3.35,3.03,0.05015673981191227,False
2026-05-08,603959.SH,4.84,4.38,0.049891540130151846,False
2026-05-08,002634.SZ,5.59,5.05,0.05075187969924812,False
2026-05-08,002528.SZ,4.78,4.32,0.050549450549450536,False
2026-05-08,603007.SH,6.88,5.63,0.09992006394884093,True
2026-05-08,603399.SH,24.84,20.32,0.10008857395925598,True
2026-05-08,600105.SH,52.27,42.77,0.09995791245791245,True
2026-05-08,600759.SH,4.43,4.01,0.049763033175355444,False
2026-05-08,002185.SZ,15.33,12.55,0.09971305595408891,True
2026-05-08,600734.SH,2.12,1.92,0.04950495049504955,False
2026-05-08,002552.SZ,27.65,22.63,0.09984089101034208,True
2026-05-08,002134.SZ,30.75,25.16,0.09998211411196566,True
2026-05-08,603359.SH,4.1,3.71,0.049935979513444265,False
2026-05-08,603052.SH,94.26,77.12,0.10001166997315906,True
2026-05-08,002080.SZ,69.5,56.86,0.10003165558721115,True
2026-05-08,001266.SZ,48.4,39.6,0.09999999999999996,True
2026-05-08,002655.SZ,39.39,32.23,0.09997207483943037,True
2026-05-08,002428.SZ,88.22,72.18,0.09999999999999995,True
2026-05-11,600745.SH,25.31,22.9,0.049989628707736995,False
2026-05-11,000016.SZ,3.24,2.94,0.0485436893203884,False
2026-05-11,603773.SH,80.03,65.48,0.09999312762009482,True
2026-05-11,603045.SH,68.35,55.93,0.0999356292243321,True
2026-05-11,600759.SH,4.21,3.81,0.04987531172069824,False
2026-05-11,002456.SZ,9.86,8.06,0.1004464285714285,True
2026-05-11,000056.SZ,1.77,1.61,0.047337278106508854,False
2026-05-11,603629.SH,184.35,150.83,0.10000596694313497,True
2026-05-11,603738.SH,51.71,42.31,0.09997872793022758,True
2026-05-11,002977.SZ,29.56,26.74,0.05008880994671404,False
2026-05-11,002514.SZ,3.07,2.77,0.0513698630136986,False
2026-05-11,002175.SZ,2.65,2.39,0.05158730158730154,False
2026-05-11,002281.SZ,198.79,162.65,0.0999889331562638,True
2026-05-11,002547.SZ,2.98,2.7,0.04929577464788729,False
2026-05-11,002081.SZ,7.48,6.12,0.10000000000000002,True
2026-05-11,002580.SZ,36.19,29.61,0.09999999999999998,True
2026-05-11,002501.SZ,1.33,1.21,0.04724409448818902,False
2026-05-11,002542.SZ,1.97,1.79,0.0478723404255319,False
2026-05-11,603399.SH,26.39,21.59,0.1000416840350146,True
2026-05-11,002168.SZ,4.29,3.89,0.04889975550122248,False
2026-05-11,000733.SZ,49.17,40.23,0.10000000000000005,True
2026-05-11,600537.SH,3.3,2.98,0.050955414012738835,False
2026-05-11,002149.SZ,79.68,65.2,0.09994478188845944,True
2026-05-11,002082.SZ,25.65,23.21,0.04993860008186651,False
2026-05-11,002634.SZ,5.7,5.16,0.04972375690607735,False
2026-05-11,002297.SZ,28.28,23.14,0.09996110462854921,True
2026-05-11,003031.SZ,154.08,126.06,0.10002141786249737,True
2026-05-11,603959.SH,5.08,4.6,0.049586776859504175,False
2026-05-11,603256.SH,163.76,133.98,0.1000201518103043,True
2026-05-11,600053.SH,9.8,8.86,0.05037513397642022,False
2026-05-11,603007.SH,7.24,5.92,0.10030395136778117,True
2026-05-11,000823.SZ,19.34,15.82,0.10011376564277588,True
2026-05-11,603678.SH,36.83,30.13,0.10005973715651136,True
2026-05-11,002669.SZ,15.79,12.92,0.09996516893068615,True
2026-05-11,600171.SH,32.71,26.77,0.09986550100874245,True
2026-05-11,002992.SZ,57.64,47.16,0.10000000000000005,True
2026-05-11,002528.SZ,4.85,4.39,0.04978354978354979,False
2026-05-11,001339.SZ,110.51,90.41,0.10003981684252443,True
2026-05-11,002475.SZ,78.42,64.16,0.10001402721279287,True
2026-05-11,603359.SH,3.9,3.52,0.05121293800539082,False
2026-05-12,603045.SH,75.19,61.52,0.09999268524614142,True
2026-05-12,600745.SH,24.05,21.76,0.049989085352543094,False
2026-05-12,002456.SZ,9.9,8.1,0.10000000000000003,True
2026-05-12,000016.SZ,3.28,2.96,0.05128205128205125,False
2026-05-12,002081.SZ,7.98,6.53,0.09993108201240523,True
2026-05-12,603738.SH,56.88,46.54,0.09998066138077745,True
2026-05-12,000056.SZ,1.79,1.62,0.04985337243401757,False
2026-05-12,603773.SH,88.03,72.03,0.09996251405722854,True
2026-05-12,002514.SZ,3.22,2.92,0.04885993485342023,False
2026-05-12,002149.SZ,82.98,67.9,0.09994697773064687,True
2026-05-12,000823.SZ,19.05,15.59,0.09988452655889148,True
2026-05-12,002977.SZ,31.04,28.08,0.05006765899864684,False
2026-05-12,002634.SZ,5.42,4.9,0.050387596899224764,False
2026-05-12,000733.SZ,51.16,41.86,0.09997849924747364,True
2026-05-12,002168.SZ,4.5,4.08,0.048951048951048945,False
2026-05-12,002547.SZ,3.13,2.83,0.05033557046979863,False
2026-05-12,600759.SH,4.0,3.62,0.04986876640419946,False
2026-05-12,002175.SZ,2.72,2.46,0.05019305019305024,False
2026-05-12,002542.SZ,1.93,1.75,0.04891304347826086,False
2026-05-12,600683.SH,20.85,17.06,0.09997362173568987,True
2026-05-12,600330.SH,35.29,28.87,0.10006234413965084,True
2026-05-12,002501.SZ,1.4,1.26,0.05263157894736838,False
2026-05-12,600537.SH,3.47,3.14,0.04992435703479577,False
2026-05-12,002975.SZ,115.98,94.9,0.09996206373292868,True
2026-05-12,603678.SH,37.99,31.09,0.09988419224088017,True
2026-05-12,002992.SZ,55.14,45.12,0.09994015559545187,True
2026-05-12,002669.SZ,15.84,12.96,0.09999999999999996,True
2026-05-12,603629.SH,179.1,146.54,0.09998771649674489,True
2026-05-12,002203.SZ,24.77,20.27,0.09991119005328597,True
2026-05-12,603959.SH,5.33,4.83,0.049212598425196846,False
2026-05-12,002846.SZ,16.9,13.82,0.10026041666666662,True
2026-05-12,002191.SZ,4.36,3.56,0.10101010101010105,True
2026-05-12,600171.SH,33.32,27.26,0.1000330141961043,True
2026-05-12,603618.SH,41.03,33.57,0.10000000000000002,True
2026-05-12,002025.SZ,84.0,68.72,0.1000523834468308,True
2026-05-12,002787.SZ,25.55,20.91,0.0998708566508825,True
2026-05-12,603007.SH,7.65,6.26,0.0999281092739037,True
2026-05-12,600053.SH,10.29,9.31,0.049999999999999926,False
2026-05-12,002384.SZ,240.13,196.47,0.09999999999999999,True
2026-05-12,603267.SH,63.06,51.6,0.09994767137624282,True
2026-05-13,600396.SH,16.56,13.55,0.09996678844237789,True
2026-05-13,603045.SH,80.97,66.25,0.09998641488928134,True
2026-05-13,000016.SZ,3.35,3.03,0.05015673981191227,False
2026-05-13,002081.SZ,8.78,7.18,0.10025062656641602,True
2026-05-13,600745.SH,22.85,20.67,0.05009191176470587,False
2026-05-13,603629.SH,172.71,141.31,0.09999363097891856,True
2026-05-13,002456.SZ,9.66,7.9,0.10022779043280179,True
2026-05-13,000056.SZ,1.77,1.61,0.047337278106508854,False
2026-05-13,603738.SH,59.71,48.85,0.10003684598378776,True
2026-05-13,002297.SZ,26.51,21.69,0.1,True
2026-05-13,600759.SH,3.8,3.44,0.04972375690607733,False
2026-05-13,002514.SZ,3.38,3.06,0.049689440993788796,False
2026-05-13,002634.SZ,5.47,4.95,0.04990403071017271,False
2026-05-13,002528.SZ,5.1,4.62,0.04938271604938267,False
2026-05-13,002149.SZ,81.77,66.91,0.09994619316653214,True
2026-05-13,600537.SH,3.64,3.3,0.04899135446685884,False
2026-05-13,603773.SH,89.94,73.58,0.10004892367906067,True
2026-05-13,002491.SZ,27.5,22.5,0.1,True
2026-05-13,002977.SZ,31.64,28.62,0.05011616329239959,False
2026-05-13,600265.SH,23.02,20.82,0.0501824817518248,False
2026-05-13,002717.SZ,1.41,1.27,0.052238805970149224,False
2026-05-13,002168.SZ,4.29,3.89,0.04889975550122248,False
2026-05-13,002547.SZ,3.26,2.95,0.049919484702093335,False
2026-05-13,002542.SZ,1.95,1.77,0.04838709677419353,False
2026-05-13,000823.SZ,18.65,15.26,0.09997051017398995,True
2026-05-13,002025.SZ,82.39,67.41,0.10000000000000002,True
2026-05-13,603083.SH,208.36,170.48,0.09998944145285614,True
2026-05-13,002175.SZ,2.86,2.58,0.05147058823529409,False
2026-05-13,000733.SZ,50.55,41.36,0.09998911979109996,True
2026-05-13,600522.SH,48.49,39.67,0.1000453720508167,True
2026-05-13,603052.SH,104.89,85.82,0.09999475643647428,True
2026-05-13,002992.SZ,54.45,44.55,0.10000000000000006,True
2026-05-13,002501.SZ,1.47,1.33,0.04999999999999997,False
2026-05-13,601991.SH,7.37,6.03,0.09999999999999999,True
2026-05-13,603618.SH,44.5,36.41,0.09998764058830804,True
2026-05-13,002975.SZ,122.64,100.34,0.10000896941429722,True
2026-05-13,603659.SH,36.55,29.91,0.09990972013241044,True
2026-05-13,603936.SH,22.24,18.2,0.09990108803165182,True
2026-05-13,603688.SH,80.59,65.93,0.10005460005460003,True
2026-05-13,002191.SZ,4.37,3.57,0.10075566750629728,True
2026-05-14,002081.SZ,8.67,7.09,0.100253807106599,True
2026-05-14,600745.SH,21.7,19.64,0.04983067247218187,False
2026-05-14,600759.SH,3.61,3.27,0.04941860465116277,False
2026-05-14,000016.SZ,3.38,3.06,0.049689440993788796,False
2026-05-14,603629.SH,189.98,155.44,0.09999420994731051,True
2026-05-14,002456.SZ,10.04,8.22,0.0996714129244249,True
2026-05-14,002514.SZ,3.55,3.21,0.05029585798816566,False
2026-05-14,000056.SZ,1.75,1.59,0.04790419161676644,False
2026-05-14,002977.SZ,32.37,29.29,0.049951346091469326,False
2026-05-14,002634.SZ,5.31,4.81,0.049407114624505935,False
2026-05-14,600537.SH,3.59,3.25,0.04970760233918127,False
2026-05-14,002491.SZ,29.65,24.26,0.09998145056575769,True
2026-05-14,600396.SH,18.22,14.9,0.10024154589371977,True
2026-05-14,603045.SH,84.82,69.4,0.09998703151342231,True
2026-05-14,000823.SZ,19.24,15.74,0.1000571755288736,True
2026-05-14,002542.SZ,1.9,1.72,0.04972375690607733,False
2026-05-14,603052.SH,115.38,94.4,0.10000953379731142,True
2026-05-14,002149.SZ,82.46,67.46,0.10005336179295625,True
2026-05-14,001267.SZ,69.78,57.1,0.09993694829760404,True
2026-05-14,002168.SZ,4.31,3.9,0.049939098660170496,False
2026-05-14,002175.SZ,3.0,2.72,0.04895104895104891,False
2026-05-14,600330.SH,38.58,31.56,0.10008554319931565,True
2026-05-14,000733.SZ,51.56,42.18,0.10006400682739494,True
2026-05-14,002975.SZ,122.72,100.4,0.1000358551452133,True
2026-05-14,002639.SZ,19.67,16.09,0.10011185682326626,True
2026-05-14,000969.SZ,25.01,20.47,0.09982409850483734,True
2026-05-14,002943.SZ,90.79,74.29,0.09995153864792827,True
2026-05-14,603678.SH,37.61,30.77,0.1000292483182217,True
2026-05-14,002025.SZ,81.17,66.41,0.10001355197181194,True
2026-05-14,603007.SH,9.26,7.58,0.09976247030878858,True
2026-05-14,002055.SZ,6.34,5.74,0.0496688741721854,False
2026-05-14,600120.SH,6.16,5.04,0.10000000000000002,True
2026-05-14,002547.SZ,3.42,3.1,0.049079754601226974,False
2026-05-14,002501.SZ,1.54,1.4,0.047619047619047665,False
2026-05-14,002846.SZ,16.47,13.47,0.10020040080160315,True
2026-05-14,002992.SZ,54.22,44.36,0.10002028809089064,True
2026-05-14,603519.SH,15.93,13.03,0.10013812154696133,True
2026-05-14,600666.SH,6.68,5.46,0.10049423393739701,True
2026-05-14,603773.SH,96.91,79.29,0.09999999999999995,True
2026-05-14,000576.SZ,9.77,7.99,0.1002252252252252,True
2026-05-15,600759.SH,3.43,3.11,0.04892966360856273,False
2026-05-15,002081.SZ,8.72,7.14,0.09962168978562427,True
2026-05-15,600745.SH,20.62,18.66,0.04989816700611,False
2026-05-15,000016.SZ,3.4,3.08,0.049382716049382686,False
2026-05-15,002456.SZ,9.77,7.99,0.1002252252252252,True
2026-05-15,603045.SH,76.34,62.46,0.1,True
2026-05-15,002514.SZ,3.73,3.37,0.050704225352112664,False
2026-05-15,000056.SZ,1.67,1.51,0.05031446540880501,False
2026-05-15,002977.SZ,32.01,28.97,0.04985241062643488,False
2026-05-15,600537.SH,3.65,3.31,0.04885057471264366,False
2026-05-15,603629.SH,187.44,153.36,0.09999999999999995,True
2026-05-15,000823.SZ,18.52,15.16,0.09976247030878858,True
2026-05-15,001259.SZ,60.5,49.5,0.1,True
2026-05-15,002049.SZ,86.68,70.92,0.10000000000000002,True
2026-05-15,601991.SH,7.92,6.48,0.09999999999999996,True
2026-05-15,600053.SH,10.72,9.7,0.04995102840352602,False
2026-05-15,000969.SZ,24.15,19.76,0.09997722614438619,True
2026-05-15,603005.SH,36.04,29.48,0.10012210012210011,True
2026-05-15,603007.SH,10.19,8.33,0.10043196544276455,True
2026-05-15,600120.SH,5.8,4.74,0.10056925996204931,True
2026-05-15,002634.SZ,5.26,4.76,0.0499001996007984,False
2026-05-15,002639.SZ,20.04,16.4,0.0998902305159166,True
2026-05-15,002559.SZ,12.65,10.35,0.10000000000000003,True
2026-05-15,603052.SH,126.92,103.84,0.1000173340266944,True
2026-05-15,002542.SZ,1.84,1.66,0.051428571428571476,False
2026-05-15,603160.SH,72.91,59.65,0.10003017501508749,True
2026-05-15,600666.SH,6.41,5.25,0.09948542024013723,True
2026-05-15,000733.SZ,50.73,41.51,0.09995663486556808,True
2026-05-15,002552.SZ,37.24,30.47,0.09998523113277215,True
2026-05-15,603690.SH,31.49,25.77,0.09989521480964023,True
2026-05-15,600141.SH,35.77,29.27,0.0999384993849939,True
2026-05-15,002430.SZ,33.29,27.23,0.10013218770654328,True
2026-05-15,600160.SH,38.02,31.1,0.10011574074074076,True
2026-05-15,605090.SH,49.4,40.42,0.09997773324426629,True
2026-05-15,603729.SH,14.78,13.38,0.04971590909090904,False
2026-05-15,603618.SH,41.58,34.02,0.09999999999999995,True
2026-05-15,603359.SH,3.54,3.2,0.050445103857566745,False
2026-05-15,603773.SH,91.65,74.99,0.09997599615938557,True
2026-05-15,603519.SH,14.93,12.21,0.10022107590272655,True
2026-05-15,002255.SZ,12.17,9.95,0.10036166365280294,True
2026-05-18,000016.SZ,3.35,3.03,0.05015673981191227,False
2026-05-18,600745.SH,19.59,17.73,0.04983922829581992,False
2026-05-18,001259.SZ,66.55,54.45,0.09999999999999995,True
2026-05-18,600759.SH,3.27,2.95,0.05144694533762055,False
2026-05-18,002456.SZ,9.63,7.88,0.09994288977727017,True
2026-05-18,002977.SZ,31.47,28.47,0.05005005005005005,False
2026-05-18,000056.SZ,1.59,1.43,0.052980132450331174,False
2026-05-18,002081.SZ,8.64,7.07,0.09993634627625718,True
2026-05-18,002514.SZ,3.92,3.54,0.050938337801608564,False
2026-05-18,600053.SH,10.19,9.22,0.049974240082431676,False
2026-05-18,002049.SZ,85.0,69.54,0.10003882489970228,True
2026-05-18,002559.SZ,12.47,10.21,0.09964726631393298,True
2026-05-18,603045.SH,76.92,62.94,0.09995709995709998,True
2026-05-18,002491.SZ,24.85,20.33,0.10004426737494473,True
2026-05-18,603005.SH,36.1,29.54,0.09993906154783672,True
2026-05-18,002542.SZ,1.83,1.65,0.05172413793103453,False
2026-05-18,600120.SH,5.65,4.63,0.09922178988326852,True
2026-05-18,000733.SZ,49.36,40.38,0.10006685981724979,True
2026-05-18,603738.SH,61.14,50.02,0.10003598416696652,True
2026-05-18,000823.SZ,17.91,14.65,0.1001228501228501,True
2026-05-18,003031.SZ,176.66,144.54,0.10000000000000002,True
2026-05-18,603160.SH,71.05,58.13,0.10001548227279759,True
2026-05-18,603007.SH,9.21,7.53,0.10035842293906812,True
2026-05-18,000969.SZ,23.73,19.41,0.10013908205841447,True
2026-05-18,603690.SH,31.43,25.71,0.10010500525026249,True
2026-05-18,002929.SZ,102.29,83.69,0.10001075384449945,True
2026-05-18,002077.SZ,18.96,15.52,0.0997679814385151,True
2026-05-18,600160.SH,39.5,32.32,0.09997215260373156,True
2026-05-18,002281.SZ,216.14,176.84,0.10000508931752247,True
2026-05-18,601991.SH,8.71,7.13,0.0997474747474748,True
2026-05-18,600141.SH,35.4,28.96,0.10006215040397759,True
2026-05-18,002413.SZ,13.92,11.39,0.09996048992493083,True
2026-05-18,603011.SH,23.17,18.95,0.1001899335232669,True
2026-05-18,002639.SZ,18.88,15.44,0.10023310023310021,True
2026-05-18,603678.SH,35.34,28.92,0.09990662931839404,True
2026-05-18,002634.SZ,5.15,4.66,0.04994903160040776,False
2026-05-18,600171.SH,32.21,26.35,0.10006830601092895,True
2026-05-18,002436.SZ,34.64,28.34,0.10003175611305176,True
2026-05-18,000670.SZ,9.02,7.38,0.09999999999999999,True
2026-05-18,002430.SZ,32.97,26.97,0.1001001001001001,True
2026-05-19,001259.SZ,73.21,59.9,0.09999248741642248,True
2026-05-19,600745.SH,18.62,16.84,0.0501974055273548,False
2026-05-19,000016.SZ,3.2,2.9,0.04918032786885251,False
2026-05-19,601991.SH,8.72,7.14,0.09962168978562427,True
2026-05-19,002281.SZ,230.89,188.91,0.09999999999999999,True
2026-05-19,600759.SH,3.1,2.8,0.05084745762711869,False
2026-05-19,002977.SZ,30.93,27.99,0.04989816700611,False
2026-05-19,000056.SZ,1.5,1.36,0.04895104895104891,False
2026-05-19,002456.SZ,9.75,7.97,0.10045146726862304,True
2026-05-19,000733.SZ,49.43,40.45,0.09991099243435689,True
2026-05-19,002559.SZ,12.33,10.09,0.09991079393398751,True
2026-05-19,002514.SZ,4.12,3.72,0.05102040816326529,False
2026-05-19,002081.SZ,7.78,6.36,0.10042432814710041,True
2026-05-19,002049.SZ,86.16,70.5,0.0999617004978935,True
2026-05-19,000823.SZ,17.89,14.63,0.10024600246002459,True
2026-05-19,600396.SH,17.26,14.12,0.10006373486297011,True
2026-05-19,603005.SH,36.33,29.73,0.09990917347865573,True
2026-05-19,603007.SH,8.91,7.29,0.1,True
2026-05-19,000969.SZ,23.6,19.31,0.09997669540899565,True
2026-05-19,003031.SZ,188.46,154.2,0.0999824899317108,True
2026-05-19,002669.SZ,15.16,12.4,0.10014513788098692,True
2026-05-19,002542.SZ,1.86,1.68,0.05084745762711869,False
2026-05-19,603690.SH,31.22,25.54,0.10007047216349542,True
2026-05-19,603283.SH,70.43,57.63,0.09995314696236142,True
2026-05-19,600120.SH,5.64,4.62,0.09941520467836254,True
2026-05-19,600160.SH,37.48,30.66,0.10008805400645725,True
2026-05-19,605358.SH,55.17,45.14,0.099990030904197,True
2026-05-19,603938.SH,48.87,39.99,0.09993247805536794,True
2026-05-19,603160.SH,71.35,58.37,0.10006167129201354,True
2026-05-19,603678.SH,36.0,29.46,0.09990834097158567,True
2026-05-19,002413.SZ,14.03,11.48,0.09996079968639746,True
2026-05-19,002938.SZ,98.15,80.31,0.09996637902050881,True
2026-05-19,002077.SZ,19.01,15.55,0.10011574074074076,True
2026-05-19,002255.SZ,11.9,9.74,0.09981515711645102,True
2026-05-19,002389.SZ,23.52,19.24,0.10009354536950424,True
2026-05-19,600141.SH,35.42,28.98,0.1,True
2026-05-19,603260.SH,45.61,37.31,0.10009647853352625,True
2026-05-19,603519.SH,14.62,11.96,0.10007524454477044,True
2026-05-19,603316.SH,22.52,18.42,0.10014655593551534,True
2026-05-19,600053.SH,10.08,9.12,0.050000000000000044,False
2026-05-20,001259.SZ,80.53,65.89,0.09998634066384374,True
2026-05-20,001270.SZ,156.92,128.39,0.0999964950404823,True
2026-05-20,000016.SZ,3.36,3.04,0.049999999999999975,False
2026-05-20,600360.SH,12.66,10.36,0.09991311902693313,True
2026-05-20,603938.SH,53.76,43.98,0.10006138735420506,True
2026-05-20,002559.SZ,12.43,10.17,0.09999999999999998,True
2026-05-20,600759.SH,2.94,2.66,0.04999999999999997,False
2026-05-20,002977.SZ,31.4,28.41,0.04999164019394747,False
2026-05-20,002049.SZ,89.07,72.87,0.1000370507595405,True
2026-05-20,600745.SH,17.68,16.0,0.04988123515439429,False
2026-05-20,000056.SZ,1.53,1.39,0.0479452054794521,False
2026-05-20,002456.SZ,9.8,8.02,0.09988776655443328,True
2026-05-20,600120.SH,5.67,4.64,0.09990300678952477,True
2026-05-20,600160.SH,35.71,29.21,0.10012322858903265,True
2026-05-20,603160.SH,72.99,59.72,0.09999246477281289,True
2026-05-20,000969.SZ,23.66,19.36,0.09995350999535102,True
2026-05-20,603007.SH,9.16,7.5,0.09963985594237695,True
2026-05-20,002967.SZ,24.68,20.2,0.09982174688057042,True
2026-05-20,603633.SH,8.81,7.21,0.09987515605493137,True
2026-05-20,000733.SZ,51.6,42.22,0.09997868258367089,True
2026-05-20,002669.SZ,15.2,12.44,0.09985528219971056,True
2026-05-20,600141.SH,33.68,27.56,0.09993468321358592,True
2026-05-20,002046.SZ,56.61,46.31,0.10007773027594245,True
2026-05-20,603316.SH,24.77,20.27,0.09991119005328597,True
2026-05-20,603929.SH,201.14,164.57,0.09999726559295616,True
2026-05-20,603690.SH,31.94,26.14,0.09986225895316805,True
2026-05-20,000823.SZ,17.55,14.36,0.09996866186148547,True
2026-05-20,603005.SH,36.8,30.11,0.09998505455088923,True
2026-05-20,002542.SZ,1.9,1.72,0.04972375690607733,False
2026-05-20,603501.SH,112.88,92.36,0.09998051062171115,True
2026-05-20,600378.SH,38.29,31.33,0.09997127262280954,True
2026-05-20,002413.SZ,13.79,11.29,0.09968102073365231,True
2026-05-20,603678.SH,38.41,31.43,0.09994272623138598,True
2026-05-20,600171.SH,32.79,26.83,0.09996645420999667,True
2026-05-20,603738.SH,57.75,47.25,0.1,True
2026-05-20,603011.SH,22.88,18.72,0.10000000000000002,True
2026-05-20,000670.SZ,9.17,7.51,0.09952038369304557,True
2026-05-20,600704.SH,5.5,4.5,0.1,True
2026-05-20,603358.SH,41.34,33.82,0.10005321979776481,True
2026-05-20,002171.SZ,12.79,10.47,0.09974204643164225,True
2026-05-21,001259.SZ,88.58,72.48,0.09996274680243383,True
2026-05-21,603115.SH,107.31,87.8,0.09999487468607454,True
2026-05-21,000016.SZ,3.39,3.07,0.04953560371517032,False
2026-05-21,000733.SZ,51.58,42.2,0.10002132650885046,True
2026-05-21,000056.SZ,1.46,1.32,0.050359712230215785,False
2026-05-21,600120.SH,5.51,4.51,0.0998003992015968,True
2026-05-21,001270.SZ,151.76,124.16,0.10002899391127863,True
2026-05-21,002456.SZ,9.48,7.76,0.0997679814385151,True
2026-05-21,000636.SZ,37.4,30.6,0.09999999999999996,True
2026-05-21,002559.SZ,12.13,9.93,0.09972801450589305,True
2026-05-21,002049.SZ,89.43,73.17,0.10000000000000002,True
2026-05-21,002977.SZ,30.75,27.83,0.04984636394673953,False
2026-05-21,600160.SH,36.36,29.75,0.09998487369535622,True
2026-05-21,600745.SH,16.8,15.2,0.050000000000000044,False
2026-05-21,603678.SH,38.71,31.67,0.10002841716396703,True
2026-05-21,002967.SZ,24.12,19.74,0.0998632010943913,True
2026-05-21,002669.SZ,15.27,12.49,0.10014409221902015,True
2026-05-21,000823.SZ,17.42,14.26,0.0997474747474748,True
2026-05-21,002389.SZ,23.3,19.06,0.10009442870632677,True
2026-05-21,600845.SH,26.3,21.52,0.09995817649519032,True
2026-05-21,603633.SH,8.79,7.19,0.10012515644555686,True
2026-05-21,603160.SH,72.5,59.32,0.09998482779547868,True
2026-05-21,002542.SZ,1.85,1.67,0.05113636363636368,False
2026-05-21,002585.SZ,9.21,7.53,0.10035842293906812,True
2026-05-21,600141.SH,35.18,28.78,0.1000625390869293,True
2026-05-21,600053.SH,10.52,9.52,0.0499001996007984,False
2026-05-21,603007.SH,8.25,6.75,0.1,True
2026-05-21,002046.SZ,56.18,45.96,0.10005874290189934,True
2026-05-21,002885.SZ,52.8,43.2,0.09999999999999994,True
2026-05-21,002268.SZ,17.11,14.0,0.09996785599485694,True
2026-05-21,000532.SZ,13.68,11.2,0.09967845659163989,True
2026-05-21,603929.SH,207.57,169.83,0.09999999999999995,True
2026-05-21,600704.SH,5.45,4.46,0.09989909182643796,True
2026-05-21,600378.SH,39.57,32.37,0.10008340283569646,True
2026-05-21,002255.SZ,11.84,9.68,0.10037174721189591,True
2026-05-21,000422.SZ,16.34,13.37,0.09996634129922587,True
2026-05-21,000818.SZ,17.25,14.11,0.10012755102040818,True
2026-05-21,603011.SH,22.13,18.11,0.09990059642147117,True
2026-05-21,000969.SZ,23.42,19.16,0.10004697040864259,True
2026-05-21,601766.SH,6.37,5.21,0.10017271157167532,True
2026-05-22,001259.SZ,96.8,79.2,0.09999999999999996,True
2026-05-22,603115.SH,116.31,95.17,0.09996217136372233,True
2026-05-22,000733.SZ,50.29,41.15,0.0999562554680665,True
2026-05-22,002669.SZ,15.4,12.6,0.10000000000000002,True
2026-05-22,603678.SH,37.68,30.83,0.09998540359071671,True
2026-05-22,002585.SZ,8.98,7.34,0.1004901960784314,True
2026-05-22,000016.SZ,3.42,3.1,0.049079754601226974,False
2026-05-22,001270.SZ,161.15,131.85,0.10000000000000003,True
2026-05-22,603267.SH,64.89,53.09,0.10001695202576705,True
2026-05-22,002977.SZ,29.22,26.44,0.049946101329500496,False
2026-05-22,002389.SZ,22.62,18.5,0.1001945525291829,True
2026-05-22,600745.SH,17.64,15.96,0.04999999999999999,False
2026-05-22,002456.SZ,9.5,7.78,0.09953703703703702,True
2026-05-22,600120.SH,5.42,4.44,0.09939148073022308,True
2026-05-22,001266.SZ,56.28,46.04,0.10007818608287727,True
2026-05-22,002559.SZ,11.79,9.65,0.09981343283582085,True
2026-05-22,002818.SZ,12.25,10.03,0.09964093357271098,True
2026-05-22,002859.SZ,60.05,49.13,0.10001831837332839,True
2026-05-22,603186.SH,123.84,101.32,0.10001776514478598,True
2026-05-22,002049.SZ,85.68,70.1,0.10001283861856472,True
2026-05-22,600584.SH,73.52,60.16,0.09994015559545182,True
2026-05-22,002975.SZ,121.55,99.45,0.09999999999999998,True
2026-05-22,000532.SZ,13.64,11.16,0.10000000000000002,True
2026-05-22,600360.SH,13.28,10.86,0.10024855012427505,True
2026-05-22,000823.SZ,16.75,13.71,0.09980302035456333,True
2026-05-22,002371.SZ,729.29,596.69,0.10000150831837577,True
2026-05-22,603986.SH,475.09,388.71,0.1,True
2026-05-22,600053.SH,10.47,9.47,0.05015045135406218,False
2026-05-22,605376.SH,153.3,125.42,0.10002870264064297,True
2026-05-22,603690.SH,33.2,27.16,0.1000662690523526,True
2026-05-22,002168.SZ,4.12,3.72,0.05102040816326529,False
2026-05-22,000056.SZ,1.39,1.25,0.053030303030303,False
2026-05-22,603989.SH,28.42,23.26,0.09984520123839008,True
2026-05-22,603011.SH,21.23,17.37,0.09999999999999998,True
2026-05-22,603160.SH,69.81,57.11,0.10006303183107472,True
2026-05-22,603633.SH,8.43,6.89,0.10052219321148825,True
2026-05-22,002171.SZ,11.9,9.74,0.09981515711645102,True
2026-05-22,002967.SZ,23.62,19.32,0.10013972985561251,True
2026-05-22,002922.SZ,45.09,36.89,0.10002439619419373,True
2026-05-22,002255.SZ,11.33,9.27,0.10000000000000002,True
2026-05-25,002669.SZ,16.16,13.22,0.10006807351940093,True
2026-05-25,000733.SZ,54.09,44.25,0.1000610128126907,True
2026-05-25,603678.SH,41.45,33.91,0.10005307855626336,True
2026-05-25,000016.SZ,3.47,3.14,0.04992435703479577,False
2026-05-25,001270.SZ,157.74,129.06,0.10000000000000002,True
2026-05-25,001259.SZ,87.12,71.28,0.10000000000000002,True
2026-05-25,002977.SZ,29.81,26.97,0.05001761183515322,False
2026-05-25,603267.SH,71.38,58.4,0.10001541069502232,True
2026-05-25,002559.SZ,12.1,9.9,0.09999999999999996,True
2026-05-25,002975.SZ,133.71,109.4,0.09999588663567932,True
2026-05-25,002585.SZ,9.88,8.08,0.10022271714922053,True
2026-05-25,000636.SZ,41.38,33.86,0.09994683678894208,True
2026-05-25,603989.SH,31.26,25.58,0.09992962702322314,True
2026-05-25,600745.SH,17.01,15.39,0.050000000000000024,False
2026-05-25,002389.SZ,22.4,18.32,0.10019646365422392,True
2026-05-25,600360.SH,13.11,10.73,0.09983221476510062,True
2026-05-25,603115.SH,127.94,104.68,0.09999140228699162,True
2026-05-25,002552.SZ,43.8,35.84,0.09994977398292308,True
2026-05-25,603986.SH,515.61,421.87,0.09999146648461835,True
2026-05-25,002818.SZ,12.47,10.21,0.09964726631393298,True
2026-05-25,600120.SH,5.63,4.61,0.09960937499999996,True
2026-05-25,000056.SZ,1.32,1.2,0.04761904761904766,False
2026-05-25,603316.SH,29.59,24.21,0.09999999999999999,True
2026-05-25,000532.SZ,15.0,12.28,0.09970674486803521,True
2026-05-25,603011.SH,21.79,17.83,0.09994952044422012,True
2026-05-25,605376.SH,168.63,137.97,0.09999999999999998,True
2026-05-25,002456.SZ,9.78,8.0,0.10011248593925755,True
2026-05-25,002199.SZ,14.25,12.89,0.050110537951363276,False
2026-05-25,002859.SZ,66.06,54.05,0.0999916742985597,True
2026-05-25,002049.SZ,87.7,71.76,0.09996237300890504,True
2026-05-25,600141.SH,36.16,29.58,0.10009126863401276,True
2026-05-25,600183.SH,118.81,97.21,0.09999074159800023,True
2026-05-25,002371.SZ,735.9,602.1,0.09999999999999996,True
2026-05-25,001266.SZ,61.11,50.0,0.0999909999099991,True
2026-05-25,002967.SZ,24.26,19.85,0.09997732940376332,True
2026-05-25,002922.SZ,44.51,36.41,0.10009886307464165,True
2026-05-25,002848.SZ,17.83,16.13,0.05005889281507655,False
2026-05-25,603690.SH,32.82,26.86,0.09986595174262736,True
2026-05-25,002885.SZ,59.08,48.34,0.0999813814932042,True
2026-05-25,600160.SH,39.42,32.26,0.0998883928571429,True
2026-05-26,002552.SZ,48.18,39.42,0.09999999999999998,True
2026-05-26,002669.SZ,16.39,13.41,0.1,True
2026-05-26,000733.SZ,57.29,46.87,0.10003840245775732,True
2026-05-26,000016.SZ,3.64,3.3,0.04899135446685884,False
2026-05-26,001259.SZ,78.41,64.15,0.10002805836139163,True
2026-05-26,001270.SZ,157.84,129.14,0.10000696912676847,True
2026-05-26,600584.SH,88.19,72.15,0.1000374204814768,True
2026-05-26,603678.SH,43.45,35.55,0.10000000000000007,True
2026-05-26,603267.SH,74.57,61.01,0.1000147514382652,True
2026-05-26,002977.SZ,29.83,26.99,0.04998240056318198,False
2026-05-26,002559.SZ,12.0,9.82,0.09990834097158569,True
2026-05-26,002585.SZ,10.87,8.89,0.10020242914979752,True
2026-05-26,000636.SZ,45.52,37.24,0.10004833252779122,True
2026-05-26,002975.SZ,147.08,120.34,0.09999252112781395,True
2026-05-26,600745.SH,17.86,16.16,0.04997060552616107,False
2026-05-26,000056.SZ,1.39,1.25,0.053030303030303,False
2026-05-26,603011.SH,21.81,17.85,0.09984871406959146,True
2026-05-26,002818.SZ,12.38,10.13,0.09995557529986672,True
2026-05-26,600360.SH,12.64,10.34,0.10008703220191474,True
2026-05-26,002389.SZ,23.03,18.85,0.09980897803247372,True
2026-05-26,600120.SH,5.53,4.53,0.09940357852882703,True
2026-05-26,002938.SZ,125.75,102.89,0.09998250524842547,True
2026-05-26,600876.SH,9.96,8.15,0.09994478188845944,True
2026-05-26,002141.SZ,3.95,3.23,0.10027855153203345,True
2026-05-26,603936.SH,27.34,22.37,0.09997988332327497,True
2026-05-26,603186.SH,144.38,118.13,0.09999619062130967,True
2026-05-26,000532.SZ,14.76,12.08,0.0998509687034277,True
2026-05-26,002967.SZ,24.6,20.12,0.10017889087656531,True
2026-05-26,000620.SZ,3.42,2.8,0.09967845659163989,True
2026-05-26,603989.SH,33.77,27.63,0.10000000000000006,True
2026-05-26,002185.SZ,18.67,15.27,0.1001767825574544,True
2026-05-26,600053.SH,9.74,8.82,0.04956896551724137,False
2026-05-26,002049.SZ,93.52,76.52,0.09997647612326512,True
2026-05-26,002859.SZ,70.72,57.86,0.10001555451858765,True
2026-05-26,603776.SH,23.82,19.49,0.09997691064419306,True
2026-05-26,002584.SZ,9.3,7.61,0.09994086339444118,True
2026-05-26,002845.SZ,18.28,14.96,0.09987966305655836,True
2026-05-26,002171.SZ,13.01,10.65,0.0997464074387151,True
2026-05-26,001387.SZ,15.21,12.45,0.09978308026030375,True
2026-05-26,002935.SZ,23.77,19.45,0.09995372512725591,True
2026-05-27,002552.SZ,53.0,43.36,0.10004151100041511,True
2026-05-27,000733.SZ,55.37,45.31,0.09992054032578461,True
2026-05-27,002669.SZ,16.51,13.51,0.09993337774816793,True
2026-05-27,000636.SZ,45.87,37.53,0.09999999999999995,True
2026-05-27,002585.SZ,11.96,9.78,0.10027598896044164,True
2026-05-27,002484.SZ,67.6,55.31,0.09999186396550315,True
2026-05-27,000016.SZ,3.74,3.38,0.050561797752809036,False
2026-05-27,000056.SZ,1.46,1.32,0.050359712230215785,False
2026-05-27,603678.SH,44.7,36.58,0.09990157480314966,True
2026-05-27,002389.SZ,22.59,18.49,0.09980525803310618,True
2026-05-27,603267.SH,71.49,58.49,0.10001538698261267,True
2026-05-27,600745.SH,18.75,16.97,0.049832026875699924,False
2026-05-27,001270.SZ,157.69,129.02,0.09999651215513929,True
2026-05-27,002818.SZ,12.18,9.96,0.10027100271002705,True
2026-05-27,605376.SH,175.45,143.55,0.09999999999999992,True
2026-05-27,603256.SH,202.29,165.51,0.10000000000000002,True
2026-05-27,002559.SZ,11.51,9.41,0.10038240917782024,True
2026-05-27,603011.SH,20.59,16.85,0.09989316239316236,True
2026-05-27,600876.SH,9.97,8.15,0.10044150110375277,True
2026-05-27,000532.SZ,14.23,11.65,0.09969088098918083,True
2026-05-27,001259.SZ,80.75,66.07,0.0999863778776734,True
2026-05-27,002975.SZ,139.65,114.26,0.09999606159662872,True
2026-05-27,002859.SZ,69.49,56.85,0.1000474908975779,True
2026-05-27,603738.SH,51.56,42.18,0.10006400682739494,True
2026-05-27,002141.SZ,3.89,3.19,0.09887005649717516,True
2026-05-27,600714.SH,34.76,28.44,0.09999999999999995,True
2026-05-27,600120.SH,5.6,4.58,0.10019646365422392,True
2026-05-27,600360.SH,11.64,9.52,0.10018903591682424,True
2026-05-27,002222.SZ,114.4,93.6,0.10000000000000006,True
2026-05-27,002185.SZ,20.54,16.8,0.10016068559185855,True
2026-05-27,002922.SZ,48.61,39.77,0.10002262955419775,True
2026-05-27,001387.SZ,14.87,12.17,0.09985207100591714,True
2026-05-27,603776.SH,23.23,19.01,0.099905303030303,True
2026-05-27,603175.SH,103.65,84.81,0.09996816300541231,True
2026-05-27,600584.SH,97.01,79.37,0.10001133915409911,True
2026-05-27,002967.SZ,24.39,19.95,0.10013531799729367,True
2026-05-27,000620.SZ,3.18,2.6,0.10034602076124569,True
2026-05-27,600525.SH,5.59,5.05,0.05075187969924812,False
2026-05-27,600053.SH,9.49,8.59,0.049778761061946925,False
2026-05-27,000034.SZ,30.66,25.08,0.10010764262648013,True
2026-05-28,002552.SZ,55.58,45.48,0.09994062932911144,True
2026-05-28,000636.SZ,48.64,39.8,0.09995477159656269,True
2026-05-28,000733.SZ,55.37,45.31,0.09992054032578461,True
2026-05-28,603989.SH,38.42,31.44,0.09991411394217006,True
2026-05-28,002669.SZ,17.57,14.37,0.10018785222291801,True
2026-05-28,605376.SH,182.45,149.27,0.10002411672494868,True
2026-05-28,002389.SZ,21.57,17.65,0.09994900560938301,True
2026-05-28,002818.SZ,12.32,10.08,0.10000000000000002,True
2026-05-28,002484.SZ,74.07,60.61,0.0999405999405999,True
2026-05-28,603267.SH,70.06,57.32,0.1000157010519705,True
2026-05-28,001259.SZ,82.28,67.32,0.10000000000000006,True
2026-05-28,000532.SZ,14.14,11.57,0.09996110462854921,True
2026-05-28,603678.SH,47.31,38.71,0.09997674959311788,True
2026-05-28,002585.SZ,11.83,9.68,0.09995350999535102,True
2026-05-28,002975.SZ,134.28,109.86,0.10002457606291473,True
2026-05-28,002859.SZ,69.82,57.12,0.10004726642508269,True
2026-05-28,000016.SZ,3.69,3.33,0.051282051282051266,False
2026-05-28,002848.SZ,18.18,16.44,0.05025996533795489,False
2026-05-28,002185.SZ,22.17,18.14,0.09997519225998514,True
2026-05-28,600745.SH,19.69,17.81,0.050133333333333405,False
2026-05-28,002199.SZ,16.25,14.71,0.049741602067183435,False
2026-05-28,600563.SH,187.41,153.33,0.10001760873393198,True
2026-05-28,600916.SH,8.78,7.18,0.10025062656641602,True
2026-05-28,001270.SZ,169.43,138.63,0.09998052327468679,True
2026-05-28,002922.SZ,50.16,41.04,0.09999999999999998,True
2026-05-28,603738.SH,50.57,41.37,0.10006525995214273,True
2026-05-28,002559.SZ,11.18,9.14,0.10039370078740154,True
2026-05-28,002544.SZ,24.92,20.39,0.0999779298168175,True
2026-05-28,600714.SH,32.07,26.24,0.09998285028297035,True
2026-05-28,600237.SH,10.92,8.94,0.09969788519637465,True
2026-05-28,002345.SZ,9.9,8.1,0.10000000000000003,True
2026-05-28,002222.SZ,110.28,90.23,0.09999501271757019,True
2026-05-28,600655.SH,5.13,4.19,0.10085836909871239,True
2026-05-28,002141.SZ,3.84,3.14,0.10028653295128935,True
2026-05-28,603011.SH,22.65,18.53,0.10004856726566289,True
2026-05-28,001387.SZ,13.93,11.39,0.1003159557661927,True
2026-05-28,001266.SZ,53.75,43.97,0.10008186655751126,True
2026-05-28,603629.SH,235.49,192.67,0.10000934230194326,True
2026-05-28,600876.SH,9.72,7.96,0.09954751131221723,True
2026-05-28,002584.SZ,8.76,7.16,0.10050251256281405,True
2026-05-29,002552.SZ,61.14,50.02,0.10003598416696652,True
2026-05-29,000636.SZ,53.5,43.78,0.09991776315789472,True
2026-05-29,002975.SZ,147.71,120.85,0.10001489425081923,True
2026-05-29,000733.SZ,58.72,48.04,0.10003746721618584,True
2026-05-29,002669.SZ,19.22,15.72,0.10017172295363476,True
2026-05-29,002484.SZ,81.48,66.66,0.10004050222762258,True
2026-05-29,001259.SZ,85.79,70.19,0.1000128221566868,True
2026-05-29,605376.SH,200.7,164.21,0.09999725959825706,True
2026-05-29,002389.SZ,21.65,17.71,0.1001016260162601,True
2026-05-29,002818.SZ,12.29,10.05,0.10026857654431506,True
2026-05-29,002859.SZ,76.8,62.84,0.09997135491263245,True
2026-05-29,000532.SZ,14.59,11.93,0.10030165912518854,True
2026-05-29,603267.SH,77.07,63.05,0.10005709391949755,True
2026-05-29,000016.SZ,3.63,3.29,0.049132947976878595,False
2026-05-29,002585.SZ,12.51,10.23,0.10026385224274402,True
2026-05-29,002922.SZ,52.0,42.54,0.1000634651999154,True
2026-05-29,002848.SZ,17.98,16.26,0.05023364485981305,False
2026-05-29,603738.SH,52.14,42.66,0.10000000000000005,True
2026-05-29,600916.SH,8.72,7.14,0.09962168978562427,True
2026-05-29,600563.SH,194.45,159.09,0.10001697120552126,True
2026-05-29,002138.SZ,53.9,44.1,0.09999999999999998,True
2026-05-29,002345.SZ,9.82,8.04,0.09966405375139985,True
2026-05-29,603773.SH,120.99,98.99,0.10000909173561233,True
2026-05-29,600745.SH,20.67,18.71,0.04977145759268666,False
2026-05-29,002222.SZ,118.62,97.06,0.09996290801186944,True
2026-05-29,603678.SH,52.04,42.58,0.09997886281969985,True
2026-05-29,002584.SZ,8.93,7.31,0.0997536945812808,True
2026-05-29,002141.SZ,3.76,3.08,0.09941520467836254,True
2026-05-29,001387.SZ,14.05,11.49,0.10023492560689118,True
2026-05-29,002559.SZ,11.59,9.49,0.09962049335863377,True
2026-05-29,002544.SZ,25.23,20.65,0.09982563208369664,True
2026-05-29,600525.SH,5.63,5.09,0.050373134328358216,False
2026-05-29,603989.SH,42.26,34.58,0.09994794377928162,True
2026-05-29,002199.SZ,16.46,14.9,0.04974489795918369,False
2026-05-29,600655.SH,5.04,4.12,0.10043668122270741,True
2026-05-29,603175.SH,104.27,85.31,0.10001054963603753,True
2026-05-29,001270.SZ,178.2,145.8,0.09999999999999994,True
2026-05-29,603389.SH,61.96,56.06,0.049991526859854245,False
2026-05-29,603042.SH,21.53,17.61,0.10015329586101179,True
2026-05-29,002792.SZ,50.97,41.71,0.09991368148467844,True
2026-06-01,000636.SZ,58.33,47.73,0.09994342824816142,True
2026-06-01,002552.SZ,63.47,51.93,0.09999999999999999,True
2026-06-01,603678.SH,53.28,43.6,0.09991742361684558,True
2026-06-01,002975.SZ,158.73,129.87,0.09999999999999994,True
2026-06-01,000733.SZ,56.64,46.34,0.10001942124684401,True
2026-06-01,002669.SZ,17.29,14.15,0.09987277353689564,True
2026-06-01,002859.SZ,76.12,62.28,0.10000000000000002,True
2026-06-01,002484.SZ,85.64,70.07,0.09999357780489378,True
2026-06-01,002389.SZ,21.71,17.77,0.09979736575481259,True
2026-06-01,002818.SZ,12.17,9.95,0.10036166365280294,True
2026-06-01,000532.SZ,13.32,10.9,0.09991742361684558,True
2026-06-01,603989.SH,39.39,32.23,0.09997207483943037,True
2026-06-01,002222.SZ,110.62,90.5,0.1000397772474145,True
2026-06-01,002585.SZ,11.25,9.21,0.09970674486803514,True
2026-06-01,603267.SH,76.19,62.33,0.10005775339301184,True
2026-06-01,002922.SZ,46.79,38.29,0.0999059708509638,True
2026-06-01,603738.SH,47.76,39.08,0.09995393827729156,True
2026-06-01,605376.SH,196.16,160.5,0.09998317725564963,True
2026-06-01,000016.SZ,3.63,3.29,0.049132947976878595,False
2026-06-01,603773.SH,114.49,93.67,0.10001921598770173,True
2026-06-01,600745.SH,21.7,19.64,0.04983067247218187,False
2026-06-01,600237.SH,11.66,9.54,0.10000000000000005,True
2026-06-01,001259.SZ,91.17,74.59,0.10002413127413128,True
2026-06-01,002199.SZ,15.86,14.35,0.04998344918901025,False
2026-06-01,600916.SH,8.73,7.15,0.09949622166246852,True
2026-06-01,600655.SH,5.21,4.27,0.09915611814345995,True
2026-06-01,603219.SH,17.61,14.41,0.09993753903810118,True
2026-06-01,002079.SZ,13.7,11.21,0.09995985547972695,True
2026-06-01,600876.SH,9.65,7.89,0.10034207525655649,True
2026-06-01,002141.SZ,3.64,2.98,0.09969788519637464,True
2026-06-01,001387.SZ,13.74,11.24,0.100080064051241,True
2026-06-01,600525.SH,5.54,5.02,0.04924242424242429,False
2026-06-01,002579.SZ,18.87,15.44,0.09997085397843199,True
2026-06-01,600520.SH,34.34,28.1,0.09993593850096094,True
2026-06-01,002345.SZ,10.13,8.29,0.09989142236699249,True
2026-06-01,600367.SH,35.31,28.89,0.10000000000000002,True
2026-06-01,002584.SZ,8.26,6.76,0.09986684420772304,True
2026-06-01,000536.SZ,4.28,3.5,0.10025706940874039,True
2026-06-01,002559.SZ,10.76,8.8,0.10020449897750505,True
2026-06-01,002195.SZ,8.44,6.9,0.10039113428943931,True
2026-06-02,000636.SZ,60.56,49.55,0.0999909181727364,True
2026-06-02,002552.SZ,63.72,52.14,0.09994821336095286,True
2026-06-02,002848.SZ,18.66,15.26,0.10023584905660378,True
2026-06-02,002484.SZ,87.07,71.24,0.0999936832796412,True
2026-06-02,000733.SZ,55.96,45.78,0.10005897385492431,True
2026-06-02,002669.SZ,17.5,14.32,0.09993714644877434,True
2026-06-02,002859.SZ,82.56,67.55,0.09999333821863969,True
2026-06-02,603678.SH,58.61,47.95,0.10003753753753751,True
2026-06-02,002585.SZ,11.63,9.51,0.10028382213812682,True
2026-06-02,002389.SZ,21.73,17.78,0.09997468995191088,True
2026-06-02,603267.SH,78.98,64.62,0.09999999999999998,True
2026-06-02,002975.SZ,148.58,121.56,0.10002221070556012,True
2026-06-02,000532.SZ,13.39,10.95,0.10024650780608058,True
2026-06-02,002818.SZ,12.56,10.28,0.09982486865148867,True
2026-06-02,603738.SH,46.64,38.16,0.10000000000000005,True
2026-06-02,605376.SH,196.66,160.9,0.10001118693366146,True
2026-06-02,002922.SZ,45.67,37.37,0.09995183044315999,True
2026-06-02,002222.SZ,100.47,82.21,0.09995620757608936,True
2026-06-02,603989.SH,35.45,29.01,0.09990691901954701,True
2026-06-02,601991.SH,9.21,7.53,0.10035842293906812,True
2026-06-02,603256.SH,200.13,163.75,0.09997801473013081,True
2026-06-02,600745.SH,22.79,20.62,0.04998848191660904,False
2026-06-02,600584.SH,83.22,68.09,0.09999339105148368,True
2026-06-02,002138.SZ,51.15,41.85,0.09999999999999996,True
2026-06-02,600237.SH,11.24,9.2,0.09980430528375739,True
2026-06-02,600916.SH,8.81,7.21,0.09987515605493137,True
2026-06-02,600876.SH,9.66,7.9,0.10022779043280179,True
2026-06-02,600367.SH,38.84,31.78,0.09997167941093177,True
2026-06-02,603186.SH,132.35,108.29,0.09998337765957442,True
2026-06-02,002345.SZ,10.4,8.51,0.09994711792702277,True
2026-06-02,002141.SZ,3.72,3.04,0.10059171597633139,True
2026-06-02,002792.SZ,43.11,35.27,0.10002551671344727,True
2026-06-02,000938.SZ,30.62,25.06,0.0998563218390805,True
2026-06-02,000009.SZ,8.22,6.72,0.10040160642570287,True
2026-06-02,000536.SZ,4.31,3.53,0.09948979591836732,True
2026-06-02,001387.SZ,14.29,11.69,0.10007698229407236,True
2026-06-02,002544.SZ,23.27,19.04,0.09997636492554952,True
2026-06-02,002195.SZ,8.48,6.94,0.09987029831387807,True
2026-06-02,000818.SZ,15.91,13.01,0.10027662517289074,True
2026-06-02,600103.SH,4.06,3.32,0.10027100271002708,True
2026-06-03,000636.SZ,65.9,53.92,0.09998330829577702,True
2026-06-03,002848.SZ,17.6,14.4,0.10000000000000003,True
2026-06-03,002552.SZ,66.86,54.7,0.10003290556103979,True
2026-06-03,603678.SH,64.47,52.75,0.09998293806517658,True
2026-06-03,002484.SZ,91.81,75.11,0.1000479271507309,True
2026-06-03,002669.SZ,17.93,14.67,0.09999999999999999,True
2026-06-03,000733.SZ,59.51,48.69,0.10000000000000002,True
2026-06-03,002389.SZ,21.13,17.29,0.09994794377928162,True
2026-06-03,002975.SZ,163.44,133.72,0.10001346076187913,True
2026-06-03,002922.SZ,44.22,36.18,0.09999999999999998,True
2026-06-03,002585.SZ,12.34,10.1,0.09982174688057042,True
2026-06-03,603267.SH,86.88,71.08,0.10002532286654849,True
2026-06-03,605376.SH,209.7,171.58,0.09997901804448169,True
2026-06-03,000532.SZ,13.62,11.14,0.10016155088852984,True
2026-06-03,002818.SZ,12.63,10.33,0.10017421602787459,True
2026-06-03,002859.SZ,88.44,72.36,0.09999999999999998,True
2026-06-03,002222.SZ,103.02,84.29,0.09999466125674011,True
2026-06-03,603738.SH,48.0,39.28,0.09990834097158569,True
2026-06-03,600916.SH,8.79,7.19,0.10012515644555686,True
2026-06-03,603989.SH,34.91,28.57,0.09987397605545048,True
2026-06-03,002792.SZ,43.11,35.27,0.10002551671344727,True
2026-06-03,603803.SH,14.69,12.02,0.09996256083863721,True
2026-06-03,002025.SZ,66.83,54.68,0.09999177022467286,True
2026-06-03,600876.SH,9.42,7.7,0.10046728971962615,True
2026-06-03,000818.SZ,15.55,12.73,0.09971711456859972,True
2026-06-03,603220.SH,24.95,20.41,0.10008818342151674,True
2026-06-03,002345.SZ,10.1,8.26,0.10021786492374728,True
2026-06-03,002725.SZ,16.15,13.21,0.10013623978201627,True
2026-06-03,000938.SZ,31.03,25.39,0.0999645515774548,True
2026-06-03,600584.SH,82.89,67.82,0.09999336474022964,True
2026-06-03,000009.SZ,8.07,6.61,0.0994550408719346,True
2026-06-03,603175.SH,95.78,78.36,0.1000344550361778,True
2026-06-03,002544.SZ,23.08,18.88,0.10009532888465204,True
2026-06-03,000536.SZ,4.21,3.45,0.09921671018276759,True
2026-06-03,001387.SZ,13.84,11.32,0.10015898251192368,True
2026-06-03,600655.SH,5.16,4.22,0.10021321961620475,True
2026-06-03,002983.SZ,25.52,20.88,0.10000000000000002,True
2026-06-03,002141.SZ,3.6,2.94,0.10091743119266057,True
2026-06-03,600103.SH,4.07,3.33,0.10000000000000002,True
2026-06-03,002559.SZ,11.1,9.08,0.10009910802775022,True
2026-06-04,000636.SZ,66.59,54.49,0.09993392798149983,True
2026-06-04,002848.SZ,17.05,13.95,0.10000000000000005,True
2026-06-04,002484.SZ,96.35,78.83,0.10001141682840504,True
2026-06-04,603678.SH,70.32,57.54,0.09995307367433126,True
2026-06-04,002669.SZ,17.64,14.44,0.09975062344139654,True
2026-06-04,002859.SZ,95.39,78.05,0.09997693726937272,True
2026-06-04,002389.SZ,21.23,17.37,0.09999999999999998,True
2026-06-04,002552.SZ,65.42,53.52,0.10005044560282494,True
2026-06-04,000733.SZ,59.31,48.53,0.09996290801186944,True
2026-06-04,002975.SZ,162.8,133.2,0.10000000000000007,True
2026-06-04,002585.SZ,11.8,9.66,0.09972041006523767,True
2026-06-04,605376.SH,209.06,171.05,0.099997369182605,True
2026-06-04,002922.SZ,42.78,35.0,0.10002571355104141,True
2026-06-04,603267.SH,84.81,69.39,0.10000000000000002,True
2026-06-04,002818.SZ,12.33,10.09,0.09991079393398751,True
2026-06-04,002222.SZ,108.9,89.1,0.10000000000000006,True
2026-06-04,000532.SZ,13.12,10.74,0.09974853310980716,True
2026-06-04,600367.SH,46.98,38.44,0.09997658627955983,True
2026-06-04,603738.SH,50.38,41.22,0.10000000000000005,True
2026-06-04,603989.SH,34.25,28.03,0.09987154784842645,True
2026-06-04,002199.SZ,14.47,13.09,0.05007256894049349,False
2026-06-04,000009.SZ,7.93,6.49,0.09986130374479886,True
2026-06-04,600916.SH,8.72,7.14,0.09962168978562427,True
2026-06-04,002544.SZ,23.07,18.87,0.10014306151645207,True
2026-06-04,002559.SZ,10.7,8.76,0.09969167523124355,True
2026-06-04,002345.SZ,10.12,8.28,0.1,True
2026-06-04,603803.SH,14.66,12.0,0.09977494373593399,True
2026-06-04,002792.SZ,44.02,36.02,0.09995002498750624,True
2026-06-04,600876.SH,9.1,7.44,0.10036275695284155,True
2026-06-04,002598.SZ,7.59,6.87,0.04979253112033193,False
2026-06-04,600510.SH,9.22,7.54,0.1002386634844869,True
2026-06-04,600120.SH,5.31,4.35,0.09937888198757763,True
2026-06-04,601212.SH,7.02,5.74,0.1003134796238244,True
2026-06-04,002141.SZ,3.65,2.99,0.09939759036144573,True
2026-06-04,002992.SZ,46.26,37.85,0.09998811080727614,True
2026-06-04,001387.SZ,13.59,11.12,0.09995953055443142,True
2026-06-04,002983.SZ,24.99,20.45,0.09991197183098591,True
2026-06-04,601608.SH,5.92,4.84,0.10037174721189591,True
2026-06-04,002846.SZ,13.29,10.87,0.1001655629139073,True
2026-06-04,002418.SZ,5.01,4.1,0.0998902305159166,True
2026-06-05,000636.SZ,69.85,57.15,0.09999999999999996,True
2026-06-05,002848.SZ,18.13,14.83,0.10012135922330094,True
2026-06-05,002389.SZ,20.79,17.01,0.09999999999999995,True
2026-06-05,600367.SH,51.68,42.28,0.1000425713069391,True
2026-06-05,002222.SZ,106.92,87.48,0.09999999999999999,True
2026-06-05,002922.SZ,42.46,34.74,0.09999999999999998,True
2026-06-05,002484.SZ,105.99,86.72,0.09999481085568988,True
2026-06-05,002818.SZ,12.12,9.92,0.09981851179673318,True
2026-06-05,603738.SH,49.89,40.82,0.0999889758571271,True
2026-06-05,002669.SZ,18.21,14.9,0.09996979764421626,True
2026-06-05,603678.SH,70.92,58.02,0.10004653327128896,True
2026-06-05,000733.SZ,65.24,53.38,0.09998313943685712,True
2026-06-05,603989.SH,37.68,30.83,0.09998540359071671,True
2026-06-05,000532.SZ,13.59,11.12,0.09995953055443142,True
2026-06-05,002552.SZ,64.9,53.1,0.10000000000000003,True
2026-06-05,603267.SH,89.22,73.0,0.09998767106398718,True
2026-06-05,605376.SH,206.8,169.2,0.10000000000000006,True
2026-06-05,002585.SZ,12.98,10.62,0.10000000000000005,True
2026-06-05,002199.SZ,13.74,12.44,0.04965622612681439,False
2026-06-05,002859.SZ,103.83,84.95,0.10001059434262101,True
2026-06-05,002975.SZ,157.96,129.24,0.09999999999999998,True
2026-06-05,600120.SH,5.16,4.22,0.10021321961620475,True
2026-06-05,002544.SZ,22.35,18.29,0.09990157480314966,True
2026-06-05,600876.SH,9.31,7.61,0.10047281323877069,True
2026-06-05,002141.SZ,3.51,2.87,0.1003134796238244,True
2026-06-05,603659.SH,31.24,25.56,0.1,True
2026-06-05,603160.SH,61.16,50.04,0.09999999999999999,True
2026-06-05,002846.SZ,12.94,10.58,0.10034013605442174,True
2026-06-05,600666.SH,5.12,4.19,0.0998925886143931,True
2026-06-05,600916.SH,8.59,7.03,0.09987195902688857,True
2026-06-05,601212.SH,6.81,5.57,0.10016155088852984,True
2026-06-05,002189.SZ,22.57,18.47,0.09990253411306046,True
2026-06-05,000990.SZ,10.12,8.28,0.1,True
2026-06-05,601515.SH,4.3,3.52,0.09974424552429664,True
2026-06-05,000009.SZ,7.8,6.38,0.1001410437235543,True
2026-06-05,002138.SZ,55.61,45.5,0.09999010978142617,True
2026-06-05,603175.SH,92.38,75.58,0.10002381519409383,True
2026-06-05,001387.SZ,13.26,10.85,0.09995852343425965,True
2026-06-05,002952.SZ,26.39,21.59,0.1000416840350146,True
2026-06-05,002418.SZ,4.97,4.07,0.09955752212389375,True
2026-06-08,600367.SH,54.45,44.55,0.10000000000000006,True
2026-06-08,002922.SZ,41.27,33.77,0.09994669509594882,True
2026-06-08,002848.SZ,17.34,14.18,0.100253807106599,True
2026-06-08,002222.SZ,103.84,84.96,0.10000000000000005,True
2026-06-08,002389.SZ,20.82,17.04,0.09984152139461176,True
2026-06-08,603738.SH,48.94,40.04,0.10002247696111485,True
2026-06-08,603678.SH,69.28,56.68,0.10003175611305176,True
2026-06-08,000636.SZ,65.62,53.69,0.09999161847288582,True
2026-06-08,002818.SZ,12.19,9.97,0.10018050541516241,True
2026-06-08,002975.SZ,145.55,119.09,0.09998488512696496,True
2026-06-08,002952.SZ,26.68,21.83,0.09997938569367144,True
2026-06-08,002199.SZ,13.89,12.57,0.04988662131519275,False
2026-06-08,603698.SH,36.49,29.85,0.10009044317154055,True
2026-06-08,603175.SH,90.2,73.8,0.10000000000000003,True
2026-06-08,002544.SZ,22.88,18.72,0.10000000000000002,True
2026-06-08,600876.SH,9.8,8.02,0.09988776655443328,True
2026-06-08,002189.SZ,22.74,18.6,0.10014513788098686,True
2026-06-08,002141.SZ,3.45,2.83,0.09872611464968155,True
2026-06-08,002658.SZ,8.66,7.08,0.10038119440914867,True
2026-06-08,002430.SZ,27.5,22.5,0.1,True
2026-06-08,601212.SH,6.64,5.44,0.0993377483443708,True
2026-06-08,000733.SZ,61.68,50.46,0.10005350454788656,True
2026-06-08,000532.SZ,14.28,11.68,0.10015408320493065,True
2026-06-08,605090.SH,41.32,33.8,0.10010649627263049,True
2026-06-08,601515.SH,4.3,3.52,0.09974424552429664,True
2026-06-08,002049.SZ,82.65,67.63,0.0999467660367315,True
2026-06-08,002859.SZ,95.22,77.9,0.10004621072088721,True
2026-06-08,600969.SH,11.47,9.39,0.09971236816874401,True
2026-06-08,002549.SZ,17.59,14.39,0.1000625390869293,True
2026-06-08,600619.SH,16.46,13.46,0.10026737967914438,True
2026-06-08,002134.SZ,29.22,23.9,0.10015060240963856,True
2026-06-08,000551.SZ,16.63,13.61,0.09986772486772486,True
2026-06-08,000560.SZ,2.82,2.3,0.10156250000000001,True
2026-06-08,600330.SH,32.36,26.48,0.09993201903467026,True
2026-06-08,002475.SZ,75.65,61.89,0.1000436236731133,True
2026-06-08,000990.SZ,10.18,8.33,0.09994597514856833,True
2026-06-08,002273.SZ,39.84,32.6,0.09994478188845944,True
2026-06-08,002217.SZ,2.79,2.29,0.09842519685039369,True
2026-06-08,603659.SH,30.37,24.85,0.09996378123868163,True
2026-06-08,603081.SH,11.23,9.19,0.09990205680705194,True
2026-06-09,600367.SH,58.11,47.55,0.09994321408290746,True
2026-06-09,002848.SZ,15.6,12.76,0.1001410437235543,True
2026-06-09,000636.SZ,61.08,49.98,0.09994597514856836,True
2026-06-09,002389.SZ,20.35,16.65,0.10000000000000007,True
2026-06-09,002922.SZ,38.53,31.53,0.09991435912075364,True
2026-06-09,002222.SZ,95.15,77.85,0.10000000000000006,True
2026-06-09,603738.SH,47.32,38.72,0.09995350999535102,True
2026-06-09,002484.SZ,91.98,75.26,0.09997608227696722,True
2026-06-09,002818.SZ,12.1,9.9,0.09999999999999996,True
2026-06-09,002975.SZ,131.0,107.18,0.10000839701066418,True
2026-06-09,000532.SZ,13.65,11.17,0.09991941982272362,True
2026-06-09,000733.SZ,55.51,45.41,0.10007927070947288,True
2026-06-09,002199.SZ,13.43,12.15,0.0500390930414386,False
2026-06-09,002859.SZ,88.33,72.27,0.10000000000000002,True
2026-06-09,002138.SZ,61.23,50.09,0.10007186489399923,True
2026-06-09,002669.SZ,17.39,14.23,0.09993674889310564,True
2026-06-09,603267.SH,74.05,60.59,0.0999702911467617,True
2026-06-09,002967.SZ,19.87,16.25,0.10022148394241419,True
2026-06-09,600120.SH,5.06,4.14,0.1,True
2026-06-09,600141.SH,29.99,24.53,0.10014673514306673,True
2026-06-09,002189.SZ,21.62,17.69,0.09997456118036122,True
2026-06-09,601212.SH,6.23,5.09,0.10070671378091878,True
2026-06-09,002544.SZ,21.48,17.58,0.09984639016897086,True
2026-06-09,000009.SZ,7.65,6.26,0.0999281092739037,True
2026-06-09,603160.SH,57.66,47.18,0.09996184662342614,True
2026-06-09,600969.SH,10.53,8.61,0.10031347962382445,True
2026-06-09,600916.SH,8.23,6.73,0.10026737967914438,True
2026-06-09,600510.SH,8.72,7.14,0.09962168978562427,True
2026-06-09,000990.SZ,9.98,8.16,0.10033076074972438,True
2026-06-09,002559.SZ,10.71,8.77,0.09958932238193025,True
2026-06-09,002846.SZ,12.64,10.34,0.10008703220191474,True
2026-06-09,605090.SH,39.69,32.47,0.10005543237250553,True
2026-06-09,600876.SH,9.46,7.74,0.10000000000000002,True
2026-06-09,601515.SH,4.13,3.38,0.09986684420772304,True
2026-06-09,000422.SZ,14.1,11.54,0.09984399375975041,True
2026-06-09,002091.SZ,8.7,7.12,0.09987357774968389,True
2026-06-09,600623.SH,9.08,7.43,0.0999394306480921,True
2026-06-09,603175.SH,86.74,70.97,0.0999936592479868,True
2026-06-09,603081.SH,10.93,8.95,0.0995975855130785,True
2026-06-09,603698.SH,34.66,28.36,0.09996826404316086,True
2026-06-10,600367.SH,61.11,50.0,0.0999909999099991,True
2026-06-10,000636.SZ,67.19,54.97,0.10003274394237066,True
2026-06-10,002848.SZ,15.58,12.74,0.1002824858757062,True
2026-06-10,002922.SZ,40.37,33.03,0.09999999999999994,True
2026-06-10,002222.SZ,100.01,81.83,0.09997800263968327,True
2026-06-10,002389.SZ,20.2,16.52,0.10021786492374728,True
2026-06-10,603678.SH,65.58,53.66,0.09996645420999667,True
2026-06-10,002975.SZ,139.63,114.25,0.09996848904994483,True
2026-06-10,603738.SH,49.71,40.67,0.1000221287895552,True
2026-06-10,002859.SZ,97.16,79.5,0.0999660364542058,True
2026-06-10,002967.SZ,19.87,16.25,0.10022148394241419,True
2026-06-10,000733.SZ,57.41,46.97,0.10001916075876603,True
2026-06-10,600969.SH,10.52,8.6,0.10041841004184102,True
2026-06-10,603698.SH,34.23,28.01,0.09993573264781484,True
2026-06-10,002818.SZ,12.08,9.88,0.1001821493624772,True
2026-06-10,600982.SH,6.5,5.32,0.09983079526226732,True
2026-06-10,000990.SZ,9.81,8.03,0.0997757847533633,True
2026-06-10,002049.SZ,81.05,66.31,0.10002714440825186,True
2026-06-10,605090.SH,39.26,32.12,0.10002801905295602,True
2026-06-10,601515.SH,4.15,3.39,0.10079575596816978,True
2026-06-10,002846.SZ,12.87,10.53,0.1,True
2026-06-10,600895.SH,34.54,28.26,0.09999999999999996,True
2026-06-10,603267.SH,77.3,63.24,0.1000426924718941,True
2026-06-10,600619.SH,15.97,13.07,0.09986225895316805,True
2026-06-10,600120.SH,4.99,4.09,0.09911894273127757,True
2026-06-10,603219.SH,16.94,13.86,0.10000000000000006,True
2026-06-10,002243.SZ,8.67,7.09,0.100253807106599,True
2026-06-10,000532.SZ,13.56,11.1,0.09975669099756694,True
2026-06-10,002544.SZ,21.53,17.61,0.10015329586101179,True
2026-06-10,000536.SZ,4.39,3.59,0.10025062656641602,True
2026-06-10,600623.SH,8.92,7.3,0.09987669543773121,True
2026-06-10,603659.SH,30.7,25.12,0.09996417054819058,True
2026-06-10,002273.SZ,39.34,32.18,0.10011185682326626,True
2026-06-10,603978.SH,27.72,22.68,0.09999999999999999,True
2026-06-10,603297.SH,131.15,107.31,0.09997483854734547,True
2026-06-10,603081.SH,11.03,9.03,0.09970089730807578,True
2026-06-10,601212.SH,6.29,5.15,0.0996503496503496,True
2026-06-10,002585.SZ,13.42,10.98,0.09999999999999999,True
2026-06-10,603920.SH,65.78,53.82,0.1,True
2026-06-10,603052.SH,98.59,80.67,0.0999665290639295,True
2026-06-11,000636.SZ,65.79,53.83,0.09998328038789506,True
2026-06-11,002848.SZ,14.71,12.03,0.10022438294689609,True
2026-06-11,002922.SZ,37.19,30.43,0.09997042295178937,True
2026-06-11,002222.SZ,96.83,79.23,0.09996592070884923,True
2026-06-11,002389.SZ,20.03,16.39,0.099945085118067,True
2026-06-11,002967.SZ,19.33,15.81,0.10017074558907221,True
2026-06-11,002975.SZ,132.73,108.59,0.10003315100281779,True
2026-06-11,000733.SZ,56.19,45.97,0.10003915426781518,True
2026-06-11,603501.SH,99.2,81.16,0.10002217786648927,True
2026-06-11,600367.SH,64.77,52.99,0.10003396739130431,True
2026-06-11,002049.SZ,80.3,65.7,0.09999999999999996,True
2026-06-11,603698.SH,33.76,27.62,0.1000325839035516,True
2026-06-11,000990.SZ,9.83,8.05,0.09955257270693507,True
2026-06-11,600982.SH,6.08,4.98,0.09945750452079562,True
2026-06-11,603738.SH,48.14,39.38,0.10009140767824494,True
2026-06-11,600120.SH,4.97,4.07,0.09955752212389375,True
2026-06-11,601515.SH,4.11,3.37,0.09893048128342248,True
2026-06-11,603267.SH,75.57,61.83,0.09999999999999998,True
2026-06-11,000532.SZ,13.07,10.69,0.10016835016835021,True
2026-06-11,002818.SZ,12.07,9.87,0.10027347310847773,True
2026-06-11,600969.SH,10.26,8.4,0.09967845659163985,True
2026-06-11,603978.SH,26.9,22.01,0.09997955428337758,True
2026-06-11,603678.SH,61.91,50.65,0.10003553660270076,True
2026-06-11,002559.SZ,10.75,8.79,0.1003070624360287,True
2026-06-11,002846.SZ,12.63,10.33,0.10017421602787459,True
2026-06-11,000016.SZ,3.09,2.79,0.05102040816326528,False
2026-06-11,603633.SH,8.5,6.96,0.09961190168175937,True
2026-06-11,600619.SH,15.95,13.05,0.09999999999999995,True
2026-06-11,603297.SH,129.44,105.9,0.10002549502846941,True
2026-06-11,603659.SH,30.26,24.76,0.09996364958197018,True
2026-06-11,603920.SH,61.42,50.26,0.09992836676217767,True
2026-06-11,605090.SH,39.38,32.22,0.10000000000000006,True
2026-06-11,002544.SZ,21.42,17.52,0.10015408320493073,True
2026-06-11,002669.SZ,21.04,17.22,0.09984317825405124,True
2026-06-11,002866.SZ,19.44,15.9,0.10016977928692701,True
2026-06-11,600623.SH,8.99,7.35,0.10036719706242353,True
2026-06-11,002199.SZ,14.57,13.19,0.04971181556195969,False
2026-06-11,603160.SH,65.98,53.98,0.10003334444814943,True
2026-06-11,000536.SZ,4.1,3.36,0.09919571045576406,True
2026-06-11,603806.SH,17.44,14.27,0.09996846420687486,True
2026-06-12,000636.SZ,70.73,57.87,0.10000000000000006,True
2026-06-12,002848.SZ,14.19,11.61,0.10000000000000002,True
2026-06-12,002922.SZ,37.51,30.69,0.09999999999999995,True
2026-06-12,002222.SZ,99.79,81.65,0.09997795414462081,True
2026-06-12,002975.SZ,134.88,110.36,0.09998368944707224,True
2026-06-12,002636.SZ,93.28,76.32,0.10000000000000005,True
2026-06-12,002389.SZ,19.99,16.35,0.10016510731975775,True
2026-06-12,000733.SZ,54.73,44.78,0.09998995075871768,True
2026-06-12,603267.SH,73.37,60.03,0.10000000000000002,True
2026-06-12,002559.SZ,10.98,8.98,0.1002004008016032,True
2026-06-12,002669.SZ,18.94,15.5,0.099883855981417,True
2026-06-12,002484.SZ,91.08,74.52,0.10000000000000002,True
2026-06-12,002967.SZ,18.94,15.5,0.099883855981417,True
2026-06-12,600367.SH,59.43,48.63,0.09994447529150469,True
2026-06-12,000532.SZ,12.68,10.38,0.09973980919340844,True
2026-06-12,002049.SZ,78.56,64.28,0.09997199663959676,True
2026-06-12,002199.SZ,14.52,13.14,0.04989154013015181,False
2026-06-12,603501.SH,93.69,76.65,0.1000352236703064,True
2026-06-12,603678.SH,68.1,55.72,0.09998384752059437,True
2026-06-12,002544.SZ,21.43,17.53,0.10010266940451741,True
2026-06-12,002708.SZ,15.17,12.41,0.10007251631617113,True
2026-06-12,603920.SH,58.58,47.93,0.099990611210215,True
2026-06-12,000016.SZ,2.95,2.67,0.04982206405693954,False
2026-06-12,002866.SZ,18.96,15.52,0.0997679814385151,True
2026-06-12,603806.SH,16.75,13.71,0.09980302035456333,True
2026-06-12,603052.SH,94.38,77.22,0.09999999999999998,True
2026-06-12,601515.SH,4.04,3.3,0.10081743869209812,True
2026-06-12,002429.SZ,11.73,9.59,0.10037523452157601,True
2026-06-12,603698.SH,33.26,27.22,0.09986772486772486,True
2026-06-12,000990.SZ,9.75,7.97,0.10045146726862304,True
2026-06-12,603219.SH,16.3,13.34,0.09986504723346831,True
2026-06-12,002846.SZ,12.5,10.22,0.10035211267605632,True
2026-06-12,002818.SZ,11.92,9.76,0.09963099630996311,True
2026-06-12,001387.SZ,12.9,10.56,0.09974424552429667,True
2026-06-12,600120.SH,4.82,3.94,0.10045662100456625,True
2026-06-12,002008.SZ,133.6,109.31,0.0999958832489399,True
2026-06-12,601212.SH,6.12,5.0,0.10071942446043165,True
2026-06-12,600982.SH,6.12,5.0,0.10071942446043165,True
2026-06-12,603633.SH,8.22,6.72,0.10040160642570287,True
2026-06-12,603160.SH,62.82,51.4,0.09998248993171074,True
2026-06-15,000636.SZ,65.03,53.21,0.09996617050067659,True
2026-06-15,002636.SZ,98.87,80.89,0.1000222518914108,True
2026-06-15,002848.SZ,13.95,11.41,0.10015772870662458,True
2026-06-15,603678.SH,63.97,52.34,0.09999140228699162,True
2026-06-15,002922.SZ,37.53,30.71,0.09994138335287221,True
2026-06-15,605376.SH,194.71,159.31,0.09999435060166094,True
2026-06-15,002975.SZ,133.51,109.23,0.10002471780505885,True
2026-06-15,002389.SZ,20.88,17.08,0.10010537407797686,True
2026-06-15,603773.SH,142.78,116.82,0.10000000000000002,True
2026-06-15,601515.SH,4.11,3.37,0.09893048128342248,True
2026-06-15,603267.SH,68.42,55.98,0.10000000000000003,True
2026-06-15,000733.SZ,51.88,42.44,0.10008481764206961,True
2026-06-15,002866.SZ,19.17,15.69,0.09982788296041314,True
2026-06-15,002138.SZ,61.78,50.54,0.1000712250712251,True
2026-06-15,002544.SZ,22.0,18.0,0.1,True
2026-06-15,000016.SZ,2.98,2.7,0.04929577464788729,False
2026-06-15,002669.SZ,17.05,13.95,0.10000000000000005,True
2026-06-15,002846.SZ,13.11,10.73,0.09983221476510062,True
2026-06-15,001387.SZ,12.97,10.61,0.10008481764206961,True
2026-06-15,603219.SH,16.3,13.34,0.09986504723346831,True
2026-06-15,002222.SZ,99.42,81.34,0.1000221287895552,True
2026-06-15,603659.SH,31.17,25.51,0.09985885673959068,True
2026-06-15,003036.SZ,90.38,73.94,0.10004868549172345,True
2026-06-15,002818.SZ,12.39,10.13,0.1003552397868561,True
2026-06-15,000532.SZ,12.71,10.4,0.0999567286888793,True
2026-06-15,600183.SH,166.41,136.15,0.10001322051824428,True
2026-06-15,002967.SZ,19.18,15.7,0.09977064220183489,True
2026-06-15,002708.SZ,14.41,11.79,0.10000000000000005,True
2026-06-15,002859.SZ,82.81,67.75,0.10002656748140278,True
2026-06-15,002049.SZ,78.66,64.36,0.09998601594182631,True
2026-06-15,600120.SH,4.92,4.02,0.10067114093959736,True
2026-06-15,002191.SZ,4.19,3.43,0.09973753280839896,True
2026-06-15,603052.SH,90.78,74.28,0.0999636495819702,True
2026-06-15,002559.SZ,10.4,8.51,0.09994711792702277,True
2026-06-15,603501.SH,94.61,77.41,0.09998837344494829,True
2026-06-15,600869.SH,35.67,29.19,0.09990749306197966,True
2026-06-15,601212.SH,6.34,5.18,0.10069444444444446,True
2026-06-15,002199.SZ,13.89,12.57,0.04988662131519275,False
2026-06-15,001266.SZ,49.34,40.37,0.09998885297068337,True
2026-06-15,600367.SH,58.33,47.73,0.09994342824816142,True
2026-06-16,002636.SZ,107.07,87.61,0.09995890692418324,True
2026-06-16,000636.SZ,71.53,58.53,0.09995386744579425,True
2026-06-16,002848.SZ,14.42,11.8,0.09992372234935161,True
2026-06-16,003036.SZ,99.42,81.34,0.1000221287895552,True
2026-06-16,603773.SH,151.03,123.57,0.10000000000000002,True
2026-06-16,600367.SH,59.35,48.56,0.09999073301825595,True
2026-06-16,601515.SH,4.28,3.5,0.10025706940874039,True
2026-06-16,605376.SH,214.18,175.24,0.09999486415695136,True
2026-06-16,603678.SH,70.37,57.57,0.10004689698296079,True
2026-06-16,002922.SZ,40.32,32.99,0.09998635929613965,True
2026-06-16,002975.SZ,146.86,120.16,0.09999250992435031,True
2026-06-16,603659.SH,32.08,26.24,0.10013717421124829,True
2026-06-16,603124.SH,215.6,176.4,0.09999999999999998,True
2026-06-16,002866.SZ,19.78,16.18,0.10011123470522806,True
2026-06-16,603186.SH,206.06,168.6,0.09998398548016872,True
2026-06-16,002389.SZ,20.89,17.09,0.10005265929436546,True
2026-06-16,000016.SZ,3.0,2.72,0.04895104895104891,False
2026-06-16,002846.SZ,13.61,11.13,0.10024252223120446,True
2026-06-16,603052.SH,99.86,81.7,0.10002203128442386,True
2026-06-16,002544.SZ,21.79,17.83,0.09994952044422012,True
2026-06-16,002818.SZ,12.56,10.28,0.09982486865148867,True
2026-06-16,002191.SZ,4.14,3.38,0.10106382978723402,True
2026-06-16,603219.SH,16.75,13.71,0.09980302035456333,True
2026-06-16,603267.SH,75.26,61.58,0.09997076878105822,True
2026-06-16,000532.SZ,13.2,10.8,0.09999999999999994,True
2026-06-16,002859.SZ,91.09,74.53,0.09998792416374835,True
2026-06-16,600110.SH,15.65,12.81,0.09978917779339423,True
2026-06-16,002585.SZ,14.01,11.47,0.09968602825745679,True
2026-06-16,000733.SZ,57.07,46.69,0.10003855050115655,True
2026-06-16,600869.SH,35.95,29.41,0.10006119951040396,True
2026-06-16,002967.SZ,19.91,16.29,0.10000000000000002,True
2026-06-16,601212.SH,6.63,5.43,0.09950248756218907,True
2026-06-16,002222.SZ,105.92,86.66,0.10001038529442313,True
2026-06-16,600525.SH,5.38,4.86,0.05078124999999996,False
2026-06-16,002669.SZ,17.91,14.65,0.1001228501228501,True
2026-06-16,603501.SH,97.59,79.85,0.09997745716862043,True
2026-06-16,002484.SZ,95.4,78.06,0.09996540989277068,True
2026-06-16,002708.SZ,14.75,12.07,0.09992542878448918,True
2026-06-16,600120.SH,5.01,4.1,0.0998902305159166,True
2026-06-16,002199.SZ,13.99,12.65,0.05030030030030029,False
2026-06-17,000636.SZ,77.67,63.55,0.09998583770004252,True
2026-06-17,002848.SZ,15.13,12.38,0.09996364958197018,True
2026-06-17,002636.SZ,111.64,91.34,0.10000985318750613,True
2026-06-17,600367.SH,62.18,50.88,0.0999469308331859,True
2026-06-17,603773.SH,166.13,135.93,0.09998013639674233,True
2026-06-17,603186.SH,226.67,185.45,0.10001941182179948,True
2026-06-17,603678.SH,74.47,60.93,0.09999999999999999,True
2026-06-17,002922.SZ,41.32,33.8,0.10010649627263049,True
2026-06-17,000016.SZ,3.05,2.76,0.04991394148020655,False
2026-06-17,002389.SZ,21.08,17.24,0.1002087682672234,True
2026-06-17,002975.SZ,150.56,123.18,0.10002191860889893,True
2026-06-17,003036.SZ,108.03,88.39,0.09998981773750126,True
2026-06-17,000532.SZ,13.22,10.82,0.09983361064891849,True
2026-06-17,603659.SH,32.65,26.71,0.1000673854447439,True
2026-06-17,603267.SH,79.45,65.01,0.09995846601135261,True
2026-06-17,002866.SZ,20.25,16.57,0.09994568169473111,True
2026-06-17,601515.SH,4.3,3.52,0.09974424552429664,True
2026-06-17,002669.SZ,18.82,15.4,0.09994155464640561,True
2026-06-17,002859.SZ,97.9,80.1,0.10000000000000006,True
2026-06-17,000733.SZ,61.97,50.71,0.099929002484913,True
2026-06-17,002741.SZ,39.44,32.27,0.09998605494352243,True
2026-06-17,603052.SH,100.68,82.38,0.09996722386102923,True
2026-06-17,603219.SH,17.13,14.01,0.10019267822736028,True
2026-06-17,002846.SZ,14.04,11.48,0.1003134796238244,True
2026-06-17,002818.SZ,12.4,10.14,0.1002661934338953,True
2026-06-17,002222.SZ,110.11,90.09,0.09999999999999999,True
2026-06-17,601212.SH,6.66,5.45,0.09991742361684558,True
2026-06-17,002544.SZ,22.17,18.14,0.09997519225998514,True
2026-06-17,002552.SZ,78.02,63.84,0.09995770477935988,True
2026-06-17,002138.SZ,67.42,55.16,0.10001631587534676,True
2026-06-17,002199.SZ,13.95,12.63,0.04966139954853268,False
2026-06-17,600525.SH,5.39,4.87,0.05068226120857696,False
2026-06-17,002055.SZ,6.7,6.06,0.05015673981191227,False
2026-06-17,605376.SH,234.3,191.7,0.10000000000000005,True
2026-06-17,002992.SZ,53.57,43.83,0.10000000000000002,True
2026-06-17,002429.SZ,13.0,10.64,0.09983079526226732,True
2026-06-17,000657.SZ,101.75,83.25,0.1,True
2026-06-17,002559.SZ,11.34,9.28,0.09990300678952477,True
2026-06-17,603690.SH,31.57,25.83,0.10000000000000003,True
2026-06-17,002049.SZ,84.38,69.04,0.09998696388997515,True
2026-06-18,002636.SZ,105.28,86.14,0.09998955177097481,True
2026-06-18,000636.SZ,81.47,66.65,0.10005401026194972,True
2026-06-18,002848.SZ,15.33,12.55,0.09971305595408891,True
2026-06-18,603186.SH,249.34,204.0,0.10001323509948383,True
2026-06-18,603773.SH,182.74,149.52,0.0999819418527659,True
2026-06-18,603678.SH,76.68,62.74,0.09998565485583133,True
2026-06-18,002922.SZ,40.59,33.21,0.10000000000000002,True
2026-06-18,600367.SH,62.81,51.39,0.1,True
2026-06-18,002389.SZ,20.93,17.13,0.0998423541776143,True
2026-06-18,605376.SH,231.31,189.25,0.10000951112801978,True
2026-06-18,000608.SZ,7.59,6.21,0.09999999999999999,True
2026-06-18,000016.SZ,2.96,2.68,0.049645390070921946,False
2026-06-18,601515.SH,4.35,3.56,0.09987357774968389,True
2026-06-18,000532.SZ,12.93,10.58,0.09995746490854955,True
2026-06-18,002975.SZ,156.83,128.31,0.10002104229501302,True
2026-06-18,002552.SZ,79.38,64.94,0.10005543237250553,True
2026-06-18,600226.SH,9.76,7.98,0.10033821871476883,True
2026-06-18,002544.SZ,21.92,17.94,0.09984947315604617,True
2026-06-18,002866.SZ,20.0,16.36,0.10011001100110013,True
2026-06-18,002818.SZ,12.27,10.04,0.09995517705064996,True
2026-06-18,603267.SH,82.5,67.5,0.1,True
2026-06-18,603219.SH,16.8,13.74,0.100196463654224,True
2026-06-18,603659.SH,32.46,26.56,0.09996611318197225,True
2026-06-18,002846.SZ,13.84,11.32,0.10015898251192368,True
2026-06-18,603011.SH,39.55,32.36,0.09998609372827143,True
2026-06-18,600525.SH,5.34,4.84,0.049115913555992145,False
2026-06-18,002199.SZ,14.04,12.7,0.05011219147344802,False
2026-06-18,002669.SZ,19.12,15.64,0.1001150747986191,True
2026-06-18,002992.SZ,51.43,42.08,0.0999893059565822,True
2026-06-18,000733.SZ,63.94,52.32,0.09994839153621192,True
2026-06-18,605589.SH,73.04,59.76,0.10000000000000005,True
2026-06-18,600183.SH,198.17,162.14,0.09999722461213957,True
2026-06-18,601212.SH,6.5,5.32,0.09983079526226732,True
2026-06-18,600110.SH,18.94,15.5,0.099883855981417,True
2026-06-18,002585.SZ,16.35,13.37,0.10026917900403776,True
2026-06-18,603685.SH,34.98,28.62,0.09999999999999995,True
2026-06-18,002055.SZ,6.83,6.18,0.04996156802459649,False
2026-06-18,603920.SH,65.9,53.92,0.09998330829577702,True
2026-06-18,002859.SZ,99.73,81.59,0.10004412089124201,True
2026-06-18,002484.SZ,115.42,94.44,0.09997140951110266,True
2026-06-22,002636.SZ,114.85,93.97,0.09999042237333587,True
2026-06-22,002848.SZ,15.39,12.59,0.10007147962830595,True
2026-06-22,603186.SH,261.92,214.3,0.09999580026038386,True
2026-06-22,000608.SZ,8.35,6.83,0.10013175230566532,True
2026-06-22,600367.SH,62.22,50.9,0.10007072135785007,True
2026-06-22,002971.SZ,74.12,60.64,0.10002968239833782,True
2026-06-22,000636.SZ,82.06,67.14,0.10000000000000002,True
2026-06-22,603773.SH,181.17,148.23,0.1,True
2026-06-22,601515.SH,4.16,3.4,0.10052910052910055,True
2026-06-22,603065.SH,17.18,14.06,0.09987195902688857,True
2026-06-22,605589.SH,76.8,62.84,0.09997135491263245,True
2026-06-22,002199.SZ,13.68,12.38,0.04988488104374516,False
2026-06-22,000016.SZ,2.81,2.55,0.048507462686567214,False
2026-06-22,000532.SZ,12.88,10.54,0.09991460290350135,True
2026-06-22,002389.SZ,20.47,16.75,0.09994626544868347,True
2026-06-22,603823.SH,51.38,42.04,0.09997859130807112,True
2026-06-22,002922.SZ,40.05,32.77,0.09997253501785217,True
2026-06-22,002559.SZ,11.94,9.77,0.09995393827729156,True
2026-06-22,002585.SZ,16.34,13.37,0.09996634129922587,True
2026-06-22,002544.SZ,21.48,17.58,0.09984639016897086,True
2026-06-22,603219.SH,16.92,13.84,0.10013003901170357,True
2026-06-22,603920.SH,64.35,52.65,0.09999999999999996,True
2026-06-22,002866.SZ,19.77,16.17,0.10016694490818025,True
2026-06-22,605376.SH,254.44,208.18,0.09999567679737147,True
2026-06-22,002846.SZ,13.53,11.07,0.09999999999999995,True
2026-06-22,603659.SH,32.45,26.55,0.10000000000000003,True
2026-06-22,002055.SZ,6.99,6.33,0.04954954954954956,False
2026-06-22,002552.SZ,79.63,65.15,0.10001381406271577,True
2026-06-22,002818.SZ,12.36,10.12,0.09964412811387903,True
2026-06-22,002049.SZ,88.43,72.35,0.1000124393581292,True
2026-06-22,600353.SH,46.21,37.81,0.09997619614377526,True
2026-06-22,002436.SZ,57.27,46.85,0.10007683442182098,True
2026-06-22,600525.SH,5.23,4.73,0.0502008032128514,False
2026-06-22,002222.SZ,113.3,92.7,0.09999999999999998,True
2026-06-22,002792.SZ,40.82,33.4,0.09997305308542175,True
2026-06-22,603256.SH,283.58,232.02,0.09999999999999995,True
2026-06-22,600969.SH,9.42,7.7,0.10046728971962615,True
2026-06-22,603685.SH,34.18,27.96,0.10009655616350176,True
2026-06-22,002975.SZ,150.48,123.12,0.09999999999999994,True
2026-06-22,603267.SH,84.01,68.73,0.10003928244074899,True
2026-06-23,000608.SZ,8.4,6.88,0.09947643979057594,True
2026-06-23,002636.SZ,125.64,102.8,0.09998248993171074,True
2026-06-23,002971.SZ,80.06,65.5,0.10002748007694423,True
2026-06-23,600353.SH,50.83,41.59,0.09997835966241067,True
2026-06-23,603065.SH,18.9,15.46,0.10011641443538992,True
2026-06-23,600759.SH,2.33,2.11,0.0495495495495496,False
2026-06-23,002848.SZ,15.73,12.87,0.10000000000000003,True
2026-06-23,603773.SH,189.22,154.82,0.09998837344494829,True
2026-06-23,002639.SZ,15.62,12.78,0.1,True
2026-06-23,601515.SH,4.06,3.32,0.10027100271002708,True
2026-06-23,600982.SH,5.74,4.7,0.09961685823754789,True
2026-06-23,600969.SH,9.3,7.61,0.09994086339444118,True
2026-06-23,002389.SZ,20.54,16.8,0.10016068559185855,True
2026-06-23,002199.SZ,13.0,11.76,0.05008077544426496,False
2026-06-23,002049.SZ,90.16,73.76,0.10004880429477787,True
2026-06-23,002922.SZ,40.72,33.32,0.09994597514856833,True
2026-06-23,605090.SH,40.9,33.46,0.10005379236148464,True
2026-06-23,000016.SZ,2.69,2.43,0.05078124999999996,False
2026-06-23,601908.SH,3.49,2.85,0.10094637223974766,True
2026-06-23,002559.SZ,11.64,9.52,0.10018903591682424,True
2026-06-23,002846.SZ,13.51,11.05,0.10016286644951135,True
2026-06-23,000532.SZ,13.28,10.86,0.10024855012427505,True
2026-06-23,002544.SZ,21.2,17.34,0.1001556824078879,True
2026-06-23,603920.SH,61.52,50.34,0.09994636152333272,True
2026-06-23,002273.SZ,39.08,31.98,0.09991556431184911,True
2026-06-23,002866.SZ,19.58,16.02,0.09999999999999998,True
2026-06-23,603219.SH,16.39,13.41,0.1,True
2026-06-23,601212.SH,6.72,5.5,0.09983633387888706,True
2026-06-23,002222.SZ,111.67,91.37,0.09998029944838453,True
2026-06-23,603052.SH,100.21,81.99,0.1,True
2026-06-23,002792.SZ,40.02,32.74,0.1000549752611325,True
2026-06-23,605589.SH,80.87,66.17,0.09997279651795431,True
2026-06-23,000990.SZ,9.68,7.92,0.09999999999999998,True
2026-06-23,600691.SH,2.74,2.24,0.1004016064257028,True
2026-06-23,002889.SZ,11.76,9.62,0.10009354536950424,True
2026-06-23,002975.SZ,165.53,135.43,0.10001329080276446,True
2026-06-23,603659.SH,33.99,27.81,0.10000000000000006,True
2026-06-23,603501.SH,99.62,81.5,0.10004416961130744,True
2026-06-23,000636.SZ,80.28,65.68,0.10002740476842967,True
2026-06-23,601231.SH,41.24,33.74,0.10002667377967457,True
2026-06-24,600353.SH,53.68,43.92,0.09999999999999999,True
2026-06-24,002636.SZ,119.5,97.78,0.09996318114874815,True
2026-06-24,603065.SH,19.69,16.11,0.10000000000000006,True
2026-06-24,000608.SZ,8.6,7.04,0.09974424552429664,True
2026-06-24,002971.SZ,80.3,65.7,0.09999999999999996,True
2026-06-24,002848.SZ,14.94,12.22,0.10014727540500733,True
2026-06-24,600759.SH,2.32,2.1,0.04977375565610854,False
2026-06-24,603678.SH,68.3,55.88,0.10001610565308418,True
2026-06-24,002639.SZ,15.87,12.99,0.09979209979209976,True
2026-06-24,002199.SZ,12.79,11.57,0.05008210180623969,False
2026-06-24,002922.SZ,37.46,30.65,0.0999853178681545,True
2026-06-24,600982.SH,5.72,4.68,0.10000000000000002,True
2026-06-24,002049.SZ,90.1,73.72,0.09998779147845194,True
2026-06-24,601515.SH,4.0,3.28,0.09890109890109894,True
2026-06-24,603501.SH,96.47,78.93,0.09999999999999995,True
2026-06-24,601908.SH,3.43,2.81,0.09935897435897437,True
2026-06-24,600103.SH,3.72,3.04,0.10059171597633139,True
2026-06-24,002183.SZ,6.0,4.91,0.09990834097158569,True
2026-06-24,000532.SZ,13.0,10.64,0.09983079526226732,True
2026-06-24,002389.SZ,19.99,16.35,0.10016510731975775,True
2026-06-24,002967.SZ,20.54,16.8,0.10016068559185855,True
2026-06-24,002889.SZ,12.02,9.84,0.09972552607502286,True
2026-06-24,603633.SH,8.58,7.02,0.10000000000000003,True
2026-06-24,002559.SZ,11.59,9.49,0.09962049335863377,True
2026-06-24,603920.SH,57.78,47.28,0.09994288977727013,True
2026-06-24,002792.SZ,38.49,31.49,0.1000285795941698,True
2026-06-24,600120.SH,5.15,4.21,0.10042735042735047,True
2026-06-24,600850.SH,21.19,17.33,0.10020768431983394,True
2026-06-24,600691.SH,2.77,2.27,0.0992063492063492,True
2026-06-24,002846.SZ,13.16,10.76,0.10033444816053512,True
2026-06-24,002453.SZ,5.95,4.87,0.09981515711645102,True
2026-06-24,002544.SZ,20.58,16.84,0.09994655264564399,True
2026-06-24,000670.SZ,8.81,7.21,0.09987515605493137,True
2026-06-24,002866.SZ,19.44,15.9,0.10016977928692701,True
2026-06-24,002217.SZ,2.52,2.28,0.050000000000000044,False
2026-06-24,600969.SH,9.36,7.66,0.09988249118683898,True
2026-06-24,605589.SH,72.79,59.55,0.10004533776635945,True
2026-06-24,000990.SZ,9.71,7.95,0.09966024915062291,True
2026-06-24,603283.SH,71.82,58.76,0.1000153162812069,True
2026-06-24,605090.SH,42.08,34.43,0.09998692981309631,True
2026-06-25,603065.SH,20.13,16.47,0.10000000000000002,True
2026-06-25,002636.SZ,127.39,104.23,0.099991365167084,True
2026-06-25,002848.SZ,15.52,12.7,0.09992912827781716,True
2026-06-25,605589.SH,72.96,59.7,0.09995477159656257,True
2026-06-25,600206.SH,56.94,46.58,0.10007727975270479,True
2026-06-25,002199.SZ,12.83,11.61,0.049918166939443565,False
2026-06-25,002669.SZ,19.36,15.84,0.09999999999999998,True
2026-06-25,603186.SH,275.48,225.4,0.0999840281105255,True
2026-06-25,002049.SZ,92.0,75.28,0.09995217599234815,True
2026-06-25,603633.SH,8.43,6.89,0.10052219321148825,True
2026-06-25,000532.SZ,12.49,10.22,0.09995596653456625,True
2026-06-25,601515.SH,4.02,3.29,0.09986320109439119,True
2026-06-25,600353.SH,58.19,47.61,0.09999999999999999,True
2026-06-25,002389.SZ,20.0,16.36,0.10011001100110013,True
2026-06-25,002559.SZ,11.97,9.79,0.10018382352941184,True
2026-06-25,002922.SZ,37.37,30.57,0.10008831321754486,True
2026-06-25,002967.SZ,20.6,16.86,0.09983982915109456,True
2026-06-25,600759.SH,2.21,2.0,0.04988123515439429,False
2026-06-25,603324.SH,49.83,40.77,0.09999999999999995,True
2026-06-25,000670.SZ,8.55,6.99,0.10038610038610041,True
2026-06-25,603501.SH,99.33,81.27,0.10000000000000002,True
2026-06-25,002217.SZ,2.39,2.17,0.04824561403508776,False
2026-06-25,600226.SH,12.55,10.27,0.09991235758106928,True
2026-06-25,002183.SZ,5.89,4.82,0.09990662931839396,True
2026-06-25,002436.SZ,55.25,45.21,0.0999402747362134,True
2026-06-25,002808.SZ,0.2,0.16,0.11111111111111113,True
2026-06-25,600120.SH,5.03,4.11,0.10065645514223194,True
2026-06-25,002846.SZ,12.95,10.59,0.10025488530161425,True
2026-06-25,002413.SZ,10.85,8.87,0.10040567951318462,True
2026-06-25,002639.SZ,14.93,12.21,0.10022107590272655,True
2026-06-25,600103.SH,3.63,2.97,0.09999999999999996,True
2026-06-25,002484.SZ,111.02,90.84,0.09997027642920832,True
2026-06-25,603160.SH,65.89,53.91,0.10000000000000003,True
2026-06-25,000733.SZ,62.59,51.21,0.1,True
2026-06-25,603685.SH,33.2,27.16,0.1000662690523526,True
2026-06-25,002725.SZ,14.89,12.19,0.09970457902511083,True
2026-06-25,002371.SZ,847.08,693.06,0.1000038957497371,True
2026-06-25,002818.SZ,12.23,10.01,0.0998201438848921,True
2026-06-25,002544.SZ,20.44,16.72,0.10010764262648016,True
2026-06-25,603005.SH,54.59,44.67,0.09993955268990531,True
2026-06-26,603065.SH,22.14,18.12,0.0998509687034277,True
2026-06-26,600206.SH,61.78,50.54,0.1000712250712251,True
2026-06-26,002049.SZ,96.25,78.75,0.1,True
2026-06-26,603633.SH,8.2,6.71,0.09993293091884636,True
2026-06-26,002409.SZ,199.13,162.93,0.09998342816107825,True
2026-06-26,601515.SH,3.82,3.12,0.100864553314121,True
2026-06-26,002848.SZ,15.69,12.83,0.10028050490883589,True
2026-06-26,002639.SZ,14.53,11.89,0.09992429977289927,True
2026-06-26,002199.SZ,12.64,11.44,0.04983388704318942,False
2026-06-26,002967.SZ,20.26,16.58,0.09989142236699249,True
2026-06-26,600759.SH,2.1,1.9,0.050000000000000044,False
2026-06-26,002669.SZ,18.88,15.44,0.10023310023310021,True
2026-06-26,603678.SH,82.64,67.62,0.09996006921336348,True
2026-06-26,000670.SZ,8.95,7.33,0.09950859950859946,True
2026-06-26,002636.SZ,124.29,101.69,0.10000885034073814,True
2026-06-26,600120.SH,5.01,4.1,0.0998902305159166,True
2026-06-26,603501.SH,98.68,80.74,0.09998885297068337,True
2026-06-26,600691.SH,2.59,2.12,0.09978768577494687,True
2026-06-26,002413.SZ,10.56,8.64,0.09999999999999998,True
2026-06-26,000532.SZ,12.25,10.03,0.09964093357271098,True
2026-06-26,600982.SH,5.48,4.48,0.1004016064257028,True
2026-06-26,002846.SZ,12.55,10.27,0.09991235758106928,True
2026-06-26,002453.SZ,5.15,4.21,0.10042735042735047,True
2026-06-26,002389.SZ,19.56,16.0,0.10011248593925755,True
2026-06-26,603160.SH,65.79,53.83,0.09998328038789506,True
2026-06-26,000016.SZ,2.49,2.25,0.050632911392405104,False
2026-06-26,002889.SZ,11.45,9.37,0.09990393852065323,True
2026-06-26,000636.SZ,87.58,71.66,0.09997488068324542,True
2026-06-26,000990.SZ,9.36,7.66,0.09988249118683898,True
2026-06-26,603659.SH,31.41,25.7,0.09998248993171074,True
2026-06-26,603929.SH,280.58,229.56,0.10001176147724151,True
2026-06-26,600850.SH,16.85,13.79,0.099869451697128,True
2026-06-26,002818.SZ,12.32,10.08,0.10000000000000002,True
2026-06-26,002183.SZ,6.07,4.97,0.09963768115942034,True
2026-06-26,601212.SH,5.86,4.8,0.09943714821763606,True
2026-06-26,002222.SZ,108.14,88.48,0.09998982809480214,True
2026-06-26,002922.SZ,36.52,29.88,0.10000000000000005,True
2026-06-26,002866.SZ,19.42,15.89,0.09997167941093177,True
2026-06-26,600353.SH,53.63,43.88,0.09998974464157522,True
2026-06-26,600667.SH,27.84,22.78,0.09996048992493083,True
2026-06-29,600206.SH,66.84,54.68,0.10006583278472682,True
2026-06-29,603065.SH,24.04,19.67,0.09997712194005942,True
2026-06-29,600667.SH,29.57,24.19,0.10007440476190474,True
2026-06-29,002409.SZ,207.46,169.74,0.09999999999999999,True
2026-06-29,603633.SH,7.66,6.26,0.10057471264367819,True
2026-06-29,600120.SH,4.81,3.93,0.10068649885583518,True
2026-06-29,002967.SZ,19.86,16.25,0.09997230684021045,True
2026-06-29,603501.SH,95.39,78.05,0.09997693726937272,True
2026-06-29,603160.SH,63.58,52.02,0.09999999999999996,True
2026-06-29,002049.SZ,92.38,75.58,0.10002381519409383,True
2026-06-29,603283.SH,78.74,64.42,0.10002794076557693,True
2026-06-29,600691.SH,2.52,2.06,0.10043668122270741,True
2026-06-29,000670.SZ,8.36,6.84,0.09999999999999998,True
2026-06-29,600759.SH,2.12,1.92,0.04950495049504955,False
2026-06-29,002183.SZ,6.22,5.09,0.09991158267020336,True
2026-06-29,002413.SZ,10.43,8.53,0.10021097046413503,True
2026-06-29,002848.SZ,14.85,12.15,0.09999999999999998,True
2026-06-29,600160.SH,56.05,45.86,0.09999018742027277,True
2026-06-29,600982.SH,5.31,4.35,0.09937888198757763,True
2026-06-29,002639.SZ,14.06,11.5,0.10015649452269172,True
2026-06-29,002217.SZ,2.16,1.96,0.04854368932038839,False
2026-06-29,000990.SZ,9.11,7.45,0.10024154589371977,True
2026-06-29,002975.SZ,158.87,129.99,0.09997922869209996,True
2026-06-29,603005.SH,57.54,47.08,0.09998088319632958,True
2026-06-29,603678.SH,87.44,71.54,0.10001258019876708,True
2026-06-29,002436.SZ,56.99,46.63,0.09998069870681335,True
2026-06-29,600623.SH,8.45,6.91,0.10026041666666662,True
2026-06-29,000969.SZ,27.96,22.88,0.09992132179386314,True
2026-06-29,002971.SZ,72.71,59.49,0.09999999999999995,True
2026-06-29,002455.SZ,8.09,6.62,0.09993201903467026,True
2026-06-29,002453.SZ,4.95,4.05,0.10000000000000003,True
2026-06-29,002389.SZ,18.96,15.52,0.0997679814385151,True
2026-06-29,603929.SH,286.94,234.77,0.09999808322631344,True
2026-06-29,600969.SH,8.39,6.87,0.0996068152031455,True
2026-06-29,002222.SZ,99.2,81.16,0.10002217786648927,True
2026-06-29,000532.SZ,11.76,9.62,0.10009354536950424,True
2026-06-29,002636.SZ,123.34,100.92,0.0999732453402301,True
2026-06-29,000859.SZ,11.14,9.12,0.09970384995064173,True
2026-06-29,002808.SZ,0.19,0.15,0.11764705882352945,True
2026-06-29,002199.SZ,12.81,11.59,0.05000000000000003,False
2026-06-30,001331.SZ,56.38,46.13,0.09999024485416057,True
2026-06-30,600206.SH,72.9,59.64,0.10004526935264828,True
2026-06-30,603065.SH,21.64,17.7,0.1001525165226233,True
2026-06-30,600228.SH,11.21,9.17,0.10009813542688914,True
2026-06-30,002636.SZ,126.45,103.46,0.09999565047192384,True
2026-06-30,600667.SH,31.83,26.05,0.09986178299930888,True
2026-06-30,002409.SZ,228.21,186.71,0.10001928082521931,True
2026-06-30,000668.SZ,25.08,20.52,0.09999999999999998,True
2026-06-30,002674.SZ,34.87,28.53,0.09999999999999995,True
2026-06-30,600397.SH,30.25,24.75,0.1,True
2026-06-30,603650.SH,103.85,84.97,0.09998940790170531,True
2026-06-30,600120.SH,4.73,3.87,0.10000000000000002,True
2026-06-30,603633.SH,7.33,5.99,0.10060060060060058,True
2026-06-30,002967.SZ,19.71,16.13,0.0998883928571429,True
2026-06-30,600176.SH,78.08,63.88,0.10002817695125384,True
2026-06-30,600519.SH,1314.46,1075.46,0.10000334739238133,True
2026-06-30,600428.SH,9.08,7.43,0.0999394306480921,True
2026-06-30,601133.SH,46.32,37.9,0.09997625267157446,True
2026-06-30,002639.SZ,15.47,12.65,0.10028449502133713,True
2026-06-30,600707.SH,16.89,13.82,0.09996743731683491,True
2026-06-30,603956.SH,7.05,5.77,0.09984399375975041,True
2026-06-30,601636.SH,10.8,8.84,0.09979633401222,True
2026-06-30,002253.SZ,11.01,9.01,0.0999000999000999,True
2026-06-30,002821.SZ,184.53,150.98,0.09999701946290725,True
2026-06-30,600129.SH,14.36,11.75,0.0999617004978935,True
2026-06-30,603259.SH,138.79,113.55,0.10002377744313228,True
2026-06-30,600378.SH,75.38,61.68,0.09995622355172913,True
2026-06-30,002119.SZ,39.92,32.66,0.10002755580049608,True
2026-06-30,000333.SZ,85.0,69.54,0.10003882489970228,True
2026-06-30,600177.SH,8.36,6.84,0.09999999999999998,True
2026-06-30,000021.SZ,64.75,52.97,0.10006795786612302,True
2026-06-30,002217.SZ,2.06,1.86,0.05102040816326529,False
2026-06-30,600468.SH,6.42,5.26,0.0993150684931507,True
2026-06-30,603283.SH,86.61,70.87,0.09994919989839975,True
2026-06-30,000551.SZ,22.09,18.07,0.10009960159362549,True
2026-06-30,000603.SZ,23.1,18.9,0.10000000000000006,True
2026-06-30,600522.SH,64.72,52.96,0.09993201903467026,True
2026-06-30,601611.SH,12.21,9.99,0.10000000000000002,True
2026-06-30,000751.SZ,6.84,5.6,0.09967845659163989,True
2026-06-30,002342.SZ,11.68,9.56,0.09981167608286248,True
2026-07-01,001331.SZ,62.02,50.74,0.10003547357218873,True
2026-07-01,603065.SH,22.29,18.23,0.10019743336623887,True
2026-07-01,600397.SH,29.95,24.51,0.09988982739625409,True
2026-07-01,600228.SH,10.23,8.37,0.10000000000000006,True
2026-07-01,600667.SH,32.1,26.26,0.10006854009595613,True
2026-07-01,002409.SZ,246.95,202.05,0.09999999999999995,True
2026-07-01,000668.SZ,24.18,19.78,0.100090991810737,True
2026-07-01,600206.SH,73.26,59.94,0.10000000000000006,True
2026-07-01,002636.SZ,131.97,107.97,0.1000250062515629,True
2026-07-01,002253.SZ,10.89,8.91,0.10000000000000002,True
2026-07-01,002639.SZ,15.3,12.52,0.0999281092739037,True
2026-07-01,603389.SH,66.08,54.06,0.10004994173464288,True
2026-07-01,600120.SH,4.73,3.87,0.10000000000000002,True
2026-07-01,002971.SZ,68.2,55.8,0.10000000000000005,True
2026-07-01,605178.SH,104.3,85.34,0.09997890740350135,True
2026-07-01,603580.SH,26.82,21.94,0.10008203445447085,True
2026-07-01,002967.SZ,19.86,16.25,0.09997230684021045,True
2026-07-01,603633.SH,7.49,6.13,0.0998531571218796,True
2026-07-01,603898.SH,17.55,14.36,0.09996866186148547,True
2026-07-01,000551.SZ,22.69,18.57,0.09985458070770724,True
2026-07-01,600378.SH,82.92,67.84,0.10002653223666755,True
2026-07-01,002485.SZ,6.0,5.42,0.05078809106830123,False
2026-07-01,603259.SH,136.96,112.06,0.09999196851658503,True
2026-07-01,002522.SZ,8.77,7.17,0.1003764115432873,True
2026-07-01,600519.SH,1304.04,1066.94,0.1000008435330538,True
2026-07-01,600579.SH,9.09,7.43,0.10048426150121066,True
2026-07-01,603257.SH,85.79,70.19,0.1000128221566868,True
2026-07-01,000056.SZ,2.39,2.17,0.04824561403508776,False
2026-07-01,605090.SH,40.89,33.45,0.10008071025020174,True
2026-07-01,603010.SH,19.93,16.31,0.09988962472406185,True
2026-07-01,001229.SZ,39.95,32.69,0.09994493392070491,True
2026-07-01,002407.SZ,55.25,45.21,0.0999402747362134,True
2026-07-01,002217.SZ,1.95,1.77,0.04838709677419353,False
2026-07-01,601636.SH,11.25,9.21,0.09970674486803514,True
2026-07-01,002179.SZ,50.82,41.58,0.10000000000000002,True
2026-07-01,600691.SH,2.43,1.99,0.09954751131221723,True
2026-07-01,600909.SH,12.22,10.0,0.09990999099909995,True
2026-07-01,002674.SZ,31.38,25.68,0.09989484752891692,True
2026-07-01,002354.SZ,10.23,8.37,0.10000000000000006,True
2026-07-01,000962.SZ,99.66,81.54,0.09999999999999995,True
2026-07-02,001331.SZ,68.22,55.82,0.09996775233795549,True
2026-07-02,603065.SH,21.11,17.27,0.10005211047420533,True
2026-07-02,002971.SZ,75.02,61.38,0.09999999999999995,True
2026-07-02,600228.SH,9.21,7.53,0.10035842293906812,True
2026-07-02,002636.SZ,122.5,100.22,0.10003591954022989,True
2026-07-02,002674.SZ,28.25,23.11,0.1000778816199377,True
2026-07-02,002253.SZ,11.17,9.14,0.09995076317085176,True
2026-07-02,600206.SH,65.93,53.95,0.09993326659993329,True
2026-07-02,600397.SH,32.95,26.96,0.09998330829577702,True
2026-07-02,603389.SH,64.58,52.84,0.0999829671265542,True
2026-07-02,605178.SH,114.73,93.87,0.09999999999999999,True
2026-07-02,603823.SH,62.46,51.1,0.10003522367030644,True
2026-07-02,002354.SZ,10.34,8.46,0.09999999999999995,True
2026-07-02,002639.SZ,15.53,12.71,0.09985835694050986,True
2026-07-02,600378.SH,89.1,72.9,0.09999999999999994,True
2026-07-02,001223.SZ,52.62,43.06,0.09991638795986617,True
2026-07-02,603580.SH,27.39,22.41,0.10000000000000002,True
2026-07-02,002409.SZ,259.7,212.48,0.10000423567283664,True
2026-07-02,002522.SZ,7.89,6.45,0.10041841004184097,True
2026-07-02,603650.SH,101.74,83.24,0.10001081197967349,True
2026-07-02,605090.SH,41.36,33.84,0.09999999999999995,True
2026-07-02,600667.SH,35.31,28.89,0.10000000000000002,True
2026-07-02,002568.SZ,19.13,15.65,0.10005750431282343,True
2026-07-02,002289.SZ,49.81,40.75,0.10004416961130744,True
2026-07-02,600691.SH,2.55,2.09,0.09913793103448276,True
2026-07-02,000990.SZ,9.72,7.96,0.09954751131221723,True
2026-07-02,600759.SH,2.02,1.82,0.05208333333333332,False
2026-07-02,600120.SH,4.88,4.0,0.0990990990990991,True
2026-07-02,002967.SZ,20.91,17.11,0.09994739610731197,True
2026-07-02,000004.SZ,0.41,0.33,0.10810810810810806,True
2026-07-02,600568.SH,2.53,2.29,0.0497925311203319,False
2026-07-02,002972.SZ,20.9,17.1,0.09999999999999992,True
2026-07-02,002167.SZ,26.71,21.85,0.10008237232289949,True
2026-07-02,601611.SH,12.35,10.11,0.09973285841495994,True
2026-07-02,600468.SH,6.6,5.4,0.09999999999999994,True
2026-07-02,600688.SH,3.28,2.68,0.10067114093959725,True
2026-07-02,600519.SH,1312.31,1073.71,0.09999916178405877,True
2026-07-02,002407.SZ,60.78,49.73,0.09999095104515433,True
2026-07-02,600180.SH,1.38,1.24,0.05343511450381675,False
2026-07-02,600745.SH,18.04,16.32,0.05005820721769496,False
2026-07-03,001331.SZ,67.76,55.44,0.10000000000000006,True
2026-07-03,603065.SH,21.14,17.3,0.09989594172736732,True
2026-07-03,603389.SH,67.76,55.44,0.10000000000000006,True
2026-07-03,002253.SZ,11.2,9.16,0.10019646365422392,True
2026-07-03,603823.SH,67.34,55.1,0.09996733093760211,True
2026-07-03,605178.SH,123.51,101.05,0.10001781261132886,True
2026-07-03,600228.SH,8.28,6.78,0.09960159362549796,True
2026-07-03,002674.SZ,31.08,25.43,0.09998230401698813,True
2026-07-03,002409.SZ,233.73,191.23,0.10000941265060241,True
2026-07-03,603580.SH,30.13,24.65,0.1000365096750639,True
2026-07-03,002639.SZ,15.11,12.37,0.09970887918486174,True
2026-07-03,000566.SZ,6.64,5.44,0.0993377483443708,True
2026-07-03,001223.SZ,47.37,38.75,0.10009289363678585,True
2026-07-03,000004.SZ,0.45,0.37,0.09756097560975611,True
2026-07-03,600568.SH,2.57,2.33,0.04897959183673464,False
2026-07-03,002522.SZ,7.1,5.81,0.09992254066615028,True
2026-07-03,600519.SH,1323.3,1082.7,0.09999999999999996,True
2026-07-03,002568.SZ,18.85,15.43,0.09976662777129526,True
2026-07-03,002289.SZ,49.2,40.26,0.09993293091884646,True
2026-07-03,603650.SH,107.48,87.94,0.09998976563299562,True
2026-07-03,600468.SH,6.36,5.2,0.10034602076124569,True
2026-07-03,600120.SH,4.83,3.95,0.10022779043280179,True
2026-07-03,600180.SH,1.45,1.31,0.05072463768115939,False
2026-07-03,605090.SH,39.77,32.54,0.09998617065412811,True
2026-07-03,002636.SZ,122.74,100.42,0.10001792435920413,True
2026-07-03,600745.SH,18.36,16.62,0.04974271012006856,False
2026-07-03,600759.SH,2.12,1.92,0.04950495049504955,False
2026-07-03,600691.SH,2.56,2.1,0.09871244635193133,True
2026-07-03,000333.SZ,84.71,69.31,0.09998701467341899,True
2026-07-03,002967.SZ,20.7,16.94,0.0998937300743889,True
2026-07-03,600688.SH,3.26,2.66,0.10135135135135129,True
2026-07-03,601611.SH,11.77,9.63,0.09999999999999995,True
2026-07-03,600397.SH,31.35,25.65,0.10000000000000005,True
2026-07-03,000990.SZ,9.67,7.91,0.10011376564277588,True
2026-07-03,000908.SZ,6.88,5.63,0.09992006394884093,True
2026-07-03,603633.SH,7.66,6.26,0.10057471264367819,True
2026-07-03,000603.SZ,27.19,22.25,0.09991909385113272,True
2026-07-03,600487.SH,103.22,84.46,0.09995737425404946,True
2026-07-03,600206.SH,63.59,52.03,0.09998270195467913,True
2026-07-03,002971.SZ,82.47,67.47,0.10004001600640257,True
2026-07-06,001331.SZ,69.84,57.14,0.10001575051189165,True
2026-07-06,603823.SH,65.87,53.89,0.10003340013360057,True
2026-07-06,002253.SZ,11.28,9.23,0.09995124329595315,True
2026-07-06,605178.SH,132.07,108.05,0.10003331667499582,True
2026-07-06,002674.SZ,31.93,26.13,0.09989665862900449,True
2026-07-06,600228.SH,7.93,6.49,0.09986130374479886,True
2026-07-06,600397.SH,28.22,23.09,0.09998051062171115,True
2026-07-06,600667.SH,32.96,26.96,0.10013351134846461,True
2026-07-06,000566.SZ,6.75,5.53,0.09934853420195437,True
2026-07-06,603065.SH,20.68,16.92,0.09999999999999995,True
2026-07-06,002568.SZ,18.55,15.17,0.10023724792408069,True
2026-07-06,600353.SH,48.98,40.08,0.09993262968785087,True
2026-07-06,603722.SH,43.56,35.64,0.10000000000000002,True
2026-07-06,002639.SZ,15.0,12.28,0.09970674486803521,True
2026-07-06,600568.SH,2.6,2.12,0.10169491525423727,True
2026-07-06,000811.SZ,57.92,47.39,0.09999050422561961,True
2026-07-06,000609.SZ,14.21,11.63,0.09984520123839008,True
2026-07-06,001223.SZ,47.03,38.48,0.09998830546134961,True
2026-07-06,603389.SH,63.79,52.19,0.10001724435247458,True
2026-07-06,002971.SZ,78.69,64.39,0.09994408722393065,True
2026-07-06,600120.SH,4.85,3.97,0.09977324263038542,True
2026-07-06,605090.SH,39.71,32.49,0.09999999999999998,True
2026-07-06,605358.SH,71.14,58.2,0.10004638936137311,True
2026-07-06,603580.SH,33.14,27.12,0.09990043146365747,True
2026-07-06,600519.SH,1313.9,1075.01,0.09999958139904815,True
2026-07-06,001359.SZ,128.79,105.37,0.10001708233686363,True
2026-07-06,600468.SH,6.34,5.18,0.10069444444444446,True
2026-07-06,600691.SH,2.53,2.07,0.1,True
2026-07-06,600459.SH,27.5,22.5,0.1,True
2026-07-06,600745.SH,20.08,16.43,0.0999726102437688,True
2026-07-06,000908.SZ,7.57,6.19,0.10029069767441859,True
2026-07-06,002967.SZ,21.01,17.19,0.1,True
2026-07-06,002972.SZ,20.69,16.93,0.09994683678894208,True
2026-07-06,002289.SZ,51.45,42.09,0.10006414368184732,True
2026-07-06,601611.SH,11.91,9.75,0.0997229916897507,True
2026-07-06,000333.SZ,85.76,70.16,0.10005130836326326,True
2026-07-06,600180.SH,1.54,1.26,0.10000000000000002,True
2026-07-06,002636.SZ,117.65,96.26,0.09999532513673974,True
2026-07-06,002522.SZ,6.59,5.39,0.10016694490818032,True
2026-07-06,000004.SZ,0.5,0.41,0.09890109890109894,True
2026-07-07,001331.SZ,72.79,59.55,0.10004533776635945,True
2026-07-07,603065.SH,20.25,16.57,0.09994568169473111,True
2026-07-07,600206.SH,55.98,45.8,0.1000196502259776,True
2026-07-07,603823.SH,72.45,59.27,0.10006073489219557,True
2026-07-07,600228.SH,7.61,6.23,0.09971098265895953,True
2026-07-07,002253.SZ,11.13,9.11,0.09980237154150204,True
2026-07-07,002674.SZ,31.44,25.72,0.10006997900629816,True
2026-07-07,605178.SH,122.64,100.34,0.10000896941429722,True
2026-07-07,001223.SZ,44.28,36.23,0.09998757918271028,True
2026-07-07,002568.SZ,18.48,15.12,0.10000000000000003,True
2026-07-07,600568.SH,2.61,2.13,0.10126582278481013,True
2026-07-07,002967.SZ,20.63,16.88,0.09997334044254866,True
2026-07-07,605358.SH,65.44,53.54,0.10001680954782316,True
2026-07-07,600459.SH,25.7,21.02,0.10017123287671233,True
2026-07-07,600176.SH,70.19,57.43,0.09998432847516062,True
2026-07-07,603633.SH,7.44,6.08,0.10059171597633139,True
2026-07-07,603389.SH,63.8,52.2,0.09999999999999995,True
2026-07-07,002639.SZ,14.36,11.75,0.0999617004978935,True
2026-07-07,600519.SH,1327.6,1086.22,0.09999917143780394,True
2026-07-07,000609.SZ,14.08,11.52,0.10000000000000002,True
2026-07-07,600745.SH,19.31,15.8,0.09997151808601533,True
2026-07-07,600468.SH,6.03,4.93,0.10036496350364968,True
2026-07-07,603713.SH,86.19,70.52,0.09999361878629318,True
2026-07-07,002413.SZ,10.26,8.4,0.09967845659163985,True
2026-07-07,603650.SH,92.06,75.32,0.10001194885888404,True
2026-07-07,601611.SH,11.67,9.55,0.09990574929311967,True
2026-07-07,605090.SH,38.06,31.14,0.10000000000000002,True
2026-07-07,000333.SZ,88.0,72.0,0.1,True
2026-07-07,600120.SH,4.88,4.0,0.0990990990990991,True
2026-07-07,600198.SH,9.22,7.54,0.1002386634844869,True
2026-07-07,603722.SH,47.92,39.2,0.10009182736455462,True
2026-07-07,600667.SH,30.15,24.67,0.09996351696461139,True
2026-07-07,600180.SH,1.69,1.39,0.09740259740259742,True
2026-07-07,002106.SZ,14.49,11.85,0.10022779043280185,True
2026-07-07,603898.SH,15.37,12.57,0.1002147458840372,True
2026-07-07,002522.SZ,6.42,5.26,0.0993150684931507,True
2026-07-07,603259.SH,135.27,110.67,0.10002439619419375,True
2026-07-07,002816.SZ,30.81,25.21,0.09996429846483396,True
2026-07-07,002141.SZ,6.22,5.09,0.09991158267020336,True
2026-07-07,000056.SZ,2.56,2.1,0.09871244635193133,True
2026-07-08,001331.SZ,67.1,54.9,0.09999999999999996,True
2026-07-08,603065.SH,22.28,18.23,0.09997531473710196,True
2026-07-08,002568.SZ,18.17,14.87,0.09987893462469742,True
2026-07-08,002253.SZ,10.65,8.71,0.1002066115702479,True
2026-07-08,002409.SZ,204.4,167.24,0.09998923689592078,True
2026-07-08,600459.SH,24.95,20.41,0.10008818342151674,True
2026-07-08,600962.SH,27.27,22.31,0.10004033884630902,True
2026-07-08,000920.SZ,13.13,10.75,0.09966499162479064,True
2026-07-08,600568.SH,2.6,2.12,0.10169491525423727,True
2026-07-08,603633.SH,7.07,5.79,0.09953343701399692,True
2026-07-08,600198.SH,9.33,7.63,0.10023584905660378,True
2026-07-08,000609.SZ,13.34,10.92,0.09975267930750206,True
2026-07-08,002639.SZ,13.71,11.21,0.10032102728731941,True
2026-07-08,001223.SZ,43.01,35.19,0.10000000000000002,True
2026-07-08,605178.SH,116.05,94.95,0.09999999999999998,True
2026-07-08,600468.SH,5.79,4.73,0.10076045627376423,True
2026-07-08,605358.SH,66.58,54.48,0.09995043779943831,True
2026-07-08,603005.SH,47.32,38.72,0.09995350999535102,True
2026-07-08,002859.SZ,92.47,75.65,0.10004758505829166,True
2026-07-08,600228.SH,7.24,5.92,0.10030395136778117,True
2026-07-08,002674.SZ,29.15,23.85,0.09999999999999995,True
2026-07-08,600519.SH,1307.68,1069.92,0.09999999999999998,True
2026-07-08,600691.SH,2.43,1.99,0.09954751131221723,True
2026-07-08,002413.SZ,9.86,8.06,0.1004464285714285,True
2026-07-08,601611.SH,11.36,9.3,0.09970958373668919,True
2026-07-08,002046.SZ,74.31,60.8,0.09999259862334398,True
2026-07-08,600206.SH,61.58,50.38,0.10003572704537331,True
2026-07-08,002106.SZ,13.76,11.26,0.09992006394884093,True
2026-07-08,002858.SZ,11.78,9.64,0.09990662931839396,True
2026-07-08,600969.SH,8.22,6.72,0.10040160642570287,True
2026-07-08,000603.SZ,24.59,20.12,0.09997763363900691,True
2026-07-08,002366.SZ,6.01,4.91,0.1007326007326007,True
2026-07-08,603353.SH,38.5,31.5,0.1,True
2026-07-08,600745.SH,19.71,16.13,0.0998883928571429,True
2026-07-08,001215.SZ,38.72,31.68,0.09999999999999998,True
2026-07-08,605090.SH,36.73,30.05,0.1000299490865528,True
2026-07-08,600688.SH,3.19,2.61,0.10000000000000002,True
2026-07-08,001289.SZ,17.25,14.11,0.10012755102040818,True
2026-07-08,002342.SZ,11.11,9.09,0.09999999999999998,True
2026-07-08,600050.SH,4.46,3.65,0.09987669543773121,True
2026-07-09,001331.SZ,64.17,52.51,0.09993143640726777,True
2026-07-09,002674.SZ,32.07,26.24,0.09998285028297035,True
2026-07-09,002409.SZ,209.0,171.0,0.1,True
2026-07-09,002253.SZ,10.45,8.55,0.09999999999999992,True
2026-07-09,600228.SH,7.04,5.76,0.10000000000000002,True
2026-07-09,605358.SH,63.77,52.17,0.10005175090564086,True
2026-07-09,600962.SH,25.85,21.15,0.10000000000000006,True
2026-07-09,001229.SZ,46.97,38.43,0.09999999999999998,True
2026-07-09,603633.SH,6.89,5.63,0.10063897763578274,True
2026-07-09,603722.SH,45.1,36.9,0.10000000000000003,True
2026-07-09,603929.SH,241.22,197.36,0.1000045601714624,True
2026-07-09,001223.SZ,42.72,34.96,0.09989701338825949,True
2026-07-09,600206.SH,59.38,48.58,0.1000370507595406,True
2026-07-09,002106.SZ,12.75,10.43,0.10008628127696291,True
2026-07-09,600198.SH,8.91,7.29,0.1,True
2026-07-09,000920.SZ,12.49,10.22,0.09995596653456625,True
2026-07-09,002568.SZ,17.82,14.58,0.1,True
2026-07-09,600459.SH,23.39,19.13,0.10018814675446854,True
2026-07-09,600941.SH,98.95,80.96,0.09999444166527714,True
2026-07-09,002354.SZ,8.82,7.22,0.09975062344139654,True
2026-07-09,002967.SZ,19.99,16.35,0.10016510731975775,True
2026-07-09,600568.SH,2.75,2.25,0.1,True
2026-07-09,001359.SZ,117.49,96.13,0.09999063758075086,True
2026-07-09,002179.SZ,45.34,37.1,0.09995147986414364,True
2026-07-09,603353.SH,37.28,30.5,0.10002950722927119,True
2026-07-09,002413.SZ,9.53,7.79,0.10046189376443414,True
2026-07-09,603898.SH,13.88,11.36,0.09984152139461178,True
2026-07-09,600050.SH,4.5,3.68,0.1002444987775061,True
2026-07-09,600468.SH,5.62,4.6,0.09980430528375739,True
2026-07-09,601728.SH,6.13,5.01,0.10053859964093358,True
2026-07-09,002027.SZ,5.19,4.25,0.0995762711864407,True
2026-07-09,600519.SH,1319.23,1079.37,0.10000000000000006,True
2026-07-09,000609.SZ,13.27,10.85,0.10033167495854063,True
2026-07-09,603257.SH,74.29,60.79,0.09994077583654135,True
2026-07-09,601611.SH,11.02,9.02,0.0998003992015968,True
2026-07-09,002859.SZ,88.19,72.15,0.1000374204814768,True
2026-07-09,603928.SH,18.0,14.72,0.1002444987775061,True
2026-07-09,000333.SZ,87.35,71.47,0.09998740712756578,True
2026-07-09,002485.SZ,6.6,5.4,0.09999999999999994,True
2026-07-09,605589.SH,59.36,48.56,0.10007412898443288,True
2026-07-10,001331.SZ,65.45,53.55,0.10000000000000005,True
2026-07-10,002253.SZ,10.3,8.42,0.10042735042735047,True
2026-07-10,603722.SH,41.97,34.34,0.09998689555759396,True
2026-07-10,002568.SZ,17.6,14.4,0.10000000000000003,True
2026-07-10,000609.SZ,13.41,10.97,0.10008203445447085,True
2026-07-10,600568.SH,2.74,2.24,0.1004016064257028,True
2026-07-10,000504.SZ,8.88,7.26,0.10037174721189597,True
2026-07-10,002674.SZ,33.89,27.73,0.09996754300551769,True
2026-07-10,000333.SZ,87.26,71.4,0.09996218328501195,True
2026-07-10,600519.SH,1300.41,1063.97,0.10000084588771688,True
2026-07-10,603163.SH,124.97,102.25,0.09999119795792623,True
2026-07-10,600468.SH,5.63,4.61,0.09960937499999996,True
2026-07-10,000513.SZ,32.85,26.87,0.10013395847287342,True
2026-07-10,605178.SH,101.55,83.09,0.09997833622183706,True
2026-07-10,603698.SH,44.09,36.07,0.10004990019960085,True
2026-07-10,601611.SH,11.09,9.07,0.10019841269841268,True
2026-07-10,603353.SH,38.17,31.23,0.1,True
2026-07-10,601607.SH,17.68,14.46,0.10018668326073425,True
2026-07-10,000908.SZ,7.36,6.02,0.10014947683109124,True
2026-07-10,000977.SZ,94.59,77.39,0.1000116292592162,True
2026-07-10,600050.SH,4.51,3.69,0.09999999999999999,True
2026-07-10,600645.SH,19.42,15.89,0.09997167941093177,True
2026-07-10,600941.SH,97.58,79.84,0.09998872731371883,True
2026-07-10,002409.SZ,229.9,188.1,0.10000000000000003,True
2026-07-10,002639.SZ,13.39,10.95,0.10024650780608058,True
2026-07-10,603956.SH,6.44,5.27,0.09991460290350135,True
2026-07-10,601728.SH,6.13,5.01,0.10053859964093358,True
2026-07-10,603929.SH,230.54,188.62,0.10000954289531441,True
2026-07-10,002099.SZ,5.63,4.61,0.09960937499999996,True
2026-07-10,002742.SZ,3.83,3.13,0.10057471264367819,True
2026-07-10,603633.SH,7.13,5.83,0.10030864197530862,True
2026-07-10,002413.SZ,9.89,8.09,0.10011123470522806,True
2026-07-10,603928.SH,19.8,16.2,0.10000000000000003,True
2026-07-10,601018.SH,3.59,2.93,0.10122699386503063,True
2026-07-10,600479.SH,10.4,8.51,0.09994711792702277,True
2026-07-10,002185.SZ,26.1,21.36,0.09987357774968399,True
2026-07-10,600332.SH,23.34,19.1,0.09990574929311967,True
2026-07-10,600535.SH,15.44,12.64,0.09971509971509969,True
2026-07-10,000016.SZ,2.72,2.22,0.10121457489878542,True
2026-07-10,600062.SH,18.07,14.79,0.09981740718198422,True
2026-07-13,002568.SZ,19.02,15.56,0.10005783689994215,True
2026-07-13,002674.SZ,33.88,27.72,0.10000000000000006,True
2026-07-13,600568.SH,2.71,2.21,0.1016260162601626,True
2026-07-13,600468.SH,5.78,4.73,0.09990485252140816,True
2026-07-13,605178.SH,111.71,91.4,0.09999507655949971,True
2026-07-13,002742.SZ,4.06,3.32,0.10027100271002708,True
2026-07-13,000826.SZ,2.07,1.69,0.10106382978723402,True
2026-07-13,001331.SZ,67.88,55.54,0.09998379517096093,True
2026-07-13,603716.SH,15.8,12.92,0.10027855153203345,True
2026-07-13,000958.SZ,5.87,4.81,0.09925093632958806,True
2026-07-13,600126.SH,6.56,5.36,0.10067114093959725,True
2026-07-13,002253.SZ,10.43,8.53,0.10021097046413503,True
2026-07-13,601611.SH,11.35,9.29,0.09980620155038762,True
2026-07-13,600519.SH,1325.48,1084.48,0.10000165977858554,True
2026-07-13,001229.SZ,52.32,42.8,0.10008410428931878,True
2026-07-13,600503.SH,2.27,1.85,0.10194174757281552,True
2026-07-13,002639.SZ,13.85,11.33,0.1000794281175536,True
2026-07-13,002183.SZ,5.34,4.37,0.09989701338825949,True
2026-07-13,002277.SZ,6.44,5.27,0.09991460290350135,True
2026-07-13,002099.SZ,5.76,4.72,0.09923664122137404,True
2026-07-13,000935.SZ,29.35,24.01,0.10007496251874062,True
2026-07-13,603368.SH,16.81,13.75,0.10013089005235598,True
2026-07-13,600221.SH,1.47,1.21,0.09701492537313434,True
2026-07-13,003006.SZ,15.06,12.32,0.10007304601899196,True
2026-07-13,002366.SZ,5.8,4.74,0.10056925996204931,True
2026-07-13,002178.SZ,4.83,3.95,0.10022779043280179,True
2026-07-13,600774.SH,7.19,5.89,0.09938837920489302,True
2026-07-13,605199.SH,6.37,5.21,0.10017271157167532,True
2026-07-13,002858.SZ,11.8,9.66,0.09972041006523767,True
2026-07-13,603439.SH,13.18,10.78,0.10016694490818032,True
2026-07-13,600982.SH,5.12,4.19,0.0998925886143931,True
2026-07-13,601016.SH,3.78,3.1,0.09883720930232553,True
2026-07-13,601127.SH,65.89,53.91,0.10000000000000003,True
2026-07-13,603318.SH,8.55,6.99,0.10038610038610041,True
2026-07-13,600962.SH,27.09,22.17,0.099878197320341,True
2026-07-13,603336.SH,8.38,6.86,0.09973753280839896,True
2026-07-13,002873.SZ,8.45,6.91,0.10026041666666662,True
2026-07-13,603633.SH,7.22,5.9,0.10060975609756093,True
2026-07-13,603229.SH,8.9,7.28,0.10012360939431397,True
2026-07-13,601138.SH,72.9,59.64,0.10004526935264828,True
2026-07-14,000078.SZ,2.29,1.87,0.10096153846153844,True
2026-07-14,000935.SZ,27.73,22.69,0.09996033320111065,True
2026-07-14,002044.SZ,4.77,3.91,0.09907834101382482,True
2026-07-14,002568.SZ,19.22,15.72,0.10017172295363476,True
2026-07-14,603439.SH,12.64,10.34,0.10008703220191474,True
2026-07-14,002742.SZ,3.89,3.19,0.09887005649717516,True
2026-07-14,600503.SH,2.16,1.76,0.10204081632653064,True
2026-07-14,002277.SZ,6.05,4.95,0.09999999999999996,True
2026-07-14,605199.SH,6.39,5.23,0.099827882960413,True
2026-07-14,002099.SZ,5.69,4.65,0.10058027079303676,True
2026-07-14,600568.SH,2.61,2.13,0.10126582278481013,True
2026-07-14,601567.SH,14.88,12.18,0.09977827050997785,True
2026-07-14,002368.SZ,15.2,12.44,0.09985528219971056,True
2026-07-14,002639.SZ,12.91,10.57,0.09965928449744463,True
2026-07-14,002252.SZ,5.15,4.21,0.10042735042735047,True
2026-07-14,001331.SZ,61.09,49.99,0.09992797983435361,True
2026-07-14,002034.SZ,14.96,12.24,0.10000000000000002,True
2026-07-14,603336.SH,8.28,6.78,0.09960159362549796,True
2026-07-14,603716.SH,15.1,12.36,0.09978150036416607,True
2026-07-14,002178.SZ,4.64,3.8,0.09952606635071089,True
2026-07-14,603368.SH,16.83,13.77,0.09999999999999996,True
2026-07-14,002195.SZ,6.53,5.35,0.09932659932659939,True
2026-07-14,000504.SZ,8.55,6.99,0.10038610038610041,True
2026-07-14,600774.SH,7.04,5.76,0.10000000000000002,True
2026-07-14,605086.SH,24.92,20.39,0.0999779298168175,True
2026-07-14,603567.SH,5.36,4.38,0.10061601642710477,True
2026-07-14,600668.SH,7.76,6.35,0.09992912827781716,True
2026-07-14,002160.SZ,3.81,3.11,0.10115606936416188,True
2026-07-14,603520.SH,10.31,8.43,0.1003201707577375,True
2026-07-14,002082.SZ,13.07,10.69,0.10016835016835021,True
2026-07-14,002004.SZ,4.61,3.77,0.1002386634844869,True
2026-07-14,000881.SZ,6.75,5.53,0.09934853420195437,True
2026-07-14,600682.SH,5.85,4.79,0.09962406015037589,True
2026-07-14,002799.SZ,6.5,5.32,0.09983079526226732,True
2026-07-14,600518.SH,1.43,1.17,0.10000000000000002,True
2026-07-14,002076.SZ,2.21,1.81,0.09950248756218905,True
2026-07-14,603159.SH,20.81,17.03,0.0998942917547568,True
2026-07-14,000705.SZ,6.81,5.57,0.10016155088852984,True
2026-07-14,605366.SH,10.21,8.35,0.10021551724137936,True
2026-07-14,601611.SH,10.86,8.88,0.10030395136778107,True
2026-07-15,603137.SH,35.61,29.13,0.10009267840593143,True
2026-07-15,002742.SZ,3.95,3.23,0.10027855153203345,True
2026-07-15,000534.SZ,30.6,25.04,0.0999281092739037,True
2026-07-15,002368.SZ,14.92,12.2,0.10029498525073749,True
2026-07-15,603439.SH,12.6,10.31,0.09995635093845479,True
2026-07-15,600664.SH,4.49,3.67,0.1004901960784314,True
2026-07-15,002044.SZ,4.86,3.98,0.09954751131221723,True
2026-07-15,600503.SH,2.22,1.82,0.09900990099009904,True
2026-07-15,002317.SZ,34.27,28.04,0.09998395121168357,True
2026-07-15,003020.SZ,22.88,18.72,0.10000000000000002,True
2026-07-15,002178.SZ,4.68,3.83,0.09988249118683898,True
2026-07-15,002082.SZ,12.74,10.42,0.10017271157167532,True
2026-07-15,002065.SZ,7.59,6.21,0.09999999999999999,True
2026-07-15,002777.SZ,13.24,10.84,0.09966777408637877,True
2026-07-15,605366.SH,10.33,8.45,0.10010649627263049,True
2026-07-15,002076.SZ,2.21,1.81,0.09950248756218905,True
2026-07-15,603014.SH,36.29,29.69,0.10003031221582294,True
2026-07-15,002099.SZ,5.79,4.73,0.10076045627376423,True
2026-07-15,601567.SH,14.84,12.14,0.10007412898443288,True
2026-07-15,603538.SH,39.0,31.91,0.09998589761669723,True
2026-07-15,002653.SZ,74.5,60.96,0.09995570648161818,True
2026-07-15,603368.SH,17.25,14.11,0.10012755102040818,True
2026-07-15,600299.SH,8.76,7.16,0.10050251256281405,True
2026-07-15,000881.SZ,6.8,5.56,0.10032362459546927,True
2026-07-15,600570.SH,22.56,18.46,0.09995124329595315,True
2026-07-15,603567.SH,5.3,4.34,0.0995850622406639,True
2026-07-15,600538.SH,5.41,4.43,0.09959349593495939,True
2026-07-15,603301.SH,97.8,80.02,0.09998875267124059,True
2026-07-15,603127.SH,50.62,41.42,0.0999565406345067,True
2026-07-15,600103.SH,3.05,2.49,0.10108303249097465,True
2026-07-15,603276.SH,16.36,13.38,0.1002017484868863,True
2026-07-15,600381.SH,4.76,3.9,0.09930715935334872,True
2026-07-15,600718.SH,8.46,6.92,0.10013003901170357,True
2026-07-15,000503.SZ,7.1,5.81,0.09992254066615028,True
2026-07-15,002160.SZ,3.98,3.26,0.09944751381215472,True
2026-07-15,600774.SH,7.29,5.97,0.09954751131221722,True
2026-07-15,002195.SZ,6.56,5.36,0.10067114093959725,True
2026-07-15,605177.SH,18.14,14.84,0.10006064281382657,True
2026-07-15,603716.SH,15.53,12.71,0.09985835694050986,True
2026-07-15,600222.SH,8.6,7.04,0.09974424552429664,True
2026-07-16,600664.SH,4.94,4.04,0.10022271714922053,True
2026-07-16,002076.SZ,2.23,1.83,0.09852216748768469,True
2026-07-16,603127.SH,55.68,45.56,0.09996048992493083,True
2026-07-16,000534.SZ,29.41,24.07,0.09985041136873597,True
2026-07-16,600503.SH,2.3,1.88,0.10047846889952151,True
2026-07-16,603439.SH,12.8,10.48,0.09965635738831616,True
2026-07-16,002178.SZ,4.7,3.84,0.10070257611241222,True
2026-07-16,002368.SZ,14.85,12.15,0.09999999999999998,True
2026-07-16,002082.SZ,12.96,10.6,0.10016977928692704,True
2026-07-16,603014.SH,36.65,29.99,0.09993997599039615,True
2026-07-16,600570.SH,22.94,18.77,0.09997602493406861,True
2026-07-16,601567.SH,15.21,12.45,0.09978308026030375,True
2026-07-16,603139.SH,45.03,36.85,0.09990229604298974,True
2026-07-16,603276.SH,16.26,13.3,0.10013531799729367,True
2026-07-16,603538.SH,42.9,35.1,0.09999999999999996,True
2026-07-16,002065.SZ,7.61,6.23,0.09971098265895953,True
2026-07-16,002653.SZ,81.54,66.72,0.09995953055443146,True
2026-07-16,603301.SH,93.28,76.32,0.10000000000000005,True
2026-07-16,600103.SH,3.08,2.52,0.10000000000000002,True
2026-07-16,002777.SZ,13.56,11.1,0.09975669099756694,True
2026-07-16,000503.SZ,7.29,5.97,0.09954751131221722,True
2026-07-16,002821.SZ,215.33,176.18,0.09999744578682539,True
2026-07-16,002044.SZ,5.03,4.11,0.10065645514223194,True
2026-07-16,600538.SH,5.46,4.46,0.10080645161290323,True
2026-07-16,002160.SZ,4.02,3.29,0.09986320109439119,True
2026-07-16,600568.SH,2.54,2.08,0.09956709956709955,True
2026-07-16,600381.SH,4.83,3.95,0.10022779043280179,True
2026-07-16,600877.SH,15.18,12.42,0.09999999999999999,True
2026-07-16,601216.SH,4.94,4.04,0.10022271714922053,True
2026-07-16,600682.SH,6.17,5.05,0.09982174688057042,True
2026-07-16,000881.SZ,6.79,5.55,0.10048622366288494,True
2026-07-16,000766.SZ,18.87,15.44,0.09997085397843199,True
2026-07-16,002771.SZ,12.93,10.58,0.09995746490854955,True
2026-07-16,603590.SH,40.55,33.17,0.10010851871947905,True
2026-07-16,002195.SZ,6.59,5.39,0.10016694490818032,True
2026-07-16,603368.SH,17.51,14.33,0.09987437185929651,True
2026-07-16,002898.SZ,0.42,0.34,0.1052631578947368,True
2026-07-16,002799.SZ,6.9,5.64,0.1004784688995216,True
2026-07-16,600728.SH,4.69,3.83,0.10093896713615028,True
2026-07-16,002562.SZ,4.9,4.01,0.09988776655443328,True
2026-07-17,600664.SH,5.43,4.45,0.09919028340080968,True
2026-07-17,002160.SZ,4.0,3.28,0.09890109890109894,True
2026-07-17,002044.SZ,5.25,4.29,0.10062893081761007,True
2026-07-17,600281.SH,4.41,3.61,0.09975062344139654,True
2026-07-17,603014.SH,36.78,30.1,0.09988038277511962,True
2026-07-17,603301.SH,90.92,74.39,0.09999395075917973,True
2026-07-17,002178.SZ,4.77,3.91,0.09907834101382482,True
2026-07-17,000702.SZ,5.82,4.76,0.10018903591682424,True
2026-07-17,002799.SZ,7.03,5.75,0.10015649452269172,True
2026-07-17,603717.SH,6.89,5.63,0.10063897763578274,True
2026-07-17,002034.SZ,15.5,12.68,0.1000709723207949,True
2026-07-17,603195.SH,41.58,34.02,0.09999999999999995,True
2026-07-17,003038.SZ,11.4,9.32,0.1003861003861004,True
2026-07-17,002088.SZ,8.15,6.67,0.09986504723346831,True
2026-07-17,000928.SZ,5.59,4.57,0.10039370078740154,True
2026-07-17,600503.SH,2.29,1.87,0.10096153846153844,True
2026-07-17,002818.SZ,11.81,9.67,0.09962756052141529,True
2026-07-17,002742.SZ,4.03,3.29,0.10109289617486342,True
2026-07-17,000550.SZ,18.06,14.78,0.09987819732034103,True
2026-07-17,002368.SZ,15.18,12.42,0.09999999999999999,True
2026-07-17,002777.SZ,13.98,11.44,0.09992132179386314,True
2026-07-17,002340.SZ,6.94,5.68,0.09984152139461178,True
2026-07-17,603139.SH,43.97,35.97,0.10007505629221916,True
2026-07-17,002030.SZ,5.95,4.87,0.09981515711645102,True
2026-07-17,001366.SZ,12.66,10.36,0.09991311902693313,True
2026-07-17,002065.SZ,7.74,6.34,0.0994318181818182,True
2026-07-17,600642.SH,8.99,7.35,0.10036719706242353,True
2026-07-17,002540.SZ,5.3,4.34,0.0995850622406639,True
2026-07-17,000090.SZ,3.62,2.96,0.10030395136778117,True
2026-07-17,601216.SH,4.85,3.97,0.09977324263038542,True
2026-07-17,600381.SH,4.7,3.84,0.10070257611241222,True
2026-07-17,002840.SZ,8.92,7.3,0.09987669543773121,True
2026-07-17,600067.SH,3.12,2.56,0.09859154929577466,True
2026-07-17,600307.SH,1.55,1.27,0.09929078014184398,True
2026-07-17,601877.SH,26.19,21.43,0.09995800083998323,True
2026-07-17,000599.SZ,5.01,4.1,0.0998902305159166,True
2026-07-17,002607.SZ,2.02,1.66,0.09782608695652177,True
2026-07-17,603439.SH,12.55,10.27,0.09991235758106928,True
2026-07-17,603031.SH,53.93,44.13,0.09993881297164998,True
2026-07-17,603159.SH,22.0,18.0,0.1,True
2026-07-20,000935.SZ,28.47,23.29,0.10007727975270479,True
2026-07-20,002044.SZ,4.98,4.08,0.0993377483443709,True
2026-07-20,603014.SH,34.55,28.27,0.09996816300541227,True
2026-07-20,603276.SH,15.6,12.76,0.1001410437235543,True
2026-07-20,603159.SH,20.31,16.61,0.10021668472372695,True
2026-07-20,002368.SZ,14.66,12.0,0.09977494373593399,True
2026-07-20,000534.SZ,26.4,21.6,0.09999999999999994,True
2026-07-20,002742.SZ,3.83,3.13,0.10057471264367819,True
2026-07-20,002065.SZ,7.4,6.06,0.09955423476968801,True
2026-07-20,600742.SH,7.93,6.49,0.09986130374479886,True
2026-07-20,603717.SH,6.31,5.17,0.09930313588850172,True
2026-07-20,002034.SZ,15.19,12.43,0.0999275887038378,True
2026-07-20,600480.SH,8.89,7.27,0.10024752475247531,True
2026-07-20,600281.SH,4.24,3.47,0.09987029831387807,True
2026-07-20,002799.SZ,6.84,5.6,0.09967845659163989,True
2026-07-20,002178.SZ,4.63,3.79,0.09976247030878858,True
2026-07-20,002818.SZ,11.68,9.56,0.09981167608286248,True
2026-07-20,001366.SZ,12.12,9.92,0.09981851179673318,True
2026-07-20,603195.SH,41.04,33.58,0.09997319753417315,True
2026-07-20,002540.SZ,5.19,4.25,0.0995762711864407,True
2026-07-20,600851.SH,8.97,7.34,0.09993868792152058,True
2026-07-20,600774.SH,7.33,5.99,0.10060060060060058,True
2026-07-20,003038.SZ,10.98,8.98,0.1002004008016032,True
2026-07-20,002607.SZ,1.97,1.61,0.10055865921787706,True
2026-07-20,600503.SH,2.21,1.81,0.09950248756218905,True
2026-07-20,002160.SZ,3.87,3.17,0.0994318181818182,True
2026-07-20,600970.SH,8.15,6.67,0.09986504723346831,True
2026-07-20,600894.SH,8.49,6.95,0.09974093264248704,True
2026-07-20,002404.SZ,6.25,5.11,0.10035211267605632,True
2026-07-20,002322.SZ,11.25,9.21,0.09970674486803514,True
2026-07-20,600273.SH,7.19,5.89,0.09938837920489302,True
2026-07-20,000590.SZ,9.03,7.39,0.09987819732034103,True
2026-07-20,600395.SH,5.04,4.12,0.10043668122270741,True
2026-07-20,002483.SZ,5.5,4.5,0.1,True
2026-07-20,002873.SZ,8.68,7.1,0.10012674271229405,True
2026-07-20,002088.SZ,7.93,6.49,0.09986130374479886,True
2026-07-20,603139.SH,39.57,32.37,0.10008340283569646,True
2026-07-20,002099.SZ,5.5,4.5,0.1,True
2026-07-20,002880.SZ,23.02,18.84,0.09985666507405637,True
2026-07-20,601877.SH,25.86,21.16,0.09995746490854955,True
2026-07-21,000534.SZ,27.28,22.32,0.10000000000000002,True
2026-07-21,603014.SH,35.19,28.79,0.10003125976867769,True
2026-07-21,600930.SH,4.83,3.95,0.10022779043280179,True
2026-07-21,601012.SH,13.2,10.8,0.09999999999999994,True
2026-07-21,003038.SZ,10.7,8.76,0.09969167523124355,True
2026-07-21,600742.SH,7.92,6.48,0.09999999999999996,True
2026-07-21,000430.SZ,6.49,5.31,0.10000000000000005,True
2026-07-21,600089.SH,21.12,17.28,0.09999999999999998,True
2026-07-21,000792.SZ,26.93,22.03,0.10008169934640519,True
2026-07-21,002540.SZ,5.18,4.24,0.09978768577494687,True
2026-07-21,601877.SH,26.38,21.58,0.10008340283569644,True
2026-07-21,601777.SH,8.04,6.58,0.09986320109439119,True
2026-07-21,002088.SZ,7.85,6.43,0.09943977591036414,True
2026-07-21,601868.SH,2.83,2.31,0.10116731517509726,True
2026-07-21,002160.SZ,3.93,3.21,0.1008403361344538,True
2026-07-21,002322.SZ,11.09,9.07,0.10019841269841268,True
2026-07-21,002034.SZ,15.27,12.49,0.10014409221902015,True
2026-07-21,600664.SH,5.84,4.78,0.09981167608286248,True
2026-07-21,000928.SZ,5.53,4.53,0.09940357852882703,True
2026-07-21,002607.SZ,1.96,1.6,0.10112359550561795,True
2026-07-21,600580.SH,30.75,25.16,0.09998211411196566,True
2026-07-21,603948.SH,20.06,16.42,0.09978070175438587,True
2026-07-21,600307.SH,1.54,1.26,0.10000000000000002,True
2026-07-21,000006.SZ,6.4,5.24,0.09965635738831616,True
2026-07-21,600775.SH,9.21,7.53,0.10035842293906812,True
2026-07-21,002340.SZ,6.95,5.69,0.09968354430379744,True
2026-07-21,601113.SH,3.56,2.92,0.09876543209876544,True
2026-07-21,600480.SH,9.05,7.41,0.09963547995139736,True
2026-07-21,603185.SH,14.37,11.75,0.10030627871362938,True
2026-07-21,002044.SZ,4.87,3.99,0.09932279909706546,True
2026-07-21,002591.SZ,5.96,4.88,0.09963099630996311,True
2026-07-21,000045.SZ,9.76,7.98,0.10033821871476883,True
2026-07-21,002085.SZ,10.97,8.97,0.10030090270812436,True
2026-07-21,600894.SH,8.48,6.94,0.09987029831387807,True
2026-07-21,002758.SZ,8.69,7.11,0.09999999999999995,True
2026-07-21,002899.SZ,19.93,16.31,0.09988962472406185,True
2026-07-21,002404.SZ,6.27,5.13,0.09999999999999998,True
2026-07-21,002394.SZ,8.92,7.3,0.09987669543773121,True
2026-07-21,002475.SZ,62.48,51.12,0.1,True
2026-07-21,002306.SZ,1.86,1.52,0.10059171597633139,True
2026-07-22,600664.SH,6.42,5.26,0.0993150684931507,True
2026-07-22,001258.SZ,11.01,9.01,0.0999000999000999,True
2026-07-22,600742.SH,7.87,6.44,0.0999301187980433,True
2026-07-22,000534.SZ,27.5,22.5,0.1,True
2026-07-22,000928.SZ,5.56,4.55,0.09990108803165182,True
2026-07-22,001366.SZ,11.31,9.25,0.1001945525291829,True
2026-07-22,002088.SZ,7.79,6.37,0.1002824858757062,True
2026-07-22,603014.SH,34.61,28.31,0.10012714558169104,True
2026-07-22,002818.SZ,11.67,9.55,0.09990574929311967,True
2026-07-22,601877.SH,26.77,21.91,0.09983566146261297,True
2026-07-22,600930.SH,4.74,3.88,0.0997679814385151,True
2026-07-22,002044.SZ,4.98,4.08,0.0993377483443709,True
2026-07-22,600894.SH,8.42,6.89,0.09993468321358592,True
2026-07-22,002607.SZ,1.95,1.59,0.10169491525423725,True
2026-07-22,000702.SZ,5.15,4.21,0.10042735042735047,True
2026-07-22,601868.SH,2.83,2.31,0.10116731517509726,True
2026-07-22,002540.SZ,5.14,4.2,0.10064239828693786,True
2026-07-22,600273.SH,7.37,6.03,0.09999999999999999,True
2026-07-22,603195.SH,42.67,34.91,0.10002577984016506,True
2026-07-22,600320.SH,4.54,3.72,0.099273607748184,True
2026-07-22,603160.SH,56.62,46.32,0.10005828638041575,True
2026-07-22,002404.SZ,6.07,4.97,0.09963768115942034,True
2026-07-22,600835.SH,20.65,16.89,0.10015982951518375,True
2026-07-22,600089.SH,21.45,17.55,0.09999999999999996,True
2026-07-22,002034.SZ,15.17,12.41,0.10007251631617113,True
2026-07-22,601117.SH,8.43,6.89,0.10052219321148825,True
2026-07-22,002724.SZ,5.3,4.34,0.0995850622406639,True
2026-07-22,600476.SH,8.54,6.98,0.1005154639175257,True
2026-07-22,002322.SZ,10.97,8.97,0.10030090270812436,True
2026-07-22,600307.SH,1.54,1.26,0.10000000000000002,True
2026-07-22,002758.SZ,8.48,6.94,0.09987029831387807,True
2026-07-22,000921.SZ,28.79,23.55,0.10011463507833393,True
2026-07-22,600724.SH,5.15,4.21,0.10042735042735047,True
2026-07-22,000631.SZ,3.09,2.53,0.09964412811387903,True
2026-07-22,600261.SH,3.22,2.64,0.09897610921501707,True
2026-07-22,000935.SZ,26.03,21.29,0.1001690617075233,True
2026-07-22,600282.SH,5.17,4.23,0.09999999999999995,True
2026-07-22,603301.SH,95.92,78.48,0.09999999999999998,True
2026-07-22,002475.SZ,66.46,54.38,0.09996689837802045,True
2026-07-22,000877.SZ,4.0,3.28,0.09890109890109894,True
2026-07-23,001258.SZ,12.11,9.91,0.09990917347865574,True
2026-07-23,600664.SH,6.58,5.38,0.10033444816053512,True
2026-07-23,600970.SH,8.45,6.91,0.10026041666666662,True
2026-07-23,000928.SZ,5.5,4.5,0.1,True
2026-07-23,002683.SZ,28.44,23.27,0.09998066138077745,True
2026-07-23,601868.SH,2.84,2.32,0.10077519379844961,True
2026-07-23,600307.SH,1.56,1.28,0.09859154929577466,True
2026-07-24,001258.SZ,13.32,10.9,0.09991742361684558,True
2026-07-24,000928.SZ,5.59,4.57,0.10039370078740154,True
2026-07-24,002011.SZ,11.64,9.52,0.10018903591682424,True
2026-07-24,600307.SH,1.61,1.31,0.10273972602739728,True
2026-07-24,600742.SH,8.03,6.57,0.09999999999999994,True
2026-07-24,600894.SH,8.39,6.87,0.0996068152031455,True
2026-07-27,001258.SZ,14.33,11.73,0.09976976208749039,True
2026-07-27,603221.SH,15.4,12.6,0.10000000000000002,True
2026-07-28,603221.SH,16.94,13.86,0.10000000000000006,True
2026-07-28,001258.SZ,15.76,12.9,0.09979064898813676,True
2026-07-30,603221.SH,20.49,16.77,0.09983896940418677,True
2026-07-31,603221.SH,22.54,18.44,0.10004880429477787,True
2026-07-31,003032.SZ,8.81,7.21,0.09987515605493137,True
2026-08-03,000793.SZ,2.52,2.06,0.10043668122270741,True
2026-08-04,003032.SZ,10.66,8.72,0.10010319917440656,True
2026-08-04,000793.SZ,2.49,2.03,0.10176991150442488,True
2026-08-04,000008.SZ,2.68,2.2,0.0983606557377049,True
2026-08-05,003032.SZ,11.73,9.59,0.10037523452157601,True
2026-08-05,000793.SZ,2.48,2.03,0.09977827050997787,True
2026-08-05,002827.SZ,46.06,37.68,0.10007165034631002,True
2026-08-05,000008.SZ,2.68,2.2,0.0983606557377049,True
2026-08-05,600238.SH,4.95,4.05,0.10000000000000003,True
2026-08-06,003032.SZ,12.9,10.56,0.09974424552429667,True
2026-08-06,002827.SZ,49.24,40.28,0.1000893655049151,True
2026-08-06,000793.SZ,2.46,2.02,0.0982142857142857,True
2026-08-06,000008.SZ,2.66,2.18,0.09917355371900827,True
2026-08-07,002827.SZ,54.16,44.32,0.09991876523151906,True
2026-08-07,003032.SZ,12.05,9.86,0.09995435874030129,True
2026-08-07,000793.SZ,2.43,1.99,0.09954751131221723,True
2026-08-10,002827.SZ,59.58,48.74,0.10007385524372228,True
2026-08-10,003032.SZ,12.65,10.35,0.10000000000000003,True
2026-08-10,000793.SZ,2.44,2.0,0.0990990990990991,True
2026-08-10,000008.SZ,2.66,2.18,0.09917355371900827,True
2026-08-10,600721.SH,11.59,9.49,0.09962049335863377,True
2026-08-11,002827.SZ,65.54,53.62,0.10003356831151401,True
2026-08-11,003032.SZ,13.23,10.83,0.09975062344139651,True
2026-08-11,001258.SZ,15.93,13.03,0.10013812154696133,True
2026-08-11,000793.SZ,2.43,1.99,0.09954751131221723,True
2026-08-11,605179.SH,27.63,22.61,0.0999203821656051,True
2026-08-12,002827.SZ,64.47,52.75,0.09998293806517658,True
2026-08-12,003032.SZ,12.91,10.57,0.09965928449744463,True
2026-08-12,605179.SH,30.39,24.87,0.09989142236699239,True
2026-08-12,000793.SZ,2.44,2.0,0.0990990990990991,True
2026-08-12,001258.SZ,17.52,14.34,0.09981167608286251,True
2026-08-13,605179.SH,33.43,27.35,0.10003290556103979,True
2026-08-13,002827.SZ,67.34,55.1,0.09996733093760211,True
2026-08-13,000793.SZ,2.45,2.01,0.09865470852017946,True
2026-08-14,002827.SZ,60.61,49.59,0.09999999999999996,True
2026-08-14,000513.SZ,33.87,27.71,0.10003247807729777,True
2026-08-17,003032.SZ,13.49,11.03,0.10032626427406202,True
2026-08-17,002827.SZ,62.41,51.07,0.09992950299612265,True
2026-08-17,000793.SZ,2.41,1.97,0.10045662100456625,True
2026-08-17,002428.SZ,111.75,91.43,0.1000098434885323,True
2026-08-17,605179.SH,35.1,28.72,0.09996866186148547,True
2026-08-17,000513.SZ,33.3,27.24,0.10009910802775024,True
2026-08-17,600330.SH,27.48,22.48,0.100080064051241,True
2026-08-17,002552.SZ,66.72,54.59,0.09999175665649984,True
2026-08-18,605179.SH,38.61,31.59,0.09999999999999999,True
2026-08-18,003032.SZ,13.76,11.26,0.09992006394884093,True
2026-08-18,002827.SZ,62.46,51.1,0.10003522367030644,True
2026-08-18,600272.SH,20.93,17.13,0.0998423541776143,True
2026-08-19,003032.SZ,14.45,11.83,0.09969558599695583,True
2026-08-19,605179.SH,42.47,34.75,0.09997409997409996,True
2026-08-19,002827.SZ,64.35,52.65,0.09999999999999996,True
2026-08-20,605179.SH,38.23,31.28,0.09998561358077969,True
2026-08-20,002827.SZ,61.6,50.4,0.10000000000000002,True
2026-08-21,605179.SH,38.56,31.55,0.09998573669947228,True
2026-08-21,002827.SZ,63.56,52.0,0.10003461405330566,True
2026-08-24,603958.SH,22.61,18.5,0.09997567501824373,True
2026-08-25,600613.SH,10.89,8.91,0.10000000000000002,True
2026-08-26,600613.SH,11.3,9.24,0.10029211295034082,True
2026-08-27,600613.SH,11.61,9.5,0.09995262908574133,True
2026-08-27,002906.SZ,29.43,24.08,0.09998131190431699,True
2026-08-27,600721.SH,16.68,13.64,0.10026385224274403,True
2026-08-27,002412.SZ,14.4,11.78,0.1000763941940413,True
2026-08-27,603958.SH,26.04,21.3,0.100126742712294,True
2026-08-27,600525.SH,6.05,4.95,0.09999999999999996,True
2026-08-27,002491.SZ,24.73,20.23,0.10008896797153025,True
2026-08-27,002155.SZ,27.02,22.1,0.10016286644951135,True
2026-08-27,601868.SH,2.78,2.28,0.09881422924901187,True
2026-08-27,002975.SZ,110.94,90.77,0.09999504238758616,True
2026-08-27,600516.SH,5.61,4.59,0.10000000000000005,True
2026-08-27,600674.SH,17.26,14.12,0.10006373486297011,True
2026-08-27,000793.SZ,2.37,1.94,0.0997679814385151,True
2026-08-27,603618.SH,35.11,28.73,0.09993734335839596,True
2026-08-27,601212.SH,7.96,6.52,0.09944751381215472,True
2026-08-27,601869.SH,426.82,349.22,0.09999484562651406,True
2026-08-27,002214.SZ,16.4,13.42,0.09993293091884636,True
2026-08-27,600704.SH,5.48,4.48,0.1004016064257028,True
2026-08-27,603738.SH,42.69,34.93,0.09997423344498838,True
2026-08-27,003040.SZ,18.73,15.33,0.09982384028185555,True
2026-08-27,002913.SZ,62.45,51.09,0.10005284481240091,True
2026-08-27,600699.SH,20.88,17.08,0.10010537407797686,True
2026-08-27,600171.SH,24.88,20.36,0.09991158267020336,True
2026-08-27,600530.SH,4.14,3.38,0.10106382978723402,True
2026-08-27,002415.SZ,38.26,31.3,0.10005750431282343,True
2026-08-27,603936.SH,18.65,15.26,0.09997051017398995,True
2026-08-28,600613.SH,12.77,10.45,0.09991386735572784,True
2026-08-28,600127.SH,11.86,9.7,0.10018552875695734,True
2026-08-28,002906.SZ,29.41,24.07,0.09985041136873597,True
2026-08-28,000016.SZ,2.56,2.1,0.09871244635193133,True
2026-08-28,600525.SH,5.9,4.82,0.10074626865671642,True
2026-08-28,600704.SH,5.46,4.46,0.10080645161290323,True
2026-08-28,600371.SH,11.54,9.44,0.10009532888465204,True
2026-08-28,000017.SZ,11.45,9.37,0.09990393852065323,True
2026-08-28,002646.SZ,7.51,6.15,0.0995607613469985,True
2026-08-28,002155.SZ,29.72,24.32,0.09992598075499627,True
2026-08-28,601869.SH,469.5,384.14,0.09999531418396515,True
2026-08-28,600300.SH,3.53,2.89,0.09968847352024918,True
2026-08-31,000016.SZ,2.7,2.21,0.09979633401222,True
2026-08-31,002906.SZ,29.44,24.08,0.10014947683109124,True
2026-08-31,600127.SH,12.95,10.59,0.10025488530161425,True
2026-08-31,600525.SH,5.85,4.79,0.09962406015037589,True
2026-08-31,600613.SH,13.64,11.16,0.10000000000000002,True
2026-08-31,002855.SZ,16.1,13.18,0.09972677595628421,True
2026-08-31,600704.SH,5.49,4.49,0.1002004008016032,True
2026-08-31,601868.SH,2.76,2.26,0.09960159362549802,True
2026-09-01,600127.SH,13.24,10.84,0.09966777408637877,True
2026-09-01,600704.SH,5.46,4.46,0.10080645161290323,True
2026-09-02,600127.SH,14.56,11.92,0.09969788519637464,True
2026-09-02,600371.SH,15.36,12.56,0.10028653295128935,True
2026-09-02,600704.SH,5.5,4.5,0.1,True
2026-09-02,600540.SH,6.73,5.51,0.09967320261437913,True
2026-09-04,600704.SH,5.39,4.41,0.09999999999999995,True
2026-09-07,600371.SH,15.07,12.33,0.10000000000000002,True
2026-09-07,600704.SH,5.45,4.46,0.09989909182643796,True
2026-09-07,600127.SH,13.53,11.07,0.09999999999999995,True
2026-09-07,601086.SH,13.92,11.39,0.09996048992493083,True
2026-09-07,002646.SZ,7.91,6.47,0.1001390820584145,True
2026-09-07,002170.SZ,12.9,10.56,0.09974424552429667,True
2026-09-07,600540.SH,6.72,5.5,0.09983633387888706,True
2026-09-07,603231.SH,18.36,15.02,0.1000599161174356,True
2026-09-07,600300.SH,3.6,2.94,0.10091743119266057,True
2026-09-08,600127.SH,14.88,12.18,0.09977827050997785,True
2026-09-08,600371.SH,16.58,13.56,0.10019907100199063,True
2026-09-08,600704.SH,5.45,4.46,0.09989909182643796,True
2026-09-08,002646.SZ,7.95,6.51,0.09958506224066392,True
2026-09-08,603231.SH,18.55,15.17,0.10023724792408069,True
2026-09-08,600300.SH,3.66,3.0,0.09909909909909911,True
2026-09-08,002170.SZ,12.89,10.55,0.09982935153583616,True
2026-09-08,603182.SH,15.38,12.58,0.1001430615164521,True
2026-09-08,002556.SZ,5.96,4.88,0.09963099630996311,True
2026-09-08,600191.SH,11.55,9.45,0.10000000000000006,True
2026-09-08,603779.SH,9.33,7.63,0.10023584905660378,True
2026-09-09,600127.SH,16.27,13.31,0.1000676132521974,True
2026-09-09,600704.SH,5.51,4.51,0.0998003992015968,True
2026-09-09,002646.SZ,8.12,6.64,0.10027100271002708,True
2026-09-09,600371.SH,17.41,14.25,0.0998104864181933,True
2026-09-09,600300.SH,3.73,3.05,0.10029498525073749,True
2026-09-09,603231.SH,18.76,15.35,0.0999706830841396,True
2026-09-09,603182.SH,15.58,12.74,0.1002824858757062,True
2026-09-09,600191.SH,11.97,9.79,0.10018382352941184,True
2026-09-09,002170.SZ,13.17,10.77,0.10025062656641606,True
2026-09-09,002556.SZ,6.16,5.04,0.10000000000000002,True
2026-09-09,600598.SH,15.47,12.65,0.10028449502133713,True
2026-09-09,002758.SZ,10.23,8.37,0.10000000000000006,True
2026-09-09,002385.SZ,3.97,3.25,0.09972299168975071,True
2026-09-09,600108.SH,5.81,4.75,0.10037878787878786,True
2026-09-09,600596.SH,13.29,10.87,0.1001655629139073,True
2026-09-10,600127.SH,15.76,12.9,0.09979064898813676,True
2026-09-10,600704.SH,5.53,4.53,0.09940357852882703,True
2026-09-10,002646.SZ,7.99,6.53,0.10055096418732783,True
2026-09-10,600300.SH,3.69,3.02,0.0998509687034277,True
2026-09-10,603231.SH,18.69,15.29,0.10005885815185409,True
2026-09-11,600127.SH,15.4,12.6,0.10000000000000002,True
2026-09-11,601086.SH,16.62,13.6,0.09993381866313704,True
2026-09-11,600371.SH,15.57,12.74,0.09996467679265277,True
2026-09-11,600704.SH,5.56,4.55,0.09990108803165182,True
2026-09-11,002646.SZ,7.8,6.38,0.1001410437235543,True
2026-09-11,600191.SH,11.15,9.13,0.09960552268244573,True
2026-09-11,600300.SH,3.62,2.96,0.10030395136778117,True
2026-09-14,601086.SH,17.99,14.72,0.09996942830938543,True
2026-09-14,600127.SH,14.91,12.2,0.09996311324234602,True
2026-09-14,000548.SZ,5.02,4.1,0.10087719298245613,True
2026-09-14,600704.SH,5.45,4.46,0.09989909182643796,True
2026-09-14,002456.SZ,7.7,6.3,0.10000000000000002,True
2026-09-15,002456.SZ,7.69,6.29,0.1001430615164521,True
2026-09-15,002149.SZ,36.67,30.01,0.09988002399520095,True
2026-09-15,600930.SH,4.33,3.55,0.0989847715736041,True
2026-09-15,000969.SZ,18.69,15.29,0.10005885815185409,True
2026-09-15,603806.SH,15.84,12.96,0.09999999999999996,True
2026-09-15,002345.SZ,10.04,8.22,0.0996714129244249,True
2026-09-15,002866.SZ,15.88,13.0,0.09972299168975071,True
2026-09-15,000737.SZ,15.72,12.86,0.10006997900629816,True
2026-09-15,603219.SH,14.0,11.46,0.09976433621366847,True
2026-09-15,600363.SH,16.71,13.67,0.10006583278472682,True
2026-09-15,001387.SZ,12.93,10.58,0.09995746490854955,True
2026-09-15,600973.SH,6.78,5.54,0.10064935064935067,True
2026-09-15,600265.SH,24.34,19.92,0.09986443741527333,True
2026-09-15,002164.SZ,11.39,9.32,0.09995171414775472,True
2026-09-15,000993.SZ,16.8,13.74,0.100196463654224,True
2026-09-15,601086.SH,19.79,16.19,0.10005558643690933,True
2026-09-15,603283.SH,48.52,39.7,0.09997732940376332,True
2026-09-15,000404.SZ,7.6,6.22,0.09985528219971056,True
2026-09-15,600655.SH,5.05,4.13,0.10021786492374728,True
2026-09-15,601908.SH,3.28,2.68,0.10067114093959725,True
2026-09-15,001314.SZ,53.63,43.88,0.09998974464157522,True
2026-09-15,601619.SH,4.46,3.65,0.09987669543773121,True
2026-09-15,000800.SZ,6.84,5.6,0.09967845659163989,True
2026-09-15,601633.SH,16.18,13.24,0.09993201903467026,True
2026-09-15,002384.SZ,203.62,166.6,0.09999459780670955,True
2026-09-15,000060.SZ,6.79,5.55,0.10048622366288494,True
2026-09-15,601127.SH,52.69,43.11,0.09999999999999999,True
2026-09-15,603690.SH,25.6,20.94,0.10012892135797162,True
2026-09-15,600089.SH,20.32,16.62,0.10016242555495397,True
2026-09-15,000063.SZ,35.15,28.76,0.09998435299640115,True
2026-09-15,600525.SH,5.39,4.41,0.09999999999999995,True
2026-09-15,600132.SH,42.44,34.72,0.10005184033177811,True
2026-09-15,002595.SZ,44.04,36.04,0.0999000999000999,True
2026-09-15,000600.SZ,8.22,6.72,0.10040160642570287,True
2026-09-15,002701.SZ,4.88,4.0,0.0990990990990991,True
2026-09-15,600528.SH,7.61,6.23,0.09971098265895953,True
2026-09-15,002249.SZ,7.07,5.79,0.09953343701399692,True
2026-09-15,600350.SH,11.42,9.34,0.10019267822736032,True
2026-09-15,600578.SH,6.18,5.06,0.09964412811387903,True
2026-09-15,600642.SH,9.58,7.84,0.09988518943742825,True
2026-09-16,605058.SH,44.33,36.27,0.09999999999999995,True
2026-09-16,600525.SH,5.25,4.29,0.10062893081761007,True
2026-09-16,002906.SZ,29.74,24.34,0.09985207100591714,True
2026-09-16,002708.SZ,18.0,14.72,0.1002444987775061,True
2026-09-16,002818.SZ,12.53,10.25,0.10008779631255484,True
2026-09-16,002916.SZ,428.69,350.75,0.09999486811043826,True
2026-09-16,002584.SZ,9.55,7.81,0.10023041474654384,True
2026-09-16,002463.SZ,138.4,113.24,0.09998410427594982,True
2026-09-16,000733.SZ,45.03,36.85,0.09990229604298974,True
2026-09-16,603920.SH,46.7,38.21,0.09998822282416679,True
2026-09-16,000823.SZ,26.29,21.51,0.09999999999999995,True
2026-09-16,001389.SZ,188.0,153.82,0.09999414896729275,True
2026-09-16,600176.SH,51.8,42.38,0.10002123593119552,True
2026-09-16,600183.SH,165.28,135.23,0.0999966723237164,True
2026-09-17,600525.SH,5.27,4.31,0.1002087682672234,True
2026-09-17,002906.SZ,29.74,24.34,0.09985207100591714,True
2026-09-17,600516.SH,5.76,4.72,0.09923664122137404,True
2026-09-17,002149.SZ,37.04,30.3,0.10008910008910006,True
2026-09-17,002080.SZ,61.47,50.29,0.10003579098067288,True
2026-09-17,002584.SZ,10.51,8.6,0.09994767137624282,True
2026-09-17,605058.SH,48.76,39.9,0.09993232573877735,True
2026-09-17,000548.SZ,4.98,4.08,0.0993377483443709,True
2026-09-17,600373.SH,8.04,6.58,0.09986320109439119,True
2026-09-17,002222.SZ,75.45,61.73,0.10001457938475,True
2026-09-17,002445.SZ,3.39,2.77,0.10064935064935067,True
2026-09-17,600582.SH,5.46,4.46,0.10080645161290323,True
2026-09-17,603779.SH,8.81,7.21,0.09987515605493137,True
2026-09-17,002586.SZ,4.11,3.37,0.09893048128342248,True
2026-09-17,603175.SH,111.47,91.21,0.09996052891257157,True
2026-09-17,600977.SH,13.9,11.38,0.09968354430379744,True
2026-09-17,000050.SZ,7.17,5.87,0.09969325153374232,True
2026-09-17,002296.SZ,10.03,8.21,0.09978070175438587,True
2026-09-17,002818.SZ,12.55,10.27,0.09991235758106928,True
2026-09-17,600674.SH,17.61,14.41,0.09993753903810118,True
2026-09-17,002598.SZ,7.55,6.17,0.10058309037900874,True
2026-09-17,600959.SH,3.42,2.8,0.09967845659163989,True
2026-09-17,003030.SZ,27.97,22.89,0.09988202909948876,True
2026-09-17,600637.SH,9.21,7.53,0.10035842293906812,True
2026-09-17,600176.SH,52.13,42.65,0.10002110149820641,True
2026-09-17,600568.SH,2.59,2.12,0.09978768577494687,True
2026-09-17,603529.SH,23.65,19.35,0.09999999999999994,True
2026-09-17,601908.SH,3.33,2.73,0.09900990099009901,True
2026-09-17,603306.SH,88.9,72.74,0.09997525365008669,True
2026-09-17,002217.SZ,1.66,1.36,0.0993377483443708,True
2026-09-17,601698.SH,26.35,21.56,0.09997912753078696,True
2026-09-17,600600.SH,55.44,45.36,0.09999999999999999,True
2026-09-17,600378.SH,53.28,43.6,0.09991742361684558,True
2026-09-17,000752.SZ,9.55,7.81,0.10023041474654384,True
2026-09-17,603920.SH,47.05,38.49,0.10007014262333407,True
2026-09-17,600345.SH,59.21,48.45,0.0999442689949842,True
2026-09-17,600900.SH,31.31,25.61,0.10014054813773716,True
2026-09-17,603000.SH,18.76,15.35,0.0999706830841396,True
2026-09-17,600105.SH,49.74,40.7,0.09995577178239716,True
2026-09-17,600169.SH,2.35,1.93,0.09813084112149535,True
2026-09-18,600525.SH,5.21,4.27,0.09915611814345995,True
2026-09-18,002906.SZ,30.71,25.13,0.09992836676217767,True
2026-09-18,603991.SH,196.92,161.12,0.09998882806390344,True
2026-09-18,600520.SH,27.19,22.25,0.09991909385113272,True
2026-09-18,000021.SZ,39.06,31.96,0.09997183891861448,True
2026-09-18,002845.SZ,15.29,12.51,0.09999999999999999,True
2026-09-18,002137.SZ,9.41,7.7,0.09994155464640561,True
2026-09-18,002559.SZ,9.99,8.17,0.10022026431718063,True
2026-09-18,002617.SZ,7.59,6.21,0.09999999999999999,True
2026-09-18,002179.SZ,38.26,31.3,0.10005750431282343,True
2026-09-18,001287.SZ,26.32,21.54,0.09987463435018808,True
2026-09-18,603031.SH,46.35,37.93,0.09990507831039394,True
2026-09-18,002586.SZ,4.08,3.34,0.09973045822102429,True
2026-09-18,603125.SH,25.87,21.17,0.09991496598639453,True
2026-09-18,600516.SH,6.06,4.96,0.09981851179673318,True
2026-09-18,002149.SZ,36.42,29.8,0.09996979764421626,True
2026-09-18,002445.SZ,3.45,2.83,0.09872611464968155,True
2026-09-18,002169.SZ,14.53,11.89,0.09992429977289927,True
2026-09-18,002818.SZ,12.4,10.14,0.1002661934338953,True
2026-09-18,001270.SZ,107.29,87.79,0.09995899118310436,True
2026-09-18,002255.SZ,8.26,6.76,0.09986684420772304,True
2026-09-18,002345.SZ,9.72,7.96,0.09954751131221723,True
2026-09-18,605058.SH,53.64,43.88,0.10008203445447085,True
2026-09-18,002055.SZ,7.23,5.91,0.10045662100456623,True
2026-09-18,603779.SH,9.06,7.42,0.09951456310679614,True
2026-09-18,002079.SZ,9.89,8.09,0.10011123470522806,True
2026-09-18,000801.SZ,13.44,11.0,0.09983633387888706,True
2026-09-18,000062.SZ,24.84,20.32,0.10008857395925598,True
2026-09-18,601138.SH,67.4,55.14,0.10004896360372127,True
2026-09-18,000726.SZ,6.69,5.47,0.1003289473684211,True
2026-09-18,002409.SZ,148.16,121.22,0.10000742445615858,True
2026-09-18,000548.SZ,5.04,4.12,0.10043668122270741,True
2026-09-18,600637.SH,9.27,7.59,0.09964412811387899,True
2026-09-18,605589.SH,44.42,36.34,0.10004952947003465,True
2026-09-18,002371.SZ,732.05,598.95,0.09999999999999994,True
2026-09-18,000519.SZ,16.67,13.64,0.09996700758825473,True
2026-09-18,000718.SZ,2.13,1.75,0.09793814432989688,True
2026-09-18,603297.SH,120.74,98.78,0.10003644314868802,True
2026-09-18,002156.SZ,64.14,52.48,0.09998285028297035,True
2026-09-18,002598.SZ,7.52,6.16,0.09941520467836254,True
2026-09-21,601086.SH,17.67,14.45,0.10024906600249073,True
2026-09-21,000993.SZ,21.56,17.64,0.09999999999999995,True
2026-09-21,600525.SH,5.38,4.4,0.10020449897750505,True
2026-09-21,600301.SH,49.97,40.89,0.09993396434074399,True
2026-09-21,000513.SZ,28.85,23.61,0.09988562714449108,True
2026-09-21,600281.SH,4.98,4.08,0.0993377483443709,True
2026-09-21,002708.SZ,18.73,15.33,0.09982384028185555,True
2026-09-21,600371.SH,16.94,13.86,0.10000000000000006,True
2026-09-21,600867.SH,8.64,7.07,0.09993634627625718,True
2026-09-21,603386.SH,19.4,15.88,0.09977324263038542,True
2026-09-21,000920.SZ,14.48,11.84,0.10030395136778117,True
2026-09-21,605258.SH,41.2,33.71,0.09998665064744364,True
2026-09-21,002913.SZ,92.47,75.65,0.10004758505829166,True
2026-09-21,000548.SZ,5.03,4.11,0.10065645514223194,True
2026-09-21,000863.SZ,5.15,4.21,0.10042735042735047,True
2026-09-21,603618.SH,43.9,35.92,0.09997494362315207,True
2026-09-21,002636.SZ,88.95,72.77,0.10004946821667084,True
2026-09-21,002916.SZ,422.95,346.05,0.09999999999999996,True
2026-09-21,002080.SZ,66.24,54.2,0.09996678844237789,True
2026-09-21,002025.SZ,81.62,66.78,0.10000000000000002,True
2026-09-21,000657.SZ,67.94,55.58,0.10006476683937823,True
2026-09-21,002586.SZ,4.17,3.41,0.10026385224274403,True
2026-09-21,002436.SZ,47.17,38.59,0.10004664179104475,True
2026-09-21,001216.SZ,24.06,19.68,0.10013717421124828,True
2026-09-21,002902.SZ,34.32,28.08,0.10000000000000003,True
2026-09-21,002137.SZ,9.54,7.8,0.10034602076124563,True
2026-09-21,001287.SZ,26.96,22.06,0.09995920032639743,True
2026-09-21,603987.SH,8.09,6.62,0.09993201903467026,True
2026-09-21,001399.SZ,25.49,20.85,0.10012947777298223,True
2026-09-21,600487.SH,76.44,62.54,0.10001439055979278,True
2026-09-21,002149.SZ,37.36,30.56,0.10011778563015312,True
2026-09-21,600522.SH,39.58,32.38,0.10005558643690933,True
2026-09-21,605366.SH,9.3,7.61,0.09994086339444118,True
2026-09-21,603779.SH,9.06,7.42,0.09951456310679614,True
2026-09-21,600176.SH,49.52,40.52,0.09995557529986672,True
2026-09-21,603685.SH,30.28,24.78,0.09989102796948783,True
2026-09-21,603991.SH,197.8,161.84,0.09998887776665558,True
2026-09-21,002816.SZ,25.01,20.47,0.09982409850483734,True
2026-09-21,600699.SH,22.15,18.13,0.09980139026812312,True
2026-09-21,002296.SZ,10.22,8.36,0.10010764262648016,True
2026-09-22,601086.SH,19.44,15.9,0.10016977928692701,True
2026-09-22,000993.SZ,22.47,18.39,0.09985315712187955,True
2026-09-22,600525.SH,5.59,4.57,0.10039370078740154,True
2026-09-22,605058.SH,53.27,43.59,0.09993805492463348,True
2026-09-22,000513.SZ,29.37,24.03,0.09999999999999999,True
2026-09-22,600601.SH,16.78,13.73,0.09996722386102919,True
2026-09-22,600867.SH,8.76,7.16,0.10050251256281405,True
2026-09-22,002913.SZ,92.95,76.05,0.10000000000000003,True
2026-09-22,002134.SZ,29.39,24.05,0.0999251497005988,True
2026-09-22,002055.SZ,7.66,6.26,0.10057471264367819,True
2026-09-22,002584.SZ,10.74,8.78,0.10040983606557381,True
2026-09-22,603386.SH,19.82,16.22,0.09988901220865709,True
2026-09-22,603002.SH,21.27,17.41,0.0997931747673216,True
2026-09-22,001389.SZ,204.52,167.34,0.09998386489539075,True
2026-09-22,002138.SZ,58.71,48.03,0.10005621135469364,True
2026-09-22,603175.SH,121.19,99.15,0.10002723064355083,True
2026-09-22,603306.SH,93.25,76.29,0.1000353898784947,True
2026-09-22,002579.SZ,21.41,17.51,0.10020554984583757,True
2026-09-22,600301.SH,54.97,44.97,0.10006003602161297,True
2026-09-22,002745.SZ,13.55,11.09,0.09983766233766236,True
2026-09-22,002436.SZ,48.76,39.9,0.09993232573877735,True
2026-09-22,603920.SH,51.08,41.8,0.09991386735572784,True
2026-09-22,001314.SZ,59.61,48.77,0.10001845358922308,True
2026-09-22,000863.SZ,5.23,4.28,0.09989484752891693,True
2026-09-22,002652.SZ,5.27,4.31,0.1002087682672234,True
2026-09-22,600645.SH,20.96,17.15,0.09997376016793498,True
2026-09-22,603613.SH,23.42,19.16,0.10004697040864259,True
2026-09-22,002080.SZ,72.86,59.62,0.09993961352657008,True
2026-09-22,603328.SH,15.18,12.42,0.09999999999999999,True
2026-09-22,605366.SH,9.44,7.72,0.10023310023310021,True
2026-09-22,601208.SH,58.03,47.48,0.09999052222538153,True
2026-09-22,603256.SH,163.81,134.03,0.09998656997045392,True
2026-09-22,002803.SZ,23.16,18.95,0.09997625267157446,True
2026-09-22,603297.SH,126.52,103.52,0.09998261171970092,True
2026-09-22,000066.SZ,16.32,13.36,0.09973045822102429,True
2026-09-22,600176.SH,50.46,41.28,0.10006540222367559,True
2026-09-22,603203.SH,52.69,43.11,0.09999999999999999,True
2026-09-22,003019.SZ,31.49,25.77,0.09989521480964023,True
2026-09-22,002281.SZ,213.14,174.38,0.10002064409578859,True
2026-09-22,600476.SH,11.3,9.24,0.10029211295034082,True
2026-09-23,605058.SH,58.6,47.94,0.10005631687629064,True
2026-09-23,001216.SZ,29.12,23.82,0.10011333585190783,True
2026-09-23,601086.SH,19.98,16.34,0.10022026431718063,True
2026-09-23,603386.SH,20.85,17.06,0.09997362173568987,True
2026-09-23,002708.SZ,18.6,15.22,0.09994086339444118,True
2026-09-23,000513.SZ,29.43,24.08,0.09998131190431699,True
2026-09-23,603920.SH,50.77,41.54,0.09998916693749327,True
2026-09-23,600867.SH,8.66,7.08,0.10038119440914867,True
2026-09-23,002436.SZ,48.65,39.81,0.0999321727334388,True
2026-09-23,002636.SZ,94.14,77.02,0.10002336994624915,True
2026-09-23,002055.SZ,7.69,6.29,0.1001430615164521,True
2026-09-23,600645.SH,21.22,17.36,0.10005184033177811,True
2026-09-23,603328.SH,15.2,12.44,0.09985528219971056,True
2026-09-23,001389.SZ,218.52,178.79,0.09999748307367048,True
2026-09-23,002916.SZ,440.0,360.0,0.1,True
2026-09-23,603175.SH,124.39,101.77,0.1000176865935621,True
2026-09-23,603936.SH,24.88,20.36,0.09991158267020336,True
2026-09-23,002745.SZ,13.75,11.25,0.1,True
2026-09-23,600176.SH,50.02,40.92,0.10006597756762703,True
2026-09-23,605589.SH,44.64,36.52,0.10004928536224739,True
2026-09-23,001266.SZ,41.53,33.98,0.09998675672096417,True
2026-09-23,001314.SZ,60.45,49.46,0.09999090164680195,True
2026-09-23,603002.SH,21.78,17.82,0.10000000000000002,True
2026-09-23,603297.SH,126.92,103.84,0.1000173340266944,True
2026-09-23,603203.SH,51.69,42.29,0.10002128112364332,True
2026-09-23,002080.SZ,68.75,56.25,0.1,True
2026-09-23,002886.SZ,28.84,23.6,0.09992372234935161,True
2026-09-23,600601.SH,16.9,13.82,0.10026041666666662,True
2026-09-23,000060.SZ,6.82,5.58,0.10000000000000002,True
2026-09-23,002138.SZ,59.79,48.92,0.09999080121423969,True
2026-09-23,600522.SH,40.57,33.19,0.10005422993492412,True
2026-09-23,001359.SZ,99.11,81.09,0.09999999999999998,True
2026-09-23,603219.SH,14.17,11.59,0.1001552795031056,True
2026-09-23,000504.SZ,13.32,10.9,0.09991742361684558,True
2026-09-23,603256.SH,175.14,143.3,0.0999874387639743,True
2026-09-23,002845.SZ,16.09,13.17,0.09979494190020506,True
2026-09-23,002741.SZ,29.46,24.1,0.10007468259895443,True
2026-09-23,001287.SZ,27.47,22.47,0.10012014417300762,True
2026-09-23,605369.SH,19.43,15.89,0.10022650056625139,True
2026-09-23,600301.SH,53.76,43.98,0.10006138735420506,True
