signal_date,scope,horizon,prediction_stocks,observed_labels,positive_utility_stocks,rank_ic,return_mae,risk_mae,top5_observed,top5_mean_forward_return,positive_utility_mean_forward_return
2025-12-31,all_boards,5,4999,4989,297,0.00872594784022183,0.0556582967361172,0.022809315499396538,5,0.013132164254784584,0.058838121592998505
2025-12-31,all_boards,10,4999,4975,297,0.06839988052142587,0.07945243014487784,0.03392860027406924,5,0.005953324027359486,0.06828892976045609
2025-12-31,all_boards,20,4999,4963,297,0.1389321583950671,0.09658694473087696,0.04763858378843142,4,0.125425785779953,0.08323206007480621
2025-12-31,buyable_mainboard,5,3082,3076,132,-0.006624890890494283,0.045984456319780806,0.021642042908108658,5,0.0067327795550227165,0.04207616299390793
2025-12-31,buyable_mainboard,10,3082,3067,132,0.04351538328536357,0.062371394446056355,0.032091327444464385,5,-0.04062705487012863,0.03600728511810303
2025-12-31,buyable_mainboard,20,3082,3060,132,0.14784915037802393,0.08783754519848122,0.045666535968364744,4,0.03935001417994499,0.0721956416964531
2026-01-05,all_boards,5,4995,4985,10,-0.22358337003785123,0.07028853135385488,0.023497698893047213,5,0.016863498836755753,0.047208625823259354
2026-01-05,all_boards,10,4995,4973,10,0.036027058130442415,0.0793327842061458,0.03442914783831428,5,0.021110551431775093,0.01824342831969261
2026-01-05,all_boards,20,4995,4962,10,0.16050408043606917,0.08376809849352174,0.045645753403535445,4,0.10002702474594116,0.028137795627117157
2026-01-05,buyable_mainboard,5,3080,3072,7,-0.17085714591288792,0.05655874316766093,0.02253417252086365,5,0.057744599878787994,0.04950813576579094
2026-01-05,buyable_mainboard,10,3080,3066,7,0.05001028657815208,0.06749944586412708,0.03254923376337739,5,-0.0013199157547205687,-0.0011310146655887365
2026-01-05,buyable_mainboard,20,3080,3059,7,0.17306397135003895,0.07686914373888216,0.044060650141787935,4,0.040119290351867676,0.015794942155480385
2026-01-06,all_boards,5,4995,4981,2,-0.022062554603256446,0.05554484991383421,0.02163264582550717,5,0.01588156819343567,0.029514018446207047
2026-01-06,all_boards,10,4995,4975,2,0.1735749702737656,0.07365747077620603,0.0324486443676533,5,0.06374116986989975,0.08061454445123672
2026-01-06,all_boards,20,4995,4964,2,0.16974440977229957,0.09055409335612931,0.04346686406135103,5,0.09550976753234863,0.12575368583202362
2026-01-06,buyable_mainboard,5,3080,3070,1,0.0009906265464119455,0.04357193202161039,0.01922565193427613,5,0.011386144906282425,0.04462474584579468
2026-01-06,buyable_mainboard,10,3080,3067,1,0.17419936702531766,0.06511956280398026,0.029363402297469338,5,0.0705360397696495,0.11561866104602814
2026-01-06,buyable_mainboard,20,3080,3060,1,0.1789386484538804,0.08160091435985758,0.041020125498442785,5,0.08779668062925339,0.2048681527376175
2026-01-07,all_boards,5,4996,4982,1,0.022169127022287145,0.062494469314741306,0.02733408155221227,5,0.031051000580191612,0.03711484745144844
2026-01-07,all_boards,10,4996,4975,1,0.08716680302803205,0.0799573406558829,0.03817485895662173,5,0.07433249801397324,0.07422969490289688
2026-01-07,all_boards,20,4996,4965,1,0.1793895815049948,0.08985253749594943,0.04725917247617873,5,0.07667405903339386,0.06862745434045792
2026-01-07,buyable_mainboard,5,3081,3072,0,0.032067666873172425,0.047821538046633805,0.024882863462276344,5,0.005826761480420828,
2026-01-07,buyable_mainboard,10,3081,3068,0,0.10169791956908612,0.07086607940171191,0.03507224991282411,5,0.05646217614412308,
2026-01-07,buyable_mainboard,20,3081,3062,0,0.1729815809416673,0.08317688160561783,0.045116351142494196,5,0.0655314028263092,
2026-01-08,all_boards,5,4997,4982,0,-0.04815195030088267,0.05298767221223068,0.02624881579295665,5,0.032555386424064636,
2026-01-08,all_boards,10,4997,4977,0,0.1255189673012979,0.08230841093170328,0.03717691780334681,5,0.04573420435190201,
2026-01-08,all_boards,20,4997,4966,0,0.22678843554591957,0.08285303075091394,0.045585840668802106,5,0.01691604219377041,
2026-01-08,buyable_mainboard,5,3080,3071,0,-0.023794341490660235,0.0440527680450431,0.024143155144639154,5,0.03351558744907379,
2026-01-08,buyable_mainboard,10,3080,3068,0,0.15072095120185094,0.07618029022938629,0.03419821625988455,5,0.04838264733552933,
2026-01-08,buyable_mainboard,20,3080,3062,0,0.251657173804088,0.07742895405386688,0.04401818270437323,5,-0.03216095268726349,
2026-01-09,all_boards,5,4997,4983,0,0.05058937816085335,0.0447654222860793,0.02403394382645539,5,0.0061301193200051785,
2026-01-09,all_boards,10,4997,4979,0,0.20279493721599523,0.08454485454160086,0.034138843114140616,5,0.05256735533475876,
2026-01-09,all_boards,20,4997,4966,0,0.3295005857128533,0.08265494113547946,0.043623202852387306,5,0.08311580121517181,
2026-01-09,buyable_mainboard,5,3080,3071,0,0.08751946532102194,0.03775963365158589,0.0218397099215834,5,0.0061301193200051785,
2026-01-09,buyable_mainboard,10,3080,3069,0,0.2230254281742302,0.07923691895385827,0.031373802950312266,5,0.05256735533475876,
2026-01-09,buyable_mainboard,20,3080,3062,0,0.34328357407912846,0.07873812053693162,0.04184558144448063,5,0.08311580121517181,
2026-01-12,all_boards,5,4994,4982,0,0.3123219925752011,0.050813184707612216,0.025835495910911655,5,0.0019530743593350053,
2026-01-12,all_boards,10,4994,4977,0,0.3946676501546373,0.08013531325578602,0.036032296088124034,5,0.03468375280499458,
2026-01-12,all_boards,20,4994,4965,0,0.3544918253689297,0.09011719735421027,0.04723557046887263,5,0.0485580712556839,
2026-01-12,buyable_mainboard,5,3076,3070,0,0.2719679578489361,0.04711466442378096,0.02386596844310141,5,0.0019530743593350053,
2026-01-12,buyable_mainboard,10,3076,3067,0,0.3909990445763614,0.07925802020715307,0.03361881921193625,5,0.03468375280499458,
2026-01-12,buyable_mainboard,20,3076,3060,0,0.3716388857525346,0.08670168615228689,0.04481095704035088,5,0.0485580712556839,
2026-01-13,all_boards,5,4991,4985,0,0.2880325616161286,0.05064534229574401,0.02984901554106546,5,0.03677564486861229,
2026-01-13,all_boards,10,4991,4979,0,0.226694788672192,0.07618914915356194,0.04147867531021235,5,0.07940082252025604,
2026-01-13,all_boards,20,4991,4967,0,0.25432574748774406,0.08768774850470287,0.04874547508495696,5,0.09685757756233215,
2026-01-13,buyable_mainboard,5,3075,3072,0,0.21202317075330238,0.048058219191060424,0.02674758127027606,5,0.03677564486861229,
2026-01-13,buyable_mainboard,10,3075,3069,0,0.19084027319339095,0.07129344315059925,0.03805838005487,5,0.07940082252025604,
2026-01-13,buyable_mainboard,20,3075,3061,0,0.2551802342639089,0.08448010144511423,0.04665120103551569,5,0.09685757756233215,
2026-01-14,all_boards,5,4990,4983,0,0.3002782422204559,0.05889395116007745,0.032957773855213986,5,0.0371268168091774,
2026-01-14,all_boards,10,4990,4978,0,0.28656112343568957,0.07819826930103771,0.04360272584095709,5,0.05197465419769287,
2026-01-14,all_boards,20,4990,4967,0,0.3025348519450596,0.08940400366852627,0.05060107701036673,5,0.09687809646129608,
2026-01-14,buyable_mainboard,5,3075,3071,0,0.2198892374021411,0.05519991143565397,0.030063150226939832,5,0.0371268168091774,
2026-01-14,buyable_mainboard,10,3075,3068,0,0.24299252253513037,0.07654562389683636,0.040743382504789524,5,0.05197465419769287,
2026-01-14,buyable_mainboard,20,3075,3061,0,0.28924810495077774,0.08769096617365671,0.048993041696348216,5,0.09687809646129608,
2026-01-15,all_boards,5,4989,4984,0,0.22137348836493398,0.05046538438442034,0.02574244276673674,5,0.001152773154899478,
2026-01-15,all_boards,10,4989,4978,0,0.2144331680105675,0.06685707858994887,0.034736512842228194,5,-0.0072283195331692696,
2026-01-15,all_boards,20,4989,4968,0,0.20556518996398523,0.08284098483459854,0.04278459587422788,5,0.05394335836172104,
2026-01-15,buyable_mainboard,5,3075,3072,0,0.132979334915725,0.04922557989191271,0.023568607335396525,5,0.001152773154899478,
2026-01-15,buyable_mainboard,10,3075,3068,0,0.17340216096958552,0.06660902708074698,0.032915558855559406,5,-0.0072283195331692696,
2026-01-15,buyable_mainboard,20,3075,3062,0,0.17760762356020685,0.07972605570259159,0.041605109108663,5,0.05394335836172104,
2026-01-16,all_boards,5,4988,4984,2,-0.05358905379919457,0.042494874817287406,0.01829590138420156,5,0.06218806654214859,-0.009220773354172707
2026-01-16,all_boards,10,4988,4976,2,0.22865565496978477,0.06550642644604879,0.03646453224936379,5,0.04273656755685806,-0.03267452493309975
2026-01-16,all_boards,20,4988,4966,2,0.20684225812571602,0.07806690877056316,0.0452651067906519,5,0.06280698627233505,0.0371706485748291
2026-01-16,buyable_mainboard,5,3074,3072,2,-0.0785012175413168,0.04065620567374825,0.016523045632072474,5,0.06218806654214859,-0.009220773354172707
2026-01-16,buyable_mainboard,10,3074,3067,2,0.209333692962913,0.06421187156199626,0.03550524919571555,5,0.04273656755685806,-0.03267452493309975
2026-01-16,buyable_mainboard,20,3074,3060,2,0.17992751473301874,0.07451697224124812,0.04538250386045738,5,0.06280698627233505,0.0371706485748291
2026-01-19,all_boards,5,4986,4981,0,-0.03701570102765604,0.05103938280728119,0.01762884294735756,5,0.0211959108710289,
2026-01-19,all_boards,10,4986,4975,0,0.12797145669338575,0.059515682852297004,0.03200377431620631,5,0.0007749294745735824,
2026-01-19,all_boards,20,4986,4965,0,0.16272962495080528,0.07812584644164436,0.038429393815399546,5,0.06430550664663315,
2026-01-19,buyable_mainboard,5,3073,3070,0,-0.05750542089810403,0.046952774180885004,0.01606963437811228,5,0.0211959108710289,
2026-01-19,buyable_mainboard,10,3073,3066,0,0.1321360959873466,0.05428728785467617,0.030078685971983564,5,0.0007749294745735824,
2026-01-19,buyable_mainboard,20,3073,3059,0,0.1195471797871404,0.07456538363897762,0.037596816845218727,5,0.06430550664663315,
2026-01-20,all_boards,5,4986,4980,0,-0.05230750934420618,0.04873275845420036,0.022113781012241842,5,0.07141126692295074,
2026-01-20,all_boards,10,4986,4975,0,-0.07599537010241966,0.0584054953023445,0.036252746268575685,5,-0.0019412845140323043,
2026-01-20,all_boards,20,4986,4963,0,0.043175155873682626,0.08577553680626608,0.044776185332730756,5,0.012193722650408745,
2026-01-20,buyable_mainboard,5,3073,3070,0,-0.056477520771634204,0.04693004977047536,0.020710080156272882,5,-0.014495613984763622,
2026-01-20,buyable_mainboard,10,3073,3066,0,-0.08590648448916885,0.053822433299852646,0.034374370812525,5,-0.024052107706665993,
2026-01-20,buyable_mainboard,20,3073,3057,0,0.004410483589587527,0.08284859524971869,0.04382026802264349,5,0.001931220293045044,
2026-01-21,all_boards,5,4985,4980,0,-0.0283583139006229,0.05743547433207774,0.023350155501887942,5,-0.01093748677521944,
2026-01-21,all_boards,10,4985,4975,0,0.054200907041492705,0.059288690390846874,0.03510599230525222,5,-0.023104598745703697,
2026-01-21,all_boards,20,4985,4962,0,0.061654820552985226,0.08658322958561471,0.04347508535069179,5,-0.0221906416118145,
2026-01-21,buyable_mainboard,5,3072,3069,0,-0.06429018170502893,0.05479240787162492,0.022457153943777047,5,-0.002798462752252817,
2026-01-21,buyable_mainboard,10,3072,3066,0,0.026714196248573067,0.05655517037610863,0.034570902840489914,5,-0.0028177641797810793,
2026-01-21,buyable_mainboard,20,3072,3056,0,0.028800149887463003,0.08333797202724814,0.04423542299421841,5,0.0024300278164446354,
2026-01-22,all_boards,5,4990,4984,0,0.019546490308538625,0.060397123561667924,0.02485420771574894,5,0.007111149374395609,
2026-01-22,all_boards,10,4990,4979,0,0.11844501197477594,0.05380150158528001,0.0350244475283001,5,-0.006631116382777691,
2026-01-22,all_boards,20,4990,4965,0,0.0683511917104269,0.09240542198125583,0.04436871944810616,5,-0.025398802012205124,
2026-01-22,buyable_mainboard,5,3075,3071,0,-0.010796217179838795,0.056051443903861145,0.024172583248893917,5,0.013020763173699379,
2026-01-22,buyable_mainboard,10,3075,3069,0,0.13207151370565304,0.051331782338226745,0.034427589978908185,5,-0.0027162584010511637,
2026-01-22,buyable_mainboard,20,3075,3057,0,0.044104623683603475,0.08883138103525715,0.04449589366862068,5,-0.022010261192917824,
2026-01-23,all_boards,5,4990,4982,0,0.09257543720084342,0.062352565189893565,0.02975140127151508,5,-0.015994694083929062,
2026-01-23,all_boards,10,4990,4977,0,0.11732866307879306,0.07620916244125431,0.03218902468592004,5,0.013967948034405708,
2026-01-23,all_boards,20,4990,4963,0,0.14982832931325543,0.09109836219694203,0.043868109756434,5,0.013341272249817848,
2026-01-23,buyable_mainboard,5,3075,3070,0,0.07375970987362909,0.056183271505442695,0.027449109920741753,5,-0.0070817903615534306,
2026-01-23,buyable_mainboard,10,3075,3068,0,0.11499542624858351,0.0683103270039277,0.030611911038655275,5,-0.006377811077982187,
2026-01-23,buyable_mainboard,20,3075,3055,0,0.14360764784451915,0.08936382055808713,0.044506718728896354,5,-0.019536171108484268,
2026-01-26,all_boards,5,4990,4984,0,0.11350422121461706,0.06426049300917053,0.026328777796786648,4,-0.00636964850127697,
2026-01-26,all_boards,10,4990,4978,0,0.061265217090234816,0.05968402052776868,0.03417384336653904,4,0.006427307613193989,
2026-01-26,all_boards,20,4990,4965,0,0.21269410681003675,0.08809148874317299,0.05530173958892102,4,-0.00821158941835165,
2026-01-26,buyable_mainboard,5,3073,3069,0,0.10303179438343515,0.060501587516932985,0.02480171949215967,4,-0.00636964850127697,
2026-01-26,buyable_mainboard,10,3073,3066,0,0.03982618037091885,0.056001135787876515,0.032787680044997616,4,0.006427307613193989,
2026-01-26,buyable_mainboard,20,3073,3054,0,0.20409403070618437,0.08718478465091994,0.05451724732687075,4,-0.00821158941835165,
2026-01-27,all_boards,5,4990,4985,0,0.13125140790779552,0.04774016250298807,0.025937214607232632,4,0.03790412098169327,
2026-01-27,all_boards,10,4990,4978,0,0.2220316231777858,0.05641078340957875,0.03863138000269794,4,0.03635808825492859,
2026-01-27,all_boards,20,4990,4966,0,0.22312624472489806,0.08961527679807603,0.05565987833404321,4,-0.016718851402401924,
2026-01-27,buyable_mainboard,5,3073,3069,0,0.1209090289599971,0.045042627221225776,0.025242376012560144,4,0.03790412098169327,
2026-01-27,buyable_mainboard,10,3073,3065,0,0.18361649104613081,0.052437496426741774,0.03859412590909548,4,0.03635808825492859,
2026-01-27,buyable_mainboard,20,3073,3054,0,0.18763636172603565,0.09026949290252036,0.05662332766835508,4,-0.016718851402401924,
2026-01-28,all_boards,5,4992,4987,0,0.18649478050853913,0.045568719674047166,0.026773797648766567,5,0.014790263958275318,
2026-01-28,all_boards,10,4992,4981,0,0.2475698395495879,0.05586509962324053,0.039948962994986785,5,0.07010523229837418,
2026-01-28,all_boards,20,4992,4969,0,0.15419826659559666,0.09919396568831453,0.05668137204634493,5,0.012392615899443626,
2026-01-28,buyable_mainboard,5,3073,3070,0,0.1795079339470901,0.04271432532393491,0.026523167778705392,5,0.0089804045855999,
2026-01-28,buyable_mainboard,10,3073,3066,0,0.23076219289135452,0.05299444671688061,0.039663162705962256,5,0.01555882953107357,
2026-01-28,buyable_mainboard,20,3073,3055,0,0.10957916366752336,0.09727967331981315,0.05632520883882178,5,-0.02594623900949955,
2026-01-29,all_boards,5,4996,4991,0,0.22526950264804602,0.04335185941267217,0.024819650767714953,5,-0.017765993252396584,
2026-01-29,all_boards,10,4996,4985,0,0.22441828017272358,0.05501884497646518,0.03784054946437832,5,0.03442293778061867,
2026-01-29,all_boards,20,4996,4972,0,0.11924942388680405,0.11755997161762949,0.05702642933687682,5,-0.016773998737335205,
2026-01-29,buyable_mainboard,5,3075,3073,0,0.23157765720606302,0.04152721517400912,0.02397791968198678,5,-0.03163759782910347,
2026-01-29,buyable_mainboard,10,3075,3068,0,0.22763260376051261,0.053858354436154256,0.03591892475766572,5,-0.02089453488588333,
2026-01-29,buyable_mainboard,20,3075,3056,0,0.06530463065486314,0.11416414646147889,0.05536498955251873,5,-0.039346516132354736,
2026-01-30,all_boards,5,4994,4989,0,0.15292990640937418,0.037994323851802556,0.02301971036323666,5,0.008708998560905457,
2026-01-30,all_boards,10,4994,4983,0,0.1243510542600129,0.05162957656867978,0.037531065746764236,5,0.04086906462907791,
2026-01-30,all_boards,20,4994,4972,0,0.07132731808782236,0.11134817774062569,0.05554472043578937,5,-0.030584335327148438,
2026-01-30,buyable_mainboard,5,3074,3072,0,0.10767621937318354,0.03539525195194348,0.021560547584018583,5,-0.023195208981633186,
2026-01-30,buyable_mainboard,10,3074,3066,0,0.11854931243917667,0.050637522183593596,0.036148284079592245,5,-0.009617057628929615,
2026-01-30,buyable_mainboard,20,3074,3056,0,0.012874695276306457,0.10975672247165452,0.05546494815028891,5,-0.05615697056055069,
2026-02-02,all_boards,5,4995,4988,0,0.06839847836286203,0.032286720850348984,0.019289335345006896,5,-6.294995546340942e-05,
2026-02-02,all_boards,10,4995,4984,0,0.17862187213137573,0.04849393395961229,0.030135420558450383,5,0.048032306134700775,
2026-02-02,all_boards,20,4995,4973,0,-0.0008797824338191398,0.12292698206053541,0.05079768775495415,5,-0.008737243711948395,
2026-02-02,buyable_mainboard,5,3074,3070,0,0.051140494959219275,0.03096822213532134,0.01892767555680639,5,-6.294995546340942e-05,
2026-02-02,buyable_mainboard,10,3074,3066,0,0.1534979009850203,0.04737747099528661,0.030232847407773378,5,0.048032306134700775,
2026-02-02,buyable_mainboard,20,3074,3056,0,-0.04401541137501223,0.1193796010355558,0.0523051044134044,5,-0.008737243711948395,
2026-02-03,all_boards,5,4997,4989,0,0.18147699734962658,0.03279412391625224,0.020447098642495675,5,0.003452987177297473,
2026-02-03,all_boards,10,4997,4984,0,0.20074496493540547,0.04683049842946418,0.03373843418743531,5,0.0549028217792511,
2026-02-03,all_boards,20,4997,4975,0,0.0787923281468256,0.11521365355181651,0.050384974620537835,5,-0.021670622751116753,
2026-02-03,buyable_mainboard,5,3076,3071,0,0.16958148082457747,0.03146345434593169,0.020803292895364037,5,0.003452987177297473,
2026-02-03,buyable_mainboard,10,3076,3066,0,0.17206147057694482,0.045109065651978635,0.03423992329002716,5,0.0549028217792511,
2026-02-03,buyable_mainboard,20,3076,3058,0,0.03579153137988143,0.11404884616041422,0.052198900642065574,5,-0.021670622751116753,
2026-02-04,all_boards,5,4998,4991,0,0.1388211559324788,0.03198354320702733,0.020992964815762086,5,0.019508281722664833,
2026-02-04,all_boards,10,4998,4982,0,0.12746140692188226,0.05507574523193054,0.03756033787935057,5,0.07438518851995468,
2026-02-04,all_boards,20,4998,4976,0,0.037930949112412723,0.11092068393920793,0.05149080076118299,5,-0.009624452330172062,
2026-02-04,buyable_mainboard,5,3077,3072,0,0.10627728457397716,0.030751641311307976,0.020786233066842595,5,0.019508281722664833,
2026-02-04,buyable_mainboard,10,3077,3065,0,0.10309540447067216,0.051236904455113204,0.03595463686705762,5,0.07438518851995468,
2026-02-04,buyable_mainboard,20,3077,3059,0,0.004884118512833848,0.10906936862089937,0.05198168835127411,5,-0.009624452330172062,
2026-02-05,all_boards,5,4997,4991,0,-0.058961129562405214,0.042256019664414494,0.027926272003352664,5,0.041071098297834396,
2026-02-05,all_boards,10,4997,4980,0,0.11610094119215104,0.07018939715186907,0.04919231828960755,5,0.05795534700155258,
2026-02-05,all_boards,20,4997,4976,0,0.004830558199873278,0.11639391925588834,0.061230449519947286,5,-0.0906648263335228,
2026-02-05,buyable_mainboard,5,3077,3072,0,-0.07191937878183857,0.04110025627555607,0.027403093802376582,5,0.023428741842508316,
2026-02-05,buyable_mainboard,10,3077,3063,0,0.12321804002026525,0.06677557621902254,0.04756630315796753,5,0.048476360738277435,
2026-02-05,buyable_mainboard,20,3077,3059,0,-0.04550881650292545,0.11639161794157939,0.062425143190316175,5,-0.1291961371898651,
2026-02-06,all_boards,5,4996,4990,0,0.042688486550273595,0.03750760316193143,0.023866982352710314,5,0.03808186948299408,
2026-02-06,all_boards,10,4996,4979,0,0.055349879039624364,0.06773376676909536,0.04092967298487869,5,0.03598826378583908,
2026-02-06,all_boards,20,4996,4975,0,0.125435847409374,0.08482840513896138,0.04511381513432853,5,-0.10407130420207977,
2026-02-06,buyable_mainboard,5,3077,3071,0,0.01872871379224662,0.03708574002449284,0.023257853742771232,5,0.020838692784309387,
2026-02-06,buyable_mainboard,10,3077,3062,0,0.04770451522320067,0.06642466332354285,0.04015715480684235,5,0.0356280691921711,
2026-02-06,buyable_mainboard,20,3077,3059,0,0.10813425753153554,0.08256552091302936,0.044062413493894476,5,-0.10944853723049164,
2026-02-09,all_boards,5,4996,4992,0,0.08667327797217694,0.035147457608128145,0.023419149771754428,5,0.05158047750592232,
2026-02-09,all_boards,10,4996,4981,0,0.09073674415309671,0.07280051694547134,0.041776525539549685,5,0.01579293981194496,
2026-02-09,all_boards,20,4996,4975,0,0.1553423604646283,0.07857978803411579,0.046621667135784195,5,-0.12512561678886414,
2026-02-09,buyable_mainboard,5,3077,3073,0,0.054479953218459005,0.0339716944119759,0.02296056386449186,5,0.05158047750592232,
2026-02-09,buyable_mainboard,10,3077,3064,0,0.06868300023556546,0.07045044204555032,0.040774136881196126,5,0.01579293981194496,
2026-02-09,buyable_mainboard,20,3077,3062,0,0.12621889872196543,0.0778150336484691,0.045402841954181115,5,-0.12512561678886414,
2026-02-10,all_boards,5,4997,4991,0,0.04362310128065793,0.039570850099687124,0.027106123119828008,5,0.006096905097365379,
2026-02-10,all_boards,10,4997,4983,0,0.0348724089740359,0.07634285621202423,0.04791516521805251,5,-0.043610621243715286,
2026-02-10,all_boards,20,4997,4977,0,0.1443669696265003,0.0842320233769022,0.04980041867291639,5,-0.09422456473112106,
2026-02-10,buyable_mainboard,5,3078,3073,0,-0.008948585017448758,0.03801334004032748,0.026669134743965428,5,0.006096905097365379,
2026-02-10,buyable_mainboard,10,3078,3066,0,0.027536644345638732,0.07368580338383099,0.046725471653768266,5,-0.043610621243715286,
2026-02-10,buyable_mainboard,20,3078,3064,0,0.13387751984762225,0.08216135445811423,0.04942797657167392,5,-0.09422456473112106,
2026-02-11,all_boards,5,4998,4989,0,-0.027005292469799474,0.04364844062341908,0.02654732111578618,5,-0.0018429805058985949,
2026-02-11,all_boards,10,4998,4984,0,-0.010060747391731946,0.06897986901277567,0.0451879351062794,5,-0.05774037167429924,
2026-02-11,all_boards,20,4998,4977,0,0.19414002576427547,0.07734107030245331,0.047603560339330026,5,-0.040494419634342194,
2026-02-11,buyable_mainboard,5,3078,3071,0,-0.05827893372145011,0.0396266542296004,0.02517563730312702,5,-0.0034468448720872402,
2026-02-11,buyable_mainboard,10,3078,3066,0,-0.02129142875351058,0.06508447936809707,0.0432467626350054,5,-0.04833994433283806,
2026-02-11,buyable_mainboard,20,3078,3063,0,0.2093086245589782,0.07519694825846943,0.04658622428339119,5,-0.03198397904634476,
2026-02-12,all_boards,5,4999,4988,0,0.014675643865734537,0.04681545488472444,0.030842674771050016,5,0.0033329161815345287,
2026-02-12,all_boards,10,4999,4985,0,0.018367440846218847,0.06490292172949567,0.045514065688689855,5,-0.02963809296488762,
2026-02-12,all_boards,20,4999,4977,0,0.23669718547931326,0.07798292459378976,0.04999279616051035,5,-0.06374993920326233,
2026-02-12,buyable_mainboard,5,3079,3070,0,-0.01426732361579651,0.04442668533255074,0.03029477881567082,5,0.01868588849902153,
2026-02-12,buyable_mainboard,10,3079,3067,0,-0.019743698480987844,0.06266078208949503,0.044159137472563594,5,-0.046607084572315216,
2026-02-12,buyable_mainboard,20,3079,3063,0,0.24688719075374346,0.07530172907857687,0.048740613645728306,5,-0.1071450263261795,
2026-02-13,all_boards,5,4999,4988,0,0.023777821845935812,0.05345248629307453,0.03103813225705899,5,0.0012596696615219116,
2026-02-13,all_boards,10,4999,4987,0,0.05859578362281791,0.06759906807272623,0.046428145569435274,5,-0.057556867599487305,
2026-02-13,all_boards,20,4999,4977,0,0.19152101315216685,0.09613097792647389,0.07041885443555922,5,-0.1632883995771408,
2026-02-13,buyable_mainboard,5,3079,3070,0,0.0008298294882846209,0.0518675173684373,0.03088693903637831,5,0.008224030956625938,
2026-02-13,buyable_mainboard,10,3079,3069,0,0.025319550694892484,0.06510400448238432,0.04507788454933812,5,-0.046108145266771317,
2026-02-13,buyable_mainboard,20,3079,3063,0,0.18610514483814694,0.0904615453333057,0.06557152249336,5,-0.14290226995944977,
2026-02-24,all_boards,5,4999,4988,0,0.1043825494778072,0.06196331518028683,0.0363195246749351,5,-0.02943543531000614,
2026-02-24,all_boards,10,4999,4986,0,-0.045633984045505005,0.05778893485604804,0.04246194992642358,5,-0.06186482310295105,
2026-02-24,all_boards,20,4999,4975,0,0.22752819816146602,0.08476197428918505,0.07047841268860608,5,-0.1272093951702118,
2026-02-24,buyable_mainboard,5,3079,3070,0,0.09524564802741918,0.057517779827058545,0.033876917754071534,5,-0.02943543531000614,
2026-02-24,buyable_mainboard,10,3079,3068,0,-0.03986731516655376,0.054388212271145285,0.041142355407027285,5,-0.06186482310295105,
2026-02-24,buyable_mainboard,20,3079,3063,0,0.23500235082057352,0.08120122452154252,0.06629354763245639,5,-0.1272093951702118,
2026-02-25,all_boards,5,4999,4991,0,0.04438599350732298,0.06906379346643644,0.046220931091688795,5,-0.03339105844497681,
2026-02-25,all_boards,10,4999,4989,0,0.013758988104300814,0.06085743175682204,0.042690898675381575,5,-0.02578919008374214,
2026-02-25,all_boards,20,4999,4978,0,0.2434978097672498,0.08457209374201209,0.07302752073734102,5,-0.05293460562825203,
2026-02-25,buyable_mainboard,5,3080,3073,0,0.0573149757198777,0.0643894215945895,0.04264584182298598,5,-0.03339105844497681,
2026-02-25,buyable_mainboard,10,3080,3071,0,0.021126732376101187,0.057727660394101446,0.04033445963483401,5,-0.02578919008374214,
2026-02-25,buyable_mainboard,20,3080,3066,0,0.2623109051885498,0.08174496464643893,0.06914603342553832,5,-0.05293460562825203,
2026-02-26,all_boards,5,5000,4995,0,0.023120809791041214,0.05666627834227997,0.04287211076294368,5,-0.009772942401468754,
2026-02-26,all_boards,10,5000,4993,0,0.050531135830002356,0.06208680674155127,0.039930400413226826,5,-0.0004949949798174202,
2026-02-26,all_boards,20,5000,4980,0,0.2510588958931858,0.0913266559805533,0.07074308995078474,5,-0.04407351464033127,
2026-02-26,buyable_mainboard,5,3079,3074,0,0.018800959303606483,0.051927290742834996,0.03958357002063517,5,-0.009772942401468754,
2026-02-26,buyable_mainboard,10,3079,3072,0,0.03231081036315789,0.05946683108879484,0.038494079159563405,5,-0.0004949949798174202,
2026-02-26,buyable_mainboard,20,3079,3065,0,0.2692236093550058,0.0858960318703097,0.06625052128797465,5,-0.04407351464033127,
2026-02-27,all_boards,5,5000,4997,0,0.02788719258240947,0.04317985663811722,0.03726626165356836,5,-0.007509572897106409,
2026-02-27,all_boards,10,5000,4995,0,0.1346666927466627,0.05822291734957261,0.03624592845153701,5,-0.004031398333609104,
2026-02-27,all_boards,20,5000,4980,0,0.26766701554035494,0.08441050048814899,0.06822076688617695,5,0.023830803111195564,
2026-02-27,buyable_mainboard,5,3079,3076,0,-0.0026527820754237257,0.03925179403978856,0.03421942465395582,5,0.0017108172178268433,
2026-02-27,buyable_mainboard,10,3079,3074,0,0.10019016254820434,0.054994510470998834,0.03474005607377422,5,-0.02759895846247673,
2026-02-27,buyable_mainboard,20,3079,3065,0,0.2786492253520035,0.07917760026799223,0.06392355363029437,5,-0.05579923465847969,
2026-03-02,all_boards,5,4999,4998,1,0.12627163387794643,0.04760006588019109,0.03541304467939871,5,0.010955327190458775,0.05840707942843437
2026-03-02,all_boards,10,4999,4994,1,0.23718008429688453,0.055716606959396786,0.03320792335746636,5,0.016209295019507408,0.09504424780607224
2026-03-02,all_boards,20,4999,4976,1,0.3039683656094851,0.08319908857681131,0.064845559063151,5,0.06650147587060928,0.3242477774620056
2026-03-02,buyable_mainboard,5,3077,3076,0,0.09989333170268433,0.04390383889808405,0.03157864820448577,5,0.016750376671552658,
2026-03-02,buyable_mainboard,10,3077,3073,0,0.22431484999487677,0.05265634200148806,0.031327005637297727,5,0.007693909108638763,
2026-03-02,buyable_mainboard,20,3077,3062,0,0.3037627870046717,0.07826485961477277,0.06100672183685752,5,0.002364204730838537,
2026-03-03,all_boards,5,5000,4998,1706,0.11424139884445758,0.04682981708075021,0.019813249519025838,5,0.05236375331878662,0.04760578274726868
2026-03-03,all_boards,10,5000,4993,1706,0.22852981758360505,0.05606369777520716,0.025931994505101218,5,0.0052245259284973145,0.020257435739040375
2026-03-03,all_boards,20,5000,4976,1706,0.20531962931614497,0.08820285153935188,0.056657573701942666,5,-0.016813453286886215,-0.02809200808405876
2026-03-03,buyable_mainboard,5,3078,3076,1000,0.15155849006664213,0.04193434736411357,0.019756441973995027,5,0.05236375331878662,0.04157833755016327
2026-03-03,buyable_mainboard,10,3078,3075,1000,0.2323244164411122,0.053421801340821515,0.025853408033674054,5,0.0052245259284973145,0.020294809713959694
2026-03-03,buyable_mainboard,20,3078,3062,1000,0.21854427795093276,0.08470674563767432,0.05501599208937482,5,-0.016813453286886215,-0.022265274077653885
2026-03-04,all_boards,5,5004,5002,3306,0.12403194183029598,0.039797226034229305,0.022582480381325366,5,-0.0012972645927220583,0.02610432356595993
2026-03-04,all_boards,10,5004,4997,3306,0.24922012054440945,0.06376511665991301,0.031088853508353415,5,-0.022836759686470032,0.011026092804968357
2026-03-04,all_boards,20,5004,4979,3306,0.23378196135668403,0.10825788331825316,0.07374618150148138,5,-0.0990092009305954,-0.02939460799098015
2026-03-04,buyable_mainboard,5,3080,3078,1988,0.12336766437837658,0.037362920286888736,0.02027800760997029,5,0.013660043478012085,0.021860353648662567
2026-03-04,buyable_mainboard,10,3080,3077,1988,0.23230048187085803,0.06114155195180149,0.02917935063311211,5,0.007852861657738686,0.008489765226840973
2026-03-04,buyable_mainboard,20,3080,3063,1988,0.2365967747868709,0.10248116482887244,0.06919850267892806,5,-0.04708313196897507,-0.02753700688481331
2026-03-05,all_boards,5,5006,5004,3400,0.029059341793033634,0.04034172726261964,0.018855151450667296,5,0.014357720501720905,0.022606516256928444
2026-03-05,all_boards,10,5006,4998,3400,0.11706389633246253,0.07377964595918586,0.033349757212681456,5,-0.01728353276848793,-0.00965818576514721
2026-03-05,all_boards,20,5006,4979,3400,0.17631864107022363,0.11713562624082048,0.07178125161718042,5,-0.06504704803228378,-0.041238971054553986
2026-03-05,buyable_mainboard,5,3081,3079,2089,0.010597995237360235,0.03811164281572602,0.017503686049734225,5,0.006950573064386845,0.02039366401731968
2026-03-05,buyable_mainboard,10,3081,3077,2089,0.11680950707143489,0.07189523142223092,0.03264362913598759,5,-0.02970876730978489,-0.011065014638006687
2026-03-05,buyable_mainboard,20,3081,3062,2089,0.17481566167130538,0.10995039900168302,0.06751985484017738,5,-0.05793231725692749,-0.03709135949611664
2026-03-06,all_boards,5,5007,5005,3735,0.05369477228896668,0.042973062211809236,0.019548472036680888,5,0.0013206921285018325,0.006358623504638672
2026-03-06,all_boards,10,5007,4998,3735,-0.006975844576807843,0.09427628152200866,0.050346726863530374,5,-0.04743984714150429,-0.043985478579998016
2026-03-06,all_boards,20,5007,4979,3735,0.074765362436609,0.14412574192186597,0.0817432577641107,5,-0.13181182742118835,-0.07363427430391312
2026-03-06,buyable_mainboard,5,3082,3080,2319,0.06833620613747383,0.04187909262224288,0.01922885736232474,5,-0.011956489644944668,0.005174599587917328
2026-03-06,buyable_mainboard,10,3082,3077,2319,0.02035313101664741,0.09320378223051161,0.05011964135477762,5,-0.04996807500720024,-0.043827567249536514
2026-03-06,buyable_mainboard,20,3082,3062,2319,0.1049310108044658,0.1395834372790688,0.07908892322165337,5,-0.10239012539386749,-0.07177112996578217
2026-03-09,all_boards,5,5008,5004,4104,0.10881004603539754,0.04933378806286491,0.02505957115670229,5,0.02471613883972168,-0.0010205617872998118
2026-03-09,all_boards,10,5008,4998,4104,-0.0031188346492116163,0.14894393319347282,0.10388845603783686,5,-0.12840543687343597,-0.10418130457401276
2026-03-09,all_boards,20,5008,4976,4104,0.06569071601236023,0.14946636526431442,0.09171729735050174,5,-0.06328363716602325,-0.06998485326766968
2026-03-09,buyable_mainboard,5,3083,3080,2574,0.07838525511344267,0.047632276115503726,0.023505517911959237,5,0.02471613883972168,-0.0005477230297401547
2026-03-09,buyable_mainboard,10,3083,3077,2574,-0.012249556369192605,0.14274087979627195,0.09861794630514406,5,-0.12840543687343597,-0.09813659638166428
2026-03-09,buyable_mainboard,20,3083,3061,2574,0.03272969584774894,0.14257636050956138,0.08627798290138212,5,-0.06328363716602325,-0.06556423008441925
2026-03-10,all_boards,5,5008,5003,2724,0.2927827283151023,0.06152732547716539,0.03217858677196848,5,-0.028645407408475876,-0.023186856880784035
2026-03-10,all_boards,10,5008,4997,2724,0.07864301104357554,0.12065518882326247,0.1037577716009421,5,-0.08568643033504486,-0.08064332604408264
2026-03-10,all_boards,20,5008,4977,2724,0.07493654908907749,0.11175828071856865,0.08955863982327512,5,-0.10085318982601166,-0.04947701096534729
2026-03-10,buyable_mainboard,5,3082,3081,1878,0.2654869503020889,0.05549937413177778,0.028164641509498774,5,-0.028645407408475876,-0.017310408875346184
2026-03-10,buyable_mainboard,10,3082,3077,1878,0.07310029273296793,0.11391793130342327,0.0972654072902495,5,-0.08568643033504486,-0.07387835532426834
2026-03-10,buyable_mainboard,20,3082,3062,1878,0.08443772931526318,0.10806985218478168,0.08309375623731445,5,-0.10085318982601166,-0.046758782118558884
2026-03-11,all_boards,5,5012,5007,2470,0.1634845465555294,0.04882216607349688,0.029875850587261134,5,-0.025111937895417213,-0.015264151617884636
2026-03-11,all_boards,10,5012,5001,2470,-0.03865190508171215,0.10239448008519705,0.09795624845232544,5,-0.08867046236991882,-0.06461387127637863
2026-03-11,all_boards,20,5012,4981,2470,0.03208191312480238,0.11870312639007154,0.08338633332723387,5,-0.07763390988111496,-0.06167153641581535
2026-03-11,buyable_mainboard,5,3085,3084,1657,0.16618608970477505,0.0467424232064687,0.027510080484868693,5,-0.025111937895417213,-0.013327722437679768
2026-03-11,buyable_mainboard,10,3085,3080,1657,-0.0579526360063371,0.09644110186064667,0.09295121962720407,5,-0.08867046236991882,-0.058706674724817276
2026-03-11,buyable_mainboard,20,3085,3065,1657,0.05236484501139002,0.11525217667077205,0.07820578382377048,5,-0.07763390988111496,-0.05916684493422508
2026-03-12,all_boards,5,5014,5008,2897,0.17579529587517442,0.06225219561681769,0.03003665159387449,5,-0.04018443077802658,-0.0299120731651783
2026-03-12,all_boards,10,5014,5001,2897,-0.03071806959956372,0.11007384083240869,0.08896489614009084,5,-0.09481379389762878,-0.06922761350870132
2026-03-12,all_boards,20,5014,4983,2897,0.05165258684283522,0.10940501780813569,0.07461395158217277,5,-0.06929979473352432,-0.04102093726396561
2026-03-12,buyable_mainboard,5,3086,3084,1869,0.17730163198981064,0.061738791026701156,0.030034659503688815,5,-0.04018443077802658,-0.029464837163686752
2026-03-12,buyable_mainboard,10,3086,3079,1869,-0.0558441348967796,0.10379756678266006,0.08587031027171384,5,-0.09481379389762878,-0.06293400377035141
2026-03-12,buyable_mainboard,20,3086,3066,1869,0.09296802436716049,0.1077673699188708,0.071339528680579,5,-0.06929979473352432,-0.0425124429166317
2026-03-13,all_boards,5,5016,5009,3737,0.09513488622739032,0.08131132011420285,0.041419389546110255,5,-0.06078861281275749,-0.05041062459349632
2026-03-13,all_boards,10,5016,5001,3737,-0.08848954559789819,0.1027935490119374,0.08950609565042543,5,-0.07511744648218155,-0.05249100178480148
2026-03-13,all_boards,20,5016,4983,3737,-0.009933127750826621,0.11476143127805616,0.07287298925163369,5,-0.06090880557894707,-0.036272674798965454
2026-03-13,buyable_mainboard,5,3088,3085,2346,0.1282027346182435,0.08019597670127578,0.04128419608785691,5,-0.06078861281275749,-0.048800501972436905
2026-03-13,buyable_mainboard,10,3088,3079,2346,-0.06382453974950533,0.09862532118744514,0.08666783601347341,5,-0.07511744648218155,-0.04821782931685448
2026-03-13,buyable_mainboard,20,3088,3066,2346,0.007491830919324834,0.11332894264507154,0.07019027676121366,5,-0.06090880557894707,-0.0406171940267086
2026-03-16,all_boards,5,5014,5008,3922,-0.02789885739253389,0.12999811318414287,0.09177450780386623,5,-0.12131915241479874,-0.10569516569375992
2026-03-16,all_boards,10,5014,4996,3922,-0.05024585939145116,0.10159217599972069,0.09476884627651264,5,-0.0684538409113884,-0.053583916276693344
2026-03-16,all_boards,20,5014,4982,3922,-0.08400130489337905,0.11490411454930437,0.07757533650062023,5,-0.0344698466360569,-0.03477013111114502
2026-03-16,buyable_mainboard,5,3087,3084,2504,-0.016193756742884393,0.12501802496287054,0.08772016047546072,5,-0.08762173354625702,-0.09977348893880844
2026-03-16,buyable_mainboard,10,3087,3076,2504,-0.023022496020918697,0.09530394275737718,0.09066300846390798,5,-0.05019447207450867,-0.04670742526650429
2026-03-16,buyable_mainboard,20,3087,3065,2504,-0.04431189026400784,0.11389374956259904,0.07358159984574397,5,-0.05283457040786743,-0.03812597319483757
2026-03-17,all_boards,5,5011,5005,4829,-0.057145754487098084,0.09433690792190155,0.08615460164522488,5,-0.07744613289833069,-0.05636804178357124
2026-03-17,all_boards,10,5011,4994,4829,-0.04699421031314947,0.11018393781676539,0.09328914829446729,5,-0.06502053141593933,-0.04763864725828171
2026-03-17,all_boards,20,5011,4980,4829,-0.013592415965537242,0.12188920307055084,0.07475190182524252,5,-0.057103075087070465,-0.01189651619642973
2026-03-17,buyable_mainboard,5,3087,3083,2983,-0.03060003361132612,0.09231751018165442,0.08415097696916939,5,-0.0780644342303276,-0.05583992600440979
2026-03-17,buyable_mainboard,10,3087,3074,2983,-0.011643701275570207,0.10448397673625559,0.0904731329279957,5,-0.06097584217786789,-0.042467761784791946
2026-03-17,buyable_mainboard,20,3087,3065,2983,0.01007284759590433,0.1219989205034051,0.07231069451034909,5,-0.07196386158466339,-0.02124669961631298
2026-03-18,all_boards,5,5012,5006,4868,-0.11362590457461724,0.07533560937378592,0.08338755894903864,5,-0.05070251226425171,-0.03558679297566414
2026-03-18,all_boards,10,5012,4994,4868,-0.10917481633022619,0.09075025005926052,0.0920986023725425,5,-0.059806179255247116,-0.03054450824856758
2026-03-18,all_boards,20,5012,4981,4868,-0.04222499455228414,0.11566033445095576,0.07507856216202348,5,-0.043139658868312836,0.0037077993620187044
2026-03-18,buyable_mainboard,5,3087,3083,3024,-0.0815446545671792,0.07183844227896725,0.07972666319482616,5,-0.03889625892043114,-0.03169665485620499
2026-03-18,buyable_mainboard,10,3087,3073,3024,-0.11315136125244993,0.08620919265606139,0.08798643950783769,5,-0.05415699630975723,-0.027989262714982033
2026-03-18,buyable_mainboard,20,3087,3065,3024,-0.03647119327102484,0.11577589539457213,0.0713195496455144,5,-0.047706060111522675,-0.005512877367436886
2026-03-19,all_boards,5,5015,5008,4998,-0.1245565314130361,0.08509882420141385,0.07725301933907376,5,-0.06454052031040192,-0.03871205076575279
2026-03-19,all_boards,10,5015,4996,4998,-0.09829177784512018,0.10625680773357575,0.09204680376428621,5,-0.03562942147254944,-0.03554944694042206
2026-03-19,all_boards,20,5015,4982,4998,0.12318370828423968,0.12231406823834491,0.07472119821579175,5,0.016539575532078743,0.016713237389922142
2026-03-19,buyable_mainboard,5,3088,3083,3083,-0.10460354303204857,0.07750002608573338,0.07204779244286705,5,-0.0497233048081398,-0.03060649149119854
2026-03-19,buyable_mainboard,10,3088,3073,3083,-0.08154699547109696,0.09752907831987626,0.08614659424461135,5,-0.02048679068684578,-0.02913549356162548
2026-03-19,buyable_mainboard,20,3088,3065,3083,0.12200340084852633,0.12199722701642317,0.06974872717044922,5,0.04314018413424492,0.006470129359513521
2026-03-20,all_boards,5,5018,5010,5017,-0.026617353830824374,0.046048770223542215,0.04136550881526914,5,0.04860290139913559,0.018282780423760414
2026-03-20,all_boards,10,5018,4999,5017,-0.06223379043898373,0.09648229632943682,0.06203954903608032,5,-0.012223480269312859,-0.013766790740191936
2026-03-20,all_boards,20,5018,4979,5017,0.21310472401220415,0.10391591876896282,0.04423976692592539,5,0.03841730207204819,0.07053299993276596
2026-03-20,buyable_mainboard,5,3089,3083,3089,0.03779217545990993,0.043540921658718014,0.03909975869486109,5,0.030710434541106224,0.021171944215893745
2026-03-20,buyable_mainboard,10,3089,3074,3089,-0.0464272296157987,0.09062676876939578,0.05900958331351242,5,-0.022789323702454567,-0.013160212896764278
2026-03-20,buyable_mainboard,20,3089,3064,3089,0.24030920339859024,0.10339720549394389,0.042338445971048216,5,0.019896965473890305,0.055938348174095154
2026-03-23,all_boards,5,5019,5007,5019,0.021251078357744292,0.04459622186888071,0.020182625559879777,5,0.056797705590724945,0.03875633701682091
2026-03-23,all_boards,10,5019,4997,5019,0.008068485763679295,0.0897181888460221,0.04442753445504587,5,0.025152970105409622,0.01731901802122593
2026-03-23,all_boards,20,5019,4978,5019,0.26073597043428265,0.11460378414294428,0.034199210639399,5,0.12719662487506866,0.08658900111913681
2026-03-23,buyable_mainboard,5,3089,3081,3089,0.08837224555298931,0.0421232628489993,0.01815170167855407,5,0.06185997650027275,0.042111266404390335
2026-03-23,buyable_mainboard,10,3089,3073,3089,0.05280586671865374,0.08429973871385005,0.04180763198724072,5,0.052152156829833984,0.018181920051574707
2026-03-23,buyable_mainboard,20,3089,3063,3089,0.2684881483290915,0.11400233646951445,0.032592781057485205,5,0.14576712250709534,0.07227951288223267
2026-03-24,all_boards,5,5018,5007,5018,0.04779403864559777,0.05035167859570396,0.020775364982453644,5,0.05814491584897041,0.0035284385085105896
2026-03-24,all_boards,10,5018,4998,5018,0.10650144272524731,0.05587886627916546,0.04556528002476827,5,0.05407792329788208,0.03528694063425064
2026-03-24,all_boards,20,5018,4976,5018,0.21622687153948472,0.11192140347764695,0.03794444511036803,5,0.07725755125284195,0.0711987093091011
2026-03-24,buyable_mainboard,5,3089,3080,3089,0.10561631631842161,0.04600104279114823,0.018543595289417184,5,0.06339965760707855,0.00883309543132782
2026-03-24,buyable_mainboard,10,3089,3074,3089,0.12026553883923145,0.05420475497874191,0.04318643112430022,5,0.05542825907468796,0.029406961053609848
2026-03-24,buyable_mainboard,20,3089,3060,3089,0.21217651532260917,0.11166133679456106,0.03687620732993099,5,0.06555654853582382,0.05399502441287041
2026-03-25,all_boards,5,5018,5006,5017,0.08572763254183566,0.043183576622812386,0.02382146130023853,5,0.01389110367745161,0.005815831013023853
2026-03-25,all_boards,10,5018,4998,5017,0.07481421469908296,0.0640993208086087,0.050361838570935735,5,-0.004974542651325464,0.00998830795288086
2026-03-25,all_boards,20,5018,4972,5017,0.15846968485342222,0.1180133765393544,0.04468046645856821,5,0.02161480113863945,0.04390009492635727
2026-03-25,buyable_mainboard,5,3089,3079,3089,0.09956820266246785,0.04103843194838845,0.022256596534049104,5,0.018039215356111526,0.004623440559953451
2026-03-25,buyable_mainboard,10,3089,3074,3089,0.061870782428253994,0.0634636922637752,0.049502986906943526,5,0.006226464174687862,0.003337474772706628
2026-03-25,buyable_mainboard,20,3089,3057,3089,0.14538275270385465,0.1183042024498995,0.04487394016510035,5,0.03549042344093323,0.02930992841720581
2026-03-26,all_boards,5,5017,5005,5015,0.06781754830613548,0.043364776518524384,0.02352060320133863,5,0.03526712581515312,0.0153341768309474
2026-03-26,all_boards,10,5017,4999,5015,0.20027452724158518,0.056651755353735636,0.029431893599667372,5,0.03478015586733818,0.04506943002343178
2026-03-26,all_boards,20,5017,4968,5015,0.21279436002371513,0.113386940114175,0.03356183192284119,5,0.05280933529138565,0.066443532705307
2026-03-26,buyable_mainboard,5,3088,3078,3087,0.09363720381842865,0.04136414248354453,0.023439174572591474,5,0.04033678025007248,0.013008151203393936
2026-03-26,buyable_mainboard,10,3088,3075,3087,0.18687761252180818,0.05500013510489382,0.031067904967693544,5,0.044998835772275925,0.033371977508068085
2026-03-26,buyable_mainboard,20,3088,3053,3087,0.20599520643648936,0.11371996474353757,0.0354633349677674,5,0.04779742285609245,0.0478840209543705
2026-03-27,all_boards,5,5015,5004,5010,-0.010964459085433375,0.05767106913346832,0.028007276239109216,5,-0.028372447937726974,-0.02126985415816307
2026-03-27,all_boards,10,5015,4997,5010,0.1536696804266058,0.05470238990626993,0.03283319594452532,5,0.0730946809053421,0.030397366732358932
2026-03-27,all_boards,20,5015,4960,5010,0.1766806986943311,0.11358030882174992,0.038748684336874305,5,0.13888247311115265,0.058712076395750046
2026-03-27,buyable_mainboard,5,3086,3077,3083,-0.01225550700989092,0.0564207537183312,0.028981621564837086,5,-0.015118089504539967,-0.02427634410560131
2026-03-27,buyable_mainboard,10,3086,3073,3083,0.1096877869374309,0.05267243508361035,0.034451977134964014,5,0.036634258925914764,0.020016027614474297
2026-03-27,buyable_mainboard,20,3086,3046,3083,0.13142122645982968,0.11345958476082026,0.041158996711241,5,0.03496856614947319,0.03769231587648392
2026-03-30,all_boards,5,5010,5000,4963,-0.04569577502236436,0.047308421358462076,0.027803203593162244,5,-0.03018323704600334,-0.020648829638957977
2026-03-30,all_boards,10,5010,4996,4963,0.19543529114050218,0.05558109397773859,0.033211594731149555,5,0.05373447388410568,0.027552511543035507
2026-03-30,all_boards,20,5010,4945,4963,0.1295351526543136,0.11676451792243979,0.04267020826327277,5,0.10035832226276398,0.03586369380354881
2026-03-30,buyable_mainboard,5,3083,3075,3052,-0.04785796653915251,0.04551417143947545,0.02846726343973272,5,-0.027091260999441147,-0.023058712482452393
2026-03-30,buyable_mainboard,10,3083,3072,3052,0.13557117651360212,0.050962661945511474,0.03439957557219785,5,0.008097809739410877,0.014198202639818192
2026-03-30,buyable_mainboard,20,3083,3035,3052,0.09368711293735792,0.11503793005203962,0.044623010231351616,5,0.03414274752140045,0.018915120512247086
2026-03-31,all_boards,5,5008,4999,4501,0.1903489364620857,0.03431029647792055,0.029942311211566923,4,-0.05045417323708534,0.016948476433753967
2026-03-31,all_boards,10,5008,4994,4501,0.11381667022950015,0.06569524874728443,0.028831065865035397,3,-0.01044130977243185,0.022161252796649933
2026-03-31,all_boards,20,5008,4908,4501,0.07568827710911541,0.10214964439955353,0.032606310738703084,3,-0.10212036222219467,0.04788995906710625
2026-03-31,buyable_mainboard,5,3081,3075,2694,0.15340316246214455,0.032878945484583276,0.03026824387538103,4,-0.08917681127786636,0.008425078354775906
2026-03-31,buyable_mainboard,10,3081,3072,2694,0.09677076976180728,0.06558408706866696,0.029118692442788568,3,-0.04713195934891701,0.009904177859425545
2026-03-31,buyable_mainboard,20,3081,3005,2694,0.06341477392490928,0.09571047776534247,0.03248535743021575,2,0.06094204634428024,0.03124077245593071
2026-04-01,all_boards,5,5011,5003,2689,0.01256729979903272,0.038676123428602084,0.022666171329834662,4,-0.19998307526111603,0.005809620954096317
2026-04-01,all_boards,10,5011,4998,2689,0.1360472577605587,0.057229610375025525,0.021177361831701845,3,-0.06136120855808258,0.03774087876081467
2026-04-01,all_boards,20,5011,4875,2689,0.0527966769165328,0.09983387751871935,0.03518119628080883,0,,0.054722048342227936
2026-04-01,buyable_mainboard,5,3082,3077,1514,-0.03046114275923706,0.03733082093574491,0.022484072978453343,4,-0.07683712244033813,0.0004527755081653595
2026-04-01,buyable_mainboard,10,3082,3074,1514,0.14152702262947656,0.05435694205528792,0.02133419954012104,3,-0.034051086753606796,0.025864968076348305
2026-04-01,buyable_mainboard,20,3082,2981,1514,0.07300701453151352,0.08972736290882026,0.03478160921722608,2,0.10839774459600449,0.03774820268154144
2026-04-02,all_boards,5,5012,5006,4375,0.31308286725667617,0.03791657828018156,0.016941103892697665,4,-0.08865919709205627,0.03016996569931507
2026-04-02,all_boards,10,5012,4998,4375,0.2744997790828209,0.06631040622251319,0.018642441585012732,4,-0.035447265952825546,0.05581565201282501
2026-04-02,all_boards,20,5012,4872,4375,0.1816104673389551,0.1094997849602847,0.03650605361105571,2,0.08707716315984726,0.08984225988388062
2026-04-02,buyable_mainboard,5,3083,3080,2637,0.2887924068028872,0.035544172530192895,0.01714989211370219,4,-0.056915462017059326,0.022006625309586525
2026-04-02,buyable_mainboard,10,3083,3075,2637,0.2544421801954283,0.06333320150153741,0.01911492857391609,3,0.08068476617336273,0.03943410888314247
2026-04-02,buyable_mainboard,20,3083,2980,2637,0.17942507624159718,0.09818966597993116,0.035172138058983025,2,0.12274137884378433,0.0670376718044281
2026-04-03,all_boards,5,5015,5008,4983,0.2842277038933872,0.041268229740425405,0.018905863938398514,5,-0.022121554240584373,0.0516546331346035
2026-04-03,all_boards,10,5015,4995,4983,0.28124064765627,0.06556990521981403,0.020958865392004648,4,0.10547436028718948,0.08372797071933746
2026-04-03,all_boards,20,5015,4876,4983,0.20220577506325876,0.1169121028835943,0.04321341766955604,3,0.20632986724376678,0.1227511614561081
2026-04-03,buyable_mainboard,5,3083,3079,3065,0.32017704421354687,0.038416148288130544,0.018568354339954227,5,-0.004147747065871954,0.04517281427979469
2026-04-03,buyable_mainboard,10,3083,3073,3065,0.2903237047788284,0.06154430950752766,0.020915734995865097,4,0.12929028272628784,0.0691680759191513
2026-04-03,buyable_mainboard,20,3083,2981,3065,0.21853821262341477,0.10496917771825942,0.04213184076177226,2,0.32968413829803467,0.0983843058347702
2026-04-07,all_boards,5,5011,5007,4711,0.26831015265878716,0.04143856014068318,0.021587862741985462,4,0.0018668370321393013,0.03283034637570381
2026-04-07,all_boards,10,5011,4992,4711,0.19137068987796765,0.06642260870820885,0.025680290840721928,3,0.01011489238590002,0.05113716423511505
2026-04-07,all_boards,20,5011,4874,4711,0.21932505886877005,0.11180105203950017,0.04463205963495051,2,0.10320230573415756,0.10062792897224426
2026-04-07,buyable_mainboard,5,3081,3078,2873,0.24135946332692484,0.03896789952528332,0.020973460741503917,4,0.022794846445322037,0.02516714483499527
2026-04-07,buyable_mainboard,10,3081,3071,2873,0.1697527008038871,0.06425137600508718,0.02518507155431503,4,0.08317536115646362,0.04025495424866676
2026-04-07,buyable_mainboard,20,3081,2980,2873,0.21690863681366776,0.1022368032041462,0.042834861439459075,3,0.13207301497459412,0.07873180508613586
2026-04-08,all_boards,5,5011,5006,664,0.014756563129982584,0.03763827497584421,0.020586185419410836,4,0.0519440621137619,0.010113084688782692
2026-04-08,all_boards,10,5011,4989,664,-0.010634452195616047,0.06700891172324182,0.028727129040474184,3,0.006723392754793167,0.04220122843980789
2026-04-08,all_boards,20,5011,4873,664,0.059985407514688026,0.11785766914122242,0.0474043963849996,2,0.16261617839336395,0.09950228780508041
2026-04-08,buyable_mainboard,5,3081,3078,256,0.01472176369437013,0.03555154211568811,0.020302557748463994,4,0.003567442297935486,0.008663255721330643
2026-04-08,buyable_mainboard,10,3081,3067,256,0.029776884063301014,0.06316234149088668,0.028177523449333216,4,0.10234775394201279,0.03594450280070305
2026-04-08,buyable_mainboard,20,3081,2979,256,0.049079006892993104,0.10431164273275459,0.04614285524128357,2,0.38913676142692566,0.08944510668516159
2026-04-09,all_boards,5,5014,5009,4617,0.031788117815988705,0.03529861409345591,0.020238195567646746,4,0.03528931736946106,0.024916337803006172
2026-04-09,all_boards,10,5014,4988,4617,-0.0017341652510137696,0.06960382113759062,0.025486275672300832,4,0.04580828547477722,0.024518385529518127
2026-04-09,all_boards,20,5014,4872,4617,0.10390525195364493,0.1147964021572911,0.04225342968602968,2,0.15713810920715332,0.07735933363437653
2026-04-09,buyable_mainboard,5,3082,3079,2821,0.026246914750720007,0.0333204499298602,0.01991958465975416,4,0.0640270784497261,0.018710222095251083
2026-04-09,buyable_mainboard,10,3082,3065,2821,-0.008426365570459612,0.06757494149754582,0.025118224711462567,4,0.1568308174610138,0.01839221455156803
2026-04-09,buyable_mainboard,20,3082,2979,2821,0.10121616487648553,0.10586764541796238,0.040956131272877803,3,0.313557893037796,0.055867213755846024
2026-04-10,all_boards,5,5016,5008,4568,-0.07998842229630465,0.042110454357899375,0.020903941805280542,5,0.07928602397441864,0.027392329648137093
2026-04-10,all_boards,10,5016,4985,4568,-0.051913885620743096,0.06905439574544497,0.027146869198538957,5,0.07147644460201263,0.021624837070703506
2026-04-10,all_boards,20,5016,4873,4568,0.20756307294798879,0.12058909812473022,0.04345052376356034,3,0.16937567293643951,0.09337040781974792
2026-04-10,buyable_mainboard,5,3083,3078,2776,-0.06123994385030586,0.03848095063436865,0.02043165202479488,4,0.08676189184188843,0.018778681755065918
2026-04-10,buyable_mainboard,10,3083,3061,2776,-0.04898313312418654,0.06597475128284883,0.026263672816206677,4,0.06084077060222626,0.01455936674028635
2026-04-10,buyable_mainboard,20,3083,2980,2776,0.18415350810127182,0.10898989775598372,0.04164787130197168,3,0.14880718290805817,0.06800932437181473
2026-04-13,all_boards,5,5017,5004,4763,-0.03968716161697739,0.03901867466176262,0.016986791782910644,5,0.06867006421089172,0.022470224648714066
2026-04-13,all_boards,10,5017,4980,4763,-0.07410335482405693,0.06953647270112785,0.027566967606972286,5,0.07929337024688721,0.01791520044207573
2026-04-13,all_boards,20,5017,4874,4763,0.14564845559899153,0.11983871330310956,0.03834922740842101,4,0.09160523116588593,0.06169255077838898
2026-04-13,buyable_mainboard,5,3082,3076,2904,-0.017701015594934703,0.03658439897006978,0.016937750932893073,4,0.1036335825920105,0.015475899912416935
2026-04-13,buyable_mainboard,10,3082,3055,2904,-0.07270811781215787,0.0670471404015781,0.026919322554488877,4,0.04086701199412346,0.008577530272305012
2026-04-13,buyable_mainboard,20,3082,2979,2904,0.11468029437399382,0.1107021600494628,0.0369201223393513,3,0.17038607597351074,0.03861268609762192
2026-04-14,all_boards,5,5019,5004,4759,-0.10680031785828238,0.03923264552957831,0.01705723067968649,5,0.011072498746216297,0.013072330504655838
2026-04-14,all_boards,10,5019,4968,4759,-0.05749421526254218,0.07561132576282126,0.031057352972145996,3,0.08547984808683395,0.0016809779917821288
2026-04-14,all_boards,20,5019,4877,4759,0.19559573325420918,0.12108601699204292,0.03929027623327065,3,0.07837779074907303,0.04920822009444237
2026-04-14,buyable_mainboard,5,3083,3076,2920,-0.0676463051969957,0.03774115495099495,0.016999702884090345,5,-0.008449536748230457,0.010005326010286808
2026-04-14,buyable_mainboard,10,3083,3046,2920,-0.05131115519286491,0.07155253780190604,0.029521933201808532,3,0.03168860077857971,-0.0015348888700827956
2026-04-14,buyable_mainboard,20,3083,2981,2920,0.1574983562586767,0.11341853256507457,0.03790665966446044,3,0.017736470326781273,0.026487980037927628
2026-04-15,all_boards,5,5019,5002,4942,0.1666207859197934,0.044987690634784375,0.021753086199025842,5,0.09667572379112244,0.02574915438890457
2026-04-15,all_boards,10,5019,4933,4942,0.011614559354560239,0.07468061646853649,0.03238879566024419,5,0.05378719046711922,0.023129189386963844
2026-04-15,all_boards,20,5019,4879,4942,0.24264050840086926,0.12813182589731859,0.04244226290089721,5,0.098293736577034,0.05904797464609146
2026-04-15,buyable_mainboard,5,3084,3073,3037,0.15199617981675168,0.04338561623248491,0.02130222041804987,5,0.051372967660427094,0.019867705181241035
2026-04-15,buyable_mainboard,10,3084,3017,3037,0.025945991355800002,0.06967456168366047,0.030457238385938928,3,0.0723395124077797,0.02063634619116783
2026-04-15,buyable_mainboard,20,3084,2982,3037,0.20978406584502213,0.12081945964162284,0.041306025984242316,3,0.1419568657875061,0.03397849574685097
2026-04-16,all_boards,5,5021,5000,4802,0.058534234775551065,0.04831017453662558,0.02119979299869779,5,0.045766621828079224,0.002204621210694313
2026-04-16,all_boards,10,5021,4896,4802,0.0018469431974612106,0.07217907934685713,0.03355105498116352,4,0.06131494417786598,0.01581716164946556
2026-04-16,all_boards,20,5021,4877,4802,0.23773115264331413,0.12478696188788306,0.04247716924933788,4,0.07431791722774506,0.05535275116562843
2026-04-16,buyable_mainboard,5,3085,3071,2951,0.032674243052269514,0.046679600396243706,0.0205219118194472,5,-0.05470569059252739,0.0012189724948257208
2026-04-16,buyable_mainboard,10,3085,2990,2951,0.021407989695132825,0.06780732672127746,0.0313951296865279,2,0.053619422018527985,0.011140805669128895
2026-04-16,buyable_mainboard,20,3085,2979,2951,0.20611840824460417,0.11498536869451172,0.04160781713517296,2,0.07740378379821777,0.027585335075855255
2026-04-17,all_boards,5,5021,4998,4687,-0.013358062860258719,0.05014703350607863,0.023962727511906326,5,-0.0589275062084198,-0.005089120008051395
2026-04-17,all_boards,10,5021,4894,4687,-0.004385644446363009,0.0716686687444254,0.033534008854761835,1,-0.10609613358974457,0.02700771950185299
2026-04-17,all_boards,20,5021,4879,4687,0.08767500721154006,0.12802216231642677,0.04235307182439156,1,-0.04630715027451515,0.04181685298681259
2026-04-17,buyable_mainboard,5,3085,3068,2895,-0.0009877211071279664,0.046546989623258095,0.022427195898997252,5,-0.07630506157875061,-0.003950842656195164
2026-04-17,buyable_mainboard,10,3085,2989,2895,0.03714708185350115,0.06668091589021682,0.031049342559556364,2,0.002852555364370346,0.02217973582446575
2026-04-17,buyable_mainboard,20,3085,2980,2895,0.09042412746647976,0.11694622773550344,0.04187616058825492,2,-0.0014144442975521088,0.014723026193678379
2026-04-20,all_boards,5,5015,4991,3392,0.05636765276481967,0.048935728704220534,0.02707377397680878,5,-0.11331875622272491,-0.0023214886896312237
2026-04-20,all_boards,10,5015,4895,3392,-0.07519925259792191,0.07189595332216762,0.03296609736252869,1,-0.1483631283044815,0.026448871940374374
2026-04-20,all_boards,20,5015,4880,3392,0.059286820124586935,0.12927927384144658,0.04409563729411767,1,-0.10285581648349762,-0.0020696294959634542
2026-04-20,buyable_mainboard,5,3082,3061,2134,0.03502734718937451,0.04605032446137035,0.025301463437876013,5,-0.11331875622272491,-0.0037869031075388193
2026-04-20,buyable_mainboard,10,3082,2989,2134,-0.032549485820895584,0.06545066486699952,0.030823671948407932,1,-0.1483631283044815,0.019787447527050972
2026-04-20,buyable_mainboard,20,3082,2980,2134,0.056413716227081315,0.12241107075308737,0.0435019482823906,1,-0.10285581648349762,-0.01763920858502388
2026-04-21,all_boards,5,5018,4982,1535,-0.030085487758289942,0.05409884499326163,0.02723179990011041,3,-0.07322480529546738,-0.009057982824742794
2026-04-21,all_boards,10,5018,4899,1535,-0.11580406422339211,0.07220984251551525,0.03008082297860284,2,-0.05708153918385506,0.033108584582805634
2026-04-21,all_boards,20,5018,4885,1535,-0.04879281006550342,0.1287208796528496,0.045481902769842826,2,-0.08470827341079712,-0.0042895362712442875
2026-04-21,buyable_mainboard,5,3085,3055,1023,-0.035764590932574766,0.05023199495209055,0.025353175751672823,3,-0.0859619677066803,-0.00880939420312643
2026-04-21,buyable_mainboard,10,3085,2993,1023,-0.062422079854672435,0.06514302773820321,0.028047565907558608,2,-0.07169727236032486,0.025624066591262817
2026-04-21,buyable_mainboard,20,3085,2984,1023,-0.007863110862715243,0.11656991908651998,0.04463366592558523,2,-0.11809320002794266,-0.018491454422473907
2026-04-22,all_boards,5,5016,4946,312,0.06303250202053186,0.05114873716970413,0.030005630240363308,4,0.023573875427246094,0.006272787228226662
2026-04-22,all_boards,10,5016,4898,312,0.126862718776609,0.07428295806593913,0.030101532917740384,4,0.019770465791225433,0.03550097718834877
2026-04-22,all_boards,20,5016,4885,312,-0.11267196557900475,0.1302217961994034,0.04483073615417087,4,0.003857651725411415,-0.01130970474332571
2026-04-22,buyable_mainboard,5,3081,3025,237,0.07072876944194685,0.04696547478110212,0.02690751137519641,4,0.023573875427246094,0.00726692657917738
2026-04-22,buyable_mainboard,10,3081,2992,237,0.09011152833917449,0.06724411718417554,0.028386733859706668,4,0.019770465791225433,0.026440786197781563
2026-04-22,buyable_mainboard,20,3081,2984,237,-0.0482849897143843,0.11653340840209896,0.04456521363224102,4,0.003857651725411415,-0.021468011662364006
2026-04-23,all_boards,5,5015,4908,3210,0.09109691185917049,0.05281259255056449,0.025110749132784296,2,0.02095937915146351,0.019362643361091614
2026-04-23,all_boards,10,5015,4895,3210,0.1673873988787154,0.07884943172415156,0.027389969985610878,2,0.07130743563175201,0.04685219004750252
2026-04-23,all_boards,20,5015,4885,3210,-0.1124812687203631,0.13613939483135215,0.047963800552464235,2,0.18879753351211548,0.011805727146565914
2026-04-23,buyable_mainboard,5,3081,2998,2023,0.09600647837459542,0.049956387086542514,0.023677883768044108,2,0.02095937915146351,0.01675388216972351
2026-04-23,buyable_mainboard,10,3081,2992,2023,0.14258147155902226,0.07128099148157879,0.026445816873468073,2,0.07130743563175201,0.034680478274822235
2026-04-23,buyable_mainboard,20,3081,2985,2023,-0.05805576912455104,0.12375840897633561,0.046724133807851835,2,0.18879753351211548,-0.007993064820766449
2026-04-24,all_boards,5,5017,4910,3702,0.03634784119430503,0.05064436298156896,0.022133118026360882,3,-0.011531961150467396,0.030918926000595093
2026-04-24,all_boards,10,5017,4901,3702,0.16628882212019858,0.08258429154465856,0.025305829808328222,3,0.009257731027901173,0.060527171939611435
2026-04-24,all_boards,20,5017,4891,3702,-0.14397180986094363,0.14169661962954877,0.05006772723119962,3,-0.013352732174098492,0.0013927541440352798
2026-04-24,buyable_mainboard,5,3080,2999,2322,0.035645791405218424,0.04722805414985811,0.020999534784760236,3,-0.005033246707171202,0.025537705048918724
2026-04-24,buyable_mainboard,10,3080,2996,2322,0.15180661983934945,0.07414708252965595,0.024511969941230352,3,0.011043000034987926,0.045594312250614166
2026-04-24,buyable_mainboard,20,3080,2989,2322,-0.08674335492203523,0.1334482106124199,0.049485516840028526,3,-0.05496387183666229,-0.01763029582798481
2026-04-27,all_boards,5,5012,4914,2621,0.04767046534915353,0.050105602693751125,0.020760761317135716,2,0.014569122344255447,0.02914147824048996
2026-04-27,all_boards,10,5012,4904,2621,0.1043597350642603,0.07895989306584193,0.025226657611988182,2,-0.016262272372841835,0.023703230544924736
2026-04-27,all_boards,20,5012,4895,2621,-0.21262953552615613,0.141700920305134,0.052301359728093876,2,-0.10161671042442322,-0.021188095211982727
2026-04-27,buyable_mainboard,5,3074,3001,1750,0.06241093060874005,0.04578049229826299,0.01994221039088722,2,-0.00390553567558527,0.02484629489481449
2026-04-27,buyable_mainboard,10,3074,2997,1750,0.08185220892072656,0.07227725287068971,0.02461509927478989,2,0.009728575125336647,0.015950189903378487
2026-04-27,buyable_mainboard,20,3074,2991,1750,-0.12996524003000634,0.13174802539464917,0.05138250458074406,2,-0.0524350069463253,-0.03239656984806061
2026-04-28,all_boards,5,4999,4913,3566,0.256609679480437,0.05648085503122316,0.02168433908775576,4,0.0837630033493042,0.05894813314080238
2026-04-28,all_boards,10,4999,4905,3566,0.1664695933383085,0.08184653926831477,0.02665356264446303,4,0.060271941125392914,0.040922340005636215
2026-04-28,all_boards,20,4999,4896,3566,-0.1458590503527057,0.14384151501678324,0.053823137390249076,4,0.14984185993671417,-0.016451478004455566
2026-04-28,buyable_mainboard,5,3065,3001,2215,0.27532335601421004,0.050759207388747334,0.02144023272370951,4,0.0837630033493042,0.04849417880177498
2026-04-28,buyable_mainboard,10,3065,2998,2215,0.16053155546461353,0.07510569424643494,0.026465334963958635,4,0.060271941125392914,0.023646071553230286
2026-04-28,buyable_mainboard,20,3065,2992,2215,-0.07132113351210112,0.13577071067869995,0.052462950255711106,4,0.14984185993671417,-0.028475627303123474
2026-04-29,all_boards,5,4962,4913,1492,0.20865099434104148,0.059236132500382004,0.023438418599078633,3,0.07334356009960175,0.049759503453969955
2026-04-29,all_boards,10,4962,4907,1492,0.21346221175016936,0.08277548459534934,0.03257325595902224,3,0.0313769094645977,0.021322280168533325
2026-04-29,all_boards,20,4962,4895,1492,-0.12126532929434378,0.12562008538751684,0.05767980336616638,3,0.017264248803257942,-0.0323808453977108
2026-04-29,buyable_mainboard,5,3035,3001,895,0.2036797832334523,0.05097107642847643,0.02219687176794651,3,0.027948282659053802,0.03928009048104286
2026-04-29,buyable_mainboard,10,3035,2999,895,0.18770955738555545,0.07648426292744995,0.03241376940561041,3,-0.015153010375797749,0.0075104376301169395
2026-04-29,buyable_mainboard,20,3035,2991,895,-0.06440833880895126,0.11828948255876844,0.05563275237321425,3,0.08996548503637314,-0.034977447241544724
2026-04-30,all_boards,5,4927,4914,420,0.13514209085883278,0.05225148480972524,0.02653485282516152,4,0.014703977853059769,0.02352985180914402
2026-04-30,all_boards,10,4927,4908,420,0.16231668177709688,0.08071624788175452,0.034661583624247996,4,-0.013061716221272945,0.013896767981350422
2026-04-30,all_boards,20,4927,4896,420,-0.0916623977173862,0.13491961524182086,0.060923887358132284,4,-0.06612585484981537,-0.056232232600450516
2026-04-30,buyable_mainboard,5,3008,3002,282,0.16906217769156823,0.04819771583794028,0.0251230325162512,4,0.0010837186127901077,0.022196581587195396
2026-04-30,buyable_mainboard,10,3008,2997,282,0.16301059312534988,0.0740723697059886,0.033940616883768676,4,0.004169910680502653,0.006893702782690525
2026-04-30,buyable_mainboard,20,3008,2990,282,-0.03030273392143644,0.12719035599340386,0.05804434563602219,4,-0.012378929182887077,-0.053219519555568695
2026-05-06,all_boards,5,4926,4917,0,0.052352753587334204,0.05259392290007054,0.02770007940083107,5,0.007916796952486038,
2026-05-06,all_boards,10,4926,4911,0,0.18192797737192667,0.08165367500378554,0.03719606258715471,5,-0.036089297384023666,
2026-05-06,all_boards,20,4926,4900,0,-0.04835756093307804,0.13297792341962827,0.06233029675601663,5,-0.062337856739759445,
2026-05-06,buyable_mainboard,5,3008,3005,0,0.04330930000798098,0.04708113709638365,0.026053813864695758,5,0.005874007008969784,
2026-05-06,buyable_mainboard,10,3008,2999,0,0.14859947337562615,0.07479929600442754,0.03609223973150347,5,-0.04673577845096588,
2026-05-06,buyable_mainboard,20,3008,2993,0,0.009137427514726012,0.12393460775213051,0.05876280098772223,5,-0.06056588143110275,
2026-05-07,all_boards,5,4928,4918,0,0.015302765560811843,0.04926850861203422,0.02676587892082585,5,-0.022848542779684067,
2026-05-07,all_boards,10,4928,4913,0,0.17185276395967478,0.08180644115809727,0.03868225216305763,5,-0.07339922338724136,
2026-05-07,all_boards,20,4928,4902,0,-0.02514470831298544,0.13630482714380635,0.06541896506553634,5,-0.1181403174996376,
2026-05-07,buyable_mainboard,5,3008,3004,0,-0.026106697867500757,0.044604307736941184,0.025124319650450682,5,-0.01694154180586338,
2026-05-07,buyable_mainboard,10,3008,2999,0,0.13161858052862346,0.07926533351645473,0.037731705790891336,5,-0.07172126322984695,
2026-05-07,buyable_mainboard,20,3008,2993,0,0.03988348917780406,0.12560205354536316,0.060465499496445585,5,-0.09728854149580002,
2026-05-08,all_boards,5,4930,4922,0,0.13459095131898619,0.05164655767295746,0.02628029917442055,5,-0.023768510669469833,
2026-05-08,all_boards,10,4930,4916,0,0.25936970600849013,0.08074936635044709,0.041347858490928556,5,-0.05002748221158981,
2026-05-08,all_boards,20,4930,4905,0,0.06779206057990345,0.12755887019963566,0.07165198869209083,5,-0.0761512890458107,
2026-05-08,buyable_mainboard,5,3008,3005,0,0.10367438307046557,0.04879091018039152,0.025292866473828456,5,-0.013784538023173809,
2026-05-08,buyable_mainboard,10,3008,2999,0,0.21099812500381376,0.07702732296327665,0.04120762632230683,5,-0.03717491775751114,
2026-05-08,buyable_mainboard,20,3008,2993,0,0.14619491057395034,0.11809602859043099,0.06618209530540604,5,-0.03570256754755974,
2026-05-11,all_boards,5,4931,4925,2,0.14489082751630006,0.053627216243385005,0.02865243383084729,5,-0.043184876441955566,-0.010121528059244156
2026-05-11,all_boards,10,4931,4918,2,0.2699969237397162,0.08702042663750773,0.04255678189610324,5,-0.019646409898996353,0.019583333283662796
2026-05-11,all_boards,20,4931,4905,2,0.26411331853158415,0.14698194067272968,0.09162962111364248,5,-0.10233211517333984,-0.11244791746139526
2026-05-11,buyable_mainboard,5,3010,3008,2,0.11027610782640852,0.05258511511797227,0.029187764367902876,5,-0.05606973171234131,-0.010121528059244156
2026-05-11,buyable_mainboard,10,3010,3002,2,0.2100855450872854,0.08171134312012882,0.04261140661532063,5,-0.03109925054013729,0.019583333283662796
2026-05-11,buyable_mainboard,20,3010,2994,2,0.2377098064198261,0.13593964779754628,0.08576718493618905,5,-0.09360893070697784,-0.11244791746139526
2026-05-12,all_boards,5,4929,4923,9,0.13098144770014833,0.05131051053435888,0.027898929504423475,5,0.0052574994042515755,-0.007846983149647713
2026-05-12,all_boards,10,4929,4919,9,0.21836453737464798,0.08963273205314265,0.044411555999207424,5,-0.019373062998056412,-0.02487765997648239
2026-05-12,all_boards,20,4929,4905,9,0.29886716348698544,0.1435039472306898,0.08693548628375862,5,-0.09428577870130539,-0.09609624743461609
2026-05-12,buyable_mainboard,5,3010,3005,7,0.10588924379603547,0.04833723547261088,0.02739794828988324,5,-0.02042105793952942,-0.016854939982295036
2026-05-12,buyable_mainboard,10,3010,3003,7,0.17472283238947042,0.08446835460922926,0.04307694960917519,5,-0.054905928671360016,-0.02909918688237667
2026-05-12,buyable_mainboard,20,3010,2993,7,0.26720082534358597,0.13432598782775831,0.0820946855575879,5,-0.11569168418645859,-0.10371678322553635
2026-05-13,all_boards,5,4928,4922,3,0.1425508011861888,0.05723012420749173,0.030708640251826808,5,-0.0007910102722235024,-0.019935039803385735
2026-05-13,all_boards,10,4928,4918,3,0.20647351157466448,0.10042832748423737,0.05202924805935758,5,-0.06988546997308731,-0.09235388040542603
2026-05-13,all_boards,20,4928,4902,3,0.28789221243766444,0.148648474989966,0.0977162208558404,5,-0.13934269547462463,-0.18380005657672882
2026-05-13,buyable_mainboard,5,3010,3004,3,0.11105644232921079,0.056654313501539266,0.03167776708582399,5,-0.001376133761368692,-0.019935039803385735
2026-05-13,buyable_mainboard,10,3010,3003,3,0.1762754964805241,0.09654445094480223,0.051800207878969176,5,-0.0678480714559555,-0.09235388040542603
2026-05-13,buyable_mainboard,20,3010,2992,3,0.2841748792258058,0.1385791046509193,0.09198269808594756,5,-0.14665749669075012,-0.18380005657672882
2026-05-14,all_boards,5,4928,4923,79,0.07077405381956088,0.06445619735371524,0.029940782952897146,5,-0.029606878757476807,-0.026936763897538185
2026-05-14,all_boards,10,4928,4918,79,0.12174491268574343,0.09383370957295198,0.048915513988168596,5,-0.04258842021226883,-0.03129544481635094
2026-05-14,all_boards,20,4928,4899,79,0.23763396200721254,0.14903523914580516,0.0940032181451249,5,-0.12725886702537537,-0.09944548457860947
2026-05-14,buyable_mainboard,5,3009,3004,49,0.051796891356416706,0.06415885083452802,0.030429761575800393,5,-0.029044661670923233,-0.02274882048368454
2026-05-14,buyable_mainboard,10,3009,3002,49,0.10647845182993117,0.0893975428108446,0.04753764278305178,5,-0.03669384866952896,-0.031150849536061287
2026-05-14,buyable_mainboard,20,3009,2990,49,0.23870772211614505,0.1398748094250078,0.08803643230118174,5,0.005227899644523859,-0.07682687044143677
2026-05-15,all_boards,5,4930,4924,247,0.06391867402255876,0.053935112424735525,0.0278214548489925,5,0.021651549264788628,-0.0025353911332786083
2026-05-15,all_boards,10,4930,4919,247,0.08747812831836727,0.10188229220391407,0.050991056251296595,5,-0.05511782690882683,-0.04510254040360451
2026-05-15,all_boards,20,4930,4898,247,0.19399448197230548,0.1370463324004104,0.09093906651488037,5,-0.06783390045166016,-0.06399891525506973
2026-05-15,buyable_mainboard,5,3011,3005,156,0.0727524273326534,0.05300204789025239,0.027682039245811283,5,0.021651549264788628,0.0006470340304076672
2026-05-15,buyable_mainboard,10,3011,3003,156,0.0938406899822773,0.0943017650626509,0.047225447027276525,5,-0.05511782690882683,-0.03324660286307335
2026-05-15,buyable_mainboard,20,3011,2990,156,0.19854651627499892,0.12667392052901086,0.0842769666844118,5,-0.06783390045166016,-0.04943220317363739
2026-05-18,all_boards,5,4931,4924,97,0.016618268061958617,0.059186043105918684,0.028635847120407405,5,0.007818074896931648,-0.006992770358920097
2026-05-18,all_boards,10,4931,4917,97,0.09412849955497489,0.09072169149012702,0.0527178027886057,5,-0.006894646678119898,-0.025345325469970703
2026-05-18,all_boards,20,4931,4893,97,0.1938973140124971,0.13111728259539338,0.09045573997477128,5,0.09226834774017334,-0.03679502010345459
2026-05-18,buyable_mainboard,5,3012,3006,51,0.030541602289475885,0.05523628596945362,0.027582568169704183,5,0.007818074896931648,0.00013356583076529205
2026-05-18,buyable_mainboard,10,3012,3002,51,0.09238576714165517,0.07996572628702055,0.04748407938888615,5,-0.006894646678119898,-0.01057817880064249
2026-05-18,buyable_mainboard,20,3012,2986,51,0.1954565564405634,0.11879646966619054,0.08230592766341241,5,0.09226834774017334,0.002782027004286647
2026-05-19,all_boards,5,4930,4926,10,0.09906336848410556,0.0663359092235392,0.03599442858368691,5,-0.011295827105641365,-0.03178348019719124
2026-05-19,all_boards,10,4930,4916,10,0.0811842838141642,0.10213063234736584,0.05840255437509837,5,-0.040029894560575485,-0.0787719264626503
2026-05-19,all_boards,20,4930,4893,10,0.21444942556310867,0.1294089740821066,0.09117087381663035,5,0.0882376953959465,-0.019896462559700012
2026-05-19,buyable_mainboard,5,3009,3007,8,0.09435703511829534,0.061978286339080306,0.03378715238108793,5,-0.019465381279587746,-0.03191540390253067
2026-05-19,buyable_mainboard,10,3009,3000,8,0.06603695596426129,0.08933129124433227,0.05085954529945279,5,-0.04609363526105881,-0.07411711663007736
2026-05-19,buyable_mainboard,20,3009,2986,8,0.20500460067887052,0.11828028568627268,0.0826414832292513,5,0.10306590795516968,0.013095606118440628
2026-05-20,all_boards,5,4933,4929,20,-0.0036005512231996046,0.07644203074822063,0.042678972548686724,5,-0.020009472966194153,-0.028721755370497704
2026-05-20,all_boards,10,4933,4920,20,0.06397793210913154,0.10754874586640585,0.06089974640580192,5,-0.02764437161386013,-0.0016306533943861723
2026-05-20,all_boards,20,4933,4895,20,0.13175586602041742,0.13555028108589198,0.09157961362503761,5,-0.021285412833094597,0.0356791727244854
2026-05-20,buyable_mainboard,5,3012,3011,17,-0.017525306918380834,0.0700556511974101,0.0385336478114702,5,-0.020009472966194153,-0.023345481604337692
2026-05-20,buyable_mainboard,10,3012,3004,17,0.057048388170877484,0.09426855513282052,0.0511263507001336,5,-0.02764437161386013,0.011561067774891853
2026-05-20,buyable_mainboard,20,3012,2989,17,0.1191171906492979,0.12488379450033302,0.08200712418285767,5,-0.021285412833094597,0.06193813309073448
2026-05-21,all_boards,5,4935,4930,534,0.09549730731560309,0.06631260692430284,0.035631994519202494,5,0.04686634615063667,-0.019086327403783798
2026-05-21,all_boards,10,4935,4922,534,0.049537287131221186,0.10868741490745508,0.056869694743176206,5,0.10160744190216064,-0.0538218654692173
2026-05-21,all_boards,20,4935,4893,534,-0.01158184211619952,0.1437268978433306,0.08416828435513338,5,0.24587886035442352,-0.06079723313450813
2026-05-21,buyable_mainboard,5,3012,3010,311,0.07030880516302883,0.06082131761173732,0.031941476665579074,5,0.030267398804426193,-0.014622818678617477
2026-05-21,buyable_mainboard,10,3012,3004,311,0.038469240596130605,0.0980136606053819,0.04799813973825416,5,0.05904077738523483,-0.03807816281914711
2026-05-21,buyable_mainboard,20,3012,2987,311,0.011067276897321192,0.13249982402717636,0.07685326523788225,5,0.23355957865715027,-0.05237773060798645
2026-05-22,all_boards,5,4937,4932,3,-0.030241728169377185,0.07851480809873203,0.0466507628054847,5,-0.07430285960435867,-0.08849513530731201
2026-05-22,all_boards,10,4937,4925,3,0.1000991320948861,0.09923974672256039,0.06370704046107897,5,-0.06925852596759796,-0.08728772401809692
2026-05-22,all_boards,20,4937,4894,3,0.05743111114046809,0.1324139437980777,0.09223354472715099,5,-0.0647195503115654,-0.013013253919780254
2026-05-22,buyable_mainboard,5,3012,3010,3,-0.04762689148824864,0.06850528515624346,0.03999880085199229,5,-0.08074921369552612,-0.08849513530731201
2026-05-22,buyable_mainboard,10,3012,3005,3,0.08629625046533215,0.08810113092695614,0.05356564031934863,5,-0.06996466964483261,-0.08728772401809692
2026-05-22,buyable_mainboard,20,3012,2986,3,0.07204186678849908,0.12119516886125883,0.085387629677787,5,-0.05235012620687485,-0.013013253919780254
2026-05-25,all_boards,5,4941,4934,3,-0.055198736053345555,0.06446933177823874,0.04243665335551187,5,-0.06500579416751862,-0.051736753433942795
2026-05-25,all_boards,10,4941,4928,3,0.05689527200002857,0.11057146825920673,0.06841840884912208,5,-0.12640449404716492,-0.09606172889471054
2026-05-25,all_boards,20,4941,4898,3,0.04690870942898124,0.1197527038804804,0.08543373387463749,5,-0.0395960733294487,0.020281612873077393
2026-05-25,buyable_mainboard,5,3015,3011,3,-0.09592902584700815,0.053742781815203575,0.034465732711239046,5,-0.05258575826883316,-0.051736753433942795
2026-05-25,buyable_mainboard,10,3015,3007,3,0.05968259905475511,0.0971725910692256,0.05723628922568524,5,-0.10593909025192261,-0.09606172889471054
2026-05-25,buyable_mainboard,20,3015,2989,3,0.06335498328845927,0.11116599084038126,0.07833852482113728,5,-0.01632026955485344,0.020281612873077393
2026-05-26,all_boards,5,4941,4931,9,-0.09261887598202612,0.06475581236517844,0.04007932880411678,5,-0.07286160439252853,-0.07525010406970978
2026-05-26,all_boards,10,4941,4927,9,0.07734104683807164,0.09747936213041307,0.061578464362527514,5,-0.07074974477291107,-0.07461604475975037
2026-05-26,all_boards,20,4941,4898,9,-0.04540327875324399,0.1328834248760781,0.080249551754659,5,-0.010662580840289593,-0.04410473257303238
2026-05-26,buyable_mainboard,5,3016,3009,5,-0.0918506347284212,0.05439092270691582,0.03213437631003983,5,-0.05238175392150879,-0.052381761372089386
2026-05-26,buyable_mainboard,10,3016,3006,5,0.08253884698445522,0.08859305439239569,0.05278355765581236,5,-0.06658954918384552,-0.06658954918384552
2026-05-26,buyable_mainboard,20,3016,2989,5,-0.017813516260615284,0.12403393736823441,0.07515584857612598,5,-0.004685154650360346,-0.00468515744432807
2026-05-27,all_boards,5,4941,4932,57,-0.06894662592134503,0.058052007323299744,0.03260409097227944,5,-0.049404390156269073,-0.014699198305606842
2026-05-27,all_boards,10,4941,4925,57,0.07641627557392784,0.09522365553447582,0.055838398626641486,5,-0.07498745620250702,-0.023021094501018524
2026-05-27,all_boards,20,4941,4896,57,-0.059027440307595165,0.1462174868979579,0.07535322069100302,5,0.022994032129645348,-0.009368189610540867
2026-05-27,buyable_mainboard,5,3017,3010,26,-0.06639905168697625,0.04935993325915162,0.02733652609287977,5,-0.047885648906230927,-0.011709878221154213
2026-05-27,buyable_mainboard,10,3017,3006,26,0.08670863355110413,0.08596237903058197,0.04832570940034885,5,-0.08926349133253098,0.009441081434488297
2026-05-27,buyable_mainboard,20,3017,2987,26,-0.015487579660463281,0.13612585811476047,0.07172231722199311,5,-0.034361887723207474,0.05632665380835533
2026-05-28,all_boards,5,4941,4933,4,-0.06929824317769544,0.06500428479918491,0.0405379142015643,5,-0.03824235498905182,-0.041552942246198654
2026-05-28,all_boards,10,4941,4922,4,0.07727417087456506,0.10131156133187312,0.06324773844442927,5,0.03841998055577278,-0.0626937747001648
2026-05-28,all_boards,20,4941,4894,4,-0.029126677872660402,0.14916382863973132,0.08576716393594458,5,0.12108688056468964,-0.006219521164894104
2026-05-28,buyable_mainboard,5,3017,3011,4,-0.07756200582991843,0.055739553480889104,0.033255064133061084,5,-0.03824235498905182,-0.041552942246198654
2026-05-28,buyable_mainboard,10,3017,3005,4,0.07632376999587126,0.09207197349282063,0.055138066750673446,5,0.03841998055577278,-0.0626937747001648
2026-05-28,buyable_mainboard,20,3017,2987,4,0.02304610546075896,0.1404237288639438,0.08213435764260026,5,0.12108688056468964,-0.006219521164894104
2026-05-29,all_boards,5,4941,4934,95,0.19820553499290913,0.050888121294079255,0.027872266359154737,5,-0.023728545755147934,0.007791349198669195
2026-05-29,all_boards,10,4941,4920,95,0.1111426421480277,0.08186208998628924,0.04838160419729525,5,-0.019361969083547592,-0.012430607341229916
2026-05-29,all_boards,20,4941,4888,95,-0.03291057962823125,0.153209148650438,0.08515652228542153,5,0.0688113197684288,-0.005649481434375048
2026-05-29,buyable_mainboard,5,3017,3012,34,0.19483407451494136,0.04720106245459556,0.024798436956078505,5,-0.015515466220676899,0.022932255640625954
2026-05-29,buyable_mainboard,10,3017,3004,34,0.09091927635683685,0.07622623028331156,0.04500748790895902,5,-0.0119900181889534,0.011342237703502178
2026-05-29,buyable_mainboard,20,3017,2985,34,0.010968632164664425,0.14363995393436926,0.0861806964291831,5,0.05424632877111435,0.031014589592814445
2026-06-01,all_boards,5,4939,4933,80,0.1765043330431688,0.07608738676037209,0.04507811540076157,5,-0.055729903280735016,-0.022184934467077255
2026-06-01,all_boards,10,4939,4914,80,0.19561178834461834,0.08745693545267143,0.053274407837479054,5,-0.0037255375646054745,0.06932281702756882
2026-06-01,all_boards,20,4939,4886,80,0.1618975326469114,0.168256817150332,0.09206789725439711,5,0.08733880519866943,0.2371988743543625
2026-06-01,buyable_mainboard,5,3016,3012,19,0.12191197112222692,0.07232271070909374,0.04252455645966974,5,0.016195252537727356,0.011601993814110756
2026-06-01,buyable_mainboard,10,3016,3000,19,0.13927360677830528,0.08111312358849765,0.05141013868372398,5,0.09407038986682892,0.02315203845500946
2026-06-01,buyable_mainboard,20,3016,2983,19,0.1564555473434947,0.15580206730304688,0.09479969959780811,5,0.22408099472522736,0.057407040148973465
2026-06-02,all_boards,5,4936,4932,103,0.1980377560051931,0.061865385691926886,0.036477005041347516,5,-0.006377542857080698,0.017492791637778282
2026-06-02,all_boards,10,4936,4913,103,0.21790255990921079,0.0810446692606046,0.043597402099492207,5,0.041563183069229126,0.08304101973772049
2026-06-02,all_boards,20,4936,4884,103,0.10307021788021799,0.14905519199086978,0.08157603726956805,5,0.14973972737789154,0.21392720937728882
2026-06-02,buyable_mainboard,5,3013,3010,33,0.14278535392355426,0.0593703586414329,0.034834385408188395,5,-0.010832125321030617,0.011285246349871159
2026-06-02,buyable_mainboard,10,3013,2999,33,0.16388541983516847,0.0751547547202277,0.04191640634384875,5,0.03910834714770317,0.06203343719244003
2026-06-02,buyable_mainboard,20,3013,2980,33,0.10333433998969668,0.13507052746575043,0.0840488698346577,5,0.0906764566898346,0.10488779842853546
2026-06-03,all_boards,5,4938,4931,77,0.10033804715677459,0.06139764739911258,0.03444585411502203,5,0.019328510388731956,0.005408660974353552
2026-06-03,all_boards,10,4938,4913,77,0.17831531177385906,0.08811606615660841,0.03781973342541192,5,0.06136511638760567,0.08358829468488693
2026-06-03,all_boards,20,4938,4886,77,0.08644473408616671,0.1348865960711228,0.07375546543730538,5,0.1756923496723175,0.13151738047599792
2026-06-03,buyable_mainboard,5,3015,3011,24,0.06495089928096172,0.058641790018929114,0.0336524501424323,5,-0.013046947307884693,0.007043556775897741
2026-06-03,buyable_mainboard,10,3015,3000,24,0.13421320245419138,0.080906522444267,0.03771572185134336,5,0.048125945031642914,0.05436015501618385
2026-06-03,buyable_mainboard,20,3015,2982,24,0.09686432193335158,0.12309103011368898,0.07677856112333513,5,0.10614718496799469,0.08017727732658386
2026-06-04,all_boards,5,4938,4927,92,0.023869753121899685,0.06408039234341104,0.03576034183351608,5,-0.0231443140655756,-0.0016063883667811751
2026-06-04,all_boards,10,4938,4909,92,0.12553450993959084,0.08727823575092268,0.035854821122608044,5,0.04614134877920151,0.06708649545907974
2026-06-04,all_boards,20,4938,4886,92,0.08524640900575799,0.11904615144949174,0.0683048761149042,5,0.053992968052625656,0.08500780910253525
2026-06-04,buyable_mainboard,5,3015,3009,31,-0.024794022949107725,0.06051899114455609,0.03421875016275996,5,-0.025665875524282455,-0.004689950030297041
2026-06-04,buyable_mainboard,10,3015,2998,31,0.10596877708632439,0.08084894067085913,0.036662563954971125,5,0.041417889297008514,0.041387952864170074
2026-06-04,buyable_mainboard,20,3015,2982,31,0.09221300445569311,0.10815315685335006,0.07108934068148402,5,0.024586034938693047,0.046226534992456436
2026-06-05,all_boards,5,4939,4925,34,0.08349112068489122,0.05044152680072777,0.026717332302208217,5,0.10589711368083954,0.05005991831421852
2026-06-05,all_boards,10,4939,4908,34,0.0674626709351989,0.09766975846873273,0.03703668132304942,5,0.24629589915275574,0.15631243586540222
2026-06-05,all_boards,20,4939,4886,34,0.027633330119574726,0.11984821490720324,0.0626784314552094,5,0.19562062621116638,0.15928508341312408
2026-06-05,buyable_mainboard,5,3015,3007,11,0.04422629218722999,0.04645043388490279,0.025835094691217243,5,0.03840359300374985,0.00553959421813488
2026-06-05,buyable_mainboard,10,3015,2996,11,0.0612853869163014,0.08612344366414504,0.03780928924194122,5,0.06726856529712677,0.030096400529146194
2026-06-05,buyable_mainboard,20,3015,2981,11,0.029336770584937662,0.10425590845550445,0.06408405398537678,5,0.010173286311328411,-0.021412072703242302
2026-06-08,all_boards,5,4938,4919,1247,0.17593628971192588,0.052404031432415565,0.026209146597654272,5,0.14949668943881989,0.0342547781765461
2026-06-08,all_boards,10,4938,4908,1247,0.09414881063648442,0.08758338197244737,0.0365913044065614,5,0.2590252161026001,0.055676378309726715
2026-06-08,all_boards,20,4938,4886,1247,0.04153161569879743,0.13660495115922774,0.06751124803915962,5,0.2577427923679352,0.004670584108680487
2026-06-08,buyable_mainboard,5,3015,3003,554,0.13176287535414785,0.04797694185215184,0.025807743637770334,5,0.07528931647539139,0.018129151314496994
2026-06-08,buyable_mainboard,10,3015,2997,554,0.058316800500664207,0.08012822938834024,0.03838071525116885,5,0.11611545085906982,0.023571765050292015
2026-06-08,buyable_mainboard,20,3015,2981,554,-0.008831619331143212,0.1260339119810758,0.0687369404663067,5,0.09872201830148697,-0.0377575121819973
2026-06-09,all_boards,5,4939,4920,40,0.1213126111957018,0.05331756277293767,0.025366448985508484,5,0.13943593204021454,0.06673196703195572
2026-06-09,all_boards,10,4939,4910,40,0.03187470499775108,0.0956808425466794,0.03501498355031777,5,0.17458701133728027,0.1005711704492569
2026-06-09,all_boards,20,4939,4888,40,-0.00637825179247134,0.12195159721320938,0.06310372622858308,5,0.11550110578536987,0.06725256145000458
2026-06-09,buyable_mainboard,5,3015,3004,12,0.12716083129391498,0.04712314607196868,0.02591884941808526,5,0.04953128844499588,0.038877781480550766
2026-06-09,buyable_mainboard,10,3015,2998,12,0.0238912483372227,0.08623750172592369,0.03636223207729391,5,0.027338195592164993,0.040184471756219864
2026-06-09,buyable_mainboard,20,3015,2983,12,-0.03706932539397737,0.1101088594518408,0.06283886373509985,5,-0.016822239384055138,-0.024691181257367134
2026-06-10,all_boards,5,4937,4919,98,0.20192338398623264,0.06196972351847356,0.026023186224044488,5,0.16446338593959808,0.08787782490253448
2026-06-10,all_boards,10,4937,4908,98,0.03221368450775182,0.10387554450619858,0.03646763390306428,5,0.1757897287607193,0.08689171820878983
2026-06-10,all_boards,20,4937,4888,98,-0.021231971373853138,0.12431384555008934,0.061219402524668745,5,0.162423774600029,0.04973597452044487
2026-06-10,buyable_mainboard,5,3014,3003,35,0.21033677087623476,0.05209721608060326,0.026254661172791367,5,0.08257287740707397,0.0517309308052063
2026-06-10,buyable_mainboard,10,3014,2995,35,0.014414627076382913,0.09398872699221747,0.036942659339226566,5,0.05187072604894638,0.011279008351266384
2026-06-10,buyable_mainboard,20,3014,2983,35,-0.06901600073536843,0.11100224277858457,0.05994685657208,5,0.09972823411226273,-0.021634772419929504
2026-06-11,all_boards,5,4934,4916,98,0.1295769600546255,0.060042787169418445,0.02817002532048217,5,0.06508399546146393,0.07091999053955078
2026-06-11,all_boards,10,4934,4906,98,-0.05599804989276296,0.10422388663965024,0.040278115094600414,5,0.013982748612761497,0.03717753663659096
2026-06-11,all_boards,20,4934,4888,98,-0.024597527749132573,0.10990038891896808,0.05932030067074613,5,0.03076385334134102,-0.009514441713690758
2026-06-11,buyable_mainboard,5,3012,3001,39,0.14441215175423208,0.051317056450685544,0.02753087266499404,5,0.05809388309717178,0.054152343422174454
2026-06-11,buyable_mainboard,10,3012,2994,39,-0.06744820393437552,0.09840477609291547,0.04109912027489985,5,0.018213652074337006,-0.010807176120579243
2026-06-11,buyable_mainboard,20,3012,2982,39,-0.04506855840153883,0.10031576444695194,0.0586332092116794,5,0.0025934353470802307,-0.04671463370323181
2026-06-12,all_boards,5,4932,4915,14,0.18092836741635196,0.06942431311784497,0.03260512285350474,5,0.17404742538928986,0.10569746047258377
2026-06-12,all_boards,10,4932,4900,14,-0.0671826414697937,0.10963507341081845,0.05471767890915723,5,0.15153881907463074,0.09999895095825195
2026-06-12,all_boards,20,4932,4888,14,-0.06119953787607733,0.12511059939373015,0.06434266803043413,5,-0.11167378723621368,-0.06560216099023819
2026-06-12,buyable_mainboard,5,3011,3000,6,0.1435089381013905,0.05947968391633535,0.032020507516983286,5,0.09256784617900848,0.11502707004547119
2026-06-12,buyable_mainboard,10,3011,2992,6,-0.0900382882344801,0.10010523729144995,0.055467504119718396,5,0.05330671742558479,0.11242177337408066
2026-06-12,buyable_mainboard,20,3011,2982,6,-0.09956763755956351,0.11436950836534172,0.06204539985086342,5,-0.09700477123260498,-0.05313152074813843
2026-06-15,all_boards,5,4929,4918,0,-0.08069188169891096,0.055727319030500475,0.029688028209525888,5,-0.006431537680327892,
2026-06-15,all_boards,10,4929,4901,0,-0.1113232176687696,0.10559875394010854,0.054576955083581936,5,-0.025281637907028198,
2026-06-15,all_boards,20,4929,4891,0,-0.055957791806787685,0.11161114598643226,0.06961750575062627,5,-0.12359742820262909,
2026-06-15,buyable_mainboard,5,3008,3002,0,-0.07382229647645129,0.04877464061367241,0.02875300098039734,5,0.001982893096283078,
2026-06-15,buyable_mainboard,10,3008,2991,0,-0.11067092189212668,0.09575641161187483,0.05445657447949691,5,-0.09745050966739655,
2026-06-15,buyable_mainboard,20,3008,2983,0,-0.07287520113866647,0.09874196869072564,0.06463523376397173,5,-0.1579039841890335,
2026-06-16,all_boards,5,4928,4918,0,-0.17396438105153234,0.061847767500470274,0.030493928483975,5,-0.035698097199201584,
2026-06-16,all_boards,10,4928,4899,0,-0.12881631198179577,0.09362964239238482,0.05344535320017865,5,0.000589492148719728,
2026-06-16,all_boards,20,4928,4892,0,0.011286038225536246,0.11192109828063497,0.07073556178812396,5,-0.10336551815271378,
2026-06-16,buyable_mainboard,5,3007,3001,0,-0.1814094118122283,0.055052860209257044,0.0286116113597074,5,-0.047937192022800446,
2026-06-16,buyable_mainboard,10,3007,2988,0,-0.13659337165665347,0.07969771102646127,0.0510636157136297,5,-0.042983174324035645,
2026-06-16,buyable_mainboard,20,3007,2983,0,0.0052601193904039546,0.09814487276764579,0.06434680115198547,5,-0.12665805220603943,
2026-06-17,all_boards,5,4929,4918,0,-0.19534178138181196,0.0615149571377892,0.029714003590004822,5,-0.04098929837346077,
2026-06-17,all_boards,10,4929,4902,0,-0.07036358454251693,0.07876291433901822,0.04585534922239109,5,0.025011518970131874,
2026-06-17,all_boards,20,4929,4893,0,0.1330399874182807,0.1147250670529293,0.0701049457864098,5,-0.08569975197315216,
2026-06-17,buyable_mainboard,5,3008,3000,0,-0.18516280419025005,0.05685011709538054,0.028444077338258163,5,-0.021970942616462708,
2026-06-17,buyable_mainboard,10,3008,2990,0,-0.05944313203974506,0.0696495951842668,0.0432113918937742,5,0.005497840233147144,
2026-06-17,buyable_mainboard,20,3008,2985,0,0.12054769399799417,0.10062674426338374,0.06222995288292695,5,-0.07744060456752777,
2026-06-18,all_boards,5,4925,4915,0,0.009069995649752737,0.06340736210509385,0.034881839870177594,5,-0.06995896250009537,
2026-06-18,all_boards,10,4925,4902,0,0.058934624579453795,0.0730200563039268,0.04292741200979177,5,0.03163734823465347,
2026-06-18,all_boards,20,4925,4891,0,0.24679957974781724,0.12860340837518766,0.08426006796155515,5,-0.10886410623788834,
2026-06-18,buyable_mainboard,5,3006,2999,0,0.0017945773462913228,0.0585748639978484,0.03259333365686194,5,-0.10765719413757324,
2026-06-18,buyable_mainboard,10,3006,2990,0,0.052806633732549686,0.06414793850677662,0.0400022678441318,5,0.023487413302063942,
2026-06-18,buyable_mainboard,20,3006,2983,0,0.21339214805026532,0.11025759271030466,0.07105326420352116,5,-0.18508949875831604,
2026-06-22,all_boards,5,4925,4910,0,0.08330705641637175,0.06784295177758008,0.04781076983255518,5,-0.07148941606283188,
2026-06-22,all_boards,10,4925,4903,0,0.10902552677871494,0.07774104120059475,0.042703833582039795,5,0.026683395728468895,
2026-06-22,all_boards,20,4925,4893,0,0.2847051693519858,0.14328820556178576,0.10019618111632621,5,-0.15237249433994293,
2026-06-22,buyable_mainboard,5,3005,2997,0,0.08060891308106705,0.059546717379077935,0.04429575452281637,5,-0.07064881175756454,
2026-06-22,buyable_mainboard,10,3005,2990,0,0.12017145599201734,0.06777219624993974,0.03865987150479807,5,0.02478811703622341,
2026-06-22,buyable_mainboard,20,3005,2984,0,0.2690603164711621,0.12141492588905395,0.08053237106550076,5,-0.17153114080429077,
2026-06-23,all_boards,5,4924,4907,0,-0.0492321996406161,0.07346425315518795,0.04865251124312428,5,-0.03428855538368225,
2026-06-23,all_boards,10,4924,4902,0,-0.019958921564409586,0.07847975312636245,0.044009215531289766,5,-0.006538934074342251,
2026-06-23,all_boards,20,4924,4893,0,0.2354280205358795,0.1314453983238716,0.10970324187167077,5,-0.14378155767917633,
2026-06-23,buyable_mainboard,5,3005,2994,0,-0.0124871397489984,0.06628485822649131,0.04583705701580663,5,-0.050092220306396484,
2026-06-23,buyable_mainboard,10,3005,2989,0,-0.03015595037112644,0.06803081623334127,0.03917205239485595,5,-0.027820294722914696,
2026-06-23,buyable_mainboard,20,3005,2984,0,0.22107349212628552,0.11207088080262051,0.08629264142181665,5,-0.18307869136333466,
2026-06-24,all_boards,5,4925,4906,0,-0.08255280792079596,0.0561565214793587,0.03521671481796635,5,0.07027654349803925,
2026-06-24,all_boards,10,4925,4903,0,0.12443064335432644,0.0785819377725555,0.04296803807915843,5,0.00208945176564157,
2026-06-24,all_boards,20,4925,4894,0,0.362261810937267,0.14348186860459675,0.11389810715316787,5,-0.09219171106815338,
2026-06-24,buyable_mainboard,5,3005,2992,0,-0.03057460299345349,0.04715863711726342,0.032029237530978,5,-0.012310611084103584,
2026-06-24,buyable_mainboard,10,3005,2990,0,0.12257768158390484,0.06869163644772133,0.03907673119021077,5,-0.08269716799259186,
2026-06-24,buyable_mainboard,20,3005,2984,0,0.33296099584262856,0.12188324715080073,0.09208951752681148,4,-0.21633881330490112,
2026-06-25,all_boards,5,4924,4908,0,0.07183921494843037,0.05463850512690736,0.02620140122158564,5,0.13274693489074707,
2026-06-25,all_boards,10,4924,4904,0,0.09621555820108223,0.07363931363550306,0.04673625857393869,5,0.046375710517168045,
2026-06-25,all_boards,20,4924,4894,0,0.402901612576917,0.13017635090070662,0.11098823253351506,4,-0.050265975296497345,
2026-06-25,buyable_mainboard,5,3002,2992,0,0.0970088524848185,0.047272392497263685,0.02405844248321084,5,0.10184840857982635,
2026-06-25,buyable_mainboard,10,3002,2990,0,0.11448120034680165,0.06478829174606213,0.04392428038433778,5,0.010217875242233276,
2026-06-25,buyable_mainboard,20,3002,2983,0,0.3663474576563868,0.11262794413896937,0.09211295658535429,4,-0.07538852095603943,
2026-06-26,all_boards,5,4921,4908,2,0.21379369075479182,0.06698689511334772,0.02923107971171276,5,0.14286121726036072,0.2567391097545624
2026-06-26,all_boards,10,4921,4903,2,0.1408839352214743,0.07642369286684611,0.05123486967968263,5,0.03046996518969536,0.08690673112869263
2026-06-26,all_boards,20,4921,4893,2,0.3826947083315593,0.13599732789555788,0.11608250837133315,5,-0.04664362967014313,-0.038339342921972275
2026-06-26,buyable_mainboard,5,3001,2992,2,0.16670074595299061,0.05918135537091878,0.02873130668810743,5,0.14286121726036072,0.2567391097545624
2026-06-26,buyable_mainboard,10,3001,2989,2,0.11073212306863155,0.06778475708938968,0.050023402148576375,5,0.03046996518969536,0.08690673112869263
2026-06-26,buyable_mainboard,20,3001,2983,2,0.3257940722957222,0.11516538615145548,0.09947312233509335,5,-0.04664362967014313,-0.038339342921972275
2026-06-29,all_boards,5,4917,4910,0,0.08557464491675641,0.064653134636247,0.03849407170935698,5,0.08949965238571167,
2026-06-29,all_boards,10,4917,4905,0,0.0731161279500394,0.08097875324394811,0.05614789931616904,5,-0.029838258400559425,
2026-06-29,all_boards,20,4917,4891,0,0.3139877485001737,0.11850471885355679,0.11050370197930874,4,-0.059554632753133774,
2026-06-29,buyable_mainboard,5,3001,2994,0,0.05302756368295834,0.06016278096171126,0.03653391296572068,5,0.08949965238571167,
2026-06-29,buyable_mainboard,10,3001,2991,0,0.04934496123644443,0.07274365280890742,0.05450522147745349,5,-0.029838258400559425,
2026-06-29,buyable_mainboard,20,3001,2985,0,0.262991800791198,0.10558838031682907,0.09676169866626655,4,-0.059554632753133774,
2026-06-30,all_boards,5,4914,4909,0,0.38614424886454907,0.060070786853145645,0.04236134570833165,5,-0.05153484269976616,
2026-06-30,all_boards,10,4914,4904,0,0.4705612344721465,0.08738271950496161,0.07139756546043168,5,-0.06619158387184143,
2026-06-30,all_boards,20,4914,4891,0,0.636402327883254,0.13871733472221598,0.1248371858271264,5,-0.09455985575914383,
2026-06-30,buyable_mainboard,5,2998,2993,0,0.3267383822034154,0.05493048973368645,0.038090681459448515,5,-0.05153484269976616,
2026-06-30,buyable_mainboard,10,2998,2990,0,0.41316510902761794,0.08364080788695076,0.06477902717421137,5,-0.06619158387184143,
2026-06-30,buyable_mainboard,20,2998,2985,0,0.5281482166019432,0.13241937505684334,0.10947088412774751,5,-0.09455985575914383,
2026-07-01,all_boards,5,4912,4909,0,0.3590739212498095,0.05751656961502471,0.04415755302059134,5,-0.0680323988199234,
2026-07-01,all_boards,10,4912,4905,0,0.3861302452634325,0.08681741007662744,0.0656646922844393,5,-0.039850376546382904,
2026-07-01,all_boards,20,4912,4891,0,0.6003805439808182,0.1337854405178863,0.11827855402564424,5,-0.11721348762512207,
2026-07-01,buyable_mainboard,5,2995,2993,0,0.36312562218437927,0.05215011976211295,0.03974346842215897,5,-0.07887399941682816,
2026-07-01,buyable_mainboard,10,2995,2990,0,0.3335510282881066,0.08361463084041447,0.059982599174893104,5,-0.09987279027700424,
2026-07-01,buyable_mainboard,20,2995,2984,0,0.5031880342000243,0.1299284003137402,0.10204016289914222,5,-0.1479586511850357,
2026-07-02,all_boards,5,4913,4909,0,0.24522215967359934,0.05411798210802347,0.050493928552284115,5,-0.06426187604665756,
2026-07-02,all_boards,10,4913,4904,0,0.4020930338210844,0.09173543487169473,0.06768289071577877,5,-0.07294584810733795,
2026-07-02,all_boards,20,4913,4891,0,0.5871157512815615,0.14141413333558284,0.11773246494779498,5,-0.09047984331846237,
2026-07-02,buyable_mainboard,5,2995,2993,0,0.32925522808547963,0.0488344835505358,0.045601931185911375,5,-0.06426187604665756,
2026-07-02,buyable_mainboard,10,2995,2990,0,0.3441949102469614,0.08560904554644586,0.060499062383548206,5,-0.07294584810733795,
2026-07-02,buyable_mainboard,20,2995,2984,0,0.4915970621711481,0.1323391412106917,0.10093102925063417,5,-0.09047984331846237,
2026-07-03,all_boards,5,4916,4911,0,0.3077651955008581,0.05333777565333121,0.051996748847351185,5,-0.03969743475317955,
2026-07-03,all_boards,10,4916,4905,0,0.43747669744951495,0.10788277878566224,0.08453624913088975,5,-0.13395358622074127,
2026-07-03,all_boards,20,4916,4892,0,0.5886688314412358,0.13323497796620704,0.1167098591339384,5,-0.10491863638162613,
2026-07-03,buyable_mainboard,5,2998,2995,0,0.34300502498894675,0.047150730816399374,0.045945554513477246,5,-0.03969743475317955,
2026-07-03,buyable_mainboard,10,2998,2991,0,0.3692770148169829,0.09154712352619708,0.06945157097092079,5,-0.13395358622074127,
2026-07-03,buyable_mainboard,20,2998,2985,0,0.4881963734748785,0.1254116238406672,0.09848295555974963,5,-0.10491863638162613,
2026-07-06,all_boards,5,4915,4910,0,0.3091357902103553,0.07090596710179106,0.04927889023685914,5,-0.05625806003808975,
2026-07-06,all_boards,10,4915,4905,0,0.37811986312554485,0.11913282368184404,0.09511895710490853,5,-0.11992136389017105,
2026-07-06,all_boards,20,4915,4889,0,0.610720569801676,0.13156133856315128,0.10729083451299073,5,-0.013823017477989197,
2026-07-06,buyable_mainboard,5,2997,2994,0,0.33527045430642016,0.06303977148845279,0.0429172553663682,5,-0.05642951652407646,
2026-07-06,buyable_mainboard,10,2997,2991,0,0.30764157338296894,0.09932112894372438,0.07342424506960024,5,-0.11182303726673126,
2026-07-06,buyable_mainboard,20,2997,2983,0,0.49989858258728326,0.12563838887548195,0.09063145492565101,5,-0.0015547245275229216,
2026-07-07,all_boards,5,4916,4911,0,0.3725997046630171,0.0549964249402037,0.047499622964935796,5,-0.01165264192968607,
2026-07-07,all_boards,10,4916,4907,0,0.3643994600136209,0.10366214757407936,0.10980835006718116,5,-0.10698326677083969,
2026-07-07,all_boards,20,4916,4889,0,0.5933572393941817,0.13581516568944227,0.10832091741052466,5,0.023532280698418617,
2026-07-07,buyable_mainboard,5,2998,2995,0,0.3645851773376408,0.0497909428513895,0.0406031806398578,5,-0.014281091280281544,
2026-07-07,buyable_mainboard,10,2998,2993,0,0.2886599224609198,0.09042986959089533,0.08579618595447952,5,-0.10008766502141953,
2026-07-07,buyable_mainboard,20,2998,2984,0,0.48449588450623227,0.1331005384427605,0.09502279956581791,5,0.043004684150218964,
2026-07-08,all_boards,5,4915,4911,0,0.415540673914284,0.0592434436235359,0.038868138883097356,5,0.02340826764702797,
2026-07-08,all_boards,10,4915,4906,0,0.20023185428982915,0.10663366105504327,0.10356105111633901,5,-0.08236794918775558,
2026-07-08,all_boards,20,4915,4889,0,0.4622388772778522,0.12756253469263829,0.10520174648434341,5,0.090375617146492,
2026-07-08,buyable_mainboard,5,2998,2995,0,0.36303176266325615,0.053493628437571335,0.032946180828504645,5,-0.030275795608758926,
2026-07-08,buyable_mainboard,10,2998,2992,0,0.10561879259083178,0.09164776277023953,0.08066147822391162,5,-0.11947406828403473,
2026-07-08,buyable_mainboard,20,2998,2984,0,0.3532462728890406,0.1256254526521207,0.09350505527810364,5,0.0395258292555809,
2026-07-09,all_boards,5,4914,4909,0,0.4921103821421024,0.07687112626257,0.051677262613916315,5,-0.0396847277879715,
2026-07-09,all_boards,10,4914,4904,0,0.3409109085313027,0.10779676229374222,0.10910062608900781,5,-0.08375151455402374,
2026-07-09,all_boards,20,4914,4888,0,0.5533432277048795,0.1268040891409417,0.11132740897658963,5,0.05607138201594353,
2026-07-09,buyable_mainboard,5,2998,2995,0,0.43238916946891687,0.06700881761669655,0.04189221332978282,5,-0.05005035549402237,
2026-07-09,buyable_mainboard,10,2998,2991,0,0.24112208117151618,0.093662977762538,0.08542898739755239,5,-0.07529141753911972,
2026-07-09,buyable_mainboard,20,2998,2984,0,0.44913693406158073,0.12555210500404893,0.09923891652640632,5,0.05401244014501572,
2026-07-10,all_boards,5,4914,4908,0,0.2338323842074906,0.0885817368354406,0.06859630437391784,5,-0.12824463844299316,
2026-07-10,all_boards,10,4914,4904,0,0.1635486816429199,0.10579144633041933,0.10782743847870686,5,-0.15048259496688843,
2026-07-10,all_boards,20,4914,4889,0,0.340916274862665,0.10174207587648289,0.10565469711081024,5,0.016129283234477043,
2026-07-10,buyable_mainboard,5,2998,2994,0,0.1553843450498461,0.07006073352161706,0.05302484974477943,5,-0.15098929405212402,
2026-07-10,buyable_mainboard,10,2998,2992,0,0.05869591975213929,0.08589612985515535,0.08478634558873077,5,-0.17175763845443726,
2026-07-10,buyable_mainboard,20,2998,2985,0,0.24205028112285934,0.09957177041736517,0.09419061804373188,5,-0.00035443660453893244,
2026-07-13,all_boards,5,4914,4909,0,0.12768460054523995,0.09236627077295906,0.07463095742159347,5,-0.12915222346782684,
2026-07-13,all_boards,10,4914,4900,0,0.1622110373872087,0.08056247882186245,0.09164977340676883,5,-0.07874424755573273,
2026-07-13,all_boards,20,4914,4890,0,0.36822496640533325,0.1231557403697764,0.09701322458669208,5,0.05655617639422417,
2026-07-13,buyable_mainboard,5,2998,2995,0,0.05413507523486065,0.07349855781553036,0.0558075416512097,5,-0.11904332786798477,
2026-07-13,buyable_mainboard,10,2998,2992,0,0.10178008149771481,0.06920652396926055,0.07316179062783149,5,-0.04298582673072815,
2026-07-13,buyable_mainboard,20,2998,2986,0,0.3531905479347336,0.12307528350764635,0.09003090075481636,5,0.10879120975732803,
2026-07-14,all_boards,5,4913,4909,0,0.356669248858324,0.0743460010916057,0.09110176129317392,5,-0.09167379140853882,
2026-07-14,all_boards,10,4913,4900,0,0.0815930639047127,0.09387655714761292,0.09658516985674898,5,-0.0184211153537035,
2026-07-14,all_boards,20,4913,4889,0,0.2966686682269214,0.10354518995773455,0.09894872231812062,5,0.10868891328573227,
2026-07-14,buyable_mainboard,5,2997,2995,0,0.2948522173673717,0.06302174231650577,0.07268337923444593,4,-0.10420922935009003,
2026-07-14,buyable_mainboard,10,2997,2992,0,0.03963275995691866,0.07466429347206234,0.07648205286337047,4,-0.033639900386333466,
2026-07-14,buyable_mainboard,20,2997,2985,0,0.28577857280487223,0.09781593315499691,0.0903046898829803,4,0.11944366991519928,
2026-07-15,all_boards,5,4914,4909,0,0.16632619734430282,0.073205499383943,0.0783239756697774,5,-0.0966152548789978,
2026-07-15,all_boards,10,4914,4900,0,0.012275905038630333,0.08481672499520476,0.08712404951484688,5,0.0061539290472865105,
2026-07-15,all_boards,20,4914,4889,0,0.28927153343440903,0.09282573472755457,0.08470192135068522,5,0.13197793066501617,
2026-07-15,buyable_mainboard,5,2997,2994,0,0.12002638506920014,0.0620150248727127,0.06152681864952372,5,-0.09971365332603455,
2026-07-15,buyable_mainboard,10,2997,2991,0,-0.007395082117651429,0.06877168590152431,0.06763077360175507,5,-0.026764655485749245,
2026-07-15,buyable_mainboard,20,2997,2985,0,0.3018523146840354,0.0905941115191204,0.07724448068087321,5,0.12120257318019867,
2026-07-16,all_boards,5,4913,4908,0,0.17365980927952737,0.06562551797600395,0.07444966664334567,5,-0.08773384243249893,
2026-07-16,all_boards,10,4913,4900,0,-0.12403697533790797,0.09746888265990752,0.08684752622044323,5,-0.10423678159713745,
2026-07-16,all_boards,20,4913,4889,0,0.14874265602161355,0.08224159999530217,0.0782786974013748,5,0.06313353776931763,
2026-07-16,buyable_mainboard,5,2998,2994,0,0.14538524616389756,0.05641109673328655,0.05859847860972548,5,-0.058322466909885406,
2026-07-16,buyable_mainboard,10,2998,2992,0,-0.12891061319466915,0.0782673118387112,0.06697160559590831,5,-0.024118807166814804,
2026-07-16,buyable_mainboard,20,2998,2986,0,0.2043676851755021,0.0793321718979378,0.07207881490283877,5,0.157882422208786,
2026-07-17,all_boards,5,4913,4909,0,0.0736628929559663,0.05296637165152203,0.05448385711792066,5,-0.037778131663799286,
2026-07-17,all_boards,10,4913,4900,0,-0.11125048233010146,0.07622203885911422,0.06623364530719059,5,0.014785939827561378,
2026-07-17,all_boards,20,4913,4891,0,0.2797774871015963,0.10403162073756421,0.06924862082960585,5,0.1534588485956192,
2026-07-17,buyable_mainboard,5,2998,2996,0,0.05592639688800514,0.045577472112833174,0.04598690816637897,5,-0.03779719024896622,
2026-07-17,buyable_mainboard,10,2998,2992,0,-0.04180828465818711,0.06837177248864444,0.053757962796770635,5,0.027089416980743408,
2026-07-17,buyable_mainboard,20,2998,2988,0,0.3727065223094381,0.09724927375447374,0.06906023183765163,5,0.16243667900562286,
2026-07-20,all_boards,5,4914,4905,0,-0.10684111313323122,0.05244493190981356,0.030296399075853842,5,0.07490383088588715,
2026-07-20,all_boards,10,4914,4898,0,0.17473991164550434,0.08513152082513555,0.041095935809175255,5,0.060507237911224365,
2026-07-20,all_boards,20,4914,4890,0,0.6138979008040041,0.15845340570590385,0.05868351894230482,5,0.36399608850479126,
2026-07-20,buyable_mainboard,5,2999,2996,0,-0.09452018475880718,0.046850161830156396,0.029513943696441575,5,0.09292345494031906,
2026-07-20,buyable_mainboard,10,2999,2991,0,0.29359423767251974,0.08263058539710817,0.03592450111699317,5,0.08235172927379608,
2026-07-20,buyable_mainboard,20,2999,2987,0,0.6272891427385222,0.13975007235144596,0.06408824816836929,5,0.2592661380767822,
2026-07-21,all_boards,5,4916,4907,0,0.26768038203537425,0.050619587052576034,0.040302203920982424,5,0.04532833769917488,
2026-07-21,all_boards,10,4916,4898,0,0.411885465448624,0.10747565926594396,0.07112483421039494,5,0.10561330616474152,
2026-07-21,all_boards,20,4916,4891,0,0.5373986820206464,0.13683520065690888,0.07883952909590315,5,0.2776867747306824,
2026-07-21,buyable_mainboard,5,2999,2996,0,0.24287219448955694,0.048698354987469716,0.042434133777372894,5,0.10449979454278946,
2026-07-21,buyable_mainboard,10,2999,2990,0,0.40465614812625933,0.10440999784571688,0.07352580143208742,5,0.18416409194469452,
2026-07-21,buyable_mainboard,20,2999,2986,0,0.5780844479951677,0.1263418161560679,0.08339859808899776,5,0.2708967328071594,
2026-07-22,all_boards,5,4915,4906,0,0.2738521011503406,0.07110625226918578,0.05219758029695041,5,0.0018628049874678254,
2026-07-22,all_boards,10,4915,4898,0,0.42501532790501767,0.12320143144126997,0.08061704426670534,5,0.12984699010849,
2026-07-22,all_boards,20,4915,4891,0,0.42162112662123785,0.10495911462133002,0.08407608154633382,5,0.23015785217285156,
2026-07-22,buyable_mainboard,5,2998,2995,0,0.26916207664038383,0.06957822302737207,0.05219835406996757,5,0.09438565373420715,
2026-07-22,buyable_mainboard,10,2998,2990,0,0.4372570200516728,0.11739943411062805,0.08257931027171736,5,0.19407396018505096,
2026-07-22,buyable_mainboard,20,2998,2986,0,0.4942135453368959,0.09946676977294963,0.08751648060274679,5,0.16296447813510895,
2026-07-23,all_boards,5,4913,4905,0,0.09441111625419346,0.06581958590187623,0.048863987452170875,5,-0.08586684614419937,
2026-07-23,all_boards,10,4913,4897,0,0.3662758113132135,0.12235402617786789,0.0748312936829306,5,0.12614980340003967,
2026-07-23,all_boards,20,4913,4890,0,0.3810569289540244,0.11347178199729865,0.07540825100214238,5,0.21683986485004425,
2026-07-23,buyable_mainboard,5,2997,2995,0,0.1361277418264704,0.06283253543523673,0.04766261548083314,5,0.008407550863921642,
2026-07-23,buyable_mainboard,10,2997,2990,0,0.37626718625423644,0.1136287215281734,0.07738702060087585,5,0.1946435123682022,
2026-07-23,buyable_mainboard,20,2997,2985,0,0.4255884825986177,0.10248990027517489,0.07935606389828308,5,0.24332904815673828,
2026-07-24,all_boards,5,4914,4905,0,0.2740425393646053,0.09050445255546044,0.06460676125147412,5,0.027171814814209938,
2026-07-24,all_boards,10,4914,4899,0,0.33685164178267435,0.15085187267780834,0.09152260584726211,5,0.21376876533031464,
2026-07-24,all_boards,20,4914,4892,0,0.4100714637132437,0.13649592288374088,0.0900952282358545,5,0.27065372467041016,
2026-07-24,buyable_mainboard,5,2997,2993,0,0.23142920902396258,0.08876723333343403,0.06544986730629462,5,0.09942717105150223,
2026-07-24,buyable_mainboard,10,2997,2990,0,0.32022731445373753,0.13638794698068327,0.09526357793408974,5,0.21193571388721466,
2026-07-24,buyable_mainboard,20,2997,2985,0,0.46692841980952265,0.1256335638923613,0.09518396101057977,5,0.12896935641765594,
2026-07-27,all_boards,5,4916,4909,0,0.1436172248058989,0.09367163476956174,0.06720434926724468,5,-0.060607898980379105,
2026-07-27,all_boards,10,4916,4906,0,0.2562818829995049,0.14960949319039285,0.09415427078010337,5,0.11869706213474274,
2026-07-27,all_boards,20,4916,4898,0,0.316644578926009,0.10934753999988435,0.08987035843506726,5,0.09959953278303146,
2026-07-27,buyable_mainboard,5,2999,2994,0,0.12102696966961665,0.09255101671184289,0.0686116090774389,5,0.03840823471546173,
2026-07-27,buyable_mainboard,10,2999,2993,0,0.20562928803662384,0.1412588360583632,0.09991343286363598,5,0.13250121474266052,
2026-07-27,buyable_mainboard,20,2999,2988,0,0.3323726825488008,0.10507149809290298,0.09628557138632332,5,0.10217578709125519,
2026-07-28,all_boards,5,4920,4911,0,-0.0143502206913878,0.09093980175228868,0.06241030963723235,5,0.046378858387470245,
2026-07-28,all_boards,10,4920,4909,0,0.2101074312018241,0.15662246522360482,0.09483432771449923,5,0.16433857381343842,
2026-07-28,all_boards,20,4920,4900,0,0.36870949292408944,0.14038245142384656,0.08609287693446184,5,0.1672040969133377,
2026-07-28,buyable_mainboard,5,3001,2995,0,-0.07846649720610162,0.08499991962614849,0.06649435829444073,5,0.03194359689950943,
2026-07-28,buyable_mainboard,10,3001,2994,0,0.11039883429350264,0.14194084651328906,0.10128024222553646,5,0.13036032021045685,
2026-07-28,buyable_mainboard,20,3001,2988,0,0.343241109644418,0.13092583338463495,0.09405093612135526,5,0.1578872948884964,
2026-07-29,all_boards,5,4921,4913,0,-0.17763269562540115,0.09935205049979276,0.05554700173101462,5,0.16742447018623352,
2026-07-29,all_boards,10,4921,4910,0,0.13752594725157494,0.1724571365939176,0.09343203125561801,5,0.2459985762834549,
2026-07-29,all_boards,20,4921,4901,0,0.38550914286604154,0.14834199659137387,0.08023070396775639,5,0.1992059051990509,
2026-07-29,buyable_mainboard,5,3002,2997,0,-0.2963724771734346,0.0858700067443177,0.059076266088782366,5,0.10702357441186905,
2026-07-29,buyable_mainboard,10,3002,2996,0,0.021316659756600305,0.15200149837532542,0.09789259265432573,5,0.2236812561750412,
2026-07-29,buyable_mainboard,20,3002,2989,0,0.3288254929526361,0.13787191962881615,0.08703164395033747,5,0.14170412719249725,
2026-07-30,all_boards,5,4922,4914,0,-0.16721016766017952,0.10490503614458971,0.06365437787030982,5,0.21486029028892517,
2026-07-30,all_boards,10,4922,4911,0,0.22864841357050733,0.1653392525575172,0.10591871736694307,5,0.2677612602710724,
2026-07-30,all_boards,20,4922,4903,0,0.4220207518284385,0.16774626520768082,0.09010282461641275,5,0.2636565566062927,
2026-07-30,buyable_mainboard,5,3004,2999,0,-0.2875133095851986,0.08971947675109919,0.06472546472278082,5,0.17867842316627502,
2026-07-30,buyable_mainboard,10,3004,2998,0,0.1246996371054393,0.1448746651886689,0.10702446043785445,5,0.228840634226799,
2026-07-30,buyable_mainboard,20,3004,2991,0,0.33763148504425616,0.15305803350061192,0.09433817490157861,5,0.30095696449279785,
2026-07-31,all_boards,5,4922,4916,0,-0.30579565882826054,0.10505944710892576,0.05910739874355387,5,0.22179880738258362,
2026-07-31,all_boards,10,4922,4913,0,0.07247473927370018,0.16186083685454464,0.10561652843593004,5,0.24674594402313232,
2026-07-31,all_boards,20,4922,4902,0,0.37826110039692395,0.16543213358512557,0.08686061310437829,5,0.24082060158252716,
2026-07-31,buyable_mainboard,5,3004,3001,0,-0.38204863087402047,0.08223924033465405,0.05918220543294962,5,0.20176546275615692,
2026-07-31,buyable_mainboard,10,3004,3000,0,-0.010348969042569834,0.13509808037087956,0.104275067911568,5,0.25191405415534973,
2026-07-31,buyable_mainboard,20,3004,2990,0,0.2663313233517718,0.15310797018605793,0.09014677018116783,5,0.31572315096855164,
2026-08-03,all_boards,5,4925,4922,0,-0.3265054090804117,0.10026669164611199,0.05547056622184345,5,0.1954340785741806,
2026-08-03,all_boards,10,4925,4917,0,0.012571580350530381,0.16383977608550052,0.10179677525351262,5,0.31079918146133423,
2026-08-03,all_boards,20,4925,4905,0,0.29693065480453973,0.1575463369357022,0.08200767958309728,5,0.1881578266620636,
2026-08-03,buyable_mainboard,5,3006,3005,0,-0.39446448751760854,0.0795015616364847,0.051731721729690566,5,0.27599969506263733,
2026-08-03,buyable_mainboard,10,3006,3002,0,-0.09014174691247875,0.13187939322679107,0.09605142842876116,5,0.3937183916568756,
2026-08-03,buyable_mainboard,20,3006,2993,0,0.15298096195847724,0.1397126942916399,0.0819641329359406,5,0.3749558627605438,
2026-08-04,all_boards,5,4924,4922,0,-0.3774567869159311,0.07989694542770676,0.05899986944697623,5,0.007793521974235773,
2026-08-04,all_boards,10,4924,4917,0,-0.11931584124323126,0.14552595345146727,0.10405594135921394,5,0.02999063767492771,
2026-08-04,all_boards,20,4924,4905,0,-0.1509344697405144,0.15549039564934664,0.13558649777912302,5,0.04408854991197586,
2026-08-04,buyable_mainboard,5,3006,3005,0,-0.39940251501168594,0.06477645220007743,0.057136694741737014,5,0.007793521974235773,
2026-08-04,buyable_mainboard,10,3006,3002,0,-0.16534262341680495,0.12127112324950705,0.10024302048043619,5,0.02999063767492771,
2026-08-04,buyable_mainboard,20,3006,2993,0,-0.09948778889040999,0.14169480867782172,0.13257960250775572,5,0.04408854991197586,
2026-08-05,all_boards,5,4927,4924,0,-0.33190633931350166,0.07477097884783966,0.05673499140825034,5,0.006202800199389458,
2026-08-05,all_boards,10,4927,4920,0,0.07265974017596237,0.08262209123520074,0.09119151896089342,5,0.021776694804430008,
2026-08-05,all_boards,20,4927,4907,0,-0.025014786390719843,0.12211271484026422,0.12724380358259607,5,0.01609736680984497,
2026-08-05,buyable_mainboard,5,3007,3006,0,-0.30632696222459616,0.06306990191496269,0.05639638385834596,5,0.006202800199389458,
2026-08-05,buyable_mainboard,10,3007,3003,0,0.10708607886789495,0.07304014578052478,0.09008964010547522,5,0.021776694804430008,
2026-08-05,buyable_mainboard,20,3007,2994,0,0.017918507208806222,0.11270267126236695,0.12683691704763347,5,0.01609736680984497,
2026-08-06,all_boards,5,4928,4925,0,-0.09350111400505744,0.0537293233915661,0.0534660720344815,5,0.0012533168774098158,
2026-08-06,all_boards,10,4928,4921,0,0.1621926627730322,0.08199060977375701,0.08353643901848558,5,0.020886464044451714,
2026-08-06,all_boards,20,4928,4909,0,0.06010182665012289,0.1017637847839725,0.11871266645553429,5,0.016715558245778084,
2026-08-06,buyable_mainboard,5,3009,3008,0,-0.10301478343733904,0.04583025770533927,0.05426048878444675,5,0.0012533168774098158,
2026-08-06,buyable_mainboard,10,3009,3004,0,0.1912063540459822,0.07151084718654357,0.08408610301933706,5,0.020886464044451714,
2026-08-06,buyable_mainboard,20,3009,2996,0,0.08360633746020979,0.0948604765804095,0.12081581005273707,5,0.016715558245778084,
2026-08-07,all_boards,5,4931,4928,0,-0.041786754089328006,0.04096281624820666,0.04891339666061718,5,0.0013721846044063568,
2026-08-07,all_boards,10,4931,4924,0,0.14762007040511302,0.06258285947450384,0.07413580985978718,5,0.0136947650462389,
2026-08-07,all_boards,20,4931,4911,0,0.3255408992616732,0.08167051929374523,0.10933606239017149,5,0.03025760129094124,
2026-08-07,buyable_mainboard,5,3011,3010,0,-0.016187740016421554,0.03624988489259646,0.05176868486833525,5,0.0013721846044063568,
2026-08-07,buyable_mainboard,10,3011,3006,0,0.15072667589568145,0.05727052206193097,0.07801578071579555,5,0.0136947650462389,
2026-08-07,buyable_mainboard,20,3011,2997,0,0.30764605598250705,0.07996678437086481,0.11592315863987769,5,0.03025760129094124,
2026-08-10,all_boards,5,4931,4926,0,-0.4725243384132275,0.052003299626561424,0.04172268851498748,5,-0.00027217864408157766,
2026-08-10,all_boards,10,4931,4923,0,0.1022082344165869,0.05081484045090751,0.060916674261455285,5,0.0026483889669179916,
2026-08-10,all_boards,20,4931,4909,0,0.1279019608329341,0.08057322457883022,0.10019748624432333,5,-0.0021133010741323233,
2026-08-10,buyable_mainboard,5,3011,3008,0,-0.3676006405534489,0.041708491879239674,0.04066110392601906,5,-0.00027217864408157766,
2026-08-10,buyable_mainboard,10,3011,3006,0,0.14692740853327055,0.04546819545953443,0.06181758093275845,5,0.0026483889669179916,
2026-08-10,buyable_mainboard,20,3011,2995,0,0.16866324167711455,0.07443988724662093,0.10257141252382038,5,-0.0021133010741323233,
2026-08-11,all_boards,5,4932,4927,0,-0.3408827685088817,0.04665656025764739,0.04241491224445017,5,0.004484568722546101,
2026-08-11,all_boards,10,4932,4923,0,0.19167099262167403,0.052376403668949904,0.05918171442977343,5,0.003171958727762103,
2026-08-11,all_boards,20,4932,4910,0,0.2608949522527716,0.07807696490536915,0.1001458144959841,5,0.01688334532082081,
2026-08-11,buyable_mainboard,5,3011,3008,0,-0.2239839500829792,0.03926442469998249,0.04119315142856487,5,0.004484568722546101,
2026-08-11,buyable_mainboard,10,3011,3005,0,0.21278448661586696,0.04748503063887684,0.06126270557965447,5,0.003171958727762103,
2026-08-11,buyable_mainboard,20,3011,2996,0,0.2796219322039894,0.07533123941228394,0.10355049747315842,5,0.01688334532082081,
2026-08-12,all_boards,5,4933,4929,0,0.284633738696987,0.05283994131477899,0.026978273484719803,5,-0.011792900040745735,
2026-08-12,all_boards,10,4933,4924,0,0.35679614187890774,0.04721984290110052,0.046985837634565354,5,-0.0015890769427642226,
2026-08-12,all_boards,20,4933,4911,0,0.32916433818937085,0.07324578795918674,0.08361462642274858,5,0.028015142306685448,
2026-08-12,buyable_mainboard,5,3012,3009,0,0.33764090106847267,0.05021682024615052,0.026779460938861837,5,-0.011792900040745735,
2026-08-12,buyable_mainboard,10,3012,3005,0,0.37208550609695934,0.043555817417031115,0.04872288070613742,5,-0.0015890769427642226,
2026-08-12,buyable_mainboard,20,3012,2996,0,0.34065726429322674,0.069878068984131,0.08747960419118427,5,0.028015142306685448,
2026-08-13,all_boards,5,4934,4930,8,0.17227999341358374,0.04562488028249167,0.02880857245550958,5,-0.004798929672688246,0.0065476601012051105
2026-08-13,all_boards,10,4934,4926,8,0.18155129392427344,0.0510341253922636,0.048218362228102184,5,-0.004986703395843506,0.019645042717456818
2026-08-13,all_boards,20,4934,4912,8,0.3099034111267358,0.07726401860294159,0.08709179886110503,5,0.00681693572551012,0.0413416251540184
2026-08-13,buyable_mainboard,5,3014,3010,8,0.2404876454017661,0.04299166571213692,0.029215021547608924,5,-0.004798929672688246,0.0065476601012051105
2026-08-13,buyable_mainboard,10,3014,3007,8,0.19859977861149902,0.0480846310861465,0.0499949179683095,5,-0.004986703395843506,0.019645042717456818
2026-08-13,buyable_mainboard,20,3014,2998,8,0.3234371337983654,0.07202053775200037,0.09148608177538753,5,0.00681693572551012,0.0413416251540184
2026-08-14,all_boards,5,4943,4939,80,0.179231921546704,0.04533643961287744,0.028368400262322315,5,-0.00726631423458457,0.0020416718907654285
2026-08-14,all_boards,10,4943,4932,80,0.3024918530286235,0.05159547246295892,0.045611076210248166,5,0.013404983095824718,0.03743140026926994
2026-08-14,all_boards,20,4943,4921,80,0.32026361188876296,0.0874550980815779,0.08001070749713254,5,-0.03928862884640694,0.036180634051561356
2026-08-14,buyable_mainboard,5,3017,3013,77,0.21289775775358863,0.04196778778562503,0.028132897248863264,5,-0.0011038549710065126,0.0033783731050789356
2026-08-14,buyable_mainboard,10,3017,3007,77,0.2809630089637688,0.04881637370781746,0.047506535482483285,5,0.01706100068986416,0.03911450505256653
2026-08-14,buyable_mainboard,20,3017,3001,77,0.31554180077053506,0.07876973671327962,0.08621487575560438,5,-0.014542629942297935,0.04098953306674957
2026-08-17,all_boards,5,4944,4941,17,0.4607578378403292,0.05981866273289254,0.03391922226853729,5,-0.01125198882073164,-0.005868453998118639
2026-08-17,all_boards,10,4944,4932,17,0.32659509101919804,0.05125880938462979,0.045254700068085206,5,-0.006859619170427322,0.027693068608641624
2026-08-17,all_boards,20,4944,4921,17,0.3810640711389793,0.08173721460940955,0.07827857719071055,5,0.025382917374372482,0.03037141263484955
2026-08-17,buyable_mainboard,5,3017,3015,17,0.4204790331770581,0.05299415335989428,0.03092252123453219,5,-0.01125198882073164,-0.005868453998118639
2026-08-17,buyable_mainboard,10,3017,3008,17,0.30336227758250184,0.047939006998060855,0.04684030361430872,5,-0.006859619170427322,0.027693068608641624
2026-08-17,buyable_mainboard,20,3017,3000,17,0.3579729776292335,0.07455510661770148,0.08555797813110565,5,0.025382917374372482,0.03037141263484955
2026-08-18,all_boards,5,4945,4941,92,0.41644914178171855,0.0437305871842083,0.031231413235954304,5,0.008957729674875736,0.008964228443801403
2026-08-18,all_boards,10,4945,4933,92,0.3714991321704908,0.05258340240000001,0.044526669025653,5,0.08100391924381256,0.04040566086769104
2026-08-18,all_boards,20,4945,4919,92,0.2269352413482553,0.08840218550854616,0.08120349907876447,5,0.012023866176605225,0.0008306495728902519
2026-08-18,buyable_mainboard,5,3018,3015,89,0.36471044340392667,0.038327201557724004,0.028225926234867377,5,0.008957729674875736,0.009224730543792248
2026-08-18,buyable_mainboard,10,3018,3009,89,0.29326980974283695,0.04877759489283831,0.04617497143167829,5,0.08100391924381256,0.04148063063621521
2026-08-18,buyable_mainboard,20,3018,2998,89,0.20016774887646283,0.08148090423072359,0.08729846273708029,5,0.012023866176605225,0.00253305840305984
2026-08-19,all_boards,5,4950,4945,1238,0.1612277732563467,0.04222834719275202,0.027670005042568776,5,0.036687687039375305,0.024933284148573875
2026-08-19,all_boards,10,4950,4937,1238,0.28430229337335294,0.05859676758034261,0.04296498549071586,5,0.10993660986423492,0.04634062573313713
2026-08-19,all_boards,20,4950,4924,1238,0.04274718715119889,0.08537848608592497,0.08167636991957337,5,0.029063856229186058,0.013672043569386005
2026-08-19,buyable_mainboard,5,3021,3017,910,0.1521466399678703,0.0372210190394095,0.025873597636156907,5,0.05478570982813835,0.02763947658240795
2026-08-19,buyable_mainboard,10,3021,3012,910,0.23929079041035536,0.05433581732623976,0.04369313408307027,5,0.12110213190317154,0.04697961360216141
2026-08-19,buyable_mainboard,20,3021,3001,910,0.07609557233929966,0.07944655124158576,0.08589281739496192,5,0.02457072213292122,0.01931585744023323
2026-08-20,all_boards,5,4955,4951,1612,0.13282329277639812,0.037587358232534,0.023912763456757122,5,0.017606260254979134,0.018540723249316216
2026-08-20,all_boards,10,4955,4943,1612,0.17492496077770125,0.05890346611082091,0.041779953859694616,5,0.04998061805963516,0.030434975400567055
2026-08-20,all_boards,20,4955,4930,1612,0.013386808687000488,0.08819559508665147,0.08181662078541123,5,0.011225053109228611,0.00929188821464777
2026-08-20,buyable_mainboard,5,3026,3023,1230,0.11086048247913033,0.03530612245632405,0.02263925523772891,5,0.02146586775779724,0.018386973068118095
2026-08-20,buyable_mainboard,10,3026,3018,1230,0.12321648767682379,0.05465338625602106,0.042616856095140876,5,0.06329701840877533,0.03015277162194252
2026-08-20,buyable_mainboard,20,3026,3007,1230,0.034174840951793226,0.08427279043828478,0.08556411749334086,5,0.01604045368731022,0.01209506019949913
2026-08-21,all_boards,5,4964,4957,2599,0.027032607013580495,0.03838582166647999,0.023726072673016886,5,0.04914610832929611,0.02566779963672161
2026-08-21,all_boards,10,4964,4951,2599,0.2997050956524317,0.06334846279470008,0.03840296365748766,5,0.06818218529224396,0.03310934081673622
2026-08-21,all_boards,20,4964,4939,2599,-0.009996385245368623,0.08826955135623543,0.07576055791061898,5,0.025369971990585327,0.013987930491566658
2026-08-21,buyable_mainboard,5,3035,3029,1852,-0.013377169431078138,0.03501402629759185,0.02249421575110492,5,0.051201142370700836,0.03011070378124714
2026-08-21,buyable_mainboard,10,3035,3026,1852,0.24629875339440507,0.0567401803197844,0.039959840090925965,5,0.08251335471868515,0.03646456450223923
2026-08-21,buyable_mainboard,20,3035,3016,1852,0.04973467920450349,0.08491067939067709,0.08069715285842469,5,0.02064783126115799,0.016080088913440704
2026-08-24,all_boards,5,4978,4969,4203,0.22295753865997706,0.03953637953727444,0.023700975926317598,5,0.046568065881729126,0.04565964266657829
2026-08-24,all_boards,10,4978,4964,4203,0.15973581970718467,0.06060368745053479,0.04146456822958536,5,0.028435027226805687,0.046152930706739426
2026-08-24,all_boards,20,4978,4952,4203,-0.03938083235258153,0.08494395642766694,0.08225071824714342,5,0.04183896631002426,0.049884773790836334
2026-08-24,buyable_mainboard,5,3045,3038,2687,0.20816767220469076,0.0366770634041651,0.02434767934902107,5,0.09919572621583939,0.04348693788051605
2026-08-24,buyable_mainboard,10,3045,3034,2687,0.19107922300843558,0.057837527824633014,0.04281187234550616,5,0.12518370151519775,0.04837820306420326
2026-08-24,buyable_mainboard,20,3045,3026,2687,0.025962308183843045,0.08296325452853714,0.08500321727048546,5,0.0570821575820446,0.04726162925362587
2026-08-25,all_boards,5,5013,5005,3967,-0.005247903292274377,0.038914211284218944,0.024044722380972564,5,0.07556620985269547,0.030300717800855637
2026-08-25,all_boards,10,5013,5000,3967,0.12615939509014787,0.0639310284531535,0.038137100936707004,5,0.05345933884382248,0.032629143446683884
2026-08-25,all_boards,20,5013,4988,3967,-0.06421340205191554,0.09008355266252481,0.0698885127573941,5,0.04874282330274582,0.026798926293849945
2026-08-25,buyable_mainboard,5,3072,3066,2603,-0.04335777864901831,0.035705693863849315,0.024685241101447822,5,0.11248445510864258,0.032959140837192535
2026-08-25,buyable_mainboard,10,3072,3063,2603,0.10404479344585661,0.05945923795098463,0.03968484857834389,5,0.10590057075023651,0.03998582065105438
2026-08-25,buyable_mainboard,20,3072,3054,2603,-0.0010937184040928148,0.08999027388325581,0.07353517440090877,5,0.05521328002214432,0.024501778185367584
2026-08-26,all_boards,5,5046,5038,3011,0.07934522014836688,0.03975831140066361,0.028267775211675394,5,0.0642603188753128,0.020436549559235573
2026-08-26,all_boards,10,5046,5033,3011,0.0827088951274714,0.06500163914737624,0.041779579229839915,5,0.04196741431951523,0.02887381799519062
2026-08-26,all_boards,20,5046,5022,3011,-0.11556771629321264,0.09390636384870064,0.07189723802938029,5,0.04573802649974823,0.016658609732985497
2026-08-26,buyable_mainboard,5,3095,3090,2072,0.07297041399314409,0.037019704151106766,0.027806947977591836,5,0.07195441424846649,0.018654916435480118
2026-08-26,buyable_mainboard,10,3095,3086,2072,0.07713076162985824,0.06041630859779783,0.0417284109123158,5,0.05882725119590759,0.03373836353421211
2026-08-26,buyable_mainboard,20,3095,3078,2072,-0.00847375676320375,0.09285713238347243,0.07280057390606355,5,0.0650905966758728,0.010556475259363651
2026-08-27,all_boards,5,5048,5040,368,0.2179428214677512,0.039528052005118636,0.033063859913143416,5,0.028324460610747337,0.009599906392395496
2026-08-27,all_boards,10,5048,5034,368,0.24014182244686563,0.06453592221849026,0.046698318884347084,5,0.024217134341597557,0.02892036736011505
2026-08-27,all_boards,20,5048,5023,368,0.07893301567206969,0.08205613240235946,0.07218481985342545,5,0.06896666437387466,0.01711128279566765
2026-08-27,buyable_mainboard,5,3096,3091,310,0.1859001546163235,0.03652716113462181,0.03344685341616928,5,0.0364750511944294,0.011228416115045547
2026-08-27,buyable_mainboard,10,3096,3087,310,0.2133782109587609,0.058208545991463356,0.04858442206389845,5,0.03387230262160301,0.03461458906531334
2026-08-27,buyable_mainboard,20,3096,3079,310,0.1529858873273498,0.08161014211597643,0.07489944903963229,5,0.04232611507177353,0.017723647877573967
2026-08-28,all_boards,5,5046,5040,389,0.18383789197155664,0.03983149747477656,0.034287666338440985,5,0.010914614424109459,0.007331079337745905
2026-08-28,all_boards,10,5046,5035,389,0.08959929108550069,0.07423952737266175,0.03983412019852867,5,-0.007286813110113144,-0.008536321111023426
2026-08-28,all_boards,20,5046,0,389,,,,0,,
2026-08-28,buyable_mainboard,5,3094,3091,315,0.16318920078088187,0.0380720007971957,0.03322932820017682,5,0.01731203682720661,0.008682348765432835
2026-08-28,buyable_mainboard,10,3094,3088,315,0.10988458933430595,0.07084514562496723,0.04035950703057756,5,0.0022205328568816185,-0.002798838308081031
2026-08-28,buyable_mainboard,20,3094,0,315,,,,0,,
2026-08-31,all_boards,5,5046,5041,378,0.2170963052951018,0.038572413928127235,0.03206728741649255,5,0.008655757643282413,0.01022134255617857
2026-08-31,all_boards,10,5046,5035,378,0.22979947625567013,0.07499751945340943,0.037358911108514144,5,-0.015700694173574448,-0.008198860101401806
2026-08-31,all_boards,20,5046,0,378,,,,0,,
2026-08-31,buyable_mainboard,5,3095,3091,300,0.17349581343688725,0.03673686765979759,0.0326714464217484,5,0.011778540909290314,0.014807777479290962
2026-08-31,buyable_mainboard,10,3095,3087,300,0.23213123513609699,0.06909188915326182,0.03829143099121301,5,-0.011845829896628857,-0.0017112065106630325
2026-08-31,buyable_mainboard,20,3095,0,300,,,,0,,
2026-09-01,all_boards,5,5047,5042,1440,0.046518542622720954,0.03587619160579238,0.026098237883822487,5,0.01463238149881363,0.010023430921137333
2026-09-01,all_boards,10,5047,5032,1440,-0.0020870675150758224,0.08815266843962508,0.031382341850752934,5,-0.04513797536492348,-0.041488345712423325
2026-09-01,all_boards,20,5047,0,1440,,,,0,,
2026-09-01,buyable_mainboard,5,3095,3092,1080,0.03165093365627927,0.03406352038972025,0.026353432706578684,5,0.01463238149881363,0.012014515697956085
2026-09-01,buyable_mainboard,10,3095,3084,1080,0.08314704774978837,0.08592451406189043,0.031247983474978112,5,-0.04513797536492348,-0.036226194351911545
2026-09-01,buyable_mainboard,20,3095,0,1080,,,,0,,
2026-09-02,all_boards,5,5051,5046,2566,0.06122425977695019,0.041094984223718684,0.024369366656449735,5,-0.0029461958911269903,0.006435544695705175
2026-09-02,all_boards,10,5051,5037,2566,-0.012533153646993025,0.08327441576581511,0.03062713802361767,5,-0.052800603210926056,-0.03051181510090828
2026-09-02,all_boards,20,5051,0,2566,,,,0,,
2026-09-02,buyable_mainboard,5,3097,3093,1818,0.06800971171492462,0.03735048206845397,0.02595230616967144,5,-0.0029461958911269903,0.012505002319812775
2026-09-02,buyable_mainboard,10,3097,3086,1818,0.06996267650007063,0.08108743723298666,0.030096997593897286,5,-0.052800603210926056,-0.026088137179613113
2026-09-02,buyable_mainboard,20,3097,0,1818,,,,0,,
2026-09-03,all_boards,5,5052,5046,3823,0.1012800017641346,0.046265298145365646,0.02503187747449648,5,-0.004803033545613289,-0.0037341483402997255
2026-09-03,all_boards,10,5052,5038,3823,0.08823006707981076,0.0825253347481004,0.029718596084494772,5,-0.030101392418146133,-0.02141277678310871
2026-09-03,all_boards,20,5052,0,3823,,,,0,,
2026-09-03,buyable_mainboard,5,3097,3093,2476,0.11447785537882993,0.041504986407938385,0.025951196273217687,5,-0.004803033545613289,0.005219460465013981
2026-09-03,buyable_mainboard,10,3097,3086,2476,0.147379973418025,0.08113948128488441,0.028425427307679687,5,-0.030101392418146133,-0.02019505761563778
2026-09-03,buyable_mainboard,20,3097,0,2476,,,,0,,
2026-09-04,all_boards,5,5053,5047,4727,0.11030616480799159,0.055653856411963486,0.02610685922695426,5,-0.02889505960047245,-0.02107042819261551
2026-09-04,all_boards,10,5053,5040,4727,0.14326426032865897,0.07717046131834422,0.02777070984542457,5,0.027494067326188087,0.0007809398230165243
2026-09-04,all_boards,20,5053,0,4727,,,,0,,
2026-09-04,buyable_mainboard,5,3097,3094,2925,0.11175481406988552,0.051062950532515035,0.02347166457273605,5,-0.02711891569197178,-0.015406736172735691
2026-09-04,buyable_mainboard,10,3097,3087,2925,0.16020897402741907,0.0770269471015598,0.02642821351549017,5,-0.0054224454797804356,-0.007713227532804012
2026-09-04,buyable_mainboard,20,3097,0,2925,,,,0,,
2026-09-07,all_boards,5,5054,5047,4801,0.12823925648371795,0.054404135611239544,0.02992405268459433,5,-0.03453168272972107,-0.023913687095046043
2026-09-07,all_boards,10,5054,5041,4801,0.0789267916097979,0.06607686755856514,0.030008758271296555,5,-0.03027164936065674,0.010168051347136497
2026-09-07,all_boards,20,5054,0,4801,,,,0,,
2026-09-07,buyable_mainboard,5,3098,3094,2971,0.17497306020350784,0.05068757398424821,0.026682069963489232,5,-0.03453168272972107,-0.019972702488303185
2026-09-07,buyable_mainboard,10,3098,3090,2971,0.12177413748723025,0.06656362718005071,0.029345822600126706,5,-0.03027164936065674,0.002471072832122445
2026-09-07,buyable_mainboard,20,3098,0,2971,,,,0,,
2026-09-08,all_boards,5,5053,5043,4818,0.12748152869749152,0.06633255016615333,0.03376268678970592,5,-0.06469359248876572,-0.04274677485227585
2026-09-08,all_boards,10,5053,5040,4818,0.030577501002552365,0.06842792770369736,0.030237072883363286,5,-0.014867564663290977,0.006175192538648844
2026-09-08,all_boards,20,5053,0,4818,,,,0,,
2026-09-08,buyable_mainboard,5,3098,3090,2974,0.13990678775373588,0.06614559216854915,0.03192705925754241,5,-0.06469359248876572,-0.04334406554698944
2026-09-08,buyable_mainboard,10,3098,3089,2974,0.04943194038220769,0.07187119130856448,0.03015340102253687,5,-0.014867564663290977,-0.006869317032396793
2026-09-08,buyable_mainboard,20,3098,0,2974,,,,0,,
2026-09-09,all_boards,5,5057,5048,4925,0.10365983206976298,0.05506070523720585,0.03131314380290721,5,-0.015840422362089157,-0.022246871143579483
2026-09-09,all_boards,10,5057,5045,4925,0.12417121588030695,0.0725448224752038,0.02592319101850811,5,0.0628577321767807,0.011323310434818268
2026-09-09,all_boards,20,5057,0,4925,,,,0,,
2026-09-09,buyable_mainboard,5,3101,3094,3023,0.09513651306140568,0.057775958055829274,0.03189788658045765,5,-0.061752259731292725,-0.03024299070239067
2026-09-09,buyable_mainboard,10,3101,3093,3023,0.14989750072448182,0.07523496753918386,0.027345990685513664,5,-0.0010627612937241793,-0.009574600495398045
2026-09-09,buyable_mainboard,20,3101,0,3023,,,,0,,
2026-09-10,all_boards,5,5059,5051,4990,0.11528899997669459,0.045983080343911485,0.021258211865540375,4,0.07475776225328445,-0.004582684952765703
2026-09-10,all_boards,10,5059,5047,4990,0.23450410596708965,0.06773798997649705,0.02082063898840707,4,0.12508639693260193,0.015577630139887333
2026-09-10,all_boards,20,5059,0,4990,,,,0,,
2026-09-10,buyable_mainboard,5,3104,3097,3063,0.07662423095641364,0.0472683287447357,0.022607866495172258,5,0.004368799272924662,-0.014547019265592098
2026-09-10,buyable_mainboard,10,3104,3096,3063,0.22894701209159551,0.06993390789288151,0.022306701042839147,5,0.024573039263486862,-0.0036907773464918137
2026-09-10,buyable_mainboard,20,3104,0,3063,,,,0,,
2026-09-11,all_boards,5,5061,5054,5059,0.31310668729865426,0.043625650730007605,0.01753087798746921,5,0.13254453241825104,0.027019890025258064
2026-09-11,all_boards,10,5061,0,5059,,,,0,,
2026-09-11,all_boards,20,5061,0,5059,,,,0,,
2026-09-11,buyable_mainboard,5,3106,3099,3104,0.21975601504159492,0.03784545548680733,0.01776254610385064,5,0.05553062632679939,0.01192163024097681
2026-09-11,buyable_mainboard,10,3106,0,3104,,,,0,,
2026-09-11,buyable_mainboard,20,3106,0,3104,,,,0,,
2026-09-14,all_boards,5,5059,5053,5058,0.29034922348283715,0.040727153160011194,0.016999519508620976,5,0.07782389968633652,0.03759080171585083
2026-09-14,all_boards,10,5059,0,5058,,,,0,,
2026-09-14,all_boards,20,5059,0,5058,,,,0,,
2026-09-14,buyable_mainboard,5,3104,3100,3103,0.25178808288900567,0.03496815762935026,0.01666182224974583,5,0.05489102005958557,0.025442222133278847
2026-09-14,buyable_mainboard,10,3104,0,3103,,,,0,,
2026-09-14,buyable_mainboard,20,3104,0,3103,,,,0,,
2026-09-15,all_boards,5,5056,5053,5056,0.2457486666850078,0.047301537115121035,0.0164342009022735,5,0.06862148642539978,0.05464348569512367
2026-09-15,all_boards,10,5056,0,5056,,,,0,,
2026-09-15,all_boards,20,5056,0,5056,,,,0,,
2026-09-15,buyable_mainboard,5,3100,3099,3100,0.25658070288139134,0.0399265216174146,0.01565417266223666,5,0.05121659114956856,0.04211479052901268
2026-09-15,buyable_mainboard,10,3100,0,3100,,,,0,,
2026-09-15,buyable_mainboard,20,3100,0,3100,,,,0,,
2026-09-16,all_boards,5,5057,5054,5057,0.12225154771152948,0.04380531731703466,0.020397048359354072,5,0.03786779195070267,0.038026660680770874
2026-09-16,all_boards,10,5057,0,5057,,,,0,,
2026-09-16,all_boards,20,5057,0,5057,,,,0,,
2026-09-16,buyable_mainboard,5,3100,3099,3100,0.14715914229767488,0.036231400631052534,0.01955443268105615,5,0.0116636473685503,0.025275779888033867
2026-09-16,buyable_mainboard,10,3100,0,3100,,,,0,,
2026-09-16,buyable_mainboard,20,3100,0,3100,,,,0,,
2026-09-17,all_boards,5,5058,5054,5058,-0.02657924349311351,0.039113017721633524,0.021469968265967206,5,0.027483215555548668,0.014252929016947746
2026-09-17,all_boards,10,5058,0,5058,,,,0,,
2026-09-17,all_boards,20,5058,0,5058,,,,0,,
2026-09-17,buyable_mainboard,5,3100,3099,3100,-0.034558415131315204,0.036232304948700375,0.020308279736364045,5,0.0035804412327706814,0.007142858114093542
2026-09-17,buyable_mainboard,10,3100,0,3100,,,,0,,
2026-09-17,buyable_mainboard,20,3100,0,3100,,,,0,,
2026-09-18,all_boards,5,5058,0,5058,,,,0,,
2026-09-18,all_boards,10,5058,0,5058,,,,0,,
2026-09-18,all_boards,20,5058,0,5058,,,,0,,
2026-09-18,buyable_mainboard,5,3100,0,3100,,,,0,,
2026-09-18,buyable_mainboard,10,3100,0,3100,,,,0,,
2026-09-18,buyable_mainboard,20,3100,0,3100,,,,0,,
2026-09-21,all_boards,5,5058,0,5032,,,,0,,
2026-09-21,all_boards,10,5058,0,5032,,,,0,,
2026-09-21,all_boards,20,5058,0,5032,,,,0,,
2026-09-21,buyable_mainboard,5,3101,0,3092,,,,0,,
2026-09-21,buyable_mainboard,10,3101,0,3092,,,,0,,
2026-09-21,buyable_mainboard,20,3101,0,3092,,,,0,,
2026-09-22,all_boards,5,5059,0,4991,,,,0,,
2026-09-22,all_boards,10,5059,0,4991,,,,0,,
2026-09-22,all_boards,20,5059,0,4991,,,,0,,
2026-09-22,buyable_mainboard,5,3101,0,3072,,,,0,,
2026-09-22,buyable_mainboard,10,3101,0,3072,,,,0,,
2026-09-22,buyable_mainboard,20,3101,0,3072,,,,0,,
2026-09-23,all_boards,5,5063,0,4556,,,,0,,
2026-09-23,all_boards,10,5063,0,4556,,,,0,,
2026-09-23,all_boards,20,5063,0,4556,,,,0,,
2026-09-23,buyable_mainboard,5,3104,0,2864,,,,0,,
2026-09-23,buyable_mainboard,10,3104,0,2864,,,,0,,
2026-09-23,buyable_mainboard,20,3104,0,2864,,,,0,,
