signal_date,ts_code,up_limit,down_limit,official_band_fraction,eligible
2025-12-31,603790.SH,21.54,17.62,0.10010214504596524,True
2025-12-31,000782.SZ,5.5,4.5,0.1,True
2025-12-31,603255.SH,31.76,25.98,0.10010391409767927,True
2025-12-31,002231.SZ,1.54,1.4,0.047619047619047665,False
2025-12-31,600696.SH,3.2,2.9,0.04918032786885251,False
2025-12-31,600193.SH,4.02,3.64,0.04960835509138374,False
2025-12-31,002774.SZ,10.2,8.34,0.10032362459546923,True
2025-12-31,002581.SZ,7.85,7.11,0.049465240641711185,False
2025-12-31,002888.SZ,21.75,17.79,0.10015174506828531,True
2025-12-31,002693.SZ,7.31,6.61,0.05028735632183903,False
2025-12-31,001395.SZ,48.14,39.38,0.10009140767824494,True
2025-12-31,603657.SH,33.45,27.37,0.09996711608023678,True
2025-12-31,603959.SH,6.44,5.27,0.09991460290350135,True
2025-12-31,002762.SZ,7.22,6.54,0.04941860465116277,False
2025-12-31,000565.SZ,8.24,6.74,0.10013351134846461,True
2025-12-31,603151.SH,20.21,16.53,0.10016330974414805,True
2025-12-31,603630.SH,21.26,17.4,0.09984480082772901,True
2025-12-31,600692.SH,7.58,6.2,0.10014513788098692,True
2025-12-31,605169.SH,14.61,11.95,0.10015060240963856,True
2025-12-31,603177.SH,12.54,10.26,0.09999999999999998,True
2025-12-31,002630.SZ,2.64,2.38,0.051792828685259015,False
2025-12-31,003001.SZ,22.45,18.37,0.0999510044096031,True
2025-12-31,603955.SH,32.0,26.18,0.10003437607425232,True
2025-12-31,002227.SZ,13.28,10.86,0.10024855012427505,True
2025-12-31,002715.SZ,19.36,15.84,0.09999999999999998,True
2025-12-31,002132.SZ,3.94,3.22,0.10055865921787706,True
2025-12-31,600156.SH,9.2,7.52,0.10047846889952151,True
2025-12-31,002528.SZ,2.89,2.61,0.05090909090909095,False
2025-12-31,603811.SH,11.58,9.48,0.09971509971509969,True
2025-12-31,003020.SZ,29.23,23.91,0.10011290929619872,True
2025-12-31,600691.SH,3.07,2.51,0.1003584229390681,True
2025-12-31,002068.SZ,9.76,7.98,0.10033821871476883,True
2025-12-31,603900.SH,9.41,7.7,0.09994155464640561,True
2025-12-31,603076.SH,25.75,21.07,0.09995728321230243,True
2025-12-31,001333.SZ,23.46,19.2,0.09985935302391002,True
2025-12-31,603559.SH,7.51,6.79,0.05034965034965033,False
2025-12-31,002731.SZ,14.0,11.46,0.09976433621366847,True
2025-12-31,002211.SZ,3.34,3.02,0.05031446540880501,False
2025-12-31,605277.SH,24.72,20.22,0.10013351134846463,True
2025-12-31,603567.SH,9.92,8.12,0.09977827050997787,True
2026-01-05,000782.SZ,5.46,4.46,0.10080645161290323,True
2026-01-05,002231.SZ,1.47,1.33,0.04999999999999997,False
2026-01-05,600193.SH,4.02,3.64,0.04960835509138374,False
2026-01-05,002628.SZ,4.52,3.7,0.09975669099756684,True
2026-01-05,600696.SH,3.05,2.76,0.04991394148020655,False
2026-01-05,002907.SZ,16.29,13.33,0.09993247805536797,True
2026-01-05,002581.SZ,7.88,7.13,0.049966688874083946,False
2026-01-06,000782.SZ,5.39,4.41,0.09999999999999995,True
2026-01-16,605055.SH,10.45,8.55,0.09999999999999992,True
2026-01-16,605500.SH,9.91,8.11,0.09988901220865709,True
2026-03-03,001277.SZ,45.43,37.17,0.09999999999999998,True
2026-03-03,002715.SZ,17.93,14.67,0.09999999999999999,True
2026-03-03,002088.SZ,12.77,10.45,0.09991386735572784,True
2026-03-03,605336.SH,15.1,12.36,0.09978150036416607,True
2026-03-03,600620.SH,7.16,5.86,0.0998463901689708,True
2026-03-03,600857.SH,14.34,11.74,0.09969325153374232,True
2026-03-03,002752.SZ,7.07,5.79,0.09953343701399692,True
2026-03-03,002227.SZ,10.69,8.75,0.09979423868312756,True
2026-03-03,002860.SZ,14.82,12.12,0.10022271714922054,True
2026-03-03,001367.SZ,25.22,20.64,0.09986916703009155,True
2026-03-03,002199.SZ,8.34,7.54,0.05037783375314861,False
2026-03-03,001387.SZ,15.51,12.69,0.10000000000000002,True
2026-03-03,002319.SZ,16.5,13.5,0.1,True
2026-03-03,002855.SZ,16.24,13.28,0.10027100271002708,True
2026-03-03,603755.SH,34.83,28.49,0.10012634238787115,True
2026-03-03,605500.SH,9.91,8.11,0.09988901220865709,True
2026-03-03,002836.SZ,15.91,13.01,0.10027662517289074,True
2026-03-03,002514.SZ,5.48,4.48,0.1004016064257028,True
2026-03-03,000809.SZ,3.73,3.05,0.10029498525073749,True
2026-03-03,603779.SH,7.24,5.92,0.10030395136778117,True
2026-03-03,002622.SZ,3.17,2.59,0.10069444444444446,True
2026-03-03,603307.SH,43.51,35.6,0.09998735937302486,True
2026-03-03,605008.SH,14.18,11.6,0.10007757951900698,True
2026-03-03,002956.SZ,29.28,23.96,0.09992486851990984,True
2026-03-03,603535.SH,10.52,8.6,0.10041841004184102,True
2026-03-03,003016.SZ,9.41,7.7,0.09994155464640561,True
2026-03-03,603030.SH,3.0,2.46,0.09890109890109891,True
2026-03-03,603382.SH,33.02,27.02,0.09993337774816793,True
2026-03-03,605378.SH,23.12,18.92,0.09990485252140816,True
2026-03-03,603176.SH,6.18,5.06,0.09964412811387903,True
2026-03-03,603657.SH,30.55,24.99,0.10010803024846962,True
2026-03-03,003001.SZ,21.25,17.39,0.09989648033126293,True
2026-03-03,603273.SH,20.48,16.76,0.0998925886143931,True
2026-03-03,603159.SH,28.16,23.04,0.10000000000000002,True
2026-03-03,600386.SH,4.73,3.87,0.10000000000000002,True
2026-03-03,002862.SZ,19.4,15.88,0.09977324263038542,True
2026-03-03,603615.SH,24.04,19.67,0.09997712194005942,True
2026-03-03,605566.SH,32.85,26.87,0.10013395847287342,True
2026-03-03,600238.SH,5.8,5.24,0.05072463768115939,False
2026-03-03,002313.SZ,10.25,8.39,0.09978540772532185,True
2026-03-04,002088.SZ,12.33,10.09,0.09991079393398751,True
2026-03-04,002715.SZ,17.59,14.39,0.1000625390869293,True
2026-03-04,002319.SZ,15.35,12.56,0.09996417054819058,True
2026-03-04,600620.SH,7.0,5.72,0.1006289308176101,True
2026-03-04,605336.SH,14.8,12.11,0.09996283909327393,True
2026-03-04,001277.SZ,44.46,36.38,0.09995051954477979,True
2026-03-04,002860.SZ,14.32,11.72,0.0998463901689708,True
2026-03-04,605566.SH,30.73,25.15,0.09985683607730855,True
2026-03-04,600857.SH,13.86,11.34,0.09999999999999999,True
2026-03-04,002199.SZ,8.21,7.43,0.04987212276214841,False
2026-03-04,001332.SZ,59.2,48.44,0.09996283909327393,True
2026-03-04,001387.SZ,15.05,12.31,0.10014619883040937,True
2026-03-04,603755.SH,32.81,26.85,0.09989943010392223,True
2026-03-04,002622.SZ,3.06,2.5,0.10071942446043165,True
2026-03-04,002513.SZ,7.57,6.19,0.10029069767441859,True
2026-03-04,002752.SZ,6.84,5.6,0.09967845659163989,True
2026-03-04,002514.SZ,5.28,4.32,0.09999999999999998,True
2026-03-04,002836.SZ,15.2,12.44,0.09985528219971056,True
2026-03-04,603255.SH,33.4,27.32,0.10013175230566532,True
2026-03-04,603657.SH,30.11,24.63,0.10010960906101572,True
2026-03-04,603779.SH,7.15,5.85,0.10000000000000006,True
2026-03-04,002227.SZ,10.42,8.52,0.10031678986272442,True
2026-03-04,600793.SH,21.29,17.42,0.09997416688194258,True
2026-03-04,605500.SH,9.64,7.88,0.10045662100456625,True
2026-03-04,002855.SZ,14.63,11.97,0.1,True
2026-03-04,603030.SH,2.87,2.35,0.09961685823754789,True
2026-03-04,603051.SH,25.25,20.66,0.0999782182531039,True
2026-03-04,002343.SZ,7.38,6.04,0.0998509687034277,True
2026-03-04,001367.SZ,24.45,20.01,0.09986504723346823,True
2026-03-04,605081.SH,10.42,9.42,0.05040322580645162,False
2026-03-04,603062.SH,54.13,44.29,0.09997967892704739,True
2026-03-04,603273.SH,19.93,16.31,0.09988962472406185,True
2026-03-04,605008.SH,13.83,11.31,0.10023866348448686,True
2026-03-04,002564.SZ,7.66,6.26,0.10057471264367819,True
2026-03-04,002846.SZ,16.6,13.58,0.1000662690523526,True
2026-03-04,605158.SH,8.91,7.29,0.1,True
2026-03-04,002660.SZ,9.85,8.06,0.09994416527079839,True
2026-03-04,600608.SH,3.3,2.98,0.050955414012738835,False
2026-03-04,603022.SH,11.94,9.77,0.09995393827729156,True
2026-03-04,002988.SZ,36.14,29.57,0.09998478161619236,True
2026-03-05,002088.SZ,12.18,9.96,0.10027100271002705,True
2026-03-05,002319.SZ,15.24,12.47,0.09996391194514614,True
2026-03-05,001367.SZ,24.43,19.99,0.09995497523638003,True
2026-03-05,002715.SZ,17.48,14.3,0.10006293266205159,True
2026-03-05,600620.SH,6.93,5.67,0.09999999999999999,True
2026-03-05,605566.SH,30.91,25.29,0.10000000000000002,True
2026-03-05,605336.SH,14.54,11.9,0.09984871406959149,True
2026-03-05,002513.SZ,7.51,6.15,0.0995607613469985,True
2026-03-05,603755.SH,32.67,26.73,0.1,True
2026-03-05,605500.SH,9.55,7.81,0.10023041474654384,True
2026-03-05,001387.SZ,15.0,12.28,0.09970674486803521,True
2026-03-05,603255.SH,33.22,27.18,0.09999999999999999,True
2026-03-05,600857.SH,13.72,11.22,0.10024057738572574,True
2026-03-05,603062.SH,52.68,43.1,0.10002088118605135,True
2026-03-05,002860.SZ,14.2,11.62,0.09992254066615028,True
2026-03-05,002942.SZ,22.98,18.8,0.10004786979415987,True
2026-03-05,600793.SH,21.01,17.19,0.1,True
2026-03-05,603307.SH,42.7,34.94,0.09994848016486353,True
2026-03-05,603051.SH,24.85,20.33,0.10004426737494473,True
2026-03-05,603779.SH,7.03,5.75,0.10015649452269172,True
2026-03-05,002622.SZ,3.07,2.51,0.1003584229390681,True
2026-03-05,600265.SH,20.59,18.63,0.049974502804691505,False
2026-03-05,600561.SH,7.39,6.05,0.09970238095238095,True
2026-03-05,605180.SH,16.34,13.37,0.09996634129922587,True
2026-03-05,001277.SZ,44.06,36.05,0.0999875171638997,True
2026-03-05,603818.SH,4.02,3.29,0.09986320109439119,True
2026-03-05,603159.SH,27.6,22.58,0.10003985651654052,True
2026-03-05,605077.SH,16.76,13.72,0.09973753280839896,True
2026-03-05,002956.SZ,27.72,22.68,0.09999999999999999,True
2026-03-05,605122.SH,14.54,11.9,0.09984871406959149,True
2026-03-05,000809.SZ,3.69,3.02,0.0998509687034277,True
2026-03-05,603176.SH,6.02,4.92,0.1005484460694698,True
2026-03-05,001296.SZ,30.11,24.63,0.10010960906101572,True
2026-03-05,600854.SH,5.63,4.61,0.09960937499999996,True
2026-03-05,603385.SH,7.41,6.07,0.09940652818991097,True
2026-03-05,003008.SZ,25.59,20.93,0.10017196904557181,True
2026-03-05,000953.SZ,8.0,6.54,0.10041265474552957,True
2026-03-05,002890.SZ,16.94,13.86,0.10000000000000006,True
2026-03-05,603208.SH,15.4,12.6,0.10000000000000002,True
2026-03-05,002836.SZ,15.08,12.34,0.099927060539752,True
2026-03-06,002088.SZ,12.2,9.98,0.10009017132551844,True
2026-03-06,002319.SZ,15.28,12.5,0.10007199424046073,True
2026-03-06,600620.SH,7.06,5.78,0.09968847352024918,True
2026-03-06,001296.SZ,29.74,24.34,0.09985207100591714,True
2026-03-06,600265.SH,20.45,18.51,0.04979466119096503,False
2026-03-06,605566.SH,30.8,25.2,0.10000000000000002,True
2026-03-06,603062.SH,53.2,43.52,0.1000827129859388,True
2026-03-06,002715.SZ,17.67,14.45,0.10024906600249073,True
2026-03-06,001387.SZ,15.14,12.38,0.10029069767441859,True
2026-03-06,002564.SZ,7.85,6.43,0.09943977591036414,True
2026-03-06,600857.SH,13.9,11.38,0.09968354430379744,True
2026-03-06,600793.SH,21.56,17.64,0.09999999999999995,True
2026-03-06,600876.SH,11.52,9.42,0.10028653295128939,True
2026-03-06,603255.SH,33.67,27.55,0.09996733093760211,True
2026-03-06,002622.SZ,3.12,2.56,0.09859154929577466,True
2026-03-06,603051.SH,24.85,20.33,0.10004426737494473,True
2026-03-06,002860.SZ,14.3,11.7,0.10000000000000006,True
2026-03-06,605500.SH,9.75,7.97,0.10045146726862304,True
2026-03-06,003001.SZ,20.53,16.79,0.10021436227224013,True
2026-03-06,605158.SH,8.87,7.25,0.10049627791563272,True
2026-03-06,001367.SZ,24.39,19.95,0.10013531799729367,True
2026-03-06,600322.SH,2.46,2.02,0.0982142857142857,True
2026-03-06,603208.SH,15.51,12.69,0.10000000000000002,True
2026-03-06,603351.SH,28.56,23.36,0.10015408320493065,True
2026-03-06,603378.SH,6.99,5.72,0.09992132179386314,True
2026-03-06,003037.SZ,8.32,6.8,0.10052910052910055,True
2026-03-06,603307.SH,42.74,34.97,0.09998713164328918,True
2026-03-06,002521.SZ,8.8,7.2,0.10000000000000003,True
2026-03-06,001239.SZ,17.16,14.04,0.10000000000000003,True
2026-03-06,603755.SH,32.7,26.76,0.09989909182643796,True
2026-03-06,603324.SH,27.37,22.39,0.10008038585209003,True
2026-03-06,600386.SH,4.62,3.78,0.10000000000000003,True
2026-03-06,600892.SH,3.83,3.47,0.04931506849315066,False
2026-03-06,603721.SH,21.62,19.56,0.050024283632831526,False
2026-03-06,603789.SH,5.69,5.15,0.049815498154981555,False
2026-03-06,603535.SH,10.15,8.31,0.09967497291440952,True
2026-03-06,001308.SZ,23.02,18.84,0.09985666507405637,True
2026-03-06,603587.SH,13.64,11.16,0.10000000000000002,True
2026-03-06,002890.SZ,17.04,13.94,0.10006455777921239,True
2026-03-06,605378.SH,22.33,18.27,0.09999999999999998,True
2026-03-09,002088.SZ,12.33,10.09,0.09991079393398751,True
2026-03-09,002319.SZ,15.63,12.79,0.09992962702322314,True
2026-03-09,605566.SH,31.05,25.41,0.09989373007438895,True
2026-03-09,001296.SZ,29.91,24.47,0.10003677822728947,True
2026-03-09,603062.SH,54.92,44.94,0.09993991588223516,True
2026-03-09,603051.SH,25.06,20.5,0.10008779631255484,True
2026-03-09,603036.SH,22.8,18.66,0.09985528219971057,True
2026-03-09,002715.SZ,18.19,14.89,0.09975816203143896,True
2026-03-09,600620.SH,7.27,5.95,0.09984871406959149,True
2026-03-09,603255.SH,34.14,27.94,0.09987113402061855,True
2026-03-09,001387.SZ,15.61,12.77,0.10007047216349542,True
2026-03-09,603755.SH,33.74,27.6,0.10009781545484187,True
2026-03-09,603800.SH,43.14,35.3,0.09994900560938301,True
2026-03-09,600876.SH,11.55,9.45,0.10000000000000006,True
2026-03-09,002836.SZ,15.72,12.86,0.10006997900629816,True
2026-03-09,000633.SZ,8.47,6.93,0.10000000000000006,True
2026-03-09,600793.SH,21.77,17.81,0.10005053057099547,True
2026-03-09,002564.SZ,7.98,6.53,0.09993108201240523,True
2026-03-09,002956.SZ,29.85,24.43,0.09985261606484896,True
2026-03-09,002942.SZ,23.94,19.58,0.10018382352941184,True
2026-03-09,600265.SH,20.53,18.57,0.050127877237851684,False
2026-03-09,600857.SH,14.16,11.58,0.10023310023310023,True
2026-03-09,603159.SH,27.83,22.77,0.09999999999999999,True
2026-03-09,003001.SZ,20.96,17.15,0.09997376016793498,True
2026-03-09,603396.SH,43.71,35.77,0.09989934574735779,True
2026-03-09,002855.SZ,14.62,11.96,0.10007524454477044,True
2026-03-09,001308.SZ,22.7,18.58,0.09980620155038762,True
2026-03-09,605158.SH,9.1,7.44,0.10036275695284155,True
2026-03-09,603429.SH,9.89,8.09,0.10011123470522806,True
2026-03-09,603324.SH,27.63,22.61,0.0999203821656051,True
2026-03-09,003037.SZ,8.49,6.95,0.09974093264248704,True
2026-03-09,002860.SZ,14.66,12.0,0.09977494373593399,True
2026-03-09,603569.SH,8.11,6.63,0.1004070556309362,True
2026-03-09,000004.SZ,5.61,5.07,0.050561797752808994,False
2026-03-09,605598.SH,55.98,45.8,0.1000196502259776,True
2026-03-09,603378.SH,7.13,5.83,0.10030864197530862,True
2026-03-09,605588.SH,60.38,49.4,0.10001821825469123,True
2026-03-09,603208.SH,16.02,13.1,0.10027472527472528,True
2026-03-09,603758.SH,15.41,12.61,0.09992862241256248,True
2026-03-09,002622.SZ,3.2,2.62,0.09965635738831616,True
2026-03-10,002088.SZ,12.02,9.84,0.09972552607502286,True
2026-03-10,603036.SH,22.21,18.17,0.10004952947003465,True
2026-03-10,001296.SZ,28.69,23.47,0.10007668711656446,True
2026-03-10,002319.SZ,15.25,12.47,0.10028860028860027,True
2026-03-10,600876.SH,11.47,9.39,0.09971236816874401,True
2026-03-10,603396.SH,43.77,35.81,0.10002513194269917,True
2026-03-10,603800.SH,42.39,34.69,0.09989621172807477,True
2026-03-10,603062.SH,53.77,43.99,0.10004091653027825,True
2026-03-10,605566.SH,30.01,24.55,0.10007331378299121,True
2026-03-10,603051.SH,24.68,20.2,0.09982174688057042,True
2026-03-10,600106.SH,6.66,5.45,0.09991742361684558,True
2026-03-10,002564.SZ,7.81,6.39,0.1,True
2026-03-10,600793.SH,21.45,17.55,0.09999999999999996,True
2026-03-10,600620.SH,7.17,5.87,0.09969325153374232,True
2026-03-10,605158.SH,9.01,7.37,0.10012210012210011,True
2026-03-10,600425.SH,5.05,4.13,0.10021786492374728,True
2026-03-10,002306.SZ,2.33,2.11,0.0495495495495496,False
2026-03-10,603569.SH,7.91,6.47,0.1001390820584145,True
2026-03-10,603213.SH,15.02,12.29,0.09996338337605275,True
2026-03-10,601512.SH,9.94,8.14,0.09955752212389375,True
2026-03-10,600167.SH,7.4,6.06,0.09955423476968801,True
2026-03-10,603706.SH,23.11,18.91,0.09995240361732508,True
2026-03-10,002003.SZ,11.04,9.04,0.09960159362549802,True
2026-03-10,600458.SH,15.15,12.39,0.10021786492374728,True
2026-03-10,603711.SH,14.14,11.57,0.09996110462854921,True
2026-03-10,600265.SH,20.57,18.61,0.05002552322613581,False
2026-03-10,603167.SH,10.49,8.59,0.09958071278825999,True
2026-03-10,603255.SH,33.79,27.65,0.09993489583333334,True
2026-03-10,002860.SZ,14.8,12.11,0.09996283909327393,True
2026-03-10,002942.SZ,23.27,19.04,0.09997636492554952,True
2026-03-10,600386.SH,4.7,3.84,0.10070257611241222,True
2026-03-10,600857.SH,14.04,11.48,0.1003134796238244,True
2026-03-10,600790.SH,4.26,3.48,0.10077519379844958,True
2026-03-10,000633.SZ,8.29,6.79,0.09946949602122011,True
2026-03-10,003037.SZ,8.37,6.85,0.09986859395532192,True
2026-03-10,603159.SH,27.34,22.37,0.09997988332327497,True
2026-03-10,600805.SH,6.02,4.92,0.1005484460694698,True
2026-03-10,605008.SH,13.92,11.39,0.09996048992493083,True
2026-03-10,605300.SH,12.31,10.07,0.1000893655049151,True
2026-03-10,002014.SZ,12.9,10.56,0.09974424552429667,True
2026-03-11,002088.SZ,12.18,9.96,0.10027100271002705,True
2026-03-11,603036.SH,21.89,17.91,0.10000000000000002,True
2026-03-11,001296.SZ,29.82,24.4,0.09996311324234602,True
2026-03-11,002319.SZ,15.25,12.47,0.10028860028860027,True
2026-03-11,603051.SH,25.52,20.88,0.10000000000000002,True
2026-03-11,603396.SH,44.48,36.4,0.09990108803165182,True
2026-03-11,605566.SH,30.57,25.01,0.10003598416696652,True
2026-03-11,600620.SH,7.37,6.03,0.09999999999999999,True
2026-03-11,600265.SH,20.85,18.87,0.049848942598187326,False
2026-03-11,600876.SH,11.54,9.44,0.10009532888465204,True
2026-03-11,600106.SH,6.71,5.49,0.09999999999999999,True
2026-03-11,002564.SZ,7.88,6.44,0.10055865921787706,True
2026-03-11,002860.SZ,14.99,12.27,0.09977989728539989,True
2026-03-11,003037.SZ,8.5,6.96,0.09961190168175937,True
2026-03-11,605158.SH,9.08,7.43,0.0999394306480921,True
2026-03-11,600793.SH,21.76,17.8,0.1001011122345804,True
2026-03-11,603255.SH,33.75,27.61,0.10006518904823991,True
2026-03-11,002767.SZ,25.61,20.95,0.10008591065292095,True
2026-03-11,603755.SH,34.4,28.14,0.10009593859929641,True
2026-03-11,600386.SH,4.73,3.87,0.10000000000000002,True
2026-03-11,600857.SH,14.27,11.67,0.10023130300693908,True
2026-03-11,603159.SH,28.07,22.97,0.09992163009404392,True
2026-03-11,002306.SZ,2.34,2.12,0.049327354260089634,False
2026-03-11,000633.SZ,8.36,6.84,0.09999999999999998,True
2026-03-11,002514.SZ,5.65,4.63,0.09922178988326852,True
2026-03-11,605008.SH,14.11,11.55,0.0997661730319563,True
2026-03-11,603711.SH,14.39,11.77,0.1001529051987768,True
2026-03-11,002003.SZ,10.95,8.96,0.09994977398292308,True
2026-03-11,002199.SZ,8.45,7.65,0.04968944099378875,False
2026-03-11,600117.SH,3.16,2.58,0.10104529616724739,True
2026-03-11,001277.SZ,46.09,37.71,0.10000000000000002,True
2026-03-11,000655.SZ,11.39,9.32,0.09995171414775472,True
2026-03-11,001390.SZ,25.17,20.59,0.10008741258741262,True
2026-03-11,600463.SH,12.3,10.06,0.10017889087656531,True
2026-03-11,003001.SZ,21.24,17.38,0.09994821336095287,True
2026-03-11,600980.SH,26.9,22.01,0.09997955428337758,True
2026-03-11,603706.SH,22.92,18.76,0.09980806142034547,True
2026-03-11,603418.SH,60.24,49.28,0.10007304601899196,True
2026-03-11,603213.SH,15.1,12.36,0.09978150036416607,True
2026-03-11,600992.SH,15.29,12.51,0.09999999999999999,True
2026-03-12,603036.SH,21.4,17.51,0.09997429966589559,True
2026-03-12,002088.SZ,12.23,10.01,0.0998201438848921,True
2026-03-12,001296.SZ,29.23,23.91,0.10011290929619872,True
2026-03-12,002319.SZ,14.75,12.07,0.09992542878448918,True
2026-03-12,603051.SH,25.44,20.82,0.09987029831387809,True
2026-03-12,603396.SH,45.07,36.87,0.10007322431047111,True
2026-03-12,605566.SH,29.98,24.53,0.09998165474224911,True
2026-03-12,603755.SH,33.7,27.58,0.099869451697128,True
2026-03-12,600620.SH,7.28,5.96,0.09969788519637464,True
2026-03-12,601798.SH,10.74,8.78,0.10040983606557381,True
2026-03-12,002514.SZ,5.53,4.53,0.09940357852882703,True
2026-03-12,002860.SZ,14.99,12.27,0.09977989728539989,True
2026-03-12,603255.SH,34.18,27.96,0.10009655616350176,True
2026-03-12,002767.SZ,25.17,20.59,0.10008741258741262,True
2026-03-12,002199.SZ,8.44,7.64,0.04975124378109452,False
2026-03-12,001277.SZ,45.25,37.03,0.09990277102576567,True
2026-03-12,603800.SH,43.45,35.55,0.10000000000000007,True
2026-03-12,600793.SH,21.49,17.59,0.0997952917093142,True
2026-03-12,002564.SZ,7.82,6.4,0.09985935302390998,True
2026-03-12,003037.SZ,8.42,6.89,0.09993468321358592,True
2026-03-12,605158.SH,8.98,7.34,0.1004901960784314,True
2026-03-12,002956.SZ,28.81,23.57,0.1000381825124093,True
2026-03-12,600106.SH,6.64,5.44,0.0993377483443708,True
2026-03-12,605055.SH,10.89,8.91,0.10000000000000002,True
2026-03-12,600857.SH,14.07,11.51,0.10007818608287727,True
2026-03-12,003001.SZ,21.08,17.24,0.1002087682672234,True
2026-03-12,002715.SZ,18.11,14.81,0.10024301336573507,True
2026-03-12,002278.SZ,14.52,11.88,0.09999999999999996,True
2026-03-12,002629.SZ,7.1,5.81,0.09992254066615028,True
2026-03-12,000633.SZ,8.21,6.71,0.10053619302949067,True
2026-03-12,002679.SZ,12.94,10.58,0.10034013605442174,True
2026-03-12,600386.SH,4.71,3.85,0.10046728971962615,True
2026-03-12,002700.SZ,7.8,6.38,0.1001410437235543,True
2026-03-12,002808.SZ,4.71,4.27,0.048997772828507834,False
2026-03-12,600107.SH,6.18,5.6,0.04923599320882853,False
2026-03-12,605500.SH,10.07,8.24,0.09994538503549971,True
2026-03-12,600980.SH,26.1,21.36,0.09987357774968399,True
2026-03-12,000752.SZ,10.79,9.77,0.049610894941634225,False
2026-03-12,002622.SZ,3.2,2.62,0.09965635738831616,True
2026-03-12,603758.SH,15.43,12.63,0.09978617248752668,True
2026-03-13,603036.SH,20.99,17.17,0.10010482180293494,True
2026-03-13,002088.SZ,12.4,10.14,0.1002661934338953,True
2026-03-13,001296.SZ,28.63,23.43,0.09988474836726852,True
2026-03-13,601798.SH,10.37,8.49,0.09968186638388118,True
2026-03-13,002319.SZ,14.62,11.96,0.10007524454477044,True
2026-03-13,603755.SH,33.06,27.05,0.0999833638329729,True
2026-03-13,603051.SH,25.05,20.49,0.1001317523056654,True
2026-03-13,002514.SZ,5.42,4.44,0.09939148073022308,True
2026-03-13,605566.SH,29.54,24.17,0.0999813814932042,True
2026-03-13,002227.SZ,11.04,9.04,0.09960159362549802,True
2026-03-13,002199.SZ,8.32,7.52,0.05050505050505055,False
2026-03-13,605169.SH,14.98,12.26,0.0998531571218796,True
2026-03-13,002629.SZ,6.84,5.6,0.09967845659163989,True
2026-03-13,002278.SZ,14.08,11.52,0.10000000000000002,True
2026-03-13,002700.SZ,7.79,6.37,0.1002824858757062,True
2026-03-13,603706.SH,22.88,18.72,0.10000000000000002,True
2026-03-13,603255.SH,33.9,27.74,0.099935107073329,True
2026-03-13,002808.SZ,4.49,4.07,0.049065420560747655,False
2026-03-13,605086.SH,39.99,32.72,0.09998624673359927,True
2026-03-13,002956.SZ,27.63,22.61,0.0999203821656051,True
2026-03-13,605055.SH,10.56,8.64,0.09999999999999998,True
2026-03-13,000633.SZ,8.11,6.63,0.1004070556309362,True
2026-03-13,001277.SZ,44.55,36.45,0.09999999999999994,True
2026-03-13,603396.SH,44.19,36.15,0.10007468259895443,True
2026-03-13,600184.SH,19.68,16.1,0.10005589714924534,True
2026-03-13,002564.SZ,7.78,6.36,0.10042432814710041,True
2026-03-13,603800.SH,42.53,34.79,0.10010346611484743,True
2026-03-13,002679.SZ,12.54,10.26,0.09999999999999998,True
2026-03-13,001367.SZ,25.27,20.67,0.10013060513713536,True
2026-03-13,002476.SZ,6.94,5.68,0.09984152139461178,True
2026-03-13,600793.SH,21.04,17.22,0.09984317825405124,True
2026-03-13,603722.SH,42.16,34.5,0.09992173232454991,True
2026-03-13,002715.SZ,17.6,14.4,0.10000000000000003,True
2026-03-13,600106.SH,6.63,5.43,0.09950248756218907,True
2026-03-13,600980.SH,25.65,20.99,0.09991423670668954,True
2026-03-13,605158.SH,8.86,7.25,0.09993792675356918,True
2026-03-13,600355.SH,1.01,0.91,0.05208333333333332,False
2026-03-13,000852.SZ,8.97,7.34,0.09993868792152058,True
2026-03-13,001225.SZ,59.46,48.65,0.09999075016187219,True
2026-03-13,605500.SH,9.93,8.13,0.09966777408637867,True
2026-03-16,603036.SH,20.9,17.1,0.09999999999999992,True
2026-03-16,002088.SZ,12.32,10.08,0.10000000000000002,True
2026-03-16,001296.SZ,28.42,23.26,0.09984520123839008,True
2026-03-16,605169.SH,14.6,11.94,0.10022607385079127,True
2026-03-16,601798.SH,10.32,8.44,0.10021321961620475,True
2026-03-16,603577.SH,12.44,10.18,0.09991158267020336,True
2026-03-16,002700.SZ,7.69,6.29,0.1001430615164521,True
2026-03-16,603396.SH,43.89,35.91,0.10000000000000005,True
2026-03-16,603051.SH,24.7,20.21,0.09997773324426629,True
2026-03-16,603706.SH,22.42,18.34,0.10009813542688914,True
2026-03-16,603689.SH,9.47,7.75,0.099883855981417,True
2026-03-16,002319.SZ,14.48,11.84,0.10030395136778117,True
2026-03-16,002629.SZ,6.86,5.62,0.09935897435897437,True
2026-03-16,002564.SZ,7.76,6.35,0.09992912827781716,True
2026-03-16,000852.SZ,8.81,7.21,0.09987515605493137,True
2026-03-16,002199.SZ,8.31,7.51,0.050568900126422296,False
2026-03-16,603755.SH,32.82,26.86,0.09986595174262736,True
2026-03-16,002514.SZ,5.34,4.37,0.09989701338825949,True
2026-03-16,603255.SH,33.5,27.41,0.09998358233459202,True
2026-03-16,001277.SZ,43.85,35.87,0.10010035122930261,True
2026-03-16,605158.SH,8.81,7.21,0.09987515605493137,True
2026-03-16,002630.SZ,2.45,2.21,0.05150214592274682,False
2026-03-16,000633.SZ,7.99,6.53,0.10055096418732783,True
2026-03-16,002295.SZ,12.66,10.36,0.09991311902693313,True
2026-03-16,605086.SH,39.34,32.18,0.10011185682326626,True
2026-03-16,605055.SH,10.4,8.51,0.09994711792702277,True
2026-03-16,605500.SH,9.89,8.09,0.10011123470522806,True
2026-03-16,600980.SH,25.19,20.61,0.10000000000000005,True
2026-03-16,001225.SZ,59.37,48.57,0.10005558643690937,True
2026-03-16,002476.SZ,6.78,5.54,0.10064935064935067,True
2026-03-16,600106.SH,6.57,5.37,0.10050251256281408,True
2026-03-16,600184.SH,18.93,15.49,0.09994189424753049,True
2026-03-16,002037.SZ,9.68,7.92,0.09999999999999998,True
2026-03-16,603223.SH,10.19,8.33,0.10043196544276455,True
2026-03-16,600793.SH,20.97,17.15,0.10020986358866737,True
2026-03-16,002860.SZ,14.75,12.07,0.09992542878448918,True
2026-03-16,605008.SH,13.95,11.41,0.10015772870662458,True
2026-03-16,603303.SH,16.21,13.27,0.0997286295793759,True
2026-03-16,002227.SZ,10.75,8.79,0.1003070624360287,True
2026-03-16,600620.SH,7.28,5.96,0.09969788519637464,True
2026-03-17,002088.SZ,12.31,10.07,0.1000893655049151,True
2026-03-17,001296.SZ,28.63,23.43,0.09988474836726852,True
2026-03-17,002227.SZ,10.92,8.94,0.09969788519637465,True
2026-03-17,002942.SZ,23.27,19.04,0.09997636492554952,True
2026-03-17,002295.SZ,12.66,10.36,0.09991311902693313,True
2026-03-17,002700.SZ,7.67,6.27,0.1004304160688666,True
2026-03-17,603577.SH,12.11,9.91,0.09990917347865574,True
2026-03-17,603706.SH,22.41,18.33,0.10014727540500742,True
2026-03-17,605169.SH,14.54,11.9,0.09984871406959149,True
2026-03-17,601798.SH,10.59,8.67,0.09968847352024923,True
2026-03-17,603800.SH,43.15,35.31,0.09992352791231195,True
2026-03-17,603036.SH,20.59,16.85,0.09989316239316236,True
2026-03-17,603396.SH,42.5,34.78,0.09989648033126293,True
2026-03-17,003008.SZ,26.47,21.65,0.10016625103906901,True
2026-03-17,000852.SZ,8.68,7.1,0.10012674271229405,True
2026-03-17,603051.SH,24.56,20.1,0.09986565158978947,True
2026-03-17,605580.SH,24.92,20.39,0.0999779298168175,True
2026-03-17,603689.SH,9.38,7.68,0.09964830011723334,True
2026-03-17,603755.SH,33.11,27.09,0.09999999999999999,True
2026-03-17,001225.SZ,58.72,48.04,0.10003746721618584,True
2026-03-17,002879.SZ,24.79,20.29,0.09982253771073647,True
2026-03-17,603255.SH,33.47,27.39,0.09990141307919813,True
2026-03-17,002319.SZ,14.49,11.85,0.10022779043280185,True
2026-03-17,600184.SH,18.87,15.44,0.09997085397843199,True
2026-03-17,000633.SZ,8.07,6.61,0.0994550408719346,True
2026-03-17,002476.SZ,6.82,5.58,0.10000000000000002,True
2026-03-17,002630.SZ,2.45,2.21,0.05150214592274682,False
2026-03-17,002634.SZ,7.36,6.02,0.10014947683109124,True
2026-03-17,002514.SZ,5.4,4.42,0.09979633401222,True
2026-03-17,603727.SH,19.25,15.75,0.1,True
2026-03-17,603813.SH,33.68,30.48,0.04987531172069824,False
2026-03-17,002564.SZ,7.57,6.19,0.10029069767441859,True
2026-03-17,002978.SZ,40.3,32.98,0.09989082969432314,True
2026-03-17,600980.SH,25.05,20.49,0.1001317523056654,True
2026-03-17,605086.SH,39.17,32.05,0.09997191800056171,True
2026-03-17,002278.SZ,15.13,12.38,0.09996364958197018,True
2026-03-17,002849.SZ,19.64,16.07,0.09997199663959676,True
2026-03-17,603429.SH,9.42,7.7,0.10046728971962615,True
2026-03-17,001277.SZ,43.96,35.96,0.10010010010010009,True
2026-03-17,603223.SH,10.01,8.19,0.10000000000000002,True
2026-03-18,002088.SZ,12.07,9.87,0.10027347310847773,True
2026-03-18,001296.SZ,28.09,22.99,0.09984338292873926,True
2026-03-18,002942.SZ,22.39,18.32,0.09997543601080816,True
2026-03-18,605169.SH,14.33,11.73,0.09976976208749039,True
2026-03-18,002700.SZ,7.5,6.14,0.09970674486803521,True
2026-03-18,002227.SZ,10.6,8.68,0.0995850622406639,True
2026-03-18,002295.SZ,12.34,10.1,0.09982174688057042,True
2026-03-18,603689.SH,9.33,7.63,0.10023584905660378,True
2026-03-18,603036.SH,21.6,17.68,0.09979633401222,True
2026-03-18,000852.SZ,8.47,6.93,0.10000000000000006,True
2026-03-18,603577.SH,11.92,9.76,0.09963099630996311,True
2026-03-18,601798.SH,10.19,8.33,0.10043196544276455,True
2026-03-18,603706.SH,21.79,17.83,0.09994952044422012,True
2026-03-18,605580.SH,23.91,19.57,0.0998160073597056,True
2026-03-18,002476.SZ,6.67,5.45,0.10066006600660063,True
2026-03-18,002879.SZ,23.86,19.52,0.1000461041954818,True
2026-03-18,001332.SZ,62.74,51.34,0.099929873772791,True
2026-03-18,603800.SH,41.59,34.03,0.09997355197037823,True
2026-03-18,002978.SZ,39.29,32.15,0.09994400895856664,True
2026-03-18,002564.SZ,7.55,6.17,0.10058309037900874,True
2026-03-18,603813.SH,32.24,29.17,0.04999185800358248,False
2026-03-18,600184.SH,18.28,14.96,0.09987966305655836,True
2026-03-18,600107.SH,5.93,5.37,0.04955752212389377,False
2026-03-18,002278.SZ,14.05,11.49,0.10023492560689118,True
2026-03-18,002630.SZ,2.4,2.18,0.04803493449781654,False
2026-03-18,002634.SZ,7.17,5.87,0.09969325153374232,True
2026-03-18,603396.SH,41.6,34.04,0.09994711792702277,True
2026-03-18,000633.SZ,7.84,6.42,0.09957924263674614,True
2026-03-18,001358.SZ,31.68,25.92,0.09999999999999996,True
2026-03-18,603223.SH,9.79,8.01,0.09999999999999998,True
2026-03-18,001225.SZ,56.74,46.42,0.1000387747188833,True
2026-03-18,603051.SH,24.27,19.85,0.10018132366273794,True
2026-03-18,000655.SZ,10.84,8.87,0.099949264332826,True
2026-03-18,603053.SH,11.09,9.07,0.10019841269841268,True
2026-03-18,600727.SH,8.77,7.17,0.1003764115432873,True
2026-03-18,603727.SH,18.84,15.42,0.09982486865148862,True
2026-03-18,002514.SZ,5.37,4.39,0.10040983606557381,True
2026-03-18,600543.SH,5.72,4.68,0.10000000000000002,True
2026-03-18,002145.SZ,5.79,4.73,0.10076045627376423,True
2026-03-18,600379.SH,13.26,10.85,0.09995852343425965,True
2026-03-19,002942.SZ,22.54,18.44,0.10004880429477787,True
2026-03-19,002088.SZ,12.01,9.83,0.09981684981684981,True
2026-03-19,600727.SH,8.58,7.02,0.10000000000000003,True
2026-03-19,002295.SZ,12.4,10.14,0.1002661934338953,True
2026-03-19,603800.SH,42.37,34.67,0.0999480789200415,True
2026-03-19,001296.SZ,28.19,23.07,0.09988294966835741,True
2026-03-19,002227.SZ,10.7,8.76,0.09969167523124355,True
2026-03-19,000852.SZ,8.34,6.82,0.10026385224274403,True
2026-03-19,605580.SH,24.22,19.82,0.09990917347865574,True
2026-03-19,001332.SZ,62.48,51.12,0.1,True
2026-03-19,603036.SH,21.58,17.66,0.09989806320081546,True
2026-03-19,002978.SZ,39.12,32.0,0.10011248593925755,True
2026-03-19,002136.SZ,15.16,12.4,0.10014513788098692,True
2026-03-19,002476.SZ,6.62,5.42,0.09966777408637877,True
2026-03-19,001225.SZ,56.82,46.49,0.09999032039492786,True
2026-03-19,002879.SZ,24.13,19.75,0.09981768459434821,True
2026-03-19,603051.SH,24.49,20.03,0.1001796945193171,True
2026-03-19,600319.SH,8.95,7.33,0.09950859950859946,True
2026-03-19,002145.SZ,5.73,4.69,0.09980806142034547,True
2026-03-19,601798.SH,10.21,8.35,0.10021551724137936,True
2026-03-19,002386.SZ,6.74,5.52,0.09951060358890707,True
2026-03-19,002278.SZ,13.89,11.37,0.09976247030878865,True
2026-03-19,000633.SZ,7.87,6.44,0.0999301187980433,True
2026-03-19,000655.SZ,10.62,8.69,0.09994821336095287,True
2026-03-19,603255.SH,32.63,26.69,0.10013486176668915,True
2026-03-19,002630.SZ,2.43,2.19,0.05194805194805199,False
2026-03-19,603396.SH,42.11,34.45,0.10005224660397069,True
2026-03-19,002700.SZ,7.56,6.18,0.10043668122270742,True
2026-03-19,600980.SH,24.64,20.16,0.10000000000000002,True
2026-03-19,000707.SZ,7.06,5.78,0.09968847352024918,True
2026-03-19,601399.SH,5.14,4.2,0.10064239828693786,True
2026-03-19,600955.SH,18.56,15.18,0.10017783046828689,True
2026-03-19,002514.SZ,5.39,4.41,0.09999999999999995,True
2026-03-19,002634.SZ,7.24,5.92,0.10030395136778117,True
2026-03-19,002759.SZ,37.75,30.89,0.09994172494172493,True
2026-03-19,002836.SZ,16.06,13.14,0.09999999999999994,True
2026-03-19,600184.SH,17.94,14.68,0.09993868792152058,True
2026-03-19,001255.SZ,44.34,36.28,0.09997519225998514,True
2026-03-19,002306.SZ,2.33,2.11,0.0495495495495496,False
2026-03-19,000546.SZ,6.59,5.39,0.10016694490818032,True
2026-03-20,002942.SZ,21.71,17.77,0.09979736575481259,True
2026-03-20,002088.SZ,11.76,9.62,0.10009354536950424,True
2026-03-20,600727.SH,8.21,6.71,0.10053619302949067,True
2026-03-20,000852.SZ,8.18,6.7,0.09946236559139783,True
2026-03-20,002227.SZ,10.46,8.56,0.09989484752891693,True
2026-03-20,002295.SZ,11.94,9.77,0.09995393827729156,True
2026-03-20,001296.SZ,27.32,22.36,0.09983896940418681,True
2026-03-20,603036.SH,21.03,17.21,0.09989539748953975,True
2026-03-20,002278.SZ,13.71,11.21,0.10032102728731941,True
2026-03-20,002136.SZ,14.27,11.67,0.10023130300693908,True
2026-03-20,002700.SZ,7.62,6.24,0.09956709956709957,True
2026-03-20,603800.SH,41.05,33.59,0.0999464094319399,True
2026-03-20,001332.SZ,59.47,48.65,0.1000739918608953,True
2026-03-20,002828.SZ,14.69,12.02,0.09996256083863721,True
2026-03-20,002476.SZ,6.44,5.27,0.09991460290350135,True
2026-03-20,002629.SZ,7.36,6.02,0.10014947683109124,True
2026-03-20,002978.SZ,37.38,30.58,0.10005885815185409,True
2026-03-20,605580.SH,23.24,19.02,0.09985802176999524,True
2026-03-20,001225.SZ,54.42,44.52,0.10006064281382655,True
2026-03-20,002879.SZ,23.25,19.03,0.09981078524124878,True
2026-03-20,600319.SH,8.58,7.02,0.10000000000000003,True
2026-03-20,002753.SZ,8.44,6.9,0.10039113428943931,True
2026-03-20,002849.SZ,18.58,15.2,0.10005920663114265,True
2026-03-20,002767.SZ,23.93,19.58,0.09997701677775228,True
2026-03-20,002145.SZ,5.53,4.53,0.09940357852882703,True
2026-03-20,001255.SZ,42.56,34.82,0.10002584647195661,True
2026-03-20,603255.SH,31.46,25.74,0.10000000000000003,True
2026-03-20,600423.SH,4.22,3.46,0.09895833333333331,True
2026-03-20,002199.SZ,8.1,7.32,0.0505836575875486,False
2026-03-20,002114.SZ,9.61,7.87,0.0995423340961098,True
2026-03-20,603699.SH,56.65,46.35,0.09999999999999998,True
2026-03-20,002386.SZ,6.44,5.27,0.09991460290350135,True
2026-03-20,600792.SH,5.02,4.1,0.10087719298245613,True
2026-03-20,601568.SH,4.76,3.9,0.09930715935334872,True
2026-03-20,002068.SZ,10.26,8.4,0.09967845659163985,True
2026-03-20,603861.SH,18.01,14.73,0.10018326206475263,True
2026-03-20,000953.SZ,7.88,6.44,0.10055865921787706,True
2026-03-20,603689.SH,9.45,7.73,0.10011641443538992,True
2026-03-20,002306.SZ,2.28,2.06,0.05069124423963128,False
2026-03-20,000633.SZ,7.56,6.18,0.10043668122270742,True
2026-03-23,002088.SZ,11.46,9.38,0.09980806142034547,True
2026-03-23,002942.SZ,21.0,17.18,0.1000523834468308,True
2026-03-23,603036.SH,20.45,16.73,0.10005379236148464,True
2026-03-23,603800.SH,40.51,33.15,0.09991854466467553,True
2026-03-23,605258.SH,37.73,30.87,0.09999999999999995,True
2026-03-23,002700.SZ,7.41,6.07,0.09940652818991097,True
2026-03-23,600727.SH,7.72,6.32,0.09971509971509969,True
2026-03-23,002828.SZ,13.61,11.13,0.10024252223120446,True
2026-03-23,001296.SZ,27.12,22.19,0.09997972013790306,True
2026-03-23,000852.SZ,7.89,6.45,0.10041841004184097,True
2026-03-23,002295.SZ,11.51,9.41,0.10038240917782024,True
2026-03-23,002227.SZ,10.09,8.25,0.10032715376226826,True
2026-03-23,001332.SZ,59.22,48.46,0.09992570579494797,True
2026-03-23,002278.SZ,12.85,10.51,0.10017123287671233,True
2026-03-23,002136.SZ,13.66,11.18,0.09983896940418681,True
2026-03-23,002476.SZ,6.33,5.18,0.09991311902693313,True
2026-03-23,605566.SH,29.52,24.16,0.0998509687034277,True
2026-03-23,603577.SH,12.19,9.97,0.10018050541516241,True
2026-03-23,002207.SZ,11.13,9.11,0.09980237154150204,True
2026-03-23,002978.SZ,36.49,29.85,0.10009044317154055,True
2026-03-23,605580.SH,22.62,18.5,0.1001945525291829,True
2026-03-23,000407.SZ,5.51,4.51,0.0998003992015968,True
2026-03-23,603861.SH,17.47,14.29,0.10012594458438287,True
2026-03-23,002879.SZ,22.59,18.49,0.09980525803310618,True
2026-03-23,603706.SH,21.97,17.97,0.10015022533800702,True
2026-03-23,002795.SZ,8.0,6.54,0.10041265474552957,True
2026-03-23,603689.SH,9.3,7.61,0.09994086339444118,True
2026-03-23,002725.SZ,17.11,14.0,0.09996785599485694,True
2026-03-23,002849.SZ,17.81,14.57,0.10006176652254474,True
2026-03-23,002114.SZ,9.38,7.68,0.09964830011723334,True
2026-03-23,603315.SH,16.19,13.25,0.09986413043478265,True
2026-03-23,000545.SZ,3.62,2.96,0.10030395136778117,True
2026-03-23,002767.SZ,22.95,18.77,0.10019175455417066,True
2026-03-23,600871.SH,3.28,2.68,0.10067114093959725,True
2026-03-23,002634.SZ,6.99,5.72,0.09992132179386314,True
2026-03-23,600319.SH,8.21,6.71,0.10053619302949067,True
2026-03-23,000826.SZ,2.41,1.97,0.10045662100456625,True
2026-03-23,603829.SH,29.87,24.44,0.09998158718468053,True
2026-03-23,002943.SZ,54.45,44.55,0.10000000000000006,True
2026-03-23,600078.SH,12.42,10.16,0.10008857395925598,True
2026-03-24,002629.SZ,7.05,5.77,0.09984399375975041,True
2026-03-24,002942.SZ,19.69,16.11,0.10000000000000006,True
2026-03-24,600727.SH,7.51,6.15,0.0995607613469985,True
2026-03-24,002088.SZ,10.58,8.66,0.09979209979209978,True
2026-03-24,002828.SZ,13.7,11.21,0.09995985547972695,True
2026-03-24,001332.SZ,54.76,44.8,0.10004017677782243,True
2026-03-24,002207.SZ,10.98,8.98,0.1002004008016032,True
2026-03-24,605258.SH,33.96,27.78,0.10009718172983478,True
2026-03-24,000852.SZ,7.44,6.08,0.10059171597633139,True
2026-03-24,002278.SZ,12.16,9.95,0.09995477159656269,True
2026-03-24,002136.SZ,13.23,10.83,0.09975062344139651,True
2026-03-24,603036.SH,19.17,15.69,0.09982788296041314,True
2026-03-24,600319.SH,7.69,6.29,0.1001430615164521,True
2026-03-24,600470.SH,7.55,6.17,0.10058309037900874,True
2026-03-24,001296.SZ,25.41,20.79,0.10000000000000002,True
2026-03-24,002068.SZ,9.52,7.79,0.09994222992489889,True
2026-03-24,002700.SZ,7.1,5.81,0.09992254066615028,True
2026-03-24,603800.SH,38.06,31.14,0.10000000000000002,True
2026-03-24,600871.SH,3.18,2.6,0.10034602076124569,True
2026-03-24,600423.SH,3.77,3.09,0.09912536443148691,True
2026-03-24,002978.SZ,34.56,28.28,0.09993634627625718,True
2026-03-24,000545.SZ,3.51,2.87,0.1003134796238244,True
2026-03-24,002295.SZ,10.62,8.69,0.09994821336095287,True
2026-03-24,002879.SZ,21.57,17.65,0.09994900560938301,True
2026-03-24,603062.SH,50.58,41.38,0.10004349717268372,True
2026-03-24,002145.SZ,5.12,4.19,0.0998925886143931,True
2026-03-24,600078.SH,11.72,9.59,0.09995307367433133,True
2026-03-24,002849.SZ,16.2,13.26,0.09979633401221993,True
2026-03-24,600569.SH,2.44,2.0,0.0990990990990991,True
2026-03-24,603699.SH,53.24,43.56,0.09999999999999999,True
2026-03-24,600231.SH,2.11,1.73,0.09895833333333331,True
2026-03-24,002630.SZ,2.17,1.97,0.048309178743961345,False
2026-03-24,601808.SH,17.96,14.7,0.09981628903857936,True
2026-03-24,002356.SZ,3.95,3.23,0.10027855153203345,True
2026-03-24,002476.SZ,6.02,4.92,0.1005484460694698,True
2026-03-24,000655.SZ,9.11,7.45,0.10024154589371977,True
2026-03-24,002270.SZ,29.24,23.92,0.10007524454477044,True
2026-03-24,002442.SZ,6.13,5.01,0.10053859964093358,True
2026-03-24,002386.SZ,6.03,4.93,0.10036496350364968,True
2026-03-24,002606.SZ,12.11,9.91,0.09990917347865574,True
2026-03-25,002088.SZ,10.71,8.77,0.09958932238193025,True
2026-03-25,002942.SZ,20.48,16.76,0.0998925886143931,True
2026-03-25,600727.SH,7.67,6.27,0.1004304160688666,True
2026-03-25,000852.SZ,7.66,6.26,0.10057471264367819,True
2026-03-25,600470.SH,7.61,6.23,0.09971098265895953,True
2026-03-25,002278.SZ,12.39,10.13,0.1003552397868561,True
2026-03-25,002828.SZ,13.64,11.16,0.10000000000000002,True
2026-03-25,001332.SZ,56.79,46.47,0.09994189424753051,True
2026-03-25,001296.SZ,26.4,21.6,0.09999999999999994,True
2026-03-25,603036.SH,19.93,16.31,0.09988962472406185,True
2026-03-25,002136.SZ,13.66,11.18,0.09983896940418681,True
2026-03-25,605258.SH,35.86,29.34,0.09999999999999999,True
2026-03-25,002207.SZ,10.71,8.77,0.09958932238193025,True
2026-03-25,002849.SZ,16.9,13.82,0.10026041666666662,True
2026-03-25,600319.SH,8.01,6.55,0.10027472527472528,True
2026-03-25,002295.SZ,11.36,9.3,0.09970958373668919,True
2026-03-25,002068.SZ,9.3,7.61,0.09994086339444118,True
2026-03-25,000545.SZ,3.72,3.04,0.10059171597633139,True
2026-03-25,002700.SZ,7.35,6.01,0.10029940119760479,True
2026-03-25,002879.SZ,22.08,18.06,0.10014947683109117,True
2026-03-25,603530.SH,65.7,53.76,0.09994977398292319,True
2026-03-25,002629.SZ,6.75,5.53,0.09934853420195437,True
2026-03-25,002606.SZ,12.55,10.27,0.09991235758106928,True
2026-03-25,600423.SH,3.89,3.19,0.09887005649717516,True
2026-03-25,002978.SZ,35.38,28.94,0.10012437810945274,True
2026-03-25,002767.SZ,22.88,18.72,0.10000000000000002,True
2026-03-25,600569.SH,2.48,2.03,0.09977827050997787,True
2026-03-25,600714.SH,20.49,16.77,0.09983896940418677,True
2026-03-25,600871.SH,3.2,2.62,0.09965635738831616,True
2026-03-25,603699.SH,54.69,44.75,0.09995977473853578,True
2026-03-25,603790.SH,21.93,17.95,0.09979939819458378,True
2026-03-25,000830.SZ,16.76,13.72,0.09973753280839896,True
2026-03-25,600231.SH,2.17,1.77,0.1015228426395939,True
2026-03-25,002877.SZ,9.6,7.86,0.0996563573883161,True
2026-03-25,002630.SZ,2.14,1.94,0.049019607843137296,False
2026-03-25,000655.SZ,9.5,7.78,0.09953703703703702,True
2026-03-25,002270.SZ,29.62,24.24,0.09988860007426667,True
2026-03-25,002442.SZ,6.44,5.27,0.09991460290350135,True
2026-03-25,002145.SZ,5.18,4.24,0.09978768577494687,True
2026-03-25,600078.SH,11.99,9.81,0.09999999999999998,True
2026-03-26,002629.SZ,7.22,5.9,0.10060975609756093,True
2026-03-26,000852.SZ,7.82,6.4,0.09985935302390998,True
2026-03-26,002088.SZ,11.03,9.03,0.09970089730807578,True
2026-03-26,600470.SH,7.67,6.27,0.1004304160688666,True
2026-03-26,002295.SZ,11.66,9.54,0.10000000000000005,True
2026-03-26,002828.SZ,13.82,11.3,0.1003184713375796,True
2026-03-26,002879.SZ,22.7,18.58,0.09980620155038762,True
2026-03-26,605258.SH,36.8,30.11,0.09998505455088923,True
2026-03-26,001332.SZ,59.26,48.48,0.1000556896231669,True
2026-03-26,002942.SZ,20.64,16.88,0.10021321961620475,True
2026-03-26,002207.SZ,10.86,8.88,0.10030395136778107,True
2026-03-26,603036.SH,20.5,16.78,0.09978540772532185,True
2026-03-26,002849.SZ,17.41,14.25,0.0998104864181933,True
2026-03-26,002606.SZ,12.79,10.47,0.09974204643164225,True
2026-03-26,600727.SH,7.84,6.42,0.09957924263674614,True
2026-03-26,002700.SZ,7.49,6.13,0.0998531571218796,True
2026-03-26,603169.SH,11.63,9.51,0.10028382213812682,True
2026-03-26,000545.SZ,3.78,3.1,0.09883720930232553,True
2026-03-26,002227.SZ,10.24,8.38,0.0998925886143931,True
2026-03-26,002476.SZ,6.4,5.24,0.09965635738831616,True
2026-03-26,001296.SZ,26.6,21.76,0.1000827129859388,True
2026-03-26,603699.SH,56.1,45.9,0.10000000000000003,True
2026-03-26,600714.SH,20.36,16.66,0.09994597514856833,True
2026-03-26,002278.SZ,12.62,10.32,0.10026155187445507,True
2026-03-26,603530.SH,66.17,54.14,0.09999168813897433,True
2026-03-26,600871.SH,3.25,2.66,0.09983079526226732,True
2026-03-26,002136.SZ,13.71,11.21,0.10032102728731941,True
2026-03-26,002068.SZ,9.39,7.69,0.09953161592505855,True
2026-03-26,600569.SH,2.56,2.1,0.09871244635193133,True
2026-03-26,603315.SH,16.01,13.1,0.09996564754379945,True
2026-03-26,002564.SZ,7.27,5.95,0.09984871406959149,True
2026-03-26,600319.SH,8.23,6.73,0.10026737967914438,True
2026-03-26,002270.SZ,30.47,24.93,0.09999999999999999,True
2026-03-26,002877.SZ,9.71,7.95,0.09966024915062291,True
2026-03-26,002478.SZ,12.17,9.95,0.10036166365280294,True
2026-03-26,603790.SH,22.65,18.53,0.10004856726566289,True
2026-03-26,002978.SZ,35.94,29.4,0.10009182736455462,True
2026-03-26,603269.SH,15.95,13.05,0.09999999999999995,True
2026-03-26,002927.SZ,19.93,16.31,0.09988962472406185,True
2026-03-26,002767.SZ,22.88,18.72,0.10000000000000002,True
2026-03-27,002088.SZ,10.95,8.96,0.09994977398292308,True
2026-03-27,000852.SZ,7.6,6.22,0.09985528219971056,True
2026-03-27,002879.SZ,22.2,18.16,0.10009910802775022,True
2026-03-27,605258.SH,35.5,29.04,0.10009296560272701,True
2026-03-27,603169.SH,11.09,9.07,0.10019841269841268,True
2026-03-27,603315.SH,15.59,12.75,0.10021171489061396,True
2026-03-27,002295.SZ,11.42,9.34,0.10019267822736032,True
2026-03-27,001296.SZ,26.4,21.6,0.09999999999999994,True
2026-03-27,603530.SH,64.8,53.02,0.09998302495331858,True
2026-03-27,600714.SH,19.76,16.16,0.10022271714922053,True
2026-03-27,002207.SZ,10.67,8.73,0.09999999999999998,True
2026-03-27,002278.SZ,13.06,10.68,0.10025273799494526,True
2026-03-27,600569.SH,2.48,2.03,0.09977827050997787,True
2026-03-27,002478.SZ,11.89,9.73,0.09990749306197964,True
2026-03-27,600860.SH,12.65,10.35,0.10000000000000003,True
2026-03-27,603036.SH,20.05,16.41,0.09983543609434999,True
2026-03-27,603699.SH,54.67,44.73,0.10000000000000005,True
2026-03-27,002606.SZ,12.43,10.17,0.09999999999999998,True
2026-03-27,002857.SZ,25.23,20.65,0.09982563208369664,True
2026-03-27,603269.SH,15.18,12.42,0.09999999999999999,True
2026-03-27,603067.SH,35.45,29.01,0.09990691901954701,True
2026-03-27,002700.SZ,7.43,6.08,0.09992598075499627,True
2026-03-27,002623.SZ,24.73,20.23,0.10008896797153025,True
2026-03-27,002564.SZ,6.75,5.53,0.09934853420195437,True
2026-03-27,603790.SH,22.66,18.54,0.10000000000000002,True
2026-03-27,002270.SZ,29.81,24.39,0.09999999999999996,True
2026-03-27,002942.SZ,20.36,16.66,0.09994597514856833,True
2026-03-27,001332.SZ,57.94,47.4,0.10005695842035313,True
2026-03-27,002629.SZ,6.91,5.65,0.1003184713375796,True
2026-03-27,002356.SZ,3.91,3.2,0.09985935302390998,True
2026-03-27,603813.SH,31.02,28.06,0.05010155721056197,False
2026-03-27,002978.SZ,35.43,28.99,0.09996895374107422,True
2026-03-27,600703.SH,14.2,11.62,0.09992254066615028,True
2026-03-27,002927.SZ,19.28,15.78,0.09982886480319457,True
2026-03-27,600725.SH,4.9,4.01,0.09988776655443328,True
2026-03-27,600871.SH,3.25,2.66,0.09983079526226732,True
2026-03-27,002877.SZ,9.53,7.79,0.10046189376443414,True
2026-03-27,002828.SZ,13.77,11.27,0.09984025559105432,True
2026-03-27,002767.SZ,22.46,18.38,0.09990205680705194,True
2026-03-27,600231.SH,2.22,1.82,0.09900990099009904,True
2026-03-30,603169.SH,11.15,9.13,0.09960552268244573,True
2026-03-30,603530.SH,64.79,53.01,0.10000000000000006,True
2026-03-30,002606.SZ,12.78,10.46,0.099827882960413,True
2026-03-30,000852.SZ,7.74,6.34,0.0994318181818182,True
2026-03-30,002879.SZ,22.23,18.19,0.09995051954477979,True
2026-03-30,002700.SZ,7.6,6.22,0.09985528219971056,True
2026-03-30,605169.SH,14.97,12.25,0.09992652461425425,True
2026-03-30,600509.SH,9.94,8.14,0.09955752212389375,True
2026-03-30,002630.SZ,2.3,2.08,0.05022831050228305,False
2026-03-30,002353.SZ,108.02,88.38,0.10000000000000002,True
2026-03-30,603813.SH,29.46,26.66,0.049893086243763374,False
2026-03-30,002207.SZ,10.85,8.87,0.10040567951318462,True
2026-03-30,600703.SH,13.82,11.3,0.1003184713375796,True
2026-03-30,002478.SZ,11.84,9.68,0.10037174721189591,True
2026-03-30,002857.SZ,25.05,20.49,0.1001317523056654,True
2026-03-30,600714.SH,20.49,16.77,0.09983896940418677,True
2026-03-30,002088.SZ,11.03,9.03,0.09970089730807578,True
2026-03-30,601619.SH,6.18,5.06,0.09964412811387903,True
2026-03-30,002564.SZ,6.84,5.6,0.09967845659163989,True
2026-03-30,002623.SZ,24.59,20.12,0.09997763363900691,True
2026-03-30,603315.SH,15.5,12.68,0.1000709723207949,True
2026-03-30,600860.SH,12.6,10.31,0.09995635093845479,True
2026-03-30,002270.SZ,30.18,24.7,0.09985422740524783,True
2026-03-30,002490.SZ,11.1,9.08,0.10009910802775022,True
2026-03-30,601700.SH,6.15,5.03,0.10017889087656531,True
2026-03-30,001332.SZ,59.82,48.94,0.10003677822728947,True
2026-03-30,600408.SH,4.29,3.51,0.10000000000000003,True
2026-03-30,603773.SH,38.94,31.86,0.09999999999999998,True
2026-03-30,603699.SH,55.03,45.03,0.09994003597841294,True
2026-03-30,002629.SZ,7.19,5.89,0.09938837920489302,True
2026-03-30,600871.SH,3.28,2.68,0.10067114093959725,True
2026-03-30,603036.SH,20.35,16.65,0.10000000000000007,True
2026-03-30,603269.SH,15.3,12.52,0.0999281092739037,True
2026-03-30,002319.SZ,12.43,10.17,0.09999999999999998,True
2026-03-30,601808.SH,18.19,14.89,0.09975816203143896,True
2026-03-30,600569.SH,2.5,2.04,0.1013215859030837,True
2026-03-30,000400.SZ,30.97,25.34,0.09998224116497956,True
2026-03-30,600458.SH,14.2,11.62,0.09992254066615028,True
2026-03-30,002364.SZ,30.99,25.35,0.1001064962726304,True
2026-03-30,002356.SZ,3.96,3.24,0.09999999999999996,True
2026-03-31,000638.SZ,1.48,1.34,0.049645390070921946,False
2026-03-31,600355.SH,0.75,0.67,0.05633802816901406,False
2026-03-31,000004.SZ,5.05,4.57,0.04989604989604984,False
2026-03-31,603516.SH,154.34,126.28,0.0999928729242392,True
2026-03-31,603119.SH,82.01,67.1,0.0999932935416807,True
2026-03-31,000681.SZ,22.66,18.54,0.10000000000000002,True
2026-03-31,603813.SH,27.99,25.33,0.049887471867967,False
2026-03-31,603130.SH,43.3,35.42,0.1001016260162601,True
2026-03-31,002517.SZ,19.75,16.16,0.09997215260373156,True
2026-03-31,002943.SZ,51.51,42.15,0.09993593850096091,True
2026-03-31,603171.SH,56.1,45.9,0.10000000000000003,True
2026-03-31,001330.SZ,7.71,6.31,0.09985734664764624,True
2026-03-31,600962.SH,21.11,17.27,0.10005211047420533,True
2026-03-31,605288.SH,98.87,80.89,0.1000222518914108,True
2026-03-31,002558.SZ,34.57,28.29,0.09990454979319124,True
2026-03-31,603011.SH,23.07,18.87,0.10014306151645207,True
2026-03-31,002151.SZ,41.66,34.08,0.10007921837866383,True
2026-03-31,603859.SH,40.59,33.21,0.10000000000000002,True
2026-03-31,001225.SZ,53.08,43.43,0.09998963837944254,True
2026-03-31,002922.SZ,41.35,33.83,0.10002660281989895,True
2026-03-31,600531.SH,14.6,11.94,0.10022607385079127,True
2026-03-31,002400.SZ,9.57,7.83,0.10000000000000002,True
2026-03-31,000561.SZ,10.74,8.78,0.10040983606557381,True
2026-03-31,603703.SH,13.81,11.3,0.09996017522899242,True
2026-03-31,603979.SH,62.48,51.12,0.1,True
2026-03-31,600363.SH,55.28,45.23,0.09999005074121983,True
2026-03-31,603216.SH,35.45,29.01,0.09990691901954701,True
2026-03-31,603690.SH,27.31,22.35,0.09987917841320978,True
2026-03-31,002928.SZ,8.78,7.18,0.10025062656641602,True
2026-03-31,002829.SZ,24.7,20.21,0.09997773324426629,True
2026-03-31,002163.SZ,14.5,11.86,0.10015174506828531,True
2026-03-31,603155.SH,17.34,14.18,0.100253807106599,True
2026-03-31,600115.SH,4.79,3.92,0.09988518943742825,True
2026-03-31,000426.SZ,44.29,36.23,0.10009935419771489,True
2026-03-31,600961.SH,19.16,15.68,0.09988518943742825,True
2026-03-31,000737.SZ,14.74,12.06,0.09999999999999999,True
2026-03-31,603179.SH,72.83,59.59,0.0999848965413079,True
2026-03-31,002855.SZ,13.3,10.88,0.1000827129859388,True
2026-03-31,603069.SH,19.67,16.09,0.10011185682326626,True
2026-03-31,002320.SZ,10.07,8.24,0.09994538503549971,True
2026-04-01,000004.SZ,4.8,4.34,0.05032822757111597,False
2026-04-01,600355.SH,0.7,0.64,0.04477611940298504,False
2026-04-01,000638.SZ,1.41,1.27,0.052238805970149224,False
2026-04-01,603130.SH,42.42,34.7,0.100103734439834,True
2026-04-01,603516.SH,152.25,124.57,0.0999927750885052,True
2026-04-01,000561.SZ,10.66,8.72,0.10010319917440656,True
2026-04-01,002163.SZ,14.42,11.8,0.09992372234935161,True
2026-04-01,600962.SH,20.77,16.99,0.10010593220338987,True
2026-04-01,603813.SH,26.6,24.06,0.050138176075799505,False
2026-04-01,001330.SZ,7.68,6.28,0.10028653295128935,True
2026-04-01,001225.SZ,53.9,44.1,0.09999999999999998,True
2026-04-01,002855.SZ,13.38,10.94,0.1003289473684211,True
2026-04-01,603171.SH,55.08,45.06,0.10005991611743555,True
2026-04-01,600476.SH,12.43,10.17,0.09999999999999998,True
2026-04-01,603188.SH,5.37,4.39,0.10040983606557381,True
2026-04-01,002151.SZ,41.67,34.09,0.10005279831045404,True
2026-04-01,003009.SZ,63.51,51.97,0.0999307239348805,True
2026-04-01,002278.SZ,13.3,10.88,0.1000827129859388,True
2026-04-01,002383.SZ,10.64,8.7,0.10031023784901764,True
2026-04-01,600855.SH,18.92,15.48,0.10000000000000002,True
2026-04-01,002943.SZ,50.59,41.39,0.10002174385736032,True
2026-04-01,603119.SH,80.01,65.47,0.09994500962331596,True
2026-04-01,603889.SH,8.44,6.9,0.10039113428943931,True
2026-04-01,002297.SZ,12.02,9.84,0.09972552607502286,True
2026-04-01,002354.SZ,6.25,5.11,0.10035211267605632,True
2026-04-01,600319.SH,8.34,6.82,0.10026385224274403,True
2026-04-01,001209.SZ,22.64,18.52,0.10009718172983482,True
2026-04-01,002474.SZ,8.49,6.95,0.09974093264248704,True
2026-04-01,002829.SZ,24.53,20.07,0.10000000000000002,True
2026-04-01,603636.SH,10.12,8.28,0.1,True
2026-04-01,600506.SH,23.98,19.62,0.09999999999999998,True
2026-04-01,600456.SH,36.97,30.25,0.0999702469503124,True
2026-04-01,002657.SZ,24.15,19.76,0.09997722614438619,True
2026-04-01,603918.SH,14.92,12.2,0.10029498525073749,True
2026-04-01,600990.SH,24.88,20.36,0.09991158267020336,True
2026-04-01,000759.SZ,6.2,5.08,0.09929078014184398,True
2026-04-01,002465.SZ,16.49,13.49,0.10006671114076046,True
2026-04-01,000681.SZ,22.08,18.06,0.10014947683109117,True
2026-04-01,002935.SZ,20.36,16.66,0.09994597514856833,True
2026-04-01,600198.SH,9.05,7.41,0.09963547995139736,True
2026-04-02,000004.SZ,4.56,4.12,0.05069124423963128,False
2026-04-02,600355.SH,0.67,0.61,0.04687500000000004,False
2026-04-02,000638.SZ,1.33,1.21,0.04724409448818902,False
2026-04-02,603516.SH,153.01,125.19,0.09999999999999998,True
2026-04-02,001330.SZ,7.74,6.34,0.0994318181818182,True
2026-04-02,603171.SH,55.81,45.67,0.09992116673236105,True
2026-04-02,603598.SH,22.07,18.05,0.10019940179461613,True
2026-04-02,603130.SH,42.46,34.74,0.09999999999999998,True
2026-04-02,000681.SZ,22.58,18.48,0.09985387238188012,True
2026-04-02,603119.SH,81.66,66.82,0.09994612068965521,True
2026-04-02,000561.SZ,10.64,8.7,0.10031023784901764,True
2026-04-02,001225.SZ,54.01,44.19,0.10000000000000002,True
2026-04-02,603813.SH,25.26,22.86,0.04987531172069829,False
2026-04-02,002163.SZ,14.34,11.74,0.09969325153374232,True
2026-04-02,600476.SH,12.21,9.99,0.10000000000000002,True
2026-04-02,600986.SH,10.74,8.78,0.10040983606557381,True
2026-04-02,002151.SZ,41.37,33.85,0.09997341132677474,True
2026-04-02,002943.SZ,51.52,42.16,0.09991460290350135,True
2026-04-02,002855.SZ,13.12,10.74,0.09974853310980716,True
2026-04-02,600556.SH,6.7,5.48,0.10016420361247946,True
2026-04-02,002400.SZ,9.74,7.97,0.09994353472614344,True
2026-04-02,600855.SH,18.91,15.47,0.10005817335660265,True
2026-04-02,002354.SZ,6.28,5.14,0.09982486865148867,True
2026-04-02,603011.SH,23.51,19.23,0.10014038371548903,True
2026-04-02,002115.SZ,13.42,10.98,0.09999999999999999,True
2026-04-02,002682.SZ,6.59,5.39,0.10016694490818032,True
2026-04-02,603008.SH,16.72,13.68,0.09999999999999998,True
2026-04-02,002465.SZ,16.36,13.38,0.1002017484868863,True
2026-04-02,002474.SZ,8.51,6.97,0.09948320413436693,True
2026-04-02,600531.SH,14.8,12.11,0.09996283909327393,True
2026-04-02,002544.SZ,28.46,23.28,0.10011596443757247,True
2026-04-02,601929.SH,3.31,2.71,0.09966777408637877,True
2026-04-02,603859.SH,41.02,33.56,0.10002681684097613,True
2026-04-02,600734.SH,4.22,3.46,0.09895833333333331,True
2026-04-02,002766.SZ,5.52,4.52,0.09960159362549802,True
2026-04-02,002383.SZ,10.67,8.73,0.09999999999999998,True
2026-04-02,600961.SH,19.51,15.97,0.09977452085682076,True
2026-04-02,603216.SH,35.97,29.43,0.09999999999999998,True
2026-04-02,603000.SH,21.73,17.78,0.09997468995191088,True
2026-04-02,600990.SH,25.17,20.59,0.10008741258741262,True
2026-04-03,000638.SZ,1.27,1.15,0.049586776859504175,False
2026-04-03,001330.SZ,7.56,6.18,0.10043668122270742,True
2026-04-03,000004.SZ,4.33,3.91,0.05097087378640776,False
2026-04-03,000016.SZ,3.59,2.93,0.10122699386503063,True
2026-04-03,000766.SZ,21.75,17.79,0.10015174506828531,True
2026-04-03,600355.SH,0.64,0.58,0.04918032786885251,False
2026-04-03,603598.SH,21.25,17.39,0.09989648033126293,True
2026-04-03,603516.SH,146.18,119.6,0.10000752502069386,True
2026-04-03,000892.SZ,6.7,5.48,0.10016420361247946,True
2026-04-03,002163.SZ,14.09,11.53,0.09992193598750979,True
2026-04-03,603008.SH,15.05,12.31,0.10014619883040937,True
2026-04-03,600135.SH,11.54,9.44,0.10009532888465204,True
2026-04-03,603718.SH,5.1,4.18,0.09913793103448276,True
2026-04-03,600151.SH,14.41,11.79,0.10000000000000005,True
2026-04-03,603703.SH,13.97,11.43,0.10000000000000005,True
2026-04-03,002995.SZ,25.61,20.95,0.10008591065292095,True
2026-04-03,002519.SZ,8.76,7.16,0.10050251256281405,True
2026-04-03,002151.SZ,40.33,32.99,0.10010911074740858,True
2026-04-03,002400.SZ,9.17,7.51,0.09952038369304557,True
2026-04-03,001225.SZ,52.46,42.92,0.10002096875655274,True
2026-04-03,002173.SZ,28.49,23.31,0.1,True
2026-04-03,603179.SH,72.94,59.68,0.09998491931835317,True
2026-04-03,002115.SZ,13.08,10.7,0.10008410428931878,True
2026-04-03,002044.SZ,6.19,5.07,0.0994671403197158,True
2026-04-03,000681.SZ,21.86,17.88,0.10015098137896329,True
2026-04-03,000917.SZ,10.22,8.36,0.10010764262648016,True
2026-04-03,603527.SH,11.97,9.79,0.10018382352941184,True
2026-04-03,000503.SZ,8.78,7.18,0.10025062656641602,True
2026-04-03,000710.SZ,11.89,9.73,0.09990749306197964,True
2026-04-03,603090.SH,65.03,53.21,0.09996617050067659,True
2026-04-03,600986.SH,10.3,8.42,0.10042735042735047,True
2026-04-03,600693.SH,12.28,10.04,0.1003584229390681,True
2026-04-03,600961.SH,18.96,15.52,0.0997679814385151,True
2026-04-03,603978.SH,27.05,22.13,0.10004066693777962,True
2026-04-03,600556.SH,6.48,5.3,0.10016977928692704,True
2026-04-03,600855.SH,18.55,15.17,0.10023724792408069,True
2026-04-03,002407.SZ,30.55,24.99,0.10010803024846962,True
2026-04-03,603108.SH,14.03,11.48,0.09996079968639746,True
2026-04-03,002413.SZ,14.94,12.22,0.10014727540500733,True
2026-04-03,600359.SH,7.96,6.52,0.09944751381215472,True
2026-04-07,000004.SZ,4.11,3.71,0.051150895140665,False
2026-04-07,000638.SZ,1.21,1.09,0.052173913043478216,False
2026-04-07,603516.SH,142.85,116.87,0.10003080240258735,True
2026-04-07,600850.SH,24.24,19.84,0.09981851179673318,True
2026-04-07,603130.SH,40.01,32.73,0.10008248556502615,True
2026-04-07,603119.SH,77.21,63.17,0.10001424704373837,True
2026-04-07,603358.SH,38.95,31.87,0.09997175939000284,True
2026-04-07,600696.SH,1.56,1.42,0.046979865771812124,False
2026-04-07,002465.SZ,15.72,12.86,0.10006997900629816,True
2026-04-07,002446.SZ,10.6,8.68,0.0995850622406639,True
2026-04-07,002207.SZ,10.22,8.36,0.10010764262648016,True
2026-04-07,603179.SH,71.31,58.35,0.09995372512725591,True
2026-04-07,002928.SZ,8.67,7.09,0.100253807106599,True
2026-04-07,000561.SZ,10.21,8.35,0.10021551724137936,True
2026-04-07,603171.SH,53.91,44.11,0.09997959600081613,True
2026-04-07,002173.SZ,26.68,21.83,0.09997938569367144,True
2026-04-07,001225.SZ,51.23,41.91,0.10006441915396179,True
2026-04-07,000016.SZ,3.38,2.76,0.10097719869706842,True
2026-04-07,603011.SH,21.91,17.93,0.0998995983935743,True
2026-04-07,000503.SZ,8.54,6.98,0.1005154639175257,True
2026-04-07,600115.SH,4.72,3.86,0.10023310023310021,True
2026-04-07,603979.SH,63.59,52.03,0.09998270195467913,True
2026-04-07,002149.SZ,51.81,42.39,0.10000000000000002,True
2026-04-07,002943.SZ,49.18,40.24,0.09997763363900691,True
2026-04-07,603008.SH,13.54,11.08,0.09991876523151906,True
2026-04-07,600961.SH,18.5,15.14,0.09988109393579071,True
2026-04-07,002547.SZ,3.52,2.88,0.10000000000000002,True
2026-04-07,003009.SZ,60.81,49.75,0.10003617945007237,True
2026-04-07,600986.SH,10.02,8.2,0.0998902305159166,True
2026-04-07,002151.SZ,39.36,32.2,0.10005589714924534,True
2026-04-07,001330.SZ,7.26,5.94,0.09999999999999996,True
2026-04-07,000681.SZ,21.08,17.24,0.1002087682672234,True
2026-04-07,603667.SH,72.91,59.65,0.10003017501508749,True
2026-04-07,600855.SH,18.11,14.81,0.10024301336573507,True
2026-04-07,000426.SZ,43.36,35.48,0.099949264332826,True
2026-04-07,603216.SH,34.85,28.51,0.10006313131313131,True
2026-04-07,605288.SH,95.12,77.82,0.10003469411356547,True
2026-04-07,002044.SZ,5.98,4.9,0.09926470588235294,True
2026-04-07,603786.SH,58.72,48.04,0.10003746721618584,True
2026-04-07,600531.SH,14.03,11.48,0.09996079968639746,True
2026-04-08,000004.SZ,3.9,3.52,0.05121293800539082,False
2026-04-08,000638.SZ,1.14,1.04,0.04587155963302747,False
2026-04-08,603130.SH,40.11,32.81,0.1001097092704333,True
2026-04-08,600696.SH,1.49,1.35,0.04929577464788729,False
2026-04-08,600243.SH,3.16,2.86,0.04983388704318942,False
2026-04-08,603889.SH,8.29,6.79,0.09946949602122011,True
2026-04-08,600962.SH,20.27,16.59,0.09983722192078133,True
2026-04-08,002981.SZ,25.64,20.98,0.09995709995709995,True
2026-04-08,603155.SH,17.45,14.27,0.10025220680958385,True
2026-04-08,000561.SZ,10.23,8.37,0.10000000000000006,True
2026-04-08,603082.SH,38.58,31.56,0.10008554319931565,True
2026-04-08,603813.SH,23.95,21.67,0.04997807978956592,False
2026-04-08,603216.SH,34.86,28.52,0.1000315556958031,True
2026-04-08,001314.SZ,43.47,35.57,0.0999493927125506,True
2026-04-08,002919.SZ,22.15,18.13,0.09980139026812312,True
2026-04-08,603266.SH,19.81,16.21,0.09994447529150467,True
2026-04-08,002674.SZ,13.95,11.41,0.10015772870662458,True
2026-04-08,001268.SZ,32.05,26.23,0.09986273164035683,True
2026-04-08,603931.SH,29.22,23.9,0.10015060240963856,True
2026-04-08,605218.SH,18.41,15.07,0.09976105137395458,True
2026-04-08,002669.SZ,13.85,11.33,0.1000794281175536,True
2026-04-08,605288.SH,93.17,76.23,0.09999999999999998,True
2026-04-08,002383.SZ,10.33,8.45,0.10010649627263049,True
2026-04-08,603722.SH,37.29,30.51,0.09999999999999996,True
2026-04-08,002207.SZ,9.2,7.52,0.10047846889952151,True
2026-04-08,000576.SZ,10.0,8.18,0.10011001100110013,True
2026-04-08,603579.SH,21.9,17.92,0.09994977398292308,True
2026-04-08,600990.SH,23.93,19.58,0.09997701677775228,True
2026-04-08,002829.SZ,23.93,19.58,0.09997701677775228,True
2026-04-08,603135.SH,11.04,9.04,0.09960159362549802,True
2026-04-08,001306.SZ,72.26,59.12,0.10001522301720207,True
2026-04-08,605086.SH,37.54,30.72,0.0999121007910929,True
2026-04-08,002918.SZ,12.07,9.87,0.10027347310847773,True
2026-04-08,600560.SH,15.72,12.86,0.10006997900629816,True
2026-04-08,000795.SZ,9.63,7.88,0.09994288977727017,True
2026-04-08,002297.SZ,11.8,9.66,0.09972041006523767,True
2026-04-08,002813.SZ,26.27,21.49,0.10008375209380237,True
2026-04-08,603416.SH,51.93,42.49,0.09997881804702391,True
2026-04-08,001360.SZ,22.58,18.48,0.09985387238188012,True
2026-04-08,603125.SH,18.92,15.48,0.10000000000000002,True
2026-04-09,000004.SZ,3.71,3.35,0.05099150141643057,False
2026-04-09,000638.SZ,1.09,0.99,0.04807692307692312,False
2026-04-09,603130.SH,42.23,34.55,0.10002604845011721,True
2026-04-09,600703.SH,13.65,11.17,0.09991941982272362,True
2026-04-09,603171.SH,57.42,46.98,0.10000000000000005,True
2026-04-09,000681.SZ,23.18,18.96,0.10014238253440909,True
2026-04-09,000503.SZ,8.81,7.21,0.09987515605493137,True
2026-04-09,600696.SH,1.46,1.32,0.050359712230215785,False
2026-04-09,000016.SZ,3.59,2.93,0.10122699386503063,True
2026-04-09,001225.SZ,54.76,44.8,0.10004017677782243,True
2026-04-09,605288.SH,95.9,78.46,0.10002294104152334,True
2026-04-09,600476.SH,11.91,9.75,0.0997229916897507,True
2026-04-09,002383.SZ,10.74,8.78,0.10040983606557381,True
2026-04-09,002558.SZ,38.04,31.12,0.10005783689994215,True
2026-04-09,002943.SZ,51.39,42.05,0.09995719178082196,True
2026-04-09,603918.SH,15.37,12.57,0.1002147458840372,True
2026-04-09,603232.SH,22.08,18.06,0.10014947683109117,True
2026-04-09,003009.SZ,63.5,51.96,0.0999480339511519,True
2026-04-09,002044.SZ,6.19,5.07,0.0994671403197158,True
2026-04-09,600850.SH,22.8,18.66,0.09985528219971057,True
2026-04-09,603179.SH,74.06,60.6,0.09995544333877916,True
2026-04-09,603119.SH,82.89,67.82,0.09999336474022964,True
2026-04-09,603011.SH,23.62,19.32,0.10013972985561251,True
2026-04-09,603008.SH,13.57,11.11,0.09967585089141008,True
2026-04-09,002829.SZ,25.18,20.6,0.10004368719965047,True
2026-04-09,002657.SZ,24.99,20.45,0.09991197183098591,True
2026-04-09,002354.SZ,6.46,5.28,0.10051107325383302,True
2026-04-09,002151.SZ,42.12,34.46,0.10002611647949852,True
2026-04-09,000561.SZ,10.74,8.78,0.10040983606557381,True
2026-04-09,603108.SH,14.42,11.8,0.09992372234935161,True
2026-04-09,002163.SZ,14.37,11.75,0.10030627871362938,True
2026-04-09,002474.SZ,8.67,7.09,0.100253807106599,True
2026-04-09,603155.SH,17.77,14.54,0.09996904982977407,True
2026-04-09,600962.SH,21.02,17.2,0.09994767137624282,True
2026-04-09,600734.SH,4.31,3.53,0.09948979591836732,True
2026-04-09,002465.SZ,16.6,13.58,0.1000662690523526,True
2026-04-09,600880.SH,5.48,4.48,0.1004016064257028,True
2026-04-09,002855.SZ,13.2,10.8,0.09999999999999994,True
2026-04-09,002123.SZ,11.23,9.19,0.09990205680705194,True
2026-04-09,600855.SH,19.11,15.63,0.10017271157167526,True
2026-04-10,000004.SZ,3.52,3.18,0.050746268656716394,False
2026-04-10,603130.SH,42.03,34.39,0.09997382884061765,True
2026-04-10,000638.SZ,1.04,0.94,0.05050505050505055,False
2026-04-10,002383.SZ,10.56,8.64,0.09999999999999998,True
2026-04-10,003009.SZ,62.79,51.37,0.10003503854239665,True
2026-04-10,000016.SZ,3.47,2.84,0.09984152139461178,True
2026-04-10,000561.SZ,10.64,8.7,0.10031023784901764,True
2026-04-10,002465.SZ,16.39,13.41,0.1,True
2026-04-10,603171.SH,55.85,45.69,0.10005909001378771,True
2026-04-10,000681.SZ,22.41,18.33,0.10014727540500742,True
2026-04-10,600855.SH,18.91,15.47,0.10005817335660265,True
2026-04-10,600696.SH,1.39,1.25,0.053030303030303,False
2026-04-10,002943.SZ,51.07,41.79,0.09993538660348913,True
2026-04-10,600703.SH,13.02,10.66,0.09966216216216214,True
2026-04-10,002151.SZ,41.51,33.97,0.09989401165871754,True
2026-04-10,002829.SZ,24.53,20.07,0.10000000000000002,True
2026-04-10,605288.SH,92.53,75.71,0.09997622444127441,True
2026-04-10,002446.SZ,10.91,8.93,0.09979838709677422,True
2026-04-10,002413.SZ,14.82,12.12,0.10022271714922054,True
2026-04-10,603011.SH,23.18,18.96,0.10014238253440909,True
2026-04-10,603179.SH,72.26,59.12,0.10001522301720207,True
2026-04-10,603232.SH,21.48,17.58,0.09984639016897086,True
2026-04-10,600481.SH,7.1,5.81,0.09992254066615028,True
2026-04-10,002474.SZ,8.38,6.86,0.09973753280839896,True
2026-04-10,601929.SH,3.28,2.68,0.10067114093959725,True
2026-04-10,600961.SH,19.86,16.25,0.09997230684021045,True
2026-04-10,600879.SH,23.72,19.4,0.10018552875695734,True
2026-04-10,600734.SH,4.15,3.39,0.10079575596816978,True
2026-04-10,603155.SH,17.47,14.29,0.10012594458438287,True
2026-04-10,002354.SZ,6.25,5.11,0.10035211267605632,True
2026-04-10,001208.SZ,21.11,17.27,0.10005211047420533,True
2026-04-10,002163.SZ,14.06,11.5,0.10015649452269172,True
2026-04-10,000576.SZ,10.23,8.37,0.10000000000000006,True
2026-04-10,603119.SH,81.52,66.7,0.09998650654432596,True
2026-04-10,002297.SZ,12.23,10.01,0.0998201438848921,True
2026-04-10,002115.SZ,13.49,11.03,0.10032626427406202,True
2026-04-10,601212.SH,8.94,7.32,0.09963099630996307,True
2026-04-10,600476.SH,11.44,9.36,0.10000000000000002,True
2026-04-10,002194.SZ,11.77,9.63,0.09999999999999995,True
2026-04-10,603931.SH,30.06,24.6,0.09989023051591653,True
2026-04-13,603130.SH,42.31,34.61,0.10010400416016645,True
2026-04-13,000004.SZ,3.34,3.02,0.05031446540880501,False
2026-04-13,603171.SH,55.98,45.8,0.1000196502259776,True
2026-04-13,000638.SZ,0.99,0.89,0.05319148936170212,False
2026-04-13,603179.SH,71.84,58.78,0.09998468840912572,True
2026-04-13,002927.SZ,19.62,16.06,0.0997757847533633,True
2026-04-13,002517.SZ,22.21,18.17,0.10004952947003465,True
2026-04-13,605288.SH,93.21,76.27,0.09995279679018172,True
2026-04-13,603232.SH,21.87,17.89,0.10010060362173039,True
2026-04-13,603011.SH,23.33,19.09,0.09995285242809991,True
2026-04-13,002542.SZ,2.67,2.19,0.09876543209876544,True
2026-04-13,001208.SZ,20.88,17.08,0.10010537407797686,True
2026-04-13,603216.SH,36.99,30.27,0.09991079393398754,True
2026-04-13,002383.SZ,10.56,8.64,0.09999999999999998,True
2026-04-13,600696.SH,1.32,1.2,0.04761904761904766,False
2026-04-13,002885.SZ,27.29,22.33,0.0999596936719065,True
2026-04-13,002446.SZ,10.85,8.87,0.10040567951318462,True
2026-04-13,002919.SZ,22.32,18.26,0.10004928536224739,True
2026-04-13,000555.SZ,16.52,13.52,0.09986684420772304,True
2026-04-13,002151.SZ,41.57,34.01,0.1000264620269913,True
2026-04-13,002861.SZ,17.51,14.33,0.09987437185929651,True
2026-04-13,002912.SZ,30.07,24.61,0.09985369422092175,True
2026-04-13,002413.SZ,14.54,11.9,0.09984871406959149,True
2026-04-13,002558.SZ,38.02,31.1,0.10011574074074076,True
2026-04-13,002174.SZ,10.79,8.83,0.09989806320081546,True
2026-04-13,600879.SH,23.46,19.2,0.09985935302391002,True
2026-04-13,603610.SH,17.61,14.41,0.09993753903810118,True
2026-04-13,603040.SH,91.3,74.7,0.09999999999999996,True
2026-04-13,603931.SH,30.31,24.8,0.0999818544728724,True
2026-04-13,000576.SZ,10.38,8.5,0.0995762711864407,True
2026-04-13,002829.SZ,24.67,20.19,0.09986625055728936,True
2026-04-13,002881.SZ,42.39,34.69,0.09989621172807477,True
2026-04-13,002296.SZ,12.74,10.42,0.10017271157167532,True
2026-04-13,600363.SH,57.3,46.88,0.10001919754271447,True
2026-04-13,002270.SZ,31.02,25.38,0.10000000000000002,True
2026-04-13,002194.SZ,11.74,9.6,0.10028116213683226,True
2026-04-13,002354.SZ,6.26,5.12,0.10017574692442881,True
2026-04-13,002017.SZ,21.71,17.77,0.09979736575481259,True
2026-04-13,002871.SZ,18.77,15.35,0.10023446658851114,True
2026-04-13,000997.SZ,22.2,18.16,0.10009910802775022,True
2026-04-14,603130.SH,41.65,34.07,0.10010565240359216,True
2026-04-14,603822.SH,94.4,85.41,0.049997219287025246,False
2026-04-14,000004.SZ,3.3,2.98,0.050955414012738835,False
2026-04-14,600193.SH,3.58,3.24,0.04985337243401757,False
2026-04-14,002517.SZ,19.99,16.35,0.10016510731975775,True
2026-04-14,002861.SZ,17.72,14.5,0.09993792675356918,True
2026-04-14,600696.SH,1.26,1.14,0.050000000000000044,False
2026-04-14,603011.SH,23.25,19.03,0.09981078524124878,True
2026-04-14,605288.SH,90.56,74.1,0.09996356127778458,True
2026-04-14,603610.SH,17.47,14.29,0.10012594458438287,True
2026-04-14,603232.SH,21.75,17.79,0.10015174506828531,True
2026-04-14,600962.SH,21.22,17.36,0.10005184033177811,True
2026-04-14,002542.SZ,2.6,2.12,0.10169491525423727,True
2026-04-14,002270.SZ,30.1,24.62,0.10014619883040937,True
2026-04-14,600476.SH,12.19,9.97,0.10018050541516241,True
2026-04-14,603008.SH,13.54,11.08,0.09991876523151906,True
2026-04-14,600703.SH,13.7,11.21,0.09995985547972695,True
2026-04-14,002180.SZ,18.44,15.08,0.1002386634844869,True
2026-04-14,603312.SH,43.96,35.96,0.10010010010010009,True
2026-04-14,600421.SH,6.63,5.99,0.050713153724247194,False
2026-04-14,603179.SH,68.18,55.78,0.10003226847370124,True
2026-04-14,605086.SH,37.13,30.38,0.09998518737964751,True
2026-04-14,000555.SZ,16.59,13.57,0.10013262599469494,True
2026-04-14,600481.SH,7.17,5.87,0.09969325153374232,True
2026-04-14,603216.SH,34.23,28.01,0.09993573264781484,True
2026-04-14,002881.SZ,42.35,34.65,0.10000000000000003,True
2026-04-14,000576.SZ,10.54,8.62,0.1002087682672234,True
2026-04-14,002474.SZ,8.42,6.89,0.09993468321358592,True
2026-04-14,002194.SZ,11.66,9.54,0.10000000000000005,True
2026-04-14,603931.SH,30.21,24.71,0.10014566642388929,True
2026-04-14,605218.SH,20.03,16.39,0.099945085118067,True
2026-04-14,002174.SZ,10.57,8.65,0.09989594172736732,True
2026-04-14,002845.SZ,15.3,12.52,0.0999281092739037,True
2026-04-14,603189.SH,18.79,15.37,0.10011709601873538,True
2026-04-14,002919.SZ,21.76,17.8,0.1001011122345804,True
2026-04-14,603322.SH,35.07,28.69,0.10006273525721453,True
2026-04-14,001376.SZ,17.75,14.53,0.09975216852540274,True
2026-04-14,002865.SZ,80.4,65.78,0.100013681762211,True
2026-04-14,002766.SZ,5.37,4.39,0.10040983606557381,True
2026-04-14,002123.SZ,11.02,9.02,0.0998003992015968,True
2026-04-15,603130.SH,41.53,33.98,0.09998675672096417,True
2026-04-15,000016.SZ,3.59,2.93,0.10122699386503063,True
2026-04-15,002861.SZ,17.55,14.36,0.09996866186148547,True
2026-04-15,000004.SZ,3.47,3.14,0.04992435703479577,False
2026-04-15,603011.SH,23.54,19.26,0.09999999999999995,True
2026-04-15,002855.SZ,13.01,10.65,0.0997464074387151,True
2026-04-15,000681.SZ,22.81,18.67,0.09980713596914167,True
2026-04-15,002474.SZ,8.45,6.91,0.10026041666666662,True
2026-04-15,601212.SH,8.84,7.24,0.09950248756218905,True
2026-04-15,605288.SH,92.04,75.3,0.10003585514521339,True
2026-04-15,600481.SH,7.04,5.76,0.10000000000000002,True
2026-04-15,002383.SZ,10.74,8.78,0.10040983606557381,True
2026-04-15,002354.SZ,6.25,5.11,0.10035211267605632,True
2026-04-15,600193.SH,3.4,3.08,0.049382716049382686,False
2026-04-15,002123.SZ,11.08,9.06,0.10029791459781527,True
2026-04-15,600962.SH,20.92,17.12,0.09989484752891693,True
2026-04-15,603188.SH,5.5,4.5,0.1,True
2026-04-15,600391.SH,44.57,36.47,0.09995064165844031,True
2026-04-15,000969.SZ,23.23,19.01,0.099905303030303,True
2026-04-15,600734.SH,4.18,3.42,0.09999999999999998,True
2026-04-15,603822.SH,92.09,83.32,0.049997149535374326,False
2026-04-15,002517.SZ,19.6,16.04,0.09988776655443328,True
2026-04-15,603501.SH,104.13,85.19,0.10004225649693639,True
2026-04-15,002712.SZ,5.71,4.67,0.10019267822736032,True
2026-04-15,002017.SZ,21.12,17.28,0.09999999999999998,True
2026-04-15,002324.SZ,17.08,13.98,0.09980682549903407,True
2026-04-15,002195.SZ,10.07,8.24,0.09994538503549971,True
2026-04-15,002265.SZ,24.99,20.45,0.09991197183098591,True
2026-04-15,002657.SZ,24.78,20.28,0.09986684420772303,True
2026-04-15,601929.SH,3.3,2.7,0.09999999999999994,True
2026-04-15,600703.SH,13.44,11.0,0.09983633387888706,True
2026-04-15,002766.SZ,5.35,4.37,0.10082304526748967,True
2026-04-15,002414.SZ,15.09,12.35,0.09985422740524783,True
2026-04-15,603931.SH,30.76,25.16,0.1001430615164521,True
2026-04-15,600141.SH,35.92,29.39,0.09998468840912572,True
2026-04-15,001376.SZ,17.78,14.54,0.10024752475247531,True
2026-04-15,603610.SH,17.61,14.41,0.09993753903810118,True
2026-04-15,002174.SZ,10.57,8.65,0.09989594172736732,True
2026-04-15,002296.SZ,12.64,10.34,0.10008703220191474,True
2026-04-15,000576.SZ,10.76,8.8,0.10020449897750505,True
2026-04-16,603130.SH,40.84,33.42,0.09991920280096958,True
2026-04-16,603822.SH,90.28,81.68,0.05001163061177014,False
2026-04-16,000004.SZ,3.64,3.3,0.04899135446685884,False
2026-04-16,600193.SH,3.24,2.94,0.0485436893203884,False
2026-04-16,600421.SH,6.17,5.59,0.04931972789115647,False
2026-04-16,600696.SH,1.13,1.03,0.04629629629629623,False
2026-04-16,000576.SZ,10.66,8.72,0.10010319917440656,True
2026-04-16,605288.SH,91.25,74.66,0.0999939726357664,True
2026-04-16,600962.SH,20.47,16.75,0.09994626544868347,True
2026-04-16,600310.SH,4.87,3.99,0.09932279909706546,True
2026-04-16,002652.SZ,5.17,4.23,0.09999999999999995,True
2026-04-16,002861.SZ,17.27,14.13,0.09999999999999996,True
2026-04-16,603610.SH,17.11,14.0,0.09996785599485694,True
2026-04-16,605218.SH,20.04,16.4,0.0998902305159166,True
2026-04-16,603312.SH,45.38,37.13,0.09998788025693854,True
2026-04-16,600391.SH,43.78,35.82,0.10000000000000002,True
2026-04-16,001266.SZ,36.32,29.72,0.0999394306480921,True
2026-04-16,002121.SZ,8.53,6.98,0.09993552546744029,True
2026-04-16,600703.SH,13.35,10.93,0.09967051070840197,True
2026-04-16,002268.SZ,19.03,15.57,0.10000000000000002,True
2026-04-16,600636.SH,7.09,6.41,0.05037037037037035,False
2026-04-16,002845.SZ,15.16,12.4,0.10014513788098692,True
2026-04-16,002766.SZ,5.24,4.28,0.10084033613445378,True
2026-04-16,001388.SZ,43.4,35.51,0.09998732733493855,True
2026-04-16,603011.SH,23.45,19.19,0.09990619136960596,True
2026-04-16,002542.SZ,2.3,1.88,0.10047846889952151,True
2026-04-16,002474.SZ,8.25,6.75,0.1,True
2026-04-16,002485.SZ,5.15,4.66,0.04994903160040776,False
2026-04-16,600029.SH,6.34,5.18,0.10069444444444446,True
2026-04-16,600481.SH,6.91,5.65,0.1003184713375796,True
2026-04-16,600831.SH,3.92,3.2,0.10112359550561795,True
2026-04-16,000818.SZ,15.86,12.98,0.09986130374479886,True
2026-04-16,603189.SH,18.47,15.11,0.10005955926146515,True
2026-04-16,600860.SH,13.04,10.67,0.09995782370307883,True
2026-04-16,603188.SH,5.35,4.37,0.10082304526748967,True
2026-04-16,002426.SZ,4.07,3.33,0.10000000000000002,True
2026-04-16,600592.SH,22.1,18.08,0.10004977600796423,True
2026-04-16,002254.SZ,11.07,9.05,0.10039761431411529,True
2026-04-16,002207.SZ,8.42,6.89,0.09993468321358592,True
2026-04-16,603501.SH,101.54,83.08,0.09998916693749327,True
2026-04-17,603822.SH,89.62,81.08,0.05002929115407151,False
2026-04-17,600734.SH,4.17,3.41,0.10026385224274403,True
2026-04-17,600421.SH,6.01,5.43,0.05069930069930071,False
2026-04-17,603189.SH,18.63,15.25,0.0997638724911452,True
2026-04-17,603188.SH,5.48,4.48,0.1004016064257028,True
2026-04-17,601089.SH,25.49,20.85,0.10012947777298223,True
2026-04-17,600193.SH,3.26,2.95,0.049919484702093335,False
2026-04-17,600141.SH,35.72,29.22,0.10009239297813366,True
2026-04-17,000004.SZ,3.82,3.46,0.049450549450549434,False
2026-04-17,002474.SZ,8.42,6.89,0.09993468321358592,True
2026-04-17,600696.SH,1.08,0.98,0.04854368932038839,False
2026-04-17,000818.SZ,16.5,13.5,0.1,True
2026-04-17,000016.SZ,3.62,2.96,0.10030395136778117,True
2026-04-17,002919.SZ,22.3,18.24,0.1001480019733597,True
2026-04-17,600547.SH,43.18,35.33,0.09998726276907403,True
2026-04-17,002652.SZ,5.35,4.37,0.10082304526748967,True
2026-04-17,600636.SH,6.73,6.09,0.04992199687987524,False
2026-04-17,603232.SH,22.86,18.7,0.10009624639076034,True
2026-04-17,002861.SZ,17.49,14.31,0.09999999999999995,True
2026-04-17,002493.SZ,13.35,10.93,0.09967051070840197,True
2026-04-17,000503.SZ,8.51,6.97,0.09948320413436693,True
2026-04-17,002855.SZ,13.0,10.64,0.09983079526226732,True
2026-04-17,002659.SZ,5.76,4.72,0.09923664122137404,True
2026-04-17,002658.SZ,9.38,7.68,0.09964830011723334,True
2026-04-17,600192.SH,9.32,7.62,0.10035419126328217,True
2026-04-17,002207.SZ,8.27,6.77,0.0997340425531915,True
2026-04-17,605288.SH,93.09,76.17,0.09996455157745482,True
2026-04-17,001388.SZ,43.91,35.93,0.09994989979959916,True
2026-04-17,600029.SH,6.34,5.18,0.10069444444444446,True
2026-04-17,600831.SH,3.93,3.21,0.1008403361344538,True
2026-04-17,002517.SZ,20.32,16.62,0.10016242555495397,True
2026-04-17,000048.SZ,16.93,13.85,0.10006497725795971,True
2026-04-17,002485.SZ,5.12,4.64,0.04918032786885251,False
2026-04-17,605577.SH,14.07,11.51,0.10007818608287727,True
2026-04-17,002777.SZ,18.33,14.99,0.10024009603841531,True
2026-04-17,002301.SZ,7.6,6.22,0.09985528219971056,True
2026-04-17,002174.SZ,10.69,8.75,0.09979423868312756,True
2026-04-17,002558.SZ,36.6,29.94,0.10009017132551848,True
2026-04-17,001386.SZ,21.65,17.71,0.1001016260162601,True
2026-04-17,002766.SZ,5.38,4.4,0.10020449897750505,True
2026-04-20,600193.SH,3.1,2.8,0.05084745762711869,False
2026-04-20,000004.SZ,3.95,3.57,0.050531914893617066,False
2026-04-20,603189.SH,16.78,13.73,0.09996722386102919,True
2026-04-20,603822.SH,88.65,80.21,0.0499822338031506,False
2026-04-20,600421.SH,5.7,5.16,0.04972375690607735,False
2026-04-20,601089.SH,24.63,20.15,0.10004466279589103,True
2026-04-20,600734.SH,3.75,3.07,0.09970674486803521,True
2026-04-20,603205.SH,28.38,23.22,0.10000000000000002,True
2026-04-20,002474.SZ,8.25,6.75,0.1,True
2026-04-20,600636.SH,6.39,5.79,0.04926108374384234,False
2026-04-20,600624.SH,4.78,4.32,0.050549450549450536,False
2026-04-20,603188.SH,5.29,4.33,0.09979209979209978,True
2026-04-20,002485.SZ,5.12,4.64,0.04918032786885251,False
2026-04-20,603636.SH,10.26,8.4,0.09967845659163985,True
2026-04-20,600446.SH,14.04,11.48,0.1003134796238244,True
2026-04-20,603825.SH,8.66,7.84,0.04969696969696971,False
2026-04-20,002919.SZ,21.87,17.89,0.10010060362173039,True
2026-04-20,600141.SH,34.82,28.49,0.09998420470699734,True
2026-04-20,002095.SZ,18.32,14.99,0.0999699789852897,True
2026-04-20,002301.SZ,7.46,6.1,0.10029498525073749,True
2026-04-20,600547.SH,42.28,34.6,0.09989594172736732,True
2026-04-20,002238.SZ,8.05,6.59,0.09972677595628421,True
2026-04-20,001388.SZ,43.52,35.6,0.1001011122345804,True
2026-04-20,000526.SZ,34.99,28.63,0.09996856334486015,True
2026-04-20,605218.SH,20.53,16.79,0.10021436227224013,True
2026-04-20,600831.SH,3.85,3.15,0.10000000000000002,True
2026-04-20,600718.SH,9.91,8.11,0.09988901220865709,True
2026-04-20,001236.SZ,10.24,8.38,0.0998925886143931,True
2026-04-20,600053.SH,16.85,13.79,0.099869451697128,True
2026-04-20,603100.SH,21.89,17.91,0.10000000000000002,True
2026-04-20,000818.SZ,16.42,13.44,0.09979906229068997,True
2026-04-20,001380.SZ,22.03,18.03,0.09985022466300549,True
2026-04-20,605183.SH,21.26,17.4,0.09984480082772901,True
2026-04-20,600732.SH,17.58,14.38,0.10012515644555686,True
2026-04-20,002987.SZ,18.33,14.99,0.10024009603841531,True
2026-04-20,603589.SH,27.2,22.26,0.0998786898503841,True
2026-04-20,603258.SH,19.77,16.17,0.10016694490818025,True
2026-04-20,603262.SH,28.4,23.24,0.09992254066615028,True
2026-04-20,603535.SH,9.09,7.43,0.10048426150121066,True
2026-04-20,603610.SH,17.33,14.18,0.09996826404316086,True
2026-04-21,600193.SH,2.94,2.66,0.04999999999999997,False
2026-04-21,600734.SH,3.38,2.76,0.10097719869706842,True
2026-04-21,603822.SH,91.08,82.4,0.05003458611943735,False
2026-04-21,000004.SZ,3.75,3.39,0.05042016806722687,False
2026-04-21,601089.SH,24.48,20.03,0.09997753313862051,True
2026-04-21,603636.SH,10.23,8.37,0.10000000000000006,True
2026-04-21,002987.SZ,18.29,14.97,0.0998196031268791,True
2026-04-21,002474.SZ,8.24,6.74,0.10013351134846461,True
2026-04-21,603188.SH,5.37,4.39,0.10040983606557381,True
2026-04-21,603106.SH,10.04,8.22,0.0996714129244249,True
2026-04-21,603205.SH,28.55,23.36,0.09998073588903875,True
2026-04-21,603589.SH,27.06,22.14,0.09999999999999995,True
2026-04-21,603927.SH,18.62,15.24,0.09982279976373304,True
2026-04-21,002908.SZ,10.1,8.26,0.10021786492374728,True
2026-04-21,002238.SZ,8.04,6.58,0.09986320109439119,True
2026-04-21,603100.SH,21.69,17.75,0.0998985801217039,True
2026-04-21,600728.SH,6.22,5.09,0.09991158267020336,True
2026-04-21,002095.SZ,18.34,15.0,0.10017996400719854,True
2026-04-21,600197.SH,13.12,10.74,0.09974853310980716,True
2026-04-21,000503.SZ,8.35,6.83,0.10013175230566532,True
2026-04-21,600624.SH,4.73,4.28,0.04994450610432853,False
2026-04-21,002045.SZ,13.05,10.67,0.10033726812816193,True
2026-04-21,605398.SH,30.24,24.74,0.1000363768643143,True
2026-04-21,002268.SZ,18.57,15.19,0.10011848341232231,True
2026-04-21,603258.SH,19.48,15.94,0.09994353472614344,True
2026-04-21,600446.SH,13.73,11.23,0.1001602564102564,True
2026-04-21,600081.SH,12.06,9.86,0.10036496350364968,True
2026-04-21,002646.SZ,8.77,7.17,0.1003764115432873,True
2026-04-21,000501.SZ,9.31,7.61,0.10047281323877069,True
2026-04-21,000058.SZ,8.81,7.21,0.09987515605493137,True
2026-04-21,600909.SH,6.26,5.12,0.10017574692442881,True
2026-04-21,001356.SZ,12.3,10.06,0.10017889087656531,True
2026-04-21,600816.SH,2.79,2.29,0.09842519685039369,True
2026-04-21,000860.SZ,14.17,11.59,0.1001552795031056,True
2026-04-21,600830.SH,9.72,7.96,0.09954751131221723,True
2026-04-21,002855.SZ,12.98,10.62,0.10000000000000005,True
2026-04-21,600612.SH,45.4,37.14,0.10007269202810758,True
2026-04-21,600053.SH,16.59,13.57,0.10013262599469494,True
2026-04-21,002139.SZ,13.6,11.12,0.10032362459546927,True
2026-04-21,601238.SH,7.93,6.49,0.09986130374479886,True
2026-04-22,600193.SH,2.79,2.53,0.04887218045112786,False
2026-04-22,603205.SH,28.63,23.43,0.09988474836726852,True
2026-04-22,603170.SH,14.6,11.94,0.10022607385079127,True
2026-04-22,000536.SZ,4.63,3.79,0.09976247030878858,True
2026-04-22,603188.SH,5.37,4.39,0.10040983606557381,True
2026-04-22,000004.SZ,3.56,3.22,0.05014749262536871,False
2026-04-22,603519.SH,15.59,12.75,0.10021171489061396,True
2026-04-22,002191.SZ,3.96,3.24,0.09999999999999996,True
2026-04-22,601089.SH,24.32,19.9,0.09995477159656269,True
2026-04-22,600421.SH,5.83,5.27,0.0504504504504505,False
2026-04-22,001356.SZ,12.06,9.86,0.10036496350364968,True
2026-04-22,002535.SZ,3.8,3.11,0.09985528219971056,True
2026-04-22,603376.SH,37.03,30.29,0.1001188354129531,True
2026-04-22,603258.SH,19.31,15.8,0.09997151808601533,True
2026-04-22,605577.SH,13.98,11.44,0.09992132179386314,True
2026-04-22,603201.SH,18.24,14.92,0.10012062726176112,True
2026-04-22,603004.SH,23.75,19.43,0.10004631773969432,True
2026-04-22,603189.SH,15.62,12.78,0.1,True
2026-04-22,002690.SZ,19.95,16.33,0.09977949283351711,True
2026-04-22,001390.SZ,23.9,19.56,0.09986194201564658,True
2026-04-22,603070.SH,16.75,13.71,0.09980302035456333,True
2026-04-22,603065.SH,9.05,7.41,0.09963547995139736,True
2026-04-22,603107.SH,15.62,12.78,0.1,True
2026-04-22,002485.SZ,5.19,4.69,0.05060728744939271,False
2026-04-22,600579.SH,8.71,7.13,0.0997474747474748,True
2026-04-22,002238.SZ,7.91,6.47,0.1001390820584145,True
2026-04-22,601949.SH,6.96,5.7,0.09952606635071089,True
2026-04-22,600081.SH,11.9,9.74,0.09981515711645102,True
2026-04-22,600523.SH,15.59,12.75,0.10021171489061396,True
2026-04-22,600620.SH,6.72,5.5,0.09983633387888706,True
2026-04-22,000403.SZ,14.16,11.58,0.10023310023310023,True
2026-04-22,605339.SH,17.58,14.38,0.10012515644555686,True
2026-04-22,000860.SZ,14.08,11.52,0.10000000000000002,True
2026-04-22,603215.SH,20.85,17.06,0.09997362173568987,True
2026-04-22,600560.SH,16.01,13.1,0.09996564754379945,True
2026-04-22,000501.SZ,9.23,7.55,0.10011918951132304,True
2026-04-22,603210.SH,18.26,14.94,0.10000000000000005,True
2026-04-22,603801.SH,9.96,8.15,0.09994478188845944,True
2026-04-22,001387.SZ,14.76,12.08,0.0998509687034277,True
2026-04-22,605277.SH,26.51,21.69,0.1,True
2026-04-23,600193.SH,2.66,2.4,0.05138339920948621,False
2026-04-23,600421.SH,5.53,5.01,0.04933586337760915,False
2026-04-23,000536.SZ,4.6,3.76,0.10047846889952151,True
2026-04-23,000004.SZ,3.38,3.06,0.049689440993788796,False
2026-04-23,002861.SZ,17.36,14.2,0.10012674271229405,True
2026-04-23,003033.SZ,63.36,51.84,0.09999999999999996,True
2026-04-23,002855.SZ,12.85,10.51,0.10017123287671233,True
2026-04-23,603272.SH,24.54,20.08,0.09995517705064996,True
2026-04-23,002577.SZ,17.2,14.08,0.09974424552429664,True
2026-04-23,002045.SZ,12.71,10.4,0.0999567286888793,True
2026-04-23,002681.SZ,5.75,4.71,0.09942638623326959,True
2026-04-23,603205.SH,28.34,23.18,0.1001552795031056,True
2026-04-23,603188.SH,5.28,4.32,0.09999999999999998,True
2026-04-23,001266.SZ,36.15,29.57,0.10012172854534386,True
2026-04-23,600992.SH,13.2,10.8,0.09999999999999994,True
2026-04-23,001388.SZ,42.97,35.15,0.10010240655401946,True
2026-04-23,603070.SH,16.54,13.54,0.0997340425531915,True
2026-04-23,603528.SH,8.92,7.3,0.09987669543773121,True
2026-04-23,002652.SZ,5.3,4.34,0.0995850622406639,True
2026-04-23,601089.SH,24.7,20.21,0.09997773324426629,True
2026-04-23,605577.SH,13.79,11.29,0.09968102073365231,True
2026-04-23,603065.SH,8.93,7.31,0.0997536945812808,True
2026-04-23,603100.SH,21.59,17.67,0.09984717269485475,True
2026-04-23,000576.SZ,10.69,8.75,0.09979423868312756,True
2026-04-23,002268.SZ,18.06,14.78,0.09987819732034103,True
2026-04-23,002981.SZ,26.96,22.06,0.09995920032639743,True
2026-04-23,603201.SH,18.04,14.76,0.09999999999999999,True
2026-04-23,603376.SH,36.58,29.93,0.09998496466696737,True
2026-04-23,002896.SZ,79.5,65.04,0.10004151100041506,True
2026-04-23,600745.SH,32.1,26.26,0.10006854009595613,True
2026-04-23,603035.SH,14.86,12.16,0.09992598075499627,True
2026-04-23,003021.SZ,110.75,90.61,0.10001986491855383,True
2026-04-23,002026.SZ,14.42,11.8,0.09992372234935161,True
2026-04-23,603230.SH,12.19,9.97,0.10018050541516241,True
2026-04-23,603004.SH,23.55,19.27,0.09995329285380666,True
2026-04-23,600579.SH,8.62,7.06,0.09948979591836732,True
2026-04-23,002520.SZ,6.09,4.99,0.09927797833935015,True
2026-04-23,603341.SH,42.12,34.46,0.10002611647949852,True
2026-04-23,002453.SZ,5.48,4.48,0.1004016064257028,True
2026-04-23,603072.SH,40.69,33.29,0.10002703433360367,True
2026-04-24,600193.SH,2.52,2.28,0.050000000000000044,False
2026-04-24,000576.SZ,10.42,8.52,0.10031678986272442,True
2026-04-24,600421.SH,5.26,4.76,0.0499001996007984,False
2026-04-24,000536.SZ,4.5,3.68,0.1002444987775061,True
2026-04-24,000561.SZ,10.65,8.71,0.1002066115702479,True
2026-04-24,603341.SH,41.24,33.74,0.10002667377967457,True
2026-04-24,000004.SZ,3.21,2.91,0.049019607843137226,False
2026-04-24,002861.SZ,16.86,13.8,0.09980430528375729,True
2026-04-24,003021.SZ,107.29,87.79,0.09995899118310436,True
2026-04-24,002190.SZ,34.21,27.99,0.10000000000000003,True
2026-04-24,603712.SH,18.06,14.78,0.09987819732034103,True
2026-04-24,600765.SH,18.13,14.83,0.10012135922330094,True
2026-04-24,002045.SZ,12.41,10.15,0.10017730496453899,True
2026-04-24,603100.SH,21.22,17.36,0.10005184033177811,True
2026-04-24,002006.SZ,19.42,15.89,0.09997167941093177,True
2026-04-24,603809.SH,11.91,9.75,0.0997229916897507,True
2026-04-24,003033.SZ,61.72,50.5,0.0999821778649082,True
2026-04-24,603626.SH,25.19,20.61,0.10000000000000005,True
2026-04-24,603822.SH,89.97,81.41,0.04994748512078424,False
2026-04-24,002389.SZ,24.17,19.77,0.10013654984069191,True
2026-04-24,002347.SZ,8.83,7.23,0.09962640099626398,True
2026-04-24,603657.SH,28.62,23.42,0.09992313604919291,True
2026-04-24,001266.SZ,35.29,28.87,0.10006234413965084,True
2026-04-24,000738.SZ,23.6,19.31,0.09997669540899565,True
2026-04-24,002265.SZ,24.88,20.36,0.09991158267020336,True
2026-04-24,601608.SH,6.8,5.56,0.10032362459546927,True
2026-04-24,600862.SH,23.68,19.38,0.09986065954482119,True
2026-04-24,000768.SZ,26.71,21.85,0.10008237232289949,True
2026-04-24,002174.SZ,10.42,8.52,0.10031678986272442,True
2026-04-24,002017.SZ,20.85,17.06,0.09997362173568987,True
2026-04-24,600990.SH,26.09,21.35,0.0999156829679595,True
2026-04-24,605488.SH,36.59,29.93,0.10012026458208062,True
2026-04-24,603011.SH,23.96,19.6,0.10009182736455462,True
2026-04-24,600745.SH,31.19,25.52,0.09998236642567451,True
2026-04-24,600592.SH,21.8,17.84,0.09989909182643796,True
2026-04-24,603667.SH,75.13,61.47,0.09999999999999998,True
2026-04-24,603786.SH,59.19,48.43,0.09998141609366286,True
2026-04-24,000678.SZ,13.34,10.92,0.09975267930750206,True
2026-04-24,601606.SH,42.83,35.05,0.09989727786337958,True
2026-04-24,002456.SZ,10.09,8.25,0.10032715376226826,True
2026-04-27,600193.SH,2.39,2.17,0.04824561403508776,False
2026-04-27,600421.SH,5.0,4.52,0.05042016806722694,False
2026-04-27,000004.SZ,3.06,2.76,0.051546391752577365,False
2026-04-27,600765.SH,17.73,14.51,0.09987593052109182,True
2026-04-27,000801.SZ,15.32,12.54,0.09978463747307972,True
2026-04-27,002532.SZ,19.78,16.18,0.10011123470522806,True
2026-04-27,000561.SZ,10.43,8.53,0.10021097046413503,True
2026-04-27,603822.SH,87.5,79.16,0.05004200168006723,False
2026-04-27,000536.SZ,4.31,3.53,0.09948979591836732,True
2026-04-27,600862.SH,23.03,18.85,0.09980897803247372,True
2026-04-27,605488.SH,36.12,29.56,0.09987819732034103,True
2026-04-27,601608.SH,6.68,5.46,0.10049423393739701,True
2026-04-27,603035.SH,14.72,12.04,0.10014947683109124,True
2026-04-27,002792.SZ,50.18,41.06,0.09995615957913193,True
2026-04-27,600592.SH,21.56,17.64,0.09999999999999995,True
2026-04-27,603230.SH,11.92,9.76,0.09963099630996311,True
2026-04-27,002928.SZ,9.36,7.66,0.09988249118683898,True
2026-04-27,002190.SZ,33.62,27.5,0.10013089005235598,True
2026-04-27,002276.SZ,15.17,12.41,0.10007251631617113,True
2026-04-27,603885.SH,13.02,10.66,0.09966216216216214,True
2026-04-27,002808.SZ,3.64,3.3,0.04899135446685884,False
2026-04-27,000768.SZ,26.16,21.4,0.10008410428931878,True
2026-04-27,603100.SH,20.65,16.89,0.10015982951518375,True
2026-04-27,600764.SH,26.39,21.59,0.1000416840350146,True
2026-04-27,000678.SZ,12.91,10.57,0.09965928449744463,True
2026-04-27,000923.SZ,20.33,16.63,0.1001082251082251,True
2026-04-27,002139.SZ,13.09,10.71,0.09999999999999995,True
2026-04-27,002123.SZ,10.93,8.95,0.0995975855130785,True
2026-04-27,002206.SZ,6.8,5.56,0.10032362459546927,True
2026-04-27,002485.SZ,5.04,4.56,0.050000000000000044,False
2026-04-27,002901.SZ,46.22,37.82,0.09995240361732508,True
2026-04-27,000738.SZ,23.06,18.86,0.10019083969465646,True
2026-04-27,002892.SZ,12.05,9.86,0.09995435874030129,True
2026-04-27,603337.SH,42.11,34.45,0.10005224660397069,True
2026-04-27,000887.SZ,19.91,16.29,0.10000000000000002,True
2026-04-27,001388.SZ,41.22,33.72,0.100080064051241,True
2026-04-27,000099.SZ,19.46,15.92,0.10005652911249295,True
2026-04-27,603358.SH,38.96,31.88,0.09994353472614344,True
2026-04-27,002182.SZ,17.71,14.49,0.1,True
2026-04-27,002915.SZ,22.87,18.71,0.10004810004810005,True
2026-04-28,002036.SZ,9.96,8.15,0.09994478188845944,True
2026-04-28,600421.SH,4.75,4.29,0.05088495575221239,False
2026-04-28,000801.SZ,15.15,12.39,0.10021786492374728,True
2026-04-28,603011.SH,23.29,19.05,0.10014170996693429,True
2026-04-28,603358.SH,37.18,30.42,0.09999999999999998,True
2026-04-28,000576.SZ,10.46,8.56,0.09989484752891693,True
2026-04-28,600577.SH,13.86,11.34,0.09999999999999999,True
2026-04-28,002456.SZ,9.79,8.01,0.09999999999999998,True
2026-04-28,601137.SH,22.33,18.27,0.09999999999999998,True
2026-04-28,002792.SZ,49.56,40.55,0.09998890245255804,True
2026-04-28,603341.SH,42.06,34.42,0.09989539748953975,True
2026-04-28,003021.SZ,110.2,90.16,0.1000199640646836,True
2026-04-28,000561.SZ,10.42,8.52,0.10031678986272442,True
2026-04-28,002808.SZ,3.47,3.14,0.04992435703479577,False
2026-04-28,002928.SZ,9.01,7.37,0.10012210012210011,True
2026-04-28,000536.SZ,4.35,3.56,0.09987357774968389,True
2026-04-28,605580.SH,24.27,19.85,0.10018132366273794,True
2026-04-28,600765.SH,17.57,14.37,0.10018785222291801,True
2026-04-28,002413.SZ,14.54,11.9,0.09984871406959149,True
2026-04-28,603809.SH,11.95,9.77,0.1003683241252302,True
2026-04-28,600053.SH,13.97,11.43,0.10000000000000005,True
2026-04-28,002190.SZ,33.73,27.59,0.10013046314416174,True
2026-04-28,603822.SH,86.38,78.16,0.04995745715327579,False
2026-04-28,002405.SZ,9.96,8.15,0.09994478188845944,True
2026-04-28,003033.SZ,62.19,50.89,0.09992925362575165,True
2026-04-28,002681.SZ,5.69,4.65,0.10058027079303676,True
2026-04-28,002829.SZ,24.49,20.03,0.1001796945193171,True
2026-04-28,002182.SZ,17.45,14.27,0.10025220680958385,True
2026-04-28,603712.SH,17.82,14.58,0.1,True
2026-04-28,000738.SZ,22.94,18.77,0.09997602493406861,True
2026-04-28,605488.SH,35.96,29.42,0.10003059039461608,True
2026-04-28,002347.SZ,8.77,7.17,0.1003764115432873,True
2026-04-28,601515.SH,5.1,4.18,0.09913793103448276,True
2026-04-28,600745.SH,31.53,25.79,0.10013956734124219,True
2026-04-28,603667.SH,73.36,60.02,0.10001499475183684,True
2026-04-28,002123.SZ,10.77,8.81,0.10010214504596524,True
2026-04-28,002735.SZ,16.35,13.37,0.10026917900403776,True
2026-04-28,002698.SZ,15.21,12.45,0.09978308026030375,True
2026-04-28,603306.SH,103.18,84.42,0.10000000000000002,True
2026-04-28,603598.SH,22.55,18.45,0.10000000000000003,True
2026-04-29,600421.SH,4.5,4.08,0.048951048951048945,False
2026-04-29,000576.SZ,10.24,8.38,0.0998925886143931,True
2026-04-29,605277.SH,25.78,21.1,0.09982935153583616,True
2026-04-29,002808.SZ,3.3,2.98,0.050955414012738835,False
2026-04-29,605580.SH,23.74,19.42,0.10009267840593135,True
2026-04-29,002456.SZ,9.52,7.79,0.09994222992489889,True
2026-04-29,002449.SZ,8.71,7.13,0.0997474747474748,True
2026-04-29,000801.SZ,14.29,11.69,0.10007698229407236,True
2026-04-29,000536.SZ,4.37,3.57,0.10075566750629728,True
2026-04-29,002036.SZ,8.97,7.34,0.09993868792152058,True
2026-04-29,601608.SH,6.61,5.41,0.09983361064891849,True
2026-04-29,002892.SZ,11.35,9.29,0.09980620155038762,True
2026-04-29,600636.SH,4.99,4.51,0.05052631578947373,False
2026-04-29,603011.SH,22.64,18.52,0.10009718172983482,True
2026-04-29,000561.SZ,10.15,8.31,0.09967497291440952,True
2026-04-29,603341.SH,40.29,32.97,0.09991809991809994,True
2026-04-29,603997.SH,13.81,11.3,0.09996017522899242,True
2026-04-29,002870.SZ,39.77,32.54,0.09998617065412811,True
2026-04-29,605218.SH,19.51,15.97,0.09977452085682076,True
2026-04-29,601137.SH,20.1,16.44,0.10016420361247946,True
2026-04-29,600288.SH,16.18,13.24,0.09993201903467026,True
2026-04-29,600765.SH,17.08,13.98,0.09980682549903407,True
2026-04-29,002765.SZ,11.17,9.14,0.09995076317085176,True
2026-04-29,603015.SH,12.91,10.57,0.09965928449744463,True
2026-04-29,605123.SH,107.38,87.86,0.099979512395001,True
2026-04-29,002190.SZ,31.97,26.15,0.10013764624913972,True
2026-04-29,601089.SH,22.7,18.58,0.09980620155038762,True
2026-04-29,002698.SZ,14.1,11.54,0.09984399375975041,True
2026-04-29,001388.SZ,40.05,32.77,0.09997253501785217,True
2026-04-29,603324.SH,28.25,23.11,0.1000778816199377,True
2026-04-29,605258.SH,39.42,32.26,0.0998883928571429,True
2026-04-29,600523.SH,14.87,12.17,0.09985207100591714,True
2026-04-29,603201.SH,17.55,14.36,0.09996866186148547,True
2026-04-29,600038.SH,34.85,28.51,0.10006313131313131,True
2026-04-29,002735.SZ,15.71,12.85,0.100140056022409,True
2026-04-29,603712.SH,17.11,14.0,0.09996785599485694,True
2026-04-29,001229.SZ,40.68,33.28,0.1000540832882639,True
2026-04-29,002085.SZ,15.15,12.39,0.10021786492374728,True
2026-04-29,600071.SH,22.25,18.21,0.09985170538803755,True
2026-04-29,000972.SZ,3.95,3.57,0.050531914893617066,False
2026-04-30,000576.SZ,10.3,8.42,0.10042735042735047,True
2026-04-30,605277.SH,25.19,20.61,0.10000000000000005,True
2026-04-30,000536.SZ,4.39,3.59,0.10025062656641602,True
2026-04-30,002808.SZ,3.13,2.83,0.05033557046979863,False
2026-04-30,603822.SH,85.08,76.98,0.04998148833765269,False
2026-04-30,605218.SH,19.39,15.87,0.09982983550765745,True
2026-04-30,000050.SZ,9.0,7.36,0.1002444987775061,True
2026-04-30,000801.SZ,14.22,11.64,0.09976798143851509,True
2026-04-30,605258.SH,38.98,31.9,0.09988713318284423,True
2026-04-30,002456.SZ,9.6,7.86,0.0996563573883161,True
2026-04-30,002036.SZ,8.69,7.11,0.09999999999999995,True
2026-04-30,600237.SH,10.01,8.19,0.10000000000000002,True
2026-04-30,600363.SH,56.65,46.35,0.09999999999999998,True
2026-04-30,000823.SZ,16.71,13.67,0.10006583278472682,True
2026-04-30,603997.SH,13.38,10.94,0.1003289473684211,True
2026-04-30,603759.SH,10.25,8.39,0.09978540772532185,True
2026-04-30,600992.SH,13.23,10.83,0.09975062344139651,True
2026-04-30,600038.SH,34.88,28.54,0.09996846420687486,True
2026-04-30,605259.SH,23.1,18.9,0.10000000000000006,True
2026-04-30,000532.SZ,13.97,11.43,0.10000000000000005,True
2026-04-30,000625.SZ,10.66,8.72,0.10010319917440656,True
2026-04-30,000768.SZ,25.85,21.15,0.10000000000000006,True
2026-04-30,002816.SZ,25.13,22.73,0.050146259924780584,False
2026-04-30,601609.SH,11.43,9.35,0.10009624639076034,True
2026-04-30,002011.SZ,13.05,10.67,0.10033726812816193,True
2026-04-30,605580.SH,23.43,19.17,0.09999999999999995,True
2026-04-30,002085.SZ,15.07,12.33,0.10000000000000002,True
2026-04-30,002915.SZ,20.58,16.84,0.09994655264564399,True
2026-04-30,002928.SZ,8.82,7.22,0.09975062344139654,True
2026-04-30,000733.SZ,47.89,39.19,0.09990813045475429,True
2026-04-30,603192.SH,26.1,21.36,0.09987357774968399,True
2026-04-30,600728.SH,6.11,5.0,0.09990999099909995,True
2026-04-30,002698.SZ,14.12,11.56,0.09968847352024918,True
2026-04-30,603004.SH,23.08,18.88,0.10009532888465204,True
2026-04-30,600764.SH,26.4,21.6,0.09999999999999994,True
2026-04-30,603358.SH,35.82,29.3,0.1001228501228501,True
2026-04-30,002171.SZ,12.56,10.28,0.09982486865148867,True
2026-04-30,002243.SZ,9.49,7.77,0.09965237543453076,True
2026-04-30,002845.SZ,15.14,12.38,0.10029069767441859,True
2026-04-30,603713.SH,63.72,52.14,0.09994821336095286,True
2026-05-11,002652.SZ,7.23,5.91,0.10045662100456623,True
2026-05-11,002456.SZ,9.86,8.06,0.1004464285714285,True
2026-05-12,002456.SZ,9.9,8.1,0.10000000000000003,True
2026-05-12,002652.SZ,7.11,5.81,0.10061919504643968,True
2026-05-12,000576.SZ,9.91,8.11,0.09988901220865709,True
2026-05-12,002992.SZ,55.14,45.12,0.09994015559545187,True
2026-05-12,603519.SH,15.97,13.07,0.09986225895316805,True
2026-05-12,000536.SZ,4.49,3.67,0.1004901960784314,True
2026-05-12,003015.SZ,16.3,13.34,0.09986504723346831,True
2026-05-13,002652.SZ,6.95,5.69,0.09968354430379744,True
2026-05-13,002992.SZ,54.45,44.55,0.10000000000000006,True
2026-05-13,603519.SH,15.93,13.03,0.10013812154696133,True
2026-05-14,002992.SZ,54.22,44.36,0.10002028809089064,True
2026-05-14,002652.SZ,6.86,5.62,0.09935897435897437,True
2026-05-14,002456.SZ,10.04,8.22,0.0996714129244249,True
2026-05-14,603519.SH,15.93,13.03,0.10013812154696133,True
2026-05-14,603065.SH,8.98,7.34,0.1004901960784314,True
2026-05-14,000576.SZ,9.77,7.99,0.1002252252252252,True
2026-05-14,603310.SH,17.78,14.54,0.10024752475247531,True
2026-05-14,002846.SZ,16.47,13.47,0.10020040080160315,True
2026-05-14,603230.SH,11.75,9.61,0.10018726591760302,True
2026-05-14,002073.SZ,7.17,5.87,0.09969325153374232,True
2026-05-14,003015.SZ,16.21,13.27,0.0997286295793759,True
2026-05-14,001283.SZ,81.31,66.53,0.09997294372294373,True
2026-05-14,000707.SZ,6.4,5.24,0.09965635738831616,True
2026-05-14,603035.SH,14.45,11.83,0.09969558599695583,True
2026-05-14,000536.SZ,4.47,3.65,0.10098522167487683,True
2026-05-14,600579.SH,8.38,6.86,0.09973753280839896,True
2026-05-14,605378.SH,20.83,17.05,0.09978880675818369,True
2026-05-14,000532.SZ,13.56,11.1,0.09975669099756694,True
2026-05-14,002055.SZ,6.34,5.74,0.0496688741721854,False
2026-05-14,603170.SH,14.21,11.63,0.09984520123839008,True
2026-05-14,601238.SH,7.5,6.14,0.09970674486803521,True
2026-05-14,601089.SH,22.76,18.62,0.10004833252779122,True
2026-05-14,001395.SZ,42.68,34.92,0.09999999999999998,True
2026-05-14,603205.SH,28.31,23.17,0.09984459984459979,True
2026-05-14,603379.SH,67.43,55.17,0.10000000000000003,True
2026-05-14,002882.SZ,29.4,24.06,0.09988776655443322,True
2026-05-14,605258.SH,42.27,34.59,0.09992193598750973,True
2026-05-14,600478.SH,7.81,6.39,0.1,True
2026-05-14,000521.SZ,6.27,5.13,0.09999999999999998,True
2026-05-14,601011.SH,3.31,2.71,0.09966777408637877,True
2026-05-14,605277.SH,26.95,22.05,0.09999999999999998,True
2026-05-14,002662.SZ,4.18,3.42,0.09999999999999998,True
2026-05-14,603987.SH,9.01,7.37,0.10012210012210011,True
2026-05-14,600582.SH,6.17,5.05,0.09982174688057042,True
2026-05-14,600255.SH,4.05,3.31,0.10054347826086954,True
2026-05-14,603659.SH,36.62,29.96,0.10003003905076595,True
2026-05-14,600916.SH,9.79,8.01,0.09999999999999998,True
2026-05-14,603004.SH,23.24,19.02,0.09985802176999524,True
2026-05-14,002592.SZ,8.27,7.49,0.04949238578680199,False
2026-05-14,002122.SZ,3.06,2.76,0.051546391752577365,False
2026-05-15,603519.SH,14.93,12.21,0.10022107590272655,True
2026-05-15,002992.SZ,53.48,43.76,0.09995886466474702,True
2026-05-15,002456.SZ,9.77,7.99,0.1002252252252252,True
2026-05-15,000536.SZ,4.4,3.6,0.10000000000000003,True
2026-05-15,000576.SZ,9.57,7.83,0.10000000000000002,True
2026-05-15,603124.SH,137.59,112.57,0.10001598976654945,True
2026-05-15,605258.SH,40.92,33.48,0.10000000000000006,True
2026-05-15,605277.SH,26.13,21.38,0.09997895179962113,True
2026-05-15,002652.SZ,6.81,5.57,0.10016155088852984,True
2026-05-15,600237.SH,9.97,8.15,0.10044150110375277,True
2026-05-15,002846.SZ,15.62,12.78,0.1,True
2026-05-15,600579.SH,8.16,6.68,0.09973045822102429,True
2026-05-15,603230.SH,11.55,9.45,0.10000000000000006,True
2026-05-15,603065.SH,8.89,7.27,0.10024752475247531,True
2026-05-15,002055.SZ,6.15,5.57,0.04948805460750853,False
2026-05-15,000532.SZ,13.33,10.91,0.09983498349834982,True
2026-05-15,600255.SH,3.94,3.22,0.10055865921787706,True
2026-05-15,000707.SZ,6.31,5.17,0.09930313588850172,True
2026-05-15,002073.SZ,6.93,5.67,0.09999999999999999,True
2026-05-15,003015.SZ,16.04,13.12,0.10013717421124829,True
2026-05-15,600916.SH,9.57,7.83,0.10000000000000002,True
2026-05-15,603205.SH,28.2,23.08,0.09984399375975041,True
2026-05-15,000521.SZ,6.17,5.05,0.09982174688057042,True
2026-05-15,605378.SH,20.23,16.55,0.10005437737901032,True
2026-05-15,601238.SH,7.34,6.0,0.10044977511244377,True
2026-05-15,603170.SH,14.05,11.49,0.10023492560689118,True
2026-05-15,601089.SH,22.31,18.25,0.10009861932938852,True
2026-05-15,000541.SZ,6.03,4.93,0.10036496350364968,True
2026-05-15,000548.SZ,5.64,4.62,0.09941520467836254,True
2026-05-15,000049.SZ,30.24,24.74,0.1000363768643143,True
2026-05-15,001395.SZ,42.14,34.48,0.09997389715478991,True
2026-05-15,603177.SH,12.8,10.48,0.09965635738831616,True
2026-05-15,603633.SH,8.97,7.34,0.09993868792152058,True
2026-05-15,600478.SH,7.55,6.17,0.10058309037900874,True
2026-05-15,605580.SH,24.64,20.16,0.10000000000000002,True
2026-05-15,603987.SH,8.87,7.25,0.10049627791563272,True
2026-05-15,603271.SH,53.77,43.99,0.10004091653027825,True
2026-05-15,600582.SH,6.06,4.96,0.09981851179673318,True
2026-05-15,603035.SH,14.19,11.61,0.10000000000000002,True
2026-05-15,002578.SZ,4.43,3.63,0.09925558312655086,True
2026-05-18,603519.SH,14.7,12.02,0.10029940119760479,True
2026-05-18,603124.SH,131.51,107.6,0.09999581782443226,True
2026-05-18,002992.SZ,52.88,43.26,0.10006240898689416,True
2026-05-18,000576.SZ,9.35,7.65,0.09999999999999996,True
2026-05-18,605277.SH,25.7,21.02,0.10017123287671233,True
2026-05-18,002846.SZ,15.63,12.79,0.09992962702322314,True
2026-05-18,600579.SH,8.11,6.63,0.1004070556309362,True
2026-05-18,603065.SH,8.9,7.28,0.10012360939431397,True
2026-05-18,002456.SZ,9.63,7.88,0.09994288977727017,True
2026-05-18,003015.SZ,16.01,13.1,0.09996564754379945,True
2026-05-18,000536.SZ,4.3,3.52,0.09974424552429664,True
2026-05-18,000521.SZ,6.16,5.04,0.10000000000000002,True
2026-05-18,600237.SH,9.74,7.97,0.09994353472614344,True
2026-05-18,000707.SZ,6.26,5.12,0.10017574692442881,True
2026-05-18,603230.SH,11.47,9.39,0.09971236816874401,True
2026-05-18,002073.SZ,6.83,5.59,0.09983896940418681,True
2026-05-18,603170.SH,13.96,11.42,0.1000788022064618,True
2026-05-18,603011.SH,23.17,18.95,0.1001899335232669,True
2026-05-18,002652.SZ,6.8,5.56,0.10032362459546927,True
2026-05-18,605580.SH,23.73,19.41,0.10013908205841447,True
2026-05-18,605258.SH,39.71,32.49,0.09999999999999998,True
2026-05-18,601515.SH,5.13,4.19,0.10085836909871239,True
2026-05-18,601238.SH,7.26,5.94,0.09999999999999996,True
2026-05-18,001323.SZ,26.13,21.38,0.09997895179962113,True
2026-05-18,603035.SH,14.47,11.84,0.09996199163816041,True
2026-05-18,001395.SZ,42.53,34.79,0.10010346611484743,True
2026-05-18,605378.SH,20.16,16.5,0.09983633387888709,True
2026-05-18,002882.SZ,28.53,23.35,0.09984579799537394,True
2026-05-18,000541.SZ,5.91,4.83,0.1005586592178771,True
2026-05-18,600916.SH,9.21,7.53,0.10035842293906812,True
2026-05-18,002125.SZ,15.8,12.92,0.10027855153203345,True
2026-05-18,603271.SH,52.34,42.82,0.10004203446826401,True
2026-05-18,603205.SH,28.03,22.93,0.10007849293563582,True
2026-05-18,600582.SH,6.06,4.96,0.09981851179673318,True
2026-05-18,002913.SZ,57.08,46.7,0.10001927153594137,True
2026-05-18,600478.SH,7.52,6.16,0.09941520467836254,True
2026-05-18,603987.SH,8.71,7.13,0.0997474747474748,True
2026-05-18,002790.SZ,7.91,6.47,0.1001390820584145,True
2026-05-18,002141.SZ,3.92,3.2,0.10112359550561795,True
2026-05-18,603201.SH,17.49,14.31,0.09999999999999995,True
2026-05-19,603519.SH,14.62,11.96,0.10007524454477044,True
2026-05-19,603124.SH,132.11,108.09,0.10000000000000003,True
2026-05-19,000576.SZ,9.24,7.56,0.10000000000000003,True
2026-05-19,002992.SZ,52.36,42.84,0.09999999999999995,True
2026-05-19,002846.SZ,15.46,12.65,0.09996442547136253,True
2026-05-19,601515.SH,4.98,4.08,0.0993377483443709,True
2026-05-19,600579.SH,7.96,6.52,0.09944751381215472,True
2026-05-19,002652.SZ,7.01,5.73,0.10047095761381471,True
2026-05-20,000576.SZ,9.3,7.61,0.09994086339444118,True
2026-05-20,603519.SH,14.88,12.18,0.09977827050997785,True
2026-05-20,002456.SZ,9.8,8.02,0.09988776655443328,True
2026-05-20,605277.SH,26.08,21.34,0.09995782370307883,True
2026-05-20,000536.SZ,4.39,3.59,0.10025062656641602,True
2026-05-20,603124.SH,132.67,108.55,0.09999170881353119,True
2026-05-20,601515.SH,4.95,4.05,0.10000000000000003,True
2026-05-20,002992.SZ,53.31,43.61,0.10008254230293027,True
2026-05-20,600579.SH,7.99,6.53,0.10055096418732783,True
2026-05-20,002846.SZ,15.32,12.54,0.09978463747307972,True
2026-05-20,000823.SZ,17.55,14.36,0.09996866186148547,True
2026-05-20,605580.SH,24.01,19.65,0.0998625744388457,True
2026-05-20,603011.SH,22.88,18.72,0.10000000000000002,True
2026-05-20,003015.SZ,15.98,13.08,0.09979353062629044,True
2026-05-20,001323.SZ,25.58,20.93,0.09997849924747364,True
2026-05-20,603230.SH,11.62,9.5,0.10037878787878786,True
2026-05-20,000707.SZ,6.17,5.05,0.09982174688057042,True
2026-05-21,000576.SZ,9.1,7.44,0.10036275695284155,True
2026-05-21,603519.SH,14.87,12.17,0.09985207100591714,True
2026-05-21,605277.SH,25.71,21.03,0.10012836970474967,True
2026-05-21,603124.SH,135.83,111.13,0.10001619695497253,True
2026-05-21,000823.SZ,17.42,14.26,0.0997474747474748,True
2026-05-21,605258.SH,40.67,33.27,0.10008114687584527,True
2026-05-21,605580.SH,23.2,18.98,0.10004741583688949,True
2026-05-21,601515.SH,4.8,3.92,0.10091743119266056,True
2026-05-21,002992.SZ,54.07,44.24,0.09998982809480214,True
2026-05-21,002456.SZ,9.48,7.76,0.0997679814385151,True
2026-05-21,603011.SH,22.13,18.11,0.09990059642147117,True
2026-05-21,600579.SH,7.85,6.43,0.09943977591036414,True
2026-05-21,002846.SZ,15.26,12.48,0.10021629416005765,True
2026-05-21,002171.SZ,12.4,10.14,0.1002661934338953,True
2026-05-21,002725.SZ,18.38,15.04,0.09994015559545182,True
2026-05-21,603230.SH,11.35,9.29,0.09980620155038762,True
2026-05-21,002426.SZ,4.04,3.3,0.10081743869209812,True
2026-05-21,603065.SH,9.06,7.42,0.09951456310679614,True
2026-05-21,002073.SZ,6.67,5.45,0.10066006600660063,True
2026-05-21,002652.SZ,6.97,5.71,0.09936908517350156,True
2026-05-21,000707.SZ,5.98,4.9,0.09926470588235294,True
2026-05-21,002660.SZ,9.64,7.88,0.10045662100456625,True
2026-05-21,603633.SH,8.79,7.19,0.10012515644555686,True
2026-05-21,601369.SH,10.02,8.2,0.0998902305159166,True
2026-05-21,002369.SZ,7.82,6.4,0.09985935302390998,True
2026-05-21,600876.SH,9.82,8.04,0.09966405375139985,True
2026-05-21,001387.SZ,15.61,12.77,0.10007047216349542,True
2026-05-21,001323.SZ,24.82,20.3,0.10017730496453899,True
2026-05-21,002855.SZ,13.39,10.95,0.10024650780608058,True
2026-05-21,003015.SZ,15.6,12.76,0.1001410437235543,True
2026-05-21,601011.SH,3.19,2.61,0.10000000000000002,True
2026-05-21,600916.SH,9.12,7.46,0.10012062726176112,True
2026-05-21,002790.SZ,7.69,6.29,0.1001430615164521,True
2026-05-21,001395.SZ,41.65,34.07,0.10010565240359216,True
2026-05-21,002455.SZ,10.63,8.69,0.10041407867494831,True
2026-05-21,003009.SZ,64.88,53.08,0.10003390979993217,True
2026-05-21,603035.SH,13.99,11.45,0.09984276729559753,True
2026-05-21,600516.SH,5.81,4.75,0.10037878787878786,True
2026-05-21,001367.SZ,25.55,20.91,0.0998708566508825,True
2026-05-21,002296.SZ,12.46,10.2,0.09973521624007067,True
2026-05-22,000576.SZ,8.9,7.28,0.10012360939431397,True
2026-05-22,603519.SH,14.6,11.94,0.10022607385079127,True
2026-05-22,002992.SZ,51.7,42.3,0.10000000000000006,True
2026-05-25,000576.SZ,9.02,7.38,0.09999999999999999,True
2026-05-25,603519.SH,14.71,12.03,0.10022438294689609,True
2026-05-25,002992.SZ,51.91,42.47,0.10002119093028182,True
2026-05-26,603519.SH,14.38,11.76,0.10022953328232598,True
2026-05-26,000576.SZ,8.89,7.27,0.10024752475247531,True
2026-05-26,002992.SZ,50.74,41.52,0.0999349663993063,True
2026-05-26,001387.SZ,15.21,12.45,0.09978308026030375,True
2026-05-26,003015.SZ,15.24,12.47,0.09996391194514614,True
2026-05-27,603519.SH,14.3,11.7,0.10000000000000006,True
2026-05-27,000576.SZ,8.66,7.08,0.10038119440914867,True
2026-05-27,001387.SZ,14.87,12.17,0.09985207100591714,True
2026-05-27,002652.SZ,6.68,5.46,0.10049423393739701,True
2026-05-27,002992.SZ,48.95,40.05,0.10000000000000006,True
2026-05-27,003015.SZ,14.72,12.04,0.10014947683109124,True
2026-05-27,002559.SZ,11.51,9.41,0.10038240917782024,True
2026-05-27,605277.SH,25.05,20.49,0.1001317523056654,True
2026-05-27,600579.SH,7.43,6.08,0.09992598075499627,True
2026-05-27,002660.SZ,9.04,7.4,0.09975669099756684,True
2026-05-27,600243.SH,3.92,3.54,0.050938337801608564,False
2026-05-27,603929.SH,181.62,148.6,0.09999394343165165,True
2026-05-27,002248.SZ,12.65,10.35,0.10000000000000003,True
2026-05-27,601515.SH,4.66,3.82,0.09905660377358494,True
2026-05-27,002426.SZ,3.96,3.24,0.09999999999999996,True
2026-05-27,603065.SH,8.69,7.11,0.09999999999999995,True
2026-05-27,603135.SH,12.05,9.86,0.09995435874030129,True
2026-05-27,002846.SZ,14.44,11.82,0.09977151561309974,True
2026-05-27,001277.SZ,37.19,30.43,0.09997042295178937,True
2026-05-27,002073.SZ,6.48,5.3,0.10016977928692704,True
2026-05-27,603035.SH,13.71,11.21,0.10032102728731941,True
2026-05-27,603230.SH,11.04,9.04,0.09960159362549802,True
2026-05-27,605365.SH,19.86,16.25,0.09997230684021045,True
2026-05-27,603004.SH,22.39,18.32,0.09997543601080816,True
2026-05-27,002725.SZ,16.98,13.9,0.09974093264248704,True
2026-05-27,001395.SZ,40.25,32.93,0.1000273298715496,True
2026-05-28,603519.SH,13.9,11.38,0.09968354430379744,True
2026-05-28,000576.SZ,8.44,6.9,0.10039113428943931,True
2026-05-28,002992.SZ,49.81,40.75,0.10004416961130744,True
2026-05-28,001387.SZ,13.93,11.39,0.1003159557661927,True
2026-05-29,603519.SH,13.75,11.25,0.1,True
2026-05-29,000576.SZ,8.51,6.97,0.09948320413436693,True
2026-05-29,002652.SZ,6.46,5.28,0.10051107325383302,True
2026-05-29,603690.SH,30.46,24.92,0.10003611412062115,True
2026-05-29,001387.SZ,14.05,11.49,0.10023492560689118,True
2026-05-29,003015.SZ,14.5,11.86,0.10015174506828531,True
2026-05-29,002992.SZ,48.49,39.67,0.1000453720508167,True
2026-05-29,603929.SH,176.12,144.1,0.09999375429392295,True
2026-05-29,603416.SH,63.57,52.01,0.10001730403183944,True
2026-05-29,603219.SH,18.41,15.07,0.09976105137395458,True
2026-05-29,002559.SZ,11.59,9.49,0.09962049335863377,True
2026-05-29,600579.SH,7.36,6.02,0.10014947683109124,True
2026-05-29,603266.SH,21.62,17.69,0.09997456118036122,True
2026-05-29,605365.SH,19.18,15.7,0.09977064220183489,True
2026-05-29,002660.SZ,8.9,7.28,0.10012360939431397,True
2026-05-29,603065.SH,8.55,6.99,0.10038610038610041,True
2026-05-29,001306.SZ,73.45,60.09,0.10004493035794516,True
2026-05-29,603004.SH,21.56,17.64,0.09999999999999995,True
2026-05-29,002248.SZ,11.9,9.74,0.09981515711645102,True
2026-05-29,002426.SZ,3.91,3.2,0.09985935302390998,True
2026-05-29,603035.SH,13.4,10.96,0.10016420361247946,True
2026-05-29,603135.SH,11.54,9.44,0.10009532888465204,True
2026-05-29,002073.SZ,6.31,5.17,0.09930313588850172,True
2026-05-29,603215.SH,17.74,14.52,0.09981401115933042,True
2026-05-29,603331.SH,14.39,11.77,0.1001529051987768,True
2026-05-29,000049.SZ,28.92,23.66,0.10003803727653103,True
2026-05-29,601515.SH,4.58,3.74,0.10096153846153844,True
2026-05-29,603275.SH,48.77,39.91,0.0999097880018043,True
2026-05-29,002455.SZ,9.79,8.01,0.09999999999999998,True
2026-05-29,603396.SH,36.61,29.95,0.10006009615384616,True
2026-05-29,002846.SZ,14.18,11.6,0.10007757951900698,True
2026-05-29,002933.SZ,31.55,25.81,0.10006973500697354,True
2026-05-29,002795.SZ,9.01,7.37,0.10012210012210011,True
2026-05-29,603583.SH,28.82,23.58,0.10000000000000005,True
2026-06-01,603519.SH,13.63,11.15,0.1000807102502018,True
2026-06-01,000576.SZ,8.24,6.74,0.10013351134846461,True
2026-06-01,603690.SH,27.41,22.43,0.09991974317817015,True
2026-06-01,002652.SZ,6.17,5.05,0.09982174688057042,True
2026-06-01,603929.SH,166.32,136.08,0.09999999999999995,True
2026-06-01,003015.SZ,13.75,11.25,0.1,True
2026-06-01,002559.SZ,10.76,8.8,0.10020449897750505,True
2026-06-01,002992.SZ,46.2,37.8,0.10000000000000006,True
2026-06-01,603219.SH,17.61,14.41,0.09993753903810118,True
2026-06-01,603416.SH,58.94,48.22,0.10003732736095557,True
2026-06-01,603266.SH,20.41,16.7,0.09997305308542175,True
2026-06-01,600579.SH,7.27,5.95,0.09984871406959149,True
2026-06-01,001387.SZ,13.74,11.24,0.100080064051241,True
2026-06-01,002248.SZ,11.2,9.16,0.10019646365422392,True
2026-06-01,603220.SH,25.67,21.01,0.09982862039417308,True
2026-06-01,605365.SH,18.83,15.41,0.09988317757009342,True
2026-06-01,000049.SZ,27.85,22.79,0.09992101105845186,True
2026-06-01,001306.SZ,68.37,55.94,0.09999195559488382,True
2026-06-01,603135.SH,11.28,9.23,0.09995124329595315,True
2026-06-02,000576.SZ,8.42,6.89,0.09993468321358592,True
2026-06-02,603519.SH,14.06,11.5,0.10015649452269172,True
2026-06-02,002652.SZ,6.05,4.95,0.09999999999999996,True
2026-06-02,003015.SZ,13.81,11.3,0.09996017522899242,True
2026-06-02,603690.SH,26.98,22.08,0.0998777007745618,True
2026-06-02,603929.SH,161.22,131.9,0.1000272925764192,True
2026-06-02,603266.SH,20.66,16.9,0.10010649627263049,True
2026-06-02,001387.SZ,14.29,11.69,0.10007698229407236,True
2026-06-02,600520.SH,33.24,27.2,0.09993381866313704,True
2026-06-02,603416.SH,59.47,48.65,0.1000739918608953,True
2026-06-02,002992.SZ,46.23,37.83,0.09992862241256244,True
2026-06-02,603306.SH,112.63,92.15,0.10000976657876741,True
2026-06-02,600579.SH,7.39,6.05,0.09970238095238095,True
2026-06-02,002453.SZ,6.5,5.32,0.09983079526226732,True
2026-06-02,603219.SH,17.6,14.4,0.10000000000000003,True
2026-06-02,002559.SZ,10.57,8.65,0.09989594172736732,True
2026-06-02,605588.SH,61.88,50.63,0.09999111190116433,True
2026-06-02,002248.SZ,11.25,9.21,0.09970674486803514,True
2026-06-02,605365.SH,19.05,15.59,0.09988452655889148,True
2026-06-02,002073.SZ,6.38,5.22,0.10000000000000002,True
2026-06-02,001306.SZ,69.21,56.63,0.09996821360457717,True
2026-06-02,001373.SZ,41.88,34.26,0.10007880220646184,True
2026-06-02,603215.SH,17.86,14.62,0.0997536945812808,True
2026-06-02,603160.SH,62.74,51.34,0.099929873772791,True
2026-06-02,601616.SH,4.73,3.87,0.10000000000000002,True
2026-06-02,603004.SH,21.27,17.41,0.0997931747673216,True
2026-06-02,603220.SH,25.31,20.71,0.0999565406345067,True
2026-06-02,002983.SZ,25.82,21.12,0.10012782275244993,True
2026-06-02,000049.SZ,28.07,22.97,0.09992163009404392,True
2026-06-02,603583.SH,28.0,22.91,0.0999803574936162,True
2026-06-02,603125.SH,26.65,21.81,0.09987618654560464,True
2026-06-02,603331.SH,13.87,11.35,0.09992069785884218,True
2026-06-02,603065.SH,8.59,7.03,0.09987195902688857,True
2026-06-03,603519.SH,13.93,11.39,0.1003159557661927,True
2026-06-03,000576.SZ,8.28,6.78,0.09960159362549796,True
2026-06-03,002652.SZ,5.76,4.72,0.09923664122137404,True
2026-06-03,003015.SZ,13.6,11.12,0.10032362459546927,True
2026-06-03,603690.SH,27.87,22.81,0.09984214680347282,True
2026-06-03,603929.SH,164.62,134.69,0.09999665898232604,True
2026-06-03,002992.SZ,46.53,38.07,0.10000000000000002,True
2026-06-03,001387.SZ,13.84,11.32,0.10015898251192368,True
2026-06-03,002559.SZ,11.1,9.08,0.10009910802775022,True
2026-06-03,600520.SH,31.88,26.08,0.10006901311249139,True
2026-06-03,002453.SZ,6.27,5.13,0.09999999999999998,True
2026-06-03,600579.SH,7.27,5.95,0.09984871406959149,True
2026-06-03,000536.SZ,4.21,3.45,0.09921671018276759,True
2026-06-03,605588.SH,59.79,48.92,0.09999080121423969,True
2026-06-03,605365.SH,19.09,15.62,0.09997118985883033,True
2026-06-03,002248.SZ,11.04,9.04,0.09960159362549802,True
2026-06-03,603266.SH,20.13,16.47,0.10000000000000002,True
2026-06-03,603416.SH,60.49,49.49,0.1000181851245681,True
2026-06-03,601616.SH,4.58,3.74,0.10096153846153844,True
2026-06-03,002983.SZ,25.52,20.88,0.10000000000000002,True
2026-06-03,603215.SH,17.72,14.5,0.09993792675356918,True
2026-06-03,001306.SZ,68.09,55.71,0.1,True
2026-06-03,603219.SH,18.08,14.8,0.09975669099756684,True
2026-06-03,600876.SH,9.42,7.7,0.10046728971962615,True
2026-06-04,603519.SH,13.84,11.32,0.10015898251192368,True
2026-06-04,000576.SZ,8.24,6.74,0.10013351134846461,True
2026-06-04,002652.SZ,5.7,4.66,0.1003861003861004,True
2026-06-04,003015.SZ,13.56,11.1,0.09975669099756694,True
2026-06-04,002992.SZ,46.26,37.85,0.09998811080727614,True
2026-06-04,001387.SZ,13.59,11.12,0.09995953055443142,True
2026-06-04,600520.SH,32.34,26.46,0.10000000000000003,True
2026-06-04,002453.SZ,6.25,5.11,0.10035211267605632,True
2026-06-04,002559.SZ,10.7,8.76,0.09969167523124355,True
2026-06-04,603929.SH,165.7,135.58,0.09997344662772165,True
2026-06-04,603306.SH,117.68,96.28,0.10001869508319314,True
2026-06-04,603219.SH,18.43,15.08,0.09997015816174276,True
2026-06-04,605588.SH,58.37,47.75,0.1000753863550697,True
2026-06-04,600579.SH,7.22,5.9,0.10060975609756093,True
2026-06-04,601616.SH,4.54,3.72,0.099273607748184,True
2026-06-04,002248.SZ,10.87,8.89,0.10020242914979752,True
2026-06-04,605365.SH,19.09,15.62,0.09997118985883033,True
2026-06-04,603215.SH,17.47,14.29,0.10012594458438287,True
2026-06-04,002983.SZ,24.99,20.45,0.09991197183098591,True
2026-06-04,603266.SH,20.55,16.81,0.10010706638115636,True
2026-06-04,000049.SZ,27.79,22.73,0.10015835312747425,True
2026-06-04,001306.SZ,66.12,54.1,0.0999833638329729,True
2026-06-04,603220.SH,25.28,20.68,0.10008703220191474,True
2026-06-04,603690.SH,28.22,23.09,0.09998051062171115,True
2026-06-04,002660.SZ,8.46,6.92,0.10013003901170357,True
2026-06-04,601882.SH,22.33,18.27,0.09999999999999998,True
2026-06-04,603583.SH,27.36,22.38,0.10012062726176117,True
2026-06-04,603160.SH,61.6,50.4,0.10000000000000002,True
2026-06-04,603331.SH,13.64,11.16,0.10000000000000002,True
2026-06-04,002073.SZ,6.28,5.14,0.09982486865148867,True
2026-06-04,001373.SZ,40.41,33.07,0.09989112683723458,True
2026-06-05,603519.SH,13.66,11.18,0.09983896940418681,True
2026-06-05,000576.SZ,8.1,6.62,0.10054347826086954,True
2026-06-05,002652.SZ,5.57,4.55,0.10079051383399214,True
2026-06-05,603306.SH,113.99,93.27,0.09997105085399981,True
2026-06-05,003015.SZ,13.5,11.04,0.10024449877750614,True
2026-06-05,002992.SZ,45.6,37.31,0.09998793872874201,True
2026-06-05,603219.SH,17.93,14.67,0.09999999999999999,True
2026-06-05,001387.SZ,13.26,10.85,0.09995852343425965,True
2026-06-05,605365.SH,18.9,15.46,0.10011641443538992,True
2026-06-05,601616.SH,4.43,3.63,0.09925558312655086,True
2026-06-05,002453.SZ,6.17,5.05,0.09982174688057042,True
2026-06-08,603519.SH,13.81,11.3,0.09996017522899242,True
2026-06-08,000576.SZ,8.17,6.69,0.09959623149394345,True
2026-06-08,603306.SH,108.85,89.06,0.09999494719822137,True
2026-06-08,003015.SZ,13.82,11.3,0.1003184713375796,True
2026-06-08,600520.SH,32.65,26.71,0.1000673854447439,True
2026-06-08,002652.SZ,5.53,4.53,0.09940357852882703,True
2026-06-08,605588.SH,57.98,47.44,0.09998102826788086,True
2026-06-08,002992.SZ,46.15,37.76,0.09998808246931237,True
2026-06-08,601908.SH,4.03,3.29,0.10109289617486342,True
2026-06-08,603220.SH,25.05,20.49,0.1001317523056654,True
2026-06-08,600666.SH,5.09,4.17,0.09935205183585312,True
2026-06-08,002453.SZ,6.16,5.04,0.10000000000000002,True
2026-06-08,603690.SH,28.64,23.44,0.0998463901689708,True
2026-06-08,605365.SH,18.65,15.26,0.09997051017398995,True
2026-06-08,603219.SH,17.41,14.25,0.0998104864181933,True
2026-06-08,002922.SZ,41.27,33.77,0.09994669509594882,True
2026-06-08,605258.SH,37.28,30.5,0.10002950722927119,True
2026-06-08,002559.SZ,10.93,8.95,0.0995975855130785,True
2026-06-08,601616.SH,4.4,3.6,0.10000000000000003,True
2026-06-08,002843.SZ,25.2,20.62,0.09995635093845479,True
2026-06-08,605218.SH,18.57,15.19,0.10011848341232231,True
2026-06-08,002199.SZ,13.89,12.57,0.04988662131519275,False
2026-06-08,002866.SZ,21.02,17.2,0.09994767137624282,True
2026-06-08,001387.SZ,13.49,11.03,0.10032626427406202,True
2026-06-08,603266.SH,20.58,16.84,0.09994655264564399,True
2026-06-08,603290.SH,124.5,101.86,0.10001767096660187,True
2026-06-08,601212.SH,6.64,5.44,0.0993377483443708,True
2026-06-08,002248.SZ,11.09,9.07,0.10019841269841268,True
2026-06-08,603160.SH,60.85,49.79,0.09996384671005064,True
2026-06-08,603052.SH,97.57,79.83,0.09999999999999998,True
2026-06-08,603125.SH,26.73,21.87,0.09999999999999999,True
2026-06-08,002950.SZ,10.31,8.43,0.1003201707577375,True
2026-06-08,000818.SZ,15.07,12.33,0.10000000000000002,True
2026-06-08,001298.SZ,23.78,19.46,0.09990749306197964,True
2026-06-08,000049.SZ,26.91,22.01,0.10016353229762875,True
2026-06-08,002795.SZ,8.31,6.8,0.09993381866313704,True
2026-06-08,603283.SH,53.96,44.15,0.09998980735908676,True
2026-06-08,002885.SZ,46.0,37.64,0.09995217599234815,True
2026-06-08,603215.SH,17.22,14.09,0.09996806132226123,True
2026-06-08,600363.SH,39.91,32.65,0.1000551267916207,True
2026-06-09,000576.SZ,7.78,6.36,0.10042432814710041,True
2026-06-09,603519.SH,13.52,11.06,0.10008136696501217,True
2026-06-09,003015.SZ,13.49,11.03,0.10032626427406202,True
2026-06-09,002652.SZ,5.27,4.31,0.1002087682672234,True
2026-06-09,605365.SH,17.91,14.65,0.1001228501228501,True
2026-06-09,603219.SH,17.07,13.97,0.09987113402061855,True
2026-06-09,601616.SH,4.21,3.45,0.09921671018276759,True
2026-06-09,001387.SZ,13.2,10.8,0.09999999999999994,True
2026-06-09,603220.SH,24.2,19.8,0.09999999999999996,True
2026-06-09,600520.SH,31.0,25.36,0.1000709723207949,True
2026-06-09,603266.SH,20.06,16.42,0.09978070175438587,True
2026-06-09,002950.SZ,9.92,8.12,0.09977827050997787,True
2026-06-10,603519.SH,13.71,11.21,0.10032102728731941,True
2026-06-10,000576.SZ,7.83,6.41,0.0997191011235955,True
2026-06-10,003015.SZ,13.66,11.18,0.09983896940418681,True
2026-06-10,000536.SZ,4.39,3.59,0.10025062656641602,True
2026-06-10,600520.SH,32.01,26.19,0.09999999999999994,True
2026-06-10,603219.SH,16.94,13.86,0.10000000000000006,True
2026-06-10,002652.SZ,5.29,4.33,0.09979209979209978,True
2026-06-10,605365.SH,17.57,14.37,0.10018785222291801,True
2026-06-10,002922.SZ,40.37,33.03,0.09999999999999994,True
2026-06-10,601616.SH,4.18,3.42,0.09999999999999998,True
2026-06-10,002992.SZ,48.38,39.58,0.10004547521600732,True
2026-06-10,002559.SZ,11.0,9.0,0.1,True
2026-06-10,603266.SH,19.99,16.35,0.10016510731975775,True
2026-06-10,605588.SH,57.17,46.77,0.10005772561092938,True
2026-06-10,601908.SH,3.86,3.16,0.09971509971509969,True
2026-06-10,001387.SZ,13.18,10.78,0.10016694490818032,True
2026-06-10,002453.SZ,6.03,4.93,0.10036496350364968,True
2026-06-10,002248.SZ,11.06,9.05,0.09995027349577323,True
2026-06-10,600666.SH,5.01,4.1,0.0998902305159166,True
2026-06-10,002866.SZ,19.97,16.34,0.0999724593775819,True
2026-06-10,603052.SH,98.59,80.67,0.0999665290639295,True
2026-06-10,000049.SZ,25.76,21.08,0.09991460290350135,True
2026-06-10,600773.SH,16.43,13.45,0.09973226238286481,True
2026-06-10,003033.SZ,62.55,51.17,0.1000703482237073,True
2026-06-10,603416.SH,64.3,52.61,0.09999144641176973,True
2026-06-10,002795.SZ,8.02,6.56,0.10013717421124829,True
2026-06-10,603215.SH,16.61,13.59,0.09999999999999999,True
2026-06-10,002217.SZ,2.74,2.24,0.1004016064257028,True
2026-06-10,603583.SH,28.15,23.03,0.10003907776475181,True
2026-06-10,600876.SH,9.53,7.79,0.10046189376443414,True
2026-06-10,002389.SZ,20.2,16.52,0.10021786492374728,True
2026-06-10,002950.SZ,9.97,8.15,0.10044150110375277,True
2026-06-10,002270.SZ,21.65,17.71,0.1001016260162601,True
2026-06-10,605255.SH,87.67,71.73,0.09999999999999998,True
2026-06-10,000818.SZ,14.49,11.85,0.10022779043280185,True
2026-06-11,000576.SZ,7.78,6.36,0.10042432814710041,True
2026-06-11,603519.SH,13.46,11.02,0.09967320261437913,True
2026-06-11,000536.SZ,4.1,3.36,0.09919571045576406,True
2026-06-11,003015.SZ,13.81,11.3,0.09996017522899242,True
2026-06-11,603267.SH,75.57,61.83,0.09999999999999998,True
2026-06-11,600520.SH,31.77,25.99,0.10006925207756236,True
2026-06-11,605365.SH,17.36,14.2,0.10012674271229405,True
2026-06-11,603416.SH,61.6,50.4,0.10000000000000002,True
2026-06-11,002992.SZ,46.29,37.87,0.1000475285171103,True
2026-06-11,002922.SZ,37.19,30.43,0.09997042295178937,True
2026-06-11,603219.SH,16.38,13.4,0.10006715916722628,True
2026-06-11,600876.SH,9.42,7.7,0.10046728971962615,True
2026-06-11,601908.SH,3.77,3.09,0.09912536443148691,True
2026-06-11,002652.SZ,5.18,4.24,0.09978768577494687,True
2026-06-11,002217.SZ,2.62,2.14,0.10084033613445378,True
2026-06-11,601616.SH,4.06,3.32,0.10027100271002708,True
2026-06-11,002453.SZ,5.96,4.88,0.09963099630996311,True
2026-06-11,002248.SZ,10.66,8.72,0.10010319917440656,True
2026-06-11,003033.SZ,58.21,47.63,0.09996220710506423,True
2026-06-11,600666.SH,4.97,4.07,0.09955752212389375,True
2026-06-11,002036.SZ,9.21,7.53,0.10035842293906812,True
2026-06-11,603266.SH,19.33,15.81,0.10017074558907221,True
2026-06-11,002449.SZ,8.5,6.96,0.09961190168175937,True
2026-06-11,002866.SZ,19.44,15.9,0.10016977928692701,True
2026-06-11,603583.SH,27.14,22.2,0.10012160518848806,True
2026-06-11,600237.SH,11.77,9.63,0.09999999999999995,True
2026-06-11,001387.SZ,12.95,10.59,0.10025488530161425,True
2026-06-11,603052.SH,93.93,76.85,0.10001171097318194,True
2026-06-11,603501.SH,99.2,81.16,0.10002217786648927,True
2026-06-11,002579.SZ,17.4,14.24,0.09987357774968389,True
2026-06-11,000049.SZ,25.38,20.76,0.10013003901170345,True
2026-06-11,600773.SH,16.34,13.37,0.09996634129922587,True
2026-06-11,002952.SZ,25.52,20.88,0.10000000000000002,True
2026-06-11,002426.SZ,3.89,3.19,0.09887005649717516,True
2026-06-11,605258.SH,37.27,30.49,0.10005903187721375,True
2026-06-11,002843.SZ,24.67,20.19,0.09986625055728936,True
2026-06-11,603220.SH,26.98,22.08,0.0998777007745618,True
2026-06-11,000045.SZ,11.86,9.7,0.10018552875695734,True
2026-06-11,605218.SH,18.68,15.28,0.10011778563015312,True
2026-06-12,603267.SH,73.37,60.03,0.10000000000000002,True
2026-06-12,000576.SZ,7.77,6.35,0.10056657223796034,True
2026-06-12,600237.SH,11.31,9.25,0.1001945525291829,True
2026-06-12,000536.SZ,3.85,3.15,0.10000000000000002,True
2026-06-12,003015.SZ,13.74,11.24,0.100080064051241,True
2026-06-12,600520.SH,31.65,25.89,0.100104275286757,True
2026-06-26,000536.SZ,3.48,2.84,0.10126582278481014,True
2026-06-26,000576.SZ,7.43,6.08,0.09992598075499627,True
2026-08-13,600182.SH,14.07,12.73,0.049999999999999996,False
2026-08-13,002884.SZ,17.82,14.58,0.1,True
2026-08-13,600780.SH,6.56,5.36,0.10067114093959725,True
2026-08-13,600694.SH,16.03,13.11,0.10020590253946471,True
2026-08-13,001219.SZ,14.08,11.52,0.10000000000000002,True
2026-08-13,603237.SH,16.12,13.19,0.09996588195155241,True
2026-08-13,001338.SZ,9.66,7.9,0.10022779043280179,True
2026-08-13,601366.SH,3.99,3.27,0.0991735537190083,True
2026-08-14,600182.SH,14.27,12.91,0.050036791758646046,False
2026-08-14,002884.SZ,17.64,14.44,0.09975062344139654,True
2026-08-14,603199.SH,36.17,29.59,0.10006082725060829,True
2026-08-14,600694.SH,15.83,12.95,0.10006949270326618,True
2026-08-14,002732.SZ,15.19,12.43,0.0999275887038378,True
2026-08-14,603136.SH,9.88,8.08,0.10022271714922053,True
2026-08-14,600858.SH,5.39,4.41,0.09999999999999995,True
2026-08-14,002661.SZ,8.53,6.98,0.09993552546744029,True
2026-08-14,000529.SZ,5.34,4.37,0.09989701338825949,True
2026-08-14,600628.SH,6.78,5.54,0.10064935064935067,True
2026-08-14,001338.SZ,9.52,7.79,0.09994222992489889,True
2026-08-14,000419.SZ,5.38,4.4,0.10020449897750505,True
2026-08-14,002116.SZ,7.85,6.43,0.09943977591036414,True
2026-08-14,605108.SH,14.03,11.48,0.09996079968639746,True
2026-08-14,600359.SH,6.74,5.52,0.09951060358890707,True
2026-08-14,603511.SH,13.29,10.87,0.1001655629139073,True
2026-08-14,600780.SH,6.56,5.36,0.10067114093959725,True
2026-08-14,600051.SH,6.79,5.55,0.10048622366288494,True
2026-08-14,000153.SZ,6.55,5.36,0.09991603694374471,True
2026-08-14,600300.SH,3.55,2.91,0.09907120743034051,True
2026-08-14,601518.SH,3.05,2.49,0.10108303249097465,True
2026-08-14,002574.SZ,5.05,4.13,0.10021786492374728,True
2026-08-14,002186.SZ,10.33,8.45,0.10010649627263049,True
2026-08-14,002872.SZ,5.87,4.81,0.09925093632958806,True
2026-08-14,000411.SZ,11.0,9.0,0.1,True
2026-08-14,601998.SH,8.46,6.92,0.10013003901170357,True
2026-08-14,000553.SZ,5.89,4.82,0.09990662931839396,True
2026-08-14,600551.SH,7.63,6.25,0.0994236311239193,True
2026-08-14,002999.SZ,6.39,5.23,0.099827882960413,True
2026-08-14,000850.SZ,4.46,3.65,0.09987669543773121,True
2026-08-14,603587.SH,12.83,10.49,0.10034305317324184,True
2026-08-14,601007.SH,7.35,6.01,0.10029940119760479,True
2026-08-14,601838.SH,19.98,16.34,0.10022026431718063,True
2026-08-14,600249.SH,5.81,4.75,0.10037878787878786,True
2026-08-14,601229.SH,10.24,8.38,0.0998925886143931,True
2026-08-14,002305.SZ,2.32,1.9,0.09952606635071089,True
2026-08-14,002758.SZ,8.59,7.03,0.09987195902688857,True
2026-08-14,600971.SH,9.12,7.46,0.10012062726176112,True
2026-08-14,600054.SH,12.32,10.08,0.10000000000000002,True
2026-08-14,600015.SH,7.33,5.99,0.10060060060060058,True
2026-08-17,002884.SZ,17.51,14.33,0.09987437185929651,True
2026-08-17,600182.SH,14.29,12.93,0.049963262307127096,False
2026-08-17,600694.SH,15.71,12.85,0.100140056022409,True
2026-08-17,603136.SH,9.88,8.08,0.10022271714922053,True
2026-08-17,002116.SZ,7.82,6.4,0.09985935302390998,True
2026-08-17,603199.SH,36.15,29.57,0.10012172854534386,True
2026-08-17,601518.SH,3.05,2.49,0.10108303249097465,True
2026-08-17,600551.SH,7.59,6.21,0.09999999999999999,True
2026-08-17,605108.SH,14.0,11.46,0.09976433621366847,True
2026-08-17,001338.SZ,9.36,7.66,0.09988249118683898,True
2026-08-17,600858.SH,5.34,4.37,0.09989701338825949,True
2026-08-17,600780.SH,6.41,5.25,0.09948542024013723,True
2026-08-17,600300.SH,3.51,2.87,0.1003134796238244,True
2026-08-17,600051.SH,6.8,5.56,0.10032362459546927,True
2026-08-17,601007.SH,7.36,6.02,0.10014947683109124,True
2026-08-17,600054.SH,12.29,10.05,0.10026857654431506,True
2026-08-17,601838.SH,19.87,16.25,0.10022148394241419,True
2026-08-18,002884.SZ,17.71,14.49,0.1,True
2026-08-18,600694.SH,15.84,12.96,0.09999999999999996,True
2026-08-18,600551.SH,7.65,6.26,0.0999281092739037,True
2026-08-18,603136.SH,9.91,8.11,0.09988901220865709,True
2026-08-18,603199.SH,35.87,29.35,0.09996933455995087,True
2026-08-18,600182.SH,14.68,13.28,0.05007153075822605,False
2026-08-18,002116.SZ,7.91,6.47,0.1001390820584145,True
2026-08-18,601518.SH,3.06,2.5,0.10071942446043165,True
2026-08-18,601007.SH,7.37,6.03,0.09999999999999999,True
2026-08-18,600858.SH,5.46,4.46,0.10080645161290323,True
2026-08-18,002732.SZ,15.35,12.56,0.09996417054819058,True
2026-08-18,605108.SH,13.97,11.43,0.10000000000000005,True
2026-08-18,002305.SZ,2.3,1.88,0.10047846889952151,True
2026-08-18,600987.SH,7.29,5.97,0.09954751131221722,True
2026-08-18,603587.SH,12.96,10.6,0.10016977928692704,True
2026-08-18,600628.SH,6.9,5.64,0.1004784688995216,True
2026-08-18,600054.SH,12.27,10.04,0.09995517705064996,True
2026-08-18,000419.SZ,5.46,4.46,0.10080645161290323,True
2026-08-18,600794.SH,3.5,2.86,0.1006289308176101,True
2026-08-18,002186.SZ,10.43,8.53,0.10021097046413503,True
2026-08-18,600780.SH,6.46,5.28,0.10051107325383302,True
2026-08-18,600249.SH,5.85,4.79,0.09962406015037589,True
2026-08-18,002574.SZ,5.1,4.18,0.09913793103448276,True
2026-08-18,601229.SH,10.37,8.49,0.09968186638388118,True
2026-08-18,000850.SZ,4.53,3.71,0.09951456310679614,True
2026-08-18,600051.SH,6.95,5.69,0.09968354430379744,True
2026-08-18,603238.SH,13.66,11.18,0.09983896940418681,True
2026-08-18,002059.SZ,4.93,4.03,0.1004464285714285,True
2026-08-18,002327.SZ,7.21,5.9,0.09992372234935161,True
2026-08-18,600648.SH,9.9,8.1,0.10000000000000003,True
2026-08-18,601368.SH,4.99,4.09,0.09911894273127757,True
2026-08-18,601998.SH,8.46,6.92,0.10013003901170357,True
2026-08-18,002561.SZ,7.49,6.13,0.0998531571218796,True
2026-08-18,001338.SZ,9.46,7.74,0.10000000000000002,True
2026-08-18,002872.SZ,5.85,4.79,0.09962406015037589,True
2026-08-18,600814.SH,7.43,6.08,0.09992598075499627,True
2026-08-18,000869.SZ,19.01,15.55,0.10011574074074076,True
2026-08-18,000411.SZ,10.98,8.98,0.1002004008016032,True
2026-08-18,603237.SH,15.75,12.89,0.09986033519553071,True
2026-08-18,002424.SZ,5.05,4.13,0.10021786492374728,True
2026-08-19,600551.SH,7.67,6.27,0.1004304160688666,True
2026-08-19,605086.SH,26.42,21.62,0.09991673605328892,True
2026-08-19,002574.SZ,5.1,4.18,0.09913793103448276,True
2026-08-19,002995.SZ,19.34,15.82,0.10011376564277588,True
2026-08-19,600289.SH,4.93,4.03,0.1004464285714285,True
2026-08-19,600182.SH,14.43,13.05,0.050218340611353676,False
2026-08-19,603136.SH,10.0,8.18,0.10011001100110013,True
2026-08-19,002732.SZ,15.55,12.73,0.09971711456859972,True
2026-08-19,603238.SH,13.66,11.18,0.09983896940418681,True
2026-08-19,001330.SZ,5.41,4.43,0.09959349593495939,True
2026-08-19,002305.SZ,2.3,1.88,0.10047846889952151,True
2026-08-19,002884.SZ,17.68,14.46,0.10018668326073425,True
2026-08-19,000411.SZ,10.87,8.89,0.10020242914979752,True
2026-08-19,601007.SH,7.44,6.08,0.10059171597633139,True
2026-08-19,600858.SH,5.48,4.48,0.1004016064257028,True
2026-08-19,600694.SH,15.97,13.07,0.09986225895316805,True
2026-08-19,601518.SH,3.06,2.5,0.10071942446043165,True
2026-08-19,000419.SZ,5.49,4.49,0.1002004008016032,True
2026-08-19,603511.SH,14.06,11.5,0.10015649452269172,True
2026-08-19,603755.SH,26.05,21.31,0.1000844594594595,True
2026-08-19,001219.SZ,14.23,11.65,0.09969088098918083,True
2026-08-19,605108.SH,13.93,11.39,0.1003159557661927,True
2026-08-19,000679.SZ,6.7,5.48,0.10016420361247946,True
2026-08-19,000607.SZ,4.05,3.31,0.10054347826086954,True
2026-08-19,603237.SH,15.9,13.01,0.09996540989277068,True
2026-08-19,002657.SZ,16.9,13.82,0.10026041666666662,True
2026-08-19,603199.SH,35.92,29.39,0.09998468840912572,True
2026-08-19,600128.SH,9.11,7.45,0.10024154589371977,True
2026-08-19,603636.SH,7.92,6.48,0.09999999999999996,True
2026-08-19,603206.SH,15.63,12.79,0.09992962702322314,True
2026-08-19,600794.SH,3.5,2.86,0.1006289308176101,True
2026-08-19,605089.SH,22.85,18.69,0.10014443909484833,True
2026-08-19,002561.SZ,7.52,6.16,0.09941520467836254,True
2026-08-19,600780.SH,6.47,5.29,0.10034013605442174,True
2026-08-19,603214.SH,15.32,12.54,0.09978463747307972,True
2026-08-19,601368.SH,5.02,4.1,0.10087719298245613,True
2026-08-19,002186.SZ,10.62,8.69,0.09994821336095287,True
2026-08-19,600716.SH,3.89,3.19,0.09887005649717516,True
2026-08-19,002117.SZ,8.83,7.23,0.09962640099626398,True
2026-08-19,000590.SZ,9.97,8.15,0.10044150110375277,True
2026-08-20,600551.SH,7.56,6.18,0.10043668122270742,True
2026-08-20,002732.SZ,15.06,12.32,0.10007304601899196,True
2026-08-20,603237.SH,15.55,12.73,0.09971711456859972,True
2026-08-20,002884.SZ,17.57,14.37,0.10018785222291801,True
2026-08-20,601007.SH,7.29,5.97,0.09954751131221722,True
2026-08-20,600694.SH,15.75,12.89,0.09986033519553071,True
2026-08-20,600858.SH,5.34,4.37,0.09989701338825949,True
2026-08-20,603136.SH,9.83,8.05,0.09955257270693507,True
2026-08-20,000419.SZ,5.39,4.41,0.09999999999999995,True
2026-08-20,001219.SZ,13.93,11.39,0.1003159557661927,True
2026-08-20,601518.SH,3.03,2.48,0.09981851179673318,True
2026-08-20,605108.SH,13.56,11.1,0.09975669099756694,True
2026-08-20,600419.SH,9.76,7.98,0.10033821871476883,True
2026-08-20,002574.SZ,4.98,4.08,0.0993377483443709,True
2026-08-20,603238.SH,13.32,10.9,0.09991742361684558,True
2026-08-20,603511.SH,13.95,11.41,0.10015772870662458,True
2026-08-20,000607.SZ,3.93,3.21,0.1008403361344538,True
2026-08-20,601368.SH,4.97,4.07,0.09955752212389375,True
2026-08-20,002305.SZ,2.27,1.85,0.10194174757281552,True
2026-08-20,603755.SH,25.16,20.58,0.10013117621338002,True
2026-08-20,002116.SZ,7.67,6.27,0.1004304160688666,True
2026-08-20,002561.SZ,7.35,6.01,0.10029940119760479,True
2026-08-20,002327.SZ,7.25,5.93,0.10015174506828531,True
2026-08-20,603587.SH,12.8,10.48,0.09965635738831616,True
2026-08-20,600289.SH,4.81,3.93,0.10068649885583518,True
2026-08-20,002186.SZ,10.29,8.42,0.09994655264564399,True
2026-08-20,600182.SH,14.25,12.89,0.050110537951363276,False
2026-08-20,603214.SH,14.97,12.25,0.09992652461425425,True
2026-08-20,600051.SH,6.85,5.61,0.0995184590690208,True
2026-08-20,603518.SH,8.82,7.22,0.09975062344139654,True
2026-08-20,600054.SH,12.2,9.98,0.10009017132551844,True
2026-08-20,000411.SZ,10.69,8.75,0.09979423868312756,True
2026-08-20,600716.SH,3.81,3.11,0.10115606936416188,True
2026-08-20,600128.SH,8.94,7.32,0.09963099630996307,True
2026-08-20,600648.SH,9.85,8.06,0.09994416527079839,True
2026-08-20,600794.SH,3.48,2.84,0.10126582278481014,True
2026-08-20,603609.SH,6.88,5.63,0.09992006394884093,True
2026-08-20,600300.SH,3.54,2.9,0.09937888198757766,True
2026-08-20,600628.SH,6.71,5.49,0.09999999999999999,True
2026-08-20,605089.SH,22.33,18.27,0.09999999999999998,True
2026-08-21,002732.SZ,15.39,12.59,0.10007147962830595,True
2026-08-21,600551.SH,7.68,6.28,0.10028653295128935,True
2026-08-21,603237.SH,15.71,12.85,0.100140056022409,True
2026-08-21,603238.SH,13.64,11.16,0.10000000000000002,True
2026-08-21,601007.SH,7.46,6.1,0.10029498525073749,True
2026-08-21,001219.SZ,13.97,11.43,0.10000000000000005,True
2026-08-21,603136.SH,10.08,8.24,0.10043668122270741,True
2026-08-21,000607.SZ,4.0,3.28,0.09890109890109894,True
2026-08-21,600419.SH,9.78,8.0,0.10011248593925755,True
2026-08-21,603511.SH,14.12,11.56,0.09968847352024918,True
2026-08-21,601518.SH,3.05,2.49,0.10108303249097465,True
2026-08-21,603755.SH,25.99,21.27,0.09987304274227675,True
2026-08-21,000411.SZ,10.95,8.96,0.09994977398292308,True
2026-08-21,000419.SZ,5.48,4.48,0.1004016064257028,True
2026-08-21,600858.SH,5.45,4.46,0.09989909182643796,True
2026-08-21,603214.SH,15.28,12.5,0.10007199424046073,True
2026-08-21,605108.SH,13.87,11.35,0.09992069785884218,True
2026-08-21,002884.SZ,17.8,14.56,0.10012360939431397,True
2026-08-21,600429.SH,5.06,4.14,0.1,True
2026-08-21,601368.SH,5.06,4.14,0.1,True
2026-08-21,002574.SZ,5.13,4.19,0.10085836909871239,True
2026-08-21,605089.SH,22.37,18.31,0.09980334316617508,True
2026-08-21,002186.SZ,10.42,8.52,0.10031678986272442,True
2026-08-21,600694.SH,16.01,13.1,0.09996564754379945,True
2026-08-21,002116.SZ,7.83,6.41,0.0997191011235955,True
2026-08-21,603587.SH,12.98,10.62,0.10000000000000005,True
2026-08-21,002305.SZ,2.32,1.9,0.09952606635071089,True
2026-08-21,600365.SH,3.05,2.49,0.10108303249097465,True
2026-08-21,600249.SH,5.8,4.74,0.10056925996204931,True
2026-08-21,002932.SZ,16.82,13.76,0.10006540222367563,True
2026-08-21,002327.SZ,7.29,5.97,0.09954751131221722,True
2026-08-21,600182.SH,14.0,12.66,0.050262565641410344,False
2026-08-21,002424.SZ,4.97,4.07,0.09955752212389375,True
2026-08-21,002646.SZ,7.59,6.21,0.09999999999999999,True
2026-08-21,002059.SZ,4.94,4.04,0.10022271714922053,True
2026-08-21,002872.SZ,5.83,4.77,0.10000000000000005,True
2026-08-21,600716.SH,3.92,3.2,0.10112359550561795,True
2026-08-21,603609.SH,7.0,5.72,0.1006289308176101,True
2026-08-21,002561.SZ,7.46,6.1,0.10029498525073749,True
2026-08-21,600054.SH,12.38,10.13,0.09995557529986672,True
2026-08-24,002732.SZ,15.17,12.41,0.10007251631617113,True
2026-08-24,605016.SH,21.96,17.96,0.1002004008016032,True
2026-08-24,000779.SZ,10.7,8.76,0.09969167523124355,True
2026-08-24,600551.SH,7.55,6.17,0.10058309037900874,True
2026-08-24,002995.SZ,18.47,15.11,0.10005955926146515,True
2026-08-24,001219.SZ,13.87,11.35,0.09992069785884218,True
2026-08-24,603237.SH,15.57,12.74,0.09996467679265277,True
2026-08-24,002633.SZ,15.92,13.02,0.10020732550103664,True
2026-08-24,001318.SZ,12.19,9.97,0.10018050541516241,True
2026-08-24,600429.SH,4.95,4.05,0.10000000000000003,True
2026-08-24,001202.SZ,15.04,12.3,0.10021945866861735,True
2026-08-24,603755.SH,25.91,21.2,0.09997877308427087,True
2026-08-24,603238.SH,13.53,11.07,0.09999999999999995,True
2026-08-24,000417.SZ,6.14,5.02,0.1003584229390681,True
2026-08-24,600289.SH,4.77,3.91,0.09907834101382482,True
2026-08-24,000411.SZ,10.64,8.7,0.10031023784901764,True
2026-08-24,002719.SZ,6.86,5.62,0.09935897435897437,True
2026-08-24,001330.SZ,5.28,4.32,0.09999999999999998,True
2026-08-24,601007.SH,7.38,6.04,0.0998509687034277,True
2026-08-24,603214.SH,15.19,12.43,0.0999275887038378,True
2026-08-24,603272.SH,15.68,12.83,0.09996492458786391,True
2026-08-24,600363.SH,20.03,16.39,0.099945085118067,True
2026-08-24,000607.SZ,3.99,3.27,0.0991735537190083,True
2026-08-24,603511.SH,13.88,11.36,0.09984152139461178,True
2026-08-24,605089.SH,22.0,18.0,0.1,True
2026-08-24,603136.SH,9.94,8.14,0.09955752212389375,True
2026-08-24,603636.SH,7.56,6.18,0.10043668122270742,True
2026-08-24,601518.SH,3.03,2.48,0.09981851179673318,True
2026-08-24,603139.SH,38.37,31.39,0.10005733944954125,True
2026-08-24,600182.SH,13.85,12.53,0.05003790750568614,False
2026-08-24,001206.SZ,18.14,14.84,0.10006064281382657,True
2026-08-24,605108.SH,13.73,11.23,0.1001602564102564,True
2026-08-24,002181.SZ,9.1,7.44,0.10036275695284155,True
2026-08-24,603206.SH,15.06,12.32,0.10007304601899196,True
2026-08-24,600858.SH,5.35,4.37,0.10082304526748967,True
2026-08-24,002884.SZ,17.58,14.38,0.10012515644555686,True
2026-08-24,000705.SZ,7.74,6.34,0.0994318181818182,True
2026-08-24,002646.SZ,7.45,6.09,0.10044313146233386,True
2026-08-24,002570.SZ,4.9,4.01,0.09988776655443328,True
2026-08-24,002098.SZ,7.78,6.36,0.10042432814710041,True
2026-08-25,002732.SZ,15.04,12.3,0.10021945866861735,True
2026-08-25,600551.SH,7.51,6.15,0.0995607613469985,True
2026-08-25,001219.SZ,13.66,11.18,0.09983896940418681,True
2026-08-25,603237.SH,15.59,12.75,0.10021171489061396,True
2026-08-25,603755.SH,25.37,20.75,0.10017346053772767,True
2026-08-25,601518.SH,3.04,2.48,0.10144927536231886,True
2026-08-25,603238.SH,13.37,10.94,0.09995886466474702,True
2026-08-25,600419.SH,9.5,7.78,0.09953703703703702,True
2026-08-25,600182.SH,13.99,12.65,0.05030030030030029,False
2026-08-25,600429.SH,4.94,4.04,0.10022271714922053,True
2026-08-25,603511.SH,13.87,11.35,0.09992069785884218,True
2026-08-25,000607.SZ,4.0,3.28,0.09890109890109894,True
2026-08-25,601007.SH,7.37,6.03,0.09999999999999999,True
2026-08-25,603609.SH,6.95,5.69,0.09968354430379744,True
2026-08-25,600694.SH,15.87,12.99,0.09979209979209976,True
2026-08-25,605089.SH,21.88,17.9,0.10005027652086476,True
2026-08-25,002424.SZ,5.01,4.1,0.0998902305159166,True
2026-08-25,002932.SZ,16.7,13.66,0.10013175230566532,True
2026-08-25,000411.SZ,10.54,8.62,0.1002087682672234,True
2026-08-25,603136.SH,9.88,8.08,0.10022271714922053,True
2026-08-25,000419.SZ,5.35,4.37,0.10082304526748967,True
2026-08-25,603587.SH,12.73,10.41,0.10025929127052724,True
2026-08-25,002646.SZ,7.48,6.12,0.10000000000000002,True
2026-08-25,601368.SH,5.05,4.13,0.10021786492374728,True
2026-08-25,001202.SZ,14.83,12.13,0.10014836795252223,True
2026-08-25,002116.SZ,7.79,6.37,0.1002824858757062,True
2026-08-25,605337.SH,10.07,8.24,0.09994538503549971,True
2026-08-25,603214.SH,15.11,12.37,0.09970887918486174,True
2026-08-25,605108.SH,13.56,11.1,0.09975669099756694,True
2026-08-25,600858.SH,5.3,4.34,0.0995850622406639,True
2026-08-25,605016.SH,21.6,17.68,0.09979633401222,True
2026-08-25,002872.SZ,5.85,4.79,0.09962406015037589,True
2026-08-25,002327.SZ,7.36,6.02,0.10014947683109124,True
2026-08-25,601065.SH,7.51,6.15,0.0995607613469985,True
2026-08-25,002014.SZ,12.06,9.86,0.10036496350364968,True
2026-08-25,000028.SZ,21.55,17.63,0.10005104645227161,True
2026-08-25,600249.SH,5.73,4.69,0.09980806142034547,True
2026-08-25,600365.SH,3.12,2.56,0.09859154929577466,True
2026-08-25,603639.SH,11.7,9.58,0.09962406015037589,True
2026-08-25,600822.SH,9.13,7.47,0.10000000000000005,True
2026-08-26,600551.SH,7.59,6.21,0.09999999999999999,True
2026-08-26,002732.SZ,15.42,12.62,0.09985734664764624,True
2026-08-26,603237.SH,15.8,12.92,0.10027855153203345,True
2026-08-26,001219.SZ,13.86,11.34,0.09999999999999999,True
2026-08-26,000607.SZ,4.13,3.38,0.09986684420772304,True
2026-08-26,600429.SH,5.14,4.2,0.10064239828693786,True
2026-08-26,603755.SH,25.96,21.24,0.10000000000000005,True
2026-08-26,603511.SH,13.97,11.43,0.10000000000000005,True
2026-08-26,603609.SH,7.07,5.79,0.09953343701399692,True
2026-08-26,600182.SH,14.29,12.93,0.049963262307127096,False
2026-08-26,601007.SH,7.58,6.2,0.10014513788098692,True
2026-08-26,000419.SZ,5.47,4.47,0.1006036217303823,True
2026-08-26,002932.SZ,16.86,13.8,0.09980430528375729,True
2026-08-26,603587.SH,12.97,10.61,0.10008481764206961,True
2026-08-26,601518.SH,3.07,2.51,0.1003584229390681,True
2026-08-26,002098.SZ,7.88,6.44,0.10055865921787706,True
2026-08-26,603136.SH,10.18,8.33,0.09994597514856833,True
2026-08-26,002424.SZ,5.04,4.12,0.10043668122270741,True
2026-08-26,002116.SZ,7.95,6.51,0.09958506224066392,True
2026-08-26,000411.SZ,10.82,8.86,0.09959349593495939,True
2026-08-26,600249.SH,5.85,4.79,0.09962406015037589,True
2026-08-26,002014.SZ,12.27,10.04,0.09995517705064996,True
2026-08-26,601368.SH,5.1,4.18,0.09913793103448276,True
2026-08-26,603214.SH,15.17,12.41,0.10007251631617113,True
2026-08-26,600694.SH,16.08,13.16,0.09986320109439119,True
2026-08-26,002646.SZ,7.63,6.25,0.0994236311239193,True
2026-08-26,601065.SH,7.57,6.19,0.10029069767441859,True
2026-08-26,605089.SH,22.41,18.33,0.10014727540500742,True
2026-08-26,601599.SH,3.4,2.78,0.10032362459546927,True
2026-08-26,600858.SH,5.41,4.43,0.09959349593495939,True
2026-08-26,603153.SH,14.53,11.89,0.09992429977289927,True
2026-08-26,605108.SH,14.07,11.51,0.10007818608287727,True
2026-08-26,603909.SH,10.77,8.81,0.10010214504596524,True
2026-08-26,000028.SZ,21.86,17.88,0.10015098137896329,True
2026-08-26,601956.SH,5.51,4.51,0.0998003992015968,True
2026-08-26,600822.SH,9.36,7.66,0.09988249118683898,True
2026-08-26,600097.SH,9.63,7.88,0.09994288977727017,True
2026-08-26,000529.SZ,5.57,4.55,0.10079051383399214,True
2026-08-26,600419.SH,9.57,7.83,0.10000000000000002,True
2026-08-26,600794.SH,3.54,2.9,0.09937888198757766,True
2026-08-27,600551.SH,7.62,6.24,0.09956709956709957,True
2026-08-27,001219.SZ,13.88,11.36,0.09984152139461178,True
2026-08-27,002732.SZ,15.28,12.5,0.10007199424046073,True
2026-08-27,000607.SZ,4.1,3.36,0.09919571045576406,True
2026-08-27,002932.SZ,16.82,13.76,0.10006540222367563,True
2026-08-27,603136.SH,10.19,8.33,0.10043196544276455,True
2026-08-27,601007.SH,7.66,6.26,0.10057471264367819,True
2026-08-27,600182.SH,14.27,12.91,0.050036791758646046,False
2026-08-27,000419.SZ,5.51,4.51,0.0998003992015968,True
2026-08-27,000411.SZ,10.78,8.82,0.09999999999999995,True
2026-08-27,605108.SH,14.14,11.57,0.09996110462854921,True
2026-08-27,002424.SZ,5.06,4.14,0.1,True
2026-08-27,000028.SZ,22.07,18.05,0.10019940179461613,True
2026-08-27,603511.SH,13.95,11.41,0.10015772870662458,True
2026-08-27,603587.SH,12.97,10.61,0.10008481764206961,True
2026-08-27,000705.SZ,7.92,6.48,0.09999999999999996,True
2026-08-27,603609.SH,7.12,5.82,0.10046367851622873,True
2026-08-27,002186.SZ,10.46,8.56,0.09989484752891693,True
2026-08-27,600858.SH,5.41,4.43,0.09959349593495939,True
2026-08-27,600429.SH,5.14,4.2,0.10064239828693786,True
2026-08-27,603214.SH,15.2,12.44,0.09985528219971056,True
2026-08-27,603909.SH,10.75,8.79,0.1003070624360287,True
2026-08-27,603755.SH,25.71,21.03,0.10012836970474967,True
2026-08-27,600249.SH,5.89,4.82,0.09990662931839396,True
2026-08-27,600455.SH,26.92,22.02,0.10012259910093997,True
2026-08-27,603332.SH,12.88,10.54,0.09991460290350135,True
2026-08-27,600467.SH,2.63,2.15,0.10041841004184102,True
2026-08-27,603153.SH,14.67,12.01,0.09970014992503749,True
2026-08-27,002159.SZ,14.95,12.23,0.10007358351729209,True
2026-08-27,601599.SH,3.43,2.81,0.09935897435897437,True
2026-08-27,600054.SH,12.51,10.23,0.10026385224274402,True
2026-08-27,601065.SH,7.61,6.23,0.09971098265895953,True
2026-08-27,600814.SH,7.52,6.16,0.09941520467836254,True
2026-08-27,600419.SH,9.53,7.79,0.10046189376443414,True
2026-08-27,600694.SH,16.13,13.19,0.10027285129604364,True
2026-08-27,600822.SH,9.38,7.68,0.09964830011723334,True
2026-08-27,600794.SH,3.56,2.92,0.09876543209876544,True
2026-08-27,600628.SH,6.91,5.65,0.1003184713375796,True
2026-08-27,600097.SH,9.68,7.92,0.09999999999999998,True
2026-08-27,002116.SZ,8.06,6.6,0.09959072305593457,True
2026-08-28,002932.SZ,16.82,13.76,0.10006540222367563,True
2026-08-28,001219.SZ,13.92,11.39,0.09996048992493083,True
2026-08-28,002732.SZ,15.26,12.48,0.10021629416005765,True
2026-08-28,000607.SZ,4.04,3.3,0.10081743869209812,True
2026-08-28,000705.SZ,7.93,6.49,0.09986130374479886,True
2026-08-28,603332.SH,12.83,10.49,0.10034305317324184,True
2026-08-28,603909.SH,10.6,8.68,0.0995850622406639,True
2026-08-28,600455.SH,26.57,21.74,0.09997930035189405,True
2026-08-28,000548.SZ,5.01,4.1,0.0998902305159166,True
2026-08-28,000028.SZ,21.95,17.96,0.09997494362315207,True
2026-08-28,002424.SZ,5.06,4.14,0.1,True
2026-08-28,600182.SH,14.19,12.83,0.05033308660251663,False
2026-08-28,603214.SH,15.0,12.28,0.09970674486803521,True
2026-08-28,002633.SZ,16.09,13.17,0.09979494190020506,True
2026-08-28,603755.SH,25.67,21.01,0.09982862039417308,True
2026-08-28,603136.SH,10.1,8.26,0.10021786492374728,True
2026-08-28,605108.SH,14.03,11.48,0.09996079968639746,True
2026-08-28,000411.SZ,10.79,8.83,0.09989806320081546,True
2026-08-28,603609.SH,7.11,5.81,0.10061919504643968,True
2026-08-28,002186.SZ,10.38,8.5,0.0995762711864407,True
2026-08-28,601007.SH,7.57,6.19,0.10029069767441859,True
2026-08-28,000615.SZ,3.64,2.98,0.09969788519637464,True
2026-08-28,000419.SZ,5.46,4.46,0.10080645161290323,True
2026-08-28,603153.SH,14.58,11.93,0.09996227838551493,True
2026-08-28,605199.SH,6.56,5.36,0.10067114093959725,True
2026-08-28,601956.SH,5.45,4.46,0.09989909182643796,True
2026-08-28,600429.SH,5.13,4.19,0.10085836909871239,True
2026-08-28,002332.SZ,9.48,7.76,0.0997679814385151,True
2026-08-28,600079.SH,20.3,16.61,0.09997290707125445,True
2026-08-28,601368.SH,5.02,4.1,0.10087719298245613,True
2026-08-28,600249.SH,5.85,4.79,0.09962406015037589,True
2026-08-28,002098.SZ,8.01,6.55,0.10027472527472528,True
2026-08-28,002159.SZ,14.95,12.23,0.10007358351729209,True
2026-08-28,600807.SH,2.94,2.4,0.10112359550561799,True
2026-08-28,600051.SH,6.95,5.69,0.09968354430379744,True
2026-08-28,603182.SH,14.72,12.04,0.10014947683109124,True
2026-08-28,603238.SH,13.26,10.85,0.09995852343425965,True
2026-08-28,601599.SH,3.42,2.8,0.09967845659163989,True
2026-08-28,600794.SH,3.55,2.91,0.09907120743034051,True
2026-08-28,600628.SH,6.86,5.62,0.09935897435897437,True
2026-08-31,002932.SZ,16.86,13.8,0.09980430528375729,True
2026-08-31,000548.SZ,5.07,4.15,0.09978308026030368,True
2026-08-31,001219.SZ,14.0,11.46,0.09976433621366847,True
2026-08-31,002732.SZ,15.49,12.67,0.10014204545454547,True
2026-08-31,000705.SZ,7.93,6.49,0.09986130374479886,True
2026-08-31,603987.SH,8.38,6.86,0.09973753280839896,True
2026-08-31,603909.SH,10.71,8.77,0.09958932238193025,True
2026-08-31,603332.SH,13.04,10.67,0.09995782370307883,True
2026-08-31,000028.SZ,21.98,17.98,0.10010010010010009,True
2026-08-31,002424.SZ,5.08,4.16,0.09956709956709955,True
2026-08-31,603214.SH,15.26,12.48,0.10021629416005765,True
2026-08-31,000411.SZ,10.88,8.9,0.1001011122345804,True
2026-08-31,603182.SH,15.09,12.35,0.09985422740524783,True
2026-08-31,600455.SH,26.96,22.06,0.09995920032639743,True
2026-08-31,002646.SZ,7.66,6.26,0.10057471264367819,True
2026-08-31,600079.SH,20.53,16.79,0.10021436227224013,True
2026-08-31,601956.SH,5.51,4.51,0.0998003992015968,True
2026-08-31,002332.SZ,9.59,7.85,0.09977064220183489,True
2026-08-31,002715.SZ,15.88,13.0,0.09972299168975071,True
2026-08-31,605199.SH,6.61,5.41,0.09983361064891849,True
2026-08-31,605108.SH,14.25,11.66,0.09996140486298725,True
2026-08-31,601007.SH,7.69,6.29,0.1001430615164521,True
2026-08-31,605369.SH,18.27,14.95,0.09993979530403373,True
2026-08-31,000615.SZ,3.63,2.97,0.09999999999999996,True
2026-08-31,601368.SH,5.03,4.11,0.10065645514223194,True
2026-08-31,603238.SH,13.57,11.11,0.09967585089141008,True
2026-08-31,603609.SH,7.18,5.88,0.0995405819295559,True
2026-08-31,603231.SH,18.15,14.85,0.09999999999999996,True
2026-08-31,002633.SZ,16.1,13.18,0.09972677595628421,True
2026-08-31,002186.SZ,10.52,8.6,0.10041841004184102,True
2026-08-31,603153.SH,14.6,11.94,0.10022607385079127,True
2026-08-31,600807.SH,2.96,2.42,0.10037174721189591,True
2026-08-31,000419.SZ,5.57,4.55,0.10079051383399214,True
2026-08-31,000952.SZ,7.26,5.94,0.09999999999999996,True
2026-08-31,001231.SZ,24.3,19.88,0.10004526935264829,True
2026-08-31,600429.SH,5.23,4.28,0.09989484752891693,True
2026-08-31,600168.SH,4.88,4.0,0.0990990990990991,True
2026-08-31,000529.SZ,5.52,4.52,0.09960159362549802,True
2026-08-31,000544.SZ,8.06,6.6,0.09959072305593457,True
2026-08-31,600858.SH,5.49,4.49,0.1002004008016032,True
2026-09-01,002932.SZ,16.89,13.82,0.09996743731683491,True
2026-09-01,000548.SZ,5.05,4.13,0.10021786492374728,True
2026-09-01,603909.SH,10.85,8.87,0.10040567951318462,True
2026-09-01,000705.SZ,7.92,6.48,0.09999999999999996,True
2026-09-01,603987.SH,8.33,6.81,0.1003963011889036,True
2026-09-01,603332.SH,13.23,10.83,0.09975062344139651,True
2026-09-01,001219.SZ,14.12,11.56,0.09968847352024918,True
2026-09-01,002633.SZ,16.59,13.57,0.10013262599469494,True
2026-09-01,002732.SZ,15.59,12.75,0.10021171489061396,True
2026-09-01,600455.SH,27.48,22.48,0.100080064051241,True
2026-09-01,603214.SH,15.33,12.55,0.09971305595408891,True
2026-09-01,002715.SZ,15.82,12.94,0.1001390820584145,True
2026-09-01,002424.SZ,5.06,4.14,0.1,True
2026-09-01,601956.SH,5.54,4.54,0.0992063492063492,True
2026-09-01,603182.SH,15.29,12.51,0.09999999999999999,True
2026-09-01,000952.SZ,7.26,5.94,0.09999999999999996,True
2026-09-01,603231.SH,18.35,15.01,0.10011990407673867,True
2026-09-01,601368.SH,5.05,4.13,0.10021786492374728,True
2026-09-01,000028.SZ,21.9,17.92,0.09994977398292308,True
2026-09-01,600807.SH,2.98,2.44,0.09963099630996311,True
2026-09-01,603041.SH,12.68,10.38,0.09973980919340844,True
2026-09-01,605199.SH,6.55,5.36,0.09991603694374471,True
2026-09-01,603329.SH,11.62,9.5,0.10037878787878786,True
2026-09-01,002646.SZ,7.61,6.23,0.09971098265895953,True
2026-09-01,603153.SH,14.69,12.02,0.09996256083863721,True
2026-09-01,002817.SZ,7.49,6.13,0.0998531571218796,True
2026-09-01,603609.SH,7.08,5.8,0.09937888198757766,True
2026-09-01,605369.SH,18.51,15.15,0.09982174688057044,True
2026-09-01,600079.SH,20.47,16.75,0.09994626544868347,True
2026-09-01,000698.SZ,4.09,3.35,0.09946236559139783,True
2026-09-01,600168.SH,4.9,4.01,0.09988776655443328,True
2026-09-01,000411.SZ,10.8,8.84,0.09979633401222,True
2026-09-01,002022.SZ,6.36,5.2,0.10034602076124569,True
2026-09-01,603238.SH,13.7,11.21,0.09995985547972695,True
2026-09-01,603836.SH,10.34,8.46,0.09999999999999995,True
2026-09-01,000529.SZ,5.57,4.55,0.10079051383399214,True
2026-09-01,002162.SZ,4.51,3.69,0.09999999999999999,True
2026-09-01,002381.SZ,6.2,5.08,0.09929078014184398,True
2026-09-01,601007.SH,7.66,6.26,0.10057471264367819,True
2026-09-01,000544.SZ,8.07,6.61,0.0994550408719346,True
2026-09-02,002932.SZ,16.92,13.84,0.10013003901170357,True
2026-09-02,002715.SZ,15.97,13.07,0.09986225895316805,True
2026-09-02,002633.SZ,16.51,13.51,0.09993337774816793,True
2026-09-02,603909.SH,10.9,8.92,0.09989909182643796,True
2026-09-02,000705.SZ,8.04,6.58,0.09986320109439119,True
2026-09-02,603332.SH,13.45,11.01,0.0997547015535568,True
2026-09-02,000548.SZ,5.1,4.18,0.09913793103448276,True
2026-09-02,002732.SZ,15.91,13.01,0.10027662517289074,True
2026-09-02,001219.SZ,14.37,11.75,0.10030627871362938,True
2026-09-02,603231.SH,18.51,15.15,0.09982174688057044,True
2026-09-02,603214.SH,15.61,12.77,0.10007047216349542,True
2026-09-02,603987.SH,8.47,6.93,0.10000000000000006,True
2026-09-02,600455.SH,27.82,22.76,0.10003954132068009,True
2026-09-02,603041.SH,12.77,10.45,0.09991386735572784,True
2026-09-02,601956.SH,5.57,4.55,0.10079051383399214,True
2026-09-02,603182.SH,15.53,12.71,0.09985835694050986,True
2026-09-02,603609.SH,7.21,5.9,0.09992372234935161,True
2026-09-02,600079.SH,20.75,16.97,0.10021208907741255,True
2026-09-02,603836.SH,10.45,8.55,0.09999999999999992,True
2026-09-02,000952.SZ,7.29,5.97,0.09954751131221722,True
2026-09-02,605199.SH,6.69,5.47,0.1003289473684211,True
2026-09-02,002817.SZ,7.57,6.19,0.10029069767441859,True
2026-09-02,600365.SH,3.16,2.58,0.10104529616724739,True
2026-09-02,000028.SZ,22.13,18.11,0.09990059642147117,True
2026-09-02,600168.SH,4.94,4.04,0.10022271714922053,True
2026-09-02,000411.SZ,11.18,9.14,0.10039370078740154,True
2026-09-02,002022.SZ,6.44,5.27,0.09991460290350135,True
2026-09-02,603329.SH,11.68,9.56,0.09981167608286248,True
2026-09-02,603235.SH,26.49,21.67,0.10008305647840525,True
2026-09-02,000698.SZ,4.09,3.35,0.09946236559139783,True
2026-09-02,600692.SH,7.28,5.96,0.09969788519637464,True
2026-09-02,002014.SZ,12.68,10.38,0.09973980919340844,True
2026-09-02,002883.SZ,10.53,8.61,0.10031347962382445,True
2026-09-02,600149.SH,5.71,4.67,0.10019267822736032,True
2026-09-02,600807.SH,3.01,2.47,0.09854014598540138,True
2026-09-02,002424.SZ,5.14,4.2,0.10064239828693786,True
2026-09-02,002381.SZ,6.25,5.11,0.10035211267605632,True
2026-09-02,603718.SH,3.54,2.9,0.09937888198757766,True
2026-09-02,601007.SH,7.82,6.4,0.09985935302390998,True
2026-09-02,600543.SH,4.65,3.81,0.099290780141844,True
2026-09-03,002932.SZ,17.08,13.98,0.09980682549903407,True
2026-09-03,002633.SZ,16.47,13.47,0.10020040080160315,True
2026-09-03,603231.SH,18.48,15.12,0.10000000000000003,True
2026-09-03,002715.SZ,15.79,12.92,0.09996516893068615,True
2026-09-03,001219.SZ,14.17,11.59,0.1001552795031056,True
2026-09-03,603332.SH,13.28,10.86,0.10024855012427505,True
2026-09-03,600543.SH,4.68,3.83,0.09988249118683898,True
2026-09-03,000705.SZ,7.92,6.48,0.09999999999999996,True
2026-09-03,603182.SH,15.29,12.51,0.09999999999999999,True
2026-09-03,603041.SH,12.74,10.42,0.10017271157167532,True
2026-09-03,002732.SZ,15.7,12.84,0.1002102312543798,True
2026-09-03,600079.SH,20.78,17.0,0.10005293806246694,True
2026-09-03,603235.SH,26.88,22.0,0.09983633387888706,True
2026-09-03,603909.SH,10.81,8.85,0.09969481180061042,True
2026-09-03,603609.SH,7.14,5.84,0.10015408320493065,True
2026-09-03,600692.SH,7.17,5.87,0.09969325153374232,True
2026-09-03,002014.SZ,12.6,10.31,0.09995635093845479,True
2026-09-03,000411.SZ,11.03,9.03,0.09970089730807578,True
2026-09-03,000028.SZ,22.03,18.03,0.09985022466300549,True
2026-09-03,002022.SZ,6.38,5.22,0.10000000000000002,True
2026-09-03,600149.SH,5.69,4.65,0.10058027079303676,True
2026-09-03,600455.SH,27.7,22.66,0.1000794281175536,True
2026-09-03,603718.SH,3.58,2.93,0.0998463901689708,True
2026-09-03,603520.SH,9.75,7.97,0.10045146726862304,True
2026-09-03,603214.SH,15.53,12.71,0.09985835694050986,True
2026-09-03,002360.SZ,6.44,5.27,0.09991460290350135,True
2026-09-03,603836.SH,10.48,8.58,0.09968520461699895,True
2026-09-03,603213.SH,15.38,12.58,0.1001430615164521,True
2026-09-03,000548.SZ,5.06,4.14,0.1,True
2026-09-03,002424.SZ,5.06,4.14,0.1,True
2026-09-03,601121.SH,8.06,6.6,0.09959072305593457,True
2026-09-03,601956.SH,5.59,4.57,0.10039370078740154,True
2026-09-03,600097.SH,10.15,8.31,0.09967497291440952,True
2026-09-03,603987.SH,8.4,6.88,0.09947643979057594,True
2026-09-03,601188.SH,3.25,2.66,0.09983079526226732,True
2026-09-03,000598.SZ,8.06,6.6,0.09959072305593457,True
2026-09-03,603329.SH,11.5,9.41,0.09995217599234815,True
2026-09-03,600365.SH,3.15,2.57,0.10139860139860142,True
2026-09-03,603551.SH,10.45,8.55,0.09999999999999992,True
2026-09-03,002817.SZ,7.51,6.15,0.0995607613469985,True
2026-09-04,603231.SH,18.15,14.85,0.09999999999999996,True
2026-09-04,002932.SZ,17.03,13.93,0.10012919896640832,True
2026-09-04,002633.SZ,16.1,13.18,0.09972677595628421,True
2026-09-04,603773.SH,96.58,79.02,0.10000000000000002,True
2026-09-04,002715.SZ,15.4,12.6,0.10000000000000002,True
2026-09-04,603235.SH,27.2,22.26,0.0998786898503841,True
2026-09-04,603823.SH,60.65,49.63,0.09992745738121142,True
2026-09-04,600543.SH,4.7,3.84,0.10070257611241222,True
2026-09-04,001219.SZ,14.08,11.52,0.10000000000000002,True
2026-09-04,002014.SZ,12.55,10.27,0.09991235758106928,True
2026-09-04,603332.SH,13.01,10.65,0.0997464074387151,True
2026-09-04,603182.SH,14.77,12.09,0.09977661950856291,True
2026-09-04,002732.SZ,15.42,12.62,0.09985734664764624,True
2026-09-04,000705.SZ,7.81,6.39,0.1,True
2026-09-04,600692.SH,7.11,5.81,0.10061919504643968,True
2026-09-04,603520.SH,9.66,7.9,0.10022779043280179,True
2026-09-04,603041.SH,12.53,10.25,0.10008779631255484,True
2026-09-04,603909.SH,10.6,8.68,0.0995850622406639,True
2026-09-04,605588.SH,50.96,41.7,0.099935247140082,True
2026-09-04,000548.SZ,5.01,4.1,0.0998902305159166,True
2026-09-04,603718.SH,3.48,2.84,0.10126582278481014,True
2026-09-04,600149.SH,5.62,4.6,0.09980430528375739,True
2026-09-04,600365.SH,3.09,2.53,0.09964412811387903,True
2026-09-04,600363.SH,17.6,14.4,0.10000000000000003,True
2026-09-04,603407.SH,59.5,48.68,0.10001848770567572,True
2026-09-04,605077.SH,12.25,10.03,0.09964093357271098,True
2026-09-04,603211.SH,23.42,19.16,0.10004697040864259,True
2026-09-04,000411.SZ,11.04,9.04,0.09960159362549802,True
2026-09-04,603551.SH,10.47,8.57,0.09978991596638657,True
2026-09-04,002424.SZ,5.03,4.11,0.10065645514223194,True
2026-09-04,600079.SH,20.78,17.0,0.10005293806246694,True
2026-09-04,603324.SH,28.52,23.34,0.0998843038951022,True
2026-09-04,002102.SZ,2.65,2.17,0.0995850622406639,True
2026-09-04,603214.SH,15.1,12.36,0.09978150036416607,True
2026-09-04,605376.SH,153.78,125.82,0.10000000000000002,True
2026-09-04,000028.SZ,22.06,18.05,0.09997506856145595,True
2026-09-04,001202.SZ,15.79,12.92,0.09996516893068615,True
2026-09-04,600455.SH,27.13,22.19,0.10016220600162201,True
2026-09-04,601188.SH,3.25,2.66,0.09983079526226732,True
2026-09-04,002022.SZ,6.31,5.17,0.09930313588850172,True
2026-09-07,603231.SH,18.36,15.02,0.1000599161174356,True
2026-09-07,002633.SZ,16.12,13.19,0.09996588195155241,True
2026-09-07,603182.SH,15.09,12.35,0.09985422740524783,True
2026-09-07,002715.SZ,15.43,12.63,0.09978617248752668,True
2026-09-07,001219.SZ,14.19,11.61,0.10000000000000002,True
2026-09-07,002732.SZ,15.57,12.74,0.09996467679265277,True
2026-09-07,600543.SH,4.75,3.89,0.09953703703703702,True
2026-09-07,600692.SH,7.12,5.82,0.10046367851622873,True
2026-09-07,603332.SH,12.95,10.59,0.10025488530161425,True
2026-09-07,000705.SZ,7.93,6.49,0.09986130374479886,True
2026-09-07,000548.SZ,5.09,4.17,0.09935205183585312,True
2026-09-07,603041.SH,12.4,10.14,0.1002661934338953,True
2026-09-07,600084.SH,4.74,3.88,0.0997679814385151,True
2026-09-07,002014.SZ,12.69,10.39,0.09965337954939338,True
2026-09-07,600365.SH,3.15,2.57,0.10139860139860142,True
2026-09-07,603235.SH,27.28,22.32,0.10000000000000002,True
2026-09-07,603551.SH,10.53,8.61,0.10031347962382445,True
2026-09-07,603718.SH,3.49,2.85,0.10094637223974766,True
2026-09-07,603909.SH,10.82,8.86,0.09959349593495939,True
2026-09-07,002932.SZ,17.06,13.96,0.09993552546744029,True
2026-09-07,001202.SZ,15.73,12.87,0.10000000000000003,True
2026-09-07,603520.SH,9.66,7.9,0.10022779043280179,True
2026-09-07,605077.SH,12.35,10.11,0.09973285841495994,True
2026-09-07,002022.SZ,6.3,5.16,0.09947643979057588,True
2026-09-07,000028.SZ,22.21,18.17,0.10004952947003465,True
2026-09-07,603987.SH,8.33,6.81,0.1003963011889036,True
2026-09-07,002598.SZ,7.68,6.28,0.10028653295128935,True
2026-09-07,600149.SH,5.69,4.65,0.10058027079303676,True
2026-09-07,603566.SH,11.66,9.54,0.10000000000000005,True
2026-09-07,000615.SZ,3.65,2.99,0.09939759036144573,True
2026-09-07,605337.SH,10.41,8.51,0.10042283298097253,True
2026-09-07,000411.SZ,11.24,9.2,0.09980430528375739,True
2026-09-07,600493.SH,7.02,5.74,0.1003134796238244,True
2026-09-07,002424.SZ,5.05,4.13,0.10021786492374728,True
2026-09-07,600455.SH,27.27,22.31,0.10004033884630902,True
2026-09-07,603836.SH,10.3,8.42,0.10042735042735047,True
2026-09-07,001318.SZ,12.95,10.59,0.10025488530161425,True
2026-09-07,600731.SH,6.42,5.26,0.0993150684931507,True
2026-09-07,601188.SH,3.25,2.66,0.09983079526226732,True
2026-09-07,600363.SH,17.94,14.68,0.09993868792152058,True
2026-09-08,603231.SH,18.55,15.17,0.10023724792408069,True
2026-09-08,603182.SH,15.38,12.58,0.1001430615164521,True
2026-09-08,002633.SZ,16.2,13.26,0.09979633401221993,True
2026-09-08,000548.SZ,5.13,4.19,0.10085836909871239,True
2026-09-08,603332.SH,13.01,10.65,0.0997464074387151,True
2026-09-08,603041.SH,12.5,10.22,0.10035211267605632,True
2026-09-08,002932.SZ,16.83,13.77,0.09999999999999996,True
2026-09-08,002732.SZ,15.93,13.03,0.10013812154696133,True
2026-09-08,001219.SZ,14.55,11.91,0.0997732426303855,True
2026-09-08,603551.SH,10.54,8.62,0.1002087682672234,True
2026-09-08,603987.SH,8.34,6.82,0.10026385224274403,True
2026-09-08,600692.SH,7.26,5.94,0.09999999999999996,True
2026-09-08,000705.SZ,8.0,6.54,0.10041265474552957,True
2026-09-08,600084.SH,4.75,3.89,0.09953703703703702,True
2026-09-08,600543.SH,4.83,3.95,0.10022779043280179,True
2026-09-08,605337.SH,10.63,8.69,0.10041407867494831,True
2026-09-08,002715.SZ,15.42,12.62,0.09985734664764624,True
2026-09-08,603718.SH,3.58,2.93,0.0998463901689708,True
2026-09-08,603909.SH,10.84,8.87,0.099949264332826,True
2026-09-08,002022.SZ,6.35,5.19,0.10051993067590982,True
2026-09-08,000541.SZ,5.46,4.46,0.10080645161290323,True
2026-09-08,002598.SZ,7.77,6.35,0.10056657223796034,True
2026-09-08,600493.SH,7.06,5.78,0.09968847352024918,True
2026-09-08,600149.SH,5.62,4.6,0.09980430528375739,True
2026-09-08,001318.SZ,13.27,10.85,0.10033167495854063,True
2026-09-08,603214.SH,15.31,12.53,0.0998563218390805,True
2026-09-08,600455.SH,27.3,22.34,0.09991941982272362,True
2026-09-08,603566.SH,11.76,9.62,0.10009354536950424,True
2026-09-08,603836.SH,10.41,8.51,0.10042283298097253,True
2026-09-08,000411.SZ,11.18,9.14,0.10039370078740154,True
2026-09-08,001387.SZ,13.32,10.9,0.09991742361684558,True
2026-09-08,002424.SZ,5.1,4.18,0.09913793103448276,True
2026-09-08,000698.SZ,4.02,3.29,0.09986320109439119,True
2026-09-08,000028.SZ,22.37,18.31,0.09980334316617508,True
2026-09-08,603235.SH,27.83,22.77,0.09999999999999999,True
2026-09-08,600235.SH,6.47,5.29,0.10034013605442174,True
2026-09-08,600365.SH,3.18,2.6,0.10034602076124569,True
2026-09-08,600653.SH,1.93,1.58,0.09971509971509969,True
2026-09-08,605259.SH,19.53,15.98,0.09997183891861448,True
2026-09-08,000615.SZ,3.7,3.02,0.1011904761904762,True
2026-09-09,603231.SH,18.76,15.35,0.0999706830841396,True
2026-09-09,603182.SH,15.58,12.74,0.1002824858757062,True
2026-09-09,002633.SZ,16.27,13.31,0.1000676132521974,True
2026-09-09,603041.SH,12.62,10.32,0.10026155187445507,True
2026-09-09,600692.SH,7.44,6.08,0.10059171597633139,True
2026-09-09,600543.SH,4.88,4.0,0.0990990990990991,True
2026-09-09,001219.SZ,14.54,11.9,0.09984871406959149,True
2026-09-09,000548.SZ,5.24,4.28,0.10084033613445378,True
2026-09-09,002932.SZ,17.16,14.04,0.10000000000000003,True
2026-09-09,603332.SH,13.15,10.76,0.09995817649519032,True
2026-09-09,603551.SH,10.73,8.78,0.09994874423372636,True
2026-09-09,603987.SH,8.47,6.93,0.10000000000000006,True
2026-09-09,002732.SZ,16.25,13.29,0.10020311442112394,True
2026-09-09,000541.SZ,5.52,4.52,0.09960159362549802,True
2026-09-09,002646.SZ,8.12,6.64,0.10027100271002708,True
2026-09-09,001387.SZ,13.43,10.99,0.09991809991809988,True
2026-09-09,600149.SH,5.71,4.67,0.10019267822736032,True
2026-09-09,002715.SZ,15.63,12.79,0.09992962702322314,True
2026-09-09,600084.SH,4.82,3.94,0.10045662100456625,True
2026-09-09,605337.SH,10.74,8.78,0.10040983606557381,True
2026-09-09,600493.SH,7.13,5.83,0.10030864197530862,True
2026-09-09,600363.SH,17.66,14.45,0.09996885705387733,True
2026-09-09,603909.SH,11.02,9.02,0.0998003992015968,True
2026-09-09,605588.SH,49.89,40.82,0.0999889758571271,True
2026-09-09,002817.SZ,7.56,6.18,0.10043668122270742,True
2026-09-09,002424.SZ,5.17,4.23,0.09999999999999995,True
2026-09-09,000705.SZ,8.17,6.69,0.09959623149394345,True
2026-09-09,605259.SH,19.84,16.24,0.09977827050997787,True
2026-09-09,603836.SH,10.49,8.59,0.09958071278825999,True
2026-09-09,605507.SH,17.06,13.96,0.09993552546744029,True
2026-09-09,002022.SZ,6.49,5.31,0.10000000000000005,True
2026-09-09,002014.SZ,12.47,10.21,0.09964726631393298,True
2026-09-09,603211.SH,23.0,18.82,0.09995217599234815,True
2026-09-09,601188.SH,3.28,2.68,0.10067114093959725,True
2026-09-09,600731.SH,6.72,5.5,0.09983633387888706,True
2026-09-09,603235.SH,27.83,22.77,0.09999999999999999,True
2026-09-09,600168.SH,4.98,4.08,0.0993377483443709,True
2026-09-09,000698.SZ,4.08,3.34,0.09973045822102429,True
2026-09-09,000615.SZ,3.69,3.02,0.0998509687034277,True
2026-09-09,603718.SH,3.6,2.94,0.10091743119266057,True
2026-09-10,603231.SH,18.69,15.29,0.10005885815185409,True
2026-09-10,603182.SH,15.66,12.82,0.0997191011235955,True
2026-09-10,603211.SH,22.77,18.63,0.10000000000000002,True
2026-09-10,605588.SH,49.96,40.88,0.09995596653456625,True
2026-09-10,603324.SH,28.27,23.13,0.10000000000000002,True
2026-09-10,600363.SH,17.37,14.21,0.10006333122229259,True
2026-09-10,603065.SH,15.35,12.56,0.09996417054819058,True
2026-09-10,603823.SH,64.22,52.54,0.10003425830763961,True
2026-09-10,603407.SH,59.19,48.43,0.09998141609366286,True
2026-09-10,002633.SZ,16.23,13.28,0.09996611318197225,True
2026-09-10,603931.SH,37.04,30.3,0.10008910008910006,True
2026-09-10,600692.SH,7.46,6.1,0.10029498525073749,True
2026-09-10,002674.SZ,21.31,17.43,0.1001548786783686,True
2026-09-10,001387.SZ,13.42,10.98,0.09999999999999999,True
2026-09-10,002715.SZ,15.39,12.59,0.10007147962830595,True
2026-09-10,605376.SH,146.78,120.1,0.09997002398081538,True
2026-09-10,603958.SH,19.09,15.62,0.09997118985883033,True
2026-09-10,603683.SH,17.4,14.24,0.09987357774968389,True
2026-09-10,000541.SZ,5.5,4.5,0.1,True
2026-09-10,603041.SH,12.74,10.42,0.10017271157167532,True
2026-09-10,002861.SZ,16.79,13.73,0.10026212319790298,True
2026-09-10,605507.SH,17.26,14.12,0.10006373486297011,True
2026-09-10,603276.SH,18.45,15.09,0.10017889087656529,True
2026-09-10,603551.SH,10.59,8.67,0.09968847352024923,True
2026-09-10,001256.SZ,24.48,20.03,0.09997753313862051,True
2026-09-10,000548.SZ,5.19,4.25,0.0995762711864407,True
2026-09-10,603520.SH,9.61,7.87,0.0995423340961098,True
2026-09-10,605259.SH,19.89,16.27,0.10011061946902658,True
2026-09-10,002646.SZ,7.99,6.53,0.10055096418732783,True
2026-09-10,600543.SH,4.83,3.95,0.10022779043280179,True
2026-09-10,603773.SH,94.61,77.41,0.09998837344494829,True
2026-09-10,002836.SZ,11.51,9.41,0.10038240917782024,True
2026-09-10,001234.SZ,25.84,21.14,0.1000425713069391,True
2026-09-10,600149.SH,5.73,4.69,0.09980806142034547,True
2026-09-10,600883.SH,9.36,7.66,0.09988249118683898,True
2026-09-10,002981.SZ,26.66,21.82,0.09983498349834982,True
2026-09-10,603235.SH,27.98,22.9,0.09984276729559753,True
2026-09-10,603078.SH,35.06,28.68,0.10009413241292756,True
2026-09-10,603332.SH,13.05,10.67,0.10033726812816193,True
2026-09-10,600493.SH,7.06,5.78,0.09968847352024918,True
2026-09-11,603823.SH,62.04,50.76,0.10000000000000002,True
2026-09-11,603211.SH,22.23,18.19,0.09995051954477979,True
2026-09-11,600363.SH,17.14,14.02,0.10012836970474971,True
2026-09-11,603065.SH,15.04,12.3,0.10021945866861735,True
2026-09-11,603324.SH,27.94,22.86,0.10000000000000005,True
2026-09-11,603773.SH,95.82,78.4,0.09998852026173796,True
2026-09-11,603407.SH,57.49,47.03,0.10007654037504783,True
2026-09-11,605588.SH,48.95,40.05,0.10000000000000006,True
2026-09-11,603931.SH,36.45,29.83,0.09987929993965004,True
2026-09-11,603661.SH,34.32,28.08,0.10000000000000003,True
2026-09-11,603683.SH,16.9,13.82,0.10026041666666662,True
2026-09-11,605376.SH,146.87,120.17,0.0999850209706411,True
2026-09-11,603078.SH,34.65,28.35,0.09999999999999995,True
2026-09-11,001270.SZ,106.95,87.51,0.0999691453255168,True
2026-09-11,001256.SZ,23.96,19.6,0.10009182736455462,True
2026-09-11,002674.SZ,20.82,17.04,0.09984152139461176,True
2026-09-11,603958.SH,17.71,14.49,0.1,True
2026-09-11,603231.SH,18.5,15.14,0.09988109393579071,True
2026-09-11,002861.SZ,16.34,13.37,0.09996634129922587,True
2026-09-11,603703.SH,11.17,9.14,0.09995076317085176,True
2026-09-11,603738.SH,39.04,31.94,0.10002817695125384,True
2026-09-11,001359.SZ,91.23,74.65,0.09995177236556546,True
2026-09-11,601133.SH,25.71,21.03,0.10012836970474967,True
2026-09-11,002931.SZ,46.26,37.85,0.09998811080727614,True
2026-09-11,603182.SH,15.24,12.47,0.09996391194514614,True
2026-09-11,002715.SZ,15.18,12.42,0.09999999999999999,True
2026-09-11,603890.SH,19.72,16.14,0.0998326826547685,True
2026-09-11,002742.SZ,4.81,3.93,0.10068649885583518,True
2026-09-11,002903.SZ,29.48,24.12,0.09999999999999999,True
2026-09-11,002993.SZ,40.05,32.77,0.09997253501785217,True
2026-09-11,603690.SH,26.06,21.32,0.10004221190375684,True
2026-09-11,003026.SZ,30.38,24.86,0.0999275887038378,True
2026-09-11,605358.SH,45.47,37.21,0.09990324141267534,True
2026-09-11,600552.SH,18.49,15.13,0.0999405116002379,True
2026-09-11,603488.SH,9.25,7.57,0.09988109393579071,True
2026-09-11,001387.SZ,13.11,10.73,0.09983221476510062,True
2026-09-11,603928.SH,12.43,10.17,0.09999999999999998,True
2026-09-11,002992.SZ,37.13,30.38,0.09998518737964751,True
2026-09-11,002965.SZ,31.03,25.39,0.0999645515774548,True
2026-09-11,603045.SH,55.04,45.04,0.09992006394884093,True
2026-09-14,603823.SH,59.73,48.87,0.1,True
2026-09-14,603065.SH,14.91,12.2,0.09996311324234602,True
2026-09-14,603211.SH,21.86,17.88,0.10015098137896329,True
2026-09-14,600363.SH,16.72,13.68,0.09999999999999998,True
2026-09-14,603407.SH,56.79,46.47,0.09994189424753051,True
2026-09-14,603324.SH,27.26,22.3,0.1000807102502018,True
2026-09-14,001270.SZ,105.91,86.65,0.10002077274615699,True
2026-09-14,603078.SH,33.63,27.51,0.10009813542688913,True
2026-09-14,603045.SH,54.01,44.19,0.10000000000000002,True
2026-09-14,603931.SH,35.83,29.31,0.1000921093030396,True
2026-09-14,001256.SZ,23.19,18.97,0.10009487666034163,True
2026-09-14,605376.SH,148.36,121.38,0.10002224364202572,True
2026-09-14,605588.SH,47.82,39.12,0.1000690131124914,True
2026-09-14,603738.SH,38.57,31.55,0.10011409013120363,True
2026-09-14,603703.SH,11.06,9.05,0.09995027349577323,True
2026-09-14,603958.SH,17.19,14.07,0.09980806142034551,True
2026-09-14,603690.SH,25.41,20.79,0.10000000000000002,True
2026-09-14,001359.SZ,90.08,73.7,0.10001221150323603,True
2026-09-14,601133.SH,25.11,20.55,0.09986859395532192,True
2026-09-14,603890.SH,18.76,15.35,0.0999706830841396,True
2026-09-14,002742.SZ,4.68,3.83,0.09988249118683898,True
2026-09-14,600584.SH,74.51,60.97,0.09994095069382938,True
2026-09-14,603231.SH,18.24,14.92,0.10012062726176112,True
2026-09-14,603773.SH,92.63,75.79,0.09998812492578071,True
2026-09-14,002149.SZ,36.92,30.2,0.10011918951132304,True
2026-09-14,605358.SH,44.66,36.54,0.09999999999999998,True
2026-09-14,002931.SZ,44.91,36.75,0.09992652461425419,True
2026-09-14,002674.SZ,20.47,16.75,0.09994626544868347,True
2026-09-14,603182.SH,14.76,12.08,0.0998509687034277,True
2026-09-14,603061.SH,334.09,273.35,0.09999341498748839,True
2026-09-14,603929.SH,170.16,139.22,0.1000064645419872,True
2026-09-14,002861.SZ,15.86,12.98,0.09986130374479886,True
2026-09-14,002842.SZ,36.47,29.84,0.09998491931835317,True
2026-09-14,002965.SZ,30.32,24.8,0.10014513788098692,True
2026-09-14,603629.SH,115.81,94.75,0.10001899696048633,True
2026-09-14,603005.SH,31.63,25.88,0.09998261171970092,True
2026-09-14,002943.SZ,32.1,26.26,0.10006854009595613,True
2026-09-14,600460.SH,33.08,27.06,0.10009976720984369,True
2026-09-14,605318.SH,83.28,68.14,0.09998679170519086,True
2026-09-14,002409.SZ,142.99,116.99,0.10000769289945385,True
2026-09-15,603823.SH,60.36,49.38,0.10005467468562051,True
2026-09-15,603065.SH,14.96,12.24,0.10000000000000002,True
2026-09-15,002041.SZ,11.14,9.12,0.09970384995064173,True
2026-09-15,600363.SH,16.71,13.67,0.10006583278472682,True
2026-09-15,603211.SH,22.06,18.05,0.09997506856145595,True
2026-09-15,605376.SH,151.36,123.84,0.10000000000000002,True
2026-09-15,603045.SH,53.77,43.99,0.10004091653027825,True
2026-09-15,603661.SH,36.61,29.95,0.10006009615384616,True
2026-09-15,001270.SZ,107.7,88.12,0.09998978653865795,True
2026-09-15,600313.SH,7.61,6.23,0.09971098265895953,True
2026-09-15,603324.SH,27.36,22.38,0.10012062726176117,True
2026-09-15,002149.SZ,36.67,30.01,0.09988002399520095,True
2026-09-15,603395.SH,27.75,22.71,0.09988109393579071,True
2026-09-15,601133.SH,25.15,20.57,0.100174978127734,True
2026-09-15,603703.SH,10.98,8.98,0.1002004008016032,True
2026-09-15,603407.SH,57.66,47.18,0.09996184662342614,True
2026-09-15,603890.SH,18.99,15.53,0.10023174971031285,True
2026-09-15,002742.SZ,4.65,3.81,0.099290780141844,True
2026-09-15,603690.SH,25.6,20.94,0.10012892135797162,True
2026-09-15,600584.SH,72.96,59.7,0.09995477159656257,True
2026-09-15,603078.SH,34.11,27.91,0.09996775233795549,True
2026-09-15,603738.SH,38.75,31.71,0.09991484530229916,True
2026-09-15,002999.SZ,7.16,5.86,0.0998463901689708,True
2026-09-15,001256.SZ,23.45,19.19,0.09990619136960596,True
2026-09-15,000017.SZ,8.25,6.75,0.1,True
2026-09-15,002965.SZ,30.45,24.91,0.1000722543352601,True
2026-09-15,605358.SH,44.55,36.45,0.09999999999999994,True
2026-09-15,002903.SZ,29.79,24.37,0.10007385524372228,True
2026-09-15,000998.SZ,9.91,8.11,0.09988901220865709,True
2026-09-15,002484.SZ,63.94,52.32,0.09994839153621192,True
2026-09-15,002937.SZ,30.46,24.92,0.10003611412062115,True
2026-09-15,605588.SH,48.53,39.71,0.0999546690843155,True
2026-09-15,603929.SH,165.62,135.5,0.10002656748140278,True
2026-09-15,002931.SZ,45.36,37.12,0.09990300678952477,True
2026-09-15,600703.SH,13.85,11.33,0.1000794281175536,True
2026-09-15,002993.SZ,39.55,32.36,0.09998609372827143,True
2026-09-15,603061.SH,333.21,272.63,0.0999933975967252,True
2026-09-15,000551.SZ,13.4,10.96,0.10016420361247946,True
2026-09-15,603399.SH,14.94,12.22,0.10014727540500733,True
2026-09-15,000779.SZ,9.69,7.93,0.09988649262202043,True
2026-09-16,603823.SH,59.49,48.67,0.10003698224852071,True
2026-09-16,002041.SZ,10.73,8.78,0.09994874423372636,True
2026-09-16,603065.SH,15.09,12.35,0.09985422740524783,True
2026-09-16,603211.SH,21.82,17.86,0.09979838709677422,True
2026-09-16,600313.SH,7.27,5.95,0.09984871406959149,True
2026-09-16,600363.SH,16.43,13.45,0.09973226238286481,True
2026-09-16,603395.SH,27.02,22.1,0.10016286644951135,True
2026-09-16,002999.SZ,6.88,5.63,0.09992006394884093,True
2026-09-16,002674.SZ,20.27,16.59,0.09983722192078133,True
2026-09-16,603958.SH,17.45,14.27,0.10025220680958385,True
2026-09-16,002742.SZ,4.46,3.65,0.09987669543773121,True
2026-09-16,603890.SH,18.39,15.05,0.09988038277511962,True
2026-09-16,000998.SZ,9.65,7.89,0.10034207525655649,True
2026-09-16,000779.SZ,9.3,7.61,0.09994086339444118,True
2026-09-16,603182.SH,14.31,11.71,0.09992313604919291,True
2026-09-16,002149.SZ,36.39,29.77,0.10006045949214029,True
2026-09-16,002437.SZ,3.69,3.02,0.0998509687034277,True
2026-09-16,603661.SH,34.36,28.12,0.09987195902688857,True
2026-09-16,600191.SH,10.51,8.6,0.09994767137624282,True
2026-09-16,002855.SZ,13.46,11.02,0.09967320261437913,True
2026-09-16,002965.SZ,30.06,24.6,0.09989023051591653,True
2026-09-16,600783.SH,16.89,13.82,0.09996743731683491,True
2026-09-16,603045.SH,53.42,43.7,0.10008237232289949,True
2026-09-16,002931.SZ,44.45,36.37,0.09997525365008669,True
2026-09-16,603231.SH,18.04,14.76,0.09999999999999999,True
2026-09-16,002937.SZ,29.84,24.42,0.09988942130482856,True
2026-09-16,001270.SZ,108.2,88.52,0.10004066693777962,True
2026-09-16,000017.SZ,7.9,6.46,0.10027855153203345,True
2026-09-16,001256.SZ,23.35,19.11,0.0998586905322657,True
2026-09-16,000716.SZ,5.56,4.55,0.09990108803165182,True
2026-09-16,605179.SH,27.5,22.5,0.1,True
2026-09-16,600683.SH,10.21,8.35,0.10021551724137936,True
2026-09-16,003043.SZ,67.77,55.45,0.09998376886869009,True
2026-09-16,002943.SZ,31.6,25.86,0.09989557953358862,True
2026-09-16,605376.SH,148.61,121.59,0.10000000000000002,True
2026-09-16,603339.SH,13.52,11.06,0.10008136696501217,True
2026-09-16,002646.SZ,7.38,6.04,0.0998509687034277,True
2026-09-16,002747.SZ,31.49,25.77,0.09989521480964023,True
2026-09-16,002412.SZ,9.56,7.82,0.1001150747986191,True
2026-09-16,603682.SH,10.59,8.67,0.09968847352024923,True
2026-09-17,603065.SH,15.84,12.96,0.09999999999999996,True
2026-09-17,603823.SH,60.95,49.87,0.09998195271611628,True
2026-09-17,603958.SH,17.82,14.58,0.1,True
2026-09-17,600363.SH,17.01,13.91,0.10025873221216046,True
2026-09-17,603211.SH,21.84,17.87,0.09997481742634094,True
2026-09-17,002674.SZ,21.23,17.37,0.09999999999999998,True
2026-09-17,002041.SZ,10.8,8.84,0.09979633401222,True
2026-09-17,603395.SH,27.04,22.12,0.10008136696501217,True
2026-09-17,002999.SZ,6.91,5.65,0.1003184713375796,True
2026-09-17,600584.SH,76.51,62.6,0.09999281144418089,True
2026-09-17,605376.SH,152.14,124.48,0.09999276986479641,True
2026-09-17,002149.SZ,37.04,30.3,0.10008910008910006,True
2026-09-17,002437.SZ,3.73,3.05,0.10029498525073749,True
2026-09-17,001270.SZ,110.24,90.2,0.09998004390341246,True
2026-09-17,603890.SH,18.58,15.2,0.10005920663114265,True
2026-09-17,603182.SH,14.33,11.73,0.09976976208749039,True
2026-09-17,600191.SH,10.54,8.62,0.1002087682672234,True
2026-09-17,000779.SZ,9.36,7.66,0.09988249118683898,True
2026-09-17,003043.SZ,69.91,57.2,0.09999213279836357,True
2026-09-17,603078.SH,36.05,29.49,0.10009154714678059,True
2026-09-17,002855.SZ,13.6,11.12,0.10032362459546927,True
2026-09-17,603231.SH,18.21,14.9,0.09996979764421626,True
2026-09-17,603690.SH,26.66,21.82,0.09983498349834982,True
2026-09-17,000017.SZ,8.25,6.75,0.1,True
2026-09-17,002937.SZ,29.6,24.22,0.09996283909327393,True
2026-09-17,603703.SH,11.39,9.32,0.09995171414775472,True
2026-09-17,002742.SZ,4.47,3.65,0.10098522167487683,True
2026-09-17,002346.SZ,20.55,16.81,0.10010706638115636,True
2026-09-17,002931.SZ,45.08,36.88,0.10004880429477787,True
2026-09-17,600783.SH,16.75,13.71,0.09980302035456333,True
2026-09-17,000998.SZ,9.63,7.88,0.09994288977727017,True
2026-09-17,603519.SH,16.31,13.35,0.09979770734996626,True
2026-09-17,002861.SZ,15.73,12.87,0.10000000000000003,True
2026-09-17,002965.SZ,30.64,25.07,0.09998204990127446,True
2026-09-17,600313.SH,7.44,6.08,0.10059171597633139,True
2026-09-17,603661.SH,34.3,28.06,0.10006414368184731,True
2026-09-17,600683.SH,10.41,8.51,0.10042283298097253,True
2026-09-17,603516.SH,94.55,77.36,0.09999418300273398,True
2026-09-17,603950.SH,60.56,49.55,0.0999909181727364,True
2026-09-17,603682.SH,10.8,8.84,0.09979633401222,True
2026-09-18,603958.SH,18.15,14.85,0.09999999999999996,True
2026-09-18,603823.SH,63.36,51.84,0.09999999999999996,True
2026-09-18,603231.SH,18.29,14.97,0.0998196031268791,True
2026-09-18,603182.SH,14.52,11.88,0.09999999999999996,True
2026-09-18,603065.SH,15.35,12.56,0.09996417054819058,True
2026-09-18,002674.SZ,21.22,17.36,0.10005184033177811,True
2026-09-18,600191.SH,10.56,8.64,0.09999999999999998,True
2026-09-18,002041.SZ,11.45,9.37,0.09990393852065323,True
2026-09-18,002999.SZ,6.95,5.69,0.09968354430379744,True
2026-09-18,603395.SH,27.56,22.55,0.09998004390341246,True
2026-09-18,603211.SH,21.91,17.93,0.0998995983935743,True
2026-09-18,603890.SH,19.2,15.71,0.09997135491263245,True
2026-09-18,603703.SH,11.12,9.1,0.09990108803165182,True
2026-09-18,002646.SZ,7.47,6.11,0.10014727540500733,True
2026-09-18,000998.SZ,9.94,8.14,0.09955752212389375,True
2026-09-18,000017.SZ,8.18,6.7,0.09946236559139783,True
2026-09-18,002890.SZ,15.8,12.92,0.10027855153203345,True
2026-09-18,002861.SZ,16.15,13.21,0.10013623978201627,True
2026-09-18,600084.SH,4.82,3.94,0.10045662100456625,True
2026-09-18,603519.SH,16.98,13.9,0.09974093264248704,True
2026-09-18,000779.SZ,9.61,7.87,0.0995423340961098,True
2026-09-18,603029.SH,17.92,14.66,0.10006138735420508,True
2026-09-18,002855.SZ,13.68,11.2,0.09967845659163989,True
2026-09-18,002014.SZ,12.08,9.88,0.1001821493624772,True
2026-09-18,002937.SZ,29.76,24.35,0.09998151912770283,True
2026-09-18,000890.SZ,8.39,6.87,0.0996068152031455,True
2026-09-18,001387.SZ,12.52,10.24,0.10017574692442881,True
2026-09-18,002742.SZ,4.47,3.65,0.10098522167487683,True
2026-09-18,000720.SZ,4.38,3.58,0.10050251256281405,True
2026-09-18,003042.SZ,15.47,12.65,0.10028449502133713,True
2026-09-18,600543.SH,4.49,3.67,0.1004901960784314,True
2026-09-18,603057.SH,20.48,16.76,0.0998925886143931,True
2026-09-18,603339.SH,14.03,11.48,0.09996079968639746,True
2026-09-18,002556.SZ,5.7,4.66,0.1003861003861004,True
2026-09-18,603682.SH,10.71,8.77,0.09958932238193025,True
2026-09-18,001256.SZ,23.66,19.36,0.09995350999535102,True
2026-09-18,002437.SZ,3.77,3.09,0.09912536443148691,True
2026-09-18,600313.SH,7.85,6.43,0.09943977591036414,True
2026-09-18,002072.SZ,7.59,6.21,0.09999999999999999,True
2026-09-18,000716.SZ,5.61,4.59,0.10000000000000005,True
2026-09-21,603231.SH,18.37,15.03,0.10000000000000005,True
2026-09-21,603182.SH,14.42,11.8,0.09992372234935161,True
2026-09-21,002646.SZ,7.48,6.12,0.10000000000000002,True
2026-09-21,600084.SH,4.81,3.93,0.10068649885583518,True
2026-09-21,002014.SZ,12.07,9.87,0.10027347310847773,True
2026-09-21,002890.SZ,16.3,13.34,0.09986504723346831,True
2026-09-21,600543.SH,4.49,3.67,0.1004901960784314,True
2026-09-21,603970.SH,12.0,9.82,0.09990834097158569,True
2026-09-21,603029.SH,18.12,14.82,0.10018214936247725,True
2026-09-21,002758.SZ,9.44,7.72,0.10023310023310021,True
2026-09-21,002556.SZ,5.69,4.65,0.10058027079303676,True
2026-09-21,000998.SZ,9.89,8.09,0.10011123470522806,True
2026-09-21,603237.SH,16.29,13.33,0.09993247805536797,True
2026-09-21,000720.SZ,4.46,3.65,0.09987669543773121,True
2026-09-21,603307.SH,26.91,22.01,0.10016353229762875,True
2026-09-21,003030.SZ,28.8,23.56,0.1000763941940413,True
2026-09-21,600097.SH,10.13,8.29,0.09989142236699249,True
2026-09-21,601996.SH,3.3,2.7,0.09999999999999994,True
2026-09-21,600191.SH,10.67,8.73,0.09999999999999998,True
2026-09-21,001387.SZ,12.65,10.35,0.10000000000000003,True
2026-09-21,002041.SZ,11.32,9.26,0.10009718172983482,True
2026-09-21,600493.SH,6.89,5.63,0.10063897763578274,True
2026-09-21,003042.SZ,15.35,12.56,0.09996417054819058,True
2026-09-21,600217.SH,3.55,2.91,0.09907120743034051,True
2026-09-21,000541.SZ,5.4,4.42,0.09979633401222,True
2026-09-21,600692.SH,7.01,5.73,0.10047095761381471,True
2026-09-21,600136.SH,1.64,1.34,0.10067114093959725,True
2026-09-21,600365.SH,3.11,2.55,0.09893992932862192,True
2026-09-21,603823.SH,60.94,49.86,0.09999999999999999,True
2026-09-21,002069.SZ,4.02,3.29,0.09986320109439119,True
2026-09-21,000529.SZ,5.35,4.37,0.10082304526748967,True
2026-09-21,603609.SH,6.95,5.69,0.09968354430379744,True
2026-09-21,600731.SH,6.35,5.19,0.10051993067590982,True
2026-09-21,603519.SH,17.11,14.0,0.09996785599485694,True
2026-09-21,600300.SH,3.45,2.83,0.09872611464968155,True
2026-09-21,600883.SH,8.58,7.02,0.10000000000000003,True
2026-09-21,601718.SH,2.17,1.77,0.1015228426395939,True
2026-09-21,605500.SH,8.11,6.63,0.1004070556309362,True
2026-09-21,000045.SZ,12.19,9.97,0.10018050541516241,True
2026-09-21,603703.SH,11.26,9.22,0.09960937499999996,True
2026-09-22,603182.SH,14.89,12.19,0.09970457902511083,True
2026-09-22,603231.SH,18.87,15.44,0.09997085397843199,True
2026-09-22,002646.SZ,7.76,6.35,0.09992912827781716,True
2026-09-22,600084.SH,4.85,3.97,0.09977324263038542,True
2026-09-22,002890.SZ,16.5,13.5,0.1,True
2026-09-22,603237.SH,16.69,13.65,0.10019775873434413,True
2026-09-22,603307.SH,27.57,22.55,0.10015961691939344,True
2026-09-22,603029.SH,18.4,15.06,0.0998206814106395,True
2026-09-22,003042.SZ,15.84,12.96,0.09999999999999996,True
2026-09-22,002041.SZ,11.63,9.51,0.10028382213812682,True
2026-09-22,600493.SH,7.05,5.77,0.09984399375975041,True
2026-09-22,601996.SH,3.29,2.69,0.10033444816053512,True
2026-09-22,603970.SH,12.52,10.24,0.10017574692442881,True
2026-09-22,001387.SZ,12.91,10.57,0.09965928449744463,True
2026-09-22,600097.SH,10.34,8.46,0.09999999999999995,True
2026-09-22,002014.SZ,12.1,9.9,0.09999999999999996,True
2026-09-22,603703.SH,11.97,9.79,0.10018382352941184,True
2026-09-22,600692.SH,7.25,5.93,0.10015174506828531,True
2026-09-22,000529.SZ,5.54,4.54,0.0992063492063492,True
2026-09-22,000998.SZ,9.99,8.17,0.10022026431718063,True
2026-09-22,002758.SZ,9.59,7.85,0.09977064220183489,True
2026-09-22,600365.SH,3.15,2.57,0.10139860139860142,True
2026-09-22,600136.SH,1.65,1.35,0.09999999999999994,True
2026-09-22,600883.SH,8.84,7.24,0.09950248756218905,True
2026-09-22,600543.SH,4.59,3.75,0.10071942446043164,True
2026-09-22,600217.SH,3.59,2.93,0.10122699386503063,True
2026-09-22,000720.SZ,4.48,3.66,0.10073710073710077,True
2026-09-22,603968.SH,11.59,9.49,0.09962049335863377,True
2026-09-22,605089.SH,22.99,18.81,0.1,True
2026-09-22,002556.SZ,5.76,4.72,0.09923664122137404,True
2026-09-22,002069.SZ,4.21,3.45,0.09921671018276759,True
2026-09-22,600731.SH,6.5,5.32,0.09983079526226732,True
2026-09-22,000541.SZ,5.46,4.46,0.10080645161290323,True
2026-09-22,603536.SH,10.99,8.99,0.10010010010010009,True
2026-09-22,001367.SZ,23.55,19.27,0.09995329285380666,True
2026-09-22,605007.SH,16.7,13.66,0.10013175230566532,True
2026-09-22,002016.SZ,5.18,4.24,0.09978768577494687,True
2026-09-22,600980.SH,21.33,17.45,0.10005157297576067,True
2026-09-22,000663.SZ,6.69,5.47,0.1003289473684211,True
2026-09-22,601718.SH,2.19,1.79,0.10050251256281405,True
2026-09-23,603231.SH,18.95,15.51,0.09982588508415552,True
2026-09-23,603182.SH,14.99,12.27,0.09977989728539989,True
2026-09-23,002890.SZ,17.18,14.06,0.09987195902688857,True
2026-09-23,600084.SH,4.94,4.04,0.10022271714922053,True
2026-09-23,603237.SH,16.79,13.73,0.10026212319790298,True
2026-09-23,001387.SZ,13.15,10.76,0.09995817649519032,True
2026-09-23,603307.SH,28.17,23.05,0.09996095275283094,True
2026-09-23,603029.SH,18.59,15.21,0.09999999999999998,True
2026-09-23,601996.SH,3.3,2.7,0.09999999999999994,True
2026-09-23,003042.SZ,15.97,13.07,0.09986225895316805,True
2026-09-23,603970.SH,12.27,10.04,0.09995517705064996,True
2026-09-23,600493.SH,7.11,5.81,0.10061919504643968,True
2026-09-23,002014.SZ,12.03,9.85,0.0996343692870201,True
2026-09-23,002646.SZ,7.77,6.35,0.10056657223796034,True
2026-09-23,600883.SH,8.93,7.31,0.0997536945812808,True
2026-09-23,600365.SH,3.15,2.57,0.10139860139860142,True
2026-09-23,600136.SH,1.65,1.35,0.09999999999999994,True
2026-09-23,603703.SH,11.65,9.53,0.10009442870632677,True
2026-09-23,600097.SH,10.33,8.45,0.10010649627263049,True
2026-09-23,003030.SZ,30.32,24.8,0.10014513788098692,True
2026-09-23,000752.SZ,9.54,7.8,0.10034602076124563,True
2026-09-23,600731.SH,6.47,5.29,0.10034013605442174,True
2026-09-23,002016.SZ,5.25,4.29,0.10062893081761007,True
2026-09-23,603109.SH,19.04,15.58,0.09994222992489889,True
2026-09-23,001308.SZ,19.98,16.34,0.10022026431718063,True
2026-09-23,002758.SZ,9.46,7.74,0.10000000000000002,True
2026-09-23,603116.SH,7.37,6.03,0.09999999999999999,True
2026-09-23,603126.SH,7.03,5.75,0.10015649452269172,True
2026-09-23,605300.SH,11.64,9.52,0.10018903591682424,True
2026-09-23,603648.SH,10.54,8.62,0.1002087682672234,True
2026-09-23,600543.SH,4.53,3.71,0.09951456310679614,True
2026-09-23,000045.SZ,12.3,10.06,0.10017889087656531,True
2026-09-23,003015.SZ,13.83,11.31,0.10023866348448686,True
2026-09-23,605138.SH,6.77,5.54,0.09991876523151906,True
2026-09-23,600692.SH,7.24,5.92,0.10030395136778117,True
2026-09-23,603041.SH,12.56,10.28,0.09982486865148867,True
2026-09-23,001219.SZ,14.04,11.48,0.1003134796238244,True
2026-09-23,000541.SZ,5.43,4.45,0.09919028340080968,True
2026-09-23,603739.SH,14.52,11.88,0.09999999999999996,True
2026-09-23,603536.SH,11.01,9.01,0.0999000999000999,True
