date,ts_code,weight,actual_ret,strategy
2019-01-31,801010.SI,0.2,0.21977167902555883,momentum_6_1
2019-01-31,801770.SI,0.2,0.27865826323145493,momentum_6_1
2019-01-31,801180.SI,0.2,0.13690504045078056,momentum_6_1
2019-01-31,801730.SI,0.2,0.17077446943734476,momentum_6_1
2019-01-31,801720.SI,0.2,0.14399025536834986,momentum_6_1
2019-02-28,801010.SI,0.2,0.17539736425201502,momentum_6_1
2019-02-28,801730.SI,0.2,0.07486616000898505,momentum_6_1
2019-02-28,801110.SI,0.2,0.07761313796578961,momentum_6_1
2019-02-28,801180.SI,0.2,0.11857409882425873,momentum_6_1
2019-02-28,801120.SI,0.2,0.1621849903572148,momentum_6_1
2019-03-31,801010.SI,0.2,0.05821731145210007,momentum_6_1
2019-03-31,801770.SI,0.2,-0.022988954525755223,momentum_6_1
2019-03-31,801730.SI,0.2,-0.05081937950070958,momentum_6_1
2019-03-31,801230.SI,0.2,-0.05190958828797665,momentum_6_1
2019-03-31,801180.SI,0.2,-0.03965245925768801,momentum_6_1
2019-04-30,801010.SI,0.2,-0.017263242757527997,momentum_6_1
2019-04-30,801120.SI,0.2,-0.04343478450722671,momentum_6_1
2019-04-30,801770.SI,0.2,-0.08837692568985156,momentum_6_1
2019-04-30,801750.SI,0.2,-0.05641225259753868,momentum_6_1
2019-04-30,801230.SI,0.2,-0.06322075589932563,momentum_6_1
2019-05-31,801010.SI,0.2,-0.08030968535830874,momentum_6_1
2019-05-31,801120.SI,0.2,0.10231455486929941,momentum_6_1
2019-05-31,801110.SI,0.2,0.03969926048158512,momentum_6_1
2019-05-31,801770.SI,0.2,0.03531913028230771,momentum_6_1
2019-05-31,801750.SI,0.2,0.02264755204811708,momentum_6_1
2019-06-30,801010.SI,0.2,0.0730661066924354,momentum_6_1
2019-06-30,801120.SI,0.2,-0.0273049532804458,momentum_6_1
2019-06-30,801110.SI,0.2,0.009354415052569953,momentum_6_1
2019-06-30,801750.SI,0.2,-0.013502901321646998,momentum_6_1
2019-06-30,801740.SI,0.2,0.04998430704389545,momentum_6_1
2019-07-31,801120.SI,0.2,0.08993278208922595,momentum_6_1
2019-07-31,801010.SI,0.2,0.0082519634131204,momentum_6_1
2019-07-31,801750.SI,0.2,0.03136054586367942,momentum_6_1
2019-07-31,801210.SI,0.2,0.019537522218624703,momentum_6_1
2019-07-31,801740.SI,0.2,0.045589252619801846,momentum_6_1
2019-08-31,801120.SI,0.2,-0.022492267448938508,momentum_6_1
2019-08-31,801010.SI,0.2,-0.08530524845271692,momentum_6_1
2019-08-31,801210.SI,0.2,-0.013931218860128713,momentum_6_1
2019-08-31,801110.SI,0.2,0.0022028740714929995,momentum_6_1
2019-08-31,801740.SI,0.2,-0.06933927973404552,momentum_6_1
2019-09-30,801120.SI,0.2,0.016584859040020383,momentum_6_1
2019-09-30,801210.SI,0.2,-0.01914137405784322,momentum_6_1
2019-09-30,801010.SI,0.2,0.1259784115697462,momentum_6_1
2019-09-30,801110.SI,0.2,0.04803849207927646,momentum_6_1
2019-09-30,801740.SI,0.2,-0.04787691551545592,momentum_6_1
2019-10-31,801080.SI,0.2,0.035991417608382203,momentum_6_1
2019-10-31,801120.SI,0.2,-0.025714233303109513,momentum_6_1
2019-10-31,801210.SI,0.2,-0.044744089739466086,momentum_6_1
2019-10-31,801980.SI,0.2,-0.05938355741316481,momentum_6_1
2019-10-31,801740.SI,0.2,-0.01736677636127315,momentum_6_1
2019-11-30,801080.SI,0.2,0.10540476152661094,momentum_6_1
2019-11-30,801120.SI,0.2,0.04601040115873256,momentum_6_1
2019-11-30,801150.SI,0.2,0.040323661745623296,momentum_6_1
2019-11-30,801980.SI,0.2,0.06142086645886602,momentum_6_1
2019-11-30,801210.SI,0.2,0.08231749555872403,momentum_6_1
2019-12-31,801080.SI,0.2,0.13541169776837791,momentum_6_1
2019-12-31,801150.SI,0.2,0.0467287615020362,momentum_6_1
2019-12-31,801120.SI,0.2,-0.058685391683798604,momentum_6_1
2019-12-31,801750.SI,0.2,0.07733589642594163,momentum_6_1
2019-12-31,801110.SI,0.2,-0.026310377096551818,momentum_6_1
2020-01-31,801080.SI,0.2,0.054112537678331574,momentum_6_1
2020-01-31,801710.SI,0.2,0.07158773483208791,momentum_6_1
2020-01-31,801760.SI,0.2,0.01796055272060082,momentum_6_1
2020-01-31,801750.SI,0.2,0.1061495695162249,momentum_6_1
2020-01-31,801150.SI,0.2,0.02340718996588853,momentum_6_1
2020-02-29,801080.SI,0.2,-0.20437596938310032,momentum_6_1
2020-02-29,801710.SI,0.2,0.0062994844592314525,momentum_6_1
2020-02-29,801760.SI,0.2,-0.10828393201627773,momentum_6_1
2020-02-29,801750.SI,0.2,-0.12811190368838843,momentum_6_1
2020-02-29,801730.SI,0.2,-0.0805549124025623,momentum_6_1
2020-03-31,801080.SI,0.2,0.11424079377389651,momentum_6_1
2020-03-31,801750.SI,0.2,0.0755829525273295,momentum_6_1
2020-03-31,801710.SI,0.2,0.08592362240704676,momentum_6_1
2020-03-31,801760.SI,0.2,0.05558450581900298,momentum_6_1
2020-03-31,801730.SI,0.2,0.10000769451381153,momentum_6_1
2020-04-30,801710.SI,0.2,-0.016152427675268255,momentum_6_1
2020-04-30,801080.SI,0.2,-0.015388531995796817,momentum_6_1
2020-04-30,801750.SI,0.2,-0.022566371681415953,momentum_6_1
2020-04-30,801150.SI,0.2,0.0502430319882643,momentum_6_1
2020-04-30,801730.SI,0.2,-0.007351070865340703,momentum_6_1
2020-05-31,801710.SI,0.2,-0.01119322917655019,momentum_6_1
2020-05-31,801980.SI,0.2,0.12149584258352752,momentum_6_1
2020-05-31,801750.SI,0.2,0.1145726161570435,momentum_6_1
2020-05-31,801150.SI,0.2,0.1687925741774423,momentum_6_1
2020-05-31,801080.SI,0.2,0.19160564867942598,momentum_6_1
2020-06-30,801980.SI,0.2,0.07610780504598424,momentum_6_1
2020-06-30,801150.SI,0.2,0.15620086561246138,momentum_6_1
2020-06-30,801120.SI,0.2,0.17286250878024578,momentum_6_1
2020-06-30,801750.SI,0.2,0.06444562834179934,momentum_6_1
2020-06-30,801710.SI,0.2,0.23918900365964002,momentum_6_1
2020-07-31,801980.SI,0.2,-0.021900525328234832,momentum_6_1
2020-07-31,801210.SI,0.2,-0.08815456853172055,momentum_6_1
2020-07-31,801150.SI,0.2,-0.027681337948046725,momentum_6_1
2020-07-31,801120.SI,0.2,0.12040826126159776,momentum_6_1
2020-07-31,801010.SI,0.2,0.05015885155550026,momentum_6_1
2020-08-31,801210.SI,0.2,0.03138340944536444,momentum_6_1
2020-08-31,801980.SI,0.2,-0.08720911367037587,momentum_6_1
2020-08-31,801120.SI,0.2,-0.09181520053461079,momentum_6_1
2020-08-31,801150.SI,0.2,-0.08443325352664632,momentum_6_1
2020-08-31,801200.SI,0.2,-0.08170594495198469,momentum_6_1
2020-09-30,801210.SI,0.2,-0.09195713520137616,momentum_6_1
2020-09-30,801120.SI,0.2,0.041639557579700615,momentum_6_1
2020-09-30,801980.SI,0.2,0.05672748369372793,momentum_6_1
2020-09-30,801740.SI,0.2,-0.04202092660207213,momentum_6_1
2020-09-30,801150.SI,0.2,0.023375507098952086,momentum_6_1
2020-10-31,801210.SI,0.2,0.015808833012623813,momentum_6_1
2020-10-31,801120.SI,0.2,0.02299268128675447,momentum_6_1
2020-10-31,801730.SI,0.2,0.01567640880786869,momentum_6_1
2020-10-31,801740.SI,0.2,0.08052981737865661,momentum_6_1
2020-10-31,801150.SI,0.2,-0.0663055883876954,momentum_6_1
2020-11-30,801210.SI,0.2,0.24981336215258687,momentum_6_1
2020-11-30,801730.SI,0.2,0.19937051313788579,momentum_6_1
2020-11-30,801880.SI,0.2,-0.004273727911804248,momentum_6_1
2020-11-30,801120.SI,0.2,0.17986788868336068,momentum_6_1
2020-11-30,801740.SI,0.2,0.10893477000928553,momentum_6_1
2020-12-31,801880.SI,0.2,0.025444097964332002,momentum_6_1
2020-12-31,801730.SI,0.2,0.05746197802716235,momentum_6_1
2020-12-31,801740.SI,0.2,-0.10204391293841297,momentum_6_1
2020-12-31,801050.SI,0.2,0.03914447331913484,momentum_6_1
2020-12-31,801960.SI,0.2,0.10204374647245795,momentum_6_1
2021-01-31,801730.SI,0.2,-0.060330030058499684,momentum_6_1
2021-01-31,801880.SI,0.2,-0.051590176033238455,momentum_6_1
2021-01-31,801120.SI,0.2,-0.05046059382939616,momentum_6_1
2021-01-31,801110.SI,0.2,-0.015302750770905926,momentum_6_1
2021-01-31,801740.SI,0.2,-0.015702350032856582,momentum_6_1
2021-02-28,801730.SI,0.2,-0.046533269079661155,momentum_6_1
2021-02-28,801880.SI,0.2,-0.059128589596250336,momentum_6_1
2021-02-28,801050.SI,0.2,-0.10210012382181999,momentum_6_1
2021-02-28,801210.SI,0.2,0.017528722241680228,momentum_6_1
2021-02-28,801120.SI,0.2,-0.043481179036858886,momentum_6_1
2021-03-31,801050.SI,0.2,0.09013414732895408,momentum_6_1
2021-03-31,801960.SI,0.2,-0.0007827304935321688,momentum_6_1
2021-03-31,801730.SI,0.2,0.06870495088946704,momentum_6_1
2021-03-31,801210.SI,0.2,0.013222545914387762,momentum_6_1
2021-03-31,801030.SI,0.2,0.03648138779983978,momentum_6_1
2021-04-30,801210.SI,0.2,0.033481929687072975,momentum_6_1
2021-04-30,801050.SI,0.2,0.08420780156211327,momentum_6_1
2021-04-30,801040.SI,0.2,-0.008843745118366275,momentum_6_1
2021-04-30,801960.SI,0.2,0.0135138230376326,momentum_6_1
2021-04-30,801950.SI,0.2,0.038825662995768395,momentum_6_1
2021-05-31,801210.SI,0.2,-0.08669822587050569,momentum_6_1
2021-05-31,801980.SI,0.2,-0.006348677460830232,momentum_6_1
2021-05-31,801040.SI,0.2,-0.009316670069525745,momentum_6_1
2021-05-31,801730.SI,0.2,0.1354585982163523,momentum_6_1
2021-05-31,801050.SI,0.2,-0.0438692827825885,momentum_6_1
2021-06-30,801980.SI,0.2,-0.19894551479092637,momentum_6_1
2021-06-30,801040.SI,0.2,0.1759154807358556,momentum_6_1
2021-06-30,801050.SI,0.2,0.27401585061339695,momentum_6_1
2021-06-30,801210.SI,0.2,-0.19737708969719914,momentum_6_1
2021-06-30,801030.SI,0.2,0.05127979514253167,momentum_6_1
2021-07-31,801980.SI,0.2,-0.0557364797589569,momentum_6_1
2021-07-31,801040.SI,0.2,0.175641853457553,momentum_6_1
2021-07-31,801950.SI,0.2,0.27566168903042887,momentum_6_1
2021-07-31,801230.SI,0.2,0.10550428282887858,momentum_6_1
2021-07-31,801730.SI,0.2,0.053703526869399054,momentum_6_1
2021-08-31,801730.SI,0.2,-0.03014095661083649,momentum_6_1
2021-08-31,801040.SI,0.2,-0.13403809035605752,momentum_6_1
2021-08-31,801050.SI,0.2,-0.18111045955728355,momentum_6_1
2021-08-31,801950.SI,0.2,0.0487915333122757,momentum_6_1
2021-08-31,801230.SI,0.2,-0.12149055981009582,momentum_6_1
2021-09-30,801050.SI,0.2,-0.006222573408023124,momentum_6_1
2021-09-30,801730.SI,0.2,0.11700718983573899,momentum_6_1
2021-09-30,801040.SI,0.2,-0.1168333816565188,momentum_6_1
2021-09-30,801950.SI,0.2,-0.1528890533832622,momentum_6_1
2021-09-30,801030.SI,0.2,-0.003651097908952683,momentum_6_1
2021-10-31,801950.SI,0.2,-0.04184496502567925,momentum_6_1
2021-10-31,801730.SI,0.2,0.03347142223022748,momentum_6_1
2021-10-31,801030.SI,0.2,-0.0034892196654970897,momentum_6_1
2021-10-31,801050.SI,0.2,0.08841935254862987,momentum_6_1
2021-10-31,801160.SI,0.2,-0.007188767910195848,momentum_6_1
2021-11-30,801730.SI,0.2,-0.08579218674913602,momentum_6_1
2021-11-30,801030.SI,0.2,0.0005555933057002083,momentum_6_1
2021-11-30,801950.SI,0.2,0.07674081756732587,momentum_6_1
2021-11-30,801050.SI,0.2,-0.06215481550209623,momentum_6_1
2021-11-30,801160.SI,0.2,0.08943470205702297,momentum_6_1
2021-12-31,801050.SI,0.2,-0.10737522211905937,momentum_6_1
2021-12-31,801730.SI,0.2,-0.1081864931198937,momentum_6_1
2021-12-31,801740.SI,0.2,-0.17921938741981303,momentum_6_1
2021-12-31,801160.SI,0.2,-0.12765504148769824,momentum_6_1
2021-12-31,801030.SI,0.2,-0.1058976038861944,momentum_6_1
2022-01-31,801160.SI,0.2,0.07892452953618712,momentum_6_1
2022-01-31,801740.SI,0.2,0.054260128351994785,momentum_6_1
2022-01-31,801760.SI,0.2,-0.013904222467559513,momentum_6_1
2022-01-31,801010.SI,0.2,0.0075964418446730075,momentum_6_1
2022-01-31,801970.SI,0.2,0.0770485912141492,momentum_6_1
2022-02-28,801010.SI,0.2,0.029415630356908196,momentum_6_1
2022-02-28,801120.SI,0.2,-0.10261061880532174,momentum_6_1
2022-02-28,801760.SI,0.2,-0.03681648547785166,momentum_6_1
2022-02-28,801170.SI,0.2,-0.07208777183250692,momentum_6_1
2022-02-28,801180.SI,0.2,0.09523348070982984,momentum_6_1
2022-03-31,801770.SI,0.2,-0.1228865404571009,momentum_6_1
2022-03-31,801720.SI,0.2,-0.02973771453057006,momentum_6_1
2022-03-31,801010.SI,0.2,-0.12757594032348318,momentum_6_1
2022-03-31,801050.SI,0.2,-0.11647238750323374,momentum_6_1
2022-03-31,801230.SI,0.2,-0.12677583238267986,momentum_6_1
2022-04-30,801950.SI,0.2,0.09727050817368155,momentum_6_1
2022-04-30,801180.SI,0.2,-0.05912666206051753,momentum_6_1
2022-04-30,801720.SI,0.2,0.016563464613782664,momentum_6_1
2022-04-30,801010.SI,0.2,0.054802198315455186,momentum_6_1
2022-04-30,801230.SI,0.2,0.04479913014548953,momentum_6_1
2022-05-31,801950.SI,0.2,0.015829144115513172,momentum_6_1
2022-05-31,801180.SI,0.2,0.05611459575941802,momentum_6_1
2022-05-31,801720.SI,0.2,-0.0016051217560307807,momentum_6_1
2022-05-31,801230.SI,0.2,0.043988816402609654,momentum_6_1
2022-05-31,801170.SI,0.2,0.01982926778111027,momentum_6_1
2022-06-30,801950.SI,0.2,-0.07932500118504004,momentum_6_1
2022-06-30,801720.SI,0.2,-0.028150821714515883,momentum_6_1
2022-06-30,801170.SI,0.2,-0.04900210602520649,momentum_6_1
2022-06-30,801960.SI,0.2,-0.03647026838078227,momentum_6_1
2022-06-30,801230.SI,0.2,0.01855323454145097,momentum_6_1
2022-07-31,801950.SI,0.2,0.07851913380448483,momentum_6_1
2022-07-31,801980.SI,0.2,-0.0436307449161506,momentum_6_1
2022-07-31,801880.SI,0.2,-0.11849927671735527,momentum_6_1
2022-07-31,801050.SI,0.2,-0.06482222310719477,momentum_6_1
2022-07-31,801230.SI,0.2,0.02403263267064948,momentum_6_1
2022-08-31,801880.SI,0.2,-0.1051006879299562,momentum_6_1
2022-08-31,801950.SI,0.2,0.016902224244873754,momentum_6_1
2022-08-31,801980.SI,0.2,-0.0795709610784181,momentum_6_1
2022-08-31,801730.SI,0.2,-0.10657659900262972,momentum_6_1
2022-08-31,801010.SI,0.2,-0.10378327426082179,momentum_6_1
2022-09-30,801880.SI,0.2,-0.015063249621694919,momentum_6_1
2022-09-30,801120.SI,0.2,-0.22138912887662965,momentum_6_1
2022-09-30,801980.SI,0.2,-0.06831678281337239,momentum_6_1
2022-09-30,801950.SI,0.2,-0.1258223015053359,momentum_6_1
2022-09-30,801160.SI,0.2,-0.0343107720603224,momentum_6_1
2022-10-31,801950.SI,0.2,0.073430328719847,momentum_6_1
2022-10-31,801880.SI,0.2,0.08037334372711769,momentum_6_1
2022-10-31,801730.SI,0.2,0.013443772498649809,momentum_6_1
2022-10-31,801740.SI,0.2,-0.05281143402085797,momentum_6_1
2022-10-31,801230.SI,0.2,0.09823107367982087,momentum_6_1
2022-11-30,801740.SI,0.2,-0.04634607565362758,momentum_6_1
2022-11-30,801750.SI,0.2,-0.01617171942943063,momentum_6_1
2022-11-30,801230.SI,0.2,0.022748538804735485,momentum_6_1
2022-11-30,801770.SI,0.2,-0.041289212234999595,momentum_6_1
2022-11-30,801890.SI,0.2,-0.054694627856211264,momentum_6_1
2019-01-31,801010.SI,0.1,0.21977167902555883,momentum_6_1__trend
2019-01-31,801770.SI,0.1,0.27865826323145493,momentum_6_1__trend
2019-01-31,801180.SI,0.1,0.13690504045078056,momentum_6_1__trend
2019-01-31,801730.SI,0.1,0.17077446943734476,momentum_6_1__trend
2019-01-31,801720.SI,0.1,0.14399025536834986,momentum_6_1__trend
2019-02-28,801010.SI,0.2,0.17539736425201502,momentum_6_1__trend
2019-02-28,801730.SI,0.2,0.07486616000898505,momentum_6_1__trend
2019-02-28,801110.SI,0.2,0.07761313796578961,momentum_6_1__trend
2019-02-28,801180.SI,0.2,0.11857409882425873,momentum_6_1__trend
2019-02-28,801120.SI,0.2,0.1621849903572148,momentum_6_1__trend
2019-03-31,801010.SI,0.2,0.05821731145210007,momentum_6_1__trend
2019-03-31,801770.SI,0.2,-0.022988954525755223,momentum_6_1__trend
2019-03-31,801730.SI,0.2,-0.05081937950070958,momentum_6_1__trend
2019-03-31,801230.SI,0.2,-0.05190958828797665,momentum_6_1__trend
2019-03-31,801180.SI,0.2,-0.03965245925768801,momentum_6_1__trend
2019-04-30,801010.SI,0.2,-0.017263242757527997,momentum_6_1__trend
2019-04-30,801120.SI,0.2,-0.04343478450722671,momentum_6_1__trend
2019-04-30,801770.SI,0.2,-0.08837692568985156,momentum_6_1__trend
2019-04-30,801750.SI,0.2,-0.05641225259753868,momentum_6_1__trend
2019-04-30,801230.SI,0.2,-0.06322075589932563,momentum_6_1__trend
2019-05-31,801010.SI,0.2,-0.08030968535830874,momentum_6_1__trend
2019-05-31,801120.SI,0.2,0.10231455486929941,momentum_6_1__trend
2019-05-31,801110.SI,0.2,0.03969926048158512,momentum_6_1__trend
2019-05-31,801770.SI,0.2,0.03531913028230771,momentum_6_1__trend
2019-05-31,801750.SI,0.2,0.02264755204811708,momentum_6_1__trend
2019-06-30,801010.SI,0.2,0.0730661066924354,momentum_6_1__trend
2019-06-30,801120.SI,0.2,-0.0273049532804458,momentum_6_1__trend
2019-06-30,801110.SI,0.2,0.009354415052569953,momentum_6_1__trend
2019-06-30,801750.SI,0.2,-0.013502901321646998,momentum_6_1__trend
2019-06-30,801740.SI,0.2,0.04998430704389545,momentum_6_1__trend
2019-07-31,801120.SI,0.2,0.08993278208922595,momentum_6_1__trend
2019-07-31,801010.SI,0.2,0.0082519634131204,momentum_6_1__trend
2019-07-31,801750.SI,0.2,0.03136054586367942,momentum_6_1__trend
2019-07-31,801210.SI,0.2,0.019537522218624703,momentum_6_1__trend
2019-07-31,801740.SI,0.2,0.045589252619801846,momentum_6_1__trend
2019-08-31,801120.SI,0.2,-0.022492267448938508,momentum_6_1__trend
2019-08-31,801010.SI,0.2,-0.08530524845271692,momentum_6_1__trend
2019-08-31,801210.SI,0.2,-0.013931218860128713,momentum_6_1__trend
2019-08-31,801110.SI,0.2,0.0022028740714929995,momentum_6_1__trend
2019-08-31,801740.SI,0.2,-0.06933927973404552,momentum_6_1__trend
2019-09-30,801120.SI,0.2,0.016584859040020383,momentum_6_1__trend
2019-09-30,801210.SI,0.2,-0.01914137405784322,momentum_6_1__trend
2019-09-30,801010.SI,0.2,0.1259784115697462,momentum_6_1__trend
2019-09-30,801110.SI,0.2,0.04803849207927646,momentum_6_1__trend
2019-09-30,801740.SI,0.2,-0.04787691551545592,momentum_6_1__trend
2019-10-31,801080.SI,0.1,0.035991417608382203,momentum_6_1__trend
2019-10-31,801120.SI,0.1,-0.025714233303109513,momentum_6_1__trend
2019-10-31,801210.SI,0.1,-0.044744089739466086,momentum_6_1__trend
2019-10-31,801980.SI,0.1,-0.05938355741316481,momentum_6_1__trend
2019-10-31,801740.SI,0.1,-0.01736677636127315,momentum_6_1__trend
2019-11-30,801080.SI,0.1,0.10540476152661094,momentum_6_1__trend
2019-11-30,801120.SI,0.1,0.04601040115873256,momentum_6_1__trend
2019-11-30,801150.SI,0.1,0.040323661745623296,momentum_6_1__trend
2019-11-30,801980.SI,0.1,0.06142086645886602,momentum_6_1__trend
2019-11-30,801210.SI,0.1,0.08231749555872403,momentum_6_1__trend
2019-12-31,801080.SI,0.2,0.13541169776837791,momentum_6_1__trend
2019-12-31,801150.SI,0.2,0.0467287615020362,momentum_6_1__trend
2019-12-31,801120.SI,0.2,-0.058685391683798604,momentum_6_1__trend
2019-12-31,801750.SI,0.2,0.07733589642594163,momentum_6_1__trend
2019-12-31,801110.SI,0.2,-0.026310377096551818,momentum_6_1__trend
2020-01-31,801080.SI,0.2,0.054112537678331574,momentum_6_1__trend
2020-01-31,801710.SI,0.2,0.07158773483208791,momentum_6_1__trend
2020-01-31,801760.SI,0.2,0.01796055272060082,momentum_6_1__trend
2020-01-31,801750.SI,0.2,0.1061495695162249,momentum_6_1__trend
2020-01-31,801150.SI,0.2,0.02340718996588853,momentum_6_1__trend
2020-02-29,801080.SI,0.2,-0.20437596938310032,momentum_6_1__trend
2020-02-29,801710.SI,0.2,0.0062994844592314525,momentum_6_1__trend
2020-02-29,801760.SI,0.2,-0.10828393201627773,momentum_6_1__trend
2020-02-29,801750.SI,0.2,-0.12811190368838843,momentum_6_1__trend
2020-02-29,801730.SI,0.2,-0.0805549124025623,momentum_6_1__trend
2020-03-31,801080.SI,0.1,0.11424079377389651,momentum_6_1__trend
2020-03-31,801750.SI,0.1,0.0755829525273295,momentum_6_1__trend
2020-03-31,801710.SI,0.1,0.08592362240704676,momentum_6_1__trend
2020-03-31,801760.SI,0.1,0.05558450581900298,momentum_6_1__trend
2020-03-31,801730.SI,0.1,0.10000769451381153,momentum_6_1__trend
2020-04-30,801710.SI,0.2,-0.016152427675268255,momentum_6_1__trend
2020-04-30,801080.SI,0.2,-0.015388531995796817,momentum_6_1__trend
2020-04-30,801750.SI,0.2,-0.022566371681415953,momentum_6_1__trend
2020-04-30,801150.SI,0.2,0.0502430319882643,momentum_6_1__trend
2020-04-30,801730.SI,0.2,-0.007351070865340703,momentum_6_1__trend
2020-05-31,801710.SI,0.2,-0.01119322917655019,momentum_6_1__trend
2020-05-31,801980.SI,0.2,0.12149584258352752,momentum_6_1__trend
2020-05-31,801750.SI,0.2,0.1145726161570435,momentum_6_1__trend
2020-05-31,801150.SI,0.2,0.1687925741774423,momentum_6_1__trend
2020-05-31,801080.SI,0.2,0.19160564867942598,momentum_6_1__trend
2020-06-30,801980.SI,0.2,0.07610780504598424,momentum_6_1__trend
2020-06-30,801150.SI,0.2,0.15620086561246138,momentum_6_1__trend
2020-06-30,801120.SI,0.2,0.17286250878024578,momentum_6_1__trend
2020-06-30,801750.SI,0.2,0.06444562834179934,momentum_6_1__trend
2020-06-30,801710.SI,0.2,0.23918900365964002,momentum_6_1__trend
2020-07-31,801980.SI,0.2,-0.021900525328234832,momentum_6_1__trend
2020-07-31,801210.SI,0.2,-0.08815456853172055,momentum_6_1__trend
2020-07-31,801150.SI,0.2,-0.027681337948046725,momentum_6_1__trend
2020-07-31,801120.SI,0.2,0.12040826126159776,momentum_6_1__trend
2020-07-31,801010.SI,0.2,0.05015885155550026,momentum_6_1__trend
2020-08-31,801210.SI,0.2,0.03138340944536444,momentum_6_1__trend
2020-08-31,801980.SI,0.2,-0.08720911367037587,momentum_6_1__trend
2020-08-31,801120.SI,0.2,-0.09181520053461079,momentum_6_1__trend
2020-08-31,801150.SI,0.2,-0.08443325352664632,momentum_6_1__trend
2020-08-31,801200.SI,0.2,-0.08170594495198469,momentum_6_1__trend
2020-09-30,801210.SI,0.2,-0.09195713520137616,momentum_6_1__trend
2020-09-30,801120.SI,0.2,0.041639557579700615,momentum_6_1__trend
2020-09-30,801980.SI,0.2,0.05672748369372793,momentum_6_1__trend
2020-09-30,801740.SI,0.2,-0.04202092660207213,momentum_6_1__trend
2020-09-30,801150.SI,0.2,0.023375507098952086,momentum_6_1__trend
2020-10-31,801210.SI,0.2,0.015808833012623813,momentum_6_1__trend
2020-10-31,801120.SI,0.2,0.02299268128675447,momentum_6_1__trend
2020-10-31,801730.SI,0.2,0.01567640880786869,momentum_6_1__trend
2020-10-31,801740.SI,0.2,0.08052981737865661,momentum_6_1__trend
2020-10-31,801150.SI,0.2,-0.0663055883876954,momentum_6_1__trend
2020-11-30,801210.SI,0.2,0.24981336215258687,momentum_6_1__trend
2020-11-30,801730.SI,0.2,0.19937051313788579,momentum_6_1__trend
2020-11-30,801880.SI,0.2,-0.004273727911804248,momentum_6_1__trend
2020-11-30,801120.SI,0.2,0.17986788868336068,momentum_6_1__trend
2020-11-30,801740.SI,0.2,0.10893477000928553,momentum_6_1__trend
2020-12-31,801880.SI,0.2,0.025444097964332002,momentum_6_1__trend
2020-12-31,801730.SI,0.2,0.05746197802716235,momentum_6_1__trend
2020-12-31,801740.SI,0.2,-0.10204391293841297,momentum_6_1__trend
2020-12-31,801050.SI,0.2,0.03914447331913484,momentum_6_1__trend
2020-12-31,801960.SI,0.2,0.10204374647245795,momentum_6_1__trend
2021-01-31,801730.SI,0.2,-0.060330030058499684,momentum_6_1__trend
2021-01-31,801880.SI,0.2,-0.051590176033238455,momentum_6_1__trend
2021-01-31,801120.SI,0.2,-0.05046059382939616,momentum_6_1__trend
2021-01-31,801110.SI,0.2,-0.015302750770905926,momentum_6_1__trend
2021-01-31,801740.SI,0.2,-0.015702350032856582,momentum_6_1__trend
2021-02-28,801730.SI,0.2,-0.046533269079661155,momentum_6_1__trend
2021-02-28,801880.SI,0.2,-0.059128589596250336,momentum_6_1__trend
2021-02-28,801050.SI,0.2,-0.10210012382181999,momentum_6_1__trend
2021-02-28,801210.SI,0.2,0.017528722241680228,momentum_6_1__trend
2021-02-28,801120.SI,0.2,-0.043481179036858886,momentum_6_1__trend
2021-03-31,801050.SI,0.2,0.09013414732895408,momentum_6_1__trend
2021-03-31,801960.SI,0.2,-0.0007827304935321688,momentum_6_1__trend
2021-03-31,801730.SI,0.2,0.06870495088946704,momentum_6_1__trend
2021-03-31,801210.SI,0.2,0.013222545914387762,momentum_6_1__trend
2021-03-31,801030.SI,0.2,0.03648138779983978,momentum_6_1__trend
2021-04-30,801210.SI,0.2,0.033481929687072975,momentum_6_1__trend
2021-04-30,801050.SI,0.2,0.08420780156211327,momentum_6_1__trend
2021-04-30,801040.SI,0.2,-0.008843745118366275,momentum_6_1__trend
2021-04-30,801960.SI,0.2,0.0135138230376326,momentum_6_1__trend
2021-04-30,801950.SI,0.2,0.038825662995768395,momentum_6_1__trend
2021-05-31,801210.SI,0.2,-0.08669822587050569,momentum_6_1__trend
2021-05-31,801980.SI,0.2,-0.006348677460830232,momentum_6_1__trend
2021-05-31,801040.SI,0.2,-0.009316670069525745,momentum_6_1__trend
2021-05-31,801730.SI,0.2,0.1354585982163523,momentum_6_1__trend
2021-05-31,801050.SI,0.2,-0.0438692827825885,momentum_6_1__trend
2021-06-30,801980.SI,0.2,-0.19894551479092637,momentum_6_1__trend
2021-06-30,801040.SI,0.2,0.1759154807358556,momentum_6_1__trend
2021-06-30,801050.SI,0.2,0.27401585061339695,momentum_6_1__trend
2021-06-30,801210.SI,0.2,-0.19737708969719914,momentum_6_1__trend
2021-06-30,801030.SI,0.2,0.05127979514253167,momentum_6_1__trend
2021-07-31,801980.SI,0.2,-0.0557364797589569,momentum_6_1__trend
2021-07-31,801040.SI,0.2,0.175641853457553,momentum_6_1__trend
2021-07-31,801950.SI,0.2,0.27566168903042887,momentum_6_1__trend
2021-07-31,801230.SI,0.2,0.10550428282887858,momentum_6_1__trend
2021-07-31,801730.SI,0.2,0.053703526869399054,momentum_6_1__trend
2021-08-31,801730.SI,0.2,-0.03014095661083649,momentum_6_1__trend
2021-08-31,801040.SI,0.2,-0.13403809035605752,momentum_6_1__trend
2021-08-31,801050.SI,0.2,-0.18111045955728355,momentum_6_1__trend
2021-08-31,801950.SI,0.2,0.0487915333122757,momentum_6_1__trend
2021-08-31,801230.SI,0.2,-0.12149055981009582,momentum_6_1__trend
2021-09-30,801050.SI,0.2,-0.006222573408023124,momentum_6_1__trend
2021-09-30,801730.SI,0.2,0.11700718983573899,momentum_6_1__trend
2021-09-30,801040.SI,0.2,-0.1168333816565188,momentum_6_1__trend
2021-09-30,801950.SI,0.2,-0.1528890533832622,momentum_6_1__trend
2021-09-30,801030.SI,0.2,-0.003651097908952683,momentum_6_1__trend
2021-10-31,801950.SI,0.2,-0.04184496502567925,momentum_6_1__trend
2021-10-31,801730.SI,0.2,0.03347142223022748,momentum_6_1__trend
2021-10-31,801030.SI,0.2,-0.0034892196654970897,momentum_6_1__trend
2021-10-31,801050.SI,0.2,0.08841935254862987,momentum_6_1__trend
2021-10-31,801160.SI,0.2,-0.007188767910195848,momentum_6_1__trend
2021-11-30,801730.SI,0.2,-0.08579218674913602,momentum_6_1__trend
2021-11-30,801030.SI,0.2,0.0005555933057002083,momentum_6_1__trend
2021-11-30,801950.SI,0.2,0.07674081756732587,momentum_6_1__trend
2021-11-30,801050.SI,0.2,-0.06215481550209623,momentum_6_1__trend
2021-11-30,801160.SI,0.2,0.08943470205702297,momentum_6_1__trend
2021-12-31,801050.SI,0.2,-0.10737522211905937,momentum_6_1__trend
2021-12-31,801730.SI,0.2,-0.1081864931198937,momentum_6_1__trend
2021-12-31,801740.SI,0.2,-0.17921938741981303,momentum_6_1__trend
2021-12-31,801160.SI,0.2,-0.12765504148769824,momentum_6_1__trend
2021-12-31,801030.SI,0.2,-0.1058976038861944,momentum_6_1__trend
2022-01-31,801160.SI,0.1,0.07892452953618712,momentum_6_1__trend
2022-01-31,801740.SI,0.1,0.054260128351994785,momentum_6_1__trend
2022-01-31,801760.SI,0.1,-0.013904222467559513,momentum_6_1__trend
2022-01-31,801010.SI,0.1,0.0075964418446730075,momentum_6_1__trend
2022-01-31,801970.SI,0.1,0.0770485912141492,momentum_6_1__trend
2022-02-28,801010.SI,0.1,0.029415630356908196,momentum_6_1__trend
2022-02-28,801120.SI,0.1,-0.10261061880532174,momentum_6_1__trend
2022-02-28,801760.SI,0.1,-0.03681648547785166,momentum_6_1__trend
2022-02-28,801170.SI,0.1,-0.07208777183250692,momentum_6_1__trend
2022-02-28,801180.SI,0.1,0.09523348070982984,momentum_6_1__trend
2022-03-31,801770.SI,0.1,-0.1228865404571009,momentum_6_1__trend
2022-03-31,801720.SI,0.1,-0.02973771453057006,momentum_6_1__trend
2022-03-31,801010.SI,0.1,-0.12757594032348318,momentum_6_1__trend
2022-03-31,801050.SI,0.1,-0.11647238750323374,momentum_6_1__trend
2022-03-31,801230.SI,0.1,-0.12677583238267986,momentum_6_1__trend
2022-04-30,801950.SI,0.1,0.09727050817368155,momentum_6_1__trend
2022-04-30,801180.SI,0.1,-0.05912666206051753,momentum_6_1__trend
2022-04-30,801720.SI,0.1,0.016563464613782664,momentum_6_1__trend
2022-04-30,801010.SI,0.1,0.054802198315455186,momentum_6_1__trend
2022-04-30,801230.SI,0.1,0.04479913014548953,momentum_6_1__trend
2022-05-31,801950.SI,0.1,0.015829144115513172,momentum_6_1__trend
2022-05-31,801180.SI,0.1,0.05611459575941802,momentum_6_1__trend
2022-05-31,801720.SI,0.1,-0.0016051217560307807,momentum_6_1__trend
2022-05-31,801230.SI,0.1,0.043988816402609654,momentum_6_1__trend
2022-05-31,801170.SI,0.1,0.01982926778111027,momentum_6_1__trend
2022-06-30,801950.SI,0.2,-0.07932500118504004,momentum_6_1__trend
2022-06-30,801720.SI,0.2,-0.028150821714515883,momentum_6_1__trend
2022-06-30,801170.SI,0.2,-0.04900210602520649,momentum_6_1__trend
2022-06-30,801960.SI,0.2,-0.03647026838078227,momentum_6_1__trend
2022-06-30,801230.SI,0.2,0.01855323454145097,momentum_6_1__trend
2022-07-31,801950.SI,0.1,0.07851913380448483,momentum_6_1__trend
2022-07-31,801980.SI,0.1,-0.0436307449161506,momentum_6_1__trend
2022-07-31,801880.SI,0.1,-0.11849927671735527,momentum_6_1__trend
2022-07-31,801050.SI,0.1,-0.06482222310719477,momentum_6_1__trend
2022-07-31,801230.SI,0.1,0.02403263267064948,momentum_6_1__trend
2022-08-31,801880.SI,0.1,-0.1051006879299562,momentum_6_1__trend
2022-08-31,801950.SI,0.1,0.016902224244873754,momentum_6_1__trend
2022-08-31,801980.SI,0.1,-0.0795709610784181,momentum_6_1__trend
2022-08-31,801730.SI,0.1,-0.10657659900262972,momentum_6_1__trend
2022-08-31,801010.SI,0.1,-0.10378327426082179,momentum_6_1__trend
2022-09-30,801880.SI,0.1,-0.015063249621694919,momentum_6_1__trend
2022-09-30,801120.SI,0.1,-0.22138912887662965,momentum_6_1__trend
2022-09-30,801980.SI,0.1,-0.06831678281337239,momentum_6_1__trend
2022-09-30,801950.SI,0.1,-0.1258223015053359,momentum_6_1__trend
2022-09-30,801160.SI,0.1,-0.0343107720603224,momentum_6_1__trend
2022-10-31,801950.SI,0.1,0.073430328719847,momentum_6_1__trend
2022-10-31,801880.SI,0.1,0.08037334372711769,momentum_6_1__trend
2022-10-31,801730.SI,0.1,0.013443772498649809,momentum_6_1__trend
2022-10-31,801740.SI,0.1,-0.05281143402085797,momentum_6_1__trend
2022-10-31,801230.SI,0.1,0.09823107367982087,momentum_6_1__trend
2022-11-30,801740.SI,0.1,-0.04634607565362758,momentum_6_1__trend
2022-11-30,801750.SI,0.1,-0.01617171942943063,momentum_6_1__trend
2022-11-30,801230.SI,0.1,0.022748538804735485,momentum_6_1__trend
2022-11-30,801770.SI,0.1,-0.041289212234999595,momentum_6_1__trend
2022-11-30,801890.SI,0.1,-0.054694627856211264,momentum_6_1__trend
2019-01-31,801010.SI,0.16397130739193774,0.21977167902555883,momentum_6_1__vol_target
2019-01-31,801770.SI,0.16397130739193774,0.27865826323145493,momentum_6_1__vol_target
2019-01-31,801180.SI,0.16397130739193774,0.13690504045078056,momentum_6_1__vol_target
2019-01-31,801730.SI,0.16397130739193774,0.17077446943734476,momentum_6_1__vol_target
2019-01-31,801720.SI,0.16397130739193774,0.14399025536834986,momentum_6_1__vol_target
2019-02-28,801010.SI,0.08920042031173513,0.17539736425201502,momentum_6_1__vol_target
2019-02-28,801730.SI,0.08920042031173513,0.07486616000898505,momentum_6_1__vol_target
2019-02-28,801110.SI,0.08920042031173513,0.07761313796578961,momentum_6_1__vol_target
2019-02-28,801180.SI,0.08920042031173513,0.11857409882425873,momentum_6_1__vol_target
2019-02-28,801120.SI,0.08920042031173513,0.1621849903572148,momentum_6_1__vol_target
2019-03-31,801010.SI,0.08534904231971954,0.05821731145210007,momentum_6_1__vol_target
2019-03-31,801770.SI,0.08534904231971954,-0.022988954525755223,momentum_6_1__vol_target
2019-03-31,801730.SI,0.08534904231971954,-0.05081937950070958,momentum_6_1__vol_target
2019-03-31,801230.SI,0.08534904231971954,-0.05190958828797665,momentum_6_1__vol_target
2019-03-31,801180.SI,0.08534904231971954,-0.03965245925768801,momentum_6_1__vol_target
2019-04-30,801010.SI,0.10275072955796258,-0.017263242757527997,momentum_6_1__vol_target
2019-04-30,801120.SI,0.10275072955796258,-0.04343478450722671,momentum_6_1__vol_target
2019-04-30,801770.SI,0.10275072955796258,-0.08837692568985156,momentum_6_1__vol_target
2019-04-30,801750.SI,0.10275072955796258,-0.05641225259753868,momentum_6_1__vol_target
2019-04-30,801230.SI,0.10275072955796258,-0.06322075589932563,momentum_6_1__vol_target
2019-05-31,801010.SI,0.09125944612388598,-0.08030968535830874,momentum_6_1__vol_target
2019-05-31,801120.SI,0.09125944612388598,0.10231455486929941,momentum_6_1__vol_target
2019-05-31,801110.SI,0.09125944612388598,0.03969926048158512,momentum_6_1__vol_target
2019-05-31,801770.SI,0.09125944612388598,0.03531913028230771,momentum_6_1__vol_target
2019-05-31,801750.SI,0.09125944612388598,0.02264755204811708,momentum_6_1__vol_target
2019-06-30,801010.SI,0.09599882870375992,0.0730661066924354,momentum_6_1__vol_target
2019-06-30,801120.SI,0.09599882870375992,-0.0273049532804458,momentum_6_1__vol_target
2019-06-30,801110.SI,0.09599882870375992,0.009354415052569953,momentum_6_1__vol_target
2019-06-30,801750.SI,0.09599882870375992,-0.013502901321646998,momentum_6_1__vol_target
2019-06-30,801740.SI,0.09599882870375992,0.04998430704389545,momentum_6_1__vol_target
2019-07-31,801120.SI,0.09430097816011039,0.08993278208922595,momentum_6_1__vol_target
2019-07-31,801010.SI,0.09430097816011039,0.0082519634131204,momentum_6_1__vol_target
2019-07-31,801750.SI,0.09430097816011039,0.03136054586367942,momentum_6_1__vol_target
2019-07-31,801210.SI,0.09430097816011039,0.019537522218624703,momentum_6_1__vol_target
2019-07-31,801740.SI,0.09430097816011039,0.045589252619801846,momentum_6_1__vol_target
2019-08-31,801120.SI,0.16744930226965357,-0.022492267448938508,momentum_6_1__vol_target
2019-08-31,801010.SI,0.16744930226965357,-0.08530524845271692,momentum_6_1__vol_target
2019-08-31,801210.SI,0.16744930226965357,-0.013931218860128713,momentum_6_1__vol_target
2019-08-31,801110.SI,0.16744930226965357,0.0022028740714929995,momentum_6_1__vol_target
2019-08-31,801740.SI,0.16744930226965357,-0.06933927973404552,momentum_6_1__vol_target
2019-09-30,801120.SI,0.2,0.016584859040020383,momentum_6_1__vol_target
2019-09-30,801210.SI,0.2,-0.01914137405784322,momentum_6_1__vol_target
2019-09-30,801010.SI,0.2,0.1259784115697462,momentum_6_1__vol_target
2019-09-30,801110.SI,0.2,0.04803849207927646,momentum_6_1__vol_target
2019-09-30,801740.SI,0.2,-0.04787691551545592,momentum_6_1__vol_target
2019-10-31,801080.SI,0.2,0.035991417608382203,momentum_6_1__vol_target
2019-10-31,801120.SI,0.2,-0.025714233303109513,momentum_6_1__vol_target
2019-10-31,801210.SI,0.2,-0.044744089739466086,momentum_6_1__vol_target
2019-10-31,801980.SI,0.2,-0.05938355741316481,momentum_6_1__vol_target
2019-10-31,801740.SI,0.2,-0.01736677636127315,momentum_6_1__vol_target
2019-11-30,801080.SI,0.2,0.10540476152661094,momentum_6_1__vol_target
2019-11-30,801120.SI,0.2,0.04601040115873256,momentum_6_1__vol_target
2019-11-30,801150.SI,0.2,0.040323661745623296,momentum_6_1__vol_target
2019-11-30,801980.SI,0.2,0.06142086645886602,momentum_6_1__vol_target
2019-11-30,801210.SI,0.2,0.08231749555872403,momentum_6_1__vol_target
2019-12-31,801080.SI,0.2,0.13541169776837791,momentum_6_1__vol_target
2019-12-31,801150.SI,0.2,0.0467287615020362,momentum_6_1__vol_target
2019-12-31,801120.SI,0.2,-0.058685391683798604,momentum_6_1__vol_target
2019-12-31,801750.SI,0.2,0.07733589642594163,momentum_6_1__vol_target
2019-12-31,801110.SI,0.2,-0.026310377096551818,momentum_6_1__vol_target
2020-01-31,801080.SI,0.2,0.054112537678331574,momentum_6_1__vol_target
2020-01-31,801710.SI,0.2,0.07158773483208791,momentum_6_1__vol_target
2020-01-31,801760.SI,0.2,0.01796055272060082,momentum_6_1__vol_target
2020-01-31,801750.SI,0.2,0.1061495695162249,momentum_6_1__vol_target
2020-01-31,801150.SI,0.2,0.02340718996588853,momentum_6_1__vol_target
2020-02-29,801080.SI,0.2,-0.20437596938310032,momentum_6_1__vol_target
2020-02-29,801710.SI,0.2,0.0062994844592314525,momentum_6_1__vol_target
2020-02-29,801760.SI,0.2,-0.10828393201627773,momentum_6_1__vol_target
2020-02-29,801750.SI,0.2,-0.12811190368838843,momentum_6_1__vol_target
2020-02-29,801730.SI,0.2,-0.0805549124025623,momentum_6_1__vol_target
2020-03-31,801080.SI,0.2,0.11424079377389651,momentum_6_1__vol_target
2020-03-31,801750.SI,0.2,0.0755829525273295,momentum_6_1__vol_target
2020-03-31,801710.SI,0.2,0.08592362240704676,momentum_6_1__vol_target
2020-03-31,801760.SI,0.2,0.05558450581900298,momentum_6_1__vol_target
2020-03-31,801730.SI,0.2,0.10000769451381153,momentum_6_1__vol_target
2020-04-30,801710.SI,0.19054858773006775,-0.016152427675268255,momentum_6_1__vol_target
2020-04-30,801080.SI,0.19054858773006775,-0.015388531995796817,momentum_6_1__vol_target
2020-04-30,801750.SI,0.19054858773006775,-0.022566371681415953,momentum_6_1__vol_target
2020-04-30,801150.SI,0.19054858773006775,0.0502430319882643,momentum_6_1__vol_target
2020-04-30,801730.SI,0.19054858773006775,-0.007351070865340703,momentum_6_1__vol_target
2020-05-31,801710.SI,0.19761127371957907,-0.01119322917655019,momentum_6_1__vol_target
2020-05-31,801980.SI,0.19761127371957907,0.12149584258352752,momentum_6_1__vol_target
2020-05-31,801750.SI,0.19761127371957907,0.1145726161570435,momentum_6_1__vol_target
2020-05-31,801150.SI,0.19761127371957907,0.1687925741774423,momentum_6_1__vol_target
2020-05-31,801080.SI,0.19761127371957907,0.19160564867942598,momentum_6_1__vol_target
2020-06-30,801980.SI,0.2,0.07610780504598424,momentum_6_1__vol_target
2020-06-30,801150.SI,0.2,0.15620086561246138,momentum_6_1__vol_target
2020-06-30,801120.SI,0.2,0.17286250878024578,momentum_6_1__vol_target
2020-06-30,801750.SI,0.2,0.06444562834179934,momentum_6_1__vol_target
2020-06-30,801710.SI,0.2,0.23918900365964002,momentum_6_1__vol_target
2020-07-31,801980.SI,0.13583295209328558,-0.021900525328234832,momentum_6_1__vol_target
2020-07-31,801210.SI,0.13583295209328558,-0.08815456853172055,momentum_6_1__vol_target
2020-07-31,801150.SI,0.13583295209328558,-0.027681337948046725,momentum_6_1__vol_target
2020-07-31,801120.SI,0.13583295209328558,0.12040826126159776,momentum_6_1__vol_target
2020-07-31,801010.SI,0.13583295209328558,0.05015885155550026,momentum_6_1__vol_target
2020-08-31,801210.SI,0.1385403395584752,0.03138340944536444,momentum_6_1__vol_target
2020-08-31,801980.SI,0.1385403395584752,-0.08720911367037587,momentum_6_1__vol_target
2020-08-31,801120.SI,0.1385403395584752,-0.09181520053461079,momentum_6_1__vol_target
2020-08-31,801150.SI,0.1385403395584752,-0.08443325352664632,momentum_6_1__vol_target
2020-08-31,801200.SI,0.1385403395584752,-0.08170594495198469,momentum_6_1__vol_target
2020-09-30,801210.SI,0.12981340934077137,-0.09195713520137616,momentum_6_1__vol_target
2020-09-30,801120.SI,0.12981340934077137,0.041639557579700615,momentum_6_1__vol_target
2020-09-30,801980.SI,0.12981340934077137,0.05672748369372793,momentum_6_1__vol_target
2020-09-30,801740.SI,0.12981340934077137,-0.04202092660207213,momentum_6_1__vol_target
2020-09-30,801150.SI,0.12981340934077137,0.023375507098952086,momentum_6_1__vol_target
2020-10-31,801210.SI,0.12802445908687174,0.015808833012623813,momentum_6_1__vol_target
2020-10-31,801120.SI,0.12802445908687174,0.02299268128675447,momentum_6_1__vol_target
2020-10-31,801730.SI,0.12802445908687174,0.01567640880786869,momentum_6_1__vol_target
2020-10-31,801740.SI,0.12802445908687174,0.08052981737865661,momentum_6_1__vol_target
2020-10-31,801150.SI,0.12802445908687174,-0.0663055883876954,momentum_6_1__vol_target
2020-11-30,801210.SI,0.12887963173552902,0.24981336215258687,momentum_6_1__vol_target
2020-11-30,801730.SI,0.12887963173552902,0.19937051313788579,momentum_6_1__vol_target
2020-11-30,801880.SI,0.12887963173552902,-0.004273727911804248,momentum_6_1__vol_target
2020-11-30,801120.SI,0.12887963173552902,0.17986788868336068,momentum_6_1__vol_target
2020-11-30,801740.SI,0.12887963173552902,0.10893477000928553,momentum_6_1__vol_target
2020-12-31,801880.SI,0.13249745975100496,0.025444097964332002,momentum_6_1__vol_target
2020-12-31,801730.SI,0.13249745975100496,0.05746197802716235,momentum_6_1__vol_target
2020-12-31,801740.SI,0.13249745975100496,-0.10204391293841297,momentum_6_1__vol_target
2020-12-31,801050.SI,0.13249745975100496,0.03914447331913484,momentum_6_1__vol_target
2020-12-31,801960.SI,0.13249745975100496,0.10204374647245795,momentum_6_1__vol_target
2021-01-31,801730.SI,0.2,-0.060330030058499684,momentum_6_1__vol_target
2021-01-31,801880.SI,0.2,-0.051590176033238455,momentum_6_1__vol_target
2021-01-31,801120.SI,0.2,-0.05046059382939616,momentum_6_1__vol_target
2021-01-31,801110.SI,0.2,-0.015302750770905926,momentum_6_1__vol_target
2021-01-31,801740.SI,0.2,-0.015702350032856582,momentum_6_1__vol_target
2021-02-28,801730.SI,0.2,-0.046533269079661155,momentum_6_1__vol_target
2021-02-28,801880.SI,0.2,-0.059128589596250336,momentum_6_1__vol_target
2021-02-28,801050.SI,0.2,-0.10210012382181999,momentum_6_1__vol_target
2021-02-28,801210.SI,0.2,0.017528722241680228,momentum_6_1__vol_target
2021-02-28,801120.SI,0.2,-0.043481179036858886,momentum_6_1__vol_target
2021-03-31,801050.SI,0.2,0.09013414732895408,momentum_6_1__vol_target
2021-03-31,801960.SI,0.2,-0.0007827304935321688,momentum_6_1__vol_target
2021-03-31,801730.SI,0.2,0.06870495088946704,momentum_6_1__vol_target
2021-03-31,801210.SI,0.2,0.013222545914387762,momentum_6_1__vol_target
2021-03-31,801030.SI,0.2,0.03648138779983978,momentum_6_1__vol_target
2021-04-30,801210.SI,0.2,0.033481929687072975,momentum_6_1__vol_target
2021-04-30,801050.SI,0.2,0.08420780156211327,momentum_6_1__vol_target
2021-04-30,801040.SI,0.2,-0.008843745118366275,momentum_6_1__vol_target
2021-04-30,801960.SI,0.2,0.0135138230376326,momentum_6_1__vol_target
2021-04-30,801950.SI,0.2,0.038825662995768395,momentum_6_1__vol_target
2021-05-31,801210.SI,0.2,-0.08669822587050569,momentum_6_1__vol_target
2021-05-31,801980.SI,0.2,-0.006348677460830232,momentum_6_1__vol_target
2021-05-31,801040.SI,0.2,-0.009316670069525745,momentum_6_1__vol_target
2021-05-31,801730.SI,0.2,0.1354585982163523,momentum_6_1__vol_target
2021-05-31,801050.SI,0.2,-0.0438692827825885,momentum_6_1__vol_target
2021-06-30,801980.SI,0.2,-0.19894551479092637,momentum_6_1__vol_target
2021-06-30,801040.SI,0.2,0.1759154807358556,momentum_6_1__vol_target
2021-06-30,801050.SI,0.2,0.27401585061339695,momentum_6_1__vol_target
2021-06-30,801210.SI,0.2,-0.19737708969719914,momentum_6_1__vol_target
2021-06-30,801030.SI,0.2,0.05127979514253167,momentum_6_1__vol_target
2021-07-31,801980.SI,0.2,-0.0557364797589569,momentum_6_1__vol_target
2021-07-31,801040.SI,0.2,0.175641853457553,momentum_6_1__vol_target
2021-07-31,801950.SI,0.2,0.27566168903042887,momentum_6_1__vol_target
2021-07-31,801230.SI,0.2,0.10550428282887858,momentum_6_1__vol_target
2021-07-31,801730.SI,0.2,0.053703526869399054,momentum_6_1__vol_target
2021-08-31,801730.SI,0.2,-0.03014095661083649,momentum_6_1__vol_target
2021-08-31,801040.SI,0.2,-0.13403809035605752,momentum_6_1__vol_target
2021-08-31,801050.SI,0.2,-0.18111045955728355,momentum_6_1__vol_target
2021-08-31,801950.SI,0.2,0.0487915333122757,momentum_6_1__vol_target
2021-08-31,801230.SI,0.2,-0.12149055981009582,momentum_6_1__vol_target
2021-09-30,801050.SI,0.2,-0.006222573408023124,momentum_6_1__vol_target
2021-09-30,801730.SI,0.2,0.11700718983573899,momentum_6_1__vol_target
2021-09-30,801040.SI,0.2,-0.1168333816565188,momentum_6_1__vol_target
2021-09-30,801950.SI,0.2,-0.1528890533832622,momentum_6_1__vol_target
2021-09-30,801030.SI,0.2,-0.003651097908952683,momentum_6_1__vol_target
2021-10-31,801950.SI,0.2,-0.04184496502567925,momentum_6_1__vol_target
2021-10-31,801730.SI,0.2,0.03347142223022748,momentum_6_1__vol_target
2021-10-31,801030.SI,0.2,-0.0034892196654970897,momentum_6_1__vol_target
2021-10-31,801050.SI,0.2,0.08841935254862987,momentum_6_1__vol_target
2021-10-31,801160.SI,0.2,-0.007188767910195848,momentum_6_1__vol_target
2021-11-30,801730.SI,0.2,-0.08579218674913602,momentum_6_1__vol_target
2021-11-30,801030.SI,0.2,0.0005555933057002083,momentum_6_1__vol_target
2021-11-30,801950.SI,0.2,0.07674081756732587,momentum_6_1__vol_target
2021-11-30,801050.SI,0.2,-0.06215481550209623,momentum_6_1__vol_target
2021-11-30,801160.SI,0.2,0.08943470205702297,momentum_6_1__vol_target
2021-12-31,801050.SI,0.2,-0.10737522211905937,momentum_6_1__vol_target
2021-12-31,801730.SI,0.2,-0.1081864931198937,momentum_6_1__vol_target
2021-12-31,801740.SI,0.2,-0.17921938741981303,momentum_6_1__vol_target
2021-12-31,801160.SI,0.2,-0.12765504148769824,momentum_6_1__vol_target
2021-12-31,801030.SI,0.2,-0.1058976038861944,momentum_6_1__vol_target
2022-01-31,801160.SI,0.16781090124645964,0.07892452953618712,momentum_6_1__vol_target
2022-01-31,801740.SI,0.16781090124645964,0.054260128351994785,momentum_6_1__vol_target
2022-01-31,801760.SI,0.16781090124645964,-0.013904222467559513,momentum_6_1__vol_target
2022-01-31,801010.SI,0.16781090124645964,0.0075964418446730075,momentum_6_1__vol_target
2022-01-31,801970.SI,0.16781090124645964,0.0770485912141492,momentum_6_1__vol_target
2022-02-28,801010.SI,0.17966022354069944,0.029415630356908196,momentum_6_1__vol_target
2022-02-28,801120.SI,0.17966022354069944,-0.10261061880532174,momentum_6_1__vol_target
2022-02-28,801760.SI,0.17966022354069944,-0.03681648547785166,momentum_6_1__vol_target
2022-02-28,801170.SI,0.17966022354069944,-0.07208777183250692,momentum_6_1__vol_target
2022-02-28,801180.SI,0.17966022354069944,0.09523348070982984,momentum_6_1__vol_target
2022-03-31,801770.SI,0.15797096127312993,-0.1228865404571009,momentum_6_1__vol_target
2022-03-31,801720.SI,0.15797096127312993,-0.02973771453057006,momentum_6_1__vol_target
2022-03-31,801010.SI,0.15797096127312993,-0.12757594032348318,momentum_6_1__vol_target
2022-03-31,801050.SI,0.15797096127312993,-0.11647238750323374,momentum_6_1__vol_target
2022-03-31,801230.SI,0.15797096127312993,-0.12677583238267986,momentum_6_1__vol_target
2022-04-30,801950.SI,0.1363209426279144,0.09727050817368155,momentum_6_1__vol_target
2022-04-30,801180.SI,0.1363209426279144,-0.05912666206051753,momentum_6_1__vol_target
2022-04-30,801720.SI,0.1363209426279144,0.016563464613782664,momentum_6_1__vol_target
2022-04-30,801010.SI,0.1363209426279144,0.054802198315455186,momentum_6_1__vol_target
2022-04-30,801230.SI,0.1363209426279144,0.04479913014548953,momentum_6_1__vol_target
2022-05-31,801950.SI,0.12103763990016927,0.015829144115513172,momentum_6_1__vol_target
2022-05-31,801180.SI,0.12103763990016927,0.05611459575941802,momentum_6_1__vol_target
2022-05-31,801720.SI,0.12103763990016927,-0.0016051217560307807,momentum_6_1__vol_target
2022-05-31,801230.SI,0.12103763990016927,0.043988816402609654,momentum_6_1__vol_target
2022-05-31,801170.SI,0.12103763990016927,0.01982926778111027,momentum_6_1__vol_target
2022-06-30,801950.SI,0.1108739102235933,-0.07932500118504004,momentum_6_1__vol_target
2022-06-30,801720.SI,0.1108739102235933,-0.028150821714515883,momentum_6_1__vol_target
2022-06-30,801170.SI,0.1108739102235933,-0.04900210602520649,momentum_6_1__vol_target
2022-06-30,801960.SI,0.1108739102235933,-0.03647026838078227,momentum_6_1__vol_target
2022-06-30,801230.SI,0.1108739102235933,0.01855323454145097,momentum_6_1__vol_target
2022-07-31,801950.SI,0.12540285478190824,0.07851913380448483,momentum_6_1__vol_target
2022-07-31,801980.SI,0.12540285478190824,-0.0436307449161506,momentum_6_1__vol_target
2022-07-31,801880.SI,0.12540285478190824,-0.11849927671735527,momentum_6_1__vol_target
2022-07-31,801050.SI,0.12540285478190824,-0.06482222310719477,momentum_6_1__vol_target
2022-07-31,801230.SI,0.12540285478190824,0.02403263267064948,momentum_6_1__vol_target
2022-08-31,801880.SI,0.13030820012369454,-0.1051006879299562,momentum_6_1__vol_target
2022-08-31,801950.SI,0.13030820012369454,0.016902224244873754,momentum_6_1__vol_target
2022-08-31,801980.SI,0.13030820012369454,-0.0795709610784181,momentum_6_1__vol_target
2022-08-31,801730.SI,0.13030820012369454,-0.10657659900262972,momentum_6_1__vol_target
2022-08-31,801010.SI,0.13030820012369454,-0.10378327426082179,momentum_6_1__vol_target
2022-09-30,801880.SI,0.12778064919188917,-0.015063249621694919,momentum_6_1__vol_target
2022-09-30,801120.SI,0.12778064919188917,-0.22138912887662965,momentum_6_1__vol_target
2022-09-30,801980.SI,0.12778064919188917,-0.06831678281337239,momentum_6_1__vol_target
2022-09-30,801950.SI,0.12778064919188917,-0.1258223015053359,momentum_6_1__vol_target
2022-09-30,801160.SI,0.12778064919188917,-0.0343107720603224,momentum_6_1__vol_target
2022-10-31,801950.SI,0.15018870660028677,0.073430328719847,momentum_6_1__vol_target
2022-10-31,801880.SI,0.15018870660028677,0.08037334372711769,momentum_6_1__vol_target
2022-10-31,801730.SI,0.15018870660028677,0.013443772498649809,momentum_6_1__vol_target
2022-10-31,801740.SI,0.15018870660028677,-0.05281143402085797,momentum_6_1__vol_target
2022-10-31,801230.SI,0.15018870660028677,0.09823107367982087,momentum_6_1__vol_target
2022-11-30,801740.SI,0.13336772671962496,-0.04634607565362758,momentum_6_1__vol_target
2022-11-30,801750.SI,0.13336772671962496,-0.01617171942943063,momentum_6_1__vol_target
2022-11-30,801230.SI,0.13336772671962496,0.022748538804735485,momentum_6_1__vol_target
2022-11-30,801770.SI,0.13336772671962496,-0.041289212234999595,momentum_6_1__vol_target
2022-11-30,801890.SI,0.13336772671962496,-0.054694627856211264,momentum_6_1__vol_target
2019-01-31,801210.SI,0.2,0.17595435523438452,reversal_1
2019-01-31,801970.SI,0.2,0.22833631325863157,reversal_1
2019-01-31,801230.SI,0.2,0.2296121873330268,reversal_1
2019-01-31,801760.SI,0.2,0.25660517289329743,reversal_1
2019-01-31,801160.SI,0.2,0.15199591426547387,reversal_1
2019-02-28,801110.SI,0.2,0.07761313796578961,reversal_1
2019-02-28,801120.SI,0.2,0.1621849903572148,reversal_1
2019-02-28,801960.SI,0.2,0.05106526544773371,reversal_1
2019-02-28,801950.SI,0.2,0.027677879667426186,reversal_1
2019-02-28,801180.SI,0.2,0.11857409882425873,reversal_1
2019-03-31,801040.SI,0.2,-0.053533206831119506,reversal_1
2019-03-31,801950.SI,0.2,0.0416054821341163,reversal_1
2019-03-31,801050.SI,0.2,-0.0637910526663582,reversal_1
2019-03-31,801880.SI,0.2,0.01933571743496798,reversal_1
2019-03-31,801960.SI,0.2,-0.002611028601542831,reversal_1
2019-04-30,801760.SI,0.2,-0.09141746050886301,reversal_1
2019-04-30,801750.SI,0.2,-0.05641225259753868,reversal_1
2019-04-30,801740.SI,0.2,-0.01566690190543396,reversal_1
2019-04-30,801050.SI,0.2,0.022639605015651654,reversal_1
2019-04-30,801140.SI,0.2,-0.07448608914910892,reversal_1
2019-05-31,801880.SI,0.2,0.008643506364519604,reversal_1
2019-05-31,801760.SI,0.2,0.0034672108030990856,reversal_1
2019-05-31,801030.SI,0.2,-0.005304159140583908,reversal_1
2019-05-31,801770.SI,0.2,0.03531913028230771,reversal_1
2019-05-31,801970.SI,0.2,0.08225717128252374,reversal_1
2019-06-30,801010.SI,0.2,0.0730661066924354,reversal_1
2019-06-30,801730.SI,0.2,0.0064001896352485765,reversal_1
2019-06-30,801030.SI,0.2,-0.0013668856067740043,reversal_1
2019-06-30,801130.SI,0.2,-0.03681711426529144,reversal_1
2019-06-30,801040.SI,0.2,-0.053486125861534006,reversal_1
2019-07-31,801970.SI,0.2,-0.042628809107685184,reversal_1
2019-07-31,801040.SI,0.2,-0.05716422941418209,reversal_1
2019-07-31,801050.SI,0.2,0.021370786919944873,reversal_1
2019-07-31,801960.SI,0.2,-0.04815453867549169,reversal_1
2019-07-31,801130.SI,0.2,-0.012276767965904933,reversal_1
2019-08-31,801180.SI,0.2,0.012871838518845324,reversal_1
2019-08-31,801040.SI,0.2,-0.0033841196146707775,reversal_1
2019-08-31,801720.SI,0.2,0.004886575626857459,reversal_1
2019-08-31,801960.SI,0.2,0.026035888697004683,reversal_1
2019-08-31,801770.SI,0.2,0.05474223497087394,reversal_1
2019-09-30,801010.SI,0.2,0.1259784115697462,reversal_1
2019-09-30,801740.SI,0.2,-0.04787691551545592,reversal_1
2019-09-30,801050.SI,0.2,-0.04931148829912302,reversal_1
2019-09-30,801120.SI,0.2,0.016584859040020383,reversal_1
2019-09-30,801880.SI,0.2,-0.014550705320448665,reversal_1
2019-10-31,801050.SI,0.2,0.00930789965387313,reversal_1
2019-10-31,801740.SI,0.2,-0.01736677636127315,reversal_1
2019-10-31,801950.SI,0.2,-0.013133341972269008,reversal_1
2019-10-31,801730.SI,0.2,0.01612293454043212,reversal_1
2019-10-31,801040.SI,0.2,0.022845897150680194,reversal_1
2019-11-30,801010.SI,0.2,0.016831932721449228,reversal_1
2019-11-30,801980.SI,0.2,0.06142086645886602,reversal_1
2019-11-30,801130.SI,0.2,0.08994327441216066,reversal_1
2019-11-30,801210.SI,0.2,0.08231749555872403,reversal_1
2019-11-30,801770.SI,0.2,0.08224514893497159,reversal_1
2019-12-31,801010.SI,0.2,-0.04006529427768202,reversal_1
2019-12-31,801160.SI,0.2,-0.036216156191322235,reversal_1
2019-12-31,801970.SI,0.2,0.008837677012709655,reversal_1
2019-12-31,801150.SI,0.2,0.0467287615020362,reversal_1
2019-12-31,801120.SI,0.2,-0.058685391683798604,reversal_1
2020-01-31,801210.SI,0.2,-0.03109577007373754,reversal_1
2020-01-31,801120.SI,0.2,-0.02401867952580017,reversal_1
2020-01-31,801170.SI,0.2,-0.059987497920067745,reversal_1
2020-01-31,801180.SI,0.2,-0.019329334447368063,reversal_1
2020-01-31,801040.SI,0.2,-0.04512175632753346,reversal_1
2020-02-29,801170.SI,0.2,-0.03072374464176353,reversal_1
2020-02-29,801960.SI,0.2,-0.08012861511983527,reversal_1
2020-02-29,801040.SI,0.2,-0.0187446718374904,reversal_1
2020-02-29,801950.SI,0.2,-0.04857299861577746,reversal_1
2020-02-29,801210.SI,0.2,-0.09656332022499692,reversal_1
2020-03-31,801080.SI,0.2,0.11424079377389651,reversal_1
2020-03-31,801750.SI,0.2,0.0755829525273295,reversal_1
2020-03-31,801210.SI,0.2,0.21710191528313638,reversal_1
2020-03-31,801110.SI,0.2,0.07653987238512605,reversal_1
2020-03-31,801760.SI,0.2,0.05558450581900298,reversal_1
2020-04-30,801130.SI,0.2,-0.004580170088009927,reversal_1
2020-04-30,801010.SI,0.2,-0.04383474004095578,reversal_1
2020-04-30,801950.SI,0.2,0.0011404842671658422,reversal_1
2020-04-30,801720.SI,0.2,-0.03723290995072914,reversal_1
2020-04-30,801200.SI,0.2,0.07245412249208694,reversal_1
2020-05-31,801770.SI,0.2,0.07804701564427452,reversal_1
2020-05-31,801010.SI,0.2,0.06118699423312646,reversal_1
2020-05-31,801720.SI,0.2,-0.008260212111548815,reversal_1
2020-05-31,801960.SI,0.2,0.010617409170112557,reversal_1
2020-05-31,801180.SI,0.2,0.04641532640308088,reversal_1
2020-06-30,801720.SI,0.2,0.10771704180064301,reversal_1
2020-06-30,801710.SI,0.2,0.23918900365964002,reversal_1
2020-06-30,801950.SI,0.2,0.12742329443348277,reversal_1
2020-06-30,801960.SI,0.2,0.12838642022169755,reversal_1
2020-06-30,801040.SI,0.2,0.05694701451692774,reversal_1
2020-07-31,801770.SI,0.2,-0.008491563246290634,reversal_1
2020-07-31,801040.SI,0.2,0.02002761749765747,reversal_1
2020-07-31,801130.SI,0.2,0.022601947035196357,reversal_1
2020-07-31,801750.SI,0.2,-0.0026693271841901067,reversal_1
2020-07-31,801760.SI,0.2,0.02995870178958926,reversal_1
2020-08-31,801210.SI,0.2,0.03138340944536444,reversal_1
2020-08-31,801200.SI,0.2,-0.08170594495198469,reversal_1
2020-08-31,801150.SI,0.2,-0.08443325352664632,reversal_1
2020-08-31,801980.SI,0.2,-0.08720911367037587,reversal_1
2020-08-31,801770.SI,0.2,-0.10255823044211321,reversal_1
2020-09-30,801010.SI,0.2,-0.04603405777997327,reversal_1
2020-09-30,801770.SI,0.2,-0.026121159591177667,reversal_1
2020-09-30,801230.SI,0.2,0.018965517241379404,reversal_1
2020-09-30,801050.SI,0.2,0.019013064718893746,reversal_1
2020-09-30,801980.SI,0.2,0.05672748369372793,reversal_1
2020-10-31,801210.SI,0.2,0.015808833012623813,reversal_1
2020-10-31,801010.SI,0.2,0.030726796599982897,reversal_1
2020-10-31,801180.SI,0.2,0.06130448779859621,reversal_1
2020-10-31,801740.SI,0.2,0.08052981737865661,reversal_1
2020-10-31,801770.SI,0.2,0.022990738649198095,reversal_1
2020-11-30,801150.SI,0.2,0.09518135546650774,reversal_1
2020-11-30,801750.SI,0.2,-0.013178915275377179,reversal_1
2020-11-30,801980.SI,0.2,0.05377551385460433,reversal_1
2020-11-30,801760.SI,0.2,-0.04965347496599526,reversal_1
2020-11-30,801200.SI,0.2,-0.07786912124919088,reversal_1
2020-12-31,801200.SI,0.2,-0.07972589777446548,reversal_1
2020-12-31,801720.SI,0.2,-0.04021626117695987,reversal_1
2020-12-31,801180.SI,0.2,-0.06828332562375694,reversal_1
2020-12-31,801770.SI,0.2,-0.07300340651021953,reversal_1
2020-12-31,801760.SI,0.2,-0.0009269103895749309,reversal_1
2021-01-31,801740.SI,0.2,-0.015702350032856582,reversal_1
2021-01-31,801200.SI,0.2,0.03140110416295627,reversal_1
2021-01-31,801770.SI,0.2,0.01359158883274647,reversal_1
2021-01-31,801180.SI,0.2,0.103252896808812,reversal_1
2021-01-31,801130.SI,0.2,0.037299908477637755,reversal_1
2021-02-28,801730.SI,0.2,-0.046533269079661155,reversal_1
2021-02-28,801880.SI,0.2,-0.059128589596250336,reversal_1
2021-02-28,801120.SI,0.2,-0.043481179036858886,reversal_1
2021-02-28,801760.SI,0.2,-0.04696109059926168,reversal_1
2021-02-28,801080.SI,0.2,-0.05801599489267717,reversal_1
2021-03-31,801050.SI,0.2,0.09013414732895408,reversal_1
2021-03-31,801960.SI,0.2,-0.0007827304935321688,reversal_1
2021-03-31,801740.SI,0.2,-0.040821582193020345,reversal_1
2021-03-31,801010.SI,0.2,0.001099186296810828,reversal_1
2021-03-31,801880.SI,0.2,0.03217178708112445,reversal_1
2021-04-30,801160.SI,0.2,0.04601799547896834,reversal_1
2021-04-30,801970.SI,0.2,0.030720388199158455,reversal_1
2021-04-30,801740.SI,0.2,0.13065184421917309,reversal_1
2021-04-30,801720.SI,0.2,0.0020944062536627506,reversal_1
2021-04-30,801770.SI,0.2,0.06912067026104496,reversal_1
2021-05-31,801010.SI,0.2,-0.03715154586923464,reversal_1
2021-05-31,801110.SI,0.2,-0.0652648176361933,reversal_1
2021-05-31,801040.SI,0.2,-0.009316670069525745,reversal_1
2021-05-31,801720.SI,0.2,0.005425938733167879,reversal_1
2021-05-31,801140.SI,0.2,-0.030460475204505344,reversal_1
2021-06-30,801210.SI,0.2,-0.19737708969719914,reversal_1
2021-06-30,801180.SI,0.2,-0.11822873735212436,reversal_1
2021-06-30,801110.SI,0.2,-0.09187386294724087,reversal_1
2021-06-30,801710.SI,0.2,-0.058214393371799344,reversal_1
2021-06-30,801120.SI,0.2,-0.19205436667795273,reversal_1
2021-07-31,801210.SI,0.2,0.009105150924949568,reversal_1
2021-07-31,801120.SI,0.2,-0.04279989087180258,reversal_1
2021-07-31,801980.SI,0.2,-0.0557364797589569,reversal_1
2021-07-31,801010.SI,0.2,-0.004617139312243279,reversal_1
2021-07-31,801180.SI,0.2,0.050277509966907274,reversal_1
2021-08-31,801150.SI,0.2,0.04956863409544843,reversal_1
2021-08-31,801980.SI,0.2,-0.007030471219399703,reversal_1
2021-08-31,801080.SI,0.2,-0.03931068677553984,reversal_1
2021-08-31,801120.SI,0.2,0.12489071654653117,reversal_1
2021-08-31,801770.SI,0.2,-0.013587206274317642,reversal_1
2021-09-30,801050.SI,0.2,-0.006222573408023124,reversal_1
2021-09-30,801040.SI,0.2,-0.1168333816565188,reversal_1
2021-09-30,801230.SI,0.2,0.014128978637652168,reversal_1
2021-09-30,801740.SI,0.2,0.040625055157116785,reversal_1
2021-09-30,801880.SI,0.2,0.09899911463938826,reversal_1
2021-10-31,801950.SI,0.2,-0.04184496502567925,reversal_1
2021-10-31,801040.SI,0.2,0.009838588331851472,reversal_1
2021-10-31,801960.SI,0.2,-0.04382310725421934,reversal_1
2021-10-31,801970.SI,0.2,0.09764971973645409,reversal_1
2021-10-31,801180.SI,0.2,0.021757898514875418,reversal_1
2021-11-30,801210.SI,0.2,0.13921014103224172,reversal_1
2021-11-30,801960.SI,0.2,0.04772524339270223,reversal_1
2021-11-30,801980.SI,0.2,-0.02028642972123562,reversal_1
2021-11-30,801950.SI,0.2,0.07674081756732587,reversal_1
2021-11-30,801230.SI,0.2,0.04968683635468274,reversal_1
2021-12-31,801730.SI,0.2,-0.1081864931198937,reversal_1
2021-12-31,801050.SI,0.2,-0.10737522211905937,reversal_1
2021-12-31,801880.SI,0.2,-0.11613914873643838,reversal_1
2021-12-31,801980.SI,0.2,-0.14092645212104937,reversal_1
2021-12-31,801740.SI,0.2,-0.17921938741981303,reversal_1
2022-01-31,801740.SI,0.2,0.054260128351994785,reversal_1
2022-01-31,801150.SI,0.2,0.03975395913293012,reversal_1
2022-01-31,801980.SI,0.2,0.04286343144249316,reversal_1
2022-01-31,801760.SI,0.2,-0.013904222467559513,reversal_1
2022-01-31,801080.SI,0.2,0.012170031586181018,reversal_1
2022-02-28,801110.SI,0.2,-0.12496646743854145,reversal_1
2022-02-28,801760.SI,0.2,-0.03681648547785166,reversal_1
2022-02-28,801180.SI,0.2,0.09523348070982984,reversal_1
2022-02-28,801120.SI,0.2,-0.10261061880532174,reversal_1
2022-02-28,801710.SI,0.2,-0.03719645620963863,reversal_1
2022-03-31,801080.SI,0.2,-0.1390666054561971,reversal_1
2022-03-31,801110.SI,0.2,-0.008308092265809863,reversal_1
2022-03-31,801050.SI,0.2,-0.11647238750323374,reversal_1
2022-03-31,801960.SI,0.2,-0.04897593722441185,reversal_1
2022-03-31,801750.SI,0.2,-0.17031118197239503,reversal_1
2022-04-30,801750.SI,0.2,0.02185607668759637,reversal_1
2022-04-30,801730.SI,0.2,0.12431716584198194,reversal_1
2022-04-30,801970.SI,0.2,0.10315135688322674,reversal_1
2022-04-30,801080.SI,0.2,0.08955769983492456,reversal_1
2022-04-30,801890.SI,0.2,0.10414815660126675,reversal_1
2022-05-31,801180.SI,0.2,0.05611459575941802,reversal_1
2022-05-31,801150.SI,0.2,0.10470643209746644,reversal_1
2022-05-31,801750.SI,0.2,0.08478634627947601,reversal_1
2022-05-31,801110.SI,0.2,0.11157491849988066,reversal_1
2022-05-31,801720.SI,0.2,-0.0016051217560307807,reversal_1
2022-06-30,801960.SI,0.2,-0.03647026838078227,reversal_1
2022-06-30,801720.SI,0.2,-0.028150821714515883,reversal_1
2022-06-30,801160.SI,0.2,0.04046392755672601,reversal_1
2022-06-30,801950.SI,0.2,-0.07932500118504004,reversal_1
2022-06-30,801170.SI,0.2,-0.04900210602520649,reversal_1
2022-07-31,801710.SI,0.2,-0.06804770318021203,reversal_1
2022-07-31,801120.SI,0.2,0.007297421691735861,reversal_1
2022-07-31,801210.SI,0.2,-0.009694398053735287,reversal_1
2022-07-31,801950.SI,0.2,0.07851913380448483,reversal_1
2022-07-31,801150.SI,0.2,-0.025105496678695438,reversal_1
2022-08-31,801880.SI,0.2,-0.1051006879299562,reversal_1
2022-08-31,801730.SI,0.2,-0.10657659900262972,reversal_1
2022-08-31,801710.SI,0.2,-0.09308005598895375,reversal_1
2022-08-31,801890.SI,0.2,-0.092791568893829,reversal_1
2022-08-31,801040.SI,0.2,-0.09026028031448319,reversal_1
2022-09-30,801760.SI,0.2,-0.026246830092984008,reversal_1
2022-09-30,801080.SI,0.2,0.033791171844393286,reversal_1
2022-09-30,801730.SI,0.2,-0.012076447842309213,reversal_1
2022-09-30,801880.SI,0.2,-0.015063249621694919,reversal_1
2022-09-30,801010.SI,0.2,-0.06255623647284847,reversal_1
2022-10-31,801120.SI,0.2,0.16605803067525393,reversal_1
2022-10-31,801180.SI,0.2,0.27797199405581785,reversal_1
2022-10-31,801110.SI,0.2,0.13487953522005802,reversal_1
2022-10-31,801950.SI,0.2,0.073430328719847,reversal_1
2022-10-31,801710.SI,0.2,0.20508708447918167,reversal_1
2022-11-30,801740.SI,0.2,-0.04634607565362758,reversal_1
2022-11-30,801750.SI,0.2,-0.01617171942943063,reversal_1
2022-11-30,801770.SI,0.2,-0.041289212234999595,reversal_1
2022-11-30,801730.SI,0.2,-0.04003249097102202,reversal_1
2022-11-30,801080.SI,0.2,-0.04484701718437112,reversal_1
2019-01-31,801210.SI,0.1,0.17595435523438452,reversal_1__trend
2019-01-31,801970.SI,0.1,0.22833631325863157,reversal_1__trend
2019-01-31,801230.SI,0.1,0.2296121873330268,reversal_1__trend
2019-01-31,801760.SI,0.1,0.25660517289329743,reversal_1__trend
2019-01-31,801160.SI,0.1,0.15199591426547387,reversal_1__trend
2019-02-28,801110.SI,0.2,0.07761313796578961,reversal_1__trend
2019-02-28,801120.SI,0.2,0.1621849903572148,reversal_1__trend
2019-02-28,801960.SI,0.2,0.05106526544773371,reversal_1__trend
2019-02-28,801950.SI,0.2,0.027677879667426186,reversal_1__trend
2019-02-28,801180.SI,0.2,0.11857409882425873,reversal_1__trend
2019-03-31,801040.SI,0.2,-0.053533206831119506,reversal_1__trend
2019-03-31,801950.SI,0.2,0.0416054821341163,reversal_1__trend
2019-03-31,801050.SI,0.2,-0.0637910526663582,reversal_1__trend
2019-03-31,801880.SI,0.2,0.01933571743496798,reversal_1__trend
2019-03-31,801960.SI,0.2,-0.002611028601542831,reversal_1__trend
2019-04-30,801760.SI,0.2,-0.09141746050886301,reversal_1__trend
2019-04-30,801750.SI,0.2,-0.05641225259753868,reversal_1__trend
2019-04-30,801740.SI,0.2,-0.01566690190543396,reversal_1__trend
2019-04-30,801050.SI,0.2,0.022639605015651654,reversal_1__trend
2019-04-30,801140.SI,0.2,-0.07448608914910892,reversal_1__trend
2019-05-31,801880.SI,0.2,0.008643506364519604,reversal_1__trend
2019-05-31,801760.SI,0.2,0.0034672108030990856,reversal_1__trend
2019-05-31,801030.SI,0.2,-0.005304159140583908,reversal_1__trend
2019-05-31,801770.SI,0.2,0.03531913028230771,reversal_1__trend
2019-05-31,801970.SI,0.2,0.08225717128252374,reversal_1__trend
2019-06-30,801010.SI,0.2,0.0730661066924354,reversal_1__trend
2019-06-30,801730.SI,0.2,0.0064001896352485765,reversal_1__trend
2019-06-30,801030.SI,0.2,-0.0013668856067740043,reversal_1__trend
2019-06-30,801130.SI,0.2,-0.03681711426529144,reversal_1__trend
2019-06-30,801040.SI,0.2,-0.053486125861534006,reversal_1__trend
2019-07-31,801970.SI,0.2,-0.042628809107685184,reversal_1__trend
2019-07-31,801040.SI,0.2,-0.05716422941418209,reversal_1__trend
2019-07-31,801050.SI,0.2,0.021370786919944873,reversal_1__trend
2019-07-31,801960.SI,0.2,-0.04815453867549169,reversal_1__trend
2019-07-31,801130.SI,0.2,-0.012276767965904933,reversal_1__trend
2019-08-31,801180.SI,0.2,0.012871838518845324,reversal_1__trend
2019-08-31,801040.SI,0.2,-0.0033841196146707775,reversal_1__trend
2019-08-31,801720.SI,0.2,0.004886575626857459,reversal_1__trend
2019-08-31,801960.SI,0.2,0.026035888697004683,reversal_1__trend
2019-08-31,801770.SI,0.2,0.05474223497087394,reversal_1__trend
2019-09-30,801010.SI,0.2,0.1259784115697462,reversal_1__trend
2019-09-30,801740.SI,0.2,-0.04787691551545592,reversal_1__trend
2019-09-30,801050.SI,0.2,-0.04931148829912302,reversal_1__trend
2019-09-30,801120.SI,0.2,0.016584859040020383,reversal_1__trend
2019-09-30,801880.SI,0.2,-0.014550705320448665,reversal_1__trend
2019-10-31,801050.SI,0.1,0.00930789965387313,reversal_1__trend
2019-10-31,801740.SI,0.1,-0.01736677636127315,reversal_1__trend
2019-10-31,801950.SI,0.1,-0.013133341972269008,reversal_1__trend
2019-10-31,801730.SI,0.1,0.01612293454043212,reversal_1__trend
2019-10-31,801040.SI,0.1,0.022845897150680194,reversal_1__trend
2019-11-30,801010.SI,0.1,0.016831932721449228,reversal_1__trend
2019-11-30,801980.SI,0.1,0.06142086645886602,reversal_1__trend
2019-11-30,801130.SI,0.1,0.08994327441216066,reversal_1__trend
2019-11-30,801210.SI,0.1,0.08231749555872403,reversal_1__trend
2019-11-30,801770.SI,0.1,0.08224514893497159,reversal_1__trend
2019-12-31,801010.SI,0.2,-0.04006529427768202,reversal_1__trend
2019-12-31,801160.SI,0.2,-0.036216156191322235,reversal_1__trend
2019-12-31,801970.SI,0.2,0.008837677012709655,reversal_1__trend
2019-12-31,801150.SI,0.2,0.0467287615020362,reversal_1__trend
2019-12-31,801120.SI,0.2,-0.058685391683798604,reversal_1__trend
2020-01-31,801210.SI,0.2,-0.03109577007373754,reversal_1__trend
2020-01-31,801120.SI,0.2,-0.02401867952580017,reversal_1__trend
2020-01-31,801170.SI,0.2,-0.059987497920067745,reversal_1__trend
2020-01-31,801180.SI,0.2,-0.019329334447368063,reversal_1__trend
2020-01-31,801040.SI,0.2,-0.04512175632753346,reversal_1__trend
2020-02-29,801170.SI,0.2,-0.03072374464176353,reversal_1__trend
2020-02-29,801960.SI,0.2,-0.08012861511983527,reversal_1__trend
2020-02-29,801040.SI,0.2,-0.0187446718374904,reversal_1__trend
2020-02-29,801950.SI,0.2,-0.04857299861577746,reversal_1__trend
2020-02-29,801210.SI,0.2,-0.09656332022499692,reversal_1__trend
2020-03-31,801080.SI,0.1,0.11424079377389651,reversal_1__trend
2020-03-31,801750.SI,0.1,0.0755829525273295,reversal_1__trend
2020-03-31,801210.SI,0.1,0.21710191528313638,reversal_1__trend
2020-03-31,801110.SI,0.1,0.07653987238512605,reversal_1__trend
2020-03-31,801760.SI,0.1,0.05558450581900298,reversal_1__trend
2020-04-30,801130.SI,0.2,-0.004580170088009927,reversal_1__trend
2020-04-30,801010.SI,0.2,-0.04383474004095578,reversal_1__trend
2020-04-30,801950.SI,0.2,0.0011404842671658422,reversal_1__trend
2020-04-30,801720.SI,0.2,-0.03723290995072914,reversal_1__trend
2020-04-30,801200.SI,0.2,0.07245412249208694,reversal_1__trend
2020-05-31,801770.SI,0.2,0.07804701564427452,reversal_1__trend
2020-05-31,801010.SI,0.2,0.06118699423312646,reversal_1__trend
2020-05-31,801720.SI,0.2,-0.008260212111548815,reversal_1__trend
2020-05-31,801960.SI,0.2,0.010617409170112557,reversal_1__trend
2020-05-31,801180.SI,0.2,0.04641532640308088,reversal_1__trend
2020-06-30,801720.SI,0.2,0.10771704180064301,reversal_1__trend
2020-06-30,801710.SI,0.2,0.23918900365964002,reversal_1__trend
2020-06-30,801950.SI,0.2,0.12742329443348277,reversal_1__trend
2020-06-30,801960.SI,0.2,0.12838642022169755,reversal_1__trend
2020-06-30,801040.SI,0.2,0.05694701451692774,reversal_1__trend
2020-07-31,801770.SI,0.2,-0.008491563246290634,reversal_1__trend
2020-07-31,801040.SI,0.2,0.02002761749765747,reversal_1__trend
2020-07-31,801130.SI,0.2,0.022601947035196357,reversal_1__trend
2020-07-31,801750.SI,0.2,-0.0026693271841901067,reversal_1__trend
2020-07-31,801760.SI,0.2,0.02995870178958926,reversal_1__trend
2020-08-31,801210.SI,0.2,0.03138340944536444,reversal_1__trend
2020-08-31,801200.SI,0.2,-0.08170594495198469,reversal_1__trend
2020-08-31,801150.SI,0.2,-0.08443325352664632,reversal_1__trend
2020-08-31,801980.SI,0.2,-0.08720911367037587,reversal_1__trend
2020-08-31,801770.SI,0.2,-0.10255823044211321,reversal_1__trend
2020-09-30,801010.SI,0.2,-0.04603405777997327,reversal_1__trend
2020-09-30,801770.SI,0.2,-0.026121159591177667,reversal_1__trend
2020-09-30,801230.SI,0.2,0.018965517241379404,reversal_1__trend
2020-09-30,801050.SI,0.2,0.019013064718893746,reversal_1__trend
2020-09-30,801980.SI,0.2,0.05672748369372793,reversal_1__trend
2020-10-31,801210.SI,0.2,0.015808833012623813,reversal_1__trend
2020-10-31,801010.SI,0.2,0.030726796599982897,reversal_1__trend
2020-10-31,801180.SI,0.2,0.06130448779859621,reversal_1__trend
2020-10-31,801740.SI,0.2,0.08052981737865661,reversal_1__trend
2020-10-31,801770.SI,0.2,0.022990738649198095,reversal_1__trend
2020-11-30,801150.SI,0.2,0.09518135546650774,reversal_1__trend
2020-11-30,801750.SI,0.2,-0.013178915275377179,reversal_1__trend
2020-11-30,801980.SI,0.2,0.05377551385460433,reversal_1__trend
2020-11-30,801760.SI,0.2,-0.04965347496599526,reversal_1__trend
2020-11-30,801200.SI,0.2,-0.07786912124919088,reversal_1__trend
2020-12-31,801200.SI,0.2,-0.07972589777446548,reversal_1__trend
2020-12-31,801720.SI,0.2,-0.04021626117695987,reversal_1__trend
2020-12-31,801180.SI,0.2,-0.06828332562375694,reversal_1__trend
2020-12-31,801770.SI,0.2,-0.07300340651021953,reversal_1__trend
2020-12-31,801760.SI,0.2,-0.0009269103895749309,reversal_1__trend
2021-01-31,801740.SI,0.2,-0.015702350032856582,reversal_1__trend
2021-01-31,801200.SI,0.2,0.03140110416295627,reversal_1__trend
2021-01-31,801770.SI,0.2,0.01359158883274647,reversal_1__trend
2021-01-31,801180.SI,0.2,0.103252896808812,reversal_1__trend
2021-01-31,801130.SI,0.2,0.037299908477637755,reversal_1__trend
2021-02-28,801730.SI,0.2,-0.046533269079661155,reversal_1__trend
2021-02-28,801880.SI,0.2,-0.059128589596250336,reversal_1__trend
2021-02-28,801120.SI,0.2,-0.043481179036858886,reversal_1__trend
2021-02-28,801760.SI,0.2,-0.04696109059926168,reversal_1__trend
2021-02-28,801080.SI,0.2,-0.05801599489267717,reversal_1__trend
2021-03-31,801050.SI,0.2,0.09013414732895408,reversal_1__trend
2021-03-31,801960.SI,0.2,-0.0007827304935321688,reversal_1__trend
2021-03-31,801740.SI,0.2,-0.040821582193020345,reversal_1__trend
2021-03-31,801010.SI,0.2,0.001099186296810828,reversal_1__trend
2021-03-31,801880.SI,0.2,0.03217178708112445,reversal_1__trend
2021-04-30,801160.SI,0.2,0.04601799547896834,reversal_1__trend
2021-04-30,801970.SI,0.2,0.030720388199158455,reversal_1__trend
2021-04-30,801740.SI,0.2,0.13065184421917309,reversal_1__trend
2021-04-30,801720.SI,0.2,0.0020944062536627506,reversal_1__trend
2021-04-30,801770.SI,0.2,0.06912067026104496,reversal_1__trend
2021-05-31,801010.SI,0.2,-0.03715154586923464,reversal_1__trend
2021-05-31,801110.SI,0.2,-0.0652648176361933,reversal_1__trend
2021-05-31,801040.SI,0.2,-0.009316670069525745,reversal_1__trend
2021-05-31,801720.SI,0.2,0.005425938733167879,reversal_1__trend
2021-05-31,801140.SI,0.2,-0.030460475204505344,reversal_1__trend
2021-06-30,801210.SI,0.2,-0.19737708969719914,reversal_1__trend
2021-06-30,801180.SI,0.2,-0.11822873735212436,reversal_1__trend
2021-06-30,801110.SI,0.2,-0.09187386294724087,reversal_1__trend
2021-06-30,801710.SI,0.2,-0.058214393371799344,reversal_1__trend
2021-06-30,801120.SI,0.2,-0.19205436667795273,reversal_1__trend
2021-07-31,801210.SI,0.2,0.009105150924949568,reversal_1__trend
2021-07-31,801120.SI,0.2,-0.04279989087180258,reversal_1__trend
2021-07-31,801980.SI,0.2,-0.0557364797589569,reversal_1__trend
2021-07-31,801010.SI,0.2,-0.004617139312243279,reversal_1__trend
2021-07-31,801180.SI,0.2,0.050277509966907274,reversal_1__trend
2021-08-31,801150.SI,0.2,0.04956863409544843,reversal_1__trend
2021-08-31,801980.SI,0.2,-0.007030471219399703,reversal_1__trend
2021-08-31,801080.SI,0.2,-0.03931068677553984,reversal_1__trend
2021-08-31,801120.SI,0.2,0.12489071654653117,reversal_1__trend
2021-08-31,801770.SI,0.2,-0.013587206274317642,reversal_1__trend
2021-09-30,801050.SI,0.2,-0.006222573408023124,reversal_1__trend
2021-09-30,801040.SI,0.2,-0.1168333816565188,reversal_1__trend
2021-09-30,801230.SI,0.2,0.014128978637652168,reversal_1__trend
2021-09-30,801740.SI,0.2,0.040625055157116785,reversal_1__trend
2021-09-30,801880.SI,0.2,0.09899911463938826,reversal_1__trend
2021-10-31,801950.SI,0.2,-0.04184496502567925,reversal_1__trend
2021-10-31,801040.SI,0.2,0.009838588331851472,reversal_1__trend
2021-10-31,801960.SI,0.2,-0.04382310725421934,reversal_1__trend
2021-10-31,801970.SI,0.2,0.09764971973645409,reversal_1__trend
2021-10-31,801180.SI,0.2,0.021757898514875418,reversal_1__trend
2021-11-30,801210.SI,0.2,0.13921014103224172,reversal_1__trend
2021-11-30,801960.SI,0.2,0.04772524339270223,reversal_1__trend
2021-11-30,801980.SI,0.2,-0.02028642972123562,reversal_1__trend
2021-11-30,801950.SI,0.2,0.07674081756732587,reversal_1__trend
2021-11-30,801230.SI,0.2,0.04968683635468274,reversal_1__trend
2021-12-31,801730.SI,0.2,-0.1081864931198937,reversal_1__trend
2021-12-31,801050.SI,0.2,-0.10737522211905937,reversal_1__trend
2021-12-31,801880.SI,0.2,-0.11613914873643838,reversal_1__trend
2021-12-31,801980.SI,0.2,-0.14092645212104937,reversal_1__trend
2021-12-31,801740.SI,0.2,-0.17921938741981303,reversal_1__trend
2022-01-31,801740.SI,0.1,0.054260128351994785,reversal_1__trend
2022-01-31,801150.SI,0.1,0.03975395913293012,reversal_1__trend
2022-01-31,801980.SI,0.1,0.04286343144249316,reversal_1__trend
2022-01-31,801760.SI,0.1,-0.013904222467559513,reversal_1__trend
2022-01-31,801080.SI,0.1,0.012170031586181018,reversal_1__trend
2022-02-28,801110.SI,0.1,-0.12496646743854145,reversal_1__trend
2022-02-28,801760.SI,0.1,-0.03681648547785166,reversal_1__trend
2022-02-28,801180.SI,0.1,0.09523348070982984,reversal_1__trend
2022-02-28,801120.SI,0.1,-0.10261061880532174,reversal_1__trend
2022-02-28,801710.SI,0.1,-0.03719645620963863,reversal_1__trend
2022-03-31,801080.SI,0.1,-0.1390666054561971,reversal_1__trend
2022-03-31,801110.SI,0.1,-0.008308092265809863,reversal_1__trend
2022-03-31,801050.SI,0.1,-0.11647238750323374,reversal_1__trend
2022-03-31,801960.SI,0.1,-0.04897593722441185,reversal_1__trend
2022-03-31,801750.SI,0.1,-0.17031118197239503,reversal_1__trend
2022-04-30,801750.SI,0.1,0.02185607668759637,reversal_1__trend
2022-04-30,801730.SI,0.1,0.12431716584198194,reversal_1__trend
2022-04-30,801970.SI,0.1,0.10315135688322674,reversal_1__trend
2022-04-30,801080.SI,0.1,0.08955769983492456,reversal_1__trend
2022-04-30,801890.SI,0.1,0.10414815660126675,reversal_1__trend
2022-05-31,801180.SI,0.1,0.05611459575941802,reversal_1__trend
2022-05-31,801150.SI,0.1,0.10470643209746644,reversal_1__trend
2022-05-31,801750.SI,0.1,0.08478634627947601,reversal_1__trend
2022-05-31,801110.SI,0.1,0.11157491849988066,reversal_1__trend
2022-05-31,801720.SI,0.1,-0.0016051217560307807,reversal_1__trend
2022-06-30,801960.SI,0.2,-0.03647026838078227,reversal_1__trend
2022-06-30,801720.SI,0.2,-0.028150821714515883,reversal_1__trend
2022-06-30,801160.SI,0.2,0.04046392755672601,reversal_1__trend
2022-06-30,801950.SI,0.2,-0.07932500118504004,reversal_1__trend
2022-06-30,801170.SI,0.2,-0.04900210602520649,reversal_1__trend
2022-07-31,801710.SI,0.1,-0.06804770318021203,reversal_1__trend
2022-07-31,801120.SI,0.1,0.007297421691735861,reversal_1__trend
2022-07-31,801210.SI,0.1,-0.009694398053735287,reversal_1__trend
2022-07-31,801950.SI,0.1,0.07851913380448483,reversal_1__trend
2022-07-31,801150.SI,0.1,-0.025105496678695438,reversal_1__trend
2022-08-31,801880.SI,0.1,-0.1051006879299562,reversal_1__trend
2022-08-31,801730.SI,0.1,-0.10657659900262972,reversal_1__trend
2022-08-31,801710.SI,0.1,-0.09308005598895375,reversal_1__trend
2022-08-31,801890.SI,0.1,-0.092791568893829,reversal_1__trend
2022-08-31,801040.SI,0.1,-0.09026028031448319,reversal_1__trend
2022-09-30,801760.SI,0.1,-0.026246830092984008,reversal_1__trend
2022-09-30,801080.SI,0.1,0.033791171844393286,reversal_1__trend
2022-09-30,801730.SI,0.1,-0.012076447842309213,reversal_1__trend
2022-09-30,801880.SI,0.1,-0.015063249621694919,reversal_1__trend
2022-09-30,801010.SI,0.1,-0.06255623647284847,reversal_1__trend
2022-10-31,801120.SI,0.1,0.16605803067525393,reversal_1__trend
2022-10-31,801180.SI,0.1,0.27797199405581785,reversal_1__trend
2022-10-31,801110.SI,0.1,0.13487953522005802,reversal_1__trend
2022-10-31,801950.SI,0.1,0.073430328719847,reversal_1__trend
2022-10-31,801710.SI,0.1,0.20508708447918167,reversal_1__trend
2022-11-30,801740.SI,0.1,-0.04634607565362758,reversal_1__trend
2022-11-30,801750.SI,0.1,-0.01617171942943063,reversal_1__trend
2022-11-30,801770.SI,0.1,-0.041289212234999595,reversal_1__trend
2022-11-30,801730.SI,0.1,-0.04003249097102202,reversal_1__trend
2022-11-30,801080.SI,0.1,-0.04484701718437112,reversal_1__trend
2019-01-31,801210.SI,0.16397130739193774,0.17595435523438452,reversal_1__vol_target
2019-01-31,801970.SI,0.16397130739193774,0.22833631325863157,reversal_1__vol_target
2019-01-31,801230.SI,0.16397130739193774,0.2296121873330268,reversal_1__vol_target
2019-01-31,801760.SI,0.16397130739193774,0.25660517289329743,reversal_1__vol_target
2019-01-31,801160.SI,0.16397130739193774,0.15199591426547387,reversal_1__vol_target
2019-02-28,801110.SI,0.08920042031173513,0.07761313796578961,reversal_1__vol_target
2019-02-28,801120.SI,0.08920042031173513,0.1621849903572148,reversal_1__vol_target
2019-02-28,801960.SI,0.08920042031173513,0.05106526544773371,reversal_1__vol_target
2019-02-28,801950.SI,0.08920042031173513,0.027677879667426186,reversal_1__vol_target
2019-02-28,801180.SI,0.08920042031173513,0.11857409882425873,reversal_1__vol_target
2019-03-31,801040.SI,0.08534904231971954,-0.053533206831119506,reversal_1__vol_target
2019-03-31,801950.SI,0.08534904231971954,0.0416054821341163,reversal_1__vol_target
2019-03-31,801050.SI,0.08534904231971954,-0.0637910526663582,reversal_1__vol_target
2019-03-31,801880.SI,0.08534904231971954,0.01933571743496798,reversal_1__vol_target
2019-03-31,801960.SI,0.08534904231971954,-0.002611028601542831,reversal_1__vol_target
2019-04-30,801760.SI,0.10275072955796258,-0.09141746050886301,reversal_1__vol_target
2019-04-30,801750.SI,0.10275072955796258,-0.05641225259753868,reversal_1__vol_target
2019-04-30,801740.SI,0.10275072955796258,-0.01566690190543396,reversal_1__vol_target
2019-04-30,801050.SI,0.10275072955796258,0.022639605015651654,reversal_1__vol_target
2019-04-30,801140.SI,0.10275072955796258,-0.07448608914910892,reversal_1__vol_target
2019-05-31,801880.SI,0.09125944612388598,0.008643506364519604,reversal_1__vol_target
2019-05-31,801760.SI,0.09125944612388598,0.0034672108030990856,reversal_1__vol_target
2019-05-31,801030.SI,0.09125944612388598,-0.005304159140583908,reversal_1__vol_target
2019-05-31,801770.SI,0.09125944612388598,0.03531913028230771,reversal_1__vol_target
2019-05-31,801970.SI,0.09125944612388598,0.08225717128252374,reversal_1__vol_target
2019-06-30,801010.SI,0.09599882870375992,0.0730661066924354,reversal_1__vol_target
2019-06-30,801730.SI,0.09599882870375992,0.0064001896352485765,reversal_1__vol_target
2019-06-30,801030.SI,0.09599882870375992,-0.0013668856067740043,reversal_1__vol_target
2019-06-30,801130.SI,0.09599882870375992,-0.03681711426529144,reversal_1__vol_target
2019-06-30,801040.SI,0.09599882870375992,-0.053486125861534006,reversal_1__vol_target
2019-07-31,801970.SI,0.09430097816011039,-0.042628809107685184,reversal_1__vol_target
2019-07-31,801040.SI,0.09430097816011039,-0.05716422941418209,reversal_1__vol_target
2019-07-31,801050.SI,0.09430097816011039,0.021370786919944873,reversal_1__vol_target
2019-07-31,801960.SI,0.09430097816011039,-0.04815453867549169,reversal_1__vol_target
2019-07-31,801130.SI,0.09430097816011039,-0.012276767965904933,reversal_1__vol_target
2019-08-31,801180.SI,0.16744930226965357,0.012871838518845324,reversal_1__vol_target
2019-08-31,801040.SI,0.16744930226965357,-0.0033841196146707775,reversal_1__vol_target
2019-08-31,801720.SI,0.16744930226965357,0.004886575626857459,reversal_1__vol_target
2019-08-31,801960.SI,0.16744930226965357,0.026035888697004683,reversal_1__vol_target
2019-08-31,801770.SI,0.16744930226965357,0.05474223497087394,reversal_1__vol_target
2019-09-30,801010.SI,0.2,0.1259784115697462,reversal_1__vol_target
2019-09-30,801740.SI,0.2,-0.04787691551545592,reversal_1__vol_target
2019-09-30,801050.SI,0.2,-0.04931148829912302,reversal_1__vol_target
2019-09-30,801120.SI,0.2,0.016584859040020383,reversal_1__vol_target
2019-09-30,801880.SI,0.2,-0.014550705320448665,reversal_1__vol_target
2019-10-31,801050.SI,0.2,0.00930789965387313,reversal_1__vol_target
2019-10-31,801740.SI,0.2,-0.01736677636127315,reversal_1__vol_target
2019-10-31,801950.SI,0.2,-0.013133341972269008,reversal_1__vol_target
2019-10-31,801730.SI,0.2,0.01612293454043212,reversal_1__vol_target
2019-10-31,801040.SI,0.2,0.022845897150680194,reversal_1__vol_target
2019-11-30,801010.SI,0.2,0.016831932721449228,reversal_1__vol_target
2019-11-30,801980.SI,0.2,0.06142086645886602,reversal_1__vol_target
2019-11-30,801130.SI,0.2,0.08994327441216066,reversal_1__vol_target
2019-11-30,801210.SI,0.2,0.08231749555872403,reversal_1__vol_target
2019-11-30,801770.SI,0.2,0.08224514893497159,reversal_1__vol_target
2019-12-31,801010.SI,0.2,-0.04006529427768202,reversal_1__vol_target
2019-12-31,801160.SI,0.2,-0.036216156191322235,reversal_1__vol_target
2019-12-31,801970.SI,0.2,0.008837677012709655,reversal_1__vol_target
2019-12-31,801150.SI,0.2,0.0467287615020362,reversal_1__vol_target
2019-12-31,801120.SI,0.2,-0.058685391683798604,reversal_1__vol_target
2020-01-31,801210.SI,0.2,-0.03109577007373754,reversal_1__vol_target
2020-01-31,801120.SI,0.2,-0.02401867952580017,reversal_1__vol_target
2020-01-31,801170.SI,0.2,-0.059987497920067745,reversal_1__vol_target
2020-01-31,801180.SI,0.2,-0.019329334447368063,reversal_1__vol_target
2020-01-31,801040.SI,0.2,-0.04512175632753346,reversal_1__vol_target
2020-02-29,801170.SI,0.2,-0.03072374464176353,reversal_1__vol_target
2020-02-29,801960.SI,0.2,-0.08012861511983527,reversal_1__vol_target
2020-02-29,801040.SI,0.2,-0.0187446718374904,reversal_1__vol_target
2020-02-29,801950.SI,0.2,-0.04857299861577746,reversal_1__vol_target
2020-02-29,801210.SI,0.2,-0.09656332022499692,reversal_1__vol_target
2020-03-31,801080.SI,0.2,0.11424079377389651,reversal_1__vol_target
2020-03-31,801750.SI,0.2,0.0755829525273295,reversal_1__vol_target
2020-03-31,801210.SI,0.2,0.21710191528313638,reversal_1__vol_target
2020-03-31,801110.SI,0.2,0.07653987238512605,reversal_1__vol_target
2020-03-31,801760.SI,0.2,0.05558450581900298,reversal_1__vol_target
2020-04-30,801130.SI,0.19054858773006775,-0.004580170088009927,reversal_1__vol_target
2020-04-30,801010.SI,0.19054858773006775,-0.04383474004095578,reversal_1__vol_target
2020-04-30,801950.SI,0.19054858773006775,0.0011404842671658422,reversal_1__vol_target
2020-04-30,801720.SI,0.19054858773006775,-0.03723290995072914,reversal_1__vol_target
2020-04-30,801200.SI,0.19054858773006775,0.07245412249208694,reversal_1__vol_target
2020-05-31,801770.SI,0.19761127371957907,0.07804701564427452,reversal_1__vol_target
2020-05-31,801010.SI,0.19761127371957907,0.06118699423312646,reversal_1__vol_target
2020-05-31,801720.SI,0.19761127371957907,-0.008260212111548815,reversal_1__vol_target
2020-05-31,801960.SI,0.19761127371957907,0.010617409170112557,reversal_1__vol_target
2020-05-31,801180.SI,0.19761127371957907,0.04641532640308088,reversal_1__vol_target
2020-06-30,801720.SI,0.2,0.10771704180064301,reversal_1__vol_target
2020-06-30,801710.SI,0.2,0.23918900365964002,reversal_1__vol_target
2020-06-30,801950.SI,0.2,0.12742329443348277,reversal_1__vol_target
2020-06-30,801960.SI,0.2,0.12838642022169755,reversal_1__vol_target
2020-06-30,801040.SI,0.2,0.05694701451692774,reversal_1__vol_target
2020-07-31,801770.SI,0.13583295209328558,-0.008491563246290634,reversal_1__vol_target
2020-07-31,801040.SI,0.13583295209328558,0.02002761749765747,reversal_1__vol_target
2020-07-31,801130.SI,0.13583295209328558,0.022601947035196357,reversal_1__vol_target
2020-07-31,801750.SI,0.13583295209328558,-0.0026693271841901067,reversal_1__vol_target
2020-07-31,801760.SI,0.13583295209328558,0.02995870178958926,reversal_1__vol_target
2020-08-31,801210.SI,0.1385403395584752,0.03138340944536444,reversal_1__vol_target
2020-08-31,801200.SI,0.1385403395584752,-0.08170594495198469,reversal_1__vol_target
2020-08-31,801150.SI,0.1385403395584752,-0.08443325352664632,reversal_1__vol_target
2020-08-31,801980.SI,0.1385403395584752,-0.08720911367037587,reversal_1__vol_target
2020-08-31,801770.SI,0.1385403395584752,-0.10255823044211321,reversal_1__vol_target
2020-09-30,801010.SI,0.12981340934077137,-0.04603405777997327,reversal_1__vol_target
2020-09-30,801770.SI,0.12981340934077137,-0.026121159591177667,reversal_1__vol_target
2020-09-30,801230.SI,0.12981340934077137,0.018965517241379404,reversal_1__vol_target
2020-09-30,801050.SI,0.12981340934077137,0.019013064718893746,reversal_1__vol_target
2020-09-30,801980.SI,0.12981340934077137,0.05672748369372793,reversal_1__vol_target
2020-10-31,801210.SI,0.12802445908687174,0.015808833012623813,reversal_1__vol_target
2020-10-31,801010.SI,0.12802445908687174,0.030726796599982897,reversal_1__vol_target
2020-10-31,801180.SI,0.12802445908687174,0.06130448779859621,reversal_1__vol_target
2020-10-31,801740.SI,0.12802445908687174,0.08052981737865661,reversal_1__vol_target
2020-10-31,801770.SI,0.12802445908687174,0.022990738649198095,reversal_1__vol_target
2020-11-30,801150.SI,0.12887963173552902,0.09518135546650774,reversal_1__vol_target
2020-11-30,801750.SI,0.12887963173552902,-0.013178915275377179,reversal_1__vol_target
2020-11-30,801980.SI,0.12887963173552902,0.05377551385460433,reversal_1__vol_target
2020-11-30,801760.SI,0.12887963173552902,-0.04965347496599526,reversal_1__vol_target
2020-11-30,801200.SI,0.12887963173552902,-0.07786912124919088,reversal_1__vol_target
2020-12-31,801200.SI,0.13249745975100496,-0.07972589777446548,reversal_1__vol_target
2020-12-31,801720.SI,0.13249745975100496,-0.04021626117695987,reversal_1__vol_target
2020-12-31,801180.SI,0.13249745975100496,-0.06828332562375694,reversal_1__vol_target
2020-12-31,801770.SI,0.13249745975100496,-0.07300340651021953,reversal_1__vol_target
2020-12-31,801760.SI,0.13249745975100496,-0.0009269103895749309,reversal_1__vol_target
2021-01-31,801740.SI,0.2,-0.015702350032856582,reversal_1__vol_target
2021-01-31,801200.SI,0.2,0.03140110416295627,reversal_1__vol_target
2021-01-31,801770.SI,0.2,0.01359158883274647,reversal_1__vol_target
2021-01-31,801180.SI,0.2,0.103252896808812,reversal_1__vol_target
2021-01-31,801130.SI,0.2,0.037299908477637755,reversal_1__vol_target
2021-02-28,801730.SI,0.2,-0.046533269079661155,reversal_1__vol_target
2021-02-28,801880.SI,0.2,-0.059128589596250336,reversal_1__vol_target
2021-02-28,801120.SI,0.2,-0.043481179036858886,reversal_1__vol_target
2021-02-28,801760.SI,0.2,-0.04696109059926168,reversal_1__vol_target
2021-02-28,801080.SI,0.2,-0.05801599489267717,reversal_1__vol_target
2021-03-31,801050.SI,0.2,0.09013414732895408,reversal_1__vol_target
2021-03-31,801960.SI,0.2,-0.0007827304935321688,reversal_1__vol_target
2021-03-31,801740.SI,0.2,-0.040821582193020345,reversal_1__vol_target
2021-03-31,801010.SI,0.2,0.001099186296810828,reversal_1__vol_target
2021-03-31,801880.SI,0.2,0.03217178708112445,reversal_1__vol_target
2021-04-30,801160.SI,0.2,0.04601799547896834,reversal_1__vol_target
2021-04-30,801970.SI,0.2,0.030720388199158455,reversal_1__vol_target
2021-04-30,801740.SI,0.2,0.13065184421917309,reversal_1__vol_target
2021-04-30,801720.SI,0.2,0.0020944062536627506,reversal_1__vol_target
2021-04-30,801770.SI,0.2,0.06912067026104496,reversal_1__vol_target
2021-05-31,801010.SI,0.2,-0.03715154586923464,reversal_1__vol_target
2021-05-31,801110.SI,0.2,-0.0652648176361933,reversal_1__vol_target
2021-05-31,801040.SI,0.2,-0.009316670069525745,reversal_1__vol_target
2021-05-31,801720.SI,0.2,0.005425938733167879,reversal_1__vol_target
2021-05-31,801140.SI,0.2,-0.030460475204505344,reversal_1__vol_target
2021-06-30,801210.SI,0.2,-0.19737708969719914,reversal_1__vol_target
2021-06-30,801180.SI,0.2,-0.11822873735212436,reversal_1__vol_target
2021-06-30,801110.SI,0.2,-0.09187386294724087,reversal_1__vol_target
2021-06-30,801710.SI,0.2,-0.058214393371799344,reversal_1__vol_target
2021-06-30,801120.SI,0.2,-0.19205436667795273,reversal_1__vol_target
2021-07-31,801210.SI,0.2,0.009105150924949568,reversal_1__vol_target
2021-07-31,801120.SI,0.2,-0.04279989087180258,reversal_1__vol_target
2021-07-31,801980.SI,0.2,-0.0557364797589569,reversal_1__vol_target
2021-07-31,801010.SI,0.2,-0.004617139312243279,reversal_1__vol_target
2021-07-31,801180.SI,0.2,0.050277509966907274,reversal_1__vol_target
2021-08-31,801150.SI,0.2,0.04956863409544843,reversal_1__vol_target
2021-08-31,801980.SI,0.2,-0.007030471219399703,reversal_1__vol_target
2021-08-31,801080.SI,0.2,-0.03931068677553984,reversal_1__vol_target
2021-08-31,801120.SI,0.2,0.12489071654653117,reversal_1__vol_target
2021-08-31,801770.SI,0.2,-0.013587206274317642,reversal_1__vol_target
2021-09-30,801050.SI,0.2,-0.006222573408023124,reversal_1__vol_target
2021-09-30,801040.SI,0.2,-0.1168333816565188,reversal_1__vol_target
2021-09-30,801230.SI,0.2,0.014128978637652168,reversal_1__vol_target
2021-09-30,801740.SI,0.2,0.040625055157116785,reversal_1__vol_target
2021-09-30,801880.SI,0.2,0.09899911463938826,reversal_1__vol_target
2021-10-31,801950.SI,0.2,-0.04184496502567925,reversal_1__vol_target
2021-10-31,801040.SI,0.2,0.009838588331851472,reversal_1__vol_target
2021-10-31,801960.SI,0.2,-0.04382310725421934,reversal_1__vol_target
2021-10-31,801970.SI,0.2,0.09764971973645409,reversal_1__vol_target
2021-10-31,801180.SI,0.2,0.021757898514875418,reversal_1__vol_target
2021-11-30,801210.SI,0.2,0.13921014103224172,reversal_1__vol_target
2021-11-30,801960.SI,0.2,0.04772524339270223,reversal_1__vol_target
2021-11-30,801980.SI,0.2,-0.02028642972123562,reversal_1__vol_target
2021-11-30,801950.SI,0.2,0.07674081756732587,reversal_1__vol_target
2021-11-30,801230.SI,0.2,0.04968683635468274,reversal_1__vol_target
2021-12-31,801730.SI,0.2,-0.1081864931198937,reversal_1__vol_target
2021-12-31,801050.SI,0.2,-0.10737522211905937,reversal_1__vol_target
2021-12-31,801880.SI,0.2,-0.11613914873643838,reversal_1__vol_target
2021-12-31,801980.SI,0.2,-0.14092645212104937,reversal_1__vol_target
2021-12-31,801740.SI,0.2,-0.17921938741981303,reversal_1__vol_target
2022-01-31,801740.SI,0.16781090124645964,0.054260128351994785,reversal_1__vol_target
2022-01-31,801150.SI,0.16781090124645964,0.03975395913293012,reversal_1__vol_target
2022-01-31,801980.SI,0.16781090124645964,0.04286343144249316,reversal_1__vol_target
2022-01-31,801760.SI,0.16781090124645964,-0.013904222467559513,reversal_1__vol_target
2022-01-31,801080.SI,0.16781090124645964,0.012170031586181018,reversal_1__vol_target
2022-02-28,801110.SI,0.17966022354069944,-0.12496646743854145,reversal_1__vol_target
2022-02-28,801760.SI,0.17966022354069944,-0.03681648547785166,reversal_1__vol_target
2022-02-28,801180.SI,0.17966022354069944,0.09523348070982984,reversal_1__vol_target
2022-02-28,801120.SI,0.17966022354069944,-0.10261061880532174,reversal_1__vol_target
2022-02-28,801710.SI,0.17966022354069944,-0.03719645620963863,reversal_1__vol_target
2022-03-31,801080.SI,0.15797096127312993,-0.1390666054561971,reversal_1__vol_target
2022-03-31,801110.SI,0.15797096127312993,-0.008308092265809863,reversal_1__vol_target
2022-03-31,801050.SI,0.15797096127312993,-0.11647238750323374,reversal_1__vol_target
2022-03-31,801960.SI,0.15797096127312993,-0.04897593722441185,reversal_1__vol_target
2022-03-31,801750.SI,0.15797096127312993,-0.17031118197239503,reversal_1__vol_target
2022-04-30,801750.SI,0.1363209426279144,0.02185607668759637,reversal_1__vol_target
2022-04-30,801730.SI,0.1363209426279144,0.12431716584198194,reversal_1__vol_target
2022-04-30,801970.SI,0.1363209426279144,0.10315135688322674,reversal_1__vol_target
2022-04-30,801080.SI,0.1363209426279144,0.08955769983492456,reversal_1__vol_target
2022-04-30,801890.SI,0.1363209426279144,0.10414815660126675,reversal_1__vol_target
2022-05-31,801180.SI,0.12103763990016927,0.05611459575941802,reversal_1__vol_target
2022-05-31,801150.SI,0.12103763990016927,0.10470643209746644,reversal_1__vol_target
2022-05-31,801750.SI,0.12103763990016927,0.08478634627947601,reversal_1__vol_target
2022-05-31,801110.SI,0.12103763990016927,0.11157491849988066,reversal_1__vol_target
2022-05-31,801720.SI,0.12103763990016927,-0.0016051217560307807,reversal_1__vol_target
2022-06-30,801960.SI,0.1108739102235933,-0.03647026838078227,reversal_1__vol_target
2022-06-30,801720.SI,0.1108739102235933,-0.028150821714515883,reversal_1__vol_target
2022-06-30,801160.SI,0.1108739102235933,0.04046392755672601,reversal_1__vol_target
2022-06-30,801950.SI,0.1108739102235933,-0.07932500118504004,reversal_1__vol_target
2022-06-30,801170.SI,0.1108739102235933,-0.04900210602520649,reversal_1__vol_target
2022-07-31,801710.SI,0.12540285478190824,-0.06804770318021203,reversal_1__vol_target
2022-07-31,801120.SI,0.12540285478190824,0.007297421691735861,reversal_1__vol_target
2022-07-31,801210.SI,0.12540285478190824,-0.009694398053735287,reversal_1__vol_target
2022-07-31,801950.SI,0.12540285478190824,0.07851913380448483,reversal_1__vol_target
2022-07-31,801150.SI,0.12540285478190824,-0.025105496678695438,reversal_1__vol_target
2022-08-31,801880.SI,0.13030820012369454,-0.1051006879299562,reversal_1__vol_target
2022-08-31,801730.SI,0.13030820012369454,-0.10657659900262972,reversal_1__vol_target
2022-08-31,801710.SI,0.13030820012369454,-0.09308005598895375,reversal_1__vol_target
2022-08-31,801890.SI,0.13030820012369454,-0.092791568893829,reversal_1__vol_target
2022-08-31,801040.SI,0.13030820012369454,-0.09026028031448319,reversal_1__vol_target
2022-09-30,801760.SI,0.12778064919188917,-0.026246830092984008,reversal_1__vol_target
2022-09-30,801080.SI,0.12778064919188917,0.033791171844393286,reversal_1__vol_target
2022-09-30,801730.SI,0.12778064919188917,-0.012076447842309213,reversal_1__vol_target
2022-09-30,801880.SI,0.12778064919188917,-0.015063249621694919,reversal_1__vol_target
2022-09-30,801010.SI,0.12778064919188917,-0.06255623647284847,reversal_1__vol_target
2022-10-31,801120.SI,0.15018870660028677,0.16605803067525393,reversal_1__vol_target
2022-10-31,801180.SI,0.15018870660028677,0.27797199405581785,reversal_1__vol_target
2022-10-31,801110.SI,0.15018870660028677,0.13487953522005802,reversal_1__vol_target
2022-10-31,801950.SI,0.15018870660028677,0.073430328719847,reversal_1__vol_target
2022-10-31,801710.SI,0.15018870660028677,0.20508708447918167,reversal_1__vol_target
2022-11-30,801740.SI,0.13336772671962496,-0.04634607565362758,reversal_1__vol_target
2022-11-30,801750.SI,0.13336772671962496,-0.01617171942943063,reversal_1__vol_target
2022-11-30,801770.SI,0.13336772671962496,-0.041289212234999595,reversal_1__vol_target
2022-11-30,801730.SI,0.13336772671962496,-0.04003249097102202,reversal_1__vol_target
2022-11-30,801080.SI,0.13336772671962496,-0.04484701718437112,reversal_1__vol_target
2019-01-31,801720.SI,0.2,0.14399025536834986,low_vol_6
2019-01-31,801180.SI,0.2,0.13690504045078056,low_vol_6
2019-01-31,801050.SI,0.2,0.2270992207011182,low_vol_6
2019-01-31,801950.SI,0.2,0.12978325908312982,low_vol_6
2019-01-31,801030.SI,0.2,0.1793120172773528,low_vol_6
2019-02-28,801180.SI,0.2,0.11857409882425873,low_vol_6
2019-02-28,801720.SI,0.2,0.049969013721306466,low_vol_6
2019-02-28,801950.SI,0.2,0.027677879667426186,low_vol_6
2019-02-28,801160.SI,0.2,0.058329162197592765,low_vol_6
2019-02-28,801170.SI,0.2,0.07644663016291497,low_vol_6
2019-03-31,801950.SI,0.2,0.0416054821341163,low_vol_6
2019-03-31,801720.SI,0.2,-0.04996771548428747,low_vol_6
2019-03-31,801180.SI,0.2,-0.03965245925768801,low_vol_6
2019-03-31,801160.SI,0.2,-0.032984852101922923,low_vol_6
2019-03-31,801170.SI,0.2,0.009729886726691728,low_vol_6
2019-04-30,801120.SI,0.2,-0.04343478450722671,low_vol_6
2019-04-30,801110.SI,0.2,-0.06314007532940569,low_vol_6
2019-04-30,801880.SI,0.2,-0.10481696679594565,low_vol_6
2019-04-30,801170.SI,0.2,-0.06982403084804933,low_vol_6
2019-04-30,801720.SI,0.2,-0.08590287246329675,low_vol_6
2019-05-31,801110.SI,0.2,0.03969926048158512,low_vol_6
2019-05-31,801120.SI,0.2,0.10231455486929941,low_vol_6
2019-05-31,801160.SI,0.2,0.021382775610256255,low_vol_6
2019-05-31,801170.SI,0.2,0.02484767946242772,low_vol_6
2019-05-31,801950.SI,0.2,0.010296857460226017,low_vol_6
2019-06-30,801110.SI,0.2,0.009354415052569953,low_vol_6
2019-06-30,801950.SI,0.2,-0.01876661566832072,low_vol_6
2019-06-30,801960.SI,0.2,-0.04741634087915969,low_vol_6
2019-06-30,801120.SI,0.2,-0.0273049532804458,low_vol_6
2019-06-30,801170.SI,0.2,-0.012024759015511144,low_vol_6
2019-07-31,801110.SI,0.2,-0.017530193709728303,low_vol_6
2019-07-31,801950.SI,0.2,-0.05140062249888844,low_vol_6
2019-07-31,801960.SI,0.2,-0.04815453867549169,low_vol_6
2019-07-31,801170.SI,0.2,-0.032683299283930545,low_vol_6
2019-07-31,801160.SI,0.2,-0.024034927821715235,low_vol_6
2019-08-31,801040.SI,0.2,-0.0033841196146707775,low_vol_6
2019-08-31,801160.SI,0.2,-0.011070777665647458,low_vol_6
2019-08-31,801960.SI,0.2,0.026035888697004683,low_vol_6
2019-08-31,801050.SI,0.2,-0.0350506845754508,low_vol_6
2019-08-31,801950.SI,0.2,-0.007568513483953598,low_vol_6
2019-09-30,801160.SI,0.2,-0.0009189309938670842,low_vol_6
2019-09-30,801040.SI,0.2,-0.023680822415945157,low_vol_6
2019-09-30,801230.SI,0.2,0.008829080850045967,low_vol_6
2019-09-30,801130.SI,0.2,-0.01708686756745248,low_vol_6
2019-09-30,801730.SI,0.2,-0.02652995630273547,low_vol_6
2019-10-31,801160.SI,0.2,-0.020113117228272137,low_vol_6
2019-10-31,801730.SI,0.2,0.01612293454043212,low_vol_6
2019-10-31,801130.SI,0.2,-0.04537052596202318,low_vol_6
2019-10-31,801230.SI,0.2,-0.00787559853002573,low_vol_6
2019-10-31,801040.SI,0.2,0.022845897150680194,low_vol_6
2019-11-30,801230.SI,0.2,0.10169931788309983,low_vol_6
2019-11-30,801730.SI,0.2,0.0800722292086784,low_vol_6
2019-11-30,801160.SI,0.2,0.027418075082067617,low_vol_6
2019-11-30,801880.SI,0.2,0.0828781867180195,low_vol_6
2019-11-30,801030.SI,0.2,0.10150424954571013,low_vol_6
2019-12-31,801160.SI,0.2,-0.036216156191322235,low_vol_6
2019-12-31,801200.SI,0.2,-0.03233331173459464,low_vol_6
2019-12-31,801170.SI,0.2,-0.06629407392788611,low_vol_6
2019-12-31,801730.SI,0.2,0.05357762095153662,low_vol_6
2019-12-31,801150.SI,0.2,0.0467287615020362,low_vol_6
2020-01-31,801160.SI,0.2,-0.02711308728874362,low_vol_6
2020-01-31,801970.SI,0.2,0.012475016569986952,low_vol_6
2020-01-31,801200.SI,0.2,-0.03684146753652573,low_vol_6
2020-01-31,801150.SI,0.2,0.02340718996588853,low_vol_6
2020-01-31,801960.SI,0.2,-0.06721987200347113,low_vol_6
2020-02-29,801970.SI,0.2,-0.04086127364163672,low_vol_6
2020-02-29,801160.SI,0.2,-0.015998794168945563,low_vol_6
2020-02-29,801150.SI,0.2,0.011841167883211545,low_vol_6
2020-02-29,801720.SI,0.2,0.0056900356815781095,low_vol_6
2020-02-29,801200.SI,0.2,0.05379063762166458,low_vol_6
2020-03-31,801160.SI,0.2,0.01914197557880004,low_vol_6
2020-03-31,801970.SI,0.2,0.04024761249702391,low_vol_6
2020-03-31,801150.SI,0.2,0.05433009883551154,low_vol_6
2020-03-31,801720.SI,0.2,0.004901472929936368,low_vol_6
2020-03-31,801200.SI,0.2,0.00543184588511747,low_vol_6
2020-04-30,801160.SI,0.2,-0.02135368858398956,low_vol_6
2020-04-30,801720.SI,0.2,-0.03723290995072914,low_vol_6
2020-04-30,801150.SI,0.2,0.0502430319882643,low_vol_6
2020-04-30,801970.SI,0.2,-0.024647529143694058,low_vol_6
2020-04-30,801200.SI,0.2,0.07245412249208694,low_vol_6
2020-05-31,801150.SI,0.2,0.1687925741774423,low_vol_6
2020-05-31,801160.SI,0.2,0.02605409378376744,low_vol_6
2020-05-31,801970.SI,0.2,0.015482410854895878,low_vol_6
2020-05-31,801720.SI,0.2,-0.008260212111548815,low_vol_6
2020-05-31,801200.SI,0.2,0.09071600262218671,low_vol_6
2020-06-30,801720.SI,0.2,0.10771704180064301,low_vol_6
2020-06-30,801160.SI,0.2,0.09197970737131334,low_vol_6
2020-06-30,801970.SI,0.2,0.11126402547051129,low_vol_6
2020-06-30,801950.SI,0.2,0.12742329443348277,low_vol_6
2020-06-30,801040.SI,0.2,0.05694701451692774,low_vol_6
2020-07-31,801040.SI,0.2,0.02002761749765747,low_vol_6
2020-07-31,801160.SI,0.2,0.03088084829318194,low_vol_6
2020-07-31,801130.SI,0.2,0.022601947035196357,low_vol_6
2020-07-31,801720.SI,0.2,0.03610655929584716,low_vol_6
2020-07-31,801970.SI,0.2,0.06291531501557301,low_vol_6
2020-08-31,801040.SI,0.2,-0.03522682769990959,low_vol_6
2020-08-31,801160.SI,0.2,-0.05989732971787032,low_vol_6
2020-08-31,801130.SI,0.2,-0.05618800346182018,low_vol_6
2020-08-31,801170.SI,0.2,-0.05834005957331734,low_vol_6
2020-08-31,801720.SI,0.2,-0.07354203757760891,low_vol_6
2020-09-30,801040.SI,0.2,0.017113934200305714,low_vol_6
2020-09-30,801130.SI,0.2,0.021676496600669504,low_vol_6
2020-09-30,801170.SI,0.2,-0.02044554670843679,low_vol_6
2020-09-30,801160.SI,0.2,-0.01351255783879901,low_vol_6
2020-09-30,801110.SI,0.2,0.07265940931713866,low_vol_6
2020-10-31,801040.SI,0.2,0.10911016949152552,low_vol_6
2020-10-31,801130.SI,0.2,0.0012480350087096248,low_vol_6
2020-10-31,801110.SI,0.2,0.08752651737214667,low_vol_6
2020-10-31,801170.SI,0.2,0.07469428910278908,low_vol_6
2020-10-31,801160.SI,0.2,0.0368018680007578,low_vol_6
2020-11-30,801130.SI,0.2,-0.05393277498130278,low_vol_6
2020-11-30,801040.SI,0.2,-0.006090491104151385,low_vol_6
2020-11-30,801110.SI,0.2,0.043044332153597376,low_vol_6
2020-11-30,801160.SI,0.2,-0.011907584108733826,low_vol_6
2020-11-30,801880.SI,0.2,-0.004273727911804248,low_vol_6
2020-12-31,801130.SI,0.2,-0.07499313198365143,low_vol_6
2020-12-31,801110.SI,0.2,-0.03096790137501093,low_vol_6
2020-12-31,801040.SI,0.2,0.0010011889118326511,low_vol_6
2020-12-31,801160.SI,0.2,-0.04869917276885016,low_vol_6
2020-12-31,801750.SI,0.2,-0.04784911106993428,low_vol_6
2021-01-31,801750.SI,0.2,-0.017231949164520866,low_vol_6
2021-01-31,801200.SI,0.2,0.03140110416295627,low_vol_6
2021-01-31,801890.SI,0.2,0.014506149066728202,low_vol_6
2021-01-31,801080.SI,0.2,-0.03406264192767472,low_vol_6
2021-01-31,801160.SI,0.2,0.01811666544067414,low_vol_6
2021-02-28,801750.SI,0.2,-0.027818597564153058,low_vol_6
2021-02-28,801890.SI,0.2,-0.02528217846839098,low_vol_6
2021-02-28,801760.SI,0.2,-0.04696109059926168,low_vol_6
2021-02-28,801080.SI,0.2,-0.05801599489267717,low_vol_6
2021-02-28,801160.SI,0.2,0.1512153584146152,low_vol_6
2021-03-31,801750.SI,0.2,-0.020623706864206115,low_vol_6
2021-03-31,801760.SI,0.2,0.02105404318090387,low_vol_6
2021-03-31,801140.SI,0.2,0.01775000631351853,low_vol_6
2021-03-31,801890.SI,0.2,-0.013812800207711251,low_vol_6
2021-03-31,801230.SI,0.2,0.042399590326032355,low_vol_6
2021-04-30,801750.SI,0.2,0.08341980708690722,low_vol_6
2021-04-30,801140.SI,0.2,0.008379917973222462,low_vol_6
2021-04-30,801890.SI,0.2,0.024142379485559307,low_vol_6
2021-04-30,801760.SI,0.2,0.02744943525085386,low_vol_6
2021-04-30,801710.SI,0.2,0.022903596528181414,low_vol_6
2021-05-31,801140.SI,0.2,-0.030460475204505344,low_vol_6
2021-05-31,801710.SI,0.2,-0.06725396930952843,low_vol_6
2021-05-31,801890.SI,0.2,0.023239074550128525,low_vol_6
2021-05-31,801170.SI,0.2,0.01036267278043601,low_vol_6
2021-05-31,801110.SI,0.2,-0.0652648176361933,low_vol_6
2021-06-30,801170.SI,0.2,-0.11732980354595646,low_vol_6
2021-06-30,801140.SI,0.2,-0.071217757666732,low_vol_6
2021-06-30,801890.SI,0.2,0.020946387297758884,low_vol_6
2021-06-30,801110.SI,0.2,-0.09187386294724087,low_vol_6
2021-06-30,801760.SI,0.2,-0.11919272213389864,low_vol_6
2021-07-31,801890.SI,0.2,0.09086379044115378,low_vol_6
2021-07-31,801950.SI,0.2,0.27566168903042887,low_vol_6
2021-07-31,801110.SI,0.2,-0.000418321723945958,low_vol_6
2021-07-31,801140.SI,0.2,0.05128825733916309,low_vol_6
2021-07-31,801720.SI,0.2,0.0920682265871946,low_vol_6
2021-08-31,801110.SI,0.2,-0.01010407388068113,low_vol_6
2021-08-31,801890.SI,0.2,-0.06572825553656925,low_vol_6
2021-08-31,801140.SI,0.2,-0.032696121025778235,low_vol_6
2021-08-31,801720.SI,0.2,-0.017576240614119776,low_vol_6
2021-08-31,801750.SI,0.2,-0.012265275522198471,low_vol_6
2021-09-30,801110.SI,0.2,-0.006803081684816359,low_vol_6
2021-09-30,801960.SI,0.2,-0.09147730679297317,low_vol_6
2021-09-30,801140.SI,0.2,-0.029797345801998443,low_vol_6
2021-09-30,801750.SI,0.2,-0.0007800410415125247,low_vol_6
2021-09-30,801720.SI,0.2,-0.025438846190340758,low_vol_6
2021-10-31,801110.SI,0.2,0.0010934495861163462,low_vol_6
2021-10-31,801140.SI,0.2,0.05716750220590283,low_vol_6
2021-10-31,801720.SI,0.2,0.01086564955359326,low_vol_6
2021-10-31,801750.SI,0.2,0.07603867478879311,low_vol_6
2021-10-31,801770.SI,0.2,0.11285046364435392,low_vol_6
2021-11-30,801110.SI,0.2,0.0668343191803924,low_vol_6
2021-11-30,801750.SI,0.2,0.016287237329432713,low_vol_6
2021-11-30,801720.SI,0.2,0.07816518179629184,low_vol_6
2021-11-30,801200.SI,0.2,0.011491803278688595,low_vol_6
2021-11-30,801140.SI,0.2,0.08888423117086308,low_vol_6
2021-12-31,801200.SI,0.2,-0.06502649876014976,low_vol_6
2021-12-31,801750.SI,0.2,-0.08503379762983643,low_vol_6
2021-12-31,801110.SI,0.2,-0.04558230239502703,low_vol_6
2021-12-31,801720.SI,0.2,-0.028850148069733517,low_vol_6
2021-12-31,801130.SI,0.2,-0.06683007244804995,low_vol_6
2022-01-31,801110.SI,0.2,-0.04789975633802113,low_vol_6
2022-01-31,801200.SI,0.2,4.506940688653316e-05,low_vol_6
2022-01-31,801130.SI,0.2,0.03291415820180843,low_vol_6
2022-01-31,801170.SI,0.2,0.02799470131836257,low_vol_6
2022-01-31,801750.SI,0.2,0.026415403833293327,low_vol_6
2022-02-28,801200.SI,0.2,-0.08497280357210957,low_vol_6
2022-02-28,801170.SI,0.2,-0.07208777183250692,low_vol_6
2022-02-28,801110.SI,0.2,-0.12496646743854145,low_vol_6
2022-02-28,801130.SI,0.2,-0.06822017687962734,low_vol_6
2022-02-28,801720.SI,0.2,-0.019815462427106634,low_vol_6
2022-03-31,801720.SI,0.2,-0.02973771453057006,low_vol_6
2022-03-31,801010.SI,0.2,-0.12757594032348318,low_vol_6
2022-03-31,801200.SI,0.2,-0.014237760754093665,low_vol_6
2022-03-31,801170.SI,0.2,-0.01737424502931728,low_vol_6
2022-03-31,801130.SI,0.2,-0.10063276617840633,low_vol_6
2022-04-30,801200.SI,0.2,0.029517118391316988,low_vol_6
2022-04-30,801720.SI,0.2,0.016563464613782664,low_vol_6
2022-04-30,801170.SI,0.2,0.06952339505314309,low_vol_6
2022-04-30,801980.SI,0.2,0.05423362534308174,low_vol_6
2022-04-30,801130.SI,0.2,0.07750662951898235,low_vol_6
2022-05-31,801720.SI,0.2,-0.0016051217560307807,low_vol_6
2022-05-31,801200.SI,0.2,0.10805695342482124,low_vol_6
2022-05-31,801170.SI,0.2,0.01982926778111027,low_vol_6
2022-05-31,801110.SI,0.2,0.11157491849988066,low_vol_6
2022-05-31,801130.SI,0.2,0.02359501557632382,low_vol_6
2022-06-30,801720.SI,0.2,-0.028150821714515883,low_vol_6
2022-06-30,801170.SI,0.2,-0.04900210602520649,low_vol_6
2022-06-30,801200.SI,0.2,-0.07050567192137813,low_vol_6
2022-06-30,801130.SI,0.2,-0.015832050010043397,low_vol_6
2022-06-30,801710.SI,0.2,-0.10062368410598654,low_vol_6
2022-07-31,801720.SI,0.2,-0.022641367153993563,low_vol_6
2022-07-31,801170.SI,0.2,0.011163543094909745,low_vol_6
2022-07-31,801980.SI,0.2,-0.0436307449161506,low_vol_6
2022-07-31,801130.SI,0.2,-0.014633301584552671,low_vol_6
2022-07-31,801200.SI,0.2,-0.017003399955053955,low_vol_6
2022-08-31,801720.SI,0.2,-0.07517818048549962,low_vol_6
2022-08-31,801170.SI,0.2,-0.026708871588673078,low_vol_6
2022-08-31,801980.SI,0.2,-0.0795709610784181,low_vol_6
2022-08-31,801040.SI,0.2,-0.09026028031448319,low_vol_6
2022-08-31,801130.SI,0.2,-0.07914888275169474,low_vol_6
2022-09-30,801720.SI,0.2,-0.01759792266299587,low_vol_6
2022-09-30,801170.SI,0.2,-0.034122072990647734,low_vol_6
2022-09-30,801040.SI,0.2,-0.027380973825950727,low_vol_6
2022-09-30,801180.SI,0.2,-0.14723554908513392,low_vol_6
2022-09-30,801110.SI,0.2,-0.12874415222920021,low_vol_6
2022-10-31,801720.SI,0.2,0.13801888444819532,low_vol_6
2022-10-31,801230.SI,0.2,0.09823107367982087,low_vol_6
2022-10-31,801170.SI,0.2,0.08145259632710267,low_vol_6
2022-10-31,801040.SI,0.2,0.10950493582501442,low_vol_6
2022-10-31,801130.SI,0.2,0.1026427174106348,low_vol_6
2022-11-30,801170.SI,0.2,-0.004939559815376637,low_vol_6
2022-11-30,801230.SI,0.2,0.022748538804735485,low_vol_6
2022-11-30,801770.SI,0.2,-0.041289212234999595,low_vol_6
2022-11-30,801160.SI,0.2,-0.04637746537522269,low_vol_6
2022-11-30,801130.SI,0.2,0.015296379448272335,low_vol_6
2019-01-31,801720.SI,0.1,0.14399025536834986,low_vol_6__trend
2019-01-31,801180.SI,0.1,0.13690504045078056,low_vol_6__trend
2019-01-31,801050.SI,0.1,0.2270992207011182,low_vol_6__trend
2019-01-31,801950.SI,0.1,0.12978325908312982,low_vol_6__trend
2019-01-31,801030.SI,0.1,0.1793120172773528,low_vol_6__trend
2019-02-28,801180.SI,0.2,0.11857409882425873,low_vol_6__trend
2019-02-28,801720.SI,0.2,0.049969013721306466,low_vol_6__trend
2019-02-28,801950.SI,0.2,0.027677879667426186,low_vol_6__trend
2019-02-28,801160.SI,0.2,0.058329162197592765,low_vol_6__trend
2019-02-28,801170.SI,0.2,0.07644663016291497,low_vol_6__trend
2019-03-31,801950.SI,0.2,0.0416054821341163,low_vol_6__trend
2019-03-31,801720.SI,0.2,-0.04996771548428747,low_vol_6__trend
2019-03-31,801180.SI,0.2,-0.03965245925768801,low_vol_6__trend
2019-03-31,801160.SI,0.2,-0.032984852101922923,low_vol_6__trend
2019-03-31,801170.SI,0.2,0.009729886726691728,low_vol_6__trend
2019-04-30,801120.SI,0.2,-0.04343478450722671,low_vol_6__trend
2019-04-30,801110.SI,0.2,-0.06314007532940569,low_vol_6__trend
2019-04-30,801880.SI,0.2,-0.10481696679594565,low_vol_6__trend
2019-04-30,801170.SI,0.2,-0.06982403084804933,low_vol_6__trend
2019-04-30,801720.SI,0.2,-0.08590287246329675,low_vol_6__trend
2019-05-31,801110.SI,0.2,0.03969926048158512,low_vol_6__trend
2019-05-31,801120.SI,0.2,0.10231455486929941,low_vol_6__trend
2019-05-31,801160.SI,0.2,0.021382775610256255,low_vol_6__trend
2019-05-31,801170.SI,0.2,0.02484767946242772,low_vol_6__trend
2019-05-31,801950.SI,0.2,0.010296857460226017,low_vol_6__trend
2019-06-30,801110.SI,0.2,0.009354415052569953,low_vol_6__trend
2019-06-30,801950.SI,0.2,-0.01876661566832072,low_vol_6__trend
2019-06-30,801960.SI,0.2,-0.04741634087915969,low_vol_6__trend
2019-06-30,801120.SI,0.2,-0.0273049532804458,low_vol_6__trend
2019-06-30,801170.SI,0.2,-0.012024759015511144,low_vol_6__trend
2019-07-31,801110.SI,0.2,-0.017530193709728303,low_vol_6__trend
2019-07-31,801950.SI,0.2,-0.05140062249888844,low_vol_6__trend
2019-07-31,801960.SI,0.2,-0.04815453867549169,low_vol_6__trend
2019-07-31,801170.SI,0.2,-0.032683299283930545,low_vol_6__trend
2019-07-31,801160.SI,0.2,-0.024034927821715235,low_vol_6__trend
2019-08-31,801040.SI,0.2,-0.0033841196146707775,low_vol_6__trend
2019-08-31,801160.SI,0.2,-0.011070777665647458,low_vol_6__trend
2019-08-31,801960.SI,0.2,0.026035888697004683,low_vol_6__trend
2019-08-31,801050.SI,0.2,-0.0350506845754508,low_vol_6__trend
2019-08-31,801950.SI,0.2,-0.007568513483953598,low_vol_6__trend
2019-09-30,801160.SI,0.2,-0.0009189309938670842,low_vol_6__trend
2019-09-30,801040.SI,0.2,-0.023680822415945157,low_vol_6__trend
2019-09-30,801230.SI,0.2,0.008829080850045967,low_vol_6__trend
2019-09-30,801130.SI,0.2,-0.01708686756745248,low_vol_6__trend
2019-09-30,801730.SI,0.2,-0.02652995630273547,low_vol_6__trend
2019-10-31,801160.SI,0.1,-0.020113117228272137,low_vol_6__trend
2019-10-31,801730.SI,0.1,0.01612293454043212,low_vol_6__trend
2019-10-31,801130.SI,0.1,-0.04537052596202318,low_vol_6__trend
2019-10-31,801230.SI,0.1,-0.00787559853002573,low_vol_6__trend
2019-10-31,801040.SI,0.1,0.022845897150680194,low_vol_6__trend
2019-11-30,801230.SI,0.1,0.10169931788309983,low_vol_6__trend
2019-11-30,801730.SI,0.1,0.0800722292086784,low_vol_6__trend
2019-11-30,801160.SI,0.1,0.027418075082067617,low_vol_6__trend
2019-11-30,801880.SI,0.1,0.0828781867180195,low_vol_6__trend
2019-11-30,801030.SI,0.1,0.10150424954571013,low_vol_6__trend
2019-12-31,801160.SI,0.2,-0.036216156191322235,low_vol_6__trend
2019-12-31,801200.SI,0.2,-0.03233331173459464,low_vol_6__trend
2019-12-31,801170.SI,0.2,-0.06629407392788611,low_vol_6__trend
2019-12-31,801730.SI,0.2,0.05357762095153662,low_vol_6__trend
2019-12-31,801150.SI,0.2,0.0467287615020362,low_vol_6__trend
2020-01-31,801160.SI,0.2,-0.02711308728874362,low_vol_6__trend
2020-01-31,801970.SI,0.2,0.012475016569986952,low_vol_6__trend
2020-01-31,801200.SI,0.2,-0.03684146753652573,low_vol_6__trend
2020-01-31,801150.SI,0.2,0.02340718996588853,low_vol_6__trend
2020-01-31,801960.SI,0.2,-0.06721987200347113,low_vol_6__trend
2020-02-29,801970.SI,0.2,-0.04086127364163672,low_vol_6__trend
2020-02-29,801160.SI,0.2,-0.015998794168945563,low_vol_6__trend
2020-02-29,801150.SI,0.2,0.011841167883211545,low_vol_6__trend
2020-02-29,801720.SI,0.2,0.0056900356815781095,low_vol_6__trend
2020-02-29,801200.SI,0.2,0.05379063762166458,low_vol_6__trend
2020-03-31,801160.SI,0.1,0.01914197557880004,low_vol_6__trend
2020-03-31,801970.SI,0.1,0.04024761249702391,low_vol_6__trend
2020-03-31,801150.SI,0.1,0.05433009883551154,low_vol_6__trend
2020-03-31,801720.SI,0.1,0.004901472929936368,low_vol_6__trend
2020-03-31,801200.SI,0.1,0.00543184588511747,low_vol_6__trend
2020-04-30,801160.SI,0.2,-0.02135368858398956,low_vol_6__trend
2020-04-30,801720.SI,0.2,-0.03723290995072914,low_vol_6__trend
2020-04-30,801150.SI,0.2,0.0502430319882643,low_vol_6__trend
2020-04-30,801970.SI,0.2,-0.024647529143694058,low_vol_6__trend
2020-04-30,801200.SI,0.2,0.07245412249208694,low_vol_6__trend
2020-05-31,801150.SI,0.2,0.1687925741774423,low_vol_6__trend
2020-05-31,801160.SI,0.2,0.02605409378376744,low_vol_6__trend
2020-05-31,801970.SI,0.2,0.015482410854895878,low_vol_6__trend
2020-05-31,801720.SI,0.2,-0.008260212111548815,low_vol_6__trend
2020-05-31,801200.SI,0.2,0.09071600262218671,low_vol_6__trend
2020-06-30,801720.SI,0.2,0.10771704180064301,low_vol_6__trend
2020-06-30,801160.SI,0.2,0.09197970737131334,low_vol_6__trend
2020-06-30,801970.SI,0.2,0.11126402547051129,low_vol_6__trend
2020-06-30,801950.SI,0.2,0.12742329443348277,low_vol_6__trend
2020-06-30,801040.SI,0.2,0.05694701451692774,low_vol_6__trend
2020-07-31,801040.SI,0.2,0.02002761749765747,low_vol_6__trend
2020-07-31,801160.SI,0.2,0.03088084829318194,low_vol_6__trend
2020-07-31,801130.SI,0.2,0.022601947035196357,low_vol_6__trend
2020-07-31,801720.SI,0.2,0.03610655929584716,low_vol_6__trend
2020-07-31,801970.SI,0.2,0.06291531501557301,low_vol_6__trend
2020-08-31,801040.SI,0.2,-0.03522682769990959,low_vol_6__trend
2020-08-31,801160.SI,0.2,-0.05989732971787032,low_vol_6__trend
2020-08-31,801130.SI,0.2,-0.05618800346182018,low_vol_6__trend
2020-08-31,801170.SI,0.2,-0.05834005957331734,low_vol_6__trend
2020-08-31,801720.SI,0.2,-0.07354203757760891,low_vol_6__trend
2020-09-30,801040.SI,0.2,0.017113934200305714,low_vol_6__trend
2020-09-30,801130.SI,0.2,0.021676496600669504,low_vol_6__trend
2020-09-30,801170.SI,0.2,-0.02044554670843679,low_vol_6__trend
2020-09-30,801160.SI,0.2,-0.01351255783879901,low_vol_6__trend
2020-09-30,801110.SI,0.2,0.07265940931713866,low_vol_6__trend
2020-10-31,801040.SI,0.2,0.10911016949152552,low_vol_6__trend
2020-10-31,801130.SI,0.2,0.0012480350087096248,low_vol_6__trend
2020-10-31,801110.SI,0.2,0.08752651737214667,low_vol_6__trend
2020-10-31,801170.SI,0.2,0.07469428910278908,low_vol_6__trend
2020-10-31,801160.SI,0.2,0.0368018680007578,low_vol_6__trend
2020-11-30,801130.SI,0.2,-0.05393277498130278,low_vol_6__trend
2020-11-30,801040.SI,0.2,-0.006090491104151385,low_vol_6__trend
2020-11-30,801110.SI,0.2,0.043044332153597376,low_vol_6__trend
2020-11-30,801160.SI,0.2,-0.011907584108733826,low_vol_6__trend
2020-11-30,801880.SI,0.2,-0.004273727911804248,low_vol_6__trend
2020-12-31,801130.SI,0.2,-0.07499313198365143,low_vol_6__trend
2020-12-31,801110.SI,0.2,-0.03096790137501093,low_vol_6__trend
2020-12-31,801040.SI,0.2,0.0010011889118326511,low_vol_6__trend
2020-12-31,801160.SI,0.2,-0.04869917276885016,low_vol_6__trend
2020-12-31,801750.SI,0.2,-0.04784911106993428,low_vol_6__trend
2021-01-31,801750.SI,0.2,-0.017231949164520866,low_vol_6__trend
2021-01-31,801200.SI,0.2,0.03140110416295627,low_vol_6__trend
2021-01-31,801890.SI,0.2,0.014506149066728202,low_vol_6__trend
2021-01-31,801080.SI,0.2,-0.03406264192767472,low_vol_6__trend
2021-01-31,801160.SI,0.2,0.01811666544067414,low_vol_6__trend
2021-02-28,801750.SI,0.2,-0.027818597564153058,low_vol_6__trend
2021-02-28,801890.SI,0.2,-0.02528217846839098,low_vol_6__trend
2021-02-28,801760.SI,0.2,-0.04696109059926168,low_vol_6__trend
2021-02-28,801080.SI,0.2,-0.05801599489267717,low_vol_6__trend
2021-02-28,801160.SI,0.2,0.1512153584146152,low_vol_6__trend
2021-03-31,801750.SI,0.2,-0.020623706864206115,low_vol_6__trend
2021-03-31,801760.SI,0.2,0.02105404318090387,low_vol_6__trend
2021-03-31,801140.SI,0.2,0.01775000631351853,low_vol_6__trend
2021-03-31,801890.SI,0.2,-0.013812800207711251,low_vol_6__trend
2021-03-31,801230.SI,0.2,0.042399590326032355,low_vol_6__trend
2021-04-30,801750.SI,0.2,0.08341980708690722,low_vol_6__trend
2021-04-30,801140.SI,0.2,0.008379917973222462,low_vol_6__trend
2021-04-30,801890.SI,0.2,0.024142379485559307,low_vol_6__trend
2021-04-30,801760.SI,0.2,0.02744943525085386,low_vol_6__trend
2021-04-30,801710.SI,0.2,0.022903596528181414,low_vol_6__trend
2021-05-31,801140.SI,0.2,-0.030460475204505344,low_vol_6__trend
2021-05-31,801710.SI,0.2,-0.06725396930952843,low_vol_6__trend
2021-05-31,801890.SI,0.2,0.023239074550128525,low_vol_6__trend
2021-05-31,801170.SI,0.2,0.01036267278043601,low_vol_6__trend
2021-05-31,801110.SI,0.2,-0.0652648176361933,low_vol_6__trend
2021-06-30,801170.SI,0.2,-0.11732980354595646,low_vol_6__trend
2021-06-30,801140.SI,0.2,-0.071217757666732,low_vol_6__trend
2021-06-30,801890.SI,0.2,0.020946387297758884,low_vol_6__trend
2021-06-30,801110.SI,0.2,-0.09187386294724087,low_vol_6__trend
2021-06-30,801760.SI,0.2,-0.11919272213389864,low_vol_6__trend
2021-07-31,801890.SI,0.2,0.09086379044115378,low_vol_6__trend
2021-07-31,801950.SI,0.2,0.27566168903042887,low_vol_6__trend
2021-07-31,801110.SI,0.2,-0.000418321723945958,low_vol_6__trend
2021-07-31,801140.SI,0.2,0.05128825733916309,low_vol_6__trend
2021-07-31,801720.SI,0.2,0.0920682265871946,low_vol_6__trend
2021-08-31,801110.SI,0.2,-0.01010407388068113,low_vol_6__trend
2021-08-31,801890.SI,0.2,-0.06572825553656925,low_vol_6__trend
2021-08-31,801140.SI,0.2,-0.032696121025778235,low_vol_6__trend
2021-08-31,801720.SI,0.2,-0.017576240614119776,low_vol_6__trend
2021-08-31,801750.SI,0.2,-0.012265275522198471,low_vol_6__trend
2021-09-30,801110.SI,0.2,-0.006803081684816359,low_vol_6__trend
2021-09-30,801960.SI,0.2,-0.09147730679297317,low_vol_6__trend
2021-09-30,801140.SI,0.2,-0.029797345801998443,low_vol_6__trend
2021-09-30,801750.SI,0.2,-0.0007800410415125247,low_vol_6__trend
2021-09-30,801720.SI,0.2,-0.025438846190340758,low_vol_6__trend
2021-10-31,801110.SI,0.2,0.0010934495861163462,low_vol_6__trend
2021-10-31,801140.SI,0.2,0.05716750220590283,low_vol_6__trend
2021-10-31,801720.SI,0.2,0.01086564955359326,low_vol_6__trend
2021-10-31,801750.SI,0.2,0.07603867478879311,low_vol_6__trend
2021-10-31,801770.SI,0.2,0.11285046364435392,low_vol_6__trend
2021-11-30,801110.SI,0.2,0.0668343191803924,low_vol_6__trend
2021-11-30,801750.SI,0.2,0.016287237329432713,low_vol_6__trend
2021-11-30,801720.SI,0.2,0.07816518179629184,low_vol_6__trend
2021-11-30,801200.SI,0.2,0.011491803278688595,low_vol_6__trend
2021-11-30,801140.SI,0.2,0.08888423117086308,low_vol_6__trend
2021-12-31,801200.SI,0.2,-0.06502649876014976,low_vol_6__trend
2021-12-31,801750.SI,0.2,-0.08503379762983643,low_vol_6__trend
2021-12-31,801110.SI,0.2,-0.04558230239502703,low_vol_6__trend
2021-12-31,801720.SI,0.2,-0.028850148069733517,low_vol_6__trend
2021-12-31,801130.SI,0.2,-0.06683007244804995,low_vol_6__trend
2022-01-31,801110.SI,0.1,-0.04789975633802113,low_vol_6__trend
2022-01-31,801200.SI,0.1,4.506940688653316e-05,low_vol_6__trend
2022-01-31,801130.SI,0.1,0.03291415820180843,low_vol_6__trend
2022-01-31,801170.SI,0.1,0.02799470131836257,low_vol_6__trend
2022-01-31,801750.SI,0.1,0.026415403833293327,low_vol_6__trend
2022-02-28,801200.SI,0.1,-0.08497280357210957,low_vol_6__trend
2022-02-28,801170.SI,0.1,-0.07208777183250692,low_vol_6__trend
2022-02-28,801110.SI,0.1,-0.12496646743854145,low_vol_6__trend
2022-02-28,801130.SI,0.1,-0.06822017687962734,low_vol_6__trend
2022-02-28,801720.SI,0.1,-0.019815462427106634,low_vol_6__trend
2022-03-31,801720.SI,0.1,-0.02973771453057006,low_vol_6__trend
2022-03-31,801010.SI,0.1,-0.12757594032348318,low_vol_6__trend
2022-03-31,801200.SI,0.1,-0.014237760754093665,low_vol_6__trend
2022-03-31,801170.SI,0.1,-0.01737424502931728,low_vol_6__trend
2022-03-31,801130.SI,0.1,-0.10063276617840633,low_vol_6__trend
2022-04-30,801200.SI,0.1,0.029517118391316988,low_vol_6__trend
2022-04-30,801720.SI,0.1,0.016563464613782664,low_vol_6__trend
2022-04-30,801170.SI,0.1,0.06952339505314309,low_vol_6__trend
2022-04-30,801980.SI,0.1,0.05423362534308174,low_vol_6__trend
2022-04-30,801130.SI,0.1,0.07750662951898235,low_vol_6__trend
2022-05-31,801720.SI,0.1,-0.0016051217560307807,low_vol_6__trend
2022-05-31,801200.SI,0.1,0.10805695342482124,low_vol_6__trend
2022-05-31,801170.SI,0.1,0.01982926778111027,low_vol_6__trend
2022-05-31,801110.SI,0.1,0.11157491849988066,low_vol_6__trend
2022-05-31,801130.SI,0.1,0.02359501557632382,low_vol_6__trend
2022-06-30,801720.SI,0.2,-0.028150821714515883,low_vol_6__trend
2022-06-30,801170.SI,0.2,-0.04900210602520649,low_vol_6__trend
2022-06-30,801200.SI,0.2,-0.07050567192137813,low_vol_6__trend
2022-06-30,801130.SI,0.2,-0.015832050010043397,low_vol_6__trend
2022-06-30,801710.SI,0.2,-0.10062368410598654,low_vol_6__trend
2022-07-31,801720.SI,0.1,-0.022641367153993563,low_vol_6__trend
2022-07-31,801170.SI,0.1,0.011163543094909745,low_vol_6__trend
2022-07-31,801980.SI,0.1,-0.0436307449161506,low_vol_6__trend
2022-07-31,801130.SI,0.1,-0.014633301584552671,low_vol_6__trend
2022-07-31,801200.SI,0.1,-0.017003399955053955,low_vol_6__trend
2022-08-31,801720.SI,0.1,-0.07517818048549962,low_vol_6__trend
2022-08-31,801170.SI,0.1,-0.026708871588673078,low_vol_6__trend
2022-08-31,801980.SI,0.1,-0.0795709610784181,low_vol_6__trend
2022-08-31,801040.SI,0.1,-0.09026028031448319,low_vol_6__trend
2022-08-31,801130.SI,0.1,-0.07914888275169474,low_vol_6__trend
2022-09-30,801720.SI,0.1,-0.01759792266299587,low_vol_6__trend
2022-09-30,801170.SI,0.1,-0.034122072990647734,low_vol_6__trend
2022-09-30,801040.SI,0.1,-0.027380973825950727,low_vol_6__trend
2022-09-30,801180.SI,0.1,-0.14723554908513392,low_vol_6__trend
2022-09-30,801110.SI,0.1,-0.12874415222920021,low_vol_6__trend
2022-10-31,801720.SI,0.1,0.13801888444819532,low_vol_6__trend
2022-10-31,801230.SI,0.1,0.09823107367982087,low_vol_6__trend
2022-10-31,801170.SI,0.1,0.08145259632710267,low_vol_6__trend
2022-10-31,801040.SI,0.1,0.10950493582501442,low_vol_6__trend
2022-10-31,801130.SI,0.1,0.1026427174106348,low_vol_6__trend
2022-11-30,801170.SI,0.1,-0.004939559815376637,low_vol_6__trend
2022-11-30,801230.SI,0.1,0.022748538804735485,low_vol_6__trend
2022-11-30,801770.SI,0.1,-0.041289212234999595,low_vol_6__trend
2022-11-30,801160.SI,0.1,-0.04637746537522269,low_vol_6__trend
2022-11-30,801130.SI,0.1,0.015296379448272335,low_vol_6__trend
2019-01-31,801720.SI,0.16397130739193774,0.14399025536834986,low_vol_6__vol_target
2019-01-31,801180.SI,0.16397130739193774,0.13690504045078056,low_vol_6__vol_target
2019-01-31,801050.SI,0.16397130739193774,0.2270992207011182,low_vol_6__vol_target
2019-01-31,801950.SI,0.16397130739193774,0.12978325908312982,low_vol_6__vol_target
2019-01-31,801030.SI,0.16397130739193774,0.1793120172773528,low_vol_6__vol_target
2019-02-28,801180.SI,0.08920042031173513,0.11857409882425873,low_vol_6__vol_target
2019-02-28,801720.SI,0.08920042031173513,0.049969013721306466,low_vol_6__vol_target
2019-02-28,801950.SI,0.08920042031173513,0.027677879667426186,low_vol_6__vol_target
2019-02-28,801160.SI,0.08920042031173513,0.058329162197592765,low_vol_6__vol_target
2019-02-28,801170.SI,0.08920042031173513,0.07644663016291497,low_vol_6__vol_target
2019-03-31,801950.SI,0.08534904231971954,0.0416054821341163,low_vol_6__vol_target
2019-03-31,801720.SI,0.08534904231971954,-0.04996771548428747,low_vol_6__vol_target
2019-03-31,801180.SI,0.08534904231971954,-0.03965245925768801,low_vol_6__vol_target
2019-03-31,801160.SI,0.08534904231971954,-0.032984852101922923,low_vol_6__vol_target
2019-03-31,801170.SI,0.08534904231971954,0.009729886726691728,low_vol_6__vol_target
2019-04-30,801120.SI,0.10275072955796258,-0.04343478450722671,low_vol_6__vol_target
2019-04-30,801110.SI,0.10275072955796258,-0.06314007532940569,low_vol_6__vol_target
2019-04-30,801880.SI,0.10275072955796258,-0.10481696679594565,low_vol_6__vol_target
2019-04-30,801170.SI,0.10275072955796258,-0.06982403084804933,low_vol_6__vol_target
2019-04-30,801720.SI,0.10275072955796258,-0.08590287246329675,low_vol_6__vol_target
2019-05-31,801110.SI,0.09125944612388598,0.03969926048158512,low_vol_6__vol_target
2019-05-31,801120.SI,0.09125944612388598,0.10231455486929941,low_vol_6__vol_target
2019-05-31,801160.SI,0.09125944612388598,0.021382775610256255,low_vol_6__vol_target
2019-05-31,801170.SI,0.09125944612388598,0.02484767946242772,low_vol_6__vol_target
2019-05-31,801950.SI,0.09125944612388598,0.010296857460226017,low_vol_6__vol_target
2019-06-30,801110.SI,0.09599882870375992,0.009354415052569953,low_vol_6__vol_target
2019-06-30,801950.SI,0.09599882870375992,-0.01876661566832072,low_vol_6__vol_target
2019-06-30,801960.SI,0.09599882870375992,-0.04741634087915969,low_vol_6__vol_target
2019-06-30,801120.SI,0.09599882870375992,-0.0273049532804458,low_vol_6__vol_target
2019-06-30,801170.SI,0.09599882870375992,-0.012024759015511144,low_vol_6__vol_target
2019-07-31,801110.SI,0.09430097816011039,-0.017530193709728303,low_vol_6__vol_target
2019-07-31,801950.SI,0.09430097816011039,-0.05140062249888844,low_vol_6__vol_target
2019-07-31,801960.SI,0.09430097816011039,-0.04815453867549169,low_vol_6__vol_target
2019-07-31,801170.SI,0.09430097816011039,-0.032683299283930545,low_vol_6__vol_target
2019-07-31,801160.SI,0.09430097816011039,-0.024034927821715235,low_vol_6__vol_target
2019-08-31,801040.SI,0.16744930226965357,-0.0033841196146707775,low_vol_6__vol_target
2019-08-31,801160.SI,0.16744930226965357,-0.011070777665647458,low_vol_6__vol_target
2019-08-31,801960.SI,0.16744930226965357,0.026035888697004683,low_vol_6__vol_target
2019-08-31,801050.SI,0.16744930226965357,-0.0350506845754508,low_vol_6__vol_target
2019-08-31,801950.SI,0.16744930226965357,-0.007568513483953598,low_vol_6__vol_target
2019-09-30,801160.SI,0.2,-0.0009189309938670842,low_vol_6__vol_target
2019-09-30,801040.SI,0.2,-0.023680822415945157,low_vol_6__vol_target
2019-09-30,801230.SI,0.2,0.008829080850045967,low_vol_6__vol_target
2019-09-30,801130.SI,0.2,-0.01708686756745248,low_vol_6__vol_target
2019-09-30,801730.SI,0.2,-0.02652995630273547,low_vol_6__vol_target
2019-10-31,801160.SI,0.2,-0.020113117228272137,low_vol_6__vol_target
2019-10-31,801730.SI,0.2,0.01612293454043212,low_vol_6__vol_target
2019-10-31,801130.SI,0.2,-0.04537052596202318,low_vol_6__vol_target
2019-10-31,801230.SI,0.2,-0.00787559853002573,low_vol_6__vol_target
2019-10-31,801040.SI,0.2,0.022845897150680194,low_vol_6__vol_target
2019-11-30,801230.SI,0.2,0.10169931788309983,low_vol_6__vol_target
2019-11-30,801730.SI,0.2,0.0800722292086784,low_vol_6__vol_target
2019-11-30,801160.SI,0.2,0.027418075082067617,low_vol_6__vol_target
2019-11-30,801880.SI,0.2,0.0828781867180195,low_vol_6__vol_target
2019-11-30,801030.SI,0.2,0.10150424954571013,low_vol_6__vol_target
2019-12-31,801160.SI,0.2,-0.036216156191322235,low_vol_6__vol_target
2019-12-31,801200.SI,0.2,-0.03233331173459464,low_vol_6__vol_target
2019-12-31,801170.SI,0.2,-0.06629407392788611,low_vol_6__vol_target
2019-12-31,801730.SI,0.2,0.05357762095153662,low_vol_6__vol_target
2019-12-31,801150.SI,0.2,0.0467287615020362,low_vol_6__vol_target
2020-01-31,801160.SI,0.2,-0.02711308728874362,low_vol_6__vol_target
2020-01-31,801970.SI,0.2,0.012475016569986952,low_vol_6__vol_target
2020-01-31,801200.SI,0.2,-0.03684146753652573,low_vol_6__vol_target
2020-01-31,801150.SI,0.2,0.02340718996588853,low_vol_6__vol_target
2020-01-31,801960.SI,0.2,-0.06721987200347113,low_vol_6__vol_target
2020-02-29,801970.SI,0.2,-0.04086127364163672,low_vol_6__vol_target
2020-02-29,801160.SI,0.2,-0.015998794168945563,low_vol_6__vol_target
2020-02-29,801150.SI,0.2,0.011841167883211545,low_vol_6__vol_target
2020-02-29,801720.SI,0.2,0.0056900356815781095,low_vol_6__vol_target
2020-02-29,801200.SI,0.2,0.05379063762166458,low_vol_6__vol_target
2020-03-31,801160.SI,0.2,0.01914197557880004,low_vol_6__vol_target
2020-03-31,801970.SI,0.2,0.04024761249702391,low_vol_6__vol_target
2020-03-31,801150.SI,0.2,0.05433009883551154,low_vol_6__vol_target
2020-03-31,801720.SI,0.2,0.004901472929936368,low_vol_6__vol_target
2020-03-31,801200.SI,0.2,0.00543184588511747,low_vol_6__vol_target
2020-04-30,801160.SI,0.19054858773006775,-0.02135368858398956,low_vol_6__vol_target
2020-04-30,801720.SI,0.19054858773006775,-0.03723290995072914,low_vol_6__vol_target
2020-04-30,801150.SI,0.19054858773006775,0.0502430319882643,low_vol_6__vol_target
2020-04-30,801970.SI,0.19054858773006775,-0.024647529143694058,low_vol_6__vol_target
2020-04-30,801200.SI,0.19054858773006775,0.07245412249208694,low_vol_6__vol_target
2020-05-31,801150.SI,0.19761127371957907,0.1687925741774423,low_vol_6__vol_target
2020-05-31,801160.SI,0.19761127371957907,0.02605409378376744,low_vol_6__vol_target
2020-05-31,801970.SI,0.19761127371957907,0.015482410854895878,low_vol_6__vol_target
2020-05-31,801720.SI,0.19761127371957907,-0.008260212111548815,low_vol_6__vol_target
2020-05-31,801200.SI,0.19761127371957907,0.09071600262218671,low_vol_6__vol_target
2020-06-30,801720.SI,0.2,0.10771704180064301,low_vol_6__vol_target
2020-06-30,801160.SI,0.2,0.09197970737131334,low_vol_6__vol_target
2020-06-30,801970.SI,0.2,0.11126402547051129,low_vol_6__vol_target
2020-06-30,801950.SI,0.2,0.12742329443348277,low_vol_6__vol_target
2020-06-30,801040.SI,0.2,0.05694701451692774,low_vol_6__vol_target
2020-07-31,801040.SI,0.13583295209328558,0.02002761749765747,low_vol_6__vol_target
2020-07-31,801160.SI,0.13583295209328558,0.03088084829318194,low_vol_6__vol_target
2020-07-31,801130.SI,0.13583295209328558,0.022601947035196357,low_vol_6__vol_target
2020-07-31,801720.SI,0.13583295209328558,0.03610655929584716,low_vol_6__vol_target
2020-07-31,801970.SI,0.13583295209328558,0.06291531501557301,low_vol_6__vol_target
2020-08-31,801040.SI,0.1385403395584752,-0.03522682769990959,low_vol_6__vol_target
2020-08-31,801160.SI,0.1385403395584752,-0.05989732971787032,low_vol_6__vol_target
2020-08-31,801130.SI,0.1385403395584752,-0.05618800346182018,low_vol_6__vol_target
2020-08-31,801170.SI,0.1385403395584752,-0.05834005957331734,low_vol_6__vol_target
2020-08-31,801720.SI,0.1385403395584752,-0.07354203757760891,low_vol_6__vol_target
2020-09-30,801040.SI,0.12981340934077137,0.017113934200305714,low_vol_6__vol_target
2020-09-30,801130.SI,0.12981340934077137,0.021676496600669504,low_vol_6__vol_target
2020-09-30,801170.SI,0.12981340934077137,-0.02044554670843679,low_vol_6__vol_target
2020-09-30,801160.SI,0.12981340934077137,-0.01351255783879901,low_vol_6__vol_target
2020-09-30,801110.SI,0.12981340934077137,0.07265940931713866,low_vol_6__vol_target
2020-10-31,801040.SI,0.12802445908687174,0.10911016949152552,low_vol_6__vol_target
2020-10-31,801130.SI,0.12802445908687174,0.0012480350087096248,low_vol_6__vol_target
2020-10-31,801110.SI,0.12802445908687174,0.08752651737214667,low_vol_6__vol_target
2020-10-31,801170.SI,0.12802445908687174,0.07469428910278908,low_vol_6__vol_target
2020-10-31,801160.SI,0.12802445908687174,0.0368018680007578,low_vol_6__vol_target
2020-11-30,801130.SI,0.12887963173552902,-0.05393277498130278,low_vol_6__vol_target
2020-11-30,801040.SI,0.12887963173552902,-0.006090491104151385,low_vol_6__vol_target
2020-11-30,801110.SI,0.12887963173552902,0.043044332153597376,low_vol_6__vol_target
2020-11-30,801160.SI,0.12887963173552902,-0.011907584108733826,low_vol_6__vol_target
2020-11-30,801880.SI,0.12887963173552902,-0.004273727911804248,low_vol_6__vol_target
2020-12-31,801130.SI,0.13249745975100496,-0.07499313198365143,low_vol_6__vol_target
2020-12-31,801110.SI,0.13249745975100496,-0.03096790137501093,low_vol_6__vol_target
2020-12-31,801040.SI,0.13249745975100496,0.0010011889118326511,low_vol_6__vol_target
2020-12-31,801160.SI,0.13249745975100496,-0.04869917276885016,low_vol_6__vol_target
2020-12-31,801750.SI,0.13249745975100496,-0.04784911106993428,low_vol_6__vol_target
2021-01-31,801750.SI,0.2,-0.017231949164520866,low_vol_6__vol_target
2021-01-31,801200.SI,0.2,0.03140110416295627,low_vol_6__vol_target
2021-01-31,801890.SI,0.2,0.014506149066728202,low_vol_6__vol_target
2021-01-31,801080.SI,0.2,-0.03406264192767472,low_vol_6__vol_target
2021-01-31,801160.SI,0.2,0.01811666544067414,low_vol_6__vol_target
2021-02-28,801750.SI,0.2,-0.027818597564153058,low_vol_6__vol_target
2021-02-28,801890.SI,0.2,-0.02528217846839098,low_vol_6__vol_target
2021-02-28,801760.SI,0.2,-0.04696109059926168,low_vol_6__vol_target
2021-02-28,801080.SI,0.2,-0.05801599489267717,low_vol_6__vol_target
2021-02-28,801160.SI,0.2,0.1512153584146152,low_vol_6__vol_target
2021-03-31,801750.SI,0.2,-0.020623706864206115,low_vol_6__vol_target
2021-03-31,801760.SI,0.2,0.02105404318090387,low_vol_6__vol_target
2021-03-31,801140.SI,0.2,0.01775000631351853,low_vol_6__vol_target
2021-03-31,801890.SI,0.2,-0.013812800207711251,low_vol_6__vol_target
2021-03-31,801230.SI,0.2,0.042399590326032355,low_vol_6__vol_target
2021-04-30,801750.SI,0.2,0.08341980708690722,low_vol_6__vol_target
2021-04-30,801140.SI,0.2,0.008379917973222462,low_vol_6__vol_target
2021-04-30,801890.SI,0.2,0.024142379485559307,low_vol_6__vol_target
2021-04-30,801760.SI,0.2,0.02744943525085386,low_vol_6__vol_target
2021-04-30,801710.SI,0.2,0.022903596528181414,low_vol_6__vol_target
2021-05-31,801140.SI,0.2,-0.030460475204505344,low_vol_6__vol_target
2021-05-31,801710.SI,0.2,-0.06725396930952843,low_vol_6__vol_target
2021-05-31,801890.SI,0.2,0.023239074550128525,low_vol_6__vol_target
2021-05-31,801170.SI,0.2,0.01036267278043601,low_vol_6__vol_target
2021-05-31,801110.SI,0.2,-0.0652648176361933,low_vol_6__vol_target
2021-06-30,801170.SI,0.2,-0.11732980354595646,low_vol_6__vol_target
2021-06-30,801140.SI,0.2,-0.071217757666732,low_vol_6__vol_target
2021-06-30,801890.SI,0.2,0.020946387297758884,low_vol_6__vol_target
2021-06-30,801110.SI,0.2,-0.09187386294724087,low_vol_6__vol_target
2021-06-30,801760.SI,0.2,-0.11919272213389864,low_vol_6__vol_target
2021-07-31,801890.SI,0.2,0.09086379044115378,low_vol_6__vol_target
2021-07-31,801950.SI,0.2,0.27566168903042887,low_vol_6__vol_target
2021-07-31,801110.SI,0.2,-0.000418321723945958,low_vol_6__vol_target
2021-07-31,801140.SI,0.2,0.05128825733916309,low_vol_6__vol_target
2021-07-31,801720.SI,0.2,0.0920682265871946,low_vol_6__vol_target
2021-08-31,801110.SI,0.2,-0.01010407388068113,low_vol_6__vol_target
2021-08-31,801890.SI,0.2,-0.06572825553656925,low_vol_6__vol_target
2021-08-31,801140.SI,0.2,-0.032696121025778235,low_vol_6__vol_target
2021-08-31,801720.SI,0.2,-0.017576240614119776,low_vol_6__vol_target
2021-08-31,801750.SI,0.2,-0.012265275522198471,low_vol_6__vol_target
2021-09-30,801110.SI,0.2,-0.006803081684816359,low_vol_6__vol_target
2021-09-30,801960.SI,0.2,-0.09147730679297317,low_vol_6__vol_target
2021-09-30,801140.SI,0.2,-0.029797345801998443,low_vol_6__vol_target
2021-09-30,801750.SI,0.2,-0.0007800410415125247,low_vol_6__vol_target
2021-09-30,801720.SI,0.2,-0.025438846190340758,low_vol_6__vol_target
2021-10-31,801110.SI,0.2,0.0010934495861163462,low_vol_6__vol_target
2021-10-31,801140.SI,0.2,0.05716750220590283,low_vol_6__vol_target
2021-10-31,801720.SI,0.2,0.01086564955359326,low_vol_6__vol_target
2021-10-31,801750.SI,0.2,0.07603867478879311,low_vol_6__vol_target
2021-10-31,801770.SI,0.2,0.11285046364435392,low_vol_6__vol_target
2021-11-30,801110.SI,0.2,0.0668343191803924,low_vol_6__vol_target
2021-11-30,801750.SI,0.2,0.016287237329432713,low_vol_6__vol_target
2021-11-30,801720.SI,0.2,0.07816518179629184,low_vol_6__vol_target
2021-11-30,801200.SI,0.2,0.011491803278688595,low_vol_6__vol_target
2021-11-30,801140.SI,0.2,0.08888423117086308,low_vol_6__vol_target
2021-12-31,801200.SI,0.2,-0.06502649876014976,low_vol_6__vol_target
2021-12-31,801750.SI,0.2,-0.08503379762983643,low_vol_6__vol_target
2021-12-31,801110.SI,0.2,-0.04558230239502703,low_vol_6__vol_target
2021-12-31,801720.SI,0.2,-0.028850148069733517,low_vol_6__vol_target
2021-12-31,801130.SI,0.2,-0.06683007244804995,low_vol_6__vol_target
2022-01-31,801110.SI,0.16781090124645964,-0.04789975633802113,low_vol_6__vol_target
2022-01-31,801200.SI,0.16781090124645964,4.506940688653316e-05,low_vol_6__vol_target
2022-01-31,801130.SI,0.16781090124645964,0.03291415820180843,low_vol_6__vol_target
2022-01-31,801170.SI,0.16781090124645964,0.02799470131836257,low_vol_6__vol_target
2022-01-31,801750.SI,0.16781090124645964,0.026415403833293327,low_vol_6__vol_target
2022-02-28,801200.SI,0.17966022354069944,-0.08497280357210957,low_vol_6__vol_target
2022-02-28,801170.SI,0.17966022354069944,-0.07208777183250692,low_vol_6__vol_target
2022-02-28,801110.SI,0.17966022354069944,-0.12496646743854145,low_vol_6__vol_target
2022-02-28,801130.SI,0.17966022354069944,-0.06822017687962734,low_vol_6__vol_target
2022-02-28,801720.SI,0.17966022354069944,-0.019815462427106634,low_vol_6__vol_target
2022-03-31,801720.SI,0.15797096127312993,-0.02973771453057006,low_vol_6__vol_target
2022-03-31,801010.SI,0.15797096127312993,-0.12757594032348318,low_vol_6__vol_target
2022-03-31,801200.SI,0.15797096127312993,-0.014237760754093665,low_vol_6__vol_target
2022-03-31,801170.SI,0.15797096127312993,-0.01737424502931728,low_vol_6__vol_target
2022-03-31,801130.SI,0.15797096127312993,-0.10063276617840633,low_vol_6__vol_target
2022-04-30,801200.SI,0.1363209426279144,0.029517118391316988,low_vol_6__vol_target
2022-04-30,801720.SI,0.1363209426279144,0.016563464613782664,low_vol_6__vol_target
2022-04-30,801170.SI,0.1363209426279144,0.06952339505314309,low_vol_6__vol_target
2022-04-30,801980.SI,0.1363209426279144,0.05423362534308174,low_vol_6__vol_target
2022-04-30,801130.SI,0.1363209426279144,0.07750662951898235,low_vol_6__vol_target
2022-05-31,801720.SI,0.12103763990016927,-0.0016051217560307807,low_vol_6__vol_target
2022-05-31,801200.SI,0.12103763990016927,0.10805695342482124,low_vol_6__vol_target
2022-05-31,801170.SI,0.12103763990016927,0.01982926778111027,low_vol_6__vol_target
2022-05-31,801110.SI,0.12103763990016927,0.11157491849988066,low_vol_6__vol_target
2022-05-31,801130.SI,0.12103763990016927,0.02359501557632382,low_vol_6__vol_target
2022-06-30,801720.SI,0.1108739102235933,-0.028150821714515883,low_vol_6__vol_target
2022-06-30,801170.SI,0.1108739102235933,-0.04900210602520649,low_vol_6__vol_target
2022-06-30,801200.SI,0.1108739102235933,-0.07050567192137813,low_vol_6__vol_target
2022-06-30,801130.SI,0.1108739102235933,-0.015832050010043397,low_vol_6__vol_target
2022-06-30,801710.SI,0.1108739102235933,-0.10062368410598654,low_vol_6__vol_target
2022-07-31,801720.SI,0.12540285478190824,-0.022641367153993563,low_vol_6__vol_target
2022-07-31,801170.SI,0.12540285478190824,0.011163543094909745,low_vol_6__vol_target
2022-07-31,801980.SI,0.12540285478190824,-0.0436307449161506,low_vol_6__vol_target
2022-07-31,801130.SI,0.12540285478190824,-0.014633301584552671,low_vol_6__vol_target
2022-07-31,801200.SI,0.12540285478190824,-0.017003399955053955,low_vol_6__vol_target
2022-08-31,801720.SI,0.13030820012369454,-0.07517818048549962,low_vol_6__vol_target
2022-08-31,801170.SI,0.13030820012369454,-0.026708871588673078,low_vol_6__vol_target
2022-08-31,801980.SI,0.13030820012369454,-0.0795709610784181,low_vol_6__vol_target
2022-08-31,801040.SI,0.13030820012369454,-0.09026028031448319,low_vol_6__vol_target
2022-08-31,801130.SI,0.13030820012369454,-0.07914888275169474,low_vol_6__vol_target
2022-09-30,801720.SI,0.12778064919188917,-0.01759792266299587,low_vol_6__vol_target
2022-09-30,801170.SI,0.12778064919188917,-0.034122072990647734,low_vol_6__vol_target
2022-09-30,801040.SI,0.12778064919188917,-0.027380973825950727,low_vol_6__vol_target
2022-09-30,801180.SI,0.12778064919188917,-0.14723554908513392,low_vol_6__vol_target
2022-09-30,801110.SI,0.12778064919188917,-0.12874415222920021,low_vol_6__vol_target
2022-10-31,801720.SI,0.15018870660028677,0.13801888444819532,low_vol_6__vol_target
2022-10-31,801230.SI,0.15018870660028677,0.09823107367982087,low_vol_6__vol_target
2022-10-31,801170.SI,0.15018870660028677,0.08145259632710267,low_vol_6__vol_target
2022-10-31,801040.SI,0.15018870660028677,0.10950493582501442,low_vol_6__vol_target
2022-10-31,801130.SI,0.15018870660028677,0.1026427174106348,low_vol_6__vol_target
2022-11-30,801170.SI,0.13336772671962496,-0.004939559815376637,low_vol_6__vol_target
2022-11-30,801230.SI,0.13336772671962496,0.022748538804735485,low_vol_6__vol_target
2022-11-30,801770.SI,0.13336772671962496,-0.041289212234999595,low_vol_6__vol_target
2022-11-30,801160.SI,0.13336772671962496,-0.04637746537522269,low_vol_6__vol_target
2022-11-30,801130.SI,0.13336772671962496,0.015296379448272335,low_vol_6__vol_target
2019-01-31,801720.SI,0.2,0.14399025536834986,trend_defensive
2019-01-31,801010.SI,0.2,0.21977167902555883,trend_defensive
2019-01-31,801160.SI,0.2,0.15199591426547387,trend_defensive
2019-01-31,801770.SI,0.2,0.27865826323145493,trend_defensive
2019-01-31,801180.SI,0.2,0.13690504045078056,trend_defensive
2019-02-28,801010.SI,0.2,0.17539736425201502,trend_defensive
2019-02-28,801110.SI,0.2,0.07761313796578961,trend_defensive
2019-02-28,801180.SI,0.2,0.11857409882425873,trend_defensive
2019-02-28,801720.SI,0.2,0.049969013721306466,trend_defensive
2019-02-28,801730.SI,0.2,0.07486616000898505,trend_defensive
2019-03-31,801010.SI,0.2,0.05821731145210007,trend_defensive
2019-03-31,801180.SI,0.2,-0.03965245925768801,trend_defensive
2019-03-31,801110.SI,0.2,0.05268949738098838,trend_defensive
2019-03-31,801720.SI,0.2,-0.04996771548428747,trend_defensive
2019-03-31,801950.SI,0.2,0.0416054821341163,trend_defensive
2019-04-30,801120.SI,0.2,-0.04343478450722671,trend_defensive
2019-04-30,801010.SI,0.2,-0.017263242757527997,trend_defensive
2019-04-30,801110.SI,0.2,-0.06314007532940569,trend_defensive
2019-04-30,801180.SI,0.2,-0.07454188924200422,trend_defensive
2019-04-30,801710.SI,0.2,-0.0404388209752472,trend_defensive
2019-05-31,801120.SI,0.2,0.10231455486929941,trend_defensive
2019-05-31,801110.SI,0.2,0.03969926048158512,trend_defensive
2019-05-31,801010.SI,0.2,-0.08030968535830874,trend_defensive
2019-05-31,801710.SI,0.2,0.033276038695818855,trend_defensive
2019-05-31,801170.SI,0.2,0.02484767946242772,trend_defensive
2019-06-30,801120.SI,0.2,-0.0273049532804458,trend_defensive
2019-06-30,801110.SI,0.2,0.009354415052569953,trend_defensive
2019-06-30,801710.SI,0.2,-0.036932688863697605,trend_defensive
2019-06-30,801010.SI,0.2,0.0730661066924354,trend_defensive
2019-06-30,801170.SI,0.2,-0.012024759015511144,trend_defensive
2019-07-31,801120.SI,0.2,0.08993278208922595,trend_defensive
2019-07-31,801110.SI,0.2,-0.017530193709728303,trend_defensive
2019-07-31,801010.SI,0.2,0.0082519634131204,trend_defensive
2019-07-31,801710.SI,0.2,-0.0350670015144835,trend_defensive
2019-07-31,801170.SI,0.2,-0.032683299283930545,trend_defensive
2019-08-31,801110.SI,0.2,0.0022028740714929995,trend_defensive
2019-08-31,801740.SI,0.2,-0.06933927973404552,trend_defensive
2019-08-31,801170.SI,0.2,-0.007116769635116316,trend_defensive
2019-08-31,801120.SI,0.2,-0.022492267448938508,trend_defensive
2019-08-31,801210.SI,0.2,-0.013931218860128713,trend_defensive
2019-09-30,801110.SI,0.2,0.04803849207927646,trend_defensive
2019-09-30,801120.SI,0.2,0.016584859040020383,trend_defensive
2019-09-30,801170.SI,0.2,-0.01017584268697247,trend_defensive
2019-09-30,801210.SI,0.2,-0.01914137405784322,trend_defensive
2019-09-30,801980.SI,0.2,0.024409586663207472,trend_defensive
2019-10-31,801980.SI,0.2,-0.05938355741316481,trend_defensive
2019-10-31,801750.SI,0.2,-0.028640200622467193,trend_defensive
2019-10-31,801730.SI,0.2,0.01612293454043212,trend_defensive
2019-10-31,801210.SI,0.2,-0.044744089739466086,trend_defensive
2019-10-31,801120.SI,0.2,-0.025714233303109513,trend_defensive
2019-11-30,801080.SI,0.2,0.10540476152661094,trend_defensive
2019-11-30,801750.SI,0.2,0.07681775118194456,trend_defensive
2019-11-30,801110.SI,0.2,0.10758594375108554,trend_defensive
2019-11-30,801980.SI,0.2,0.06142086645886602,trend_defensive
2019-11-30,801120.SI,0.2,0.04601040115873256,trend_defensive
2019-12-31,801080.SI,0.2,0.13541169776837791,trend_defensive
2019-12-31,801150.SI,0.2,0.0467287615020362,trend_defensive
2019-12-31,801750.SI,0.2,0.07733589642594163,trend_defensive
2019-12-31,801120.SI,0.2,-0.058685391683798604,trend_defensive
2019-12-31,801110.SI,0.2,-0.026310377096551818,trend_defensive
2020-01-31,801150.SI,0.2,0.02340718996588853,trend_defensive
2020-01-31,801750.SI,0.2,0.1061495695162249,trend_defensive
2020-01-31,801080.SI,0.2,0.054112537678331574,trend_defensive
2020-01-31,801120.SI,0.2,-0.02401867952580017,trend_defensive
2020-01-31,801230.SI,0.2,0.031828165822755494,trend_defensive
2020-02-29,801150.SI,0.2,0.011841167883211545,trend_defensive
2020-02-29,801080.SI,0.2,-0.20437596938310032,trend_defensive
2020-02-29,801730.SI,0.2,-0.0805549124025623,trend_defensive
2020-02-29,801230.SI,0.2,-0.07340300621140283,trend_defensive
2020-02-29,801750.SI,0.2,-0.12811190368838843,trend_defensive
2020-03-31,801150.SI,0.2,0.05433009883551154,trend_defensive
2020-03-31,801980.SI,0.2,0.09464844806169359,trend_defensive
2020-03-31,801710.SI,0.2,0.08592362240704676,trend_defensive
2020-03-31,801750.SI,0.2,0.0755829525273295,trend_defensive
2020-03-31,801080.SI,0.2,0.11424079377389651,trend_defensive
2020-04-30,801150.SI,0.2,0.0502430319882643,trend_defensive
2020-04-30,801710.SI,0.2,-0.016152427675268255,trend_defensive
2020-04-30,801980.SI,0.2,0.16822384741776464,trend_defensive
2020-04-30,801080.SI,0.2,-0.015388531995796817,trend_defensive
2020-04-30,801230.SI,0.2,0.0061006081750034635,trend_defensive
2020-05-31,801150.SI,0.2,0.1687925741774423,trend_defensive
2020-05-31,801980.SI,0.2,0.12149584258352752,trend_defensive
2020-05-31,801710.SI,0.2,-0.01119322917655019,trend_defensive
2020-05-31,801080.SI,0.2,0.19160564867942598,trend_defensive
2020-05-31,801120.SI,0.2,0.08590427610232187,trend_defensive
2020-06-30,801150.SI,0.2,0.15620086561246138,trend_defensive
2020-06-30,801980.SI,0.2,0.07610780504598424,trend_defensive
2020-06-30,801710.SI,0.2,0.23918900365964002,trend_defensive
2020-06-30,801120.SI,0.2,0.17286250878024578,trend_defensive
2020-06-30,801010.SI,0.2,0.16230470667886343,trend_defensive
2020-07-31,801980.SI,0.2,-0.021900525328234832,trend_defensive
2020-07-31,801150.SI,0.2,-0.027681337948046725,trend_defensive
2020-07-31,801120.SI,0.2,0.12040826126159776,trend_defensive
2020-07-31,801200.SI,0.2,-0.0515296781653497,trend_defensive
2020-07-31,801010.SI,0.2,0.05015885155550026,trend_defensive
2020-08-31,801120.SI,0.2,-0.09181520053461079,trend_defensive
2020-08-31,801980.SI,0.2,-0.08720911367037587,trend_defensive
2020-08-31,801150.SI,0.2,-0.08443325352664632,trend_defensive
2020-08-31,801200.SI,0.2,-0.08170594495198469,trend_defensive
2020-08-31,801210.SI,0.2,0.03138340944536444,trend_defensive
2020-09-30,801120.SI,0.2,0.041639557579700615,trend_defensive
2020-09-30,801980.SI,0.2,0.05672748369372793,trend_defensive
2020-09-30,801210.SI,0.2,-0.09195713520137616,trend_defensive
2020-09-30,801730.SI,0.2,0.064989036648045,trend_defensive
2020-09-30,801150.SI,0.2,0.023375507098952086,trend_defensive
2020-10-31,801730.SI,0.2,0.01567640880786869,trend_defensive
2020-10-31,801880.SI,0.2,0.08008455735505793,trend_defensive
2020-10-31,801120.SI,0.2,0.02299268128675447,trend_defensive
2020-10-31,801210.SI,0.2,0.015808833012623813,trend_defensive
2020-10-31,801890.SI,0.2,0.04821437395435524,trend_defensive
2020-11-30,801880.SI,0.2,-0.004273727911804248,trend_defensive
2020-11-30,801730.SI,0.2,0.19937051313788579,trend_defensive
2020-11-30,801890.SI,0.2,0.03494534948716721,trend_defensive
2020-11-30,801110.SI,0.2,0.043044332153597376,trend_defensive
2020-11-30,801120.SI,0.2,0.17986788868336068,trend_defensive
2020-12-31,801880.SI,0.2,0.025444097964332002,trend_defensive
2020-12-31,801110.SI,0.2,-0.03096790137501093,trend_defensive
2020-12-31,801730.SI,0.2,0.05746197802716235,trend_defensive
2020-12-31,801890.SI,0.2,0.013782063795728883,trend_defensive
2020-12-31,801120.SI,0.2,0.014308329380036122,trend_defensive
2021-01-31,801880.SI,0.2,-0.051590176033238455,trend_defensive
2021-01-31,801890.SI,0.2,0.014506149066728202,trend_defensive
2021-01-31,801730.SI,0.2,-0.060330030058499684,trend_defensive
2021-01-31,801110.SI,0.2,-0.015302750770905926,trend_defensive
2021-01-31,801120.SI,0.2,-0.05046059382939616,trend_defensive
2021-02-28,801890.SI,0.2,-0.02528217846839098,trend_defensive
2021-02-28,801880.SI,0.2,-0.059128589596250336,trend_defensive
2021-02-28,801030.SI,0.2,-0.06490127575281246,trend_defensive
2021-02-28,801730.SI,0.2,-0.046533269079661155,trend_defensive
2021-02-28,801110.SI,0.2,-0.03301329288120691,trend_defensive
2021-03-31,801030.SI,0.2,0.03648138779983978,trend_defensive
2021-03-31,801980.SI,0.2,0.22819569689790864,trend_defensive
2021-03-31,801890.SI,0.2,-0.013812800207711251,trend_defensive
2021-03-31,801730.SI,0.2,0.06870495088946704,trend_defensive
2021-03-31,801140.SI,0.2,0.01775000631351853,trend_defensive
2021-04-30,801030.SI,0.2,0.06929651077070131,trend_defensive
2021-04-30,801890.SI,0.2,0.024142379485559307,trend_defensive
2021-04-30,801040.SI,0.2,-0.008843745118366275,trend_defensive
2021-04-30,801140.SI,0.2,0.008379917973222462,trend_defensive
2021-04-30,801210.SI,0.2,0.033481929687072975,trend_defensive
2021-05-31,801040.SI,0.2,-0.009316670069525745,trend_defensive
2021-05-31,801030.SI,0.2,0.05371075641519396,trend_defensive
2021-05-31,801140.SI,0.2,-0.030460475204505344,trend_defensive
2021-05-31,801210.SI,0.2,-0.08669822587050569,trend_defensive
2021-05-31,801890.SI,0.2,0.023239074550128525,trend_defensive
2021-06-30,801040.SI,0.2,0.1759154807358556,trend_defensive
2021-06-30,801030.SI,0.2,0.05127979514253167,trend_defensive
2021-06-30,801210.SI,0.2,-0.19737708969719914,trend_defensive
2021-06-30,801140.SI,0.2,-0.071217757666732,trend_defensive
2021-06-30,801710.SI,0.2,-0.058214393371799344,trend_defensive
2021-07-31,801950.SI,0.2,0.27566168903042887,trend_defensive
2021-07-31,801030.SI,0.2,0.12462121537286142,trend_defensive
2021-07-31,801040.SI,0.2,0.175641853457553,trend_defensive
2021-07-31,801230.SI,0.2,0.10550428282887858,trend_defensive
2021-07-31,801730.SI,0.2,0.053703526869399054,trend_defensive
2021-08-31,801730.SI,0.2,-0.03014095661083649,trend_defensive
2021-08-31,801230.SI,0.2,-0.12149055981009582,trend_defensive
2021-08-31,801030.SI,0.2,-0.03830865613425105,trend_defensive
2021-08-31,801890.SI,0.2,-0.06572825553656925,trend_defensive
2021-08-31,801040.SI,0.2,-0.13403809035605752,trend_defensive
2021-09-30,801730.SI,0.2,0.11700718983573899,trend_defensive
2021-09-30,801030.SI,0.2,-0.003651097908952683,trend_defensive
2021-09-30,801960.SI,0.2,-0.09147730679297317,trend_defensive
2021-09-30,801890.SI,0.2,-0.013551362379727871,trend_defensive
2021-09-30,801040.SI,0.2,-0.1168333816565188,trend_defensive
2021-10-31,801730.SI,0.2,0.03347142223022748,trend_defensive
2021-10-31,801030.SI,0.2,-0.0034892196654970897,trend_defensive
2021-10-31,801960.SI,0.2,-0.04382310725421934,trend_defensive
2021-10-31,801890.SI,0.2,0.07507603062029977,trend_defensive
2021-10-31,801950.SI,0.2,-0.04184496502567925,trend_defensive
2021-11-30,801030.SI,0.2,0.0005555933057002083,trend_defensive
2021-11-30,801730.SI,0.2,-0.08579218674913602,trend_defensive
2021-11-30,801890.SI,0.2,0.004428254311571456,trend_defensive
2021-11-30,801960.SI,0.2,0.04772524339270223,trend_defensive
2021-11-30,801880.SI,0.2,-0.04797536338719266,trend_defensive
2021-12-31,801030.SI,0.2,-0.1058976038861944,trend_defensive
2021-12-31,801730.SI,0.2,-0.1081864931198937,trend_defensive
2021-12-31,801880.SI,0.2,-0.11613914873643838,trend_defensive
2021-12-31,801890.SI,0.2,-0.11792506290092264,trend_defensive
2021-12-31,801970.SI,0.2,-0.10202034737939192,trend_defensive
2022-01-31,801720.SI,0.2,0.040313307760944106,trend_defensive
2022-01-31,801160.SI,0.2,0.07892452953618712,trend_defensive
2022-01-31,801970.SI,0.2,0.0770485912141492,trend_defensive
2022-01-31,801170.SI,0.2,0.02799470131836257,trend_defensive
2022-01-31,801010.SI,0.2,0.0075964418446730075,trend_defensive
2022-02-28,801720.SI,0.2,-0.019815462427106634,trend_defensive
2022-02-28,801170.SI,0.2,-0.07208777183250692,trend_defensive
2022-02-28,801770.SI,0.2,-0.08199090990952551,trend_defensive
2022-02-28,801010.SI,0.2,0.029415630356908196,trend_defensive
2022-02-28,801750.SI,0.2,-0.11588902616174845,trend_defensive
2022-03-31,801720.SI,0.2,-0.02973771453057006,trend_defensive
2022-03-31,801230.SI,0.2,-0.12677583238267986,trend_defensive
2022-03-31,801010.SI,0.2,-0.12757594032348318,trend_defensive
2022-03-31,801170.SI,0.2,-0.01737424502931728,trend_defensive
2022-03-31,801770.SI,0.2,-0.1228865404571009,trend_defensive
2022-04-30,801720.SI,0.2,0.016563464613782664,trend_defensive
2022-04-30,801950.SI,0.2,0.09727050817368155,trend_defensive
2022-04-30,801180.SI,0.2,-0.05912666206051753,trend_defensive
2022-04-30,801170.SI,0.2,0.06952339505314309,trend_defensive
2022-04-30,801230.SI,0.2,0.04479913014548953,trend_defensive
2022-05-31,801720.SI,0.2,-0.0016051217560307807,trend_defensive
2022-05-31,801950.SI,0.2,0.015829144115513172,trend_defensive
2022-05-31,801170.SI,0.2,0.01982926778111027,trend_defensive
2022-05-31,801180.SI,0.2,0.05611459575941802,trend_defensive
2022-05-31,801230.SI,0.2,0.043988816402609654,trend_defensive
2022-06-30,801720.SI,0.2,-0.028150821714515883,trend_defensive
2022-06-30,801170.SI,0.2,-0.04900210602520649,trend_defensive
2022-06-30,801950.SI,0.2,-0.07932500118504004,trend_defensive
2022-06-30,801010.SI,0.2,0.035638420065967846,trend_defensive
2022-06-30,801180.SI,0.2,-0.06252751690486813,trend_defensive
2022-07-31,801170.SI,0.2,0.011163543094909745,trend_defensive
2022-07-31,801720.SI,0.2,-0.022641367153993563,trend_defensive
2022-07-31,801950.SI,0.2,0.07851913380448483,trend_defensive
2022-07-31,801010.SI,0.2,0.00520315585094866,trend_defensive
2022-07-31,801200.SI,0.2,-0.017003399955053955,trend_defensive
2022-08-31,801010.SI,0.2,-0.10378327426082179,trend_defensive
2022-08-31,801950.SI,0.2,0.016902224244873754,trend_defensive
2022-08-31,801170.SI,0.2,-0.026708871588673078,trend_defensive
2022-08-31,801980.SI,0.2,-0.0795709610784181,trend_defensive
2022-08-31,801160.SI,0.2,-0.07830832310377378,trend_defensive
2022-09-30,801950.SI,0.2,-0.1258223015053359,trend_defensive
2022-09-30,801170.SI,0.2,-0.034122072990647734,trend_defensive
2022-09-30,801160.SI,0.2,-0.0343107720603224,trend_defensive
2022-09-30,801120.SI,0.2,-0.22138912887662965,trend_defensive
2022-09-30,801980.SI,0.2,-0.06831678281337239,trend_defensive
2022-10-31,801230.SI,0.2,0.09823107367982087,trend_defensive
2022-10-31,801170.SI,0.2,0.08145259632710267,trend_defensive
2022-10-31,801770.SI,0.2,0.011734847325626241,trend_defensive
2022-10-31,801160.SI,0.2,0.08148311465335656,trend_defensive
2022-10-31,801950.SI,0.2,0.073430328719847,trend_defensive
2022-11-30,801230.SI,0.2,0.022748538804735485,trend_defensive
2022-11-30,801770.SI,0.2,-0.041289212234999595,trend_defensive
2022-11-30,801170.SI,0.2,-0.004939559815376637,trend_defensive
2022-11-30,801160.SI,0.2,-0.04637746537522269,trend_defensive
2022-11-30,801740.SI,0.2,-0.04634607565362758,trend_defensive
2019-01-31,801720.SI,0.1,0.14399025536834986,trend_defensive__trend
2019-01-31,801010.SI,0.1,0.21977167902555883,trend_defensive__trend
2019-01-31,801160.SI,0.1,0.15199591426547387,trend_defensive__trend
2019-01-31,801770.SI,0.1,0.27865826323145493,trend_defensive__trend
2019-01-31,801180.SI,0.1,0.13690504045078056,trend_defensive__trend
2019-02-28,801010.SI,0.2,0.17539736425201502,trend_defensive__trend
2019-02-28,801110.SI,0.2,0.07761313796578961,trend_defensive__trend
2019-02-28,801180.SI,0.2,0.11857409882425873,trend_defensive__trend
2019-02-28,801720.SI,0.2,0.049969013721306466,trend_defensive__trend
2019-02-28,801730.SI,0.2,0.07486616000898505,trend_defensive__trend
2019-03-31,801010.SI,0.2,0.05821731145210007,trend_defensive__trend
2019-03-31,801180.SI,0.2,-0.03965245925768801,trend_defensive__trend
2019-03-31,801110.SI,0.2,0.05268949738098838,trend_defensive__trend
2019-03-31,801720.SI,0.2,-0.04996771548428747,trend_defensive__trend
2019-03-31,801950.SI,0.2,0.0416054821341163,trend_defensive__trend
2019-04-30,801120.SI,0.2,-0.04343478450722671,trend_defensive__trend
2019-04-30,801010.SI,0.2,-0.017263242757527997,trend_defensive__trend
2019-04-30,801110.SI,0.2,-0.06314007532940569,trend_defensive__trend
2019-04-30,801180.SI,0.2,-0.07454188924200422,trend_defensive__trend
2019-04-30,801710.SI,0.2,-0.0404388209752472,trend_defensive__trend
2019-05-31,801120.SI,0.2,0.10231455486929941,trend_defensive__trend
2019-05-31,801110.SI,0.2,0.03969926048158512,trend_defensive__trend
2019-05-31,801010.SI,0.2,-0.08030968535830874,trend_defensive__trend
2019-05-31,801710.SI,0.2,0.033276038695818855,trend_defensive__trend
2019-05-31,801170.SI,0.2,0.02484767946242772,trend_defensive__trend
2019-06-30,801120.SI,0.2,-0.0273049532804458,trend_defensive__trend
2019-06-30,801110.SI,0.2,0.009354415052569953,trend_defensive__trend
2019-06-30,801710.SI,0.2,-0.036932688863697605,trend_defensive__trend
2019-06-30,801010.SI,0.2,0.0730661066924354,trend_defensive__trend
2019-06-30,801170.SI,0.2,-0.012024759015511144,trend_defensive__trend
2019-07-31,801120.SI,0.2,0.08993278208922595,trend_defensive__trend
2019-07-31,801110.SI,0.2,-0.017530193709728303,trend_defensive__trend
2019-07-31,801010.SI,0.2,0.0082519634131204,trend_defensive__trend
2019-07-31,801710.SI,0.2,-0.0350670015144835,trend_defensive__trend
2019-07-31,801170.SI,0.2,-0.032683299283930545,trend_defensive__trend
2019-08-31,801110.SI,0.2,0.0022028740714929995,trend_defensive__trend
2019-08-31,801740.SI,0.2,-0.06933927973404552,trend_defensive__trend
2019-08-31,801170.SI,0.2,-0.007116769635116316,trend_defensive__trend
2019-08-31,801120.SI,0.2,-0.022492267448938508,trend_defensive__trend
2019-08-31,801210.SI,0.2,-0.013931218860128713,trend_defensive__trend
2019-09-30,801110.SI,0.2,0.04803849207927646,trend_defensive__trend
2019-09-30,801120.SI,0.2,0.016584859040020383,trend_defensive__trend
2019-09-30,801170.SI,0.2,-0.01017584268697247,trend_defensive__trend
2019-09-30,801210.SI,0.2,-0.01914137405784322,trend_defensive__trend
2019-09-30,801980.SI,0.2,0.024409586663207472,trend_defensive__trend
2019-10-31,801980.SI,0.1,-0.05938355741316481,trend_defensive__trend
2019-10-31,801750.SI,0.1,-0.028640200622467193,trend_defensive__trend
2019-10-31,801730.SI,0.1,0.01612293454043212,trend_defensive__trend
2019-10-31,801210.SI,0.1,-0.044744089739466086,trend_defensive__trend
2019-10-31,801120.SI,0.1,-0.025714233303109513,trend_defensive__trend
2019-11-30,801080.SI,0.1,0.10540476152661094,trend_defensive__trend
2019-11-30,801750.SI,0.1,0.07681775118194456,trend_defensive__trend
2019-11-30,801110.SI,0.1,0.10758594375108554,trend_defensive__trend
2019-11-30,801980.SI,0.1,0.06142086645886602,trend_defensive__trend
2019-11-30,801120.SI,0.1,0.04601040115873256,trend_defensive__trend
2019-12-31,801080.SI,0.2,0.13541169776837791,trend_defensive__trend
2019-12-31,801150.SI,0.2,0.0467287615020362,trend_defensive__trend
2019-12-31,801750.SI,0.2,0.07733589642594163,trend_defensive__trend
2019-12-31,801120.SI,0.2,-0.058685391683798604,trend_defensive__trend
2019-12-31,801110.SI,0.2,-0.026310377096551818,trend_defensive__trend
2020-01-31,801150.SI,0.2,0.02340718996588853,trend_defensive__trend
2020-01-31,801750.SI,0.2,0.1061495695162249,trend_defensive__trend
2020-01-31,801080.SI,0.2,0.054112537678331574,trend_defensive__trend
2020-01-31,801120.SI,0.2,-0.02401867952580017,trend_defensive__trend
2020-01-31,801230.SI,0.2,0.031828165822755494,trend_defensive__trend
2020-02-29,801150.SI,0.2,0.011841167883211545,trend_defensive__trend
2020-02-29,801080.SI,0.2,-0.20437596938310032,trend_defensive__trend
2020-02-29,801730.SI,0.2,-0.0805549124025623,trend_defensive__trend
2020-02-29,801230.SI,0.2,-0.07340300621140283,trend_defensive__trend
2020-02-29,801750.SI,0.2,-0.12811190368838843,trend_defensive__trend
2020-03-31,801150.SI,0.1,0.05433009883551154,trend_defensive__trend
2020-03-31,801980.SI,0.1,0.09464844806169359,trend_defensive__trend
2020-03-31,801710.SI,0.1,0.08592362240704676,trend_defensive__trend
2020-03-31,801750.SI,0.1,0.0755829525273295,trend_defensive__trend
2020-03-31,801080.SI,0.1,0.11424079377389651,trend_defensive__trend
2020-04-30,801150.SI,0.2,0.0502430319882643,trend_defensive__trend
2020-04-30,801710.SI,0.2,-0.016152427675268255,trend_defensive__trend
2020-04-30,801980.SI,0.2,0.16822384741776464,trend_defensive__trend
2020-04-30,801080.SI,0.2,-0.015388531995796817,trend_defensive__trend
2020-04-30,801230.SI,0.2,0.0061006081750034635,trend_defensive__trend
2020-05-31,801150.SI,0.2,0.1687925741774423,trend_defensive__trend
2020-05-31,801980.SI,0.2,0.12149584258352752,trend_defensive__trend
2020-05-31,801710.SI,0.2,-0.01119322917655019,trend_defensive__trend
2020-05-31,801080.SI,0.2,0.19160564867942598,trend_defensive__trend
2020-05-31,801120.SI,0.2,0.08590427610232187,trend_defensive__trend
2020-06-30,801150.SI,0.2,0.15620086561246138,trend_defensive__trend
2020-06-30,801980.SI,0.2,0.07610780504598424,trend_defensive__trend
2020-06-30,801710.SI,0.2,0.23918900365964002,trend_defensive__trend
2020-06-30,801120.SI,0.2,0.17286250878024578,trend_defensive__trend
2020-06-30,801010.SI,0.2,0.16230470667886343,trend_defensive__trend
2020-07-31,801980.SI,0.2,-0.021900525328234832,trend_defensive__trend
2020-07-31,801150.SI,0.2,-0.027681337948046725,trend_defensive__trend
2020-07-31,801120.SI,0.2,0.12040826126159776,trend_defensive__trend
2020-07-31,801200.SI,0.2,-0.0515296781653497,trend_defensive__trend
2020-07-31,801010.SI,0.2,0.05015885155550026,trend_defensive__trend
2020-08-31,801120.SI,0.2,-0.09181520053461079,trend_defensive__trend
2020-08-31,801980.SI,0.2,-0.08720911367037587,trend_defensive__trend
2020-08-31,801150.SI,0.2,-0.08443325352664632,trend_defensive__trend
2020-08-31,801200.SI,0.2,-0.08170594495198469,trend_defensive__trend
2020-08-31,801210.SI,0.2,0.03138340944536444,trend_defensive__trend
2020-09-30,801120.SI,0.2,0.041639557579700615,trend_defensive__trend
2020-09-30,801980.SI,0.2,0.05672748369372793,trend_defensive__trend
2020-09-30,801210.SI,0.2,-0.09195713520137616,trend_defensive__trend
2020-09-30,801730.SI,0.2,0.064989036648045,trend_defensive__trend
2020-09-30,801150.SI,0.2,0.023375507098952086,trend_defensive__trend
2020-10-31,801730.SI,0.2,0.01567640880786869,trend_defensive__trend
2020-10-31,801880.SI,0.2,0.08008455735505793,trend_defensive__trend
2020-10-31,801120.SI,0.2,0.02299268128675447,trend_defensive__trend
2020-10-31,801210.SI,0.2,0.015808833012623813,trend_defensive__trend
2020-10-31,801890.SI,0.2,0.04821437395435524,trend_defensive__trend
2020-11-30,801880.SI,0.2,-0.004273727911804248,trend_defensive__trend
2020-11-30,801730.SI,0.2,0.19937051313788579,trend_defensive__trend
2020-11-30,801890.SI,0.2,0.03494534948716721,trend_defensive__trend
2020-11-30,801110.SI,0.2,0.043044332153597376,trend_defensive__trend
2020-11-30,801120.SI,0.2,0.17986788868336068,trend_defensive__trend
2020-12-31,801880.SI,0.2,0.025444097964332002,trend_defensive__trend
2020-12-31,801110.SI,0.2,-0.03096790137501093,trend_defensive__trend
2020-12-31,801730.SI,0.2,0.05746197802716235,trend_defensive__trend
2020-12-31,801890.SI,0.2,0.013782063795728883,trend_defensive__trend
2020-12-31,801120.SI,0.2,0.014308329380036122,trend_defensive__trend
2021-01-31,801880.SI,0.2,-0.051590176033238455,trend_defensive__trend
2021-01-31,801890.SI,0.2,0.014506149066728202,trend_defensive__trend
2021-01-31,801730.SI,0.2,-0.060330030058499684,trend_defensive__trend
2021-01-31,801110.SI,0.2,-0.015302750770905926,trend_defensive__trend
2021-01-31,801120.SI,0.2,-0.05046059382939616,trend_defensive__trend
2021-02-28,801890.SI,0.2,-0.02528217846839098,trend_defensive__trend
2021-02-28,801880.SI,0.2,-0.059128589596250336,trend_defensive__trend
2021-02-28,801030.SI,0.2,-0.06490127575281246,trend_defensive__trend
2021-02-28,801730.SI,0.2,-0.046533269079661155,trend_defensive__trend
2021-02-28,801110.SI,0.2,-0.03301329288120691,trend_defensive__trend
2021-03-31,801030.SI,0.2,0.03648138779983978,trend_defensive__trend
2021-03-31,801980.SI,0.2,0.22819569689790864,trend_defensive__trend
2021-03-31,801890.SI,0.2,-0.013812800207711251,trend_defensive__trend
2021-03-31,801730.SI,0.2,0.06870495088946704,trend_defensive__trend
2021-03-31,801140.SI,0.2,0.01775000631351853,trend_defensive__trend
2021-04-30,801030.SI,0.2,0.06929651077070131,trend_defensive__trend
2021-04-30,801890.SI,0.2,0.024142379485559307,trend_defensive__trend
2021-04-30,801040.SI,0.2,-0.008843745118366275,trend_defensive__trend
2021-04-30,801140.SI,0.2,0.008379917973222462,trend_defensive__trend
2021-04-30,801210.SI,0.2,0.033481929687072975,trend_defensive__trend
2021-05-31,801040.SI,0.2,-0.009316670069525745,trend_defensive__trend
2021-05-31,801030.SI,0.2,0.05371075641519396,trend_defensive__trend
2021-05-31,801140.SI,0.2,-0.030460475204505344,trend_defensive__trend
2021-05-31,801210.SI,0.2,-0.08669822587050569,trend_defensive__trend
2021-05-31,801890.SI,0.2,0.023239074550128525,trend_defensive__trend
2021-06-30,801040.SI,0.2,0.1759154807358556,trend_defensive__trend
2021-06-30,801030.SI,0.2,0.05127979514253167,trend_defensive__trend
2021-06-30,801210.SI,0.2,-0.19737708969719914,trend_defensive__trend
2021-06-30,801140.SI,0.2,-0.071217757666732,trend_defensive__trend
2021-06-30,801710.SI,0.2,-0.058214393371799344,trend_defensive__trend
2021-07-31,801950.SI,0.2,0.27566168903042887,trend_defensive__trend
2021-07-31,801030.SI,0.2,0.12462121537286142,trend_defensive__trend
2021-07-31,801040.SI,0.2,0.175641853457553,trend_defensive__trend
2021-07-31,801230.SI,0.2,0.10550428282887858,trend_defensive__trend
2021-07-31,801730.SI,0.2,0.053703526869399054,trend_defensive__trend
2021-08-31,801730.SI,0.2,-0.03014095661083649,trend_defensive__trend
2021-08-31,801230.SI,0.2,-0.12149055981009582,trend_defensive__trend
2021-08-31,801030.SI,0.2,-0.03830865613425105,trend_defensive__trend
2021-08-31,801890.SI,0.2,-0.06572825553656925,trend_defensive__trend
2021-08-31,801040.SI,0.2,-0.13403809035605752,trend_defensive__trend
2021-09-30,801730.SI,0.2,0.11700718983573899,trend_defensive__trend
2021-09-30,801030.SI,0.2,-0.003651097908952683,trend_defensive__trend
2021-09-30,801960.SI,0.2,-0.09147730679297317,trend_defensive__trend
2021-09-30,801890.SI,0.2,-0.013551362379727871,trend_defensive__trend
2021-09-30,801040.SI,0.2,-0.1168333816565188,trend_defensive__trend
2021-10-31,801730.SI,0.2,0.03347142223022748,trend_defensive__trend
2021-10-31,801030.SI,0.2,-0.0034892196654970897,trend_defensive__trend
2021-10-31,801960.SI,0.2,-0.04382310725421934,trend_defensive__trend
2021-10-31,801890.SI,0.2,0.07507603062029977,trend_defensive__trend
2021-10-31,801950.SI,0.2,-0.04184496502567925,trend_defensive__trend
2021-11-30,801030.SI,0.2,0.0005555933057002083,trend_defensive__trend
2021-11-30,801730.SI,0.2,-0.08579218674913602,trend_defensive__trend
2021-11-30,801890.SI,0.2,0.004428254311571456,trend_defensive__trend
2021-11-30,801960.SI,0.2,0.04772524339270223,trend_defensive__trend
2021-11-30,801880.SI,0.2,-0.04797536338719266,trend_defensive__trend
2021-12-31,801030.SI,0.2,-0.1058976038861944,trend_defensive__trend
2021-12-31,801730.SI,0.2,-0.1081864931198937,trend_defensive__trend
2021-12-31,801880.SI,0.2,-0.11613914873643838,trend_defensive__trend
2021-12-31,801890.SI,0.2,-0.11792506290092264,trend_defensive__trend
2021-12-31,801970.SI,0.2,-0.10202034737939192,trend_defensive__trend
2022-01-31,801720.SI,0.1,0.040313307760944106,trend_defensive__trend
2022-01-31,801160.SI,0.1,0.07892452953618712,trend_defensive__trend
2022-01-31,801970.SI,0.1,0.0770485912141492,trend_defensive__trend
2022-01-31,801170.SI,0.1,0.02799470131836257,trend_defensive__trend
2022-01-31,801010.SI,0.1,0.0075964418446730075,trend_defensive__trend
2022-02-28,801720.SI,0.1,-0.019815462427106634,trend_defensive__trend
2022-02-28,801170.SI,0.1,-0.07208777183250692,trend_defensive__trend
2022-02-28,801770.SI,0.1,-0.08199090990952551,trend_defensive__trend
2022-02-28,801010.SI,0.1,0.029415630356908196,trend_defensive__trend
2022-02-28,801750.SI,0.1,-0.11588902616174845,trend_defensive__trend
2022-03-31,801720.SI,0.1,-0.02973771453057006,trend_defensive__trend
2022-03-31,801230.SI,0.1,-0.12677583238267986,trend_defensive__trend
2022-03-31,801010.SI,0.1,-0.12757594032348318,trend_defensive__trend
2022-03-31,801170.SI,0.1,-0.01737424502931728,trend_defensive__trend
2022-03-31,801770.SI,0.1,-0.1228865404571009,trend_defensive__trend
2022-04-30,801720.SI,0.1,0.016563464613782664,trend_defensive__trend
2022-04-30,801950.SI,0.1,0.09727050817368155,trend_defensive__trend
2022-04-30,801180.SI,0.1,-0.05912666206051753,trend_defensive__trend
2022-04-30,801170.SI,0.1,0.06952339505314309,trend_defensive__trend
2022-04-30,801230.SI,0.1,0.04479913014548953,trend_defensive__trend
2022-05-31,801720.SI,0.1,-0.0016051217560307807,trend_defensive__trend
2022-05-31,801950.SI,0.1,0.015829144115513172,trend_defensive__trend
2022-05-31,801170.SI,0.1,0.01982926778111027,trend_defensive__trend
2022-05-31,801180.SI,0.1,0.05611459575941802,trend_defensive__trend
2022-05-31,801230.SI,0.1,0.043988816402609654,trend_defensive__trend
2022-06-30,801720.SI,0.2,-0.028150821714515883,trend_defensive__trend
2022-06-30,801170.SI,0.2,-0.04900210602520649,trend_defensive__trend
2022-06-30,801950.SI,0.2,-0.07932500118504004,trend_defensive__trend
2022-06-30,801010.SI,0.2,0.035638420065967846,trend_defensive__trend
2022-06-30,801180.SI,0.2,-0.06252751690486813,trend_defensive__trend
2022-07-31,801170.SI,0.1,0.011163543094909745,trend_defensive__trend
2022-07-31,801720.SI,0.1,-0.022641367153993563,trend_defensive__trend
2022-07-31,801950.SI,0.1,0.07851913380448483,trend_defensive__trend
2022-07-31,801010.SI,0.1,0.00520315585094866,trend_defensive__trend
2022-07-31,801200.SI,0.1,-0.017003399955053955,trend_defensive__trend
2022-08-31,801010.SI,0.1,-0.10378327426082179,trend_defensive__trend
2022-08-31,801950.SI,0.1,0.016902224244873754,trend_defensive__trend
2022-08-31,801170.SI,0.1,-0.026708871588673078,trend_defensive__trend
2022-08-31,801980.SI,0.1,-0.0795709610784181,trend_defensive__trend
2022-08-31,801160.SI,0.1,-0.07830832310377378,trend_defensive__trend
2022-09-30,801950.SI,0.1,-0.1258223015053359,trend_defensive__trend
2022-09-30,801170.SI,0.1,-0.034122072990647734,trend_defensive__trend
2022-09-30,801160.SI,0.1,-0.0343107720603224,trend_defensive__trend
2022-09-30,801120.SI,0.1,-0.22138912887662965,trend_defensive__trend
2022-09-30,801980.SI,0.1,-0.06831678281337239,trend_defensive__trend
2022-10-31,801230.SI,0.1,0.09823107367982087,trend_defensive__trend
2022-10-31,801170.SI,0.1,0.08145259632710267,trend_defensive__trend
2022-10-31,801770.SI,0.1,0.011734847325626241,trend_defensive__trend
2022-10-31,801160.SI,0.1,0.08148311465335656,trend_defensive__trend
2022-10-31,801950.SI,0.1,0.073430328719847,trend_defensive__trend
2022-11-30,801230.SI,0.1,0.022748538804735485,trend_defensive__trend
2022-11-30,801770.SI,0.1,-0.041289212234999595,trend_defensive__trend
2022-11-30,801170.SI,0.1,-0.004939559815376637,trend_defensive__trend
2022-11-30,801160.SI,0.1,-0.04637746537522269,trend_defensive__trend
2022-11-30,801740.SI,0.1,-0.04634607565362758,trend_defensive__trend
2019-01-31,801720.SI,0.16397130739193774,0.14399025536834986,trend_defensive__vol_target
2019-01-31,801010.SI,0.16397130739193774,0.21977167902555883,trend_defensive__vol_target
2019-01-31,801160.SI,0.16397130739193774,0.15199591426547387,trend_defensive__vol_target
2019-01-31,801770.SI,0.16397130739193774,0.27865826323145493,trend_defensive__vol_target
2019-01-31,801180.SI,0.16397130739193774,0.13690504045078056,trend_defensive__vol_target
2019-02-28,801010.SI,0.08920042031173513,0.17539736425201502,trend_defensive__vol_target
2019-02-28,801110.SI,0.08920042031173513,0.07761313796578961,trend_defensive__vol_target
2019-02-28,801180.SI,0.08920042031173513,0.11857409882425873,trend_defensive__vol_target
2019-02-28,801720.SI,0.08920042031173513,0.049969013721306466,trend_defensive__vol_target
2019-02-28,801730.SI,0.08920042031173513,0.07486616000898505,trend_defensive__vol_target
2019-03-31,801010.SI,0.08534904231971954,0.05821731145210007,trend_defensive__vol_target
2019-03-31,801180.SI,0.08534904231971954,-0.03965245925768801,trend_defensive__vol_target
2019-03-31,801110.SI,0.08534904231971954,0.05268949738098838,trend_defensive__vol_target
2019-03-31,801720.SI,0.08534904231971954,-0.04996771548428747,trend_defensive__vol_target
2019-03-31,801950.SI,0.08534904231971954,0.0416054821341163,trend_defensive__vol_target
2019-04-30,801120.SI,0.10275072955796258,-0.04343478450722671,trend_defensive__vol_target
2019-04-30,801010.SI,0.10275072955796258,-0.017263242757527997,trend_defensive__vol_target
2019-04-30,801110.SI,0.10275072955796258,-0.06314007532940569,trend_defensive__vol_target
2019-04-30,801180.SI,0.10275072955796258,-0.07454188924200422,trend_defensive__vol_target
2019-04-30,801710.SI,0.10275072955796258,-0.0404388209752472,trend_defensive__vol_target
2019-05-31,801120.SI,0.09125944612388598,0.10231455486929941,trend_defensive__vol_target
2019-05-31,801110.SI,0.09125944612388598,0.03969926048158512,trend_defensive__vol_target
2019-05-31,801010.SI,0.09125944612388598,-0.08030968535830874,trend_defensive__vol_target
2019-05-31,801710.SI,0.09125944612388598,0.033276038695818855,trend_defensive__vol_target
2019-05-31,801170.SI,0.09125944612388598,0.02484767946242772,trend_defensive__vol_target
2019-06-30,801120.SI,0.09599882870375992,-0.0273049532804458,trend_defensive__vol_target
2019-06-30,801110.SI,0.09599882870375992,0.009354415052569953,trend_defensive__vol_target
2019-06-30,801710.SI,0.09599882870375992,-0.036932688863697605,trend_defensive__vol_target
2019-06-30,801010.SI,0.09599882870375992,0.0730661066924354,trend_defensive__vol_target
2019-06-30,801170.SI,0.09599882870375992,-0.012024759015511144,trend_defensive__vol_target
2019-07-31,801120.SI,0.09430097816011039,0.08993278208922595,trend_defensive__vol_target
2019-07-31,801110.SI,0.09430097816011039,-0.017530193709728303,trend_defensive__vol_target
2019-07-31,801010.SI,0.09430097816011039,0.0082519634131204,trend_defensive__vol_target
2019-07-31,801710.SI,0.09430097816011039,-0.0350670015144835,trend_defensive__vol_target
2019-07-31,801170.SI,0.09430097816011039,-0.032683299283930545,trend_defensive__vol_target
2019-08-31,801110.SI,0.16744930226965357,0.0022028740714929995,trend_defensive__vol_target
2019-08-31,801740.SI,0.16744930226965357,-0.06933927973404552,trend_defensive__vol_target
2019-08-31,801170.SI,0.16744930226965357,-0.007116769635116316,trend_defensive__vol_target
2019-08-31,801120.SI,0.16744930226965357,-0.022492267448938508,trend_defensive__vol_target
2019-08-31,801210.SI,0.16744930226965357,-0.013931218860128713,trend_defensive__vol_target
2019-09-30,801110.SI,0.2,0.04803849207927646,trend_defensive__vol_target
2019-09-30,801120.SI,0.2,0.016584859040020383,trend_defensive__vol_target
2019-09-30,801170.SI,0.2,-0.01017584268697247,trend_defensive__vol_target
2019-09-30,801210.SI,0.2,-0.01914137405784322,trend_defensive__vol_target
2019-09-30,801980.SI,0.2,0.024409586663207472,trend_defensive__vol_target
2019-10-31,801980.SI,0.2,-0.05938355741316481,trend_defensive__vol_target
2019-10-31,801750.SI,0.2,-0.028640200622467193,trend_defensive__vol_target
2019-10-31,801730.SI,0.2,0.01612293454043212,trend_defensive__vol_target
2019-10-31,801210.SI,0.2,-0.044744089739466086,trend_defensive__vol_target
2019-10-31,801120.SI,0.2,-0.025714233303109513,trend_defensive__vol_target
2019-11-30,801080.SI,0.2,0.10540476152661094,trend_defensive__vol_target
2019-11-30,801750.SI,0.2,0.07681775118194456,trend_defensive__vol_target
2019-11-30,801110.SI,0.2,0.10758594375108554,trend_defensive__vol_target
2019-11-30,801980.SI,0.2,0.06142086645886602,trend_defensive__vol_target
2019-11-30,801120.SI,0.2,0.04601040115873256,trend_defensive__vol_target
2019-12-31,801080.SI,0.2,0.13541169776837791,trend_defensive__vol_target
2019-12-31,801150.SI,0.2,0.0467287615020362,trend_defensive__vol_target
2019-12-31,801750.SI,0.2,0.07733589642594163,trend_defensive__vol_target
2019-12-31,801120.SI,0.2,-0.058685391683798604,trend_defensive__vol_target
2019-12-31,801110.SI,0.2,-0.026310377096551818,trend_defensive__vol_target
2020-01-31,801150.SI,0.2,0.02340718996588853,trend_defensive__vol_target
2020-01-31,801750.SI,0.2,0.1061495695162249,trend_defensive__vol_target
2020-01-31,801080.SI,0.2,0.054112537678331574,trend_defensive__vol_target
2020-01-31,801120.SI,0.2,-0.02401867952580017,trend_defensive__vol_target
2020-01-31,801230.SI,0.2,0.031828165822755494,trend_defensive__vol_target
2020-02-29,801150.SI,0.2,0.011841167883211545,trend_defensive__vol_target
2020-02-29,801080.SI,0.2,-0.20437596938310032,trend_defensive__vol_target
2020-02-29,801730.SI,0.2,-0.0805549124025623,trend_defensive__vol_target
2020-02-29,801230.SI,0.2,-0.07340300621140283,trend_defensive__vol_target
2020-02-29,801750.SI,0.2,-0.12811190368838843,trend_defensive__vol_target
2020-03-31,801150.SI,0.2,0.05433009883551154,trend_defensive__vol_target
2020-03-31,801980.SI,0.2,0.09464844806169359,trend_defensive__vol_target
2020-03-31,801710.SI,0.2,0.08592362240704676,trend_defensive__vol_target
2020-03-31,801750.SI,0.2,0.0755829525273295,trend_defensive__vol_target
2020-03-31,801080.SI,0.2,0.11424079377389651,trend_defensive__vol_target
2020-04-30,801150.SI,0.19054858773006775,0.0502430319882643,trend_defensive__vol_target
2020-04-30,801710.SI,0.19054858773006775,-0.016152427675268255,trend_defensive__vol_target
2020-04-30,801980.SI,0.19054858773006775,0.16822384741776464,trend_defensive__vol_target
2020-04-30,801080.SI,0.19054858773006775,-0.015388531995796817,trend_defensive__vol_target
2020-04-30,801230.SI,0.19054858773006775,0.0061006081750034635,trend_defensive__vol_target
2020-05-31,801150.SI,0.19761127371957907,0.1687925741774423,trend_defensive__vol_target
2020-05-31,801980.SI,0.19761127371957907,0.12149584258352752,trend_defensive__vol_target
2020-05-31,801710.SI,0.19761127371957907,-0.01119322917655019,trend_defensive__vol_target
2020-05-31,801080.SI,0.19761127371957907,0.19160564867942598,trend_defensive__vol_target
2020-05-31,801120.SI,0.19761127371957907,0.08590427610232187,trend_defensive__vol_target
2020-06-30,801150.SI,0.2,0.15620086561246138,trend_defensive__vol_target
2020-06-30,801980.SI,0.2,0.07610780504598424,trend_defensive__vol_target
2020-06-30,801710.SI,0.2,0.23918900365964002,trend_defensive__vol_target
2020-06-30,801120.SI,0.2,0.17286250878024578,trend_defensive__vol_target
2020-06-30,801010.SI,0.2,0.16230470667886343,trend_defensive__vol_target
2020-07-31,801980.SI,0.13583295209328558,-0.021900525328234832,trend_defensive__vol_target
2020-07-31,801150.SI,0.13583295209328558,-0.027681337948046725,trend_defensive__vol_target
2020-07-31,801120.SI,0.13583295209328558,0.12040826126159776,trend_defensive__vol_target
2020-07-31,801200.SI,0.13583295209328558,-0.0515296781653497,trend_defensive__vol_target
2020-07-31,801010.SI,0.13583295209328558,0.05015885155550026,trend_defensive__vol_target
2020-08-31,801120.SI,0.1385403395584752,-0.09181520053461079,trend_defensive__vol_target
2020-08-31,801980.SI,0.1385403395584752,-0.08720911367037587,trend_defensive__vol_target
2020-08-31,801150.SI,0.1385403395584752,-0.08443325352664632,trend_defensive__vol_target
2020-08-31,801200.SI,0.1385403395584752,-0.08170594495198469,trend_defensive__vol_target
2020-08-31,801210.SI,0.1385403395584752,0.03138340944536444,trend_defensive__vol_target
2020-09-30,801120.SI,0.12981340934077137,0.041639557579700615,trend_defensive__vol_target
2020-09-30,801980.SI,0.12981340934077137,0.05672748369372793,trend_defensive__vol_target
2020-09-30,801210.SI,0.12981340934077137,-0.09195713520137616,trend_defensive__vol_target
2020-09-30,801730.SI,0.12981340934077137,0.064989036648045,trend_defensive__vol_target
2020-09-30,801150.SI,0.12981340934077137,0.023375507098952086,trend_defensive__vol_target
2020-10-31,801730.SI,0.12802445908687174,0.01567640880786869,trend_defensive__vol_target
2020-10-31,801880.SI,0.12802445908687174,0.08008455735505793,trend_defensive__vol_target
2020-10-31,801120.SI,0.12802445908687174,0.02299268128675447,trend_defensive__vol_target
2020-10-31,801210.SI,0.12802445908687174,0.015808833012623813,trend_defensive__vol_target
2020-10-31,801890.SI,0.12802445908687174,0.04821437395435524,trend_defensive__vol_target
2020-11-30,801880.SI,0.12887963173552902,-0.004273727911804248,trend_defensive__vol_target
2020-11-30,801730.SI,0.12887963173552902,0.19937051313788579,trend_defensive__vol_target
2020-11-30,801890.SI,0.12887963173552902,0.03494534948716721,trend_defensive__vol_target
2020-11-30,801110.SI,0.12887963173552902,0.043044332153597376,trend_defensive__vol_target
2020-11-30,801120.SI,0.12887963173552902,0.17986788868336068,trend_defensive__vol_target
2020-12-31,801880.SI,0.13249745975100496,0.025444097964332002,trend_defensive__vol_target
2020-12-31,801110.SI,0.13249745975100496,-0.03096790137501093,trend_defensive__vol_target
2020-12-31,801730.SI,0.13249745975100496,0.05746197802716235,trend_defensive__vol_target
2020-12-31,801890.SI,0.13249745975100496,0.013782063795728883,trend_defensive__vol_target
2020-12-31,801120.SI,0.13249745975100496,0.014308329380036122,trend_defensive__vol_target
2021-01-31,801880.SI,0.2,-0.051590176033238455,trend_defensive__vol_target
2021-01-31,801890.SI,0.2,0.014506149066728202,trend_defensive__vol_target
2021-01-31,801730.SI,0.2,-0.060330030058499684,trend_defensive__vol_target
2021-01-31,801110.SI,0.2,-0.015302750770905926,trend_defensive__vol_target
2021-01-31,801120.SI,0.2,-0.05046059382939616,trend_defensive__vol_target
2021-02-28,801890.SI,0.2,-0.02528217846839098,trend_defensive__vol_target
2021-02-28,801880.SI,0.2,-0.059128589596250336,trend_defensive__vol_target
2021-02-28,801030.SI,0.2,-0.06490127575281246,trend_defensive__vol_target
2021-02-28,801730.SI,0.2,-0.046533269079661155,trend_defensive__vol_target
2021-02-28,801110.SI,0.2,-0.03301329288120691,trend_defensive__vol_target
2021-03-31,801030.SI,0.2,0.03648138779983978,trend_defensive__vol_target
2021-03-31,801980.SI,0.2,0.22819569689790864,trend_defensive__vol_target
2021-03-31,801890.SI,0.2,-0.013812800207711251,trend_defensive__vol_target
2021-03-31,801730.SI,0.2,0.06870495088946704,trend_defensive__vol_target
2021-03-31,801140.SI,0.2,0.01775000631351853,trend_defensive__vol_target
2021-04-30,801030.SI,0.2,0.06929651077070131,trend_defensive__vol_target
2021-04-30,801890.SI,0.2,0.024142379485559307,trend_defensive__vol_target
2021-04-30,801040.SI,0.2,-0.008843745118366275,trend_defensive__vol_target
2021-04-30,801140.SI,0.2,0.008379917973222462,trend_defensive__vol_target
2021-04-30,801210.SI,0.2,0.033481929687072975,trend_defensive__vol_target
2021-05-31,801040.SI,0.2,-0.009316670069525745,trend_defensive__vol_target
2021-05-31,801030.SI,0.2,0.05371075641519396,trend_defensive__vol_target
2021-05-31,801140.SI,0.2,-0.030460475204505344,trend_defensive__vol_target
2021-05-31,801210.SI,0.2,-0.08669822587050569,trend_defensive__vol_target
2021-05-31,801890.SI,0.2,0.023239074550128525,trend_defensive__vol_target
2021-06-30,801040.SI,0.2,0.1759154807358556,trend_defensive__vol_target
2021-06-30,801030.SI,0.2,0.05127979514253167,trend_defensive__vol_target
2021-06-30,801210.SI,0.2,-0.19737708969719914,trend_defensive__vol_target
2021-06-30,801140.SI,0.2,-0.071217757666732,trend_defensive__vol_target
2021-06-30,801710.SI,0.2,-0.058214393371799344,trend_defensive__vol_target
2021-07-31,801950.SI,0.2,0.27566168903042887,trend_defensive__vol_target
2021-07-31,801030.SI,0.2,0.12462121537286142,trend_defensive__vol_target
2021-07-31,801040.SI,0.2,0.175641853457553,trend_defensive__vol_target
2021-07-31,801230.SI,0.2,0.10550428282887858,trend_defensive__vol_target
2021-07-31,801730.SI,0.2,0.053703526869399054,trend_defensive__vol_target
2021-08-31,801730.SI,0.2,-0.03014095661083649,trend_defensive__vol_target
2021-08-31,801230.SI,0.2,-0.12149055981009582,trend_defensive__vol_target
2021-08-31,801030.SI,0.2,-0.03830865613425105,trend_defensive__vol_target
2021-08-31,801890.SI,0.2,-0.06572825553656925,trend_defensive__vol_target
2021-08-31,801040.SI,0.2,-0.13403809035605752,trend_defensive__vol_target
2021-09-30,801730.SI,0.2,0.11700718983573899,trend_defensive__vol_target
2021-09-30,801030.SI,0.2,-0.003651097908952683,trend_defensive__vol_target
2021-09-30,801960.SI,0.2,-0.09147730679297317,trend_defensive__vol_target
2021-09-30,801890.SI,0.2,-0.013551362379727871,trend_defensive__vol_target
2021-09-30,801040.SI,0.2,-0.1168333816565188,trend_defensive__vol_target
2021-10-31,801730.SI,0.2,0.03347142223022748,trend_defensive__vol_target
2021-10-31,801030.SI,0.2,-0.0034892196654970897,trend_defensive__vol_target
2021-10-31,801960.SI,0.2,-0.04382310725421934,trend_defensive__vol_target
2021-10-31,801890.SI,0.2,0.07507603062029977,trend_defensive__vol_target
2021-10-31,801950.SI,0.2,-0.04184496502567925,trend_defensive__vol_target
2021-11-30,801030.SI,0.2,0.0005555933057002083,trend_defensive__vol_target
2021-11-30,801730.SI,0.2,-0.08579218674913602,trend_defensive__vol_target
2021-11-30,801890.SI,0.2,0.004428254311571456,trend_defensive__vol_target
2021-11-30,801960.SI,0.2,0.04772524339270223,trend_defensive__vol_target
2021-11-30,801880.SI,0.2,-0.04797536338719266,trend_defensive__vol_target
2021-12-31,801030.SI,0.2,-0.1058976038861944,trend_defensive__vol_target
2021-12-31,801730.SI,0.2,-0.1081864931198937,trend_defensive__vol_target
2021-12-31,801880.SI,0.2,-0.11613914873643838,trend_defensive__vol_target
2021-12-31,801890.SI,0.2,-0.11792506290092264,trend_defensive__vol_target
2021-12-31,801970.SI,0.2,-0.10202034737939192,trend_defensive__vol_target
2022-01-31,801720.SI,0.16781090124645964,0.040313307760944106,trend_defensive__vol_target
2022-01-31,801160.SI,0.16781090124645964,0.07892452953618712,trend_defensive__vol_target
2022-01-31,801970.SI,0.16781090124645964,0.0770485912141492,trend_defensive__vol_target
2022-01-31,801170.SI,0.16781090124645964,0.02799470131836257,trend_defensive__vol_target
2022-01-31,801010.SI,0.16781090124645964,0.0075964418446730075,trend_defensive__vol_target
2022-02-28,801720.SI,0.17966022354069944,-0.019815462427106634,trend_defensive__vol_target
2022-02-28,801170.SI,0.17966022354069944,-0.07208777183250692,trend_defensive__vol_target
2022-02-28,801770.SI,0.17966022354069944,-0.08199090990952551,trend_defensive__vol_target
2022-02-28,801010.SI,0.17966022354069944,0.029415630356908196,trend_defensive__vol_target
2022-02-28,801750.SI,0.17966022354069944,-0.11588902616174845,trend_defensive__vol_target
2022-03-31,801720.SI,0.15797096127312993,-0.02973771453057006,trend_defensive__vol_target
2022-03-31,801230.SI,0.15797096127312993,-0.12677583238267986,trend_defensive__vol_target
2022-03-31,801010.SI,0.15797096127312993,-0.12757594032348318,trend_defensive__vol_target
2022-03-31,801170.SI,0.15797096127312993,-0.01737424502931728,trend_defensive__vol_target
2022-03-31,801770.SI,0.15797096127312993,-0.1228865404571009,trend_defensive__vol_target
2022-04-30,801720.SI,0.1363209426279144,0.016563464613782664,trend_defensive__vol_target
2022-04-30,801950.SI,0.1363209426279144,0.09727050817368155,trend_defensive__vol_target
2022-04-30,801180.SI,0.1363209426279144,-0.05912666206051753,trend_defensive__vol_target
2022-04-30,801170.SI,0.1363209426279144,0.06952339505314309,trend_defensive__vol_target
2022-04-30,801230.SI,0.1363209426279144,0.04479913014548953,trend_defensive__vol_target
2022-05-31,801720.SI,0.12103763990016927,-0.0016051217560307807,trend_defensive__vol_target
2022-05-31,801950.SI,0.12103763990016927,0.015829144115513172,trend_defensive__vol_target
2022-05-31,801170.SI,0.12103763990016927,0.01982926778111027,trend_defensive__vol_target
2022-05-31,801180.SI,0.12103763990016927,0.05611459575941802,trend_defensive__vol_target
2022-05-31,801230.SI,0.12103763990016927,0.043988816402609654,trend_defensive__vol_target
2022-06-30,801720.SI,0.1108739102235933,-0.028150821714515883,trend_defensive__vol_target
2022-06-30,801170.SI,0.1108739102235933,-0.04900210602520649,trend_defensive__vol_target
2022-06-30,801950.SI,0.1108739102235933,-0.07932500118504004,trend_defensive__vol_target
2022-06-30,801010.SI,0.1108739102235933,0.035638420065967846,trend_defensive__vol_target
2022-06-30,801180.SI,0.1108739102235933,-0.06252751690486813,trend_defensive__vol_target
2022-07-31,801170.SI,0.12540285478190824,0.011163543094909745,trend_defensive__vol_target
2022-07-31,801720.SI,0.12540285478190824,-0.022641367153993563,trend_defensive__vol_target
2022-07-31,801950.SI,0.12540285478190824,0.07851913380448483,trend_defensive__vol_target
2022-07-31,801010.SI,0.12540285478190824,0.00520315585094866,trend_defensive__vol_target
2022-07-31,801200.SI,0.12540285478190824,-0.017003399955053955,trend_defensive__vol_target
2022-08-31,801010.SI,0.13030820012369454,-0.10378327426082179,trend_defensive__vol_target
2022-08-31,801950.SI,0.13030820012369454,0.016902224244873754,trend_defensive__vol_target
2022-08-31,801170.SI,0.13030820012369454,-0.026708871588673078,trend_defensive__vol_target
2022-08-31,801980.SI,0.13030820012369454,-0.0795709610784181,trend_defensive__vol_target
2022-08-31,801160.SI,0.13030820012369454,-0.07830832310377378,trend_defensive__vol_target
2022-09-30,801950.SI,0.12778064919188917,-0.1258223015053359,trend_defensive__vol_target
2022-09-30,801170.SI,0.12778064919188917,-0.034122072990647734,trend_defensive__vol_target
2022-09-30,801160.SI,0.12778064919188917,-0.0343107720603224,trend_defensive__vol_target
2022-09-30,801120.SI,0.12778064919188917,-0.22138912887662965,trend_defensive__vol_target
2022-09-30,801980.SI,0.12778064919188917,-0.06831678281337239,trend_defensive__vol_target
2022-10-31,801230.SI,0.15018870660028677,0.09823107367982087,trend_defensive__vol_target
2022-10-31,801170.SI,0.15018870660028677,0.08145259632710267,trend_defensive__vol_target
2022-10-31,801770.SI,0.15018870660028677,0.011734847325626241,trend_defensive__vol_target
2022-10-31,801160.SI,0.15018870660028677,0.08148311465335656,trend_defensive__vol_target
2022-10-31,801950.SI,0.15018870660028677,0.073430328719847,trend_defensive__vol_target
2022-11-30,801230.SI,0.13336772671962496,0.022748538804735485,trend_defensive__vol_target
2022-11-30,801770.SI,0.13336772671962496,-0.041289212234999595,trend_defensive__vol_target
2022-11-30,801170.SI,0.13336772671962496,-0.004939559815376637,trend_defensive__vol_target
2022-11-30,801160.SI,0.13336772671962496,-0.04637746537522269,trend_defensive__vol_target
2022-11-30,801740.SI,0.13336772671962496,-0.04634607565362758,trend_defensive__vol_target
2019-01-31,801960.SI,0.2,0.12861591970811226,ridge_price
2019-01-31,801880.SI,0.2,0.15702613176297398,ridge_price
2019-01-31,801170.SI,0.2,0.15337160232732683,ridge_price
2019-01-31,801030.SI,0.2,0.1793120172773528,ridge_price
2019-01-31,801720.SI,0.2,0.14399025536834986,ridge_price
2019-02-28,801030.SI,0.2,0.09610422866365864,ridge_price
2019-02-28,801960.SI,0.2,0.05106526544773371,ridge_price
2019-02-28,801890.SI,0.2,0.09378740933737073,ridge_price
2019-02-28,801740.SI,0.2,0.10793159048499001,ridge_price
2019-02-28,801880.SI,0.2,0.03894848010586438,ridge_price
2019-03-31,801890.SI,0.2,-0.04706147445337716,ridge_price
2019-03-31,801740.SI,0.2,-0.07316714223810183,ridge_price
2019-03-31,801180.SI,0.2,-0.03965245925768801,ridge_price
2019-03-31,801750.SI,0.2,-0.07320660468988494,ridge_price
2019-03-31,801170.SI,0.2,0.009729886726691728,ridge_price
2019-04-30,801180.SI,0.2,-0.07454188924200422,ridge_price
2019-04-30,801890.SI,0.2,-0.05659755943081535,ridge_price
2019-04-30,801750.SI,0.2,-0.05641225259753868,ridge_price
2019-04-30,801730.SI,0.2,-0.058315196077307285,ridge_price
2019-04-30,801740.SI,0.2,-0.01566690190543396,ridge_price
2019-05-31,801180.SI,0.2,0.009033166259942771,ridge_price
2019-05-31,801730.SI,0.2,-0.013667803214807539,ridge_price
2019-05-31,801890.SI,0.2,0.019755981846338422,ridge_price
2019-05-31,801740.SI,0.2,-0.0006183682248349642,ridge_price
2019-05-31,801750.SI,0.2,0.02264755204811708,ridge_price
2019-06-30,801180.SI,0.2,-0.015008194406563202,ridge_price
2019-06-30,801890.SI,0.2,-0.0039940308988763995,ridge_price
2019-06-30,801750.SI,0.2,-0.013502901321646998,ridge_price
2019-06-30,801730.SI,0.2,0.0064001896352485765,ridge_price
2019-06-30,801230.SI,0.2,-0.032190339407358604,ridge_price
2019-07-31,801230.SI,0.2,-0.01153701480386049,ridge_price
2019-07-31,801180.SI,0.2,-0.06717407232245898,ridge_price
2019-07-31,801750.SI,0.2,0.03136054586367942,ridge_price
2019-07-31,801140.SI,0.2,-0.015841886520558623,ridge_price
2019-07-31,801730.SI,0.2,-0.01401442661563379,ridge_price
2019-08-31,801180.SI,0.2,0.012871838518845324,ridge_price
2019-08-31,801140.SI,0.2,0.0008581776573204358,ridge_price
2019-08-31,801730.SI,0.2,0.014206157245662876,ridge_price
2019-08-31,801130.SI,0.2,0.007271927141193624,ridge_price
2019-08-31,801880.SI,0.2,-0.016156969024735512,ridge_price
2019-09-30,801880.SI,0.2,-0.014550705320448665,ridge_price
2019-09-30,801170.SI,0.2,-0.01017584268697247,ridge_price
2019-09-30,801110.SI,0.2,0.04803849207927646,ridge_price
2019-09-30,801950.SI,0.2,-0.028048918724888794,ridge_price
2019-09-30,801010.SI,0.2,0.1259784115697462,ridge_price
2019-10-31,801880.SI,0.2,0.01843440036068511,ridge_price
2019-10-31,801170.SI,0.2,-0.026803855170617452,ridge_price
2019-10-31,801200.SI,0.2,-0.04072784113288641,ridge_price
2019-10-31,801210.SI,0.2,-0.044744089739466086,ridge_price
2019-10-31,801120.SI,0.2,-0.025714233303109513,ridge_price
2019-11-30,801120.SI,0.2,0.04601040115873256,ridge_price
2019-11-30,801210.SI,0.2,0.08231749555872403,ridge_price
2019-11-30,801710.SI,0.2,0.14377078351474704,ridge_price
2019-11-30,801740.SI,0.2,0.05666094428653179,ridge_price
2019-11-30,801170.SI,0.2,0.06238680263733154,ridge_price
2019-12-31,801710.SI,0.2,-0.058900707929026686,ridge_price
2019-12-31,801120.SI,0.2,-0.058685391683798604,ridge_price
2019-12-31,801010.SI,0.2,-0.04006529427768202,ridge_price
2019-12-31,801740.SI,0.2,0.0316497838226546,ridge_price
2019-12-31,801110.SI,0.2,-0.026310377096551818,ridge_price
2020-01-31,801120.SI,0.2,-0.02401867952580017,ridge_price
2020-01-31,801710.SI,0.2,0.07158773483208791,ridge_price
2020-01-31,801740.SI,0.2,0.008536711300815902,ridge_price
2020-01-31,801730.SI,0.2,0.016738125390988845,ridge_price
2020-01-31,801110.SI,0.2,-0.031509909224846755,ridge_price
2020-02-29,801750.SI,0.2,-0.12811190368838843,ridge_price
2020-02-29,801980.SI,0.2,0.02172594441697484,ridge_price
2020-02-29,801730.SI,0.2,-0.0805549124025623,ridge_price
2020-02-29,801150.SI,0.2,0.011841167883211545,ridge_price
2020-02-29,801080.SI,0.2,-0.20437596938310032,ridge_price
2020-03-31,801080.SI,0.2,0.11424079377389651,ridge_price
2020-03-31,801750.SI,0.2,0.0755829525273295,ridge_price
2020-03-31,801980.SI,0.2,0.09464844806169359,ridge_price
2020-03-31,801150.SI,0.2,0.05433009883551154,ridge_price
2020-03-31,801730.SI,0.2,0.10000769451381153,ridge_price
2020-04-30,801080.SI,0.2,-0.015388531995796817,ridge_price
2020-04-30,801750.SI,0.2,-0.022566371681415953,ridge_price
2020-04-30,801760.SI,0.2,0.023830538393645018,ridge_price
2020-04-30,801150.SI,0.2,0.0502430319882643,ridge_price
2020-04-30,801710.SI,0.2,-0.016152427675268255,ridge_price
2020-05-31,801080.SI,0.2,0.19160564867942598,ridge_price
2020-05-31,801760.SI,0.2,0.16563413208649913,ridge_price
2020-05-31,801750.SI,0.2,0.1145726161570435,ridge_price
2020-05-31,801230.SI,0.2,0.06933796929767033,ridge_price
2020-05-31,801150.SI,0.2,0.1687925741774423,ridge_price
2020-06-30,801120.SI,0.2,0.17286250878024578,ridge_price
2020-06-30,801230.SI,0.2,0.12005205936871421,ridge_price
2020-06-30,801080.SI,0.2,0.10812694909894205,ridge_price
2020-06-30,801760.SI,0.2,0.07448355395106288,ridge_price
2020-06-30,801880.SI,0.2,0.1421973568506505,ridge_price
2020-07-31,801760.SI,0.2,0.02995870178958926,ridge_price
2020-07-31,801230.SI,0.2,0.02199556332820829,ridge_price
2020-07-31,801120.SI,0.2,0.12040826126159776,ridge_price
2020-07-31,801750.SI,0.2,-0.0026693271841901067,ridge_price
2020-07-31,801080.SI,0.2,-0.013417212611054996,ridge_price
2020-08-31,801120.SI,0.2,-0.09181520053461079,ridge_price
2020-08-31,801230.SI,0.2,-0.1074156167813215,ridge_price
2020-08-31,801890.SI,0.2,-0.04145865137324478,ridge_price
2020-08-31,801210.SI,0.2,0.03138340944536444,ridge_price
2020-08-31,801030.SI,0.2,-0.060199486233813215,ridge_price
2020-09-30,801120.SI,0.2,0.041639557579700615,ridge_price
2020-09-30,801980.SI,0.2,0.05672748369372793,ridge_price
2020-09-30,801230.SI,0.2,0.018965517241379404,ridge_price
2020-09-30,801210.SI,0.2,-0.09195713520137616,ridge_price
2020-09-30,801760.SI,0.2,-0.028560163623370438,ridge_price
2020-10-31,801210.SI,0.2,0.015808833012623813,ridge_price
2020-10-31,801150.SI,0.2,-0.0663055883876954,ridge_price
2020-10-31,801730.SI,0.2,0.01567640880786869,ridge_price
2020-10-31,801980.SI,0.2,-0.022053391571834058,ridge_price
2020-10-31,801230.SI,0.2,-0.00744585027485245,ridge_price
2020-11-30,801210.SI,0.2,0.24981336215258687,ridge_price
2020-11-30,801730.SI,0.2,0.19937051313788579,ridge_price
2020-11-30,801120.SI,0.2,0.17986788868336068,ridge_price
2020-11-30,801150.SI,0.2,0.09518135546650774,ridge_price
2020-11-30,801140.SI,0.2,-0.022162847772082106,ridge_price
2020-12-31,801210.SI,0.2,0.01187183811129855,ridge_price
2020-12-31,801030.SI,0.2,0.06650023567067498,ridge_price
2020-12-31,801230.SI,0.2,-0.0397298785371063,ridge_price
2020-12-31,801890.SI,0.2,0.013782063795728883,ridge_price
2020-12-31,801120.SI,0.2,0.014308329380036122,ridge_price
2021-01-31,801030.SI,0.2,0.04289755719031918,ridge_price
2021-01-31,801120.SI,0.2,-0.05046059382939616,ridge_price
2021-01-31,801890.SI,0.2,0.014506149066728202,ridge_price
2021-01-31,801210.SI,0.2,0.0686050648832246,ridge_price
2021-01-31,801880.SI,0.2,-0.051590176033238455,ridge_price
2021-02-28,801050.SI,0.2,-0.10210012382181999,ridge_price
2021-02-28,801030.SI,0.2,-0.06490127575281246,ridge_price
2021-02-28,801890.SI,0.2,-0.02528217846839098,ridge_price
2021-02-28,801210.SI,0.2,0.017528722241680228,ridge_price
2021-02-28,801960.SI,0.2,-0.09131141881465288,ridge_price
2021-03-31,801210.SI,0.2,0.013222545914387762,ridge_price
2021-03-31,801050.SI,0.2,0.09013414732895408,ridge_price
2021-03-31,801030.SI,0.2,0.03648138779983978,ridge_price
2021-03-31,801890.SI,0.2,-0.013812800207711251,ridge_price
2021-03-31,801120.SI,0.2,0.05978878414696531,ridge_price
2021-04-30,801050.SI,0.2,0.08420780156211327,ridge_price
2021-04-30,801040.SI,0.2,-0.008843745118366275,ridge_price
2021-04-30,801030.SI,0.2,0.06929651077070131,ridge_price
2021-04-30,801950.SI,0.2,0.038825662995768395,ridge_price
2021-04-30,801140.SI,0.2,0.008379917973222462,ridge_price
2021-05-31,801050.SI,0.2,-0.0438692827825885,ridge_price
2021-05-31,801030.SI,0.2,0.05371075641519396,ridge_price
2021-05-31,801730.SI,0.2,0.1354585982163523,ridge_price
2021-05-31,801210.SI,0.2,-0.08669822587050569,ridge_price
2021-05-31,801140.SI,0.2,-0.030460475204505344,ridge_price
2021-06-30,801030.SI,0.2,0.05127979514253167,ridge_price
2021-06-30,801960.SI,0.2,0.015531624318235293,ridge_price
2021-06-30,801730.SI,0.2,0.10720279653671394,ridge_price
2021-06-30,801950.SI,0.2,0.01661221387608447,ridge_price
2021-06-30,801050.SI,0.2,0.27401585061339695,ridge_price
2021-07-31,801030.SI,0.2,0.12462121537286142,ridge_price
2021-07-31,801950.SI,0.2,0.27566168903042887,ridge_price
2021-07-31,801730.SI,0.2,0.053703526869399054,ridge_price
2021-07-31,801960.SI,0.2,0.08502756018484825,ridge_price
2021-07-31,801050.SI,0.2,0.1799989092421279,ridge_price
2021-08-31,801030.SI,0.2,-0.03830865613425105,ridge_price
2021-08-31,801730.SI,0.2,-0.03014095661083649,ridge_price
2021-08-31,801050.SI,0.2,-0.18111045955728355,ridge_price
2021-08-31,801950.SI,0.2,0.0487915333122757,ridge_price
2021-08-31,801960.SI,0.2,0.05337448982008497,ridge_price
2021-09-30,801960.SI,0.2,-0.09147730679297317,ridge_price
2021-09-30,801030.SI,0.2,-0.003651097908952683,ridge_price
2021-09-30,801950.SI,0.2,-0.1528890533832622,ridge_price
2021-09-30,801210.SI,0.2,0.03277751962022113,ridge_price
2021-09-30,801730.SI,0.2,0.11700718983573899,ridge_price
2021-10-31,801730.SI,0.2,0.03347142223022748,ridge_price
2021-10-31,801080.SI,0.2,0.08530447760597637,ridge_price
2021-10-31,801210.SI,0.2,-0.1661897748428235,ridge_price
2021-10-31,801740.SI,0.2,0.12984384364010548,ridge_price
2021-10-31,801230.SI,0.2,-0.027302936861958393,ridge_price
2021-11-30,801740.SI,0.2,-0.010113090472377961,ridge_price
2021-11-30,801050.SI,0.2,-0.06215481550209623,ridge_price
2021-11-30,801080.SI,0.2,0.011380518364018322,ridge_price
2021-11-30,801730.SI,0.2,-0.08579218674913602,ridge_price
2021-11-30,801880.SI,0.2,-0.04797536338719266,ridge_price
2021-12-31,801950.SI,0.2,-0.042096041585358734,ridge_price
2021-12-31,801040.SI,0.2,-0.07358927767682988,ridge_price
2021-12-31,801970.SI,0.2,-0.10202034737939192,ridge_price
2021-12-31,801960.SI,0.2,-0.04840854539690642,ridge_price
2021-12-31,801050.SI,0.2,-0.10737522211905937,ridge_price
2022-01-31,801950.SI,0.2,0.1553258349045359,ridge_price
2022-01-31,801970.SI,0.2,0.0770485912141492,ridge_price
2022-01-31,801040.SI,0.2,0.07910013207947797,ridge_price
2022-01-31,801160.SI,0.2,0.07892452953618712,ridge_price
2022-01-31,801200.SI,0.2,4.506940688653316e-05,ridge_price
2022-02-28,801160.SI,0.2,-0.09607424653990437,ridge_price
2022-02-28,801970.SI,0.2,-0.09540191534257947,ridge_price
2022-02-28,801950.SI,0.2,0.10806937509144587,ridge_price
2022-02-28,801730.SI,0.2,-0.1009533445559927,ridge_price
2022-02-28,801080.SI,0.2,-0.14973257590857747,ridge_price
2022-03-31,801950.SI,0.2,-0.0387937309764117,ridge_price
2022-03-31,801730.SI,0.2,-0.15533573676592138,ridge_price
2022-03-31,801230.SI,0.2,-0.12677583238267986,ridge_price
2022-03-31,801080.SI,0.2,-0.1390666054561971,ridge_price
2022-03-31,801740.SI,0.2,-0.13436190124693537,ridge_price
2022-04-30,801720.SI,0.2,0.016563464613782664,ridge_price
2022-04-30,801770.SI,0.2,0.06084310401657489,ridge_price
2022-04-30,801950.SI,0.2,0.09727050817368155,ridge_price
2022-04-30,801730.SI,0.2,0.12431716584198194,ridge_price
2022-04-30,801050.SI,0.2,0.07982793439460556,ridge_price
2022-05-31,801890.SI,0.2,0.1043201582778428,ridge_price
2022-05-31,801950.SI,0.2,0.015829144115513172,ridge_price
2022-05-31,801030.SI,0.2,0.08126292568592297,ridge_price
2022-05-31,801160.SI,0.2,0.006086737091244299,ridge_price
2022-05-31,801730.SI,0.2,0.2119492762580566,ridge_price
2022-06-30,801050.SI,0.2,-0.016247653848756483,ridge_price
2022-06-30,801030.SI,0.2,-0.02150702166003604,ridge_price
2022-06-30,801230.SI,0.2,0.01855323454145097,ridge_price
2022-06-30,801970.SI,0.2,0.053251937074430655,ridge_price
2022-06-30,801730.SI,0.2,-0.0037982301899451842,ridge_price
2022-07-31,801970.SI,0.2,-0.060363319313785135,ridge_price
2022-07-31,801010.SI,0.2,0.00520315585094866,ridge_price
2022-07-31,801880.SI,0.2,-0.11849927671735527,ridge_price
2022-07-31,801160.SI,0.2,-0.004563591022443858,ridge_price
2022-07-31,801740.SI,0.2,-0.04284216989264655,ridge_price
2022-08-31,801010.SI,0.2,-0.10378327426082179,ridge_price
2022-08-31,801760.SI,0.2,-0.13827326862491574,ridge_price
2022-08-31,801170.SI,0.2,-0.026708871588673078,ridge_price
2022-08-31,801950.SI,0.2,0.016902224244873754,ridge_price
2022-08-31,801120.SI,0.2,-0.03072268896143826,ridge_price
2022-09-30,801230.SI,0.2,0.010318314161255948,ridge_price
2022-09-30,801740.SI,0.2,0.1163035096458962,ridge_price
2022-09-30,801950.SI,0.2,-0.1258223015053359,ridge_price
2022-09-30,801120.SI,0.2,-0.22138912887662965,ridge_price
2022-09-30,801170.SI,0.2,-0.034122072990647734,ridge_price
2022-10-31,801230.SI,0.2,0.09823107367982087,ridge_price
2022-10-31,801970.SI,0.2,0.07469312684858997,ridge_price
2022-10-31,801770.SI,0.2,0.011734847325626241,ridge_price
2022-10-31,801010.SI,0.2,0.05329956645665068,ridge_price
2022-10-31,801880.SI,0.2,0.08037334372711769,ridge_price
2022-11-30,801010.SI,0.2,0.01431843510063846,ridge_price
2022-11-30,801230.SI,0.2,0.022748538804735485,ridge_price
2022-11-30,801210.SI,0.2,0.06457441027699384,ridge_price
2022-11-30,801950.SI,0.2,-0.10878577360365793,ridge_price
2022-11-30,801160.SI,0.2,-0.04637746537522269,ridge_price
2019-01-31,801960.SI,0.1,0.12861591970811226,ridge_price__trend
2019-01-31,801880.SI,0.1,0.15702613176297398,ridge_price__trend
2019-01-31,801170.SI,0.1,0.15337160232732683,ridge_price__trend
2019-01-31,801030.SI,0.1,0.1793120172773528,ridge_price__trend
2019-01-31,801720.SI,0.1,0.14399025536834986,ridge_price__trend
2019-02-28,801030.SI,0.2,0.09610422866365864,ridge_price__trend
2019-02-28,801960.SI,0.2,0.05106526544773371,ridge_price__trend
2019-02-28,801890.SI,0.2,0.09378740933737073,ridge_price__trend
2019-02-28,801740.SI,0.2,0.10793159048499001,ridge_price__trend
2019-02-28,801880.SI,0.2,0.03894848010586438,ridge_price__trend
2019-03-31,801890.SI,0.2,-0.04706147445337716,ridge_price__trend
2019-03-31,801740.SI,0.2,-0.07316714223810183,ridge_price__trend
2019-03-31,801180.SI,0.2,-0.03965245925768801,ridge_price__trend
2019-03-31,801750.SI,0.2,-0.07320660468988494,ridge_price__trend
2019-03-31,801170.SI,0.2,0.009729886726691728,ridge_price__trend
2019-04-30,801180.SI,0.2,-0.07454188924200422,ridge_price__trend
2019-04-30,801890.SI,0.2,-0.05659755943081535,ridge_price__trend
2019-04-30,801750.SI,0.2,-0.05641225259753868,ridge_price__trend
2019-04-30,801730.SI,0.2,-0.058315196077307285,ridge_price__trend
2019-04-30,801740.SI,0.2,-0.01566690190543396,ridge_price__trend
2019-05-31,801180.SI,0.2,0.009033166259942771,ridge_price__trend
2019-05-31,801730.SI,0.2,-0.013667803214807539,ridge_price__trend
2019-05-31,801890.SI,0.2,0.019755981846338422,ridge_price__trend
2019-05-31,801740.SI,0.2,-0.0006183682248349642,ridge_price__trend
2019-05-31,801750.SI,0.2,0.02264755204811708,ridge_price__trend
2019-06-30,801180.SI,0.2,-0.015008194406563202,ridge_price__trend
2019-06-30,801890.SI,0.2,-0.0039940308988763995,ridge_price__trend
2019-06-30,801750.SI,0.2,-0.013502901321646998,ridge_price__trend
2019-06-30,801730.SI,0.2,0.0064001896352485765,ridge_price__trend
2019-06-30,801230.SI,0.2,-0.032190339407358604,ridge_price__trend
2019-07-31,801230.SI,0.2,-0.01153701480386049,ridge_price__trend
2019-07-31,801180.SI,0.2,-0.06717407232245898,ridge_price__trend
2019-07-31,801750.SI,0.2,0.03136054586367942,ridge_price__trend
2019-07-31,801140.SI,0.2,-0.015841886520558623,ridge_price__trend
2019-07-31,801730.SI,0.2,-0.01401442661563379,ridge_price__trend
2019-08-31,801180.SI,0.2,0.012871838518845324,ridge_price__trend
2019-08-31,801140.SI,0.2,0.0008581776573204358,ridge_price__trend
2019-08-31,801730.SI,0.2,0.014206157245662876,ridge_price__trend
2019-08-31,801130.SI,0.2,0.007271927141193624,ridge_price__trend
2019-08-31,801880.SI,0.2,-0.016156969024735512,ridge_price__trend
2019-09-30,801880.SI,0.2,-0.014550705320448665,ridge_price__trend
2019-09-30,801170.SI,0.2,-0.01017584268697247,ridge_price__trend
2019-09-30,801110.SI,0.2,0.04803849207927646,ridge_price__trend
2019-09-30,801950.SI,0.2,-0.028048918724888794,ridge_price__trend
2019-09-30,801010.SI,0.2,0.1259784115697462,ridge_price__trend
2019-10-31,801880.SI,0.1,0.01843440036068511,ridge_price__trend
2019-10-31,801170.SI,0.1,-0.026803855170617452,ridge_price__trend
2019-10-31,801200.SI,0.1,-0.04072784113288641,ridge_price__trend
2019-10-31,801210.SI,0.1,-0.044744089739466086,ridge_price__trend
2019-10-31,801120.SI,0.1,-0.025714233303109513,ridge_price__trend
2019-11-30,801120.SI,0.1,0.04601040115873256,ridge_price__trend
2019-11-30,801210.SI,0.1,0.08231749555872403,ridge_price__trend
2019-11-30,801710.SI,0.1,0.14377078351474704,ridge_price__trend
2019-11-30,801740.SI,0.1,0.05666094428653179,ridge_price__trend
2019-11-30,801170.SI,0.1,0.06238680263733154,ridge_price__trend
2019-12-31,801710.SI,0.2,-0.058900707929026686,ridge_price__trend
2019-12-31,801120.SI,0.2,-0.058685391683798604,ridge_price__trend
2019-12-31,801010.SI,0.2,-0.04006529427768202,ridge_price__trend
2019-12-31,801740.SI,0.2,0.0316497838226546,ridge_price__trend
2019-12-31,801110.SI,0.2,-0.026310377096551818,ridge_price__trend
2020-01-31,801120.SI,0.2,-0.02401867952580017,ridge_price__trend
2020-01-31,801710.SI,0.2,0.07158773483208791,ridge_price__trend
2020-01-31,801740.SI,0.2,0.008536711300815902,ridge_price__trend
2020-01-31,801730.SI,0.2,0.016738125390988845,ridge_price__trend
2020-01-31,801110.SI,0.2,-0.031509909224846755,ridge_price__trend
2020-02-29,801750.SI,0.2,-0.12811190368838843,ridge_price__trend
2020-02-29,801980.SI,0.2,0.02172594441697484,ridge_price__trend
2020-02-29,801730.SI,0.2,-0.0805549124025623,ridge_price__trend
2020-02-29,801150.SI,0.2,0.011841167883211545,ridge_price__trend
2020-02-29,801080.SI,0.2,-0.20437596938310032,ridge_price__trend
2020-03-31,801080.SI,0.1,0.11424079377389651,ridge_price__trend
2020-03-31,801750.SI,0.1,0.0755829525273295,ridge_price__trend
2020-03-31,801980.SI,0.1,0.09464844806169359,ridge_price__trend
2020-03-31,801150.SI,0.1,0.05433009883551154,ridge_price__trend
2020-03-31,801730.SI,0.1,0.10000769451381153,ridge_price__trend
2020-04-30,801080.SI,0.2,-0.015388531995796817,ridge_price__trend
2020-04-30,801750.SI,0.2,-0.022566371681415953,ridge_price__trend
2020-04-30,801760.SI,0.2,0.023830538393645018,ridge_price__trend
2020-04-30,801150.SI,0.2,0.0502430319882643,ridge_price__trend
2020-04-30,801710.SI,0.2,-0.016152427675268255,ridge_price__trend
2020-05-31,801080.SI,0.2,0.19160564867942598,ridge_price__trend
2020-05-31,801760.SI,0.2,0.16563413208649913,ridge_price__trend
2020-05-31,801750.SI,0.2,0.1145726161570435,ridge_price__trend
2020-05-31,801230.SI,0.2,0.06933796929767033,ridge_price__trend
2020-05-31,801150.SI,0.2,0.1687925741774423,ridge_price__trend
2020-06-30,801120.SI,0.2,0.17286250878024578,ridge_price__trend
2020-06-30,801230.SI,0.2,0.12005205936871421,ridge_price__trend
2020-06-30,801080.SI,0.2,0.10812694909894205,ridge_price__trend
2020-06-30,801760.SI,0.2,0.07448355395106288,ridge_price__trend
2020-06-30,801880.SI,0.2,0.1421973568506505,ridge_price__trend
2020-07-31,801760.SI,0.2,0.02995870178958926,ridge_price__trend
2020-07-31,801230.SI,0.2,0.02199556332820829,ridge_price__trend
2020-07-31,801120.SI,0.2,0.12040826126159776,ridge_price__trend
2020-07-31,801750.SI,0.2,-0.0026693271841901067,ridge_price__trend
2020-07-31,801080.SI,0.2,-0.013417212611054996,ridge_price__trend
2020-08-31,801120.SI,0.2,-0.09181520053461079,ridge_price__trend
2020-08-31,801230.SI,0.2,-0.1074156167813215,ridge_price__trend
2020-08-31,801890.SI,0.2,-0.04145865137324478,ridge_price__trend
2020-08-31,801210.SI,0.2,0.03138340944536444,ridge_price__trend
2020-08-31,801030.SI,0.2,-0.060199486233813215,ridge_price__trend
2020-09-30,801120.SI,0.2,0.041639557579700615,ridge_price__trend
2020-09-30,801980.SI,0.2,0.05672748369372793,ridge_price__trend
2020-09-30,801230.SI,0.2,0.018965517241379404,ridge_price__trend
2020-09-30,801210.SI,0.2,-0.09195713520137616,ridge_price__trend
2020-09-30,801760.SI,0.2,-0.028560163623370438,ridge_price__trend
2020-10-31,801210.SI,0.2,0.015808833012623813,ridge_price__trend
2020-10-31,801150.SI,0.2,-0.0663055883876954,ridge_price__trend
2020-10-31,801730.SI,0.2,0.01567640880786869,ridge_price__trend
2020-10-31,801980.SI,0.2,-0.022053391571834058,ridge_price__trend
2020-10-31,801230.SI,0.2,-0.00744585027485245,ridge_price__trend
2020-11-30,801210.SI,0.2,0.24981336215258687,ridge_price__trend
2020-11-30,801730.SI,0.2,0.19937051313788579,ridge_price__trend
2020-11-30,801120.SI,0.2,0.17986788868336068,ridge_price__trend
2020-11-30,801150.SI,0.2,0.09518135546650774,ridge_price__trend
2020-11-30,801140.SI,0.2,-0.022162847772082106,ridge_price__trend
2020-12-31,801210.SI,0.2,0.01187183811129855,ridge_price__trend
2020-12-31,801030.SI,0.2,0.06650023567067498,ridge_price__trend
2020-12-31,801230.SI,0.2,-0.0397298785371063,ridge_price__trend
2020-12-31,801890.SI,0.2,0.013782063795728883,ridge_price__trend
2020-12-31,801120.SI,0.2,0.014308329380036122,ridge_price__trend
2021-01-31,801030.SI,0.2,0.04289755719031918,ridge_price__trend
2021-01-31,801120.SI,0.2,-0.05046059382939616,ridge_price__trend
2021-01-31,801890.SI,0.2,0.014506149066728202,ridge_price__trend
2021-01-31,801210.SI,0.2,0.0686050648832246,ridge_price__trend
2021-01-31,801880.SI,0.2,-0.051590176033238455,ridge_price__trend
2021-02-28,801050.SI,0.2,-0.10210012382181999,ridge_price__trend
2021-02-28,801030.SI,0.2,-0.06490127575281246,ridge_price__trend
2021-02-28,801890.SI,0.2,-0.02528217846839098,ridge_price__trend
2021-02-28,801210.SI,0.2,0.017528722241680228,ridge_price__trend
2021-02-28,801960.SI,0.2,-0.09131141881465288,ridge_price__trend
2021-03-31,801210.SI,0.2,0.013222545914387762,ridge_price__trend
2021-03-31,801050.SI,0.2,0.09013414732895408,ridge_price__trend
2021-03-31,801030.SI,0.2,0.03648138779983978,ridge_price__trend
2021-03-31,801890.SI,0.2,-0.013812800207711251,ridge_price__trend
2021-03-31,801120.SI,0.2,0.05978878414696531,ridge_price__trend
2021-04-30,801050.SI,0.2,0.08420780156211327,ridge_price__trend
2021-04-30,801040.SI,0.2,-0.008843745118366275,ridge_price__trend
2021-04-30,801030.SI,0.2,0.06929651077070131,ridge_price__trend
2021-04-30,801950.SI,0.2,0.038825662995768395,ridge_price__trend
2021-04-30,801140.SI,0.2,0.008379917973222462,ridge_price__trend
2021-05-31,801050.SI,0.2,-0.0438692827825885,ridge_price__trend
2021-05-31,801030.SI,0.2,0.05371075641519396,ridge_price__trend
2021-05-31,801730.SI,0.2,0.1354585982163523,ridge_price__trend
2021-05-31,801210.SI,0.2,-0.08669822587050569,ridge_price__trend
2021-05-31,801140.SI,0.2,-0.030460475204505344,ridge_price__trend
2021-06-30,801030.SI,0.2,0.05127979514253167,ridge_price__trend
2021-06-30,801960.SI,0.2,0.015531624318235293,ridge_price__trend
2021-06-30,801730.SI,0.2,0.10720279653671394,ridge_price__trend
2021-06-30,801950.SI,0.2,0.01661221387608447,ridge_price__trend
2021-06-30,801050.SI,0.2,0.27401585061339695,ridge_price__trend
2021-07-31,801030.SI,0.2,0.12462121537286142,ridge_price__trend
2021-07-31,801950.SI,0.2,0.27566168903042887,ridge_price__trend
2021-07-31,801730.SI,0.2,0.053703526869399054,ridge_price__trend
2021-07-31,801960.SI,0.2,0.08502756018484825,ridge_price__trend
2021-07-31,801050.SI,0.2,0.1799989092421279,ridge_price__trend
2021-08-31,801030.SI,0.2,-0.03830865613425105,ridge_price__trend
2021-08-31,801730.SI,0.2,-0.03014095661083649,ridge_price__trend
2021-08-31,801050.SI,0.2,-0.18111045955728355,ridge_price__trend
2021-08-31,801950.SI,0.2,0.0487915333122757,ridge_price__trend
2021-08-31,801960.SI,0.2,0.05337448982008497,ridge_price__trend
2021-09-30,801960.SI,0.2,-0.09147730679297317,ridge_price__trend
2021-09-30,801030.SI,0.2,-0.003651097908952683,ridge_price__trend
2021-09-30,801950.SI,0.2,-0.1528890533832622,ridge_price__trend
2021-09-30,801210.SI,0.2,0.03277751962022113,ridge_price__trend
2021-09-30,801730.SI,0.2,0.11700718983573899,ridge_price__trend
2021-10-31,801730.SI,0.2,0.03347142223022748,ridge_price__trend
2021-10-31,801080.SI,0.2,0.08530447760597637,ridge_price__trend
2021-10-31,801210.SI,0.2,-0.1661897748428235,ridge_price__trend
2021-10-31,801740.SI,0.2,0.12984384364010548,ridge_price__trend
2021-10-31,801230.SI,0.2,-0.027302936861958393,ridge_price__trend
2021-11-30,801740.SI,0.2,-0.010113090472377961,ridge_price__trend
2021-11-30,801050.SI,0.2,-0.06215481550209623,ridge_price__trend
2021-11-30,801080.SI,0.2,0.011380518364018322,ridge_price__trend
2021-11-30,801730.SI,0.2,-0.08579218674913602,ridge_price__trend
2021-11-30,801880.SI,0.2,-0.04797536338719266,ridge_price__trend
2021-12-31,801950.SI,0.2,-0.042096041585358734,ridge_price__trend
2021-12-31,801040.SI,0.2,-0.07358927767682988,ridge_price__trend
2021-12-31,801970.SI,0.2,-0.10202034737939192,ridge_price__trend
2021-12-31,801960.SI,0.2,-0.04840854539690642,ridge_price__trend
2021-12-31,801050.SI,0.2,-0.10737522211905937,ridge_price__trend
2022-01-31,801950.SI,0.1,0.1553258349045359,ridge_price__trend
2022-01-31,801970.SI,0.1,0.0770485912141492,ridge_price__trend
2022-01-31,801040.SI,0.1,0.07910013207947797,ridge_price__trend
2022-01-31,801160.SI,0.1,0.07892452953618712,ridge_price__trend
2022-01-31,801200.SI,0.1,4.506940688653316e-05,ridge_price__trend
2022-02-28,801160.SI,0.1,-0.09607424653990437,ridge_price__trend
2022-02-28,801970.SI,0.1,-0.09540191534257947,ridge_price__trend
2022-02-28,801950.SI,0.1,0.10806937509144587,ridge_price__trend
2022-02-28,801730.SI,0.1,-0.1009533445559927,ridge_price__trend
2022-02-28,801080.SI,0.1,-0.14973257590857747,ridge_price__trend
2022-03-31,801950.SI,0.1,-0.0387937309764117,ridge_price__trend
2022-03-31,801730.SI,0.1,-0.15533573676592138,ridge_price__trend
2022-03-31,801230.SI,0.1,-0.12677583238267986,ridge_price__trend
2022-03-31,801080.SI,0.1,-0.1390666054561971,ridge_price__trend
2022-03-31,801740.SI,0.1,-0.13436190124693537,ridge_price__trend
2022-04-30,801720.SI,0.1,0.016563464613782664,ridge_price__trend
2022-04-30,801770.SI,0.1,0.06084310401657489,ridge_price__trend
2022-04-30,801950.SI,0.1,0.09727050817368155,ridge_price__trend
2022-04-30,801730.SI,0.1,0.12431716584198194,ridge_price__trend
2022-04-30,801050.SI,0.1,0.07982793439460556,ridge_price__trend
2022-05-31,801890.SI,0.1,0.1043201582778428,ridge_price__trend
2022-05-31,801950.SI,0.1,0.015829144115513172,ridge_price__trend
2022-05-31,801030.SI,0.1,0.08126292568592297,ridge_price__trend
2022-05-31,801160.SI,0.1,0.006086737091244299,ridge_price__trend
2022-05-31,801730.SI,0.1,0.2119492762580566,ridge_price__trend
2022-06-30,801050.SI,0.2,-0.016247653848756483,ridge_price__trend
2022-06-30,801030.SI,0.2,-0.02150702166003604,ridge_price__trend
2022-06-30,801230.SI,0.2,0.01855323454145097,ridge_price__trend
2022-06-30,801970.SI,0.2,0.053251937074430655,ridge_price__trend
2022-06-30,801730.SI,0.2,-0.0037982301899451842,ridge_price__trend
2022-07-31,801970.SI,0.1,-0.060363319313785135,ridge_price__trend
2022-07-31,801010.SI,0.1,0.00520315585094866,ridge_price__trend
2022-07-31,801880.SI,0.1,-0.11849927671735527,ridge_price__trend
2022-07-31,801160.SI,0.1,-0.004563591022443858,ridge_price__trend
2022-07-31,801740.SI,0.1,-0.04284216989264655,ridge_price__trend
2022-08-31,801010.SI,0.1,-0.10378327426082179,ridge_price__trend
2022-08-31,801760.SI,0.1,-0.13827326862491574,ridge_price__trend
2022-08-31,801170.SI,0.1,-0.026708871588673078,ridge_price__trend
2022-08-31,801950.SI,0.1,0.016902224244873754,ridge_price__trend
2022-08-31,801120.SI,0.1,-0.03072268896143826,ridge_price__trend
2022-09-30,801230.SI,0.1,0.010318314161255948,ridge_price__trend
2022-09-30,801740.SI,0.1,0.1163035096458962,ridge_price__trend
2022-09-30,801950.SI,0.1,-0.1258223015053359,ridge_price__trend
2022-09-30,801120.SI,0.1,-0.22138912887662965,ridge_price__trend
2022-09-30,801170.SI,0.1,-0.034122072990647734,ridge_price__trend
2022-10-31,801230.SI,0.1,0.09823107367982087,ridge_price__trend
2022-10-31,801970.SI,0.1,0.07469312684858997,ridge_price__trend
2022-10-31,801770.SI,0.1,0.011734847325626241,ridge_price__trend
2022-10-31,801010.SI,0.1,0.05329956645665068,ridge_price__trend
2022-10-31,801880.SI,0.1,0.08037334372711769,ridge_price__trend
2022-11-30,801010.SI,0.1,0.01431843510063846,ridge_price__trend
2022-11-30,801230.SI,0.1,0.022748538804735485,ridge_price__trend
2022-11-30,801210.SI,0.1,0.06457441027699384,ridge_price__trend
2022-11-30,801950.SI,0.1,-0.10878577360365793,ridge_price__trend
2022-11-30,801160.SI,0.1,-0.04637746537522269,ridge_price__trend
2019-01-31,801960.SI,0.16397130739193774,0.12861591970811226,ridge_price__vol_target
2019-01-31,801880.SI,0.16397130739193774,0.15702613176297398,ridge_price__vol_target
2019-01-31,801170.SI,0.16397130739193774,0.15337160232732683,ridge_price__vol_target
2019-01-31,801030.SI,0.16397130739193774,0.1793120172773528,ridge_price__vol_target
2019-01-31,801720.SI,0.16397130739193774,0.14399025536834986,ridge_price__vol_target
2019-02-28,801030.SI,0.08920042031173513,0.09610422866365864,ridge_price__vol_target
2019-02-28,801960.SI,0.08920042031173513,0.05106526544773371,ridge_price__vol_target
2019-02-28,801890.SI,0.08920042031173513,0.09378740933737073,ridge_price__vol_target
2019-02-28,801740.SI,0.08920042031173513,0.10793159048499001,ridge_price__vol_target
2019-02-28,801880.SI,0.08920042031173513,0.03894848010586438,ridge_price__vol_target
2019-03-31,801890.SI,0.08534904231971954,-0.04706147445337716,ridge_price__vol_target
2019-03-31,801740.SI,0.08534904231971954,-0.07316714223810183,ridge_price__vol_target
2019-03-31,801180.SI,0.08534904231971954,-0.03965245925768801,ridge_price__vol_target
2019-03-31,801750.SI,0.08534904231971954,-0.07320660468988494,ridge_price__vol_target
2019-03-31,801170.SI,0.08534904231971954,0.009729886726691728,ridge_price__vol_target
2019-04-30,801180.SI,0.10275072955796258,-0.07454188924200422,ridge_price__vol_target
2019-04-30,801890.SI,0.10275072955796258,-0.05659755943081535,ridge_price__vol_target
2019-04-30,801750.SI,0.10275072955796258,-0.05641225259753868,ridge_price__vol_target
2019-04-30,801730.SI,0.10275072955796258,-0.058315196077307285,ridge_price__vol_target
2019-04-30,801740.SI,0.10275072955796258,-0.01566690190543396,ridge_price__vol_target
2019-05-31,801180.SI,0.09125944612388598,0.009033166259942771,ridge_price__vol_target
2019-05-31,801730.SI,0.09125944612388598,-0.013667803214807539,ridge_price__vol_target
2019-05-31,801890.SI,0.09125944612388598,0.019755981846338422,ridge_price__vol_target
2019-05-31,801740.SI,0.09125944612388598,-0.0006183682248349642,ridge_price__vol_target
2019-05-31,801750.SI,0.09125944612388598,0.02264755204811708,ridge_price__vol_target
2019-06-30,801180.SI,0.09599882870375992,-0.015008194406563202,ridge_price__vol_target
2019-06-30,801890.SI,0.09599882870375992,-0.0039940308988763995,ridge_price__vol_target
2019-06-30,801750.SI,0.09599882870375992,-0.013502901321646998,ridge_price__vol_target
2019-06-30,801730.SI,0.09599882870375992,0.0064001896352485765,ridge_price__vol_target
2019-06-30,801230.SI,0.09599882870375992,-0.032190339407358604,ridge_price__vol_target
2019-07-31,801230.SI,0.09430097816011039,-0.01153701480386049,ridge_price__vol_target
2019-07-31,801180.SI,0.09430097816011039,-0.06717407232245898,ridge_price__vol_target
2019-07-31,801750.SI,0.09430097816011039,0.03136054586367942,ridge_price__vol_target
2019-07-31,801140.SI,0.09430097816011039,-0.015841886520558623,ridge_price__vol_target
2019-07-31,801730.SI,0.09430097816011039,-0.01401442661563379,ridge_price__vol_target
2019-08-31,801180.SI,0.16744930226965357,0.012871838518845324,ridge_price__vol_target
2019-08-31,801140.SI,0.16744930226965357,0.0008581776573204358,ridge_price__vol_target
2019-08-31,801730.SI,0.16744930226965357,0.014206157245662876,ridge_price__vol_target
2019-08-31,801130.SI,0.16744930226965357,0.007271927141193624,ridge_price__vol_target
2019-08-31,801880.SI,0.16744930226965357,-0.016156969024735512,ridge_price__vol_target
2019-09-30,801880.SI,0.2,-0.014550705320448665,ridge_price__vol_target
2019-09-30,801170.SI,0.2,-0.01017584268697247,ridge_price__vol_target
2019-09-30,801110.SI,0.2,0.04803849207927646,ridge_price__vol_target
2019-09-30,801950.SI,0.2,-0.028048918724888794,ridge_price__vol_target
2019-09-30,801010.SI,0.2,0.1259784115697462,ridge_price__vol_target
2019-10-31,801880.SI,0.2,0.01843440036068511,ridge_price__vol_target
2019-10-31,801170.SI,0.2,-0.026803855170617452,ridge_price__vol_target
2019-10-31,801200.SI,0.2,-0.04072784113288641,ridge_price__vol_target
2019-10-31,801210.SI,0.2,-0.044744089739466086,ridge_price__vol_target
2019-10-31,801120.SI,0.2,-0.025714233303109513,ridge_price__vol_target
2019-11-30,801120.SI,0.2,0.04601040115873256,ridge_price__vol_target
2019-11-30,801210.SI,0.2,0.08231749555872403,ridge_price__vol_target
2019-11-30,801710.SI,0.2,0.14377078351474704,ridge_price__vol_target
2019-11-30,801740.SI,0.2,0.05666094428653179,ridge_price__vol_target
2019-11-30,801170.SI,0.2,0.06238680263733154,ridge_price__vol_target
2019-12-31,801710.SI,0.2,-0.058900707929026686,ridge_price__vol_target
2019-12-31,801120.SI,0.2,-0.058685391683798604,ridge_price__vol_target
2019-12-31,801010.SI,0.2,-0.04006529427768202,ridge_price__vol_target
2019-12-31,801740.SI,0.2,0.0316497838226546,ridge_price__vol_target
2019-12-31,801110.SI,0.2,-0.026310377096551818,ridge_price__vol_target
2020-01-31,801120.SI,0.2,-0.02401867952580017,ridge_price__vol_target
2020-01-31,801710.SI,0.2,0.07158773483208791,ridge_price__vol_target
2020-01-31,801740.SI,0.2,0.008536711300815902,ridge_price__vol_target
2020-01-31,801730.SI,0.2,0.016738125390988845,ridge_price__vol_target
2020-01-31,801110.SI,0.2,-0.031509909224846755,ridge_price__vol_target
2020-02-29,801750.SI,0.2,-0.12811190368838843,ridge_price__vol_target
2020-02-29,801980.SI,0.2,0.02172594441697484,ridge_price__vol_target
2020-02-29,801730.SI,0.2,-0.0805549124025623,ridge_price__vol_target
2020-02-29,801150.SI,0.2,0.011841167883211545,ridge_price__vol_target
2020-02-29,801080.SI,0.2,-0.20437596938310032,ridge_price__vol_target
2020-03-31,801080.SI,0.2,0.11424079377389651,ridge_price__vol_target
2020-03-31,801750.SI,0.2,0.0755829525273295,ridge_price__vol_target
2020-03-31,801980.SI,0.2,0.09464844806169359,ridge_price__vol_target
2020-03-31,801150.SI,0.2,0.05433009883551154,ridge_price__vol_target
2020-03-31,801730.SI,0.2,0.10000769451381153,ridge_price__vol_target
2020-04-30,801080.SI,0.19054858773006775,-0.015388531995796817,ridge_price__vol_target
2020-04-30,801750.SI,0.19054858773006775,-0.022566371681415953,ridge_price__vol_target
2020-04-30,801760.SI,0.19054858773006775,0.023830538393645018,ridge_price__vol_target
2020-04-30,801150.SI,0.19054858773006775,0.0502430319882643,ridge_price__vol_target
2020-04-30,801710.SI,0.19054858773006775,-0.016152427675268255,ridge_price__vol_target
2020-05-31,801080.SI,0.19761127371957907,0.19160564867942598,ridge_price__vol_target
2020-05-31,801760.SI,0.19761127371957907,0.16563413208649913,ridge_price__vol_target
2020-05-31,801750.SI,0.19761127371957907,0.1145726161570435,ridge_price__vol_target
2020-05-31,801230.SI,0.19761127371957907,0.06933796929767033,ridge_price__vol_target
2020-05-31,801150.SI,0.19761127371957907,0.1687925741774423,ridge_price__vol_target
2020-06-30,801120.SI,0.2,0.17286250878024578,ridge_price__vol_target
2020-06-30,801230.SI,0.2,0.12005205936871421,ridge_price__vol_target
2020-06-30,801080.SI,0.2,0.10812694909894205,ridge_price__vol_target
2020-06-30,801760.SI,0.2,0.07448355395106288,ridge_price__vol_target
2020-06-30,801880.SI,0.2,0.1421973568506505,ridge_price__vol_target
2020-07-31,801760.SI,0.13583295209328558,0.02995870178958926,ridge_price__vol_target
2020-07-31,801230.SI,0.13583295209328558,0.02199556332820829,ridge_price__vol_target
2020-07-31,801120.SI,0.13583295209328558,0.12040826126159776,ridge_price__vol_target
2020-07-31,801750.SI,0.13583295209328558,-0.0026693271841901067,ridge_price__vol_target
2020-07-31,801080.SI,0.13583295209328558,-0.013417212611054996,ridge_price__vol_target
2020-08-31,801120.SI,0.1385403395584752,-0.09181520053461079,ridge_price__vol_target
2020-08-31,801230.SI,0.1385403395584752,-0.1074156167813215,ridge_price__vol_target
2020-08-31,801890.SI,0.1385403395584752,-0.04145865137324478,ridge_price__vol_target
2020-08-31,801210.SI,0.1385403395584752,0.03138340944536444,ridge_price__vol_target
2020-08-31,801030.SI,0.1385403395584752,-0.060199486233813215,ridge_price__vol_target
2020-09-30,801120.SI,0.12981340934077137,0.041639557579700615,ridge_price__vol_target
2020-09-30,801980.SI,0.12981340934077137,0.05672748369372793,ridge_price__vol_target
2020-09-30,801230.SI,0.12981340934077137,0.018965517241379404,ridge_price__vol_target
2020-09-30,801210.SI,0.12981340934077137,-0.09195713520137616,ridge_price__vol_target
2020-09-30,801760.SI,0.12981340934077137,-0.028560163623370438,ridge_price__vol_target
2020-10-31,801210.SI,0.12802445908687174,0.015808833012623813,ridge_price__vol_target
2020-10-31,801150.SI,0.12802445908687174,-0.0663055883876954,ridge_price__vol_target
2020-10-31,801730.SI,0.12802445908687174,0.01567640880786869,ridge_price__vol_target
2020-10-31,801980.SI,0.12802445908687174,-0.022053391571834058,ridge_price__vol_target
2020-10-31,801230.SI,0.12802445908687174,-0.00744585027485245,ridge_price__vol_target
2020-11-30,801210.SI,0.12887963173552902,0.24981336215258687,ridge_price__vol_target
2020-11-30,801730.SI,0.12887963173552902,0.19937051313788579,ridge_price__vol_target
2020-11-30,801120.SI,0.12887963173552902,0.17986788868336068,ridge_price__vol_target
2020-11-30,801150.SI,0.12887963173552902,0.09518135546650774,ridge_price__vol_target
2020-11-30,801140.SI,0.12887963173552902,-0.022162847772082106,ridge_price__vol_target
2020-12-31,801210.SI,0.13249745975100496,0.01187183811129855,ridge_price__vol_target
2020-12-31,801030.SI,0.13249745975100496,0.06650023567067498,ridge_price__vol_target
2020-12-31,801230.SI,0.13249745975100496,-0.0397298785371063,ridge_price__vol_target
2020-12-31,801890.SI,0.13249745975100496,0.013782063795728883,ridge_price__vol_target
2020-12-31,801120.SI,0.13249745975100496,0.014308329380036122,ridge_price__vol_target
2021-01-31,801030.SI,0.2,0.04289755719031918,ridge_price__vol_target
2021-01-31,801120.SI,0.2,-0.05046059382939616,ridge_price__vol_target
2021-01-31,801890.SI,0.2,0.014506149066728202,ridge_price__vol_target
2021-01-31,801210.SI,0.2,0.0686050648832246,ridge_price__vol_target
2021-01-31,801880.SI,0.2,-0.051590176033238455,ridge_price__vol_target
2021-02-28,801050.SI,0.2,-0.10210012382181999,ridge_price__vol_target
2021-02-28,801030.SI,0.2,-0.06490127575281246,ridge_price__vol_target
2021-02-28,801890.SI,0.2,-0.02528217846839098,ridge_price__vol_target
2021-02-28,801210.SI,0.2,0.017528722241680228,ridge_price__vol_target
2021-02-28,801960.SI,0.2,-0.09131141881465288,ridge_price__vol_target
2021-03-31,801210.SI,0.2,0.013222545914387762,ridge_price__vol_target
2021-03-31,801050.SI,0.2,0.09013414732895408,ridge_price__vol_target
2021-03-31,801030.SI,0.2,0.03648138779983978,ridge_price__vol_target
2021-03-31,801890.SI,0.2,-0.013812800207711251,ridge_price__vol_target
2021-03-31,801120.SI,0.2,0.05978878414696531,ridge_price__vol_target
2021-04-30,801050.SI,0.2,0.08420780156211327,ridge_price__vol_target
2021-04-30,801040.SI,0.2,-0.008843745118366275,ridge_price__vol_target
2021-04-30,801030.SI,0.2,0.06929651077070131,ridge_price__vol_target
2021-04-30,801950.SI,0.2,0.038825662995768395,ridge_price__vol_target
2021-04-30,801140.SI,0.2,0.008379917973222462,ridge_price__vol_target
2021-05-31,801050.SI,0.2,-0.0438692827825885,ridge_price__vol_target
2021-05-31,801030.SI,0.2,0.05371075641519396,ridge_price__vol_target
2021-05-31,801730.SI,0.2,0.1354585982163523,ridge_price__vol_target
2021-05-31,801210.SI,0.2,-0.08669822587050569,ridge_price__vol_target
2021-05-31,801140.SI,0.2,-0.030460475204505344,ridge_price__vol_target
2021-06-30,801030.SI,0.2,0.05127979514253167,ridge_price__vol_target
2021-06-30,801960.SI,0.2,0.015531624318235293,ridge_price__vol_target
2021-06-30,801730.SI,0.2,0.10720279653671394,ridge_price__vol_target
2021-06-30,801950.SI,0.2,0.01661221387608447,ridge_price__vol_target
2021-06-30,801050.SI,0.2,0.27401585061339695,ridge_price__vol_target
2021-07-31,801030.SI,0.2,0.12462121537286142,ridge_price__vol_target
2021-07-31,801950.SI,0.2,0.27566168903042887,ridge_price__vol_target
2021-07-31,801730.SI,0.2,0.053703526869399054,ridge_price__vol_target
2021-07-31,801960.SI,0.2,0.08502756018484825,ridge_price__vol_target
2021-07-31,801050.SI,0.2,0.1799989092421279,ridge_price__vol_target
2021-08-31,801030.SI,0.2,-0.03830865613425105,ridge_price__vol_target
2021-08-31,801730.SI,0.2,-0.03014095661083649,ridge_price__vol_target
2021-08-31,801050.SI,0.2,-0.18111045955728355,ridge_price__vol_target
2021-08-31,801950.SI,0.2,0.0487915333122757,ridge_price__vol_target
2021-08-31,801960.SI,0.2,0.05337448982008497,ridge_price__vol_target
2021-09-30,801960.SI,0.2,-0.09147730679297317,ridge_price__vol_target
2021-09-30,801030.SI,0.2,-0.003651097908952683,ridge_price__vol_target
2021-09-30,801950.SI,0.2,-0.1528890533832622,ridge_price__vol_target
2021-09-30,801210.SI,0.2,0.03277751962022113,ridge_price__vol_target
2021-09-30,801730.SI,0.2,0.11700718983573899,ridge_price__vol_target
2021-10-31,801730.SI,0.2,0.03347142223022748,ridge_price__vol_target
2021-10-31,801080.SI,0.2,0.08530447760597637,ridge_price__vol_target
2021-10-31,801210.SI,0.2,-0.1661897748428235,ridge_price__vol_target
2021-10-31,801740.SI,0.2,0.12984384364010548,ridge_price__vol_target
2021-10-31,801230.SI,0.2,-0.027302936861958393,ridge_price__vol_target
2021-11-30,801740.SI,0.2,-0.010113090472377961,ridge_price__vol_target
2021-11-30,801050.SI,0.2,-0.06215481550209623,ridge_price__vol_target
2021-11-30,801080.SI,0.2,0.011380518364018322,ridge_price__vol_target
2021-11-30,801730.SI,0.2,-0.08579218674913602,ridge_price__vol_target
2021-11-30,801880.SI,0.2,-0.04797536338719266,ridge_price__vol_target
2021-12-31,801950.SI,0.2,-0.042096041585358734,ridge_price__vol_target
2021-12-31,801040.SI,0.2,-0.07358927767682988,ridge_price__vol_target
2021-12-31,801970.SI,0.2,-0.10202034737939192,ridge_price__vol_target
2021-12-31,801960.SI,0.2,-0.04840854539690642,ridge_price__vol_target
2021-12-31,801050.SI,0.2,-0.10737522211905937,ridge_price__vol_target
2022-01-31,801950.SI,0.16781090124645964,0.1553258349045359,ridge_price__vol_target
2022-01-31,801970.SI,0.16781090124645964,0.0770485912141492,ridge_price__vol_target
2022-01-31,801040.SI,0.16781090124645964,0.07910013207947797,ridge_price__vol_target
2022-01-31,801160.SI,0.16781090124645964,0.07892452953618712,ridge_price__vol_target
2022-01-31,801200.SI,0.16781090124645964,4.506940688653316e-05,ridge_price__vol_target
2022-02-28,801160.SI,0.17966022354069944,-0.09607424653990437,ridge_price__vol_target
2022-02-28,801970.SI,0.17966022354069944,-0.09540191534257947,ridge_price__vol_target
2022-02-28,801950.SI,0.17966022354069944,0.10806937509144587,ridge_price__vol_target
2022-02-28,801730.SI,0.17966022354069944,-0.1009533445559927,ridge_price__vol_target
2022-02-28,801080.SI,0.17966022354069944,-0.14973257590857747,ridge_price__vol_target
2022-03-31,801950.SI,0.15797096127312993,-0.0387937309764117,ridge_price__vol_target
2022-03-31,801730.SI,0.15797096127312993,-0.15533573676592138,ridge_price__vol_target
2022-03-31,801230.SI,0.15797096127312993,-0.12677583238267986,ridge_price__vol_target
2022-03-31,801080.SI,0.15797096127312993,-0.1390666054561971,ridge_price__vol_target
2022-03-31,801740.SI,0.15797096127312993,-0.13436190124693537,ridge_price__vol_target
2022-04-30,801720.SI,0.1363209426279144,0.016563464613782664,ridge_price__vol_target
2022-04-30,801770.SI,0.1363209426279144,0.06084310401657489,ridge_price__vol_target
2022-04-30,801950.SI,0.1363209426279144,0.09727050817368155,ridge_price__vol_target
2022-04-30,801730.SI,0.1363209426279144,0.12431716584198194,ridge_price__vol_target
2022-04-30,801050.SI,0.1363209426279144,0.07982793439460556,ridge_price__vol_target
2022-05-31,801890.SI,0.12103763990016927,0.1043201582778428,ridge_price__vol_target
2022-05-31,801950.SI,0.12103763990016927,0.015829144115513172,ridge_price__vol_target
2022-05-31,801030.SI,0.12103763990016927,0.08126292568592297,ridge_price__vol_target
2022-05-31,801160.SI,0.12103763990016927,0.006086737091244299,ridge_price__vol_target
2022-05-31,801730.SI,0.12103763990016927,0.2119492762580566,ridge_price__vol_target
2022-06-30,801050.SI,0.1108739102235933,-0.016247653848756483,ridge_price__vol_target
2022-06-30,801030.SI,0.1108739102235933,-0.02150702166003604,ridge_price__vol_target
2022-06-30,801230.SI,0.1108739102235933,0.01855323454145097,ridge_price__vol_target
2022-06-30,801970.SI,0.1108739102235933,0.053251937074430655,ridge_price__vol_target
2022-06-30,801730.SI,0.1108739102235933,-0.0037982301899451842,ridge_price__vol_target
2022-07-31,801970.SI,0.12540285478190824,-0.060363319313785135,ridge_price__vol_target
2022-07-31,801010.SI,0.12540285478190824,0.00520315585094866,ridge_price__vol_target
2022-07-31,801880.SI,0.12540285478190824,-0.11849927671735527,ridge_price__vol_target
2022-07-31,801160.SI,0.12540285478190824,-0.004563591022443858,ridge_price__vol_target
2022-07-31,801740.SI,0.12540285478190824,-0.04284216989264655,ridge_price__vol_target
2022-08-31,801010.SI,0.13030820012369454,-0.10378327426082179,ridge_price__vol_target
2022-08-31,801760.SI,0.13030820012369454,-0.13827326862491574,ridge_price__vol_target
2022-08-31,801170.SI,0.13030820012369454,-0.026708871588673078,ridge_price__vol_target
2022-08-31,801950.SI,0.13030820012369454,0.016902224244873754,ridge_price__vol_target
2022-08-31,801120.SI,0.13030820012369454,-0.03072268896143826,ridge_price__vol_target
2022-09-30,801230.SI,0.12778064919188917,0.010318314161255948,ridge_price__vol_target
2022-09-30,801740.SI,0.12778064919188917,0.1163035096458962,ridge_price__vol_target
2022-09-30,801950.SI,0.12778064919188917,-0.1258223015053359,ridge_price__vol_target
2022-09-30,801120.SI,0.12778064919188917,-0.22138912887662965,ridge_price__vol_target
2022-09-30,801170.SI,0.12778064919188917,-0.034122072990647734,ridge_price__vol_target
2022-10-31,801230.SI,0.15018870660028677,0.09823107367982087,ridge_price__vol_target
2022-10-31,801970.SI,0.15018870660028677,0.07469312684858997,ridge_price__vol_target
2022-10-31,801770.SI,0.15018870660028677,0.011734847325626241,ridge_price__vol_target
2022-10-31,801010.SI,0.15018870660028677,0.05329956645665068,ridge_price__vol_target
2022-10-31,801880.SI,0.15018870660028677,0.08037334372711769,ridge_price__vol_target
2022-11-30,801010.SI,0.13336772671962496,0.01431843510063846,ridge_price__vol_target
2022-11-30,801230.SI,0.13336772671962496,0.022748538804735485,ridge_price__vol_target
2022-11-30,801210.SI,0.13336772671962496,0.06457441027699384,ridge_price__vol_target
2022-11-30,801950.SI,0.13336772671962496,-0.10878577360365793,ridge_price__vol_target
2022-11-30,801160.SI,0.13336772671962496,-0.04637746537522269,ridge_price__vol_target
2019-01-31,801030.SI,0.2,0.1793120172773528,gbdt_price
2019-01-31,801960.SI,0.2,0.12861591970811226,gbdt_price
2019-01-31,801730.SI,0.2,0.17077446943734476,gbdt_price
2019-01-31,801720.SI,0.2,0.14399025536834986,gbdt_price
2019-01-31,801890.SI,0.2,0.19204658727244106,gbdt_price
2019-02-28,801180.SI,0.2,0.11857409882425873,gbdt_price
2019-02-28,801030.SI,0.2,0.09610422866365864,gbdt_price
2019-02-28,801890.SI,0.2,0.09378740933737073,gbdt_price
2019-02-28,801880.SI,0.2,0.03894848010586438,gbdt_price
2019-02-28,801950.SI,0.2,0.027677879667426186,gbdt_price
2019-03-31,801730.SI,0.2,-0.05081937950070958,gbdt_price
2019-03-31,801030.SI,0.2,-0.013960518351497808,gbdt_price
2019-03-31,801180.SI,0.2,-0.03965245925768801,gbdt_price
2019-03-31,801890.SI,0.2,-0.04706147445337716,gbdt_price
2019-03-31,801200.SI,0.2,-0.015121675453242722,gbdt_price
2019-04-30,801740.SI,0.2,-0.01566690190543396,gbdt_price
2019-04-30,801010.SI,0.2,-0.017263242757527997,gbdt_price
2019-04-30,801710.SI,0.2,-0.0404388209752472,gbdt_price
2019-04-30,801890.SI,0.2,-0.05659755943081535,gbdt_price
2019-04-30,801200.SI,0.2,-0.08771264723785521,gbdt_price
2019-05-31,801740.SI,0.2,-0.0006183682248349642,gbdt_price
2019-05-31,801140.SI,0.2,-0.005337987911027353,gbdt_price
2019-05-31,801200.SI,0.2,0.021251938778496404,gbdt_price
2019-05-31,801980.SI,0.2,0.03717926498891733,gbdt_price
2019-05-31,801210.SI,0.2,0.08223533854011422,gbdt_price
2019-06-30,801980.SI,0.2,0.006378235288944545,gbdt_price
2019-06-30,801010.SI,0.2,0.0730661066924354,gbdt_price
2019-06-30,801740.SI,0.2,0.04998430704389545,gbdt_price
2019-06-30,801200.SI,0.2,-0.04308082023772675,gbdt_price
2019-06-30,801720.SI,0.2,-0.025825577263055566,gbdt_price
2019-07-31,801230.SI,0.2,-0.01153701480386049,gbdt_price
2019-07-31,801140.SI,0.2,-0.015841886520558623,gbdt_price
2019-07-31,801770.SI,0.2,-0.05314475375486416,gbdt_price
2019-07-31,801750.SI,0.2,0.03136054586367942,gbdt_price
2019-07-31,801730.SI,0.2,-0.01401442661563379,gbdt_price
2019-08-31,801770.SI,0.2,0.05474223497087394,gbdt_price
2019-08-31,801230.SI,0.2,0.0025386796780517695,gbdt_price
2019-08-31,801200.SI,0.2,-0.011992331227763109,gbdt_price
2019-08-31,801740.SI,0.2,-0.06933927973404552,gbdt_price
2019-08-31,801140.SI,0.2,0.0008581776573204358,gbdt_price
2019-09-30,801010.SI,0.2,0.1259784115697462,gbdt_price
2019-09-30,801950.SI,0.2,-0.028048918724888794,gbdt_price
2019-09-30,801760.SI,0.2,0.020900374879739836,gbdt_price
2019-09-30,801880.SI,0.2,-0.014550705320448665,gbdt_price
2019-09-30,801030.SI,0.2,-0.009330326581564852,gbdt_price
2019-10-31,801010.SI,0.2,-0.09573178866850485,gbdt_price
2019-10-31,801740.SI,0.2,-0.01736677636127315,gbdt_price
2019-10-31,801050.SI,0.2,0.00930789965387313,gbdt_price
2019-10-31,801760.SI,0.2,-0.011568582848601072,gbdt_price
2019-10-31,801880.SI,0.2,0.01843440036068511,gbdt_price
2019-11-30,801010.SI,0.2,0.016831932721449228,gbdt_price
2019-11-30,801740.SI,0.2,0.05666094428653179,gbdt_price
2019-11-30,801210.SI,0.2,0.08231749555872403,gbdt_price
2019-11-30,801120.SI,0.2,0.04601040115873256,gbdt_price
2019-11-30,801710.SI,0.2,0.14377078351474704,gbdt_price
2019-12-31,801010.SI,0.2,-0.04006529427768202,gbdt_price
2019-12-31,801180.SI,0.2,-0.06589924772441891,gbdt_price
2019-12-31,801740.SI,0.2,0.0316497838226546,gbdt_price
2019-12-31,801120.SI,0.2,-0.058685391683798604,gbdt_price
2019-12-31,801980.SI,0.2,0.010263802618228679,gbdt_price
2020-01-31,801120.SI,0.2,-0.02401867952580017,gbdt_price
2020-01-31,801010.SI,0.2,0.0824925367494238,gbdt_price
2020-01-31,801210.SI,0.2,-0.03109577007373754,gbdt_price
2020-01-31,801740.SI,0.2,0.008536711300815902,gbdt_price
2020-01-31,801710.SI,0.2,0.07158773483208791,gbdt_price
2020-02-29,801750.SI,0.2,-0.12811190368838843,gbdt_price
2020-02-29,801080.SI,0.2,-0.20437596938310032,gbdt_price
2020-02-29,801010.SI,0.2,0.11299716074379207,gbdt_price
2020-02-29,801170.SI,0.2,-0.03072374464176353,gbdt_price
2020-02-29,801210.SI,0.2,-0.09656332022499692,gbdt_price
2020-03-31,801080.SI,0.2,0.11424079377389651,gbdt_price
2020-03-31,801050.SI,0.2,0.01970996188113916,gbdt_price
2020-03-31,801110.SI,0.2,0.07653987238512605,gbdt_price
2020-03-31,801160.SI,0.2,0.01914197557880004,gbdt_price
2020-03-31,801750.SI,0.2,0.0755829525273295,gbdt_price
2020-04-30,801080.SI,0.2,-0.015388531995796817,gbdt_price
2020-04-30,801050.SI,0.2,0.041198613655271776,gbdt_price
2020-04-30,801880.SI,0.2,-0.001995856634124493,gbdt_price
2020-04-30,801890.SI,0.2,0.011388806529814888,gbdt_price
2020-04-30,801180.SI,0.2,-0.030954636299287963,gbdt_price
2020-05-31,801770.SI,0.2,0.07804701564427452,gbdt_price
2020-05-31,801080.SI,0.2,0.19160564867942598,gbdt_price
2020-05-31,801750.SI,0.2,0.1145726161570435,gbdt_price
2020-05-31,801050.SI,0.2,0.0466917007660721,gbdt_price
2020-05-31,801010.SI,0.2,0.06118699423312646,gbdt_price
2020-06-30,801880.SI,0.2,0.1421973568506505,gbdt_price
2020-06-30,801710.SI,0.2,0.23918900365964002,gbdt_price
2020-06-30,801050.SI,0.2,0.20294950311005522,gbdt_price
2020-06-30,801230.SI,0.2,0.12005205936871421,gbdt_price
2020-06-30,801030.SI,0.2,0.18227855385633496,gbdt_price
2020-07-31,801880.SI,0.2,0.04960903678446149,gbdt_price
2020-07-31,801140.SI,0.2,0.047952462286168895,gbdt_price
2020-07-31,801760.SI,0.2,0.02995870178958926,gbdt_price
2020-07-31,801030.SI,0.2,0.040956327042188434,gbdt_price
2020-07-31,801770.SI,0.2,-0.008491563246290634,gbdt_price
2020-08-31,801980.SI,0.2,-0.08720911367037587,gbdt_price
2020-08-31,801200.SI,0.2,-0.08170594495198469,gbdt_price
2020-08-31,801750.SI,0.2,-0.08843452913312788,gbdt_price
2020-08-31,801140.SI,0.2,-0.08435304149471645,gbdt_price
2020-08-31,801880.SI,0.2,0.011246824207247652,gbdt_price
2020-09-30,801980.SI,0.2,0.05672748369372793,gbdt_price
2020-09-30,801230.SI,0.2,0.018965517241379404,gbdt_price
2020-09-30,801010.SI,0.2,-0.04603405777997327,gbdt_price
2020-09-30,801200.SI,0.2,-0.018752126209000464,gbdt_price
2020-09-30,801880.SI,0.2,0.11588264356820743,gbdt_price
2020-10-31,801210.SI,0.2,0.015808833012623813,gbdt_price
2020-10-31,801880.SI,0.2,0.08008455735505793,gbdt_price
2020-10-31,801740.SI,0.2,0.08052981737865661,gbdt_price
2020-10-31,801200.SI,0.2,-0.011522666223198086,gbdt_price
2020-10-31,801150.SI,0.2,-0.0663055883876954,gbdt_price
2020-11-30,801210.SI,0.2,0.24981336215258687,gbdt_price
2020-11-30,801050.SI,0.2,0.06110876421849776,gbdt_price
2020-11-30,801880.SI,0.2,-0.004273727911804248,gbdt_price
2020-11-30,801150.SI,0.2,0.09518135546650774,gbdt_price
2020-11-30,801760.SI,0.2,-0.04965347496599526,gbdt_price
2020-12-31,801010.SI,0.2,0.003194398303135726,gbdt_price
2020-12-31,801210.SI,0.2,0.01187183811129855,gbdt_price
2020-12-31,801030.SI,0.2,0.06650023567067498,gbdt_price
2020-12-31,801150.SI,0.2,0.0053364002109719255,gbdt_price
2020-12-31,801230.SI,0.2,-0.0397298785371063,gbdt_price
2021-01-31,801740.SI,0.2,-0.015702350032856582,gbdt_price
2021-01-31,801110.SI,0.2,-0.015302750770905926,gbdt_price
2021-01-31,801030.SI,0.2,0.04289755719031918,gbdt_price
2021-01-31,801010.SI,0.2,0.08307774607703267,gbdt_price
2021-01-31,801150.SI,0.2,-0.016065881066194,gbdt_price
2021-02-28,801010.SI,0.2,-0.07562803846904664,gbdt_price
2021-02-28,801880.SI,0.2,-0.059128589596250336,gbdt_price
2021-02-28,801030.SI,0.2,-0.06490127575281246,gbdt_price
2021-02-28,801710.SI,0.2,0.010153651852502055,gbdt_price
2021-02-28,801050.SI,0.2,-0.10210012382181999,gbdt_price
2021-03-31,801730.SI,0.2,0.06870495088946704,gbdt_price
2021-03-31,801210.SI,0.2,0.013222545914387762,gbdt_price
2021-03-31,801040.SI,0.2,0.08850467217486058,gbdt_price
2021-03-31,801030.SI,0.2,0.03648138779983978,gbdt_price
2021-03-31,801880.SI,0.2,0.03217178708112445,gbdt_price
2021-04-30,801040.SI,0.2,-0.008843745118366275,gbdt_price
2021-04-30,801230.SI,0.2,0.02635646530204694,gbdt_price
2021-04-30,801950.SI,0.2,0.038825662995768395,gbdt_price
2021-04-30,801210.SI,0.2,0.033481929687072975,gbdt_price
2021-04-30,801130.SI,0.2,0.03652770633365798,gbdt_price
2021-05-31,801030.SI,0.2,0.05371075641519396,gbdt_price
2021-05-31,801130.SI,0.2,0.01953931356348293,gbdt_price
2021-05-31,801950.SI,0.2,0.02530601504900787,gbdt_price
2021-05-31,801720.SI,0.2,0.005425938733167879,gbdt_price
2021-05-31,801150.SI,0.2,-0.002627913441259788,gbdt_price
2021-06-30,801210.SI,0.2,-0.19737708969719914,gbdt_price
2021-06-30,801030.SI,0.2,0.05127979514253167,gbdt_price
2021-06-30,801050.SI,0.2,0.27401585061339695,gbdt_price
2021-06-30,801230.SI,0.2,-0.03898725927395219,gbdt_price
2021-06-30,801960.SI,0.2,0.015531624318235293,gbdt_price
2021-07-31,801030.SI,0.2,0.12462121537286142,gbdt_price
2021-07-31,801950.SI,0.2,0.27566168903042887,gbdt_price
2021-07-31,801050.SI,0.2,0.1799989092421279,gbdt_price
2021-07-31,801230.SI,0.2,0.10550428282887858,gbdt_price
2021-07-31,801730.SI,0.2,0.053703526869399054,gbdt_price
2021-08-31,801730.SI,0.2,-0.03014095661083649,gbdt_price
2021-08-31,801030.SI,0.2,-0.03830865613425105,gbdt_price
2021-08-31,801710.SI,0.2,-0.07817685247587869,gbdt_price
2021-08-31,801080.SI,0.2,-0.03931068677553984,gbdt_price
2021-08-31,801970.SI,0.2,0.025485470257787135,gbdt_price
2021-09-30,801970.SI,0.2,-0.09125842254830119,gbdt_price
2021-09-30,801960.SI,0.2,-0.09147730679297317,gbdt_price
2021-09-30,801050.SI,0.2,-0.006222573408023124,gbdt_price
2021-09-30,801880.SI,0.2,0.09899911463938826,gbdt_price
2021-09-30,801170.SI,0.2,-0.017215327413796055,gbdt_price
2021-10-31,801730.SI,0.2,0.03347142223022748,gbdt_price
2021-10-31,801880.SI,0.2,0.05222065826120814,gbdt_price
2021-10-31,801030.SI,0.2,-0.0034892196654970897,gbdt_price
2021-10-31,801050.SI,0.2,0.08841935254862987,gbdt_price
2021-10-31,801080.SI,0.2,0.08530447760597637,gbdt_price
2021-11-30,801880.SI,0.2,-0.04797536338719266,gbdt_price
2021-11-30,801730.SI,0.2,-0.08579218674913602,gbdt_price
2021-11-30,801950.SI,0.2,0.07674081756732587,gbdt_price
2021-11-30,801050.SI,0.2,-0.06215481550209623,gbdt_price
2021-11-30,801040.SI,0.2,0.015706221194255354,gbdt_price
2021-12-31,801950.SI,0.2,-0.042096041585358734,gbdt_price
2021-12-31,801050.SI,0.2,-0.10737522211905937,gbdt_price
2021-12-31,801730.SI,0.2,-0.1081864931198937,gbdt_price
2021-12-31,801040.SI,0.2,-0.07358927767682988,gbdt_price
2021-12-31,801170.SI,0.2,-0.028845289923139172,gbdt_price
2022-01-31,801730.SI,0.2,0.02543255922114751,gbdt_price
2022-01-31,801950.SI,0.2,0.1553258349045359,gbdt_price
2022-01-31,801040.SI,0.2,0.07910013207947797,gbdt_price
2022-01-31,801880.SI,0.2,0.005540456664868465,gbdt_price
2022-01-31,801050.SI,0.2,0.17175770278114344,gbdt_price
2022-02-28,801730.SI,0.2,-0.1009533445559927,gbdt_price
2022-02-28,801120.SI,0.2,-0.10261061880532174,gbdt_price
2022-02-28,801080.SI,0.2,-0.14973257590857747,gbdt_price
2022-02-28,801760.SI,0.2,-0.03681648547785166,gbdt_price
2022-02-28,801880.SI,0.2,-0.11557059554664528,gbdt_price
2022-03-31,801730.SI,0.2,-0.15533573676592138,gbdt_price
2022-03-31,801080.SI,0.2,-0.1390666054561971,gbdt_price
2022-03-31,801760.SI,0.2,-0.13951921295126424,gbdt_price
2022-03-31,801880.SI,0.2,-0.09136843466470412,gbdt_price
2022-03-31,801950.SI,0.2,-0.0387937309764117,gbdt_price
2022-04-30,801750.SI,0.2,0.02185607668759637,gbdt_price
2022-04-30,801740.SI,0.2,0.11271841333891652,gbdt_price
2022-04-30,801080.SI,0.2,0.08955769983492456,gbdt_price
2022-04-30,801890.SI,0.2,0.10414815660126675,gbdt_price
2022-04-30,801950.SI,0.2,0.09727050817368155,gbdt_price
2022-05-31,801950.SI,0.2,0.015829144115513172,gbdt_price
2022-05-31,801050.SI,0.2,0.1196406354675088,gbdt_price
2022-05-31,801890.SI,0.2,0.1043201582778428,gbdt_price
2022-05-31,801170.SI,0.2,0.01982926778111027,gbdt_price
2022-05-31,801230.SI,0.2,0.043988816402609654,gbdt_price
2022-06-30,801120.SI,0.2,-0.0968960160949317,gbdt_price
2022-06-30,801980.SI,0.2,-0.02186301813772562,gbdt_price
2022-06-30,801140.SI,0.2,-0.05632288880088565,gbdt_price
2022-06-30,801200.SI,0.2,-0.07050567192137813,gbdt_price
2022-06-30,801050.SI,0.2,-0.016247653848756483,gbdt_price
2022-07-31,801010.SI,0.2,0.00520315585094866,gbdt_price
2022-07-31,801950.SI,0.2,0.07851913380448483,gbdt_price
2022-07-31,801030.SI,0.2,-0.02748553507202056,gbdt_price
2022-07-31,801160.SI,0.2,-0.004563591022443858,gbdt_price
2022-07-31,801050.SI,0.2,-0.06482222310719477,gbdt_price
2022-08-31,801010.SI,0.2,-0.10378327426082179,gbdt_price
2022-08-31,801880.SI,0.2,-0.1051006879299562,gbdt_price
2022-08-31,801950.SI,0.2,0.016902224244873754,gbdt_price
2022-08-31,801140.SI,0.2,-0.08053859521654716,gbdt_price
2022-08-31,801770.SI,0.2,-0.0826014764860653,gbdt_price
2022-09-30,801880.SI,0.2,-0.015063249621694919,gbdt_price
2022-09-30,801230.SI,0.2,0.010318314161255948,gbdt_price
2022-09-30,801740.SI,0.2,0.1163035096458962,gbdt_price
2022-09-30,801730.SI,0.2,-0.012076447842309213,gbdt_price
2022-09-30,801050.SI,0.2,-0.03542731376927111,gbdt_price
2022-10-31,801180.SI,0.2,0.27797199405581785,gbdt_price
2022-10-31,801230.SI,0.2,0.09823107367982087,gbdt_price
2022-10-31,801050.SI,0.2,0.07505246456573023,gbdt_price
2022-10-31,801880.SI,0.2,0.08037334372711769,gbdt_price
2022-10-31,801720.SI,0.2,0.13801888444819532,gbdt_price
2022-11-30,801140.SI,0.2,0.0087773696512905,gbdt_price
2022-11-30,801950.SI,0.2,-0.10878577360365793,gbdt_price
2022-11-30,801120.SI,0.2,0.10776059249651104,gbdt_price
2022-11-30,801880.SI,0.2,-0.0642889667250438,gbdt_price
2022-11-30,801770.SI,0.2,-0.041289212234999595,gbdt_price
2019-01-31,801030.SI,0.1,0.1793120172773528,gbdt_price__trend
2019-01-31,801960.SI,0.1,0.12861591970811226,gbdt_price__trend
2019-01-31,801730.SI,0.1,0.17077446943734476,gbdt_price__trend
2019-01-31,801720.SI,0.1,0.14399025536834986,gbdt_price__trend
2019-01-31,801890.SI,0.1,0.19204658727244106,gbdt_price__trend
2019-02-28,801180.SI,0.2,0.11857409882425873,gbdt_price__trend
2019-02-28,801030.SI,0.2,0.09610422866365864,gbdt_price__trend
2019-02-28,801890.SI,0.2,0.09378740933737073,gbdt_price__trend
2019-02-28,801880.SI,0.2,0.03894848010586438,gbdt_price__trend
2019-02-28,801950.SI,0.2,0.027677879667426186,gbdt_price__trend
2019-03-31,801730.SI,0.2,-0.05081937950070958,gbdt_price__trend
2019-03-31,801030.SI,0.2,-0.013960518351497808,gbdt_price__trend
2019-03-31,801180.SI,0.2,-0.03965245925768801,gbdt_price__trend
2019-03-31,801890.SI,0.2,-0.04706147445337716,gbdt_price__trend
2019-03-31,801200.SI,0.2,-0.015121675453242722,gbdt_price__trend
2019-04-30,801740.SI,0.2,-0.01566690190543396,gbdt_price__trend
2019-04-30,801010.SI,0.2,-0.017263242757527997,gbdt_price__trend
2019-04-30,801710.SI,0.2,-0.0404388209752472,gbdt_price__trend
2019-04-30,801890.SI,0.2,-0.05659755943081535,gbdt_price__trend
2019-04-30,801200.SI,0.2,-0.08771264723785521,gbdt_price__trend
2019-05-31,801740.SI,0.2,-0.0006183682248349642,gbdt_price__trend
2019-05-31,801140.SI,0.2,-0.005337987911027353,gbdt_price__trend
2019-05-31,801200.SI,0.2,0.021251938778496404,gbdt_price__trend
2019-05-31,801980.SI,0.2,0.03717926498891733,gbdt_price__trend
2019-05-31,801210.SI,0.2,0.08223533854011422,gbdt_price__trend
2019-06-30,801980.SI,0.2,0.006378235288944545,gbdt_price__trend
2019-06-30,801010.SI,0.2,0.0730661066924354,gbdt_price__trend
2019-06-30,801740.SI,0.2,0.04998430704389545,gbdt_price__trend
2019-06-30,801200.SI,0.2,-0.04308082023772675,gbdt_price__trend
2019-06-30,801720.SI,0.2,-0.025825577263055566,gbdt_price__trend
2019-07-31,801230.SI,0.2,-0.01153701480386049,gbdt_price__trend
2019-07-31,801140.SI,0.2,-0.015841886520558623,gbdt_price__trend
2019-07-31,801770.SI,0.2,-0.05314475375486416,gbdt_price__trend
2019-07-31,801750.SI,0.2,0.03136054586367942,gbdt_price__trend
2019-07-31,801730.SI,0.2,-0.01401442661563379,gbdt_price__trend
2019-08-31,801770.SI,0.2,0.05474223497087394,gbdt_price__trend
2019-08-31,801230.SI,0.2,0.0025386796780517695,gbdt_price__trend
2019-08-31,801200.SI,0.2,-0.011992331227763109,gbdt_price__trend
2019-08-31,801740.SI,0.2,-0.06933927973404552,gbdt_price__trend
2019-08-31,801140.SI,0.2,0.0008581776573204358,gbdt_price__trend
2019-09-30,801010.SI,0.2,0.1259784115697462,gbdt_price__trend
2019-09-30,801950.SI,0.2,-0.028048918724888794,gbdt_price__trend
2019-09-30,801760.SI,0.2,0.020900374879739836,gbdt_price__trend
2019-09-30,801880.SI,0.2,-0.014550705320448665,gbdt_price__trend
2019-09-30,801030.SI,0.2,-0.009330326581564852,gbdt_price__trend
2019-10-31,801010.SI,0.1,-0.09573178866850485,gbdt_price__trend
2019-10-31,801740.SI,0.1,-0.01736677636127315,gbdt_price__trend
2019-10-31,801050.SI,0.1,0.00930789965387313,gbdt_price__trend
2019-10-31,801760.SI,0.1,-0.011568582848601072,gbdt_price__trend
2019-10-31,801880.SI,0.1,0.01843440036068511,gbdt_price__trend
2019-11-30,801010.SI,0.1,0.016831932721449228,gbdt_price__trend
2019-11-30,801740.SI,0.1,0.05666094428653179,gbdt_price__trend
2019-11-30,801210.SI,0.1,0.08231749555872403,gbdt_price__trend
2019-11-30,801120.SI,0.1,0.04601040115873256,gbdt_price__trend
2019-11-30,801710.SI,0.1,0.14377078351474704,gbdt_price__trend
2019-12-31,801010.SI,0.2,-0.04006529427768202,gbdt_price__trend
2019-12-31,801180.SI,0.2,-0.06589924772441891,gbdt_price__trend
2019-12-31,801740.SI,0.2,0.0316497838226546,gbdt_price__trend
2019-12-31,801120.SI,0.2,-0.058685391683798604,gbdt_price__trend
2019-12-31,801980.SI,0.2,0.010263802618228679,gbdt_price__trend
2020-01-31,801120.SI,0.2,-0.02401867952580017,gbdt_price__trend
2020-01-31,801010.SI,0.2,0.0824925367494238,gbdt_price__trend
2020-01-31,801210.SI,0.2,-0.03109577007373754,gbdt_price__trend
2020-01-31,801740.SI,0.2,0.008536711300815902,gbdt_price__trend
2020-01-31,801710.SI,0.2,0.07158773483208791,gbdt_price__trend
2020-02-29,801750.SI,0.2,-0.12811190368838843,gbdt_price__trend
2020-02-29,801080.SI,0.2,-0.20437596938310032,gbdt_price__trend
2020-02-29,801010.SI,0.2,0.11299716074379207,gbdt_price__trend
2020-02-29,801170.SI,0.2,-0.03072374464176353,gbdt_price__trend
2020-02-29,801210.SI,0.2,-0.09656332022499692,gbdt_price__trend
2020-03-31,801080.SI,0.1,0.11424079377389651,gbdt_price__trend
2020-03-31,801050.SI,0.1,0.01970996188113916,gbdt_price__trend
2020-03-31,801110.SI,0.1,0.07653987238512605,gbdt_price__trend
2020-03-31,801160.SI,0.1,0.01914197557880004,gbdt_price__trend
2020-03-31,801750.SI,0.1,0.0755829525273295,gbdt_price__trend
2020-04-30,801080.SI,0.2,-0.015388531995796817,gbdt_price__trend
2020-04-30,801050.SI,0.2,0.041198613655271776,gbdt_price__trend
2020-04-30,801880.SI,0.2,-0.001995856634124493,gbdt_price__trend
2020-04-30,801890.SI,0.2,0.011388806529814888,gbdt_price__trend
2020-04-30,801180.SI,0.2,-0.030954636299287963,gbdt_price__trend
2020-05-31,801770.SI,0.2,0.07804701564427452,gbdt_price__trend
2020-05-31,801080.SI,0.2,0.19160564867942598,gbdt_price__trend
2020-05-31,801750.SI,0.2,0.1145726161570435,gbdt_price__trend
2020-05-31,801050.SI,0.2,0.0466917007660721,gbdt_price__trend
2020-05-31,801010.SI,0.2,0.06118699423312646,gbdt_price__trend
2020-06-30,801880.SI,0.2,0.1421973568506505,gbdt_price__trend
2020-06-30,801710.SI,0.2,0.23918900365964002,gbdt_price__trend
2020-06-30,801050.SI,0.2,0.20294950311005522,gbdt_price__trend
2020-06-30,801230.SI,0.2,0.12005205936871421,gbdt_price__trend
2020-06-30,801030.SI,0.2,0.18227855385633496,gbdt_price__trend
2020-07-31,801880.SI,0.2,0.04960903678446149,gbdt_price__trend
2020-07-31,801140.SI,0.2,0.047952462286168895,gbdt_price__trend
2020-07-31,801760.SI,0.2,0.02995870178958926,gbdt_price__trend
2020-07-31,801030.SI,0.2,0.040956327042188434,gbdt_price__trend
2020-07-31,801770.SI,0.2,-0.008491563246290634,gbdt_price__trend
2020-08-31,801980.SI,0.2,-0.08720911367037587,gbdt_price__trend
2020-08-31,801200.SI,0.2,-0.08170594495198469,gbdt_price__trend
2020-08-31,801750.SI,0.2,-0.08843452913312788,gbdt_price__trend
2020-08-31,801140.SI,0.2,-0.08435304149471645,gbdt_price__trend
2020-08-31,801880.SI,0.2,0.011246824207247652,gbdt_price__trend
2020-09-30,801980.SI,0.2,0.05672748369372793,gbdt_price__trend
2020-09-30,801230.SI,0.2,0.018965517241379404,gbdt_price__trend
2020-09-30,801010.SI,0.2,-0.04603405777997327,gbdt_price__trend
2020-09-30,801200.SI,0.2,-0.018752126209000464,gbdt_price__trend
2020-09-30,801880.SI,0.2,0.11588264356820743,gbdt_price__trend
2020-10-31,801210.SI,0.2,0.015808833012623813,gbdt_price__trend
2020-10-31,801880.SI,0.2,0.08008455735505793,gbdt_price__trend
2020-10-31,801740.SI,0.2,0.08052981737865661,gbdt_price__trend
2020-10-31,801200.SI,0.2,-0.011522666223198086,gbdt_price__trend
2020-10-31,801150.SI,0.2,-0.0663055883876954,gbdt_price__trend
2020-11-30,801210.SI,0.2,0.24981336215258687,gbdt_price__trend
2020-11-30,801050.SI,0.2,0.06110876421849776,gbdt_price__trend
2020-11-30,801880.SI,0.2,-0.004273727911804248,gbdt_price__trend
2020-11-30,801150.SI,0.2,0.09518135546650774,gbdt_price__trend
2020-11-30,801760.SI,0.2,-0.04965347496599526,gbdt_price__trend
2020-12-31,801010.SI,0.2,0.003194398303135726,gbdt_price__trend
2020-12-31,801210.SI,0.2,0.01187183811129855,gbdt_price__trend
2020-12-31,801030.SI,0.2,0.06650023567067498,gbdt_price__trend
2020-12-31,801150.SI,0.2,0.0053364002109719255,gbdt_price__trend
2020-12-31,801230.SI,0.2,-0.0397298785371063,gbdt_price__trend
2021-01-31,801740.SI,0.2,-0.015702350032856582,gbdt_price__trend
2021-01-31,801110.SI,0.2,-0.015302750770905926,gbdt_price__trend
2021-01-31,801030.SI,0.2,0.04289755719031918,gbdt_price__trend
2021-01-31,801010.SI,0.2,0.08307774607703267,gbdt_price__trend
2021-01-31,801150.SI,0.2,-0.016065881066194,gbdt_price__trend
2021-02-28,801010.SI,0.2,-0.07562803846904664,gbdt_price__trend
2021-02-28,801880.SI,0.2,-0.059128589596250336,gbdt_price__trend
2021-02-28,801030.SI,0.2,-0.06490127575281246,gbdt_price__trend
2021-02-28,801710.SI,0.2,0.010153651852502055,gbdt_price__trend
2021-02-28,801050.SI,0.2,-0.10210012382181999,gbdt_price__trend
2021-03-31,801730.SI,0.2,0.06870495088946704,gbdt_price__trend
2021-03-31,801210.SI,0.2,0.013222545914387762,gbdt_price__trend
2021-03-31,801040.SI,0.2,0.08850467217486058,gbdt_price__trend
2021-03-31,801030.SI,0.2,0.03648138779983978,gbdt_price__trend
2021-03-31,801880.SI,0.2,0.03217178708112445,gbdt_price__trend
2021-04-30,801040.SI,0.2,-0.008843745118366275,gbdt_price__trend
2021-04-30,801230.SI,0.2,0.02635646530204694,gbdt_price__trend
2021-04-30,801950.SI,0.2,0.038825662995768395,gbdt_price__trend
2021-04-30,801210.SI,0.2,0.033481929687072975,gbdt_price__trend
2021-04-30,801130.SI,0.2,0.03652770633365798,gbdt_price__trend
2021-05-31,801030.SI,0.2,0.05371075641519396,gbdt_price__trend
2021-05-31,801130.SI,0.2,0.01953931356348293,gbdt_price__trend
2021-05-31,801950.SI,0.2,0.02530601504900787,gbdt_price__trend
2021-05-31,801720.SI,0.2,0.005425938733167879,gbdt_price__trend
2021-05-31,801150.SI,0.2,-0.002627913441259788,gbdt_price__trend
2021-06-30,801210.SI,0.2,-0.19737708969719914,gbdt_price__trend
2021-06-30,801030.SI,0.2,0.05127979514253167,gbdt_price__trend
2021-06-30,801050.SI,0.2,0.27401585061339695,gbdt_price__trend
2021-06-30,801230.SI,0.2,-0.03898725927395219,gbdt_price__trend
2021-06-30,801960.SI,0.2,0.015531624318235293,gbdt_price__trend
2021-07-31,801030.SI,0.2,0.12462121537286142,gbdt_price__trend
2021-07-31,801950.SI,0.2,0.27566168903042887,gbdt_price__trend
2021-07-31,801050.SI,0.2,0.1799989092421279,gbdt_price__trend
2021-07-31,801230.SI,0.2,0.10550428282887858,gbdt_price__trend
2021-07-31,801730.SI,0.2,0.053703526869399054,gbdt_price__trend
2021-08-31,801730.SI,0.2,-0.03014095661083649,gbdt_price__trend
2021-08-31,801030.SI,0.2,-0.03830865613425105,gbdt_price__trend
2021-08-31,801710.SI,0.2,-0.07817685247587869,gbdt_price__trend
2021-08-31,801080.SI,0.2,-0.03931068677553984,gbdt_price__trend
2021-08-31,801970.SI,0.2,0.025485470257787135,gbdt_price__trend
2021-09-30,801970.SI,0.2,-0.09125842254830119,gbdt_price__trend
2021-09-30,801960.SI,0.2,-0.09147730679297317,gbdt_price__trend
2021-09-30,801050.SI,0.2,-0.006222573408023124,gbdt_price__trend
2021-09-30,801880.SI,0.2,0.09899911463938826,gbdt_price__trend
2021-09-30,801170.SI,0.2,-0.017215327413796055,gbdt_price__trend
2021-10-31,801730.SI,0.2,0.03347142223022748,gbdt_price__trend
2021-10-31,801880.SI,0.2,0.05222065826120814,gbdt_price__trend
2021-10-31,801030.SI,0.2,-0.0034892196654970897,gbdt_price__trend
2021-10-31,801050.SI,0.2,0.08841935254862987,gbdt_price__trend
2021-10-31,801080.SI,0.2,0.08530447760597637,gbdt_price__trend
2021-11-30,801880.SI,0.2,-0.04797536338719266,gbdt_price__trend
2021-11-30,801730.SI,0.2,-0.08579218674913602,gbdt_price__trend
2021-11-30,801950.SI,0.2,0.07674081756732587,gbdt_price__trend
2021-11-30,801050.SI,0.2,-0.06215481550209623,gbdt_price__trend
2021-11-30,801040.SI,0.2,0.015706221194255354,gbdt_price__trend
2021-12-31,801950.SI,0.2,-0.042096041585358734,gbdt_price__trend
2021-12-31,801050.SI,0.2,-0.10737522211905937,gbdt_price__trend
2021-12-31,801730.SI,0.2,-0.1081864931198937,gbdt_price__trend
2021-12-31,801040.SI,0.2,-0.07358927767682988,gbdt_price__trend
2021-12-31,801170.SI,0.2,-0.028845289923139172,gbdt_price__trend
2022-01-31,801730.SI,0.1,0.02543255922114751,gbdt_price__trend
2022-01-31,801950.SI,0.1,0.1553258349045359,gbdt_price__trend
2022-01-31,801040.SI,0.1,0.07910013207947797,gbdt_price__trend
2022-01-31,801880.SI,0.1,0.005540456664868465,gbdt_price__trend
2022-01-31,801050.SI,0.1,0.17175770278114344,gbdt_price__trend
2022-02-28,801730.SI,0.1,-0.1009533445559927,gbdt_price__trend
2022-02-28,801120.SI,0.1,-0.10261061880532174,gbdt_price__trend
2022-02-28,801080.SI,0.1,-0.14973257590857747,gbdt_price__trend
2022-02-28,801760.SI,0.1,-0.03681648547785166,gbdt_price__trend
2022-02-28,801880.SI,0.1,-0.11557059554664528,gbdt_price__trend
2022-03-31,801730.SI,0.1,-0.15533573676592138,gbdt_price__trend
2022-03-31,801080.SI,0.1,-0.1390666054561971,gbdt_price__trend
2022-03-31,801760.SI,0.1,-0.13951921295126424,gbdt_price__trend
2022-03-31,801880.SI,0.1,-0.09136843466470412,gbdt_price__trend
2022-03-31,801950.SI,0.1,-0.0387937309764117,gbdt_price__trend
2022-04-30,801750.SI,0.1,0.02185607668759637,gbdt_price__trend
2022-04-30,801740.SI,0.1,0.11271841333891652,gbdt_price__trend
2022-04-30,801080.SI,0.1,0.08955769983492456,gbdt_price__trend
2022-04-30,801890.SI,0.1,0.10414815660126675,gbdt_price__trend
2022-04-30,801950.SI,0.1,0.09727050817368155,gbdt_price__trend
2022-05-31,801950.SI,0.1,0.015829144115513172,gbdt_price__trend
2022-05-31,801050.SI,0.1,0.1196406354675088,gbdt_price__trend
2022-05-31,801890.SI,0.1,0.1043201582778428,gbdt_price__trend
2022-05-31,801170.SI,0.1,0.01982926778111027,gbdt_price__trend
2022-05-31,801230.SI,0.1,0.043988816402609654,gbdt_price__trend
2022-06-30,801120.SI,0.2,-0.0968960160949317,gbdt_price__trend
2022-06-30,801980.SI,0.2,-0.02186301813772562,gbdt_price__trend
2022-06-30,801140.SI,0.2,-0.05632288880088565,gbdt_price__trend
2022-06-30,801200.SI,0.2,-0.07050567192137813,gbdt_price__trend
2022-06-30,801050.SI,0.2,-0.016247653848756483,gbdt_price__trend
2022-07-31,801010.SI,0.1,0.00520315585094866,gbdt_price__trend
2022-07-31,801950.SI,0.1,0.07851913380448483,gbdt_price__trend
2022-07-31,801030.SI,0.1,-0.02748553507202056,gbdt_price__trend
2022-07-31,801160.SI,0.1,-0.004563591022443858,gbdt_price__trend
2022-07-31,801050.SI,0.1,-0.06482222310719477,gbdt_price__trend
2022-08-31,801010.SI,0.1,-0.10378327426082179,gbdt_price__trend
2022-08-31,801880.SI,0.1,-0.1051006879299562,gbdt_price__trend
2022-08-31,801950.SI,0.1,0.016902224244873754,gbdt_price__trend
2022-08-31,801140.SI,0.1,-0.08053859521654716,gbdt_price__trend
2022-08-31,801770.SI,0.1,-0.0826014764860653,gbdt_price__trend
2022-09-30,801880.SI,0.1,-0.015063249621694919,gbdt_price__trend
2022-09-30,801230.SI,0.1,0.010318314161255948,gbdt_price__trend
2022-09-30,801740.SI,0.1,0.1163035096458962,gbdt_price__trend
2022-09-30,801730.SI,0.1,-0.012076447842309213,gbdt_price__trend
2022-09-30,801050.SI,0.1,-0.03542731376927111,gbdt_price__trend
2022-10-31,801180.SI,0.1,0.27797199405581785,gbdt_price__trend
2022-10-31,801230.SI,0.1,0.09823107367982087,gbdt_price__trend
2022-10-31,801050.SI,0.1,0.07505246456573023,gbdt_price__trend
2022-10-31,801880.SI,0.1,0.08037334372711769,gbdt_price__trend
2022-10-31,801720.SI,0.1,0.13801888444819532,gbdt_price__trend
2022-11-30,801140.SI,0.1,0.0087773696512905,gbdt_price__trend
2022-11-30,801950.SI,0.1,-0.10878577360365793,gbdt_price__trend
2022-11-30,801120.SI,0.1,0.10776059249651104,gbdt_price__trend
2022-11-30,801880.SI,0.1,-0.0642889667250438,gbdt_price__trend
2022-11-30,801770.SI,0.1,-0.041289212234999595,gbdt_price__trend
2019-01-31,801030.SI,0.16397130739193774,0.1793120172773528,gbdt_price__vol_target
2019-01-31,801960.SI,0.16397130739193774,0.12861591970811226,gbdt_price__vol_target
2019-01-31,801730.SI,0.16397130739193774,0.17077446943734476,gbdt_price__vol_target
2019-01-31,801720.SI,0.16397130739193774,0.14399025536834986,gbdt_price__vol_target
2019-01-31,801890.SI,0.16397130739193774,0.19204658727244106,gbdt_price__vol_target
2019-02-28,801180.SI,0.08920042031173513,0.11857409882425873,gbdt_price__vol_target
2019-02-28,801030.SI,0.08920042031173513,0.09610422866365864,gbdt_price__vol_target
2019-02-28,801890.SI,0.08920042031173513,0.09378740933737073,gbdt_price__vol_target
2019-02-28,801880.SI,0.08920042031173513,0.03894848010586438,gbdt_price__vol_target
2019-02-28,801950.SI,0.08920042031173513,0.027677879667426186,gbdt_price__vol_target
2019-03-31,801730.SI,0.08534904231971954,-0.05081937950070958,gbdt_price__vol_target
2019-03-31,801030.SI,0.08534904231971954,-0.013960518351497808,gbdt_price__vol_target
2019-03-31,801180.SI,0.08534904231971954,-0.03965245925768801,gbdt_price__vol_target
2019-03-31,801890.SI,0.08534904231971954,-0.04706147445337716,gbdt_price__vol_target
2019-03-31,801200.SI,0.08534904231971954,-0.015121675453242722,gbdt_price__vol_target
2019-04-30,801740.SI,0.10275072955796258,-0.01566690190543396,gbdt_price__vol_target
2019-04-30,801010.SI,0.10275072955796258,-0.017263242757527997,gbdt_price__vol_target
2019-04-30,801710.SI,0.10275072955796258,-0.0404388209752472,gbdt_price__vol_target
2019-04-30,801890.SI,0.10275072955796258,-0.05659755943081535,gbdt_price__vol_target
2019-04-30,801200.SI,0.10275072955796258,-0.08771264723785521,gbdt_price__vol_target
2019-05-31,801740.SI,0.09125944612388598,-0.0006183682248349642,gbdt_price__vol_target
2019-05-31,801140.SI,0.09125944612388598,-0.005337987911027353,gbdt_price__vol_target
2019-05-31,801200.SI,0.09125944612388598,0.021251938778496404,gbdt_price__vol_target
2019-05-31,801980.SI,0.09125944612388598,0.03717926498891733,gbdt_price__vol_target
2019-05-31,801210.SI,0.09125944612388598,0.08223533854011422,gbdt_price__vol_target
2019-06-30,801980.SI,0.09599882870375992,0.006378235288944545,gbdt_price__vol_target
2019-06-30,801010.SI,0.09599882870375992,0.0730661066924354,gbdt_price__vol_target
2019-06-30,801740.SI,0.09599882870375992,0.04998430704389545,gbdt_price__vol_target
2019-06-30,801200.SI,0.09599882870375992,-0.04308082023772675,gbdt_price__vol_target
2019-06-30,801720.SI,0.09599882870375992,-0.025825577263055566,gbdt_price__vol_target
2019-07-31,801230.SI,0.09430097816011039,-0.01153701480386049,gbdt_price__vol_target
2019-07-31,801140.SI,0.09430097816011039,-0.015841886520558623,gbdt_price__vol_target
2019-07-31,801770.SI,0.09430097816011039,-0.05314475375486416,gbdt_price__vol_target
2019-07-31,801750.SI,0.09430097816011039,0.03136054586367942,gbdt_price__vol_target
2019-07-31,801730.SI,0.09430097816011039,-0.01401442661563379,gbdt_price__vol_target
2019-08-31,801770.SI,0.16744930226965357,0.05474223497087394,gbdt_price__vol_target
2019-08-31,801230.SI,0.16744930226965357,0.0025386796780517695,gbdt_price__vol_target
2019-08-31,801200.SI,0.16744930226965357,-0.011992331227763109,gbdt_price__vol_target
2019-08-31,801740.SI,0.16744930226965357,-0.06933927973404552,gbdt_price__vol_target
2019-08-31,801140.SI,0.16744930226965357,0.0008581776573204358,gbdt_price__vol_target
2019-09-30,801010.SI,0.2,0.1259784115697462,gbdt_price__vol_target
2019-09-30,801950.SI,0.2,-0.028048918724888794,gbdt_price__vol_target
2019-09-30,801760.SI,0.2,0.020900374879739836,gbdt_price__vol_target
2019-09-30,801880.SI,0.2,-0.014550705320448665,gbdt_price__vol_target
2019-09-30,801030.SI,0.2,-0.009330326581564852,gbdt_price__vol_target
2019-10-31,801010.SI,0.2,-0.09573178866850485,gbdt_price__vol_target
2019-10-31,801740.SI,0.2,-0.01736677636127315,gbdt_price__vol_target
2019-10-31,801050.SI,0.2,0.00930789965387313,gbdt_price__vol_target
2019-10-31,801760.SI,0.2,-0.011568582848601072,gbdt_price__vol_target
2019-10-31,801880.SI,0.2,0.01843440036068511,gbdt_price__vol_target
2019-11-30,801010.SI,0.2,0.016831932721449228,gbdt_price__vol_target
2019-11-30,801740.SI,0.2,0.05666094428653179,gbdt_price__vol_target
2019-11-30,801210.SI,0.2,0.08231749555872403,gbdt_price__vol_target
2019-11-30,801120.SI,0.2,0.04601040115873256,gbdt_price__vol_target
2019-11-30,801710.SI,0.2,0.14377078351474704,gbdt_price__vol_target
2019-12-31,801010.SI,0.2,-0.04006529427768202,gbdt_price__vol_target
2019-12-31,801180.SI,0.2,-0.06589924772441891,gbdt_price__vol_target
2019-12-31,801740.SI,0.2,0.0316497838226546,gbdt_price__vol_target
2019-12-31,801120.SI,0.2,-0.058685391683798604,gbdt_price__vol_target
2019-12-31,801980.SI,0.2,0.010263802618228679,gbdt_price__vol_target
2020-01-31,801120.SI,0.2,-0.02401867952580017,gbdt_price__vol_target
2020-01-31,801010.SI,0.2,0.0824925367494238,gbdt_price__vol_target
2020-01-31,801210.SI,0.2,-0.03109577007373754,gbdt_price__vol_target
2020-01-31,801740.SI,0.2,0.008536711300815902,gbdt_price__vol_target
2020-01-31,801710.SI,0.2,0.07158773483208791,gbdt_price__vol_target
2020-02-29,801750.SI,0.2,-0.12811190368838843,gbdt_price__vol_target
2020-02-29,801080.SI,0.2,-0.20437596938310032,gbdt_price__vol_target
2020-02-29,801010.SI,0.2,0.11299716074379207,gbdt_price__vol_target
2020-02-29,801170.SI,0.2,-0.03072374464176353,gbdt_price__vol_target
2020-02-29,801210.SI,0.2,-0.09656332022499692,gbdt_price__vol_target
2020-03-31,801080.SI,0.2,0.11424079377389651,gbdt_price__vol_target
2020-03-31,801050.SI,0.2,0.01970996188113916,gbdt_price__vol_target
2020-03-31,801110.SI,0.2,0.07653987238512605,gbdt_price__vol_target
2020-03-31,801160.SI,0.2,0.01914197557880004,gbdt_price__vol_target
2020-03-31,801750.SI,0.2,0.0755829525273295,gbdt_price__vol_target
2020-04-30,801080.SI,0.19054858773006775,-0.015388531995796817,gbdt_price__vol_target
2020-04-30,801050.SI,0.19054858773006775,0.041198613655271776,gbdt_price__vol_target
2020-04-30,801880.SI,0.19054858773006775,-0.001995856634124493,gbdt_price__vol_target
2020-04-30,801890.SI,0.19054858773006775,0.011388806529814888,gbdt_price__vol_target
2020-04-30,801180.SI,0.19054858773006775,-0.030954636299287963,gbdt_price__vol_target
2020-05-31,801770.SI,0.19761127371957907,0.07804701564427452,gbdt_price__vol_target
2020-05-31,801080.SI,0.19761127371957907,0.19160564867942598,gbdt_price__vol_target
2020-05-31,801750.SI,0.19761127371957907,0.1145726161570435,gbdt_price__vol_target
2020-05-31,801050.SI,0.19761127371957907,0.0466917007660721,gbdt_price__vol_target
2020-05-31,801010.SI,0.19761127371957907,0.06118699423312646,gbdt_price__vol_target
2020-06-30,801880.SI,0.2,0.1421973568506505,gbdt_price__vol_target
2020-06-30,801710.SI,0.2,0.23918900365964002,gbdt_price__vol_target
2020-06-30,801050.SI,0.2,0.20294950311005522,gbdt_price__vol_target
2020-06-30,801230.SI,0.2,0.12005205936871421,gbdt_price__vol_target
2020-06-30,801030.SI,0.2,0.18227855385633496,gbdt_price__vol_target
2020-07-31,801880.SI,0.13583295209328558,0.04960903678446149,gbdt_price__vol_target
2020-07-31,801140.SI,0.13583295209328558,0.047952462286168895,gbdt_price__vol_target
2020-07-31,801760.SI,0.13583295209328558,0.02995870178958926,gbdt_price__vol_target
2020-07-31,801030.SI,0.13583295209328558,0.040956327042188434,gbdt_price__vol_target
2020-07-31,801770.SI,0.13583295209328558,-0.008491563246290634,gbdt_price__vol_target
2020-08-31,801980.SI,0.1385403395584752,-0.08720911367037587,gbdt_price__vol_target
2020-08-31,801200.SI,0.1385403395584752,-0.08170594495198469,gbdt_price__vol_target
2020-08-31,801750.SI,0.1385403395584752,-0.08843452913312788,gbdt_price__vol_target
2020-08-31,801140.SI,0.1385403395584752,-0.08435304149471645,gbdt_price__vol_target
2020-08-31,801880.SI,0.1385403395584752,0.011246824207247652,gbdt_price__vol_target
2020-09-30,801980.SI,0.12981340934077137,0.05672748369372793,gbdt_price__vol_target
2020-09-30,801230.SI,0.12981340934077137,0.018965517241379404,gbdt_price__vol_target
2020-09-30,801010.SI,0.12981340934077137,-0.04603405777997327,gbdt_price__vol_target
2020-09-30,801200.SI,0.12981340934077137,-0.018752126209000464,gbdt_price__vol_target
2020-09-30,801880.SI,0.12981340934077137,0.11588264356820743,gbdt_price__vol_target
2020-10-31,801210.SI,0.12802445908687174,0.015808833012623813,gbdt_price__vol_target
2020-10-31,801880.SI,0.12802445908687174,0.08008455735505793,gbdt_price__vol_target
2020-10-31,801740.SI,0.12802445908687174,0.08052981737865661,gbdt_price__vol_target
2020-10-31,801200.SI,0.12802445908687174,-0.011522666223198086,gbdt_price__vol_target
2020-10-31,801150.SI,0.12802445908687174,-0.0663055883876954,gbdt_price__vol_target
2020-11-30,801210.SI,0.12887963173552902,0.24981336215258687,gbdt_price__vol_target
2020-11-30,801050.SI,0.12887963173552902,0.06110876421849776,gbdt_price__vol_target
2020-11-30,801880.SI,0.12887963173552902,-0.004273727911804248,gbdt_price__vol_target
2020-11-30,801150.SI,0.12887963173552902,0.09518135546650774,gbdt_price__vol_target
2020-11-30,801760.SI,0.12887963173552902,-0.04965347496599526,gbdt_price__vol_target
2020-12-31,801010.SI,0.13249745975100496,0.003194398303135726,gbdt_price__vol_target
2020-12-31,801210.SI,0.13249745975100496,0.01187183811129855,gbdt_price__vol_target
2020-12-31,801030.SI,0.13249745975100496,0.06650023567067498,gbdt_price__vol_target
2020-12-31,801150.SI,0.13249745975100496,0.0053364002109719255,gbdt_price__vol_target
2020-12-31,801230.SI,0.13249745975100496,-0.0397298785371063,gbdt_price__vol_target
2021-01-31,801740.SI,0.2,-0.015702350032856582,gbdt_price__vol_target
2021-01-31,801110.SI,0.2,-0.015302750770905926,gbdt_price__vol_target
2021-01-31,801030.SI,0.2,0.04289755719031918,gbdt_price__vol_target
2021-01-31,801010.SI,0.2,0.08307774607703267,gbdt_price__vol_target
2021-01-31,801150.SI,0.2,-0.016065881066194,gbdt_price__vol_target
2021-02-28,801010.SI,0.2,-0.07562803846904664,gbdt_price__vol_target
2021-02-28,801880.SI,0.2,-0.059128589596250336,gbdt_price__vol_target
2021-02-28,801030.SI,0.2,-0.06490127575281246,gbdt_price__vol_target
2021-02-28,801710.SI,0.2,0.010153651852502055,gbdt_price__vol_target
2021-02-28,801050.SI,0.2,-0.10210012382181999,gbdt_price__vol_target
2021-03-31,801730.SI,0.2,0.06870495088946704,gbdt_price__vol_target
2021-03-31,801210.SI,0.2,0.013222545914387762,gbdt_price__vol_target
2021-03-31,801040.SI,0.2,0.08850467217486058,gbdt_price__vol_target
2021-03-31,801030.SI,0.2,0.03648138779983978,gbdt_price__vol_target
2021-03-31,801880.SI,0.2,0.03217178708112445,gbdt_price__vol_target
2021-04-30,801040.SI,0.2,-0.008843745118366275,gbdt_price__vol_target
2021-04-30,801230.SI,0.2,0.02635646530204694,gbdt_price__vol_target
2021-04-30,801950.SI,0.2,0.038825662995768395,gbdt_price__vol_target
2021-04-30,801210.SI,0.2,0.033481929687072975,gbdt_price__vol_target
2021-04-30,801130.SI,0.2,0.03652770633365798,gbdt_price__vol_target
2021-05-31,801030.SI,0.2,0.05371075641519396,gbdt_price__vol_target
2021-05-31,801130.SI,0.2,0.01953931356348293,gbdt_price__vol_target
2021-05-31,801950.SI,0.2,0.02530601504900787,gbdt_price__vol_target
2021-05-31,801720.SI,0.2,0.005425938733167879,gbdt_price__vol_target
2021-05-31,801150.SI,0.2,-0.002627913441259788,gbdt_price__vol_target
2021-06-30,801210.SI,0.2,-0.19737708969719914,gbdt_price__vol_target
2021-06-30,801030.SI,0.2,0.05127979514253167,gbdt_price__vol_target
2021-06-30,801050.SI,0.2,0.27401585061339695,gbdt_price__vol_target
2021-06-30,801230.SI,0.2,-0.03898725927395219,gbdt_price__vol_target
2021-06-30,801960.SI,0.2,0.015531624318235293,gbdt_price__vol_target
2021-07-31,801030.SI,0.2,0.12462121537286142,gbdt_price__vol_target
2021-07-31,801950.SI,0.2,0.27566168903042887,gbdt_price__vol_target
2021-07-31,801050.SI,0.2,0.1799989092421279,gbdt_price__vol_target
2021-07-31,801230.SI,0.2,0.10550428282887858,gbdt_price__vol_target
2021-07-31,801730.SI,0.2,0.053703526869399054,gbdt_price__vol_target
2021-08-31,801730.SI,0.2,-0.03014095661083649,gbdt_price__vol_target
2021-08-31,801030.SI,0.2,-0.03830865613425105,gbdt_price__vol_target
2021-08-31,801710.SI,0.2,-0.07817685247587869,gbdt_price__vol_target
2021-08-31,801080.SI,0.2,-0.03931068677553984,gbdt_price__vol_target
2021-08-31,801970.SI,0.2,0.025485470257787135,gbdt_price__vol_target
2021-09-30,801970.SI,0.2,-0.09125842254830119,gbdt_price__vol_target
2021-09-30,801960.SI,0.2,-0.09147730679297317,gbdt_price__vol_target
2021-09-30,801050.SI,0.2,-0.006222573408023124,gbdt_price__vol_target
2021-09-30,801880.SI,0.2,0.09899911463938826,gbdt_price__vol_target
2021-09-30,801170.SI,0.2,-0.017215327413796055,gbdt_price__vol_target
2021-10-31,801730.SI,0.2,0.03347142223022748,gbdt_price__vol_target
2021-10-31,801880.SI,0.2,0.05222065826120814,gbdt_price__vol_target
2021-10-31,801030.SI,0.2,-0.0034892196654970897,gbdt_price__vol_target
2021-10-31,801050.SI,0.2,0.08841935254862987,gbdt_price__vol_target
2021-10-31,801080.SI,0.2,0.08530447760597637,gbdt_price__vol_target
2021-11-30,801880.SI,0.2,-0.04797536338719266,gbdt_price__vol_target
2021-11-30,801730.SI,0.2,-0.08579218674913602,gbdt_price__vol_target
2021-11-30,801950.SI,0.2,0.07674081756732587,gbdt_price__vol_target
2021-11-30,801050.SI,0.2,-0.06215481550209623,gbdt_price__vol_target
2021-11-30,801040.SI,0.2,0.015706221194255354,gbdt_price__vol_target
2021-12-31,801950.SI,0.2,-0.042096041585358734,gbdt_price__vol_target
2021-12-31,801050.SI,0.2,-0.10737522211905937,gbdt_price__vol_target
2021-12-31,801730.SI,0.2,-0.1081864931198937,gbdt_price__vol_target
2021-12-31,801040.SI,0.2,-0.07358927767682988,gbdt_price__vol_target
2021-12-31,801170.SI,0.2,-0.028845289923139172,gbdt_price__vol_target
2022-01-31,801730.SI,0.16781090124645964,0.02543255922114751,gbdt_price__vol_target
2022-01-31,801950.SI,0.16781090124645964,0.1553258349045359,gbdt_price__vol_target
2022-01-31,801040.SI,0.16781090124645964,0.07910013207947797,gbdt_price__vol_target
2022-01-31,801880.SI,0.16781090124645964,0.005540456664868465,gbdt_price__vol_target
2022-01-31,801050.SI,0.16781090124645964,0.17175770278114344,gbdt_price__vol_target
2022-02-28,801730.SI,0.17966022354069944,-0.1009533445559927,gbdt_price__vol_target
2022-02-28,801120.SI,0.17966022354069944,-0.10261061880532174,gbdt_price__vol_target
2022-02-28,801080.SI,0.17966022354069944,-0.14973257590857747,gbdt_price__vol_target
2022-02-28,801760.SI,0.17966022354069944,-0.03681648547785166,gbdt_price__vol_target
2022-02-28,801880.SI,0.17966022354069944,-0.11557059554664528,gbdt_price__vol_target
2022-03-31,801730.SI,0.15797096127312993,-0.15533573676592138,gbdt_price__vol_target
2022-03-31,801080.SI,0.15797096127312993,-0.1390666054561971,gbdt_price__vol_target
2022-03-31,801760.SI,0.15797096127312993,-0.13951921295126424,gbdt_price__vol_target
2022-03-31,801880.SI,0.15797096127312993,-0.09136843466470412,gbdt_price__vol_target
2022-03-31,801950.SI,0.15797096127312993,-0.0387937309764117,gbdt_price__vol_target
2022-04-30,801750.SI,0.1363209426279144,0.02185607668759637,gbdt_price__vol_target
2022-04-30,801740.SI,0.1363209426279144,0.11271841333891652,gbdt_price__vol_target
2022-04-30,801080.SI,0.1363209426279144,0.08955769983492456,gbdt_price__vol_target
2022-04-30,801890.SI,0.1363209426279144,0.10414815660126675,gbdt_price__vol_target
2022-04-30,801950.SI,0.1363209426279144,0.09727050817368155,gbdt_price__vol_target
2022-05-31,801950.SI,0.12103763990016927,0.015829144115513172,gbdt_price__vol_target
2022-05-31,801050.SI,0.12103763990016927,0.1196406354675088,gbdt_price__vol_target
2022-05-31,801890.SI,0.12103763990016927,0.1043201582778428,gbdt_price__vol_target
2022-05-31,801170.SI,0.12103763990016927,0.01982926778111027,gbdt_price__vol_target
2022-05-31,801230.SI,0.12103763990016927,0.043988816402609654,gbdt_price__vol_target
2022-06-30,801120.SI,0.1108739102235933,-0.0968960160949317,gbdt_price__vol_target
2022-06-30,801980.SI,0.1108739102235933,-0.02186301813772562,gbdt_price__vol_target
2022-06-30,801140.SI,0.1108739102235933,-0.05632288880088565,gbdt_price__vol_target
2022-06-30,801200.SI,0.1108739102235933,-0.07050567192137813,gbdt_price__vol_target
2022-06-30,801050.SI,0.1108739102235933,-0.016247653848756483,gbdt_price__vol_target
2022-07-31,801010.SI,0.12540285478190824,0.00520315585094866,gbdt_price__vol_target
2022-07-31,801950.SI,0.12540285478190824,0.07851913380448483,gbdt_price__vol_target
2022-07-31,801030.SI,0.12540285478190824,-0.02748553507202056,gbdt_price__vol_target
2022-07-31,801160.SI,0.12540285478190824,-0.004563591022443858,gbdt_price__vol_target
2022-07-31,801050.SI,0.12540285478190824,-0.06482222310719477,gbdt_price__vol_target
2022-08-31,801010.SI,0.13030820012369454,-0.10378327426082179,gbdt_price__vol_target
2022-08-31,801880.SI,0.13030820012369454,-0.1051006879299562,gbdt_price__vol_target
2022-08-31,801950.SI,0.13030820012369454,0.016902224244873754,gbdt_price__vol_target
2022-08-31,801140.SI,0.13030820012369454,-0.08053859521654716,gbdt_price__vol_target
2022-08-31,801770.SI,0.13030820012369454,-0.0826014764860653,gbdt_price__vol_target
2022-09-30,801880.SI,0.12778064919188917,-0.015063249621694919,gbdt_price__vol_target
2022-09-30,801230.SI,0.12778064919188917,0.010318314161255948,gbdt_price__vol_target
2022-09-30,801740.SI,0.12778064919188917,0.1163035096458962,gbdt_price__vol_target
2022-09-30,801730.SI,0.12778064919188917,-0.012076447842309213,gbdt_price__vol_target
2022-09-30,801050.SI,0.12778064919188917,-0.03542731376927111,gbdt_price__vol_target
2022-10-31,801180.SI,0.15018870660028677,0.27797199405581785,gbdt_price__vol_target
2022-10-31,801230.SI,0.15018870660028677,0.09823107367982087,gbdt_price__vol_target
2022-10-31,801050.SI,0.15018870660028677,0.07505246456573023,gbdt_price__vol_target
2022-10-31,801880.SI,0.15018870660028677,0.08037334372711769,gbdt_price__vol_target
2022-10-31,801720.SI,0.15018870660028677,0.13801888444819532,gbdt_price__vol_target
2022-11-30,801140.SI,0.13336772671962496,0.0087773696512905,gbdt_price__vol_target
2022-11-30,801950.SI,0.13336772671962496,-0.10878577360365793,gbdt_price__vol_target
2022-11-30,801120.SI,0.13336772671962496,0.10776059249651104,gbdt_price__vol_target
2022-11-30,801880.SI,0.13336772671962496,-0.0642889667250438,gbdt_price__vol_target
2022-11-30,801770.SI,0.13336772671962496,-0.041289212234999595,gbdt_price__vol_target
2019-01-31,801110.SI,0.2,0.10322283560272227,ranker_price
2019-01-31,801880.SI,0.2,0.15702613176297398,ranker_price
2019-01-31,801120.SI,0.2,0.12600095208191964,ranker_price
2019-01-31,801040.SI,0.2,0.15019259429602472,ranker_price
2019-01-31,801960.SI,0.2,0.12861591970811226,ranker_price
2019-02-28,801740.SI,0.2,0.10793159048499001,ranker_price
2019-02-28,801120.SI,0.2,0.1621849903572148,ranker_price
2019-02-28,801880.SI,0.2,0.03894848010586438,ranker_price
2019-02-28,801080.SI,0.2,0.07653144827849023,ranker_price
2019-02-28,801770.SI,0.2,0.05643870648407856,ranker_price
2019-03-31,801140.SI,0.2,-0.06697343551872914,ranker_price
2019-03-31,801740.SI,0.2,-0.07316714223810183,ranker_price
2019-03-31,801120.SI,0.2,0.06350158473392353,ranker_price
2019-03-31,801750.SI,0.2,-0.07320660468988494,ranker_price
2019-03-31,801770.SI,0.2,-0.022988954525755223,ranker_price
2019-04-30,801210.SI,0.2,-0.05811834333623178,ranker_price
2019-04-30,801140.SI,0.2,-0.07448608914910892,ranker_price
2019-04-30,801980.SI,0.2,-0.04751520417028676,ranker_price
2019-04-30,801230.SI,0.2,-0.06322075589932563,ranker_price
2019-04-30,801730.SI,0.2,-0.058315196077307285,ranker_price
2019-05-31,801740.SI,0.2,-0.0006183682248349642,ranker_price
2019-05-31,801770.SI,0.2,0.03531913028230771,ranker_price
2019-05-31,801230.SI,0.2,0.0010333518038727618,ranker_price
2019-05-31,801080.SI,0.2,0.032155024682723576,ranker_price
2019-05-31,801210.SI,0.2,0.08223533854011422,ranker_price
2019-06-30,801770.SI,0.2,-0.03812818352337455,ranker_price
2019-06-30,801010.SI,0.2,0.0730661066924354,ranker_price
2019-06-30,801210.SI,0.2,0.010552112008306747,ranker_price
2019-06-30,801980.SI,0.2,0.006378235288944545,ranker_price
2019-06-30,801230.SI,0.2,-0.032190339407358604,ranker_price
2019-07-31,801030.SI,0.2,-0.02963914962020997,ranker_price
2019-07-31,801140.SI,0.2,-0.015841886520558623,ranker_price
2019-07-31,801130.SI,0.2,-0.012276767965904933,ranker_price
2019-07-31,801230.SI,0.2,-0.01153701480386049,ranker_price
2019-07-31,801180.SI,0.2,-0.06717407232245898,ranker_price
2019-08-31,801030.SI,0.2,0.018271730483774506,ranker_price
2019-08-31,801200.SI,0.2,-0.011992331227763109,ranker_price
2019-08-31,801130.SI,0.2,0.007271927141193624,ranker_price
2019-08-31,801760.SI,0.2,0.020499365213711318,ranker_price
2019-08-31,801140.SI,0.2,0.0008581776573204358,ranker_price
2019-09-30,801950.SI,0.2,-0.028048918724888794,ranker_price
2019-09-30,801030.SI,0.2,-0.009330326581564852,ranker_price
2019-09-30,801760.SI,0.2,0.020900374879739836,ranker_price
2019-09-30,801720.SI,0.2,-0.018710623638728996,ranker_price
2019-09-30,801880.SI,0.2,-0.014550705320448665,ranker_price
2019-10-31,801760.SI,0.2,-0.011568582848601072,ranker_price
2019-10-31,801150.SI,0.2,-0.026464137330702853,ranker_price
2019-10-31,801210.SI,0.2,-0.044744089739466086,ranker_price
2019-10-31,801080.SI,0.2,0.035991417608382203,ranker_price
2019-10-31,801740.SI,0.2,-0.01736677636127315,ranker_price
2019-11-30,801710.SI,0.2,0.14377078351474704,ranker_price
2019-11-30,801210.SI,0.2,0.08231749555872403,ranker_price
2019-11-30,801120.SI,0.2,0.04601040115873256,ranker_price
2019-11-30,801980.SI,0.2,0.06142086645886602,ranker_price
2019-11-30,801890.SI,0.2,0.08871536804575508,ranker_price
2019-12-31,801120.SI,0.2,-0.058685391683798604,ranker_price
2019-12-31,801180.SI,0.2,-0.06589924772441891,ranker_price
2019-12-31,801980.SI,0.2,0.010263802618228679,ranker_price
2019-12-31,801110.SI,0.2,-0.026310377096551818,ranker_price
2019-12-31,801230.SI,0.2,0.01975809303751208,ranker_price
2020-01-31,801120.SI,0.2,-0.02401867952580017,ranker_price
2020-01-31,801080.SI,0.2,0.054112537678331574,ranker_price
2020-01-31,801710.SI,0.2,0.07158773483208791,ranker_price
2020-01-31,801770.SI,0.2,0.11077342634625098,ranker_price
2020-01-31,801980.SI,0.2,0.019710748440960435,ranker_price
2020-02-29,801080.SI,0.2,-0.20437596938310032,ranker_price
2020-02-29,801750.SI,0.2,-0.12811190368838843,ranker_price
2020-02-29,801130.SI,0.2,-0.04019133294942234,ranker_price
2020-02-29,801770.SI,0.2,-0.07935396231061986,ranker_price
2020-02-29,801980.SI,0.2,0.02172594441697484,ranker_price
2020-03-31,801230.SI,0.2,0.025880372801183826,ranker_price
2020-03-31,801080.SI,0.2,0.11424079377389651,ranker_price
2020-03-31,801030.SI,0.2,0.047293408027759165,ranker_price
2020-03-31,801750.SI,0.2,0.0755829525273295,ranker_price
2020-03-31,801010.SI,0.2,-0.00315738574733071,ranker_price
2020-04-30,801880.SI,0.2,-0.001995856634124493,ranker_price
2020-04-30,801710.SI,0.2,-0.016152427675268255,ranker_price
2020-04-30,801010.SI,0.2,-0.04383474004095578,ranker_price
2020-04-30,801120.SI,0.2,0.090723237518892,ranker_price
2020-04-30,801740.SI,0.2,0.004339223105495282,ranker_price
2020-05-31,801770.SI,0.2,0.07804701564427452,ranker_price
2020-05-31,801120.SI,0.2,0.08590427610232187,ranker_price
2020-05-31,801710.SI,0.2,-0.01119322917655019,ranker_price
2020-05-31,801740.SI,0.2,0.02954341213880829,ranker_price
2020-05-31,801050.SI,0.2,0.0466917007660721,ranker_price
2020-06-30,801120.SI,0.2,0.17286250878024578,ranker_price
2020-06-30,801710.SI,0.2,0.23918900365964002,ranker_price
2020-06-30,801050.SI,0.2,0.20294950311005522,ranker_price
2020-06-30,801740.SI,0.2,0.27795915969348783,ranker_price
2020-06-30,801980.SI,0.2,0.07610780504598424,ranker_price
2020-07-31,801150.SI,0.2,-0.027681337948046725,ranker_price
2020-07-31,801760.SI,0.2,0.02995870178958926,ranker_price
2020-07-31,801980.SI,0.2,-0.021900525328234832,ranker_price
2020-07-31,801030.SI,0.2,0.040956327042188434,ranker_price
2020-07-31,801120.SI,0.2,0.12040826126159776,ranker_price
2020-08-31,801200.SI,0.2,-0.08170594495198469,ranker_price
2020-08-31,801120.SI,0.2,-0.09181520053461079,ranker_price
2020-08-31,801890.SI,0.2,-0.04145865137324478,ranker_price
2020-08-31,801140.SI,0.2,-0.08435304149471645,ranker_price
2020-08-31,801030.SI,0.2,-0.060199486233813215,ranker_price
2020-09-30,801980.SI,0.2,0.05672748369372793,ranker_price
2020-09-30,801760.SI,0.2,-0.028560163623370438,ranker_price
2020-09-30,801730.SI,0.2,0.064989036648045,ranker_price
2020-09-30,801140.SI,0.2,0.021505418595330283,ranker_price
2020-09-30,801110.SI,0.2,0.07265940931713866,ranker_price
2020-10-31,801140.SI,0.2,0.02506087311081795,ranker_price
2020-10-31,801730.SI,0.2,0.01567640880786869,ranker_price
2020-10-31,801740.SI,0.2,0.08052981737865661,ranker_price
2020-10-31,801050.SI,0.2,0.20511651295056832,ranker_price
2020-10-31,801150.SI,0.2,-0.0663055883876954,ranker_price
2020-11-30,801210.SI,0.2,0.24981336215258687,ranker_price
2020-11-30,801140.SI,0.2,-0.022162847772082106,ranker_price
2020-11-30,801080.SI,0.2,0.009391242799336563,ranker_price
2020-11-30,801960.SI,0.2,-0.011795902990807017,ranker_price
2020-11-30,801730.SI,0.2,0.19937051313788579,ranker_price
2020-12-31,801140.SI,0.2,0.027400835073068786,ranker_price
2020-12-31,801960.SI,0.2,0.10204374647245795,ranker_price
2020-12-31,801740.SI,0.2,-0.10204391293841297,ranker_price
2020-12-31,801980.SI,0.2,0.05496550211270179,ranker_price
2020-12-31,801230.SI,0.2,-0.0397298785371063,ranker_price
2021-01-31,801740.SI,0.2,-0.015702350032856582,ranker_price
2021-01-31,801010.SI,0.2,0.08307774607703267,ranker_price
2021-01-31,801150.SI,0.2,-0.016065881066194,ranker_price
2021-01-31,801050.SI,0.2,0.06679609551096566,ranker_price
2021-01-31,801980.SI,0.2,0.01718694109332497,ranker_price
2021-02-28,801010.SI,0.2,-0.07562803846904664,ranker_price
2021-02-28,801880.SI,0.2,-0.059128589596250336,ranker_price
2021-02-28,801050.SI,0.2,-0.10210012382181999,ranker_price
2021-02-28,801730.SI,0.2,-0.046533269079661155,ranker_price
2021-02-28,801150.SI,0.2,-0.030125196600598758,ranker_price
2021-03-31,801730.SI,0.2,0.06870495088946704,ranker_price
2021-03-31,801050.SI,0.2,0.09013414732895408,ranker_price
2021-03-31,801960.SI,0.2,-0.0007827304935321688,ranker_price
2021-03-31,801210.SI,0.2,0.013222545914387762,ranker_price
2021-03-31,801950.SI,0.2,0.05932698893535515,ranker_price
2021-04-30,801730.SI,0.2,0.07704547572453646,ranker_price
2021-04-30,801960.SI,0.2,0.0135138230376326,ranker_price
2021-04-30,801160.SI,0.2,0.04601799547896834,ranker_price
2021-04-30,801130.SI,0.2,0.03652770633365798,ranker_price
2021-04-30,801950.SI,0.2,0.038825662995768395,ranker_price
2021-05-31,801080.SI,0.2,0.11816785960940179,ranker_price
2021-05-31,801160.SI,0.2,-0.008620730243178998,ranker_price
2021-05-31,801960.SI,0.2,0.039200885895726456,ranker_price
2021-05-31,801730.SI,0.2,0.1354585982163523,ranker_price
2021-05-31,801200.SI,0.2,-0.05021807311575033,ranker_price
2021-06-30,801210.SI,0.2,-0.19737708969719914,ranker_price
2021-06-30,801050.SI,0.2,0.27401585061339695,ranker_price
2021-06-30,801080.SI,0.2,0.040063917919116676,ranker_price
2021-06-30,801960.SI,0.2,0.015531624318235293,ranker_price
2021-06-30,801160.SI,0.2,-0.03198077544119604,ranker_price
2021-07-31,801970.SI,0.2,0.11725889104470744,ranker_price
2021-07-31,801080.SI,0.2,-0.06966802266453576,ranker_price
2021-07-31,801160.SI,0.2,0.11602806260118737,ranker_price
2021-07-31,801980.SI,0.2,-0.0557364797589569,ranker_price
2021-07-31,801730.SI,0.2,0.053703526869399054,ranker_price
2021-08-31,801030.SI,0.2,-0.03830865613425105,ranker_price
2021-08-31,801740.SI,0.2,-0.10270136150309095,ranker_price
2021-08-31,801880.SI,0.2,-0.08890514845012731,ranker_price
2021-08-31,801160.SI,0.2,0.15892386143836812,ranker_price
2021-08-31,801230.SI,0.2,-0.12149055981009582,ranker_price
2021-09-30,801880.SI,0.2,0.09899911463938826,ranker_price
2021-09-30,801050.SI,0.2,-0.006222573408023124,ranker_price
2021-09-30,801040.SI,0.2,-0.1168333816565188,ranker_price
2021-09-30,801740.SI,0.2,0.040625055157116785,ranker_price
2021-09-30,801160.SI,0.2,-0.0781923287006131,ranker_price
2021-10-31,801950.SI,0.2,-0.04184496502567925,ranker_price
2021-10-31,801050.SI,0.2,0.08841935254862987,ranker_price
2021-10-31,801080.SI,0.2,0.08530447760597637,ranker_price
2021-10-31,801880.SI,0.2,0.05222065826120814,ranker_price
2021-10-31,801210.SI,0.2,-0.1661897748428235,ranker_price
2021-11-30,801950.SI,0.2,0.07674081756732587,ranker_price
2021-11-30,801050.SI,0.2,-0.06215481550209623,ranker_price
2021-11-30,801080.SI,0.2,0.011380518364018322,ranker_price
2021-11-30,801040.SI,0.2,0.015706221194255354,ranker_price
2021-11-30,801880.SI,0.2,-0.04797536338719266,ranker_price
2021-12-31,801050.SI,0.2,-0.10737522211905937,ranker_price
2021-12-31,801950.SI,0.2,-0.042096041585358734,ranker_price
2021-12-31,801730.SI,0.2,-0.1081864931198937,ranker_price
2021-12-31,801740.SI,0.2,-0.17921938741981303,ranker_price
2021-12-31,801040.SI,0.2,-0.07358927767682988,ranker_price
2022-01-31,801120.SI,0.2,-0.007451832313715712,ranker_price
2022-01-31,801950.SI,0.2,0.1553258349045359,ranker_price
2022-01-31,801740.SI,0.2,0.054260128351994785,ranker_price
2022-01-31,801970.SI,0.2,0.0770485912141492,ranker_price
2022-01-31,801160.SI,0.2,0.07892452953618712,ranker_price
2022-02-28,801760.SI,0.2,-0.03681648547785166,ranker_price
2022-02-28,801120.SI,0.2,-0.10261061880532174,ranker_price
2022-02-28,801970.SI,0.2,-0.09540191534257947,ranker_price
2022-02-28,801170.SI,0.2,-0.07208777183250692,ranker_price
2022-02-28,801720.SI,0.2,-0.019815462427106634,ranker_price
2022-03-31,801760.SI,0.2,-0.13951921295126424,ranker_price
2022-03-31,801770.SI,0.2,-0.1228865404571009,ranker_price
2022-03-31,801080.SI,0.2,-0.1390666054561971,ranker_price
2022-03-31,801720.SI,0.2,-0.02973771453057006,ranker_price
2022-03-31,801230.SI,0.2,-0.12677583238267986,ranker_price
2022-04-30,801120.SI,0.2,0.019460652627061314,ranker_price
2022-04-30,801080.SI,0.2,0.08955769983492456,ranker_price
2022-04-30,801040.SI,0.2,0.038715071613794505,ranker_price
2022-04-30,801950.SI,0.2,0.09727050817368155,ranker_price
2022-04-30,801730.SI,0.2,0.12431716584198194,ranker_price
2022-05-31,801080.SI,0.2,0.08034549813740277,ranker_price
2022-05-31,801210.SI,0.2,0.11123127393647025,ranker_price
2022-05-31,801950.SI,0.2,0.015829144115513172,ranker_price
2022-05-31,801230.SI,0.2,0.043988816402609654,ranker_price
2022-05-31,801030.SI,0.2,0.08126292568592297,ranker_price
2022-06-30,801050.SI,0.2,-0.016247653848756483,ranker_price
2022-06-30,801210.SI,0.2,-0.09205010900759025,ranker_price
2022-06-30,801160.SI,0.2,0.04046392755672601,ranker_price
2022-06-30,801120.SI,0.2,-0.0968960160949317,ranker_price
2022-06-30,801080.SI,0.2,-0.035917639546511615,ranker_price
2022-07-31,801030.SI,0.2,-0.02748553507202056,ranker_price
2022-07-31,801050.SI,0.2,-0.06482222310719477,ranker_price
2022-07-31,801970.SI,0.2,-0.060363319313785135,ranker_price
2022-07-31,801890.SI,0.2,-0.07342254998569564,ranker_price
2022-07-31,801740.SI,0.2,-0.04284216989264655,ranker_price
2022-08-31,801120.SI,0.2,-0.03072268896143826,ranker_price
2022-08-31,801970.SI,0.2,-0.09194099411628254,ranker_price
2022-08-31,801880.SI,0.2,-0.1051006879299562,ranker_price
2022-08-31,801890.SI,0.2,-0.092791568893829,ranker_price
2022-08-31,801730.SI,0.2,-0.10657659900262972,ranker_price
2022-09-30,801880.SI,0.2,-0.015063249621694919,ranker_price
2022-09-30,801740.SI,0.2,0.1163035096458962,ranker_price
2022-09-30,801760.SI,0.2,-0.026246830092984008,ranker_price
2022-09-30,801730.SI,0.2,-0.012076447842309213,ranker_price
2022-09-30,801140.SI,0.2,-0.051608610061091076,ranker_price
2022-10-31,801180.SI,0.2,0.27797199405581785,ranker_price
2022-10-31,801970.SI,0.2,0.07469312684858997,ranker_price
2022-10-31,801720.SI,0.2,0.13801888444819532,ranker_price
2022-10-31,801160.SI,0.2,0.08148311465335656,ranker_price
2022-10-31,801890.SI,0.2,0.058381316834162034,ranker_price
2022-11-30,801710.SI,0.2,-0.033916463553293585,ranker_price
2022-11-30,801140.SI,0.2,0.0087773696512905,ranker_price
2022-11-30,801010.SI,0.2,0.01431843510063846,ranker_price
2022-11-30,801130.SI,0.2,0.015296379448272335,ranker_price
2022-11-30,801770.SI,0.2,-0.041289212234999595,ranker_price
2019-01-31,801110.SI,0.1,0.10322283560272227,ranker_price__trend
2019-01-31,801880.SI,0.1,0.15702613176297398,ranker_price__trend
2019-01-31,801120.SI,0.1,0.12600095208191964,ranker_price__trend
2019-01-31,801040.SI,0.1,0.15019259429602472,ranker_price__trend
2019-01-31,801960.SI,0.1,0.12861591970811226,ranker_price__trend
2019-02-28,801740.SI,0.2,0.10793159048499001,ranker_price__trend
2019-02-28,801120.SI,0.2,0.1621849903572148,ranker_price__trend
2019-02-28,801880.SI,0.2,0.03894848010586438,ranker_price__trend
2019-02-28,801080.SI,0.2,0.07653144827849023,ranker_price__trend
2019-02-28,801770.SI,0.2,0.05643870648407856,ranker_price__trend
2019-03-31,801140.SI,0.2,-0.06697343551872914,ranker_price__trend
2019-03-31,801740.SI,0.2,-0.07316714223810183,ranker_price__trend
2019-03-31,801120.SI,0.2,0.06350158473392353,ranker_price__trend
2019-03-31,801750.SI,0.2,-0.07320660468988494,ranker_price__trend
2019-03-31,801770.SI,0.2,-0.022988954525755223,ranker_price__trend
2019-04-30,801210.SI,0.2,-0.05811834333623178,ranker_price__trend
2019-04-30,801140.SI,0.2,-0.07448608914910892,ranker_price__trend
2019-04-30,801980.SI,0.2,-0.04751520417028676,ranker_price__trend
2019-04-30,801230.SI,0.2,-0.06322075589932563,ranker_price__trend
2019-04-30,801730.SI,0.2,-0.058315196077307285,ranker_price__trend
2019-05-31,801740.SI,0.2,-0.0006183682248349642,ranker_price__trend
2019-05-31,801770.SI,0.2,0.03531913028230771,ranker_price__trend
2019-05-31,801230.SI,0.2,0.0010333518038727618,ranker_price__trend
2019-05-31,801080.SI,0.2,0.032155024682723576,ranker_price__trend
2019-05-31,801210.SI,0.2,0.08223533854011422,ranker_price__trend
2019-06-30,801770.SI,0.2,-0.03812818352337455,ranker_price__trend
2019-06-30,801010.SI,0.2,0.0730661066924354,ranker_price__trend
2019-06-30,801210.SI,0.2,0.010552112008306747,ranker_price__trend
2019-06-30,801980.SI,0.2,0.006378235288944545,ranker_price__trend
2019-06-30,801230.SI,0.2,-0.032190339407358604,ranker_price__trend
2019-07-31,801030.SI,0.2,-0.02963914962020997,ranker_price__trend
2019-07-31,801140.SI,0.2,-0.015841886520558623,ranker_price__trend
2019-07-31,801130.SI,0.2,-0.012276767965904933,ranker_price__trend
2019-07-31,801230.SI,0.2,-0.01153701480386049,ranker_price__trend
2019-07-31,801180.SI,0.2,-0.06717407232245898,ranker_price__trend
2019-08-31,801030.SI,0.2,0.018271730483774506,ranker_price__trend
2019-08-31,801200.SI,0.2,-0.011992331227763109,ranker_price__trend
2019-08-31,801130.SI,0.2,0.007271927141193624,ranker_price__trend
2019-08-31,801760.SI,0.2,0.020499365213711318,ranker_price__trend
2019-08-31,801140.SI,0.2,0.0008581776573204358,ranker_price__trend
2019-09-30,801950.SI,0.2,-0.028048918724888794,ranker_price__trend
2019-09-30,801030.SI,0.2,-0.009330326581564852,ranker_price__trend
2019-09-30,801760.SI,0.2,0.020900374879739836,ranker_price__trend
2019-09-30,801720.SI,0.2,-0.018710623638728996,ranker_price__trend
2019-09-30,801880.SI,0.2,-0.014550705320448665,ranker_price__trend
2019-10-31,801760.SI,0.1,-0.011568582848601072,ranker_price__trend
2019-10-31,801150.SI,0.1,-0.026464137330702853,ranker_price__trend
2019-10-31,801210.SI,0.1,-0.044744089739466086,ranker_price__trend
2019-10-31,801080.SI,0.1,0.035991417608382203,ranker_price__trend
2019-10-31,801740.SI,0.1,-0.01736677636127315,ranker_price__trend
2019-11-30,801710.SI,0.1,0.14377078351474704,ranker_price__trend
2019-11-30,801210.SI,0.1,0.08231749555872403,ranker_price__trend
2019-11-30,801120.SI,0.1,0.04601040115873256,ranker_price__trend
2019-11-30,801980.SI,0.1,0.06142086645886602,ranker_price__trend
2019-11-30,801890.SI,0.1,0.08871536804575508,ranker_price__trend
2019-12-31,801120.SI,0.2,-0.058685391683798604,ranker_price__trend
2019-12-31,801180.SI,0.2,-0.06589924772441891,ranker_price__trend
2019-12-31,801980.SI,0.2,0.010263802618228679,ranker_price__trend
2019-12-31,801110.SI,0.2,-0.026310377096551818,ranker_price__trend
2019-12-31,801230.SI,0.2,0.01975809303751208,ranker_price__trend
2020-01-31,801120.SI,0.2,-0.02401867952580017,ranker_price__trend
2020-01-31,801080.SI,0.2,0.054112537678331574,ranker_price__trend
2020-01-31,801710.SI,0.2,0.07158773483208791,ranker_price__trend
2020-01-31,801770.SI,0.2,0.11077342634625098,ranker_price__trend
2020-01-31,801980.SI,0.2,0.019710748440960435,ranker_price__trend
2020-02-29,801080.SI,0.2,-0.20437596938310032,ranker_price__trend
2020-02-29,801750.SI,0.2,-0.12811190368838843,ranker_price__trend
2020-02-29,801130.SI,0.2,-0.04019133294942234,ranker_price__trend
2020-02-29,801770.SI,0.2,-0.07935396231061986,ranker_price__trend
2020-02-29,801980.SI,0.2,0.02172594441697484,ranker_price__trend
2020-03-31,801230.SI,0.1,0.025880372801183826,ranker_price__trend
2020-03-31,801080.SI,0.1,0.11424079377389651,ranker_price__trend
2020-03-31,801030.SI,0.1,0.047293408027759165,ranker_price__trend
2020-03-31,801750.SI,0.1,0.0755829525273295,ranker_price__trend
2020-03-31,801010.SI,0.1,-0.00315738574733071,ranker_price__trend
2020-04-30,801880.SI,0.2,-0.001995856634124493,ranker_price__trend
2020-04-30,801710.SI,0.2,-0.016152427675268255,ranker_price__trend
2020-04-30,801010.SI,0.2,-0.04383474004095578,ranker_price__trend
2020-04-30,801120.SI,0.2,0.090723237518892,ranker_price__trend
2020-04-30,801740.SI,0.2,0.004339223105495282,ranker_price__trend
2020-05-31,801770.SI,0.2,0.07804701564427452,ranker_price__trend
2020-05-31,801120.SI,0.2,0.08590427610232187,ranker_price__trend
2020-05-31,801710.SI,0.2,-0.01119322917655019,ranker_price__trend
2020-05-31,801740.SI,0.2,0.02954341213880829,ranker_price__trend
2020-05-31,801050.SI,0.2,0.0466917007660721,ranker_price__trend
2020-06-30,801120.SI,0.2,0.17286250878024578,ranker_price__trend
2020-06-30,801710.SI,0.2,0.23918900365964002,ranker_price__trend
2020-06-30,801050.SI,0.2,0.20294950311005522,ranker_price__trend
2020-06-30,801740.SI,0.2,0.27795915969348783,ranker_price__trend
2020-06-30,801980.SI,0.2,0.07610780504598424,ranker_price__trend
2020-07-31,801150.SI,0.2,-0.027681337948046725,ranker_price__trend
2020-07-31,801760.SI,0.2,0.02995870178958926,ranker_price__trend
2020-07-31,801980.SI,0.2,-0.021900525328234832,ranker_price__trend
2020-07-31,801030.SI,0.2,0.040956327042188434,ranker_price__trend
2020-07-31,801120.SI,0.2,0.12040826126159776,ranker_price__trend
2020-08-31,801200.SI,0.2,-0.08170594495198469,ranker_price__trend
2020-08-31,801120.SI,0.2,-0.09181520053461079,ranker_price__trend
2020-08-31,801890.SI,0.2,-0.04145865137324478,ranker_price__trend
2020-08-31,801140.SI,0.2,-0.08435304149471645,ranker_price__trend
2020-08-31,801030.SI,0.2,-0.060199486233813215,ranker_price__trend
2020-09-30,801980.SI,0.2,0.05672748369372793,ranker_price__trend
2020-09-30,801760.SI,0.2,-0.028560163623370438,ranker_price__trend
2020-09-30,801730.SI,0.2,0.064989036648045,ranker_price__trend
2020-09-30,801140.SI,0.2,0.021505418595330283,ranker_price__trend
2020-09-30,801110.SI,0.2,0.07265940931713866,ranker_price__trend
2020-10-31,801140.SI,0.2,0.02506087311081795,ranker_price__trend
2020-10-31,801730.SI,0.2,0.01567640880786869,ranker_price__trend
2020-10-31,801740.SI,0.2,0.08052981737865661,ranker_price__trend
2020-10-31,801050.SI,0.2,0.20511651295056832,ranker_price__trend
2020-10-31,801150.SI,0.2,-0.0663055883876954,ranker_price__trend
2020-11-30,801210.SI,0.2,0.24981336215258687,ranker_price__trend
2020-11-30,801140.SI,0.2,-0.022162847772082106,ranker_price__trend
2020-11-30,801080.SI,0.2,0.009391242799336563,ranker_price__trend
2020-11-30,801960.SI,0.2,-0.011795902990807017,ranker_price__trend
2020-11-30,801730.SI,0.2,0.19937051313788579,ranker_price__trend
2020-12-31,801140.SI,0.2,0.027400835073068786,ranker_price__trend
2020-12-31,801960.SI,0.2,0.10204374647245795,ranker_price__trend
2020-12-31,801740.SI,0.2,-0.10204391293841297,ranker_price__trend
2020-12-31,801980.SI,0.2,0.05496550211270179,ranker_price__trend
2020-12-31,801230.SI,0.2,-0.0397298785371063,ranker_price__trend
2021-01-31,801740.SI,0.2,-0.015702350032856582,ranker_price__trend
2021-01-31,801010.SI,0.2,0.08307774607703267,ranker_price__trend
2021-01-31,801150.SI,0.2,-0.016065881066194,ranker_price__trend
2021-01-31,801050.SI,0.2,0.06679609551096566,ranker_price__trend
2021-01-31,801980.SI,0.2,0.01718694109332497,ranker_price__trend
2021-02-28,801010.SI,0.2,-0.07562803846904664,ranker_price__trend
2021-02-28,801880.SI,0.2,-0.059128589596250336,ranker_price__trend
2021-02-28,801050.SI,0.2,-0.10210012382181999,ranker_price__trend
2021-02-28,801730.SI,0.2,-0.046533269079661155,ranker_price__trend
2021-02-28,801150.SI,0.2,-0.030125196600598758,ranker_price__trend
2021-03-31,801730.SI,0.2,0.06870495088946704,ranker_price__trend
2021-03-31,801050.SI,0.2,0.09013414732895408,ranker_price__trend
2021-03-31,801960.SI,0.2,-0.0007827304935321688,ranker_price__trend
2021-03-31,801210.SI,0.2,0.013222545914387762,ranker_price__trend
2021-03-31,801950.SI,0.2,0.05932698893535515,ranker_price__trend
2021-04-30,801730.SI,0.2,0.07704547572453646,ranker_price__trend
2021-04-30,801960.SI,0.2,0.0135138230376326,ranker_price__trend
2021-04-30,801160.SI,0.2,0.04601799547896834,ranker_price__trend
2021-04-30,801130.SI,0.2,0.03652770633365798,ranker_price__trend
2021-04-30,801950.SI,0.2,0.038825662995768395,ranker_price__trend
2021-05-31,801080.SI,0.2,0.11816785960940179,ranker_price__trend
2021-05-31,801160.SI,0.2,-0.008620730243178998,ranker_price__trend
2021-05-31,801960.SI,0.2,0.039200885895726456,ranker_price__trend
2021-05-31,801730.SI,0.2,0.1354585982163523,ranker_price__trend
2021-05-31,801200.SI,0.2,-0.05021807311575033,ranker_price__trend
2021-06-30,801210.SI,0.2,-0.19737708969719914,ranker_price__trend
2021-06-30,801050.SI,0.2,0.27401585061339695,ranker_price__trend
2021-06-30,801080.SI,0.2,0.040063917919116676,ranker_price__trend
2021-06-30,801960.SI,0.2,0.015531624318235293,ranker_price__trend
2021-06-30,801160.SI,0.2,-0.03198077544119604,ranker_price__trend
2021-07-31,801970.SI,0.2,0.11725889104470744,ranker_price__trend
2021-07-31,801080.SI,0.2,-0.06966802266453576,ranker_price__trend
2021-07-31,801160.SI,0.2,0.11602806260118737,ranker_price__trend
2021-07-31,801980.SI,0.2,-0.0557364797589569,ranker_price__trend
2021-07-31,801730.SI,0.2,0.053703526869399054,ranker_price__trend
2021-08-31,801030.SI,0.2,-0.03830865613425105,ranker_price__trend
2021-08-31,801740.SI,0.2,-0.10270136150309095,ranker_price__trend
2021-08-31,801880.SI,0.2,-0.08890514845012731,ranker_price__trend
2021-08-31,801160.SI,0.2,0.15892386143836812,ranker_price__trend
2021-08-31,801230.SI,0.2,-0.12149055981009582,ranker_price__trend
2021-09-30,801880.SI,0.2,0.09899911463938826,ranker_price__trend
2021-09-30,801050.SI,0.2,-0.006222573408023124,ranker_price__trend
2021-09-30,801040.SI,0.2,-0.1168333816565188,ranker_price__trend
2021-09-30,801740.SI,0.2,0.040625055157116785,ranker_price__trend
2021-09-30,801160.SI,0.2,-0.0781923287006131,ranker_price__trend
2021-10-31,801950.SI,0.2,-0.04184496502567925,ranker_price__trend
2021-10-31,801050.SI,0.2,0.08841935254862987,ranker_price__trend
2021-10-31,801080.SI,0.2,0.08530447760597637,ranker_price__trend
2021-10-31,801880.SI,0.2,0.05222065826120814,ranker_price__trend
2021-10-31,801210.SI,0.2,-0.1661897748428235,ranker_price__trend
2021-11-30,801950.SI,0.2,0.07674081756732587,ranker_price__trend
2021-11-30,801050.SI,0.2,-0.06215481550209623,ranker_price__trend
2021-11-30,801080.SI,0.2,0.011380518364018322,ranker_price__trend
2021-11-30,801040.SI,0.2,0.015706221194255354,ranker_price__trend
2021-11-30,801880.SI,0.2,-0.04797536338719266,ranker_price__trend
2021-12-31,801050.SI,0.2,-0.10737522211905937,ranker_price__trend
2021-12-31,801950.SI,0.2,-0.042096041585358734,ranker_price__trend
2021-12-31,801730.SI,0.2,-0.1081864931198937,ranker_price__trend
2021-12-31,801740.SI,0.2,-0.17921938741981303,ranker_price__trend
2021-12-31,801040.SI,0.2,-0.07358927767682988,ranker_price__trend
2022-01-31,801120.SI,0.1,-0.007451832313715712,ranker_price__trend
2022-01-31,801950.SI,0.1,0.1553258349045359,ranker_price__trend
2022-01-31,801740.SI,0.1,0.054260128351994785,ranker_price__trend
2022-01-31,801970.SI,0.1,0.0770485912141492,ranker_price__trend
2022-01-31,801160.SI,0.1,0.07892452953618712,ranker_price__trend
2022-02-28,801760.SI,0.1,-0.03681648547785166,ranker_price__trend
2022-02-28,801120.SI,0.1,-0.10261061880532174,ranker_price__trend
2022-02-28,801970.SI,0.1,-0.09540191534257947,ranker_price__trend
2022-02-28,801170.SI,0.1,-0.07208777183250692,ranker_price__trend
2022-02-28,801720.SI,0.1,-0.019815462427106634,ranker_price__trend
2022-03-31,801760.SI,0.1,-0.13951921295126424,ranker_price__trend
2022-03-31,801770.SI,0.1,-0.1228865404571009,ranker_price__trend
2022-03-31,801080.SI,0.1,-0.1390666054561971,ranker_price__trend
2022-03-31,801720.SI,0.1,-0.02973771453057006,ranker_price__trend
2022-03-31,801230.SI,0.1,-0.12677583238267986,ranker_price__trend
2022-04-30,801120.SI,0.1,0.019460652627061314,ranker_price__trend
2022-04-30,801080.SI,0.1,0.08955769983492456,ranker_price__trend
2022-04-30,801040.SI,0.1,0.038715071613794505,ranker_price__trend
2022-04-30,801950.SI,0.1,0.09727050817368155,ranker_price__trend
2022-04-30,801730.SI,0.1,0.12431716584198194,ranker_price__trend
2022-05-31,801080.SI,0.1,0.08034549813740277,ranker_price__trend
2022-05-31,801210.SI,0.1,0.11123127393647025,ranker_price__trend
2022-05-31,801950.SI,0.1,0.015829144115513172,ranker_price__trend
2022-05-31,801230.SI,0.1,0.043988816402609654,ranker_price__trend
2022-05-31,801030.SI,0.1,0.08126292568592297,ranker_price__trend
2022-06-30,801050.SI,0.2,-0.016247653848756483,ranker_price__trend
2022-06-30,801210.SI,0.2,-0.09205010900759025,ranker_price__trend
2022-06-30,801160.SI,0.2,0.04046392755672601,ranker_price__trend
2022-06-30,801120.SI,0.2,-0.0968960160949317,ranker_price__trend
2022-06-30,801080.SI,0.2,-0.035917639546511615,ranker_price__trend
2022-07-31,801030.SI,0.1,-0.02748553507202056,ranker_price__trend
2022-07-31,801050.SI,0.1,-0.06482222310719477,ranker_price__trend
2022-07-31,801970.SI,0.1,-0.060363319313785135,ranker_price__trend
2022-07-31,801890.SI,0.1,-0.07342254998569564,ranker_price__trend
2022-07-31,801740.SI,0.1,-0.04284216989264655,ranker_price__trend
2022-08-31,801120.SI,0.1,-0.03072268896143826,ranker_price__trend
2022-08-31,801970.SI,0.1,-0.09194099411628254,ranker_price__trend
2022-08-31,801880.SI,0.1,-0.1051006879299562,ranker_price__trend
2022-08-31,801890.SI,0.1,-0.092791568893829,ranker_price__trend
2022-08-31,801730.SI,0.1,-0.10657659900262972,ranker_price__trend
2022-09-30,801880.SI,0.1,-0.015063249621694919,ranker_price__trend
2022-09-30,801740.SI,0.1,0.1163035096458962,ranker_price__trend
2022-09-30,801760.SI,0.1,-0.026246830092984008,ranker_price__trend
2022-09-30,801730.SI,0.1,-0.012076447842309213,ranker_price__trend
2022-09-30,801140.SI,0.1,-0.051608610061091076,ranker_price__trend
2022-10-31,801180.SI,0.1,0.27797199405581785,ranker_price__trend
2022-10-31,801970.SI,0.1,0.07469312684858997,ranker_price__trend
2022-10-31,801720.SI,0.1,0.13801888444819532,ranker_price__trend
2022-10-31,801160.SI,0.1,0.08148311465335656,ranker_price__trend
2022-10-31,801890.SI,0.1,0.058381316834162034,ranker_price__trend
2022-11-30,801710.SI,0.1,-0.033916463553293585,ranker_price__trend
2022-11-30,801140.SI,0.1,0.0087773696512905,ranker_price__trend
2022-11-30,801010.SI,0.1,0.01431843510063846,ranker_price__trend
2022-11-30,801130.SI,0.1,0.015296379448272335,ranker_price__trend
2022-11-30,801770.SI,0.1,-0.041289212234999595,ranker_price__trend
2019-01-31,801110.SI,0.16397130739193774,0.10322283560272227,ranker_price__vol_target
2019-01-31,801880.SI,0.16397130739193774,0.15702613176297398,ranker_price__vol_target
2019-01-31,801120.SI,0.16397130739193774,0.12600095208191964,ranker_price__vol_target
2019-01-31,801040.SI,0.16397130739193774,0.15019259429602472,ranker_price__vol_target
2019-01-31,801960.SI,0.16397130739193774,0.12861591970811226,ranker_price__vol_target
2019-02-28,801740.SI,0.08920042031173513,0.10793159048499001,ranker_price__vol_target
2019-02-28,801120.SI,0.08920042031173513,0.1621849903572148,ranker_price__vol_target
2019-02-28,801880.SI,0.08920042031173513,0.03894848010586438,ranker_price__vol_target
2019-02-28,801080.SI,0.08920042031173513,0.07653144827849023,ranker_price__vol_target
2019-02-28,801770.SI,0.08920042031173513,0.05643870648407856,ranker_price__vol_target
2019-03-31,801140.SI,0.08534904231971954,-0.06697343551872914,ranker_price__vol_target
2019-03-31,801740.SI,0.08534904231971954,-0.07316714223810183,ranker_price__vol_target
2019-03-31,801120.SI,0.08534904231971954,0.06350158473392353,ranker_price__vol_target
2019-03-31,801750.SI,0.08534904231971954,-0.07320660468988494,ranker_price__vol_target
2019-03-31,801770.SI,0.08534904231971954,-0.022988954525755223,ranker_price__vol_target
2019-04-30,801210.SI,0.10275072955796258,-0.05811834333623178,ranker_price__vol_target
2019-04-30,801140.SI,0.10275072955796258,-0.07448608914910892,ranker_price__vol_target
2019-04-30,801980.SI,0.10275072955796258,-0.04751520417028676,ranker_price__vol_target
2019-04-30,801230.SI,0.10275072955796258,-0.06322075589932563,ranker_price__vol_target
2019-04-30,801730.SI,0.10275072955796258,-0.058315196077307285,ranker_price__vol_target
2019-05-31,801740.SI,0.09125944612388598,-0.0006183682248349642,ranker_price__vol_target
2019-05-31,801770.SI,0.09125944612388598,0.03531913028230771,ranker_price__vol_target
2019-05-31,801230.SI,0.09125944612388598,0.0010333518038727618,ranker_price__vol_target
2019-05-31,801080.SI,0.09125944612388598,0.032155024682723576,ranker_price__vol_target
2019-05-31,801210.SI,0.09125944612388598,0.08223533854011422,ranker_price__vol_target
2019-06-30,801770.SI,0.09599882870375992,-0.03812818352337455,ranker_price__vol_target
2019-06-30,801010.SI,0.09599882870375992,0.0730661066924354,ranker_price__vol_target
2019-06-30,801210.SI,0.09599882870375992,0.010552112008306747,ranker_price__vol_target
2019-06-30,801980.SI,0.09599882870375992,0.006378235288944545,ranker_price__vol_target
2019-06-30,801230.SI,0.09599882870375992,-0.032190339407358604,ranker_price__vol_target
2019-07-31,801030.SI,0.09430097816011039,-0.02963914962020997,ranker_price__vol_target
2019-07-31,801140.SI,0.09430097816011039,-0.015841886520558623,ranker_price__vol_target
2019-07-31,801130.SI,0.09430097816011039,-0.012276767965904933,ranker_price__vol_target
2019-07-31,801230.SI,0.09430097816011039,-0.01153701480386049,ranker_price__vol_target
2019-07-31,801180.SI,0.09430097816011039,-0.06717407232245898,ranker_price__vol_target
2019-08-31,801030.SI,0.16744930226965357,0.018271730483774506,ranker_price__vol_target
2019-08-31,801200.SI,0.16744930226965357,-0.011992331227763109,ranker_price__vol_target
2019-08-31,801130.SI,0.16744930226965357,0.007271927141193624,ranker_price__vol_target
2019-08-31,801760.SI,0.16744930226965357,0.020499365213711318,ranker_price__vol_target
2019-08-31,801140.SI,0.16744930226965357,0.0008581776573204358,ranker_price__vol_target
2019-09-30,801950.SI,0.2,-0.028048918724888794,ranker_price__vol_target
2019-09-30,801030.SI,0.2,-0.009330326581564852,ranker_price__vol_target
2019-09-30,801760.SI,0.2,0.020900374879739836,ranker_price__vol_target
2019-09-30,801720.SI,0.2,-0.018710623638728996,ranker_price__vol_target
2019-09-30,801880.SI,0.2,-0.014550705320448665,ranker_price__vol_target
2019-10-31,801760.SI,0.2,-0.011568582848601072,ranker_price__vol_target
2019-10-31,801150.SI,0.2,-0.026464137330702853,ranker_price__vol_target
2019-10-31,801210.SI,0.2,-0.044744089739466086,ranker_price__vol_target
2019-10-31,801080.SI,0.2,0.035991417608382203,ranker_price__vol_target
2019-10-31,801740.SI,0.2,-0.01736677636127315,ranker_price__vol_target
2019-11-30,801710.SI,0.2,0.14377078351474704,ranker_price__vol_target
2019-11-30,801210.SI,0.2,0.08231749555872403,ranker_price__vol_target
2019-11-30,801120.SI,0.2,0.04601040115873256,ranker_price__vol_target
2019-11-30,801980.SI,0.2,0.06142086645886602,ranker_price__vol_target
2019-11-30,801890.SI,0.2,0.08871536804575508,ranker_price__vol_target
2019-12-31,801120.SI,0.2,-0.058685391683798604,ranker_price__vol_target
2019-12-31,801180.SI,0.2,-0.06589924772441891,ranker_price__vol_target
2019-12-31,801980.SI,0.2,0.010263802618228679,ranker_price__vol_target
2019-12-31,801110.SI,0.2,-0.026310377096551818,ranker_price__vol_target
2019-12-31,801230.SI,0.2,0.01975809303751208,ranker_price__vol_target
2020-01-31,801120.SI,0.2,-0.02401867952580017,ranker_price__vol_target
2020-01-31,801080.SI,0.2,0.054112537678331574,ranker_price__vol_target
2020-01-31,801710.SI,0.2,0.07158773483208791,ranker_price__vol_target
2020-01-31,801770.SI,0.2,0.11077342634625098,ranker_price__vol_target
2020-01-31,801980.SI,0.2,0.019710748440960435,ranker_price__vol_target
2020-02-29,801080.SI,0.2,-0.20437596938310032,ranker_price__vol_target
2020-02-29,801750.SI,0.2,-0.12811190368838843,ranker_price__vol_target
2020-02-29,801130.SI,0.2,-0.04019133294942234,ranker_price__vol_target
2020-02-29,801770.SI,0.2,-0.07935396231061986,ranker_price__vol_target
2020-02-29,801980.SI,0.2,0.02172594441697484,ranker_price__vol_target
2020-03-31,801230.SI,0.2,0.025880372801183826,ranker_price__vol_target
2020-03-31,801080.SI,0.2,0.11424079377389651,ranker_price__vol_target
2020-03-31,801030.SI,0.2,0.047293408027759165,ranker_price__vol_target
2020-03-31,801750.SI,0.2,0.0755829525273295,ranker_price__vol_target
2020-03-31,801010.SI,0.2,-0.00315738574733071,ranker_price__vol_target
2020-04-30,801880.SI,0.19054858773006775,-0.001995856634124493,ranker_price__vol_target
2020-04-30,801710.SI,0.19054858773006775,-0.016152427675268255,ranker_price__vol_target
2020-04-30,801010.SI,0.19054858773006775,-0.04383474004095578,ranker_price__vol_target
2020-04-30,801120.SI,0.19054858773006775,0.090723237518892,ranker_price__vol_target
2020-04-30,801740.SI,0.19054858773006775,0.004339223105495282,ranker_price__vol_target
2020-05-31,801770.SI,0.19761127371957907,0.07804701564427452,ranker_price__vol_target
2020-05-31,801120.SI,0.19761127371957907,0.08590427610232187,ranker_price__vol_target
2020-05-31,801710.SI,0.19761127371957907,-0.01119322917655019,ranker_price__vol_target
2020-05-31,801740.SI,0.19761127371957907,0.02954341213880829,ranker_price__vol_target
2020-05-31,801050.SI,0.19761127371957907,0.0466917007660721,ranker_price__vol_target
2020-06-30,801120.SI,0.2,0.17286250878024578,ranker_price__vol_target
2020-06-30,801710.SI,0.2,0.23918900365964002,ranker_price__vol_target
2020-06-30,801050.SI,0.2,0.20294950311005522,ranker_price__vol_target
2020-06-30,801740.SI,0.2,0.27795915969348783,ranker_price__vol_target
2020-06-30,801980.SI,0.2,0.07610780504598424,ranker_price__vol_target
2020-07-31,801150.SI,0.13583295209328558,-0.027681337948046725,ranker_price__vol_target
2020-07-31,801760.SI,0.13583295209328558,0.02995870178958926,ranker_price__vol_target
2020-07-31,801980.SI,0.13583295209328558,-0.021900525328234832,ranker_price__vol_target
2020-07-31,801030.SI,0.13583295209328558,0.040956327042188434,ranker_price__vol_target
2020-07-31,801120.SI,0.13583295209328558,0.12040826126159776,ranker_price__vol_target
2020-08-31,801200.SI,0.1385403395584752,-0.08170594495198469,ranker_price__vol_target
2020-08-31,801120.SI,0.1385403395584752,-0.09181520053461079,ranker_price__vol_target
2020-08-31,801890.SI,0.1385403395584752,-0.04145865137324478,ranker_price__vol_target
2020-08-31,801140.SI,0.1385403395584752,-0.08435304149471645,ranker_price__vol_target
2020-08-31,801030.SI,0.1385403395584752,-0.060199486233813215,ranker_price__vol_target
2020-09-30,801980.SI,0.12981340934077137,0.05672748369372793,ranker_price__vol_target
2020-09-30,801760.SI,0.12981340934077137,-0.028560163623370438,ranker_price__vol_target
2020-09-30,801730.SI,0.12981340934077137,0.064989036648045,ranker_price__vol_target
2020-09-30,801140.SI,0.12981340934077137,0.021505418595330283,ranker_price__vol_target
2020-09-30,801110.SI,0.12981340934077137,0.07265940931713866,ranker_price__vol_target
2020-10-31,801140.SI,0.12802445908687174,0.02506087311081795,ranker_price__vol_target
2020-10-31,801730.SI,0.12802445908687174,0.01567640880786869,ranker_price__vol_target
2020-10-31,801740.SI,0.12802445908687174,0.08052981737865661,ranker_price__vol_target
2020-10-31,801050.SI,0.12802445908687174,0.20511651295056832,ranker_price__vol_target
2020-10-31,801150.SI,0.12802445908687174,-0.0663055883876954,ranker_price__vol_target
2020-11-30,801210.SI,0.12887963173552902,0.24981336215258687,ranker_price__vol_target
2020-11-30,801140.SI,0.12887963173552902,-0.022162847772082106,ranker_price__vol_target
2020-11-30,801080.SI,0.12887963173552902,0.009391242799336563,ranker_price__vol_target
2020-11-30,801960.SI,0.12887963173552902,-0.011795902990807017,ranker_price__vol_target
2020-11-30,801730.SI,0.12887963173552902,0.19937051313788579,ranker_price__vol_target
2020-12-31,801140.SI,0.13249745975100496,0.027400835073068786,ranker_price__vol_target
2020-12-31,801960.SI,0.13249745975100496,0.10204374647245795,ranker_price__vol_target
2020-12-31,801740.SI,0.13249745975100496,-0.10204391293841297,ranker_price__vol_target
2020-12-31,801980.SI,0.13249745975100496,0.05496550211270179,ranker_price__vol_target
2020-12-31,801230.SI,0.13249745975100496,-0.0397298785371063,ranker_price__vol_target
2021-01-31,801740.SI,0.2,-0.015702350032856582,ranker_price__vol_target
2021-01-31,801010.SI,0.2,0.08307774607703267,ranker_price__vol_target
2021-01-31,801150.SI,0.2,-0.016065881066194,ranker_price__vol_target
2021-01-31,801050.SI,0.2,0.06679609551096566,ranker_price__vol_target
2021-01-31,801980.SI,0.2,0.01718694109332497,ranker_price__vol_target
2021-02-28,801010.SI,0.2,-0.07562803846904664,ranker_price__vol_target
2021-02-28,801880.SI,0.2,-0.059128589596250336,ranker_price__vol_target
2021-02-28,801050.SI,0.2,-0.10210012382181999,ranker_price__vol_target
2021-02-28,801730.SI,0.2,-0.046533269079661155,ranker_price__vol_target
2021-02-28,801150.SI,0.2,-0.030125196600598758,ranker_price__vol_target
2021-03-31,801730.SI,0.2,0.06870495088946704,ranker_price__vol_target
2021-03-31,801050.SI,0.2,0.09013414732895408,ranker_price__vol_target
2021-03-31,801960.SI,0.2,-0.0007827304935321688,ranker_price__vol_target
2021-03-31,801210.SI,0.2,0.013222545914387762,ranker_price__vol_target
2021-03-31,801950.SI,0.2,0.05932698893535515,ranker_price__vol_target
2021-04-30,801730.SI,0.2,0.07704547572453646,ranker_price__vol_target
2021-04-30,801960.SI,0.2,0.0135138230376326,ranker_price__vol_target
2021-04-30,801160.SI,0.2,0.04601799547896834,ranker_price__vol_target
2021-04-30,801130.SI,0.2,0.03652770633365798,ranker_price__vol_target
2021-04-30,801950.SI,0.2,0.038825662995768395,ranker_price__vol_target
2021-05-31,801080.SI,0.2,0.11816785960940179,ranker_price__vol_target
2021-05-31,801160.SI,0.2,-0.008620730243178998,ranker_price__vol_target
2021-05-31,801960.SI,0.2,0.039200885895726456,ranker_price__vol_target
2021-05-31,801730.SI,0.2,0.1354585982163523,ranker_price__vol_target
2021-05-31,801200.SI,0.2,-0.05021807311575033,ranker_price__vol_target
2021-06-30,801210.SI,0.2,-0.19737708969719914,ranker_price__vol_target
2021-06-30,801050.SI,0.2,0.27401585061339695,ranker_price__vol_target
2021-06-30,801080.SI,0.2,0.040063917919116676,ranker_price__vol_target
2021-06-30,801960.SI,0.2,0.015531624318235293,ranker_price__vol_target
2021-06-30,801160.SI,0.2,-0.03198077544119604,ranker_price__vol_target
2021-07-31,801970.SI,0.2,0.11725889104470744,ranker_price__vol_target
2021-07-31,801080.SI,0.2,-0.06966802266453576,ranker_price__vol_target
2021-07-31,801160.SI,0.2,0.11602806260118737,ranker_price__vol_target
2021-07-31,801980.SI,0.2,-0.0557364797589569,ranker_price__vol_target
2021-07-31,801730.SI,0.2,0.053703526869399054,ranker_price__vol_target
2021-08-31,801030.SI,0.2,-0.03830865613425105,ranker_price__vol_target
2021-08-31,801740.SI,0.2,-0.10270136150309095,ranker_price__vol_target
2021-08-31,801880.SI,0.2,-0.08890514845012731,ranker_price__vol_target
2021-08-31,801160.SI,0.2,0.15892386143836812,ranker_price__vol_target
2021-08-31,801230.SI,0.2,-0.12149055981009582,ranker_price__vol_target
2021-09-30,801880.SI,0.2,0.09899911463938826,ranker_price__vol_target
2021-09-30,801050.SI,0.2,-0.006222573408023124,ranker_price__vol_target
2021-09-30,801040.SI,0.2,-0.1168333816565188,ranker_price__vol_target
2021-09-30,801740.SI,0.2,0.040625055157116785,ranker_price__vol_target
2021-09-30,801160.SI,0.2,-0.0781923287006131,ranker_price__vol_target
2021-10-31,801950.SI,0.2,-0.04184496502567925,ranker_price__vol_target
2021-10-31,801050.SI,0.2,0.08841935254862987,ranker_price__vol_target
2021-10-31,801080.SI,0.2,0.08530447760597637,ranker_price__vol_target
2021-10-31,801880.SI,0.2,0.05222065826120814,ranker_price__vol_target
2021-10-31,801210.SI,0.2,-0.1661897748428235,ranker_price__vol_target
2021-11-30,801950.SI,0.2,0.07674081756732587,ranker_price__vol_target
2021-11-30,801050.SI,0.2,-0.06215481550209623,ranker_price__vol_target
2021-11-30,801080.SI,0.2,0.011380518364018322,ranker_price__vol_target
2021-11-30,801040.SI,0.2,0.015706221194255354,ranker_price__vol_target
2021-11-30,801880.SI,0.2,-0.04797536338719266,ranker_price__vol_target
2021-12-31,801050.SI,0.2,-0.10737522211905937,ranker_price__vol_target
2021-12-31,801950.SI,0.2,-0.042096041585358734,ranker_price__vol_target
2021-12-31,801730.SI,0.2,-0.1081864931198937,ranker_price__vol_target
2021-12-31,801740.SI,0.2,-0.17921938741981303,ranker_price__vol_target
2021-12-31,801040.SI,0.2,-0.07358927767682988,ranker_price__vol_target
2022-01-31,801120.SI,0.16781090124645964,-0.007451832313715712,ranker_price__vol_target
2022-01-31,801950.SI,0.16781090124645964,0.1553258349045359,ranker_price__vol_target
2022-01-31,801740.SI,0.16781090124645964,0.054260128351994785,ranker_price__vol_target
2022-01-31,801970.SI,0.16781090124645964,0.0770485912141492,ranker_price__vol_target
2022-01-31,801160.SI,0.16781090124645964,0.07892452953618712,ranker_price__vol_target
2022-02-28,801760.SI,0.17966022354069944,-0.03681648547785166,ranker_price__vol_target
2022-02-28,801120.SI,0.17966022354069944,-0.10261061880532174,ranker_price__vol_target
2022-02-28,801970.SI,0.17966022354069944,-0.09540191534257947,ranker_price__vol_target
2022-02-28,801170.SI,0.17966022354069944,-0.07208777183250692,ranker_price__vol_target
2022-02-28,801720.SI,0.17966022354069944,-0.019815462427106634,ranker_price__vol_target
2022-03-31,801760.SI,0.15797096127312993,-0.13951921295126424,ranker_price__vol_target
2022-03-31,801770.SI,0.15797096127312993,-0.1228865404571009,ranker_price__vol_target
2022-03-31,801080.SI,0.15797096127312993,-0.1390666054561971,ranker_price__vol_target
2022-03-31,801720.SI,0.15797096127312993,-0.02973771453057006,ranker_price__vol_target
2022-03-31,801230.SI,0.15797096127312993,-0.12677583238267986,ranker_price__vol_target
2022-04-30,801120.SI,0.1363209426279144,0.019460652627061314,ranker_price__vol_target
2022-04-30,801080.SI,0.1363209426279144,0.08955769983492456,ranker_price__vol_target
2022-04-30,801040.SI,0.1363209426279144,0.038715071613794505,ranker_price__vol_target
2022-04-30,801950.SI,0.1363209426279144,0.09727050817368155,ranker_price__vol_target
2022-04-30,801730.SI,0.1363209426279144,0.12431716584198194,ranker_price__vol_target
2022-05-31,801080.SI,0.12103763990016927,0.08034549813740277,ranker_price__vol_target
2022-05-31,801210.SI,0.12103763990016927,0.11123127393647025,ranker_price__vol_target
2022-05-31,801950.SI,0.12103763990016927,0.015829144115513172,ranker_price__vol_target
2022-05-31,801230.SI,0.12103763990016927,0.043988816402609654,ranker_price__vol_target
2022-05-31,801030.SI,0.12103763990016927,0.08126292568592297,ranker_price__vol_target
2022-06-30,801050.SI,0.1108739102235933,-0.016247653848756483,ranker_price__vol_target
2022-06-30,801210.SI,0.1108739102235933,-0.09205010900759025,ranker_price__vol_target
2022-06-30,801160.SI,0.1108739102235933,0.04046392755672601,ranker_price__vol_target
2022-06-30,801120.SI,0.1108739102235933,-0.0968960160949317,ranker_price__vol_target
2022-06-30,801080.SI,0.1108739102235933,-0.035917639546511615,ranker_price__vol_target
2022-07-31,801030.SI,0.12540285478190824,-0.02748553507202056,ranker_price__vol_target
2022-07-31,801050.SI,0.12540285478190824,-0.06482222310719477,ranker_price__vol_target
2022-07-31,801970.SI,0.12540285478190824,-0.060363319313785135,ranker_price__vol_target
2022-07-31,801890.SI,0.12540285478190824,-0.07342254998569564,ranker_price__vol_target
2022-07-31,801740.SI,0.12540285478190824,-0.04284216989264655,ranker_price__vol_target
2022-08-31,801120.SI,0.13030820012369454,-0.03072268896143826,ranker_price__vol_target
2022-08-31,801970.SI,0.13030820012369454,-0.09194099411628254,ranker_price__vol_target
2022-08-31,801880.SI,0.13030820012369454,-0.1051006879299562,ranker_price__vol_target
2022-08-31,801890.SI,0.13030820012369454,-0.092791568893829,ranker_price__vol_target
2022-08-31,801730.SI,0.13030820012369454,-0.10657659900262972,ranker_price__vol_target
2022-09-30,801880.SI,0.12778064919188917,-0.015063249621694919,ranker_price__vol_target
2022-09-30,801740.SI,0.12778064919188917,0.1163035096458962,ranker_price__vol_target
2022-09-30,801760.SI,0.12778064919188917,-0.026246830092984008,ranker_price__vol_target
2022-09-30,801730.SI,0.12778064919188917,-0.012076447842309213,ranker_price__vol_target
2022-09-30,801140.SI,0.12778064919188917,-0.051608610061091076,ranker_price__vol_target
2022-10-31,801180.SI,0.15018870660028677,0.27797199405581785,ranker_price__vol_target
2022-10-31,801970.SI,0.15018870660028677,0.07469312684858997,ranker_price__vol_target
2022-10-31,801720.SI,0.15018870660028677,0.13801888444819532,ranker_price__vol_target
2022-10-31,801160.SI,0.15018870660028677,0.08148311465335656,ranker_price__vol_target
2022-10-31,801890.SI,0.15018870660028677,0.058381316834162034,ranker_price__vol_target
2022-11-30,801710.SI,0.13336772671962496,-0.033916463553293585,ranker_price__vol_target
2022-11-30,801140.SI,0.13336772671962496,0.0087773696512905,ranker_price__vol_target
2022-11-30,801010.SI,0.13336772671962496,0.01431843510063846,ranker_price__vol_target
2022-11-30,801130.SI,0.13336772671962496,0.015296379448272335,ranker_price__vol_target
2022-11-30,801770.SI,0.13336772671962496,-0.041289212234999595,ranker_price__vol_target
2019-01-31,801730.SI,0.2,0.17077446943734476,gbdt_price_value
2019-01-31,801720.SI,0.2,0.14399025536834986,gbdt_price_value
2019-01-31,801110.SI,0.2,0.10322283560272227,gbdt_price_value
2019-01-31,801030.SI,0.2,0.1793120172773528,gbdt_price_value
2019-01-31,801880.SI,0.2,0.15702613176297398,gbdt_price_value
2019-02-28,801180.SI,0.2,0.11857409882425873,gbdt_price_value
2019-02-28,801030.SI,0.2,0.09610422866365864,gbdt_price_value
2019-02-28,801950.SI,0.2,0.027677879667426186,gbdt_price_value
2019-02-28,801880.SI,0.2,0.03894848010586438,gbdt_price_value
2019-02-28,801730.SI,0.2,0.07486616000898505,gbdt_price_value
2019-03-31,801730.SI,0.2,-0.05081937950070958,gbdt_price_value
2019-03-31,801030.SI,0.2,-0.013960518351497808,gbdt_price_value
2019-03-31,801140.SI,0.2,-0.06697343551872914,gbdt_price_value
2019-03-31,801200.SI,0.2,-0.015121675453242722,gbdt_price_value
2019-03-31,801180.SI,0.2,-0.03965245925768801,gbdt_price_value
2019-04-30,801740.SI,0.2,-0.01566690190543396,gbdt_price_value
2019-04-30,801140.SI,0.2,-0.07448608914910892,gbdt_price_value
2019-04-30,801710.SI,0.2,-0.0404388209752472,gbdt_price_value
2019-04-30,801890.SI,0.2,-0.05659755943081535,gbdt_price_value
2019-04-30,801200.SI,0.2,-0.08771264723785521,gbdt_price_value
2019-05-31,801740.SI,0.2,-0.0006183682248349642,gbdt_price_value
2019-05-31,801140.SI,0.2,-0.005337987911027353,gbdt_price_value
2019-05-31,801210.SI,0.2,0.08223533854011422,gbdt_price_value
2019-05-31,801200.SI,0.2,0.021251938778496404,gbdt_price_value
2019-05-31,801180.SI,0.2,0.009033166259942771,gbdt_price_value
2019-06-30,801010.SI,0.2,0.0730661066924354,gbdt_price_value
2019-06-30,801980.SI,0.2,0.006378235288944545,gbdt_price_value
2019-06-30,801740.SI,0.2,0.04998430704389545,gbdt_price_value
2019-06-30,801200.SI,0.2,-0.04308082023772675,gbdt_price_value
2019-06-30,801720.SI,0.2,-0.025825577263055566,gbdt_price_value
2019-07-31,801230.SI,0.2,-0.01153701480386049,gbdt_price_value
2019-07-31,801140.SI,0.2,-0.015841886520558623,gbdt_price_value
2019-07-31,801750.SI,0.2,0.03136054586367942,gbdt_price_value
2019-07-31,801720.SI,0.2,-0.056913159523083845,gbdt_price_value
2019-07-31,801180.SI,0.2,-0.06717407232245898,gbdt_price_value
2019-08-31,801230.SI,0.2,0.0025386796780517695,gbdt_price_value
2019-08-31,801200.SI,0.2,-0.011992331227763109,gbdt_price_value
2019-08-31,801740.SI,0.2,-0.06933927973404552,gbdt_price_value
2019-08-31,801140.SI,0.2,0.0008581776573204358,gbdt_price_value
2019-08-31,801180.SI,0.2,0.012871838518845324,gbdt_price_value
2019-09-30,801010.SI,0.2,0.1259784115697462,gbdt_price_value
2019-09-30,801950.SI,0.2,-0.028048918724888794,gbdt_price_value
2019-09-30,801760.SI,0.2,0.020900374879739836,gbdt_price_value
2019-09-30,801180.SI,0.2,0.020117953399589217,gbdt_price_value
2019-09-30,801720.SI,0.2,-0.018710623638728996,gbdt_price_value
2019-10-31,801740.SI,0.2,-0.01736677636127315,gbdt_price_value
2019-10-31,801050.SI,0.2,0.00930789965387313,gbdt_price_value
2019-10-31,801760.SI,0.2,-0.011568582848601072,gbdt_price_value
2019-10-31,801010.SI,0.2,-0.09573178866850485,gbdt_price_value
2019-10-31,801210.SI,0.2,-0.044744089739466086,gbdt_price_value
2019-11-30,801740.SI,0.2,0.05666094428653179,gbdt_price_value
2019-11-30,801210.SI,0.2,0.08231749555872403,gbdt_price_value
2019-11-30,801010.SI,0.2,0.016831932721449228,gbdt_price_value
2019-11-30,801710.SI,0.2,0.14377078351474704,gbdt_price_value
2019-11-30,801180.SI,0.2,0.10439539233823147,gbdt_price_value
2019-12-31,801740.SI,0.2,0.0316497838226546,gbdt_price_value
2019-12-31,801010.SI,0.2,-0.04006529427768202,gbdt_price_value
2019-12-31,801980.SI,0.2,0.010263802618228679,gbdt_price_value
2019-12-31,801180.SI,0.2,-0.06589924772441891,gbdt_price_value
2019-12-31,801230.SI,0.2,0.01975809303751208,gbdt_price_value
2020-01-31,801120.SI,0.2,-0.02401867952580017,gbdt_price_value
2020-01-31,801010.SI,0.2,0.0824925367494238,gbdt_price_value
2020-01-31,801740.SI,0.2,0.008536711300815902,gbdt_price_value
2020-01-31,801210.SI,0.2,-0.03109577007373754,gbdt_price_value
2020-01-31,801180.SI,0.2,-0.019329334447368063,gbdt_price_value
2020-02-29,801080.SI,0.2,-0.20437596938310032,gbdt_price_value
2020-02-29,801750.SI,0.2,-0.12811190368838843,gbdt_price_value
2020-02-29,801210.SI,0.2,-0.09656332022499692,gbdt_price_value
2020-02-29,801230.SI,0.2,-0.07340300621140283,gbdt_price_value
2020-02-29,801130.SI,0.2,-0.04019133294942234,gbdt_price_value
2020-03-31,801080.SI,0.2,0.11424079377389651,gbdt_price_value
2020-03-31,801050.SI,0.2,0.01970996188113916,gbdt_price_value
2020-03-31,801110.SI,0.2,0.07653987238512605,gbdt_price_value
2020-03-31,801750.SI,0.2,0.0755829525273295,gbdt_price_value
2020-03-31,801130.SI,0.2,-0.05234965352475052,gbdt_price_value
2020-04-30,801050.SI,0.2,0.041198613655271776,gbdt_price_value
2020-04-30,801080.SI,0.2,-0.015388531995796817,gbdt_price_value
2020-04-30,801880.SI,0.2,-0.001995856634124493,gbdt_price_value
2020-04-30,801710.SI,0.2,-0.016152427675268255,gbdt_price_value
2020-04-30,801180.SI,0.2,-0.030954636299287963,gbdt_price_value
2020-05-31,801770.SI,0.2,0.07804701564427452,gbdt_price_value
2020-05-31,801080.SI,0.2,0.19160564867942598,gbdt_price_value
2020-05-31,801750.SI,0.2,0.1145726161570435,gbdt_price_value
2020-05-31,801050.SI,0.2,0.0466917007660721,gbdt_price_value
2020-05-31,801880.SI,0.2,0.06460024747101967,gbdt_price_value
2020-06-30,801880.SI,0.2,0.1421973568506505,gbdt_price_value
2020-06-30,801050.SI,0.2,0.20294950311005522,gbdt_price_value
2020-06-30,801710.SI,0.2,0.23918900365964002,gbdt_price_value
2020-06-30,801230.SI,0.2,0.12005205936871421,gbdt_price_value
2020-06-30,801030.SI,0.2,0.18227855385633496,gbdt_price_value
2020-07-31,801770.SI,0.2,-0.008491563246290634,gbdt_price_value
2020-07-31,801880.SI,0.2,0.04960903678446149,gbdt_price_value
2020-07-31,801110.SI,0.2,0.006443010306458552,gbdt_price_value
2020-07-31,801150.SI,0.2,-0.027681337948046725,gbdt_price_value
2020-07-31,801140.SI,0.2,0.047952462286168895,gbdt_price_value
2020-08-31,801980.SI,0.2,-0.08720911367037587,gbdt_price_value
2020-08-31,801200.SI,0.2,-0.08170594495198469,gbdt_price_value
2020-08-31,801880.SI,0.2,0.011246824207247652,gbdt_price_value
2020-08-31,801140.SI,0.2,-0.08435304149471645,gbdt_price_value
2020-08-31,801890.SI,0.2,-0.04145865137324478,gbdt_price_value
2020-09-30,801980.SI,0.2,0.05672748369372793,gbdt_price_value
2020-09-30,801200.SI,0.2,-0.018752126209000464,gbdt_price_value
2020-09-30,801230.SI,0.2,0.018965517241379404,gbdt_price_value
2020-09-30,801890.SI,0.2,0.016256196509150334,gbdt_price_value
2020-09-30,801010.SI,0.2,-0.04603405777997327,gbdt_price_value
2020-10-31,801210.SI,0.2,0.015808833012623813,gbdt_price_value
2020-10-31,801110.SI,0.2,0.08752651737214667,gbdt_price_value
2020-10-31,801200.SI,0.2,-0.011522666223198086,gbdt_price_value
2020-10-31,801150.SI,0.2,-0.0663055883876954,gbdt_price_value
2020-10-31,801880.SI,0.2,0.08008455735505793,gbdt_price_value
2020-11-30,801210.SI,0.2,0.24981336215258687,gbdt_price_value
2020-11-30,801120.SI,0.2,0.17986788868336068,gbdt_price_value
2020-11-30,801760.SI,0.2,-0.04965347496599526,gbdt_price_value
2020-11-30,801050.SI,0.2,0.06110876421849776,gbdt_price_value
2020-11-30,801150.SI,0.2,0.09518135546650774,gbdt_price_value
2020-12-31,801010.SI,0.2,0.003194398303135726,gbdt_price_value
2020-12-31,801030.SI,0.2,0.06650023567067498,gbdt_price_value
2020-12-31,801150.SI,0.2,0.0053364002109719255,gbdt_price_value
2020-12-31,801210.SI,0.2,0.01187183811129855,gbdt_price_value
2020-12-31,801120.SI,0.2,0.014308329380036122,gbdt_price_value
2021-01-31,801110.SI,0.2,-0.015302750770905926,gbdt_price_value
2021-01-31,801150.SI,0.2,-0.016065881066194,gbdt_price_value
2021-01-31,801010.SI,0.2,0.08307774607703267,gbdt_price_value
2021-01-31,801030.SI,0.2,0.04289755719031918,gbdt_price_value
2021-01-31,801740.SI,0.2,-0.015702350032856582,gbdt_price_value
2021-02-28,801010.SI,0.2,-0.07562803846904664,gbdt_price_value
2021-02-28,801880.SI,0.2,-0.059128589596250336,gbdt_price_value
2021-02-28,801030.SI,0.2,-0.06490127575281246,gbdt_price_value
2021-02-28,801710.SI,0.2,0.010153651852502055,gbdt_price_value
2021-02-28,801150.SI,0.2,-0.030125196600598758,gbdt_price_value
2021-03-31,801730.SI,0.2,0.06870495088946704,gbdt_price_value
2021-03-31,801210.SI,0.2,0.013222545914387762,gbdt_price_value
2021-03-31,801880.SI,0.2,0.03217178708112445,gbdt_price_value
2021-03-31,801030.SI,0.2,0.03648138779983978,gbdt_price_value
2021-03-31,801040.SI,0.2,0.08850467217486058,gbdt_price_value
2021-04-30,801150.SI,0.2,0.02956012113350348,gbdt_price_value
2021-04-30,801230.SI,0.2,0.02635646530204694,gbdt_price_value
2021-04-30,801040.SI,0.2,-0.008843745118366275,gbdt_price_value
2021-04-30,801130.SI,0.2,0.03652770633365798,gbdt_price_value
2021-04-30,801730.SI,0.2,0.07704547572453646,gbdt_price_value
2021-05-31,801150.SI,0.2,-0.002627913441259788,gbdt_price_value
2021-05-31,801030.SI,0.2,0.05371075641519396,gbdt_price_value
2021-05-31,801720.SI,0.2,0.005425938733167879,gbdt_price_value
2021-05-31,801080.SI,0.2,0.11816785960940179,gbdt_price_value
2021-05-31,801130.SI,0.2,0.01953931356348293,gbdt_price_value
2021-06-30,801210.SI,0.2,-0.19737708969719914,gbdt_price_value
2021-06-30,801030.SI,0.2,0.05127979514253167,gbdt_price_value
2021-06-30,801050.SI,0.2,0.27401585061339695,gbdt_price_value
2021-06-30,801080.SI,0.2,0.040063917919116676,gbdt_price_value
2021-06-30,801970.SI,0.2,0.002736083447978377,gbdt_price_value
2021-07-31,801080.SI,0.2,-0.06966802266453576,gbdt_price_value
2021-07-31,801030.SI,0.2,0.12462121537286142,gbdt_price_value
2021-07-31,801970.SI,0.2,0.11725889104470744,gbdt_price_value
2021-07-31,801730.SI,0.2,0.053703526869399054,gbdt_price_value
2021-07-31,801980.SI,0.2,-0.0557364797589569,gbdt_price_value
2021-08-31,801730.SI,0.2,-0.03014095661083649,gbdt_price_value
2021-08-31,801080.SI,0.2,-0.03931068677553984,gbdt_price_value
2021-08-31,801710.SI,0.2,-0.07817685247587869,gbdt_price_value
2021-08-31,801970.SI,0.2,0.025485470257787135,gbdt_price_value
2021-08-31,801880.SI,0.2,-0.08890514845012731,gbdt_price_value
2021-09-30,801050.SI,0.2,-0.006222573408023124,gbdt_price_value
2021-09-30,801080.SI,0.2,0.017013451456902695,gbdt_price_value
2021-09-30,801730.SI,0.2,0.11700718983573899,gbdt_price_value
2021-09-30,801230.SI,0.2,0.014128978637652168,gbdt_price_value
2021-09-30,801170.SI,0.2,-0.017215327413796055,gbdt_price_value
2021-10-31,801730.SI,0.2,0.03347142223022748,gbdt_price_value
2021-10-31,801050.SI,0.2,0.08841935254862987,gbdt_price_value
2021-10-31,801080.SI,0.2,0.08530447760597637,gbdt_price_value
2021-10-31,801880.SI,0.2,0.05222065826120814,gbdt_price_value
2021-10-31,801950.SI,0.2,-0.04184496502567925,gbdt_price_value
2021-11-30,801880.SI,0.2,-0.04797536338719266,gbdt_price_value
2021-11-30,801730.SI,0.2,-0.08579218674913602,gbdt_price_value
2021-11-30,801050.SI,0.2,-0.06215481550209623,gbdt_price_value
2021-11-30,801950.SI,0.2,0.07674081756732587,gbdt_price_value
2021-11-30,801080.SI,0.2,0.011380518364018322,gbdt_price_value
2021-12-31,801950.SI,0.2,-0.042096041585358734,gbdt_price_value
2021-12-31,801050.SI,0.2,-0.10737522211905937,gbdt_price_value
2021-12-31,801730.SI,0.2,-0.1081864931198937,gbdt_price_value
2021-12-31,801120.SI,0.2,-0.10589043116922292,gbdt_price_value
2021-12-31,801030.SI,0.2,-0.1058976038861944,gbdt_price_value
2022-01-31,801730.SI,0.2,0.02543255922114751,gbdt_price_value
2022-01-31,801950.SI,0.2,0.1553258349045359,gbdt_price_value
2022-01-31,801050.SI,0.2,0.17175770278114344,gbdt_price_value
2022-01-31,801040.SI,0.2,0.07910013207947797,gbdt_price_value
2022-01-31,801120.SI,0.2,-0.007451832313715712,gbdt_price_value
2022-02-28,801730.SI,0.2,-0.1009533445559927,gbdt_price_value
2022-02-28,801120.SI,0.2,-0.10261061880532174,gbdt_price_value
2022-02-28,801760.SI,0.2,-0.03681648547785166,gbdt_price_value
2022-02-28,801080.SI,0.2,-0.14973257590857747,gbdt_price_value
2022-02-28,801040.SI,0.2,-0.1010232055549255,gbdt_price_value
2022-03-31,801730.SI,0.2,-0.15533573676592138,gbdt_price_value
2022-03-31,801760.SI,0.2,-0.13951921295126424,gbdt_price_value
2022-03-31,801080.SI,0.2,-0.1390666054561971,gbdt_price_value
2022-03-31,801010.SI,0.2,-0.12757594032348318,gbdt_price_value
2022-03-31,801050.SI,0.2,-0.11647238750323374,gbdt_price_value
2022-04-30,801750.SI,0.2,0.02185607668759637,gbdt_price_value
2022-04-30,801740.SI,0.2,0.11271841333891652,gbdt_price_value
2022-04-30,801050.SI,0.2,0.07982793439460556,gbdt_price_value
2022-04-30,801080.SI,0.2,0.08955769983492456,gbdt_price_value
2022-04-30,801720.SI,0.2,0.016563464613782664,gbdt_price_value
2022-05-31,801050.SI,0.2,0.1196406354675088,gbdt_price_value
2022-05-31,801890.SI,0.2,0.1043201582778428,gbdt_price_value
2022-05-31,801230.SI,0.2,0.043988816402609654,gbdt_price_value
2022-05-31,801030.SI,0.2,0.08126292568592297,gbdt_price_value
2022-05-31,801170.SI,0.2,0.01982926778111027,gbdt_price_value
2022-06-30,801120.SI,0.2,-0.0968960160949317,gbdt_price_value
2022-06-30,801980.SI,0.2,-0.02186301813772562,gbdt_price_value
2022-06-30,801050.SI,0.2,-0.016247653848756483,gbdt_price_value
2022-06-30,801140.SI,0.2,-0.05632288880088565,gbdt_price_value
2022-06-30,801720.SI,0.2,-0.028150821714515883,gbdt_price_value
2022-07-31,801950.SI,0.2,0.07851913380448483,gbdt_price_value
2022-07-31,801010.SI,0.2,0.00520315585094866,gbdt_price_value
2022-07-31,801160.SI,0.2,-0.004563591022443858,gbdt_price_value
2022-07-31,801880.SI,0.2,-0.11849927671735527,gbdt_price_value
2022-07-31,801050.SI,0.2,-0.06482222310719477,gbdt_price_value
2022-08-31,801880.SI,0.2,-0.1051006879299562,gbdt_price_value
2022-08-31,801010.SI,0.2,-0.10378327426082179,gbdt_price_value
2022-08-31,801140.SI,0.2,-0.08053859521654716,gbdt_price_value
2022-08-31,801950.SI,0.2,0.016902224244873754,gbdt_price_value
2022-08-31,801170.SI,0.2,-0.026708871588673078,gbdt_price_value
2022-09-30,801880.SI,0.2,-0.015063249621694919,gbdt_price_value
2022-09-30,801740.SI,0.2,0.1163035096458962,gbdt_price_value
2022-09-30,801730.SI,0.2,-0.012076447842309213,gbdt_price_value
2022-09-30,801050.SI,0.2,-0.03542731376927111,gbdt_price_value
2022-09-30,801230.SI,0.2,0.010318314161255948,gbdt_price_value
2022-10-31,801180.SI,0.2,0.27797199405581785,gbdt_price_value
2022-10-31,801230.SI,0.2,0.09823107367982087,gbdt_price_value
2022-10-31,801880.SI,0.2,0.08037334372711769,gbdt_price_value
2022-10-31,801730.SI,0.2,0.013443772498649809,gbdt_price_value
2022-10-31,801050.SI,0.2,0.07505246456573023,gbdt_price_value
2022-11-30,801140.SI,0.2,0.0087773696512905,gbdt_price_value
2022-11-30,801950.SI,0.2,-0.10878577360365793,gbdt_price_value
2022-11-30,801880.SI,0.2,-0.0642889667250438,gbdt_price_value
2022-11-30,801120.SI,0.2,0.10776059249651104,gbdt_price_value
2022-11-30,801960.SI,0.2,-0.05765373502990656,gbdt_price_value
2019-01-31,801730.SI,0.1,0.17077446943734476,gbdt_price_value__trend
2019-01-31,801720.SI,0.1,0.14399025536834986,gbdt_price_value__trend
2019-01-31,801110.SI,0.1,0.10322283560272227,gbdt_price_value__trend
2019-01-31,801030.SI,0.1,0.1793120172773528,gbdt_price_value__trend
2019-01-31,801880.SI,0.1,0.15702613176297398,gbdt_price_value__trend
2019-02-28,801180.SI,0.2,0.11857409882425873,gbdt_price_value__trend
2019-02-28,801030.SI,0.2,0.09610422866365864,gbdt_price_value__trend
2019-02-28,801950.SI,0.2,0.027677879667426186,gbdt_price_value__trend
2019-02-28,801880.SI,0.2,0.03894848010586438,gbdt_price_value__trend
2019-02-28,801730.SI,0.2,0.07486616000898505,gbdt_price_value__trend
2019-03-31,801730.SI,0.2,-0.05081937950070958,gbdt_price_value__trend
2019-03-31,801030.SI,0.2,-0.013960518351497808,gbdt_price_value__trend
2019-03-31,801140.SI,0.2,-0.06697343551872914,gbdt_price_value__trend
2019-03-31,801200.SI,0.2,-0.015121675453242722,gbdt_price_value__trend
2019-03-31,801180.SI,0.2,-0.03965245925768801,gbdt_price_value__trend
2019-04-30,801740.SI,0.2,-0.01566690190543396,gbdt_price_value__trend
2019-04-30,801140.SI,0.2,-0.07448608914910892,gbdt_price_value__trend
2019-04-30,801710.SI,0.2,-0.0404388209752472,gbdt_price_value__trend
2019-04-30,801890.SI,0.2,-0.05659755943081535,gbdt_price_value__trend
2019-04-30,801200.SI,0.2,-0.08771264723785521,gbdt_price_value__trend
2019-05-31,801740.SI,0.2,-0.0006183682248349642,gbdt_price_value__trend
2019-05-31,801140.SI,0.2,-0.005337987911027353,gbdt_price_value__trend
2019-05-31,801210.SI,0.2,0.08223533854011422,gbdt_price_value__trend
2019-05-31,801200.SI,0.2,0.021251938778496404,gbdt_price_value__trend
2019-05-31,801180.SI,0.2,0.009033166259942771,gbdt_price_value__trend
2019-06-30,801010.SI,0.2,0.0730661066924354,gbdt_price_value__trend
2019-06-30,801980.SI,0.2,0.006378235288944545,gbdt_price_value__trend
2019-06-30,801740.SI,0.2,0.04998430704389545,gbdt_price_value__trend
2019-06-30,801200.SI,0.2,-0.04308082023772675,gbdt_price_value__trend
2019-06-30,801720.SI,0.2,-0.025825577263055566,gbdt_price_value__trend
2019-07-31,801230.SI,0.2,-0.01153701480386049,gbdt_price_value__trend
2019-07-31,801140.SI,0.2,-0.015841886520558623,gbdt_price_value__trend
2019-07-31,801750.SI,0.2,0.03136054586367942,gbdt_price_value__trend
2019-07-31,801720.SI,0.2,-0.056913159523083845,gbdt_price_value__trend
2019-07-31,801180.SI,0.2,-0.06717407232245898,gbdt_price_value__trend
2019-08-31,801230.SI,0.2,0.0025386796780517695,gbdt_price_value__trend
2019-08-31,801200.SI,0.2,-0.011992331227763109,gbdt_price_value__trend
2019-08-31,801740.SI,0.2,-0.06933927973404552,gbdt_price_value__trend
2019-08-31,801140.SI,0.2,0.0008581776573204358,gbdt_price_value__trend
2019-08-31,801180.SI,0.2,0.012871838518845324,gbdt_price_value__trend
2019-09-30,801010.SI,0.2,0.1259784115697462,gbdt_price_value__trend
2019-09-30,801950.SI,0.2,-0.028048918724888794,gbdt_price_value__trend
2019-09-30,801760.SI,0.2,0.020900374879739836,gbdt_price_value__trend
2019-09-30,801180.SI,0.2,0.020117953399589217,gbdt_price_value__trend
2019-09-30,801720.SI,0.2,-0.018710623638728996,gbdt_price_value__trend
2019-10-31,801740.SI,0.1,-0.01736677636127315,gbdt_price_value__trend
2019-10-31,801050.SI,0.1,0.00930789965387313,gbdt_price_value__trend
2019-10-31,801760.SI,0.1,-0.011568582848601072,gbdt_price_value__trend
2019-10-31,801010.SI,0.1,-0.09573178866850485,gbdt_price_value__trend
2019-10-31,801210.SI,0.1,-0.044744089739466086,gbdt_price_value__trend
2019-11-30,801740.SI,0.1,0.05666094428653179,gbdt_price_value__trend
2019-11-30,801210.SI,0.1,0.08231749555872403,gbdt_price_value__trend
2019-11-30,801010.SI,0.1,0.016831932721449228,gbdt_price_value__trend
2019-11-30,801710.SI,0.1,0.14377078351474704,gbdt_price_value__trend
2019-11-30,801180.SI,0.1,0.10439539233823147,gbdt_price_value__trend
2019-12-31,801740.SI,0.2,0.0316497838226546,gbdt_price_value__trend
2019-12-31,801010.SI,0.2,-0.04006529427768202,gbdt_price_value__trend
2019-12-31,801980.SI,0.2,0.010263802618228679,gbdt_price_value__trend
2019-12-31,801180.SI,0.2,-0.06589924772441891,gbdt_price_value__trend
2019-12-31,801230.SI,0.2,0.01975809303751208,gbdt_price_value__trend
2020-01-31,801120.SI,0.2,-0.02401867952580017,gbdt_price_value__trend
2020-01-31,801010.SI,0.2,0.0824925367494238,gbdt_price_value__trend
2020-01-31,801740.SI,0.2,0.008536711300815902,gbdt_price_value__trend
2020-01-31,801210.SI,0.2,-0.03109577007373754,gbdt_price_value__trend
2020-01-31,801180.SI,0.2,-0.019329334447368063,gbdt_price_value__trend
2020-02-29,801080.SI,0.2,-0.20437596938310032,gbdt_price_value__trend
2020-02-29,801750.SI,0.2,-0.12811190368838843,gbdt_price_value__trend
2020-02-29,801210.SI,0.2,-0.09656332022499692,gbdt_price_value__trend
2020-02-29,801230.SI,0.2,-0.07340300621140283,gbdt_price_value__trend
2020-02-29,801130.SI,0.2,-0.04019133294942234,gbdt_price_value__trend
2020-03-31,801080.SI,0.1,0.11424079377389651,gbdt_price_value__trend
2020-03-31,801050.SI,0.1,0.01970996188113916,gbdt_price_value__trend
2020-03-31,801110.SI,0.1,0.07653987238512605,gbdt_price_value__trend
2020-03-31,801750.SI,0.1,0.0755829525273295,gbdt_price_value__trend
2020-03-31,801130.SI,0.1,-0.05234965352475052,gbdt_price_value__trend
2020-04-30,801050.SI,0.2,0.041198613655271776,gbdt_price_value__trend
2020-04-30,801080.SI,0.2,-0.015388531995796817,gbdt_price_value__trend
2020-04-30,801880.SI,0.2,-0.001995856634124493,gbdt_price_value__trend
2020-04-30,801710.SI,0.2,-0.016152427675268255,gbdt_price_value__trend
2020-04-30,801180.SI,0.2,-0.030954636299287963,gbdt_price_value__trend
2020-05-31,801770.SI,0.2,0.07804701564427452,gbdt_price_value__trend
2020-05-31,801080.SI,0.2,0.19160564867942598,gbdt_price_value__trend
2020-05-31,801750.SI,0.2,0.1145726161570435,gbdt_price_value__trend
2020-05-31,801050.SI,0.2,0.0466917007660721,gbdt_price_value__trend
2020-05-31,801880.SI,0.2,0.06460024747101967,gbdt_price_value__trend
2020-06-30,801880.SI,0.2,0.1421973568506505,gbdt_price_value__trend
2020-06-30,801050.SI,0.2,0.20294950311005522,gbdt_price_value__trend
2020-06-30,801710.SI,0.2,0.23918900365964002,gbdt_price_value__trend
2020-06-30,801230.SI,0.2,0.12005205936871421,gbdt_price_value__trend
2020-06-30,801030.SI,0.2,0.18227855385633496,gbdt_price_value__trend
2020-07-31,801770.SI,0.2,-0.008491563246290634,gbdt_price_value__trend
2020-07-31,801880.SI,0.2,0.04960903678446149,gbdt_price_value__trend
2020-07-31,801110.SI,0.2,0.006443010306458552,gbdt_price_value__trend
2020-07-31,801150.SI,0.2,-0.027681337948046725,gbdt_price_value__trend
2020-07-31,801140.SI,0.2,0.047952462286168895,gbdt_price_value__trend
2020-08-31,801980.SI,0.2,-0.08720911367037587,gbdt_price_value__trend
2020-08-31,801200.SI,0.2,-0.08170594495198469,gbdt_price_value__trend
2020-08-31,801880.SI,0.2,0.011246824207247652,gbdt_price_value__trend
2020-08-31,801140.SI,0.2,-0.08435304149471645,gbdt_price_value__trend
2020-08-31,801890.SI,0.2,-0.04145865137324478,gbdt_price_value__trend
2020-09-30,801980.SI,0.2,0.05672748369372793,gbdt_price_value__trend
2020-09-30,801200.SI,0.2,-0.018752126209000464,gbdt_price_value__trend
2020-09-30,801230.SI,0.2,0.018965517241379404,gbdt_price_value__trend
2020-09-30,801890.SI,0.2,0.016256196509150334,gbdt_price_value__trend
2020-09-30,801010.SI,0.2,-0.04603405777997327,gbdt_price_value__trend
2020-10-31,801210.SI,0.2,0.015808833012623813,gbdt_price_value__trend
2020-10-31,801110.SI,0.2,0.08752651737214667,gbdt_price_value__trend
2020-10-31,801200.SI,0.2,-0.011522666223198086,gbdt_price_value__trend
2020-10-31,801150.SI,0.2,-0.0663055883876954,gbdt_price_value__trend
2020-10-31,801880.SI,0.2,0.08008455735505793,gbdt_price_value__trend
2020-11-30,801210.SI,0.2,0.24981336215258687,gbdt_price_value__trend
2020-11-30,801120.SI,0.2,0.17986788868336068,gbdt_price_value__trend
2020-11-30,801760.SI,0.2,-0.04965347496599526,gbdt_price_value__trend
2020-11-30,801050.SI,0.2,0.06110876421849776,gbdt_price_value__trend
2020-11-30,801150.SI,0.2,0.09518135546650774,gbdt_price_value__trend
2020-12-31,801010.SI,0.2,0.003194398303135726,gbdt_price_value__trend
2020-12-31,801030.SI,0.2,0.06650023567067498,gbdt_price_value__trend
2020-12-31,801150.SI,0.2,0.0053364002109719255,gbdt_price_value__trend
2020-12-31,801210.SI,0.2,0.01187183811129855,gbdt_price_value__trend
2020-12-31,801120.SI,0.2,0.014308329380036122,gbdt_price_value__trend
2021-01-31,801110.SI,0.2,-0.015302750770905926,gbdt_price_value__trend
2021-01-31,801150.SI,0.2,-0.016065881066194,gbdt_price_value__trend
2021-01-31,801010.SI,0.2,0.08307774607703267,gbdt_price_value__trend
2021-01-31,801030.SI,0.2,0.04289755719031918,gbdt_price_value__trend
2021-01-31,801740.SI,0.2,-0.015702350032856582,gbdt_price_value__trend
2021-02-28,801010.SI,0.2,-0.07562803846904664,gbdt_price_value__trend
2021-02-28,801880.SI,0.2,-0.059128589596250336,gbdt_price_value__trend
2021-02-28,801030.SI,0.2,-0.06490127575281246,gbdt_price_value__trend
2021-02-28,801710.SI,0.2,0.010153651852502055,gbdt_price_value__trend
2021-02-28,801150.SI,0.2,-0.030125196600598758,gbdt_price_value__trend
2021-03-31,801730.SI,0.2,0.06870495088946704,gbdt_price_value__trend
2021-03-31,801210.SI,0.2,0.013222545914387762,gbdt_price_value__trend
2021-03-31,801880.SI,0.2,0.03217178708112445,gbdt_price_value__trend
2021-03-31,801030.SI,0.2,0.03648138779983978,gbdt_price_value__trend
2021-03-31,801040.SI,0.2,0.08850467217486058,gbdt_price_value__trend
2021-04-30,801150.SI,0.2,0.02956012113350348,gbdt_price_value__trend
2021-04-30,801230.SI,0.2,0.02635646530204694,gbdt_price_value__trend
2021-04-30,801040.SI,0.2,-0.008843745118366275,gbdt_price_value__trend
2021-04-30,801130.SI,0.2,0.03652770633365798,gbdt_price_value__trend
2021-04-30,801730.SI,0.2,0.07704547572453646,gbdt_price_value__trend
2021-05-31,801150.SI,0.2,-0.002627913441259788,gbdt_price_value__trend
2021-05-31,801030.SI,0.2,0.05371075641519396,gbdt_price_value__trend
2021-05-31,801720.SI,0.2,0.005425938733167879,gbdt_price_value__trend
2021-05-31,801080.SI,0.2,0.11816785960940179,gbdt_price_value__trend
2021-05-31,801130.SI,0.2,0.01953931356348293,gbdt_price_value__trend
2021-06-30,801210.SI,0.2,-0.19737708969719914,gbdt_price_value__trend
2021-06-30,801030.SI,0.2,0.05127979514253167,gbdt_price_value__trend
2021-06-30,801050.SI,0.2,0.27401585061339695,gbdt_price_value__trend
2021-06-30,801080.SI,0.2,0.040063917919116676,gbdt_price_value__trend
2021-06-30,801970.SI,0.2,0.002736083447978377,gbdt_price_value__trend
2021-07-31,801080.SI,0.2,-0.06966802266453576,gbdt_price_value__trend
2021-07-31,801030.SI,0.2,0.12462121537286142,gbdt_price_value__trend
2021-07-31,801970.SI,0.2,0.11725889104470744,gbdt_price_value__trend
2021-07-31,801730.SI,0.2,0.053703526869399054,gbdt_price_value__trend
2021-07-31,801980.SI,0.2,-0.0557364797589569,gbdt_price_value__trend
2021-08-31,801730.SI,0.2,-0.03014095661083649,gbdt_price_value__trend
2021-08-31,801080.SI,0.2,-0.03931068677553984,gbdt_price_value__trend
2021-08-31,801710.SI,0.2,-0.07817685247587869,gbdt_price_value__trend
2021-08-31,801970.SI,0.2,0.025485470257787135,gbdt_price_value__trend
2021-08-31,801880.SI,0.2,-0.08890514845012731,gbdt_price_value__trend
2021-09-30,801050.SI,0.2,-0.006222573408023124,gbdt_price_value__trend
2021-09-30,801080.SI,0.2,0.017013451456902695,gbdt_price_value__trend
2021-09-30,801730.SI,0.2,0.11700718983573899,gbdt_price_value__trend
2021-09-30,801230.SI,0.2,0.014128978637652168,gbdt_price_value__trend
2021-09-30,801170.SI,0.2,-0.017215327413796055,gbdt_price_value__trend
2021-10-31,801730.SI,0.2,0.03347142223022748,gbdt_price_value__trend
2021-10-31,801050.SI,0.2,0.08841935254862987,gbdt_price_value__trend
2021-10-31,801080.SI,0.2,0.08530447760597637,gbdt_price_value__trend
2021-10-31,801880.SI,0.2,0.05222065826120814,gbdt_price_value__trend
2021-10-31,801950.SI,0.2,-0.04184496502567925,gbdt_price_value__trend
2021-11-30,801880.SI,0.2,-0.04797536338719266,gbdt_price_value__trend
2021-11-30,801730.SI,0.2,-0.08579218674913602,gbdt_price_value__trend
2021-11-30,801050.SI,0.2,-0.06215481550209623,gbdt_price_value__trend
2021-11-30,801950.SI,0.2,0.07674081756732587,gbdt_price_value__trend
2021-11-30,801080.SI,0.2,0.011380518364018322,gbdt_price_value__trend
2021-12-31,801950.SI,0.2,-0.042096041585358734,gbdt_price_value__trend
2021-12-31,801050.SI,0.2,-0.10737522211905937,gbdt_price_value__trend
2021-12-31,801730.SI,0.2,-0.1081864931198937,gbdt_price_value__trend
2021-12-31,801120.SI,0.2,-0.10589043116922292,gbdt_price_value__trend
2021-12-31,801030.SI,0.2,-0.1058976038861944,gbdt_price_value__trend
2022-01-31,801730.SI,0.1,0.02543255922114751,gbdt_price_value__trend
2022-01-31,801950.SI,0.1,0.1553258349045359,gbdt_price_value__trend
2022-01-31,801050.SI,0.1,0.17175770278114344,gbdt_price_value__trend
2022-01-31,801040.SI,0.1,0.07910013207947797,gbdt_price_value__trend
2022-01-31,801120.SI,0.1,-0.007451832313715712,gbdt_price_value__trend
2022-02-28,801730.SI,0.1,-0.1009533445559927,gbdt_price_value__trend
2022-02-28,801120.SI,0.1,-0.10261061880532174,gbdt_price_value__trend
2022-02-28,801760.SI,0.1,-0.03681648547785166,gbdt_price_value__trend
2022-02-28,801080.SI,0.1,-0.14973257590857747,gbdt_price_value__trend
2022-02-28,801040.SI,0.1,-0.1010232055549255,gbdt_price_value__trend
2022-03-31,801730.SI,0.1,-0.15533573676592138,gbdt_price_value__trend
2022-03-31,801760.SI,0.1,-0.13951921295126424,gbdt_price_value__trend
2022-03-31,801080.SI,0.1,-0.1390666054561971,gbdt_price_value__trend
2022-03-31,801010.SI,0.1,-0.12757594032348318,gbdt_price_value__trend
2022-03-31,801050.SI,0.1,-0.11647238750323374,gbdt_price_value__trend
2022-04-30,801750.SI,0.1,0.02185607668759637,gbdt_price_value__trend
2022-04-30,801740.SI,0.1,0.11271841333891652,gbdt_price_value__trend
2022-04-30,801050.SI,0.1,0.07982793439460556,gbdt_price_value__trend
2022-04-30,801080.SI,0.1,0.08955769983492456,gbdt_price_value__trend
2022-04-30,801720.SI,0.1,0.016563464613782664,gbdt_price_value__trend
2022-05-31,801050.SI,0.1,0.1196406354675088,gbdt_price_value__trend
2022-05-31,801890.SI,0.1,0.1043201582778428,gbdt_price_value__trend
2022-05-31,801230.SI,0.1,0.043988816402609654,gbdt_price_value__trend
2022-05-31,801030.SI,0.1,0.08126292568592297,gbdt_price_value__trend
2022-05-31,801170.SI,0.1,0.01982926778111027,gbdt_price_value__trend
2022-06-30,801120.SI,0.2,-0.0968960160949317,gbdt_price_value__trend
2022-06-30,801980.SI,0.2,-0.02186301813772562,gbdt_price_value__trend
2022-06-30,801050.SI,0.2,-0.016247653848756483,gbdt_price_value__trend
2022-06-30,801140.SI,0.2,-0.05632288880088565,gbdt_price_value__trend
2022-06-30,801720.SI,0.2,-0.028150821714515883,gbdt_price_value__trend
2022-07-31,801950.SI,0.1,0.07851913380448483,gbdt_price_value__trend
2022-07-31,801010.SI,0.1,0.00520315585094866,gbdt_price_value__trend
2022-07-31,801160.SI,0.1,-0.004563591022443858,gbdt_price_value__trend
2022-07-31,801880.SI,0.1,-0.11849927671735527,gbdt_price_value__trend
2022-07-31,801050.SI,0.1,-0.06482222310719477,gbdt_price_value__trend
2022-08-31,801880.SI,0.1,-0.1051006879299562,gbdt_price_value__trend
2022-08-31,801010.SI,0.1,-0.10378327426082179,gbdt_price_value__trend
2022-08-31,801140.SI,0.1,-0.08053859521654716,gbdt_price_value__trend
2022-08-31,801950.SI,0.1,0.016902224244873754,gbdt_price_value__trend
2022-08-31,801170.SI,0.1,-0.026708871588673078,gbdt_price_value__trend
2022-09-30,801880.SI,0.1,-0.015063249621694919,gbdt_price_value__trend
2022-09-30,801740.SI,0.1,0.1163035096458962,gbdt_price_value__trend
2022-09-30,801730.SI,0.1,-0.012076447842309213,gbdt_price_value__trend
2022-09-30,801050.SI,0.1,-0.03542731376927111,gbdt_price_value__trend
2022-09-30,801230.SI,0.1,0.010318314161255948,gbdt_price_value__trend
2022-10-31,801180.SI,0.1,0.27797199405581785,gbdt_price_value__trend
2022-10-31,801230.SI,0.1,0.09823107367982087,gbdt_price_value__trend
2022-10-31,801880.SI,0.1,0.08037334372711769,gbdt_price_value__trend
2022-10-31,801730.SI,0.1,0.013443772498649809,gbdt_price_value__trend
2022-10-31,801050.SI,0.1,0.07505246456573023,gbdt_price_value__trend
2022-11-30,801140.SI,0.1,0.0087773696512905,gbdt_price_value__trend
2022-11-30,801950.SI,0.1,-0.10878577360365793,gbdt_price_value__trend
2022-11-30,801880.SI,0.1,-0.0642889667250438,gbdt_price_value__trend
2022-11-30,801120.SI,0.1,0.10776059249651104,gbdt_price_value__trend
2022-11-30,801960.SI,0.1,-0.05765373502990656,gbdt_price_value__trend
2019-01-31,801730.SI,0.16397130739193774,0.17077446943734476,gbdt_price_value__vol_target
2019-01-31,801720.SI,0.16397130739193774,0.14399025536834986,gbdt_price_value__vol_target
2019-01-31,801110.SI,0.16397130739193774,0.10322283560272227,gbdt_price_value__vol_target
2019-01-31,801030.SI,0.16397130739193774,0.1793120172773528,gbdt_price_value__vol_target
2019-01-31,801880.SI,0.16397130739193774,0.15702613176297398,gbdt_price_value__vol_target
2019-02-28,801180.SI,0.08920042031173513,0.11857409882425873,gbdt_price_value__vol_target
2019-02-28,801030.SI,0.08920042031173513,0.09610422866365864,gbdt_price_value__vol_target
2019-02-28,801950.SI,0.08920042031173513,0.027677879667426186,gbdt_price_value__vol_target
2019-02-28,801880.SI,0.08920042031173513,0.03894848010586438,gbdt_price_value__vol_target
2019-02-28,801730.SI,0.08920042031173513,0.07486616000898505,gbdt_price_value__vol_target
2019-03-31,801730.SI,0.08534904231971954,-0.05081937950070958,gbdt_price_value__vol_target
2019-03-31,801030.SI,0.08534904231971954,-0.013960518351497808,gbdt_price_value__vol_target
2019-03-31,801140.SI,0.08534904231971954,-0.06697343551872914,gbdt_price_value__vol_target
2019-03-31,801200.SI,0.08534904231971954,-0.015121675453242722,gbdt_price_value__vol_target
2019-03-31,801180.SI,0.08534904231971954,-0.03965245925768801,gbdt_price_value__vol_target
2019-04-30,801740.SI,0.10275072955796258,-0.01566690190543396,gbdt_price_value__vol_target
2019-04-30,801140.SI,0.10275072955796258,-0.07448608914910892,gbdt_price_value__vol_target
2019-04-30,801710.SI,0.10275072955796258,-0.0404388209752472,gbdt_price_value__vol_target
2019-04-30,801890.SI,0.10275072955796258,-0.05659755943081535,gbdt_price_value__vol_target
2019-04-30,801200.SI,0.10275072955796258,-0.08771264723785521,gbdt_price_value__vol_target
2019-05-31,801740.SI,0.09125944612388598,-0.0006183682248349642,gbdt_price_value__vol_target
2019-05-31,801140.SI,0.09125944612388598,-0.005337987911027353,gbdt_price_value__vol_target
2019-05-31,801210.SI,0.09125944612388598,0.08223533854011422,gbdt_price_value__vol_target
2019-05-31,801200.SI,0.09125944612388598,0.021251938778496404,gbdt_price_value__vol_target
2019-05-31,801180.SI,0.09125944612388598,0.009033166259942771,gbdt_price_value__vol_target
2019-06-30,801010.SI,0.09599882870375992,0.0730661066924354,gbdt_price_value__vol_target
2019-06-30,801980.SI,0.09599882870375992,0.006378235288944545,gbdt_price_value__vol_target
2019-06-30,801740.SI,0.09599882870375992,0.04998430704389545,gbdt_price_value__vol_target
2019-06-30,801200.SI,0.09599882870375992,-0.04308082023772675,gbdt_price_value__vol_target
2019-06-30,801720.SI,0.09599882870375992,-0.025825577263055566,gbdt_price_value__vol_target
2019-07-31,801230.SI,0.09430097816011039,-0.01153701480386049,gbdt_price_value__vol_target
2019-07-31,801140.SI,0.09430097816011039,-0.015841886520558623,gbdt_price_value__vol_target
2019-07-31,801750.SI,0.09430097816011039,0.03136054586367942,gbdt_price_value__vol_target
2019-07-31,801720.SI,0.09430097816011039,-0.056913159523083845,gbdt_price_value__vol_target
2019-07-31,801180.SI,0.09430097816011039,-0.06717407232245898,gbdt_price_value__vol_target
2019-08-31,801230.SI,0.16744930226965357,0.0025386796780517695,gbdt_price_value__vol_target
2019-08-31,801200.SI,0.16744930226965357,-0.011992331227763109,gbdt_price_value__vol_target
2019-08-31,801740.SI,0.16744930226965357,-0.06933927973404552,gbdt_price_value__vol_target
2019-08-31,801140.SI,0.16744930226965357,0.0008581776573204358,gbdt_price_value__vol_target
2019-08-31,801180.SI,0.16744930226965357,0.012871838518845324,gbdt_price_value__vol_target
2019-09-30,801010.SI,0.2,0.1259784115697462,gbdt_price_value__vol_target
2019-09-30,801950.SI,0.2,-0.028048918724888794,gbdt_price_value__vol_target
2019-09-30,801760.SI,0.2,0.020900374879739836,gbdt_price_value__vol_target
2019-09-30,801180.SI,0.2,0.020117953399589217,gbdt_price_value__vol_target
2019-09-30,801720.SI,0.2,-0.018710623638728996,gbdt_price_value__vol_target
2019-10-31,801740.SI,0.2,-0.01736677636127315,gbdt_price_value__vol_target
2019-10-31,801050.SI,0.2,0.00930789965387313,gbdt_price_value__vol_target
2019-10-31,801760.SI,0.2,-0.011568582848601072,gbdt_price_value__vol_target
2019-10-31,801010.SI,0.2,-0.09573178866850485,gbdt_price_value__vol_target
2019-10-31,801210.SI,0.2,-0.044744089739466086,gbdt_price_value__vol_target
2019-11-30,801740.SI,0.2,0.05666094428653179,gbdt_price_value__vol_target
2019-11-30,801210.SI,0.2,0.08231749555872403,gbdt_price_value__vol_target
2019-11-30,801010.SI,0.2,0.016831932721449228,gbdt_price_value__vol_target
2019-11-30,801710.SI,0.2,0.14377078351474704,gbdt_price_value__vol_target
2019-11-30,801180.SI,0.2,0.10439539233823147,gbdt_price_value__vol_target
2019-12-31,801740.SI,0.2,0.0316497838226546,gbdt_price_value__vol_target
2019-12-31,801010.SI,0.2,-0.04006529427768202,gbdt_price_value__vol_target
2019-12-31,801980.SI,0.2,0.010263802618228679,gbdt_price_value__vol_target
2019-12-31,801180.SI,0.2,-0.06589924772441891,gbdt_price_value__vol_target
2019-12-31,801230.SI,0.2,0.01975809303751208,gbdt_price_value__vol_target
2020-01-31,801120.SI,0.2,-0.02401867952580017,gbdt_price_value__vol_target
2020-01-31,801010.SI,0.2,0.0824925367494238,gbdt_price_value__vol_target
2020-01-31,801740.SI,0.2,0.008536711300815902,gbdt_price_value__vol_target
2020-01-31,801210.SI,0.2,-0.03109577007373754,gbdt_price_value__vol_target
2020-01-31,801180.SI,0.2,-0.019329334447368063,gbdt_price_value__vol_target
2020-02-29,801080.SI,0.2,-0.20437596938310032,gbdt_price_value__vol_target
2020-02-29,801750.SI,0.2,-0.12811190368838843,gbdt_price_value__vol_target
2020-02-29,801210.SI,0.2,-0.09656332022499692,gbdt_price_value__vol_target
2020-02-29,801230.SI,0.2,-0.07340300621140283,gbdt_price_value__vol_target
2020-02-29,801130.SI,0.2,-0.04019133294942234,gbdt_price_value__vol_target
2020-03-31,801080.SI,0.2,0.11424079377389651,gbdt_price_value__vol_target
2020-03-31,801050.SI,0.2,0.01970996188113916,gbdt_price_value__vol_target
2020-03-31,801110.SI,0.2,0.07653987238512605,gbdt_price_value__vol_target
2020-03-31,801750.SI,0.2,0.0755829525273295,gbdt_price_value__vol_target
2020-03-31,801130.SI,0.2,-0.05234965352475052,gbdt_price_value__vol_target
2020-04-30,801050.SI,0.19054858773006775,0.041198613655271776,gbdt_price_value__vol_target
2020-04-30,801080.SI,0.19054858773006775,-0.015388531995796817,gbdt_price_value__vol_target
2020-04-30,801880.SI,0.19054858773006775,-0.001995856634124493,gbdt_price_value__vol_target
2020-04-30,801710.SI,0.19054858773006775,-0.016152427675268255,gbdt_price_value__vol_target
2020-04-30,801180.SI,0.19054858773006775,-0.030954636299287963,gbdt_price_value__vol_target
2020-05-31,801770.SI,0.19761127371957907,0.07804701564427452,gbdt_price_value__vol_target
2020-05-31,801080.SI,0.19761127371957907,0.19160564867942598,gbdt_price_value__vol_target
2020-05-31,801750.SI,0.19761127371957907,0.1145726161570435,gbdt_price_value__vol_target
2020-05-31,801050.SI,0.19761127371957907,0.0466917007660721,gbdt_price_value__vol_target
2020-05-31,801880.SI,0.19761127371957907,0.06460024747101967,gbdt_price_value__vol_target
2020-06-30,801880.SI,0.2,0.1421973568506505,gbdt_price_value__vol_target
2020-06-30,801050.SI,0.2,0.20294950311005522,gbdt_price_value__vol_target
2020-06-30,801710.SI,0.2,0.23918900365964002,gbdt_price_value__vol_target
2020-06-30,801230.SI,0.2,0.12005205936871421,gbdt_price_value__vol_target
2020-06-30,801030.SI,0.2,0.18227855385633496,gbdt_price_value__vol_target
2020-07-31,801770.SI,0.13583295209328558,-0.008491563246290634,gbdt_price_value__vol_target
2020-07-31,801880.SI,0.13583295209328558,0.04960903678446149,gbdt_price_value__vol_target
2020-07-31,801110.SI,0.13583295209328558,0.006443010306458552,gbdt_price_value__vol_target
2020-07-31,801150.SI,0.13583295209328558,-0.027681337948046725,gbdt_price_value__vol_target
2020-07-31,801140.SI,0.13583295209328558,0.047952462286168895,gbdt_price_value__vol_target
2020-08-31,801980.SI,0.1385403395584752,-0.08720911367037587,gbdt_price_value__vol_target
2020-08-31,801200.SI,0.1385403395584752,-0.08170594495198469,gbdt_price_value__vol_target
2020-08-31,801880.SI,0.1385403395584752,0.011246824207247652,gbdt_price_value__vol_target
2020-08-31,801140.SI,0.1385403395584752,-0.08435304149471645,gbdt_price_value__vol_target
2020-08-31,801890.SI,0.1385403395584752,-0.04145865137324478,gbdt_price_value__vol_target
2020-09-30,801980.SI,0.12981340934077137,0.05672748369372793,gbdt_price_value__vol_target
2020-09-30,801200.SI,0.12981340934077137,-0.018752126209000464,gbdt_price_value__vol_target
2020-09-30,801230.SI,0.12981340934077137,0.018965517241379404,gbdt_price_value__vol_target
2020-09-30,801890.SI,0.12981340934077137,0.016256196509150334,gbdt_price_value__vol_target
2020-09-30,801010.SI,0.12981340934077137,-0.04603405777997327,gbdt_price_value__vol_target
2020-10-31,801210.SI,0.12802445908687174,0.015808833012623813,gbdt_price_value__vol_target
2020-10-31,801110.SI,0.12802445908687174,0.08752651737214667,gbdt_price_value__vol_target
2020-10-31,801200.SI,0.12802445908687174,-0.011522666223198086,gbdt_price_value__vol_target
2020-10-31,801150.SI,0.12802445908687174,-0.0663055883876954,gbdt_price_value__vol_target
2020-10-31,801880.SI,0.12802445908687174,0.08008455735505793,gbdt_price_value__vol_target
2020-11-30,801210.SI,0.12887963173552902,0.24981336215258687,gbdt_price_value__vol_target
2020-11-30,801120.SI,0.12887963173552902,0.17986788868336068,gbdt_price_value__vol_target
2020-11-30,801760.SI,0.12887963173552902,-0.04965347496599526,gbdt_price_value__vol_target
2020-11-30,801050.SI,0.12887963173552902,0.06110876421849776,gbdt_price_value__vol_target
2020-11-30,801150.SI,0.12887963173552902,0.09518135546650774,gbdt_price_value__vol_target
2020-12-31,801010.SI,0.13249745975100496,0.003194398303135726,gbdt_price_value__vol_target
2020-12-31,801030.SI,0.13249745975100496,0.06650023567067498,gbdt_price_value__vol_target
2020-12-31,801150.SI,0.13249745975100496,0.0053364002109719255,gbdt_price_value__vol_target
2020-12-31,801210.SI,0.13249745975100496,0.01187183811129855,gbdt_price_value__vol_target
2020-12-31,801120.SI,0.13249745975100496,0.014308329380036122,gbdt_price_value__vol_target
2021-01-31,801110.SI,0.2,-0.015302750770905926,gbdt_price_value__vol_target
2021-01-31,801150.SI,0.2,-0.016065881066194,gbdt_price_value__vol_target
2021-01-31,801010.SI,0.2,0.08307774607703267,gbdt_price_value__vol_target
2021-01-31,801030.SI,0.2,0.04289755719031918,gbdt_price_value__vol_target
2021-01-31,801740.SI,0.2,-0.015702350032856582,gbdt_price_value__vol_target
2021-02-28,801010.SI,0.2,-0.07562803846904664,gbdt_price_value__vol_target
2021-02-28,801880.SI,0.2,-0.059128589596250336,gbdt_price_value__vol_target
2021-02-28,801030.SI,0.2,-0.06490127575281246,gbdt_price_value__vol_target
2021-02-28,801710.SI,0.2,0.010153651852502055,gbdt_price_value__vol_target
2021-02-28,801150.SI,0.2,-0.030125196600598758,gbdt_price_value__vol_target
2021-03-31,801730.SI,0.2,0.06870495088946704,gbdt_price_value__vol_target
2021-03-31,801210.SI,0.2,0.013222545914387762,gbdt_price_value__vol_target
2021-03-31,801880.SI,0.2,0.03217178708112445,gbdt_price_value__vol_target
2021-03-31,801030.SI,0.2,0.03648138779983978,gbdt_price_value__vol_target
2021-03-31,801040.SI,0.2,0.08850467217486058,gbdt_price_value__vol_target
2021-04-30,801150.SI,0.2,0.02956012113350348,gbdt_price_value__vol_target
2021-04-30,801230.SI,0.2,0.02635646530204694,gbdt_price_value__vol_target
2021-04-30,801040.SI,0.2,-0.008843745118366275,gbdt_price_value__vol_target
2021-04-30,801130.SI,0.2,0.03652770633365798,gbdt_price_value__vol_target
2021-04-30,801730.SI,0.2,0.07704547572453646,gbdt_price_value__vol_target
2021-05-31,801150.SI,0.2,-0.002627913441259788,gbdt_price_value__vol_target
2021-05-31,801030.SI,0.2,0.05371075641519396,gbdt_price_value__vol_target
2021-05-31,801720.SI,0.2,0.005425938733167879,gbdt_price_value__vol_target
2021-05-31,801080.SI,0.2,0.11816785960940179,gbdt_price_value__vol_target
2021-05-31,801130.SI,0.2,0.01953931356348293,gbdt_price_value__vol_target
2021-06-30,801210.SI,0.2,-0.19737708969719914,gbdt_price_value__vol_target
2021-06-30,801030.SI,0.2,0.05127979514253167,gbdt_price_value__vol_target
2021-06-30,801050.SI,0.2,0.27401585061339695,gbdt_price_value__vol_target
2021-06-30,801080.SI,0.2,0.040063917919116676,gbdt_price_value__vol_target
2021-06-30,801970.SI,0.2,0.002736083447978377,gbdt_price_value__vol_target
2021-07-31,801080.SI,0.2,-0.06966802266453576,gbdt_price_value__vol_target
2021-07-31,801030.SI,0.2,0.12462121537286142,gbdt_price_value__vol_target
2021-07-31,801970.SI,0.2,0.11725889104470744,gbdt_price_value__vol_target
2021-07-31,801730.SI,0.2,0.053703526869399054,gbdt_price_value__vol_target
2021-07-31,801980.SI,0.2,-0.0557364797589569,gbdt_price_value__vol_target
2021-08-31,801730.SI,0.2,-0.03014095661083649,gbdt_price_value__vol_target
2021-08-31,801080.SI,0.2,-0.03931068677553984,gbdt_price_value__vol_target
2021-08-31,801710.SI,0.2,-0.07817685247587869,gbdt_price_value__vol_target
2021-08-31,801970.SI,0.2,0.025485470257787135,gbdt_price_value__vol_target
2021-08-31,801880.SI,0.2,-0.08890514845012731,gbdt_price_value__vol_target
2021-09-30,801050.SI,0.2,-0.006222573408023124,gbdt_price_value__vol_target
2021-09-30,801080.SI,0.2,0.017013451456902695,gbdt_price_value__vol_target
2021-09-30,801730.SI,0.2,0.11700718983573899,gbdt_price_value__vol_target
2021-09-30,801230.SI,0.2,0.014128978637652168,gbdt_price_value__vol_target
2021-09-30,801170.SI,0.2,-0.017215327413796055,gbdt_price_value__vol_target
2021-10-31,801730.SI,0.2,0.03347142223022748,gbdt_price_value__vol_target
2021-10-31,801050.SI,0.2,0.08841935254862987,gbdt_price_value__vol_target
2021-10-31,801080.SI,0.2,0.08530447760597637,gbdt_price_value__vol_target
2021-10-31,801880.SI,0.2,0.05222065826120814,gbdt_price_value__vol_target
2021-10-31,801950.SI,0.2,-0.04184496502567925,gbdt_price_value__vol_target
2021-11-30,801880.SI,0.2,-0.04797536338719266,gbdt_price_value__vol_target
2021-11-30,801730.SI,0.2,-0.08579218674913602,gbdt_price_value__vol_target
2021-11-30,801050.SI,0.2,-0.06215481550209623,gbdt_price_value__vol_target
2021-11-30,801950.SI,0.2,0.07674081756732587,gbdt_price_value__vol_target
2021-11-30,801080.SI,0.2,0.011380518364018322,gbdt_price_value__vol_target
2021-12-31,801950.SI,0.2,-0.042096041585358734,gbdt_price_value__vol_target
2021-12-31,801050.SI,0.2,-0.10737522211905937,gbdt_price_value__vol_target
2021-12-31,801730.SI,0.2,-0.1081864931198937,gbdt_price_value__vol_target
2021-12-31,801120.SI,0.2,-0.10589043116922292,gbdt_price_value__vol_target
2021-12-31,801030.SI,0.2,-0.1058976038861944,gbdt_price_value__vol_target
2022-01-31,801730.SI,0.16781090124645964,0.02543255922114751,gbdt_price_value__vol_target
2022-01-31,801950.SI,0.16781090124645964,0.1553258349045359,gbdt_price_value__vol_target
2022-01-31,801050.SI,0.16781090124645964,0.17175770278114344,gbdt_price_value__vol_target
2022-01-31,801040.SI,0.16781090124645964,0.07910013207947797,gbdt_price_value__vol_target
2022-01-31,801120.SI,0.16781090124645964,-0.007451832313715712,gbdt_price_value__vol_target
2022-02-28,801730.SI,0.17966022354069944,-0.1009533445559927,gbdt_price_value__vol_target
2022-02-28,801120.SI,0.17966022354069944,-0.10261061880532174,gbdt_price_value__vol_target
2022-02-28,801760.SI,0.17966022354069944,-0.03681648547785166,gbdt_price_value__vol_target
2022-02-28,801080.SI,0.17966022354069944,-0.14973257590857747,gbdt_price_value__vol_target
2022-02-28,801040.SI,0.17966022354069944,-0.1010232055549255,gbdt_price_value__vol_target
2022-03-31,801730.SI,0.15797096127312993,-0.15533573676592138,gbdt_price_value__vol_target
2022-03-31,801760.SI,0.15797096127312993,-0.13951921295126424,gbdt_price_value__vol_target
2022-03-31,801080.SI,0.15797096127312993,-0.1390666054561971,gbdt_price_value__vol_target
2022-03-31,801010.SI,0.15797096127312993,-0.12757594032348318,gbdt_price_value__vol_target
2022-03-31,801050.SI,0.15797096127312993,-0.11647238750323374,gbdt_price_value__vol_target
2022-04-30,801750.SI,0.1363209426279144,0.02185607668759637,gbdt_price_value__vol_target
2022-04-30,801740.SI,0.1363209426279144,0.11271841333891652,gbdt_price_value__vol_target
2022-04-30,801050.SI,0.1363209426279144,0.07982793439460556,gbdt_price_value__vol_target
2022-04-30,801080.SI,0.1363209426279144,0.08955769983492456,gbdt_price_value__vol_target
2022-04-30,801720.SI,0.1363209426279144,0.016563464613782664,gbdt_price_value__vol_target
2022-05-31,801050.SI,0.12103763990016927,0.1196406354675088,gbdt_price_value__vol_target
2022-05-31,801890.SI,0.12103763990016927,0.1043201582778428,gbdt_price_value__vol_target
2022-05-31,801230.SI,0.12103763990016927,0.043988816402609654,gbdt_price_value__vol_target
2022-05-31,801030.SI,0.12103763990016927,0.08126292568592297,gbdt_price_value__vol_target
2022-05-31,801170.SI,0.12103763990016927,0.01982926778111027,gbdt_price_value__vol_target
2022-06-30,801120.SI,0.1108739102235933,-0.0968960160949317,gbdt_price_value__vol_target
2022-06-30,801980.SI,0.1108739102235933,-0.02186301813772562,gbdt_price_value__vol_target
2022-06-30,801050.SI,0.1108739102235933,-0.016247653848756483,gbdt_price_value__vol_target
2022-06-30,801140.SI,0.1108739102235933,-0.05632288880088565,gbdt_price_value__vol_target
2022-06-30,801720.SI,0.1108739102235933,-0.028150821714515883,gbdt_price_value__vol_target
2022-07-31,801950.SI,0.12540285478190824,0.07851913380448483,gbdt_price_value__vol_target
2022-07-31,801010.SI,0.12540285478190824,0.00520315585094866,gbdt_price_value__vol_target
2022-07-31,801160.SI,0.12540285478190824,-0.004563591022443858,gbdt_price_value__vol_target
2022-07-31,801880.SI,0.12540285478190824,-0.11849927671735527,gbdt_price_value__vol_target
2022-07-31,801050.SI,0.12540285478190824,-0.06482222310719477,gbdt_price_value__vol_target
2022-08-31,801880.SI,0.13030820012369454,-0.1051006879299562,gbdt_price_value__vol_target
2022-08-31,801010.SI,0.13030820012369454,-0.10378327426082179,gbdt_price_value__vol_target
2022-08-31,801140.SI,0.13030820012369454,-0.08053859521654716,gbdt_price_value__vol_target
2022-08-31,801950.SI,0.13030820012369454,0.016902224244873754,gbdt_price_value__vol_target
2022-08-31,801170.SI,0.13030820012369454,-0.026708871588673078,gbdt_price_value__vol_target
2022-09-30,801880.SI,0.12778064919188917,-0.015063249621694919,gbdt_price_value__vol_target
2022-09-30,801740.SI,0.12778064919188917,0.1163035096458962,gbdt_price_value__vol_target
2022-09-30,801730.SI,0.12778064919188917,-0.012076447842309213,gbdt_price_value__vol_target
2022-09-30,801050.SI,0.12778064919188917,-0.03542731376927111,gbdt_price_value__vol_target
2022-09-30,801230.SI,0.12778064919188917,0.010318314161255948,gbdt_price_value__vol_target
2022-10-31,801180.SI,0.15018870660028677,0.27797199405581785,gbdt_price_value__vol_target
2022-10-31,801230.SI,0.15018870660028677,0.09823107367982087,gbdt_price_value__vol_target
2022-10-31,801880.SI,0.15018870660028677,0.08037334372711769,gbdt_price_value__vol_target
2022-10-31,801730.SI,0.15018870660028677,0.013443772498649809,gbdt_price_value__vol_target
2022-10-31,801050.SI,0.15018870660028677,0.07505246456573023,gbdt_price_value__vol_target
2022-11-30,801140.SI,0.13336772671962496,0.0087773696512905,gbdt_price_value__vol_target
2022-11-30,801950.SI,0.13336772671962496,-0.10878577360365793,gbdt_price_value__vol_target
2022-11-30,801880.SI,0.13336772671962496,-0.0642889667250438,gbdt_price_value__vol_target
2022-11-30,801120.SI,0.13336772671962496,0.10776059249651104,gbdt_price_value__vol_target
2022-11-30,801960.SI,0.13336772671962496,-0.05765373502990656,gbdt_price_value__vol_target
2019-01-31,801960.SI,0.2,0.12861591970811226,ridge_tech12
2019-01-31,801120.SI,0.2,0.12600095208191964,ridge_tech12
2019-01-31,801110.SI,0.2,0.10322283560272227,ridge_tech12
2019-01-31,801980.SI,0.2,0.18417066873642396,ridge_tech12
2019-01-31,801030.SI,0.2,0.1793120172773528,ridge_tech12
2019-02-28,801980.SI,0.2,0.11653497073255115,ridge_tech12
2019-02-28,801200.SI,0.2,0.08162951881756353,ridge_tech12
2019-02-28,801230.SI,0.2,0.13963347161097683,ridge_tech12
2019-02-28,801710.SI,0.2,0.11337893177659675,ridge_tech12
2019-02-28,801140.SI,0.2,0.1402421558508875,ridge_tech12
2019-03-31,801130.SI,0.2,-0.05664205577186898,ridge_tech12
2019-03-31,801970.SI,0.2,-0.047820887646235155,ridge_tech12
2019-03-31,801170.SI,0.2,0.009729886726691728,ridge_tech12
2019-03-31,801140.SI,0.2,-0.06697343551872914,ridge_tech12
2019-03-31,801210.SI,0.2,-0.013099050654700628,ridge_tech12
2019-04-30,801980.SI,0.2,-0.04751520417028676,ridge_tech12
2019-04-30,801120.SI,0.2,-0.04343478450722671,ridge_tech12
2019-04-30,801950.SI,0.2,-0.08095130066545664,ridge_tech12
2019-04-30,801010.SI,0.2,-0.017263242757527997,ridge_tech12
2019-04-30,801160.SI,0.2,-0.046099455954687785,ridge_tech12
2019-05-31,801710.SI,0.2,0.033276038695818855,ridge_tech12
2019-05-31,801040.SI,0.2,-0.007685001669709646,ridge_tech12
2019-05-31,801740.SI,0.2,-0.0006183682248349642,ridge_tech12
2019-05-31,801890.SI,0.2,0.019755981846338422,ridge_tech12
2019-05-31,801210.SI,0.2,0.08223533854011422,ridge_tech12
2019-06-30,801150.SI,0.2,-0.0014161928391985823,ridge_tech12
2019-06-30,801210.SI,0.2,0.010552112008306747,ridge_tech12
2019-06-30,801740.SI,0.2,0.04998430704389545,ridge_tech12
2019-06-30,801140.SI,0.2,-0.027083865277036323,ridge_tech12
2019-06-30,801890.SI,0.2,-0.0039940308988763995,ridge_tech12
2019-07-31,801210.SI,0.2,0.019537522218624703,ridge_tech12
2019-07-31,801760.SI,0.2,0.0033629430847359476,ridge_tech12
2019-07-31,801770.SI,0.2,-0.05314475375486416,ridge_tech12
2019-07-31,801200.SI,0.2,-0.014406865945175484,ridge_tech12
2019-07-31,801170.SI,0.2,-0.032683299283930545,ridge_tech12
2019-08-31,801170.SI,0.2,-0.007116769635116316,ridge_tech12
2019-08-31,801200.SI,0.2,-0.011992331227763109,ridge_tech12
2019-08-31,801110.SI,0.2,0.0022028740714929995,ridge_tech12
2019-08-31,801730.SI,0.2,0.014206157245662876,ridge_tech12
2019-08-31,801210.SI,0.2,-0.013931218860128713,ridge_tech12
2019-09-30,801980.SI,0.2,0.024409586663207472,ridge_tech12
2019-09-30,801200.SI,0.2,-0.008447629005474022,ridge_tech12
2019-09-30,801120.SI,0.2,0.016584859040020383,ridge_tech12
2019-09-30,801130.SI,0.2,-0.01708686756745248,ridge_tech12
2019-09-30,801010.SI,0.2,0.1259784115697462,ridge_tech12
2019-10-31,801750.SI,0.2,-0.028640200622467193,ridge_tech12
2019-10-31,801120.SI,0.2,-0.025714233303109513,ridge_tech12
2019-10-31,801770.SI,0.2,-0.042485584204872695,ridge_tech12
2019-10-31,801080.SI,0.2,0.035991417608382203,ridge_tech12
2019-10-31,801130.SI,0.2,-0.04537052596202318,ridge_tech12
2019-11-30,801080.SI,0.2,0.10540476152661094,ridge_tech12
2019-11-30,801050.SI,0.2,0.15246180867731107,ridge_tech12
2019-11-30,801230.SI,0.2,0.10169931788309983,ridge_tech12
2019-11-30,801040.SI,0.2,0.04951333051206097,ridge_tech12
2019-11-30,801740.SI,0.2,0.05666094428653179,ridge_tech12
2019-12-31,801120.SI,0.2,-0.058685391683798604,ridge_tech12
2019-12-31,801970.SI,0.2,0.008837677012709655,ridge_tech12
2019-12-31,801960.SI,0.2,-0.025800077141332478,ridge_tech12
2019-12-31,801170.SI,0.2,-0.06629407392788611,ridge_tech12
2019-12-31,801720.SI,0.2,-0.02695406177750337,ridge_tech12
2020-01-31,801770.SI,0.2,0.11077342634625098,ridge_tech12
2020-01-31,801210.SI,0.2,-0.03109577007373754,ridge_tech12
2020-01-31,801170.SI,0.2,-0.059987497920067745,ridge_tech12
2020-01-31,801890.SI,0.2,0.011636037186979475,ridge_tech12
2020-01-31,801880.SI,0.2,0.017493748653267138,ridge_tech12
2020-02-29,801140.SI,0.2,-0.05349074478938931,ridge_tech12
2020-02-29,801890.SI,0.2,-0.06749434702845691,ridge_tech12
2020-02-29,801210.SI,0.2,-0.09656332022499692,ridge_tech12
2020-02-29,801120.SI,0.2,0.04261192478939657,ridge_tech12
2020-02-29,801110.SI,0.2,-0.10851708269266425,ridge_tech12
2020-03-31,801880.SI,0.2,0.011732053273714182,ridge_tech12
2020-03-31,801140.SI,0.2,0.007117146596858692,ridge_tech12
2020-03-31,801980.SI,0.2,0.09464844806169359,ridge_tech12
2020-03-31,801050.SI,0.2,0.01970996188113916,ridge_tech12
2020-03-31,801030.SI,0.2,0.047293408027759165,ridge_tech12
2020-04-30,801750.SI,0.2,-0.022566371681415953,ridge_tech12
2020-04-30,801080.SI,0.2,-0.015388531995796817,ridge_tech12
2020-04-30,801110.SI,0.2,0.061418409899212545,ridge_tech12
2020-04-30,801040.SI,0.2,-0.016803193695561935,ridge_tech12
2020-04-30,801950.SI,0.2,0.0011404842671658422,ridge_tech12
2020-05-31,801980.SI,0.2,0.12149584258352752,ridge_tech12
2020-05-31,801760.SI,0.2,0.16563413208649913,ridge_tech12
2020-05-31,801150.SI,0.2,0.1687925741774423,ridge_tech12
2020-05-31,801030.SI,0.2,0.06464792669431318,ridge_tech12
2020-05-31,801950.SI,0.2,-0.0044325982181978585,ridge_tech12
2020-06-30,801120.SI,0.2,0.17286250878024578,ridge_tech12
2020-06-30,801110.SI,0.2,0.10837771865542511,ridge_tech12
2020-06-30,801760.SI,0.2,0.07448355395106288,ridge_tech12
2020-06-30,801200.SI,0.2,0.10887619169731888,ridge_tech12
2020-06-30,801980.SI,0.2,0.07610780504598424,ridge_tech12
2020-07-31,801150.SI,0.2,-0.027681337948046725,ridge_tech12
2020-07-31,801120.SI,0.2,0.12040826126159776,ridge_tech12
2020-07-31,801030.SI,0.2,0.040956327042188434,ridge_tech12
2020-07-31,801980.SI,0.2,-0.021900525328234832,ridge_tech12
2020-07-31,801710.SI,0.2,0.019307539911819438,ridge_tech12
2020-08-31,801980.SI,0.2,-0.08720911367037587,ridge_tech12
2020-08-31,801890.SI,0.2,-0.04145865137324478,ridge_tech12
2020-08-31,801110.SI,0.2,-0.01830213278886128,ridge_tech12
2020-08-31,801880.SI,0.2,0.011246824207247652,ridge_tech12
2020-08-31,801760.SI,0.2,-0.08069229549418933,ridge_tech12
2020-09-30,801980.SI,0.2,0.05672748369372793,ridge_tech12
2020-09-30,801740.SI,0.2,-0.04202092660207213,ridge_tech12
2020-09-30,801080.SI,0.2,0.013922428330522818,ridge_tech12
2020-09-30,801890.SI,0.2,0.016256196509150334,ridge_tech12
2020-09-30,801150.SI,0.2,0.023375507098952086,ridge_tech12
2020-10-31,801080.SI,0.2,0.04016481055213306,ridge_tech12
2020-10-31,801710.SI,0.2,0.04800510398716118,ridge_tech12
2020-10-31,801980.SI,0.2,-0.022053391571834058,ridge_tech12
2020-10-31,801140.SI,0.2,0.02506087311081795,ridge_tech12
2020-10-31,801150.SI,0.2,-0.0663055883876954,ridge_tech12
2020-11-30,801210.SI,0.2,0.24981336215258687,ridge_tech12
2020-11-30,801050.SI,0.2,0.06110876421849776,ridge_tech12
2020-11-30,801180.SI,0.2,-0.07143550492867856,ridge_tech12
2020-11-30,801760.SI,0.2,-0.04965347496599526,ridge_tech12
2020-11-30,801040.SI,0.2,-0.006090491104151385,ridge_tech12
2020-12-31,801750.SI,0.2,-0.04784911106993428,ridge_tech12
2020-12-31,801890.SI,0.2,0.013782063795728883,ridge_tech12
2020-12-31,801770.SI,0.2,-0.07300340651021953,ridge_tech12
2020-12-31,801210.SI,0.2,0.01187183811129855,ridge_tech12
2020-12-31,801050.SI,0.2,0.03914447331913484,ridge_tech12
2021-01-31,801730.SI,0.2,-0.060330030058499684,ridge_tech12
2021-01-31,801880.SI,0.2,-0.051590176033238455,ridge_tech12
2021-01-31,801050.SI,0.2,0.06679609551096566,ridge_tech12
2021-01-31,801230.SI,0.2,0.0019676916327495686,ridge_tech12
2021-01-31,801110.SI,0.2,-0.015302750770905926,ridge_tech12
2021-02-28,801890.SI,0.2,-0.02528217846839098,ridge_tech12
2021-02-28,801770.SI,0.2,-0.057277950380929865,ridge_tech12
2021-02-28,801200.SI,0.2,0.009252441797580113,ridge_tech12
2021-02-28,801970.SI,0.2,0.10231847986363096,ridge_tech12
2021-02-28,801170.SI,0.2,-0.001447153930603129,ridge_tech12
2021-03-31,801980.SI,0.2,0.22819569689790864,ridge_tech12
2021-03-31,801120.SI,0.2,0.05978878414696531,ridge_tech12
2021-03-31,801890.SI,0.2,-0.013812800207711251,ridge_tech12
2021-03-31,801160.SI,0.2,-0.08974721052938306,ridge_tech12
2021-03-31,801970.SI,0.2,-0.0811094139857883,ridge_tech12
2021-04-30,801980.SI,0.2,0.05741491073801264,ridge_tech12
2021-04-30,801210.SI,0.2,0.033481929687072975,ridge_tech12
2021-04-30,801200.SI,0.2,0.06653077624138848,ridge_tech12
2021-04-30,801120.SI,0.2,0.09219313599121182,ridge_tech12
2021-04-30,801110.SI,0.2,-0.013865523271440972,ridge_tech12
2021-05-31,801750.SI,0.2,0.033611441711407286,ridge_tech12
2021-05-31,801080.SI,0.2,0.11816785960940179,ridge_tech12
2021-05-31,801110.SI,0.2,-0.0652648176361933,ridge_tech12
2021-05-31,801120.SI,0.2,-0.05664675830488308,ridge_tech12
2021-05-31,801770.SI,0.2,0.03136191892858431,ridge_tech12
2021-06-30,801150.SI,0.2,-0.09989586370641901,ridge_tech12
2021-06-30,801980.SI,0.2,-0.19894551479092637,ridge_tech12
2021-06-30,801030.SI,0.2,0.05127979514253167,ridge_tech12
2021-06-30,801050.SI,0.2,0.27401585061339695,ridge_tech12
2021-06-30,801130.SI,0.2,-0.09304866555506075,ridge_tech12
2021-07-31,801050.SI,0.2,0.1799989092421279,ridge_tech12
2021-07-31,801110.SI,0.2,-0.000418321723945958,ridge_tech12
2021-07-31,801950.SI,0.2,0.27566168903042887,ridge_tech12
2021-07-31,801160.SI,0.2,0.11602806260118737,ridge_tech12
2021-07-31,801040.SI,0.2,0.175641853457553,ridge_tech12
2021-08-31,801030.SI,0.2,-0.03830865613425105,ridge_tech12
2021-08-31,801040.SI,0.2,-0.13403809035605752,ridge_tech12
2021-08-31,801050.SI,0.2,-0.18111045955728355,ridge_tech12
2021-08-31,801960.SI,0.2,0.05337448982008497,ridge_tech12
2021-08-31,801970.SI,0.2,0.025485470257787135,ridge_tech12
2021-09-30,801980.SI,0.2,0.04368213290285139,ridge_tech12
2021-09-30,801950.SI,0.2,-0.1528890533832622,ridge_tech12
2021-09-30,801960.SI,0.2,-0.09147730679297317,ridge_tech12
2021-09-30,801730.SI,0.2,0.11700718983573899,ridge_tech12
2021-09-30,801110.SI,0.2,-0.006803081684816359,ridge_tech12
2021-10-31,801050.SI,0.2,0.08841935254862987,ridge_tech12
2021-10-31,801730.SI,0.2,0.03347142223022748,ridge_tech12
2021-10-31,801030.SI,0.2,-0.0034892196654970897,ridge_tech12
2021-10-31,801110.SI,0.2,0.0010934495861163462,ridge_tech12
2021-10-31,801080.SI,0.2,0.08530447760597637,ridge_tech12
2021-11-30,801050.SI,0.2,-0.06215481550209623,ridge_tech12
2021-11-30,801030.SI,0.2,0.0005555933057002083,ridge_tech12
2021-11-30,801970.SI,0.2,0.027221824045869925,ridge_tech12
2021-11-30,801890.SI,0.2,0.004428254311571456,ridge_tech12
2021-11-30,801750.SI,0.2,0.016287237329432713,ridge_tech12
2021-12-31,801760.SI,0.2,-0.14401347686745003,ridge_tech12
2021-12-31,801970.SI,0.2,-0.10202034737939192,ridge_tech12
2021-12-31,801740.SI,0.2,-0.17921938741981303,ridge_tech12
2021-12-31,801210.SI,0.2,-0.07121774058425823,ridge_tech12
2021-12-31,801010.SI,0.2,-0.04599045192090567,ridge_tech12
2022-01-31,801170.SI,0.2,0.02799470131836257,ridge_tech12
2022-01-31,801730.SI,0.2,0.02543255922114751,ridge_tech12
2022-01-31,801050.SI,0.2,0.17175770278114344,ridge_tech12
2022-01-31,801030.SI,0.2,0.09708529646334996,ridge_tech12
2022-01-31,801210.SI,0.2,0.015471462241382516,ridge_tech12
2022-02-28,801160.SI,0.2,-0.09607424653990437,ridge_tech12
2022-02-28,801960.SI,0.2,-0.11744173579481154,ridge_tech12
2022-02-28,801030.SI,0.2,-0.09326287709866932,ridge_tech12
2022-02-28,801050.SI,0.2,-0.1261046206222447,ridge_tech12
2022-02-28,801730.SI,0.2,-0.1009533445559927,ridge_tech12
2022-03-31,801010.SI,0.2,-0.12757594032348318,ridge_tech12
2022-03-31,801200.SI,0.2,-0.014237760754093665,ridge_tech12
2022-03-31,801760.SI,0.2,-0.13951921295126424,ridge_tech12
2022-03-31,801140.SI,0.2,-0.13371952986899538,ridge_tech12
2022-03-31,801150.SI,0.2,-0.13973002481975894,ridge_tech12
2022-04-30,801110.SI,0.2,0.016083010281997323,ridge_tech12
2022-04-30,801740.SI,0.2,0.11271841333891652,ridge_tech12
2022-04-30,801160.SI,0.2,0.09097295398665262,ridge_tech12
2022-04-30,801200.SI,0.2,0.029517118391316988,ridge_tech12
2022-04-30,801970.SI,0.2,0.10315135688322674,ridge_tech12
2022-05-31,801970.SI,0.2,0.021833013435700543,ridge_tech12
2022-05-31,801740.SI,0.2,0.08212110845022247,ridge_tech12
2022-05-31,801770.SI,0.2,0.0645053902448498,ridge_tech12
2022-05-31,801960.SI,0.2,-0.03349683425511152,ridge_tech12
2022-05-31,801760.SI,0.2,0.046938399114717644,ridge_tech12
2022-06-30,801130.SI,0.2,-0.015832050010043397,ridge_tech12
2022-06-30,801150.SI,0.2,-0.07503973878915504,ridge_tech12
2022-06-30,801120.SI,0.2,-0.0968960160949317,ridge_tech12
2022-06-30,801230.SI,0.2,0.01855323454145097,ridge_tech12
2022-06-30,801140.SI,0.2,-0.05632288880088565,ridge_tech12
2022-07-31,801880.SI,0.2,-0.11849927671735527,ridge_tech12
2022-07-31,801770.SI,0.2,-0.010254698806146822,ridge_tech12
2022-07-31,801140.SI,0.2,0.007814908704737666,ridge_tech12
2022-07-31,801170.SI,0.2,0.011163543094909745,ridge_tech12
2022-07-31,801890.SI,0.2,-0.07342254998569564,ridge_tech12
2022-08-31,801170.SI,0.2,-0.026708871588673078,ridge_tech12
2022-08-31,801200.SI,0.2,-0.039156326628440596,ridge_tech12
2022-08-31,801950.SI,0.2,0.016902224244873754,ridge_tech12
2022-08-31,801720.SI,0.2,-0.07517818048549962,ridge_tech12
2022-08-31,801760.SI,0.2,-0.13827326862491574,ridge_tech12
2022-09-30,801200.SI,0.2,-0.07072408817389186,ridge_tech12
2022-09-30,801130.SI,0.2,-0.041817190375570745,ridge_tech12
2022-09-30,801950.SI,0.2,-0.1258223015053359,ridge_tech12
2022-09-30,801150.SI,0.2,0.05697345147845989,ridge_tech12
2022-09-30,801110.SI,0.2,-0.12874415222920021,ridge_tech12
2022-10-31,801230.SI,0.2,0.09823107367982087,ridge_tech12
2022-10-31,801880.SI,0.2,0.08037334372711769,ridge_tech12
2022-10-31,801760.SI,0.2,0.1448630582924606,ridge_tech12
2022-10-31,801970.SI,0.2,0.07469312684858997,ridge_tech12
2022-10-31,801080.SI,0.2,0.032355769230769216,ridge_tech12
2022-11-30,801950.SI,0.2,-0.10878577360365793,ridge_tech12
2022-11-30,801160.SI,0.2,-0.04637746537522269,ridge_tech12
2022-11-30,801960.SI,0.2,-0.05765373502990656,ridge_tech12
2022-11-30,801170.SI,0.2,-0.004939559815376637,ridge_tech12
2022-11-30,801230.SI,0.2,0.022748538804735485,ridge_tech12
2019-01-31,801960.SI,0.1,0.12861591970811226,ridge_tech12__trend
2019-01-31,801120.SI,0.1,0.12600095208191964,ridge_tech12__trend
2019-01-31,801110.SI,0.1,0.10322283560272227,ridge_tech12__trend
2019-01-31,801980.SI,0.1,0.18417066873642396,ridge_tech12__trend
2019-01-31,801030.SI,0.1,0.1793120172773528,ridge_tech12__trend
2019-02-28,801980.SI,0.2,0.11653497073255115,ridge_tech12__trend
2019-02-28,801200.SI,0.2,0.08162951881756353,ridge_tech12__trend
2019-02-28,801230.SI,0.2,0.13963347161097683,ridge_tech12__trend
2019-02-28,801710.SI,0.2,0.11337893177659675,ridge_tech12__trend
2019-02-28,801140.SI,0.2,0.1402421558508875,ridge_tech12__trend
2019-03-31,801130.SI,0.2,-0.05664205577186898,ridge_tech12__trend
2019-03-31,801970.SI,0.2,-0.047820887646235155,ridge_tech12__trend
2019-03-31,801170.SI,0.2,0.009729886726691728,ridge_tech12__trend
2019-03-31,801140.SI,0.2,-0.06697343551872914,ridge_tech12__trend
2019-03-31,801210.SI,0.2,-0.013099050654700628,ridge_tech12__trend
2019-04-30,801980.SI,0.2,-0.04751520417028676,ridge_tech12__trend
2019-04-30,801120.SI,0.2,-0.04343478450722671,ridge_tech12__trend
2019-04-30,801950.SI,0.2,-0.08095130066545664,ridge_tech12__trend
2019-04-30,801010.SI,0.2,-0.017263242757527997,ridge_tech12__trend
2019-04-30,801160.SI,0.2,-0.046099455954687785,ridge_tech12__trend
2019-05-31,801710.SI,0.2,0.033276038695818855,ridge_tech12__trend
2019-05-31,801040.SI,0.2,-0.007685001669709646,ridge_tech12__trend
2019-05-31,801740.SI,0.2,-0.0006183682248349642,ridge_tech12__trend
2019-05-31,801890.SI,0.2,0.019755981846338422,ridge_tech12__trend
2019-05-31,801210.SI,0.2,0.08223533854011422,ridge_tech12__trend
2019-06-30,801150.SI,0.2,-0.0014161928391985823,ridge_tech12__trend
2019-06-30,801210.SI,0.2,0.010552112008306747,ridge_tech12__trend
2019-06-30,801740.SI,0.2,0.04998430704389545,ridge_tech12__trend
2019-06-30,801140.SI,0.2,-0.027083865277036323,ridge_tech12__trend
2019-06-30,801890.SI,0.2,-0.0039940308988763995,ridge_tech12__trend
2019-07-31,801210.SI,0.2,0.019537522218624703,ridge_tech12__trend
2019-07-31,801760.SI,0.2,0.0033629430847359476,ridge_tech12__trend
2019-07-31,801770.SI,0.2,-0.05314475375486416,ridge_tech12__trend
2019-07-31,801200.SI,0.2,-0.014406865945175484,ridge_tech12__trend
2019-07-31,801170.SI,0.2,-0.032683299283930545,ridge_tech12__trend
2019-08-31,801170.SI,0.2,-0.007116769635116316,ridge_tech12__trend
2019-08-31,801200.SI,0.2,-0.011992331227763109,ridge_tech12__trend
2019-08-31,801110.SI,0.2,0.0022028740714929995,ridge_tech12__trend
2019-08-31,801730.SI,0.2,0.014206157245662876,ridge_tech12__trend
2019-08-31,801210.SI,0.2,-0.013931218860128713,ridge_tech12__trend
2019-09-30,801980.SI,0.2,0.024409586663207472,ridge_tech12__trend
2019-09-30,801200.SI,0.2,-0.008447629005474022,ridge_tech12__trend
2019-09-30,801120.SI,0.2,0.016584859040020383,ridge_tech12__trend
2019-09-30,801130.SI,0.2,-0.01708686756745248,ridge_tech12__trend
2019-09-30,801010.SI,0.2,0.1259784115697462,ridge_tech12__trend
2019-10-31,801750.SI,0.1,-0.028640200622467193,ridge_tech12__trend
2019-10-31,801120.SI,0.1,-0.025714233303109513,ridge_tech12__trend
2019-10-31,801770.SI,0.1,-0.042485584204872695,ridge_tech12__trend
2019-10-31,801080.SI,0.1,0.035991417608382203,ridge_tech12__trend
2019-10-31,801130.SI,0.1,-0.04537052596202318,ridge_tech12__trend
2019-11-30,801080.SI,0.1,0.10540476152661094,ridge_tech12__trend
2019-11-30,801050.SI,0.1,0.15246180867731107,ridge_tech12__trend
2019-11-30,801230.SI,0.1,0.10169931788309983,ridge_tech12__trend
2019-11-30,801040.SI,0.1,0.04951333051206097,ridge_tech12__trend
2019-11-30,801740.SI,0.1,0.05666094428653179,ridge_tech12__trend
2019-12-31,801120.SI,0.2,-0.058685391683798604,ridge_tech12__trend
2019-12-31,801970.SI,0.2,0.008837677012709655,ridge_tech12__trend
2019-12-31,801960.SI,0.2,-0.025800077141332478,ridge_tech12__trend
2019-12-31,801170.SI,0.2,-0.06629407392788611,ridge_tech12__trend
2019-12-31,801720.SI,0.2,-0.02695406177750337,ridge_tech12__trend
2020-01-31,801770.SI,0.2,0.11077342634625098,ridge_tech12__trend
2020-01-31,801210.SI,0.2,-0.03109577007373754,ridge_tech12__trend
2020-01-31,801170.SI,0.2,-0.059987497920067745,ridge_tech12__trend
2020-01-31,801890.SI,0.2,0.011636037186979475,ridge_tech12__trend
2020-01-31,801880.SI,0.2,0.017493748653267138,ridge_tech12__trend
2020-02-29,801140.SI,0.2,-0.05349074478938931,ridge_tech12__trend
2020-02-29,801890.SI,0.2,-0.06749434702845691,ridge_tech12__trend
2020-02-29,801210.SI,0.2,-0.09656332022499692,ridge_tech12__trend
2020-02-29,801120.SI,0.2,0.04261192478939657,ridge_tech12__trend
2020-02-29,801110.SI,0.2,-0.10851708269266425,ridge_tech12__trend
2020-03-31,801880.SI,0.1,0.011732053273714182,ridge_tech12__trend
2020-03-31,801140.SI,0.1,0.007117146596858692,ridge_tech12__trend
2020-03-31,801980.SI,0.1,0.09464844806169359,ridge_tech12__trend
2020-03-31,801050.SI,0.1,0.01970996188113916,ridge_tech12__trend
2020-03-31,801030.SI,0.1,0.047293408027759165,ridge_tech12__trend
2020-04-30,801750.SI,0.2,-0.022566371681415953,ridge_tech12__trend
2020-04-30,801080.SI,0.2,-0.015388531995796817,ridge_tech12__trend
2020-04-30,801110.SI,0.2,0.061418409899212545,ridge_tech12__trend
2020-04-30,801040.SI,0.2,-0.016803193695561935,ridge_tech12__trend
2020-04-30,801950.SI,0.2,0.0011404842671658422,ridge_tech12__trend
2020-05-31,801980.SI,0.2,0.12149584258352752,ridge_tech12__trend
2020-05-31,801760.SI,0.2,0.16563413208649913,ridge_tech12__trend
2020-05-31,801150.SI,0.2,0.1687925741774423,ridge_tech12__trend
2020-05-31,801030.SI,0.2,0.06464792669431318,ridge_tech12__trend
2020-05-31,801950.SI,0.2,-0.0044325982181978585,ridge_tech12__trend
2020-06-30,801120.SI,0.2,0.17286250878024578,ridge_tech12__trend
2020-06-30,801110.SI,0.2,0.10837771865542511,ridge_tech12__trend
2020-06-30,801760.SI,0.2,0.07448355395106288,ridge_tech12__trend
2020-06-30,801200.SI,0.2,0.10887619169731888,ridge_tech12__trend
2020-06-30,801980.SI,0.2,0.07610780504598424,ridge_tech12__trend
2020-07-31,801150.SI,0.2,-0.027681337948046725,ridge_tech12__trend
2020-07-31,801120.SI,0.2,0.12040826126159776,ridge_tech12__trend
2020-07-31,801030.SI,0.2,0.040956327042188434,ridge_tech12__trend
2020-07-31,801980.SI,0.2,-0.021900525328234832,ridge_tech12__trend
2020-07-31,801710.SI,0.2,0.019307539911819438,ridge_tech12__trend
2020-08-31,801980.SI,0.2,-0.08720911367037587,ridge_tech12__trend
2020-08-31,801890.SI,0.2,-0.04145865137324478,ridge_tech12__trend
2020-08-31,801110.SI,0.2,-0.01830213278886128,ridge_tech12__trend
2020-08-31,801880.SI,0.2,0.011246824207247652,ridge_tech12__trend
2020-08-31,801760.SI,0.2,-0.08069229549418933,ridge_tech12__trend
2020-09-30,801980.SI,0.2,0.05672748369372793,ridge_tech12__trend
2020-09-30,801740.SI,0.2,-0.04202092660207213,ridge_tech12__trend
2020-09-30,801080.SI,0.2,0.013922428330522818,ridge_tech12__trend
2020-09-30,801890.SI,0.2,0.016256196509150334,ridge_tech12__trend
2020-09-30,801150.SI,0.2,0.023375507098952086,ridge_tech12__trend
2020-10-31,801080.SI,0.2,0.04016481055213306,ridge_tech12__trend
2020-10-31,801710.SI,0.2,0.04800510398716118,ridge_tech12__trend
2020-10-31,801980.SI,0.2,-0.022053391571834058,ridge_tech12__trend
2020-10-31,801140.SI,0.2,0.02506087311081795,ridge_tech12__trend
2020-10-31,801150.SI,0.2,-0.0663055883876954,ridge_tech12__trend
2020-11-30,801210.SI,0.2,0.24981336215258687,ridge_tech12__trend
2020-11-30,801050.SI,0.2,0.06110876421849776,ridge_tech12__trend
2020-11-30,801180.SI,0.2,-0.07143550492867856,ridge_tech12__trend
2020-11-30,801760.SI,0.2,-0.04965347496599526,ridge_tech12__trend
2020-11-30,801040.SI,0.2,-0.006090491104151385,ridge_tech12__trend
2020-12-31,801750.SI,0.2,-0.04784911106993428,ridge_tech12__trend
2020-12-31,801890.SI,0.2,0.013782063795728883,ridge_tech12__trend
2020-12-31,801770.SI,0.2,-0.07300340651021953,ridge_tech12__trend
2020-12-31,801210.SI,0.2,0.01187183811129855,ridge_tech12__trend
2020-12-31,801050.SI,0.2,0.03914447331913484,ridge_tech12__trend
2021-01-31,801730.SI,0.2,-0.060330030058499684,ridge_tech12__trend
2021-01-31,801880.SI,0.2,-0.051590176033238455,ridge_tech12__trend
2021-01-31,801050.SI,0.2,0.06679609551096566,ridge_tech12__trend
2021-01-31,801230.SI,0.2,0.0019676916327495686,ridge_tech12__trend
2021-01-31,801110.SI,0.2,-0.015302750770905926,ridge_tech12__trend
2021-02-28,801890.SI,0.2,-0.02528217846839098,ridge_tech12__trend
2021-02-28,801770.SI,0.2,-0.057277950380929865,ridge_tech12__trend
2021-02-28,801200.SI,0.2,0.009252441797580113,ridge_tech12__trend
2021-02-28,801970.SI,0.2,0.10231847986363096,ridge_tech12__trend
2021-02-28,801170.SI,0.2,-0.001447153930603129,ridge_tech12__trend
2021-03-31,801980.SI,0.2,0.22819569689790864,ridge_tech12__trend
2021-03-31,801120.SI,0.2,0.05978878414696531,ridge_tech12__trend
2021-03-31,801890.SI,0.2,-0.013812800207711251,ridge_tech12__trend
2021-03-31,801160.SI,0.2,-0.08974721052938306,ridge_tech12__trend
2021-03-31,801970.SI,0.2,-0.0811094139857883,ridge_tech12__trend
2021-04-30,801980.SI,0.2,0.05741491073801264,ridge_tech12__trend
2021-04-30,801210.SI,0.2,0.033481929687072975,ridge_tech12__trend
2021-04-30,801200.SI,0.2,0.06653077624138848,ridge_tech12__trend
2021-04-30,801120.SI,0.2,0.09219313599121182,ridge_tech12__trend
2021-04-30,801110.SI,0.2,-0.013865523271440972,ridge_tech12__trend
2021-05-31,801750.SI,0.2,0.033611441711407286,ridge_tech12__trend
2021-05-31,801080.SI,0.2,0.11816785960940179,ridge_tech12__trend
2021-05-31,801110.SI,0.2,-0.0652648176361933,ridge_tech12__trend
2021-05-31,801120.SI,0.2,-0.05664675830488308,ridge_tech12__trend
2021-05-31,801770.SI,0.2,0.03136191892858431,ridge_tech12__trend
2021-06-30,801150.SI,0.2,-0.09989586370641901,ridge_tech12__trend
2021-06-30,801980.SI,0.2,-0.19894551479092637,ridge_tech12__trend
2021-06-30,801030.SI,0.2,0.05127979514253167,ridge_tech12__trend
2021-06-30,801050.SI,0.2,0.27401585061339695,ridge_tech12__trend
2021-06-30,801130.SI,0.2,-0.09304866555506075,ridge_tech12__trend
2021-07-31,801050.SI,0.2,0.1799989092421279,ridge_tech12__trend
2021-07-31,801110.SI,0.2,-0.000418321723945958,ridge_tech12__trend
2021-07-31,801950.SI,0.2,0.27566168903042887,ridge_tech12__trend
2021-07-31,801160.SI,0.2,0.11602806260118737,ridge_tech12__trend
2021-07-31,801040.SI,0.2,0.175641853457553,ridge_tech12__trend
2021-08-31,801030.SI,0.2,-0.03830865613425105,ridge_tech12__trend
2021-08-31,801040.SI,0.2,-0.13403809035605752,ridge_tech12__trend
2021-08-31,801050.SI,0.2,-0.18111045955728355,ridge_tech12__trend
2021-08-31,801960.SI,0.2,0.05337448982008497,ridge_tech12__trend
2021-08-31,801970.SI,0.2,0.025485470257787135,ridge_tech12__trend
2021-09-30,801980.SI,0.2,0.04368213290285139,ridge_tech12__trend
2021-09-30,801950.SI,0.2,-0.1528890533832622,ridge_tech12__trend
2021-09-30,801960.SI,0.2,-0.09147730679297317,ridge_tech12__trend
2021-09-30,801730.SI,0.2,0.11700718983573899,ridge_tech12__trend
2021-09-30,801110.SI,0.2,-0.006803081684816359,ridge_tech12__trend
2021-10-31,801050.SI,0.2,0.08841935254862987,ridge_tech12__trend
2021-10-31,801730.SI,0.2,0.03347142223022748,ridge_tech12__trend
2021-10-31,801030.SI,0.2,-0.0034892196654970897,ridge_tech12__trend
2021-10-31,801110.SI,0.2,0.0010934495861163462,ridge_tech12__trend
2021-10-31,801080.SI,0.2,0.08530447760597637,ridge_tech12__trend
2021-11-30,801050.SI,0.2,-0.06215481550209623,ridge_tech12__trend
2021-11-30,801030.SI,0.2,0.0005555933057002083,ridge_tech12__trend
2021-11-30,801970.SI,0.2,0.027221824045869925,ridge_tech12__trend
2021-11-30,801890.SI,0.2,0.004428254311571456,ridge_tech12__trend
2021-11-30,801750.SI,0.2,0.016287237329432713,ridge_tech12__trend
2021-12-31,801760.SI,0.2,-0.14401347686745003,ridge_tech12__trend
2021-12-31,801970.SI,0.2,-0.10202034737939192,ridge_tech12__trend
2021-12-31,801740.SI,0.2,-0.17921938741981303,ridge_tech12__trend
2021-12-31,801210.SI,0.2,-0.07121774058425823,ridge_tech12__trend
2021-12-31,801010.SI,0.2,-0.04599045192090567,ridge_tech12__trend
2022-01-31,801170.SI,0.1,0.02799470131836257,ridge_tech12__trend
2022-01-31,801730.SI,0.1,0.02543255922114751,ridge_tech12__trend
2022-01-31,801050.SI,0.1,0.17175770278114344,ridge_tech12__trend
2022-01-31,801030.SI,0.1,0.09708529646334996,ridge_tech12__trend
2022-01-31,801210.SI,0.1,0.015471462241382516,ridge_tech12__trend
2022-02-28,801160.SI,0.1,-0.09607424653990437,ridge_tech12__trend
2022-02-28,801960.SI,0.1,-0.11744173579481154,ridge_tech12__trend
2022-02-28,801030.SI,0.1,-0.09326287709866932,ridge_tech12__trend
2022-02-28,801050.SI,0.1,-0.1261046206222447,ridge_tech12__trend
2022-02-28,801730.SI,0.1,-0.1009533445559927,ridge_tech12__trend
2022-03-31,801010.SI,0.1,-0.12757594032348318,ridge_tech12__trend
2022-03-31,801200.SI,0.1,-0.014237760754093665,ridge_tech12__trend
2022-03-31,801760.SI,0.1,-0.13951921295126424,ridge_tech12__trend
2022-03-31,801140.SI,0.1,-0.13371952986899538,ridge_tech12__trend
2022-03-31,801150.SI,0.1,-0.13973002481975894,ridge_tech12__trend
2022-04-30,801110.SI,0.1,0.016083010281997323,ridge_tech12__trend
2022-04-30,801740.SI,0.1,0.11271841333891652,ridge_tech12__trend
2022-04-30,801160.SI,0.1,0.09097295398665262,ridge_tech12__trend
2022-04-30,801200.SI,0.1,0.029517118391316988,ridge_tech12__trend
2022-04-30,801970.SI,0.1,0.10315135688322674,ridge_tech12__trend
2022-05-31,801970.SI,0.1,0.021833013435700543,ridge_tech12__trend
2022-05-31,801740.SI,0.1,0.08212110845022247,ridge_tech12__trend
2022-05-31,801770.SI,0.1,0.0645053902448498,ridge_tech12__trend
2022-05-31,801960.SI,0.1,-0.03349683425511152,ridge_tech12__trend
2022-05-31,801760.SI,0.1,0.046938399114717644,ridge_tech12__trend
2022-06-30,801130.SI,0.2,-0.015832050010043397,ridge_tech12__trend
2022-06-30,801150.SI,0.2,-0.07503973878915504,ridge_tech12__trend
2022-06-30,801120.SI,0.2,-0.0968960160949317,ridge_tech12__trend
2022-06-30,801230.SI,0.2,0.01855323454145097,ridge_tech12__trend
2022-06-30,801140.SI,0.2,-0.05632288880088565,ridge_tech12__trend
2022-07-31,801880.SI,0.1,-0.11849927671735527,ridge_tech12__trend
2022-07-31,801770.SI,0.1,-0.010254698806146822,ridge_tech12__trend
2022-07-31,801140.SI,0.1,0.007814908704737666,ridge_tech12__trend
2022-07-31,801170.SI,0.1,0.011163543094909745,ridge_tech12__trend
2022-07-31,801890.SI,0.1,-0.07342254998569564,ridge_tech12__trend
2022-08-31,801170.SI,0.1,-0.026708871588673078,ridge_tech12__trend
2022-08-31,801200.SI,0.1,-0.039156326628440596,ridge_tech12__trend
2022-08-31,801950.SI,0.1,0.016902224244873754,ridge_tech12__trend
2022-08-31,801720.SI,0.1,-0.07517818048549962,ridge_tech12__trend
2022-08-31,801760.SI,0.1,-0.13827326862491574,ridge_tech12__trend
2022-09-30,801200.SI,0.1,-0.07072408817389186,ridge_tech12__trend
2022-09-30,801130.SI,0.1,-0.041817190375570745,ridge_tech12__trend
2022-09-30,801950.SI,0.1,-0.1258223015053359,ridge_tech12__trend
2022-09-30,801150.SI,0.1,0.05697345147845989,ridge_tech12__trend
2022-09-30,801110.SI,0.1,-0.12874415222920021,ridge_tech12__trend
2022-10-31,801230.SI,0.1,0.09823107367982087,ridge_tech12__trend
2022-10-31,801880.SI,0.1,0.08037334372711769,ridge_tech12__trend
2022-10-31,801760.SI,0.1,0.1448630582924606,ridge_tech12__trend
2022-10-31,801970.SI,0.1,0.07469312684858997,ridge_tech12__trend
2022-10-31,801080.SI,0.1,0.032355769230769216,ridge_tech12__trend
2022-11-30,801950.SI,0.1,-0.10878577360365793,ridge_tech12__trend
2022-11-30,801160.SI,0.1,-0.04637746537522269,ridge_tech12__trend
2022-11-30,801960.SI,0.1,-0.05765373502990656,ridge_tech12__trend
2022-11-30,801170.SI,0.1,-0.004939559815376637,ridge_tech12__trend
2022-11-30,801230.SI,0.1,0.022748538804735485,ridge_tech12__trend
2019-01-31,801960.SI,0.16397130739193774,0.12861591970811226,ridge_tech12__vol_target
2019-01-31,801120.SI,0.16397130739193774,0.12600095208191964,ridge_tech12__vol_target
2019-01-31,801110.SI,0.16397130739193774,0.10322283560272227,ridge_tech12__vol_target
2019-01-31,801980.SI,0.16397130739193774,0.18417066873642396,ridge_tech12__vol_target
2019-01-31,801030.SI,0.16397130739193774,0.1793120172773528,ridge_tech12__vol_target
2019-02-28,801980.SI,0.08920042031173513,0.11653497073255115,ridge_tech12__vol_target
2019-02-28,801200.SI,0.08920042031173513,0.08162951881756353,ridge_tech12__vol_target
2019-02-28,801230.SI,0.08920042031173513,0.13963347161097683,ridge_tech12__vol_target
2019-02-28,801710.SI,0.08920042031173513,0.11337893177659675,ridge_tech12__vol_target
2019-02-28,801140.SI,0.08920042031173513,0.1402421558508875,ridge_tech12__vol_target
2019-03-31,801130.SI,0.08534904231971954,-0.05664205577186898,ridge_tech12__vol_target
2019-03-31,801970.SI,0.08534904231971954,-0.047820887646235155,ridge_tech12__vol_target
2019-03-31,801170.SI,0.08534904231971954,0.009729886726691728,ridge_tech12__vol_target
2019-03-31,801140.SI,0.08534904231971954,-0.06697343551872914,ridge_tech12__vol_target
2019-03-31,801210.SI,0.08534904231971954,-0.013099050654700628,ridge_tech12__vol_target
2019-04-30,801980.SI,0.10275072955796258,-0.04751520417028676,ridge_tech12__vol_target
2019-04-30,801120.SI,0.10275072955796258,-0.04343478450722671,ridge_tech12__vol_target
2019-04-30,801950.SI,0.10275072955796258,-0.08095130066545664,ridge_tech12__vol_target
2019-04-30,801010.SI,0.10275072955796258,-0.017263242757527997,ridge_tech12__vol_target
2019-04-30,801160.SI,0.10275072955796258,-0.046099455954687785,ridge_tech12__vol_target
2019-05-31,801710.SI,0.09125944612388598,0.033276038695818855,ridge_tech12__vol_target
2019-05-31,801040.SI,0.09125944612388598,-0.007685001669709646,ridge_tech12__vol_target
2019-05-31,801740.SI,0.09125944612388598,-0.0006183682248349642,ridge_tech12__vol_target
2019-05-31,801890.SI,0.09125944612388598,0.019755981846338422,ridge_tech12__vol_target
2019-05-31,801210.SI,0.09125944612388598,0.08223533854011422,ridge_tech12__vol_target
2019-06-30,801150.SI,0.09599882870375992,-0.0014161928391985823,ridge_tech12__vol_target
2019-06-30,801210.SI,0.09599882870375992,0.010552112008306747,ridge_tech12__vol_target
2019-06-30,801740.SI,0.09599882870375992,0.04998430704389545,ridge_tech12__vol_target
2019-06-30,801140.SI,0.09599882870375992,-0.027083865277036323,ridge_tech12__vol_target
2019-06-30,801890.SI,0.09599882870375992,-0.0039940308988763995,ridge_tech12__vol_target
2019-07-31,801210.SI,0.09430097816011039,0.019537522218624703,ridge_tech12__vol_target
2019-07-31,801760.SI,0.09430097816011039,0.0033629430847359476,ridge_tech12__vol_target
2019-07-31,801770.SI,0.09430097816011039,-0.05314475375486416,ridge_tech12__vol_target
2019-07-31,801200.SI,0.09430097816011039,-0.014406865945175484,ridge_tech12__vol_target
2019-07-31,801170.SI,0.09430097816011039,-0.032683299283930545,ridge_tech12__vol_target
2019-08-31,801170.SI,0.16744930226965357,-0.007116769635116316,ridge_tech12__vol_target
2019-08-31,801200.SI,0.16744930226965357,-0.011992331227763109,ridge_tech12__vol_target
2019-08-31,801110.SI,0.16744930226965357,0.0022028740714929995,ridge_tech12__vol_target
2019-08-31,801730.SI,0.16744930226965357,0.014206157245662876,ridge_tech12__vol_target
2019-08-31,801210.SI,0.16744930226965357,-0.013931218860128713,ridge_tech12__vol_target
2019-09-30,801980.SI,0.2,0.024409586663207472,ridge_tech12__vol_target
2019-09-30,801200.SI,0.2,-0.008447629005474022,ridge_tech12__vol_target
2019-09-30,801120.SI,0.2,0.016584859040020383,ridge_tech12__vol_target
2019-09-30,801130.SI,0.2,-0.01708686756745248,ridge_tech12__vol_target
2019-09-30,801010.SI,0.2,0.1259784115697462,ridge_tech12__vol_target
2019-10-31,801750.SI,0.2,-0.028640200622467193,ridge_tech12__vol_target
2019-10-31,801120.SI,0.2,-0.025714233303109513,ridge_tech12__vol_target
2019-10-31,801770.SI,0.2,-0.042485584204872695,ridge_tech12__vol_target
2019-10-31,801080.SI,0.2,0.035991417608382203,ridge_tech12__vol_target
2019-10-31,801130.SI,0.2,-0.04537052596202318,ridge_tech12__vol_target
2019-11-30,801080.SI,0.2,0.10540476152661094,ridge_tech12__vol_target
2019-11-30,801050.SI,0.2,0.15246180867731107,ridge_tech12__vol_target
2019-11-30,801230.SI,0.2,0.10169931788309983,ridge_tech12__vol_target
2019-11-30,801040.SI,0.2,0.04951333051206097,ridge_tech12__vol_target
2019-11-30,801740.SI,0.2,0.05666094428653179,ridge_tech12__vol_target
2019-12-31,801120.SI,0.2,-0.058685391683798604,ridge_tech12__vol_target
2019-12-31,801970.SI,0.2,0.008837677012709655,ridge_tech12__vol_target
2019-12-31,801960.SI,0.2,-0.025800077141332478,ridge_tech12__vol_target
2019-12-31,801170.SI,0.2,-0.06629407392788611,ridge_tech12__vol_target
2019-12-31,801720.SI,0.2,-0.02695406177750337,ridge_tech12__vol_target
2020-01-31,801770.SI,0.2,0.11077342634625098,ridge_tech12__vol_target
2020-01-31,801210.SI,0.2,-0.03109577007373754,ridge_tech12__vol_target
2020-01-31,801170.SI,0.2,-0.059987497920067745,ridge_tech12__vol_target
2020-01-31,801890.SI,0.2,0.011636037186979475,ridge_tech12__vol_target
2020-01-31,801880.SI,0.2,0.017493748653267138,ridge_tech12__vol_target
2020-02-29,801140.SI,0.2,-0.05349074478938931,ridge_tech12__vol_target
2020-02-29,801890.SI,0.2,-0.06749434702845691,ridge_tech12__vol_target
2020-02-29,801210.SI,0.2,-0.09656332022499692,ridge_tech12__vol_target
2020-02-29,801120.SI,0.2,0.04261192478939657,ridge_tech12__vol_target
2020-02-29,801110.SI,0.2,-0.10851708269266425,ridge_tech12__vol_target
2020-03-31,801880.SI,0.2,0.011732053273714182,ridge_tech12__vol_target
2020-03-31,801140.SI,0.2,0.007117146596858692,ridge_tech12__vol_target
2020-03-31,801980.SI,0.2,0.09464844806169359,ridge_tech12__vol_target
2020-03-31,801050.SI,0.2,0.01970996188113916,ridge_tech12__vol_target
2020-03-31,801030.SI,0.2,0.047293408027759165,ridge_tech12__vol_target
2020-04-30,801750.SI,0.19054858773006775,-0.022566371681415953,ridge_tech12__vol_target
2020-04-30,801080.SI,0.19054858773006775,-0.015388531995796817,ridge_tech12__vol_target
2020-04-30,801110.SI,0.19054858773006775,0.061418409899212545,ridge_tech12__vol_target
2020-04-30,801040.SI,0.19054858773006775,-0.016803193695561935,ridge_tech12__vol_target
2020-04-30,801950.SI,0.19054858773006775,0.0011404842671658422,ridge_tech12__vol_target
2020-05-31,801980.SI,0.19761127371957907,0.12149584258352752,ridge_tech12__vol_target
2020-05-31,801760.SI,0.19761127371957907,0.16563413208649913,ridge_tech12__vol_target
2020-05-31,801150.SI,0.19761127371957907,0.1687925741774423,ridge_tech12__vol_target
2020-05-31,801030.SI,0.19761127371957907,0.06464792669431318,ridge_tech12__vol_target
2020-05-31,801950.SI,0.19761127371957907,-0.0044325982181978585,ridge_tech12__vol_target
2020-06-30,801120.SI,0.2,0.17286250878024578,ridge_tech12__vol_target
2020-06-30,801110.SI,0.2,0.10837771865542511,ridge_tech12__vol_target
2020-06-30,801760.SI,0.2,0.07448355395106288,ridge_tech12__vol_target
2020-06-30,801200.SI,0.2,0.10887619169731888,ridge_tech12__vol_target
2020-06-30,801980.SI,0.2,0.07610780504598424,ridge_tech12__vol_target
2020-07-31,801150.SI,0.13583295209328558,-0.027681337948046725,ridge_tech12__vol_target
2020-07-31,801120.SI,0.13583295209328558,0.12040826126159776,ridge_tech12__vol_target
2020-07-31,801030.SI,0.13583295209328558,0.040956327042188434,ridge_tech12__vol_target
2020-07-31,801980.SI,0.13583295209328558,-0.021900525328234832,ridge_tech12__vol_target
2020-07-31,801710.SI,0.13583295209328558,0.019307539911819438,ridge_tech12__vol_target
2020-08-31,801980.SI,0.1385403395584752,-0.08720911367037587,ridge_tech12__vol_target
2020-08-31,801890.SI,0.1385403395584752,-0.04145865137324478,ridge_tech12__vol_target
2020-08-31,801110.SI,0.1385403395584752,-0.01830213278886128,ridge_tech12__vol_target
2020-08-31,801880.SI,0.1385403395584752,0.011246824207247652,ridge_tech12__vol_target
2020-08-31,801760.SI,0.1385403395584752,-0.08069229549418933,ridge_tech12__vol_target
2020-09-30,801980.SI,0.12981340934077137,0.05672748369372793,ridge_tech12__vol_target
2020-09-30,801740.SI,0.12981340934077137,-0.04202092660207213,ridge_tech12__vol_target
2020-09-30,801080.SI,0.12981340934077137,0.013922428330522818,ridge_tech12__vol_target
2020-09-30,801890.SI,0.12981340934077137,0.016256196509150334,ridge_tech12__vol_target
2020-09-30,801150.SI,0.12981340934077137,0.023375507098952086,ridge_tech12__vol_target
2020-10-31,801080.SI,0.12802445908687174,0.04016481055213306,ridge_tech12__vol_target
2020-10-31,801710.SI,0.12802445908687174,0.04800510398716118,ridge_tech12__vol_target
2020-10-31,801980.SI,0.12802445908687174,-0.022053391571834058,ridge_tech12__vol_target
2020-10-31,801140.SI,0.12802445908687174,0.02506087311081795,ridge_tech12__vol_target
2020-10-31,801150.SI,0.12802445908687174,-0.0663055883876954,ridge_tech12__vol_target
2020-11-30,801210.SI,0.12887963173552902,0.24981336215258687,ridge_tech12__vol_target
2020-11-30,801050.SI,0.12887963173552902,0.06110876421849776,ridge_tech12__vol_target
2020-11-30,801180.SI,0.12887963173552902,-0.07143550492867856,ridge_tech12__vol_target
2020-11-30,801760.SI,0.12887963173552902,-0.04965347496599526,ridge_tech12__vol_target
2020-11-30,801040.SI,0.12887963173552902,-0.006090491104151385,ridge_tech12__vol_target
2020-12-31,801750.SI,0.13249745975100496,-0.04784911106993428,ridge_tech12__vol_target
2020-12-31,801890.SI,0.13249745975100496,0.013782063795728883,ridge_tech12__vol_target
2020-12-31,801770.SI,0.13249745975100496,-0.07300340651021953,ridge_tech12__vol_target
2020-12-31,801210.SI,0.13249745975100496,0.01187183811129855,ridge_tech12__vol_target
2020-12-31,801050.SI,0.13249745975100496,0.03914447331913484,ridge_tech12__vol_target
2021-01-31,801730.SI,0.2,-0.060330030058499684,ridge_tech12__vol_target
2021-01-31,801880.SI,0.2,-0.051590176033238455,ridge_tech12__vol_target
2021-01-31,801050.SI,0.2,0.06679609551096566,ridge_tech12__vol_target
2021-01-31,801230.SI,0.2,0.0019676916327495686,ridge_tech12__vol_target
2021-01-31,801110.SI,0.2,-0.015302750770905926,ridge_tech12__vol_target
2021-02-28,801890.SI,0.2,-0.02528217846839098,ridge_tech12__vol_target
2021-02-28,801770.SI,0.2,-0.057277950380929865,ridge_tech12__vol_target
2021-02-28,801200.SI,0.2,0.009252441797580113,ridge_tech12__vol_target
2021-02-28,801970.SI,0.2,0.10231847986363096,ridge_tech12__vol_target
2021-02-28,801170.SI,0.2,-0.001447153930603129,ridge_tech12__vol_target
2021-03-31,801980.SI,0.2,0.22819569689790864,ridge_tech12__vol_target
2021-03-31,801120.SI,0.2,0.05978878414696531,ridge_tech12__vol_target
2021-03-31,801890.SI,0.2,-0.013812800207711251,ridge_tech12__vol_target
2021-03-31,801160.SI,0.2,-0.08974721052938306,ridge_tech12__vol_target
2021-03-31,801970.SI,0.2,-0.0811094139857883,ridge_tech12__vol_target
2021-04-30,801980.SI,0.2,0.05741491073801264,ridge_tech12__vol_target
2021-04-30,801210.SI,0.2,0.033481929687072975,ridge_tech12__vol_target
2021-04-30,801200.SI,0.2,0.06653077624138848,ridge_tech12__vol_target
2021-04-30,801120.SI,0.2,0.09219313599121182,ridge_tech12__vol_target
2021-04-30,801110.SI,0.2,-0.013865523271440972,ridge_tech12__vol_target
2021-05-31,801750.SI,0.2,0.033611441711407286,ridge_tech12__vol_target
2021-05-31,801080.SI,0.2,0.11816785960940179,ridge_tech12__vol_target
2021-05-31,801110.SI,0.2,-0.0652648176361933,ridge_tech12__vol_target
2021-05-31,801120.SI,0.2,-0.05664675830488308,ridge_tech12__vol_target
2021-05-31,801770.SI,0.2,0.03136191892858431,ridge_tech12__vol_target
2021-06-30,801150.SI,0.2,-0.09989586370641901,ridge_tech12__vol_target
2021-06-30,801980.SI,0.2,-0.19894551479092637,ridge_tech12__vol_target
2021-06-30,801030.SI,0.2,0.05127979514253167,ridge_tech12__vol_target
2021-06-30,801050.SI,0.2,0.27401585061339695,ridge_tech12__vol_target
2021-06-30,801130.SI,0.2,-0.09304866555506075,ridge_tech12__vol_target
2021-07-31,801050.SI,0.2,0.1799989092421279,ridge_tech12__vol_target
2021-07-31,801110.SI,0.2,-0.000418321723945958,ridge_tech12__vol_target
2021-07-31,801950.SI,0.2,0.27566168903042887,ridge_tech12__vol_target
2021-07-31,801160.SI,0.2,0.11602806260118737,ridge_tech12__vol_target
2021-07-31,801040.SI,0.2,0.175641853457553,ridge_tech12__vol_target
2021-08-31,801030.SI,0.2,-0.03830865613425105,ridge_tech12__vol_target
2021-08-31,801040.SI,0.2,-0.13403809035605752,ridge_tech12__vol_target
2021-08-31,801050.SI,0.2,-0.18111045955728355,ridge_tech12__vol_target
2021-08-31,801960.SI,0.2,0.05337448982008497,ridge_tech12__vol_target
2021-08-31,801970.SI,0.2,0.025485470257787135,ridge_tech12__vol_target
2021-09-30,801980.SI,0.2,0.04368213290285139,ridge_tech12__vol_target
2021-09-30,801950.SI,0.2,-0.1528890533832622,ridge_tech12__vol_target
2021-09-30,801960.SI,0.2,-0.09147730679297317,ridge_tech12__vol_target
2021-09-30,801730.SI,0.2,0.11700718983573899,ridge_tech12__vol_target
2021-09-30,801110.SI,0.2,-0.006803081684816359,ridge_tech12__vol_target
2021-10-31,801050.SI,0.2,0.08841935254862987,ridge_tech12__vol_target
2021-10-31,801730.SI,0.2,0.03347142223022748,ridge_tech12__vol_target
2021-10-31,801030.SI,0.2,-0.0034892196654970897,ridge_tech12__vol_target
2021-10-31,801110.SI,0.2,0.0010934495861163462,ridge_tech12__vol_target
2021-10-31,801080.SI,0.2,0.08530447760597637,ridge_tech12__vol_target
2021-11-30,801050.SI,0.2,-0.06215481550209623,ridge_tech12__vol_target
2021-11-30,801030.SI,0.2,0.0005555933057002083,ridge_tech12__vol_target
2021-11-30,801970.SI,0.2,0.027221824045869925,ridge_tech12__vol_target
2021-11-30,801890.SI,0.2,0.004428254311571456,ridge_tech12__vol_target
2021-11-30,801750.SI,0.2,0.016287237329432713,ridge_tech12__vol_target
2021-12-31,801760.SI,0.2,-0.14401347686745003,ridge_tech12__vol_target
2021-12-31,801970.SI,0.2,-0.10202034737939192,ridge_tech12__vol_target
2021-12-31,801740.SI,0.2,-0.17921938741981303,ridge_tech12__vol_target
2021-12-31,801210.SI,0.2,-0.07121774058425823,ridge_tech12__vol_target
2021-12-31,801010.SI,0.2,-0.04599045192090567,ridge_tech12__vol_target
2022-01-31,801170.SI,0.16781090124645964,0.02799470131836257,ridge_tech12__vol_target
2022-01-31,801730.SI,0.16781090124645964,0.02543255922114751,ridge_tech12__vol_target
2022-01-31,801050.SI,0.16781090124645964,0.17175770278114344,ridge_tech12__vol_target
2022-01-31,801030.SI,0.16781090124645964,0.09708529646334996,ridge_tech12__vol_target
2022-01-31,801210.SI,0.16781090124645964,0.015471462241382516,ridge_tech12__vol_target
2022-02-28,801160.SI,0.17966022354069944,-0.09607424653990437,ridge_tech12__vol_target
2022-02-28,801960.SI,0.17966022354069944,-0.11744173579481154,ridge_tech12__vol_target
2022-02-28,801030.SI,0.17966022354069944,-0.09326287709866932,ridge_tech12__vol_target
2022-02-28,801050.SI,0.17966022354069944,-0.1261046206222447,ridge_tech12__vol_target
2022-02-28,801730.SI,0.17966022354069944,-0.1009533445559927,ridge_tech12__vol_target
2022-03-31,801010.SI,0.15797096127312993,-0.12757594032348318,ridge_tech12__vol_target
2022-03-31,801200.SI,0.15797096127312993,-0.014237760754093665,ridge_tech12__vol_target
2022-03-31,801760.SI,0.15797096127312993,-0.13951921295126424,ridge_tech12__vol_target
2022-03-31,801140.SI,0.15797096127312993,-0.13371952986899538,ridge_tech12__vol_target
2022-03-31,801150.SI,0.15797096127312993,-0.13973002481975894,ridge_tech12__vol_target
2022-04-30,801110.SI,0.1363209426279144,0.016083010281997323,ridge_tech12__vol_target
2022-04-30,801740.SI,0.1363209426279144,0.11271841333891652,ridge_tech12__vol_target
2022-04-30,801160.SI,0.1363209426279144,0.09097295398665262,ridge_tech12__vol_target
2022-04-30,801200.SI,0.1363209426279144,0.029517118391316988,ridge_tech12__vol_target
2022-04-30,801970.SI,0.1363209426279144,0.10315135688322674,ridge_tech12__vol_target
2022-05-31,801970.SI,0.12103763990016927,0.021833013435700543,ridge_tech12__vol_target
2022-05-31,801740.SI,0.12103763990016927,0.08212110845022247,ridge_tech12__vol_target
2022-05-31,801770.SI,0.12103763990016927,0.0645053902448498,ridge_tech12__vol_target
2022-05-31,801960.SI,0.12103763990016927,-0.03349683425511152,ridge_tech12__vol_target
2022-05-31,801760.SI,0.12103763990016927,0.046938399114717644,ridge_tech12__vol_target
2022-06-30,801130.SI,0.1108739102235933,-0.015832050010043397,ridge_tech12__vol_target
2022-06-30,801150.SI,0.1108739102235933,-0.07503973878915504,ridge_tech12__vol_target
2022-06-30,801120.SI,0.1108739102235933,-0.0968960160949317,ridge_tech12__vol_target
2022-06-30,801230.SI,0.1108739102235933,0.01855323454145097,ridge_tech12__vol_target
2022-06-30,801140.SI,0.1108739102235933,-0.05632288880088565,ridge_tech12__vol_target
2022-07-31,801880.SI,0.12540285478190824,-0.11849927671735527,ridge_tech12__vol_target
2022-07-31,801770.SI,0.12540285478190824,-0.010254698806146822,ridge_tech12__vol_target
2022-07-31,801140.SI,0.12540285478190824,0.007814908704737666,ridge_tech12__vol_target
2022-07-31,801170.SI,0.12540285478190824,0.011163543094909745,ridge_tech12__vol_target
2022-07-31,801890.SI,0.12540285478190824,-0.07342254998569564,ridge_tech12__vol_target
2022-08-31,801170.SI,0.13030820012369454,-0.026708871588673078,ridge_tech12__vol_target
2022-08-31,801200.SI,0.13030820012369454,-0.039156326628440596,ridge_tech12__vol_target
2022-08-31,801950.SI,0.13030820012369454,0.016902224244873754,ridge_tech12__vol_target
2022-08-31,801720.SI,0.13030820012369454,-0.07517818048549962,ridge_tech12__vol_target
2022-08-31,801760.SI,0.13030820012369454,-0.13827326862491574,ridge_tech12__vol_target
2022-09-30,801200.SI,0.12778064919188917,-0.07072408817389186,ridge_tech12__vol_target
2022-09-30,801130.SI,0.12778064919188917,-0.041817190375570745,ridge_tech12__vol_target
2022-09-30,801950.SI,0.12778064919188917,-0.1258223015053359,ridge_tech12__vol_target
2022-09-30,801150.SI,0.12778064919188917,0.05697345147845989,ridge_tech12__vol_target
2022-09-30,801110.SI,0.12778064919188917,-0.12874415222920021,ridge_tech12__vol_target
2022-10-31,801230.SI,0.15018870660028677,0.09823107367982087,ridge_tech12__vol_target
2022-10-31,801880.SI,0.15018870660028677,0.08037334372711769,ridge_tech12__vol_target
2022-10-31,801760.SI,0.15018870660028677,0.1448630582924606,ridge_tech12__vol_target
2022-10-31,801970.SI,0.15018870660028677,0.07469312684858997,ridge_tech12__vol_target
2022-10-31,801080.SI,0.15018870660028677,0.032355769230769216,ridge_tech12__vol_target
2022-11-30,801950.SI,0.13336772671962496,-0.10878577360365793,ridge_tech12__vol_target
2022-11-30,801160.SI,0.13336772671962496,-0.04637746537522269,ridge_tech12__vol_target
2022-11-30,801960.SI,0.13336772671962496,-0.05765373502990656,ridge_tech12__vol_target
2022-11-30,801170.SI,0.13336772671962496,-0.004939559815376637,ridge_tech12__vol_target
2022-11-30,801230.SI,0.13336772671962496,0.022748538804735485,ridge_tech12__vol_target
2019-01-31,801760.SI,0.2,0.25660517289329743,gbdt_tech12
2019-01-31,801010.SI,0.2,0.21977167902555883,gbdt_tech12
2019-01-31,801960.SI,0.2,0.12861591970811226,gbdt_tech12
2019-01-31,801110.SI,0.2,0.10322283560272227,gbdt_tech12
2019-01-31,801030.SI,0.2,0.1793120172773528,gbdt_tech12
2019-02-28,801230.SI,0.2,0.13963347161097683,gbdt_tech12
2019-02-28,801110.SI,0.2,0.07761313796578961,gbdt_tech12
2019-02-28,801710.SI,0.2,0.11337893177659675,gbdt_tech12
2019-02-28,801760.SI,0.2,0.0598598303209148,gbdt_tech12
2019-02-28,801010.SI,0.2,0.17539736425201502,gbdt_tech12
2019-03-31,801030.SI,0.2,-0.013960518351497808,gbdt_tech12
2019-03-31,801010.SI,0.2,0.05821731145210007,gbdt_tech12
2019-03-31,801770.SI,0.2,-0.022988954525755223,gbdt_tech12
2019-03-31,801970.SI,0.2,-0.047820887646235155,gbdt_tech12
2019-03-31,801170.SI,0.2,0.009729886726691728,gbdt_tech12
2019-04-30,801760.SI,0.2,-0.09141746050886301,gbdt_tech12
2019-04-30,801980.SI,0.2,-0.04751520417028676,gbdt_tech12
2019-04-30,801230.SI,0.2,-0.06322075589932563,gbdt_tech12
2019-04-30,801120.SI,0.2,-0.04343478450722671,gbdt_tech12
2019-04-30,801890.SI,0.2,-0.05659755943081535,gbdt_tech12
2019-05-31,801160.SI,0.2,0.021382775610256255,gbdt_tech12
2019-05-31,801890.SI,0.2,0.019755981846338422,gbdt_tech12
2019-05-31,801740.SI,0.2,-0.0006183682248349642,gbdt_tech12
2019-05-31,801050.SI,0.2,0.01950525937991765,gbdt_tech12
2019-05-31,801880.SI,0.2,0.008643506364519604,gbdt_tech12
2019-06-30,801740.SI,0.2,0.04998430704389545,gbdt_tech12
2019-06-30,801890.SI,0.2,-0.0039940308988763995,gbdt_tech12
2019-06-30,801170.SI,0.2,-0.012024759015511144,gbdt_tech12
2019-06-30,801230.SI,0.2,-0.032190339407358604,gbdt_tech12
2019-06-30,801150.SI,0.2,-0.0014161928391985823,gbdt_tech12
2019-07-31,801210.SI,0.2,0.019537522218624703,gbdt_tech12
2019-07-31,801730.SI,0.2,-0.01401442661563379,gbdt_tech12
2019-07-31,801170.SI,0.2,-0.032683299283930545,gbdt_tech12
2019-07-31,801950.SI,0.2,-0.05140062249888844,gbdt_tech12
2019-07-31,801750.SI,0.2,0.03136054586367942,gbdt_tech12
2019-08-31,801170.SI,0.2,-0.007116769635116316,gbdt_tech12
2019-08-31,801980.SI,0.2,0.005782885120844572,gbdt_tech12
2019-08-31,801110.SI,0.2,0.0022028740714929995,gbdt_tech12
2019-08-31,801730.SI,0.2,0.014206157245662876,gbdt_tech12
2019-08-31,801740.SI,0.2,-0.06933927973404552,gbdt_tech12
2019-09-30,801770.SI,0.2,-0.019283831554078423,gbdt_tech12
2019-09-30,801010.SI,0.2,0.1259784115697462,gbdt_tech12
2019-09-30,801980.SI,0.2,0.024409586663207472,gbdt_tech12
2019-09-30,801200.SI,0.2,-0.008447629005474022,gbdt_tech12
2019-09-30,801130.SI,0.2,-0.01708686756745248,gbdt_tech12
2019-10-31,801770.SI,0.2,-0.042485584204872695,gbdt_tech12
2019-10-31,801010.SI,0.2,-0.09573178866850485,gbdt_tech12
2019-10-31,801170.SI,0.2,-0.026803855170617452,gbdt_tech12
2019-10-31,801710.SI,0.2,0.0526033985373866,gbdt_tech12
2019-10-31,801120.SI,0.2,-0.025714233303109513,gbdt_tech12
2019-11-30,801160.SI,0.2,0.027418075082067617,gbdt_tech12
2019-11-30,801040.SI,0.2,0.04951333051206097,gbdt_tech12
2019-11-30,801230.SI,0.2,0.10169931788309983,gbdt_tech12
2019-11-30,801950.SI,0.2,0.0581696900461548,gbdt_tech12
2019-11-30,801010.SI,0.2,0.016831932721449228,gbdt_tech12
2019-12-31,801980.SI,0.2,0.010263802618228679,gbdt_tech12
2019-12-31,801950.SI,0.2,-0.05800599355971536,gbdt_tech12
2019-12-31,801120.SI,0.2,-0.058685391683798604,gbdt_tech12
2019-12-31,801230.SI,0.2,0.01975809303751208,gbdt_tech12
2019-12-31,801210.SI,0.2,-0.0869680049517303,gbdt_tech12
2020-01-31,801740.SI,0.2,0.008536711300815902,gbdt_tech12
2020-01-31,801110.SI,0.2,-0.031509909224846755,gbdt_tech12
2020-01-31,801010.SI,0.2,0.0824925367494238,gbdt_tech12
2020-01-31,801980.SI,0.2,0.019710748440960435,gbdt_tech12
2020-01-31,801770.SI,0.2,0.11077342634625098,gbdt_tech12
2020-02-29,801010.SI,0.2,0.11299716074379207,gbdt_tech12
2020-02-29,801210.SI,0.2,-0.09656332022499692,gbdt_tech12
2020-02-29,801890.SI,0.2,-0.06749434702845691,gbdt_tech12
2020-02-29,801120.SI,0.2,0.04261192478939657,gbdt_tech12
2020-02-29,801110.SI,0.2,-0.10851708269266425,gbdt_tech12
2020-03-31,801980.SI,0.2,0.09464844806169359,gbdt_tech12
2020-03-31,801130.SI,0.2,-0.05234965352475052,gbdt_tech12
2020-03-31,801170.SI,0.2,0.03922962260984586,gbdt_tech12
2020-03-31,801140.SI,0.2,0.007117146596858692,gbdt_tech12
2020-03-31,801710.SI,0.2,0.08592362240704676,gbdt_tech12
2020-04-30,801080.SI,0.2,-0.015388531995796817,gbdt_tech12
2020-04-30,801760.SI,0.2,0.023830538393645018,gbdt_tech12
2020-04-30,801980.SI,0.2,0.16822384741776464,gbdt_tech12
2020-04-30,801750.SI,0.2,-0.022566371681415953,gbdt_tech12
2020-04-30,801150.SI,0.2,0.0502430319882643,gbdt_tech12
2020-05-31,801150.SI,0.2,0.1687925741774423,gbdt_tech12
2020-05-31,801880.SI,0.2,0.06460024747101967,gbdt_tech12
2020-05-31,801200.SI,0.2,0.09071600262218671,gbdt_tech12
2020-05-31,801770.SI,0.2,0.07804701564427452,gbdt_tech12
2020-05-31,801760.SI,0.2,0.16563413208649913,gbdt_tech12
2020-06-30,801010.SI,0.2,0.16230470667886343,gbdt_tech12
2020-06-30,801120.SI,0.2,0.17286250878024578,gbdt_tech12
2020-06-30,801200.SI,0.2,0.10887619169731888,gbdt_tech12
2020-06-30,801750.SI,0.2,0.06444562834179934,gbdt_tech12
2020-06-30,801160.SI,0.2,0.09197970737131334,gbdt_tech12
2020-07-31,801150.SI,0.2,-0.027681337948046725,gbdt_tech12
2020-07-31,801110.SI,0.2,0.006443010306458552,gbdt_tech12
2020-07-31,801120.SI,0.2,0.12040826126159776,gbdt_tech12
2020-07-31,801030.SI,0.2,0.040956327042188434,gbdt_tech12
2020-07-31,801750.SI,0.2,-0.0026693271841901067,gbdt_tech12
2020-08-31,801110.SI,0.2,-0.01830213278886128,gbdt_tech12
2020-08-31,801200.SI,0.2,-0.08170594495198469,gbdt_tech12
2020-08-31,801760.SI,0.2,-0.08069229549418933,gbdt_tech12
2020-08-31,801750.SI,0.2,-0.08843452913312788,gbdt_tech12
2020-08-31,801710.SI,0.2,-0.09273976765386516,gbdt_tech12
2020-09-30,801150.SI,0.2,0.023375507098952086,gbdt_tech12
2020-09-30,801120.SI,0.2,0.041639557579700615,gbdt_tech12
2020-09-30,801230.SI,0.2,0.018965517241379404,gbdt_tech12
2020-09-30,801010.SI,0.2,-0.04603405777997327,gbdt_tech12
2020-09-30,801750.SI,0.2,-0.03027335410667098,gbdt_tech12
2020-10-31,801710.SI,0.2,0.04800510398716118,gbdt_tech12
2020-10-31,801890.SI,0.2,0.04821437395435524,gbdt_tech12
2020-10-31,801160.SI,0.2,0.0368018680007578,gbdt_tech12
2020-10-31,801770.SI,0.2,0.022990738649198095,gbdt_tech12
2020-10-31,801140.SI,0.2,0.02506087311081795,gbdt_tech12
2020-11-30,801210.SI,0.2,0.24981336215258687,gbdt_tech12
2020-11-30,801080.SI,0.2,0.009391242799336563,gbdt_tech12
2020-11-30,801040.SI,0.2,-0.006090491104151385,gbdt_tech12
2020-11-30,801750.SI,0.2,-0.013178915275377179,gbdt_tech12
2020-11-30,801200.SI,0.2,-0.07786912124919088,gbdt_tech12
2020-12-31,801210.SI,0.2,0.01187183811129855,gbdt_tech12
2020-12-31,801890.SI,0.2,0.013782063795728883,gbdt_tech12
2020-12-31,801980.SI,0.2,0.05496550211270179,gbdt_tech12
2020-12-31,801750.SI,0.2,-0.04784911106993428,gbdt_tech12
2020-12-31,801080.SI,0.2,0.013811121976770924,gbdt_tech12
2021-01-31,801770.SI,0.2,0.01359158883274647,gbdt_tech12
2021-01-31,801110.SI,0.2,-0.015302750770905926,gbdt_tech12
2021-01-31,801210.SI,0.2,0.0686050648832246,gbdt_tech12
2021-01-31,801080.SI,0.2,-0.03406264192767472,gbdt_tech12
2021-01-31,801150.SI,0.2,-0.016065881066194,gbdt_tech12
2021-02-28,801770.SI,0.2,-0.057277950380929865,gbdt_tech12
2021-02-28,801980.SI,0.2,-0.0045800504973686484,gbdt_tech12
2021-02-28,801130.SI,0.2,0.05525268638140468,gbdt_tech12
2021-02-28,801170.SI,0.2,-0.001447153930603129,gbdt_tech12
2021-02-28,801880.SI,0.2,-0.059128589596250336,gbdt_tech12
2021-03-31,801120.SI,0.2,0.05978878414696531,gbdt_tech12
2021-03-31,801130.SI,0.2,0.011855124946704487,gbdt_tech12
2021-03-31,801950.SI,0.2,0.05932698893535515,gbdt_tech12
2021-03-31,801960.SI,0.2,-0.0007827304935321688,gbdt_tech12
2021-03-31,801980.SI,0.2,0.22819569689790864,gbdt_tech12
2021-04-30,801960.SI,0.2,0.0135138230376326,gbdt_tech12
2021-04-30,801950.SI,0.2,0.038825662995768395,gbdt_tech12
2021-04-30,801740.SI,0.2,0.13065184421917309,gbdt_tech12
2021-04-30,801120.SI,0.2,0.09219313599121182,gbdt_tech12
2021-04-30,801030.SI,0.2,0.06929651077070131,gbdt_tech12
2021-05-31,801200.SI,0.2,-0.05021807311575033,gbdt_tech12
2021-05-31,801750.SI,0.2,0.033611441711407286,gbdt_tech12
2021-05-31,801150.SI,0.2,-0.002627913441259788,gbdt_tech12
2021-05-31,801030.SI,0.2,0.05371075641519396,gbdt_tech12
2021-05-31,801130.SI,0.2,0.01953931356348293,gbdt_tech12
2021-06-30,801730.SI,0.2,0.10720279653671394,gbdt_tech12
2021-06-30,801890.SI,0.2,0.020946387297758884,gbdt_tech12
2021-06-30,801740.SI,0.2,0.033440865677707876,gbdt_tech12
2021-06-30,801050.SI,0.2,0.27401585061339695,gbdt_tech12
2021-06-30,801110.SI,0.2,-0.09187386294724087,gbdt_tech12
2021-07-31,801980.SI,0.2,-0.0557364797589569,gbdt_tech12
2021-07-31,801150.SI,0.2,-0.0862569458234187,gbdt_tech12
2021-07-31,801890.SI,0.2,0.09086379044115378,gbdt_tech12
2021-07-31,801140.SI,0.2,0.05128825733916309,gbdt_tech12
2021-07-31,801040.SI,0.2,0.175641853457553,gbdt_tech12
2021-08-31,801970.SI,0.2,0.025485470257787135,gbdt_tech12
2021-08-31,801210.SI,0.2,0.07327774461357106,gbdt_tech12
2021-08-31,801040.SI,0.2,-0.13403809035605752,gbdt_tech12
2021-08-31,801160.SI,0.2,0.15892386143836812,gbdt_tech12
2021-08-31,801030.SI,0.2,-0.03830865613425105,gbdt_tech12
2021-09-30,801230.SI,0.2,0.014128978637652168,gbdt_tech12
2021-09-30,801980.SI,0.2,0.04368213290285139,gbdt_tech12
2021-09-30,801010.SI,0.2,0.026940761175877403,gbdt_tech12
2021-09-30,801170.SI,0.2,-0.017215327413796055,gbdt_tech12
2021-09-30,801050.SI,0.2,-0.006222573408023124,gbdt_tech12
2021-10-31,801740.SI,0.2,0.12984384364010548,gbdt_tech12
2021-10-31,801050.SI,0.2,0.08841935254862987,gbdt_tech12
2021-10-31,801080.SI,0.2,0.08530447760597637,gbdt_tech12
2021-10-31,801010.SI,0.2,0.003030110458936086,gbdt_tech12
2021-10-31,801770.SI,0.2,0.11285046364435392,gbdt_tech12
2021-11-30,801050.SI,0.2,-0.06215481550209623,gbdt_tech12
2021-11-30,801710.SI,0.2,0.12821621532013294,gbdt_tech12
2021-11-30,801230.SI,0.2,0.04968683635468274,gbdt_tech12
2021-11-30,801750.SI,0.2,0.016287237329432713,gbdt_tech12
2021-11-30,801150.SI,0.2,0.004729144200510849,gbdt_tech12
2021-12-31,801760.SI,0.2,-0.14401347686745003,gbdt_tech12
2021-12-31,801140.SI,0.2,-0.09641593939373105,gbdt_tech12
2021-12-31,801050.SI,0.2,-0.10737522211905937,gbdt_tech12
2021-12-31,801770.SI,0.2,-0.08238254186160776,gbdt_tech12
2021-12-31,801210.SI,0.2,-0.07121774058425823,gbdt_tech12
2022-01-31,801200.SI,0.2,4.506940688653316e-05,gbdt_tech12
2022-01-31,801050.SI,0.2,0.17175770278114344,gbdt_tech12
2022-01-31,801730.SI,0.2,0.02543255922114751,gbdt_tech12
2022-01-31,801170.SI,0.2,0.02799470131836257,gbdt_tech12
2022-01-31,801950.SI,0.2,0.1553258349045359,gbdt_tech12
2022-02-28,801030.SI,0.2,-0.09326287709866932,gbdt_tech12
2022-02-28,801960.SI,0.2,-0.11744173579481154,gbdt_tech12
2022-02-28,801050.SI,0.2,-0.1261046206222447,gbdt_tech12
2022-02-28,801180.SI,0.2,0.09523348070982984,gbdt_tech12
2022-02-28,801770.SI,0.2,-0.08199090990952551,gbdt_tech12
2022-03-31,801010.SI,0.2,-0.12757594032348318,gbdt_tech12
2022-03-31,801140.SI,0.2,-0.13371952986899538,gbdt_tech12
2022-03-31,801200.SI,0.2,-0.014237760754093665,gbdt_tech12
2022-03-31,801120.SI,0.2,0.042877293532190386,gbdt_tech12
2022-03-31,801760.SI,0.2,-0.13951921295126424,gbdt_tech12
2022-04-30,801960.SI,0.2,0.13430194874318113,gbdt_tech12
2022-04-30,801130.SI,0.2,0.07750662951898235,gbdt_tech12
2022-04-30,801040.SI,0.2,0.038715071613794505,gbdt_tech12
2022-04-30,801200.SI,0.2,0.029517118391316988,gbdt_tech12
2022-04-30,801110.SI,0.2,0.016083010281997323,gbdt_tech12
2022-05-31,801210.SI,0.2,0.11123127393647025,gbdt_tech12
2022-05-31,801200.SI,0.2,0.10805695342482124,gbdt_tech12
2022-05-31,801030.SI,0.2,0.08126292568592297,gbdt_tech12
2022-05-31,801970.SI,0.2,0.021833013435700543,gbdt_tech12
2022-05-31,801740.SI,0.2,0.08212110845022247,gbdt_tech12
2022-06-30,801110.SI,0.2,-0.024522858714722595,gbdt_tech12
2022-06-30,801750.SI,0.2,-0.010109154681153365,gbdt_tech12
2022-06-30,801120.SI,0.2,-0.0968960160949317,gbdt_tech12
2022-06-30,801150.SI,0.2,-0.07503973878915504,gbdt_tech12
2022-06-30,801180.SI,0.2,-0.06252751690486813,gbdt_tech12
2022-07-31,801230.SI,0.2,0.02403263267064948,gbdt_tech12
2022-07-31,801160.SI,0.2,-0.004563591022443858,gbdt_tech12
2022-07-31,801770.SI,0.2,-0.010254698806146822,gbdt_tech12
2022-07-31,801110.SI,0.2,-0.0425863546894093,gbdt_tech12
2022-07-31,801740.SI,0.2,-0.04284216989264655,gbdt_tech12
2022-08-31,801230.SI,0.2,-0.05199042854035241,gbdt_tech12
2022-08-31,801140.SI,0.2,-0.08053859521654716,gbdt_tech12
2022-08-31,801710.SI,0.2,-0.09308005598895375,gbdt_tech12
2022-08-31,801040.SI,0.2,-0.09026028031448319,gbdt_tech12
2022-08-31,801010.SI,0.2,-0.10378327426082179,gbdt_tech12
2022-09-30,801230.SI,0.2,0.010318314161255948,gbdt_tech12
2022-09-30,801130.SI,0.2,-0.041817190375570745,gbdt_tech12
2022-09-30,801950.SI,0.2,-0.1258223015053359,gbdt_tech12
2022-09-30,801200.SI,0.2,-0.07072408817389186,gbdt_tech12
2022-09-30,801970.SI,0.2,0.007001979830117966,gbdt_tech12
2022-10-31,801980.SI,0.2,0.07317388130000801,gbdt_tech12
2022-10-31,801730.SI,0.2,0.013443772498649809,gbdt_tech12
2022-10-31,801880.SI,0.2,0.08037334372711769,gbdt_tech12
2022-10-31,801230.SI,0.2,0.09823107367982087,gbdt_tech12
2022-10-31,801150.SI,0.2,0.07365829186296624,gbdt_tech12
2022-11-30,801960.SI,0.2,-0.05765373502990656,gbdt_tech12
2022-11-30,801770.SI,0.2,-0.041289212234999595,gbdt_tech12
2022-11-30,801760.SI,0.2,0.023297253236783,gbdt_tech12
2022-11-30,801200.SI,0.2,0.035896509358964934,gbdt_tech12
2022-11-30,801970.SI,0.2,-0.05071942832004628,gbdt_tech12
2019-01-31,801760.SI,0.1,0.25660517289329743,gbdt_tech12__trend
2019-01-31,801010.SI,0.1,0.21977167902555883,gbdt_tech12__trend
2019-01-31,801960.SI,0.1,0.12861591970811226,gbdt_tech12__trend
2019-01-31,801110.SI,0.1,0.10322283560272227,gbdt_tech12__trend
2019-01-31,801030.SI,0.1,0.1793120172773528,gbdt_tech12__trend
2019-02-28,801230.SI,0.2,0.13963347161097683,gbdt_tech12__trend
2019-02-28,801110.SI,0.2,0.07761313796578961,gbdt_tech12__trend
2019-02-28,801710.SI,0.2,0.11337893177659675,gbdt_tech12__trend
2019-02-28,801760.SI,0.2,0.0598598303209148,gbdt_tech12__trend
2019-02-28,801010.SI,0.2,0.17539736425201502,gbdt_tech12__trend
2019-03-31,801030.SI,0.2,-0.013960518351497808,gbdt_tech12__trend
2019-03-31,801010.SI,0.2,0.05821731145210007,gbdt_tech12__trend
2019-03-31,801770.SI,0.2,-0.022988954525755223,gbdt_tech12__trend
2019-03-31,801970.SI,0.2,-0.047820887646235155,gbdt_tech12__trend
2019-03-31,801170.SI,0.2,0.009729886726691728,gbdt_tech12__trend
2019-04-30,801760.SI,0.2,-0.09141746050886301,gbdt_tech12__trend
2019-04-30,801980.SI,0.2,-0.04751520417028676,gbdt_tech12__trend
2019-04-30,801230.SI,0.2,-0.06322075589932563,gbdt_tech12__trend
2019-04-30,801120.SI,0.2,-0.04343478450722671,gbdt_tech12__trend
2019-04-30,801890.SI,0.2,-0.05659755943081535,gbdt_tech12__trend
2019-05-31,801160.SI,0.2,0.021382775610256255,gbdt_tech12__trend
2019-05-31,801890.SI,0.2,0.019755981846338422,gbdt_tech12__trend
2019-05-31,801740.SI,0.2,-0.0006183682248349642,gbdt_tech12__trend
2019-05-31,801050.SI,0.2,0.01950525937991765,gbdt_tech12__trend
2019-05-31,801880.SI,0.2,0.008643506364519604,gbdt_tech12__trend
2019-06-30,801740.SI,0.2,0.04998430704389545,gbdt_tech12__trend
2019-06-30,801890.SI,0.2,-0.0039940308988763995,gbdt_tech12__trend
2019-06-30,801170.SI,0.2,-0.012024759015511144,gbdt_tech12__trend
2019-06-30,801230.SI,0.2,-0.032190339407358604,gbdt_tech12__trend
2019-06-30,801150.SI,0.2,-0.0014161928391985823,gbdt_tech12__trend
2019-07-31,801210.SI,0.2,0.019537522218624703,gbdt_tech12__trend
2019-07-31,801730.SI,0.2,-0.01401442661563379,gbdt_tech12__trend
2019-07-31,801170.SI,0.2,-0.032683299283930545,gbdt_tech12__trend
2019-07-31,801950.SI,0.2,-0.05140062249888844,gbdt_tech12__trend
2019-07-31,801750.SI,0.2,0.03136054586367942,gbdt_tech12__trend
2019-08-31,801170.SI,0.2,-0.007116769635116316,gbdt_tech12__trend
2019-08-31,801980.SI,0.2,0.005782885120844572,gbdt_tech12__trend
2019-08-31,801110.SI,0.2,0.0022028740714929995,gbdt_tech12__trend
2019-08-31,801730.SI,0.2,0.014206157245662876,gbdt_tech12__trend
2019-08-31,801740.SI,0.2,-0.06933927973404552,gbdt_tech12__trend
2019-09-30,801770.SI,0.2,-0.019283831554078423,gbdt_tech12__trend
2019-09-30,801010.SI,0.2,0.1259784115697462,gbdt_tech12__trend
2019-09-30,801980.SI,0.2,0.024409586663207472,gbdt_tech12__trend
2019-09-30,801200.SI,0.2,-0.008447629005474022,gbdt_tech12__trend
2019-09-30,801130.SI,0.2,-0.01708686756745248,gbdt_tech12__trend
2019-10-31,801770.SI,0.1,-0.042485584204872695,gbdt_tech12__trend
2019-10-31,801010.SI,0.1,-0.09573178866850485,gbdt_tech12__trend
2019-10-31,801170.SI,0.1,-0.026803855170617452,gbdt_tech12__trend
2019-10-31,801710.SI,0.1,0.0526033985373866,gbdt_tech12__trend
2019-10-31,801120.SI,0.1,-0.025714233303109513,gbdt_tech12__trend
2019-11-30,801160.SI,0.1,0.027418075082067617,gbdt_tech12__trend
2019-11-30,801040.SI,0.1,0.04951333051206097,gbdt_tech12__trend
2019-11-30,801230.SI,0.1,0.10169931788309983,gbdt_tech12__trend
2019-11-30,801950.SI,0.1,0.0581696900461548,gbdt_tech12__trend
2019-11-30,801010.SI,0.1,0.016831932721449228,gbdt_tech12__trend
2019-12-31,801980.SI,0.2,0.010263802618228679,gbdt_tech12__trend
2019-12-31,801950.SI,0.2,-0.05800599355971536,gbdt_tech12__trend
2019-12-31,801120.SI,0.2,-0.058685391683798604,gbdt_tech12__trend
2019-12-31,801230.SI,0.2,0.01975809303751208,gbdt_tech12__trend
2019-12-31,801210.SI,0.2,-0.0869680049517303,gbdt_tech12__trend
2020-01-31,801740.SI,0.2,0.008536711300815902,gbdt_tech12__trend
2020-01-31,801110.SI,0.2,-0.031509909224846755,gbdt_tech12__trend
2020-01-31,801010.SI,0.2,0.0824925367494238,gbdt_tech12__trend
2020-01-31,801980.SI,0.2,0.019710748440960435,gbdt_tech12__trend
2020-01-31,801770.SI,0.2,0.11077342634625098,gbdt_tech12__trend
2020-02-29,801010.SI,0.2,0.11299716074379207,gbdt_tech12__trend
2020-02-29,801210.SI,0.2,-0.09656332022499692,gbdt_tech12__trend
2020-02-29,801890.SI,0.2,-0.06749434702845691,gbdt_tech12__trend
2020-02-29,801120.SI,0.2,0.04261192478939657,gbdt_tech12__trend
2020-02-29,801110.SI,0.2,-0.10851708269266425,gbdt_tech12__trend
2020-03-31,801980.SI,0.1,0.09464844806169359,gbdt_tech12__trend
2020-03-31,801130.SI,0.1,-0.05234965352475052,gbdt_tech12__trend
2020-03-31,801170.SI,0.1,0.03922962260984586,gbdt_tech12__trend
2020-03-31,801140.SI,0.1,0.007117146596858692,gbdt_tech12__trend
2020-03-31,801710.SI,0.1,0.08592362240704676,gbdt_tech12__trend
2020-04-30,801080.SI,0.2,-0.015388531995796817,gbdt_tech12__trend
2020-04-30,801760.SI,0.2,0.023830538393645018,gbdt_tech12__trend
2020-04-30,801980.SI,0.2,0.16822384741776464,gbdt_tech12__trend
2020-04-30,801750.SI,0.2,-0.022566371681415953,gbdt_tech12__trend
2020-04-30,801150.SI,0.2,0.0502430319882643,gbdt_tech12__trend
2020-05-31,801150.SI,0.2,0.1687925741774423,gbdt_tech12__trend
2020-05-31,801880.SI,0.2,0.06460024747101967,gbdt_tech12__trend
2020-05-31,801200.SI,0.2,0.09071600262218671,gbdt_tech12__trend
2020-05-31,801770.SI,0.2,0.07804701564427452,gbdt_tech12__trend
2020-05-31,801760.SI,0.2,0.16563413208649913,gbdt_tech12__trend
2020-06-30,801010.SI,0.2,0.16230470667886343,gbdt_tech12__trend
2020-06-30,801120.SI,0.2,0.17286250878024578,gbdt_tech12__trend
2020-06-30,801200.SI,0.2,0.10887619169731888,gbdt_tech12__trend
2020-06-30,801750.SI,0.2,0.06444562834179934,gbdt_tech12__trend
2020-06-30,801160.SI,0.2,0.09197970737131334,gbdt_tech12__trend
2020-07-31,801150.SI,0.2,-0.027681337948046725,gbdt_tech12__trend
2020-07-31,801110.SI,0.2,0.006443010306458552,gbdt_tech12__trend
2020-07-31,801120.SI,0.2,0.12040826126159776,gbdt_tech12__trend
2020-07-31,801030.SI,0.2,0.040956327042188434,gbdt_tech12__trend
2020-07-31,801750.SI,0.2,-0.0026693271841901067,gbdt_tech12__trend
2020-08-31,801110.SI,0.2,-0.01830213278886128,gbdt_tech12__trend
2020-08-31,801200.SI,0.2,-0.08170594495198469,gbdt_tech12__trend
2020-08-31,801760.SI,0.2,-0.08069229549418933,gbdt_tech12__trend
2020-08-31,801750.SI,0.2,-0.08843452913312788,gbdt_tech12__trend
2020-08-31,801710.SI,0.2,-0.09273976765386516,gbdt_tech12__trend
2020-09-30,801150.SI,0.2,0.023375507098952086,gbdt_tech12__trend
2020-09-30,801120.SI,0.2,0.041639557579700615,gbdt_tech12__trend
2020-09-30,801230.SI,0.2,0.018965517241379404,gbdt_tech12__trend
2020-09-30,801010.SI,0.2,-0.04603405777997327,gbdt_tech12__trend
2020-09-30,801750.SI,0.2,-0.03027335410667098,gbdt_tech12__trend
2020-10-31,801710.SI,0.2,0.04800510398716118,gbdt_tech12__trend
2020-10-31,801890.SI,0.2,0.04821437395435524,gbdt_tech12__trend
2020-10-31,801160.SI,0.2,0.0368018680007578,gbdt_tech12__trend
2020-10-31,801770.SI,0.2,0.022990738649198095,gbdt_tech12__trend
2020-10-31,801140.SI,0.2,0.02506087311081795,gbdt_tech12__trend
2020-11-30,801210.SI,0.2,0.24981336215258687,gbdt_tech12__trend
2020-11-30,801080.SI,0.2,0.009391242799336563,gbdt_tech12__trend
2020-11-30,801040.SI,0.2,-0.006090491104151385,gbdt_tech12__trend
2020-11-30,801750.SI,0.2,-0.013178915275377179,gbdt_tech12__trend
2020-11-30,801200.SI,0.2,-0.07786912124919088,gbdt_tech12__trend
2020-12-31,801210.SI,0.2,0.01187183811129855,gbdt_tech12__trend
2020-12-31,801890.SI,0.2,0.013782063795728883,gbdt_tech12__trend
2020-12-31,801980.SI,0.2,0.05496550211270179,gbdt_tech12__trend
2020-12-31,801750.SI,0.2,-0.04784911106993428,gbdt_tech12__trend
2020-12-31,801080.SI,0.2,0.013811121976770924,gbdt_tech12__trend
2021-01-31,801770.SI,0.2,0.01359158883274647,gbdt_tech12__trend
2021-01-31,801110.SI,0.2,-0.015302750770905926,gbdt_tech12__trend
2021-01-31,801210.SI,0.2,0.0686050648832246,gbdt_tech12__trend
2021-01-31,801080.SI,0.2,-0.03406264192767472,gbdt_tech12__trend
2021-01-31,801150.SI,0.2,-0.016065881066194,gbdt_tech12__trend
2021-02-28,801770.SI,0.2,-0.057277950380929865,gbdt_tech12__trend
2021-02-28,801980.SI,0.2,-0.0045800504973686484,gbdt_tech12__trend
2021-02-28,801130.SI,0.2,0.05525268638140468,gbdt_tech12__trend
2021-02-28,801170.SI,0.2,-0.001447153930603129,gbdt_tech12__trend
2021-02-28,801880.SI,0.2,-0.059128589596250336,gbdt_tech12__trend
2021-03-31,801120.SI,0.2,0.05978878414696531,gbdt_tech12__trend
2021-03-31,801130.SI,0.2,0.011855124946704487,gbdt_tech12__trend
2021-03-31,801950.SI,0.2,0.05932698893535515,gbdt_tech12__trend
2021-03-31,801960.SI,0.2,-0.0007827304935321688,gbdt_tech12__trend
2021-03-31,801980.SI,0.2,0.22819569689790864,gbdt_tech12__trend
2021-04-30,801960.SI,0.2,0.0135138230376326,gbdt_tech12__trend
2021-04-30,801950.SI,0.2,0.038825662995768395,gbdt_tech12__trend
2021-04-30,801740.SI,0.2,0.13065184421917309,gbdt_tech12__trend
2021-04-30,801120.SI,0.2,0.09219313599121182,gbdt_tech12__trend
2021-04-30,801030.SI,0.2,0.06929651077070131,gbdt_tech12__trend
2021-05-31,801200.SI,0.2,-0.05021807311575033,gbdt_tech12__trend
2021-05-31,801750.SI,0.2,0.033611441711407286,gbdt_tech12__trend
2021-05-31,801150.SI,0.2,-0.002627913441259788,gbdt_tech12__trend
2021-05-31,801030.SI,0.2,0.05371075641519396,gbdt_tech12__trend
2021-05-31,801130.SI,0.2,0.01953931356348293,gbdt_tech12__trend
2021-06-30,801730.SI,0.2,0.10720279653671394,gbdt_tech12__trend
2021-06-30,801890.SI,0.2,0.020946387297758884,gbdt_tech12__trend
2021-06-30,801740.SI,0.2,0.033440865677707876,gbdt_tech12__trend
2021-06-30,801050.SI,0.2,0.27401585061339695,gbdt_tech12__trend
2021-06-30,801110.SI,0.2,-0.09187386294724087,gbdt_tech12__trend
2021-07-31,801980.SI,0.2,-0.0557364797589569,gbdt_tech12__trend
2021-07-31,801150.SI,0.2,-0.0862569458234187,gbdt_tech12__trend
2021-07-31,801890.SI,0.2,0.09086379044115378,gbdt_tech12__trend
2021-07-31,801140.SI,0.2,0.05128825733916309,gbdt_tech12__trend
2021-07-31,801040.SI,0.2,0.175641853457553,gbdt_tech12__trend
2021-08-31,801970.SI,0.2,0.025485470257787135,gbdt_tech12__trend
2021-08-31,801210.SI,0.2,0.07327774461357106,gbdt_tech12__trend
2021-08-31,801040.SI,0.2,-0.13403809035605752,gbdt_tech12__trend
2021-08-31,801160.SI,0.2,0.15892386143836812,gbdt_tech12__trend
2021-08-31,801030.SI,0.2,-0.03830865613425105,gbdt_tech12__trend
2021-09-30,801230.SI,0.2,0.014128978637652168,gbdt_tech12__trend
2021-09-30,801980.SI,0.2,0.04368213290285139,gbdt_tech12__trend
2021-09-30,801010.SI,0.2,0.026940761175877403,gbdt_tech12__trend
2021-09-30,801170.SI,0.2,-0.017215327413796055,gbdt_tech12__trend
2021-09-30,801050.SI,0.2,-0.006222573408023124,gbdt_tech12__trend
2021-10-31,801740.SI,0.2,0.12984384364010548,gbdt_tech12__trend
2021-10-31,801050.SI,0.2,0.08841935254862987,gbdt_tech12__trend
2021-10-31,801080.SI,0.2,0.08530447760597637,gbdt_tech12__trend
2021-10-31,801010.SI,0.2,0.003030110458936086,gbdt_tech12__trend
2021-10-31,801770.SI,0.2,0.11285046364435392,gbdt_tech12__trend
2021-11-30,801050.SI,0.2,-0.06215481550209623,gbdt_tech12__trend
2021-11-30,801710.SI,0.2,0.12821621532013294,gbdt_tech12__trend
2021-11-30,801230.SI,0.2,0.04968683635468274,gbdt_tech12__trend
2021-11-30,801750.SI,0.2,0.016287237329432713,gbdt_tech12__trend
2021-11-30,801150.SI,0.2,0.004729144200510849,gbdt_tech12__trend
2021-12-31,801760.SI,0.2,-0.14401347686745003,gbdt_tech12__trend
2021-12-31,801140.SI,0.2,-0.09641593939373105,gbdt_tech12__trend
2021-12-31,801050.SI,0.2,-0.10737522211905937,gbdt_tech12__trend
2021-12-31,801770.SI,0.2,-0.08238254186160776,gbdt_tech12__trend
2021-12-31,801210.SI,0.2,-0.07121774058425823,gbdt_tech12__trend
2022-01-31,801200.SI,0.1,4.506940688653316e-05,gbdt_tech12__trend
2022-01-31,801050.SI,0.1,0.17175770278114344,gbdt_tech12__trend
2022-01-31,801730.SI,0.1,0.02543255922114751,gbdt_tech12__trend
2022-01-31,801170.SI,0.1,0.02799470131836257,gbdt_tech12__trend
2022-01-31,801950.SI,0.1,0.1553258349045359,gbdt_tech12__trend
2022-02-28,801030.SI,0.1,-0.09326287709866932,gbdt_tech12__trend
2022-02-28,801960.SI,0.1,-0.11744173579481154,gbdt_tech12__trend
2022-02-28,801050.SI,0.1,-0.1261046206222447,gbdt_tech12__trend
2022-02-28,801180.SI,0.1,0.09523348070982984,gbdt_tech12__trend
2022-02-28,801770.SI,0.1,-0.08199090990952551,gbdt_tech12__trend
2022-03-31,801010.SI,0.1,-0.12757594032348318,gbdt_tech12__trend
2022-03-31,801140.SI,0.1,-0.13371952986899538,gbdt_tech12__trend
2022-03-31,801200.SI,0.1,-0.014237760754093665,gbdt_tech12__trend
2022-03-31,801120.SI,0.1,0.042877293532190386,gbdt_tech12__trend
2022-03-31,801760.SI,0.1,-0.13951921295126424,gbdt_tech12__trend
2022-04-30,801960.SI,0.1,0.13430194874318113,gbdt_tech12__trend
2022-04-30,801130.SI,0.1,0.07750662951898235,gbdt_tech12__trend
2022-04-30,801040.SI,0.1,0.038715071613794505,gbdt_tech12__trend
2022-04-30,801200.SI,0.1,0.029517118391316988,gbdt_tech12__trend
2022-04-30,801110.SI,0.1,0.016083010281997323,gbdt_tech12__trend
2022-05-31,801210.SI,0.1,0.11123127393647025,gbdt_tech12__trend
2022-05-31,801200.SI,0.1,0.10805695342482124,gbdt_tech12__trend
2022-05-31,801030.SI,0.1,0.08126292568592297,gbdt_tech12__trend
2022-05-31,801970.SI,0.1,0.021833013435700543,gbdt_tech12__trend
2022-05-31,801740.SI,0.1,0.08212110845022247,gbdt_tech12__trend
2022-06-30,801110.SI,0.2,-0.024522858714722595,gbdt_tech12__trend
2022-06-30,801750.SI,0.2,-0.010109154681153365,gbdt_tech12__trend
2022-06-30,801120.SI,0.2,-0.0968960160949317,gbdt_tech12__trend
2022-06-30,801150.SI,0.2,-0.07503973878915504,gbdt_tech12__trend
2022-06-30,801180.SI,0.2,-0.06252751690486813,gbdt_tech12__trend
2022-07-31,801230.SI,0.1,0.02403263267064948,gbdt_tech12__trend
2022-07-31,801160.SI,0.1,-0.004563591022443858,gbdt_tech12__trend
2022-07-31,801770.SI,0.1,-0.010254698806146822,gbdt_tech12__trend
2022-07-31,801110.SI,0.1,-0.0425863546894093,gbdt_tech12__trend
2022-07-31,801740.SI,0.1,-0.04284216989264655,gbdt_tech12__trend
2022-08-31,801230.SI,0.1,-0.05199042854035241,gbdt_tech12__trend
2022-08-31,801140.SI,0.1,-0.08053859521654716,gbdt_tech12__trend
2022-08-31,801710.SI,0.1,-0.09308005598895375,gbdt_tech12__trend
2022-08-31,801040.SI,0.1,-0.09026028031448319,gbdt_tech12__trend
2022-08-31,801010.SI,0.1,-0.10378327426082179,gbdt_tech12__trend
2022-09-30,801230.SI,0.1,0.010318314161255948,gbdt_tech12__trend
2022-09-30,801130.SI,0.1,-0.041817190375570745,gbdt_tech12__trend
2022-09-30,801950.SI,0.1,-0.1258223015053359,gbdt_tech12__trend
2022-09-30,801200.SI,0.1,-0.07072408817389186,gbdt_tech12__trend
2022-09-30,801970.SI,0.1,0.007001979830117966,gbdt_tech12__trend
2022-10-31,801980.SI,0.1,0.07317388130000801,gbdt_tech12__trend
2022-10-31,801730.SI,0.1,0.013443772498649809,gbdt_tech12__trend
2022-10-31,801880.SI,0.1,0.08037334372711769,gbdt_tech12__trend
2022-10-31,801230.SI,0.1,0.09823107367982087,gbdt_tech12__trend
2022-10-31,801150.SI,0.1,0.07365829186296624,gbdt_tech12__trend
2022-11-30,801960.SI,0.1,-0.05765373502990656,gbdt_tech12__trend
2022-11-30,801770.SI,0.1,-0.041289212234999595,gbdt_tech12__trend
2022-11-30,801760.SI,0.1,0.023297253236783,gbdt_tech12__trend
2022-11-30,801200.SI,0.1,0.035896509358964934,gbdt_tech12__trend
2022-11-30,801970.SI,0.1,-0.05071942832004628,gbdt_tech12__trend
2019-01-31,801760.SI,0.16397130739193774,0.25660517289329743,gbdt_tech12__vol_target
2019-01-31,801010.SI,0.16397130739193774,0.21977167902555883,gbdt_tech12__vol_target
2019-01-31,801960.SI,0.16397130739193774,0.12861591970811226,gbdt_tech12__vol_target
2019-01-31,801110.SI,0.16397130739193774,0.10322283560272227,gbdt_tech12__vol_target
2019-01-31,801030.SI,0.16397130739193774,0.1793120172773528,gbdt_tech12__vol_target
2019-02-28,801230.SI,0.08920042031173513,0.13963347161097683,gbdt_tech12__vol_target
2019-02-28,801110.SI,0.08920042031173513,0.07761313796578961,gbdt_tech12__vol_target
2019-02-28,801710.SI,0.08920042031173513,0.11337893177659675,gbdt_tech12__vol_target
2019-02-28,801760.SI,0.08920042031173513,0.0598598303209148,gbdt_tech12__vol_target
2019-02-28,801010.SI,0.08920042031173513,0.17539736425201502,gbdt_tech12__vol_target
2019-03-31,801030.SI,0.08534904231971954,-0.013960518351497808,gbdt_tech12__vol_target
2019-03-31,801010.SI,0.08534904231971954,0.05821731145210007,gbdt_tech12__vol_target
2019-03-31,801770.SI,0.08534904231971954,-0.022988954525755223,gbdt_tech12__vol_target
2019-03-31,801970.SI,0.08534904231971954,-0.047820887646235155,gbdt_tech12__vol_target
2019-03-31,801170.SI,0.08534904231971954,0.009729886726691728,gbdt_tech12__vol_target
2019-04-30,801760.SI,0.10275072955796258,-0.09141746050886301,gbdt_tech12__vol_target
2019-04-30,801980.SI,0.10275072955796258,-0.04751520417028676,gbdt_tech12__vol_target
2019-04-30,801230.SI,0.10275072955796258,-0.06322075589932563,gbdt_tech12__vol_target
2019-04-30,801120.SI,0.10275072955796258,-0.04343478450722671,gbdt_tech12__vol_target
2019-04-30,801890.SI,0.10275072955796258,-0.05659755943081535,gbdt_tech12__vol_target
2019-05-31,801160.SI,0.09125944612388598,0.021382775610256255,gbdt_tech12__vol_target
2019-05-31,801890.SI,0.09125944612388598,0.019755981846338422,gbdt_tech12__vol_target
2019-05-31,801740.SI,0.09125944612388598,-0.0006183682248349642,gbdt_tech12__vol_target
2019-05-31,801050.SI,0.09125944612388598,0.01950525937991765,gbdt_tech12__vol_target
2019-05-31,801880.SI,0.09125944612388598,0.008643506364519604,gbdt_tech12__vol_target
2019-06-30,801740.SI,0.09599882870375992,0.04998430704389545,gbdt_tech12__vol_target
2019-06-30,801890.SI,0.09599882870375992,-0.0039940308988763995,gbdt_tech12__vol_target
2019-06-30,801170.SI,0.09599882870375992,-0.012024759015511144,gbdt_tech12__vol_target
2019-06-30,801230.SI,0.09599882870375992,-0.032190339407358604,gbdt_tech12__vol_target
2019-06-30,801150.SI,0.09599882870375992,-0.0014161928391985823,gbdt_tech12__vol_target
2019-07-31,801210.SI,0.09430097816011039,0.019537522218624703,gbdt_tech12__vol_target
2019-07-31,801730.SI,0.09430097816011039,-0.01401442661563379,gbdt_tech12__vol_target
2019-07-31,801170.SI,0.09430097816011039,-0.032683299283930545,gbdt_tech12__vol_target
2019-07-31,801950.SI,0.09430097816011039,-0.05140062249888844,gbdt_tech12__vol_target
2019-07-31,801750.SI,0.09430097816011039,0.03136054586367942,gbdt_tech12__vol_target
2019-08-31,801170.SI,0.16744930226965357,-0.007116769635116316,gbdt_tech12__vol_target
2019-08-31,801980.SI,0.16744930226965357,0.005782885120844572,gbdt_tech12__vol_target
2019-08-31,801110.SI,0.16744930226965357,0.0022028740714929995,gbdt_tech12__vol_target
2019-08-31,801730.SI,0.16744930226965357,0.014206157245662876,gbdt_tech12__vol_target
2019-08-31,801740.SI,0.16744930226965357,-0.06933927973404552,gbdt_tech12__vol_target
2019-09-30,801770.SI,0.2,-0.019283831554078423,gbdt_tech12__vol_target
2019-09-30,801010.SI,0.2,0.1259784115697462,gbdt_tech12__vol_target
2019-09-30,801980.SI,0.2,0.024409586663207472,gbdt_tech12__vol_target
2019-09-30,801200.SI,0.2,-0.008447629005474022,gbdt_tech12__vol_target
2019-09-30,801130.SI,0.2,-0.01708686756745248,gbdt_tech12__vol_target
2019-10-31,801770.SI,0.2,-0.042485584204872695,gbdt_tech12__vol_target
2019-10-31,801010.SI,0.2,-0.09573178866850485,gbdt_tech12__vol_target
2019-10-31,801170.SI,0.2,-0.026803855170617452,gbdt_tech12__vol_target
2019-10-31,801710.SI,0.2,0.0526033985373866,gbdt_tech12__vol_target
2019-10-31,801120.SI,0.2,-0.025714233303109513,gbdt_tech12__vol_target
2019-11-30,801160.SI,0.2,0.027418075082067617,gbdt_tech12__vol_target
2019-11-30,801040.SI,0.2,0.04951333051206097,gbdt_tech12__vol_target
2019-11-30,801230.SI,0.2,0.10169931788309983,gbdt_tech12__vol_target
2019-11-30,801950.SI,0.2,0.0581696900461548,gbdt_tech12__vol_target
2019-11-30,801010.SI,0.2,0.016831932721449228,gbdt_tech12__vol_target
2019-12-31,801980.SI,0.2,0.010263802618228679,gbdt_tech12__vol_target
2019-12-31,801950.SI,0.2,-0.05800599355971536,gbdt_tech12__vol_target
2019-12-31,801120.SI,0.2,-0.058685391683798604,gbdt_tech12__vol_target
2019-12-31,801230.SI,0.2,0.01975809303751208,gbdt_tech12__vol_target
2019-12-31,801210.SI,0.2,-0.0869680049517303,gbdt_tech12__vol_target
2020-01-31,801740.SI,0.2,0.008536711300815902,gbdt_tech12__vol_target
2020-01-31,801110.SI,0.2,-0.031509909224846755,gbdt_tech12__vol_target
2020-01-31,801010.SI,0.2,0.0824925367494238,gbdt_tech12__vol_target
2020-01-31,801980.SI,0.2,0.019710748440960435,gbdt_tech12__vol_target
2020-01-31,801770.SI,0.2,0.11077342634625098,gbdt_tech12__vol_target
2020-02-29,801010.SI,0.2,0.11299716074379207,gbdt_tech12__vol_target
2020-02-29,801210.SI,0.2,-0.09656332022499692,gbdt_tech12__vol_target
2020-02-29,801890.SI,0.2,-0.06749434702845691,gbdt_tech12__vol_target
2020-02-29,801120.SI,0.2,0.04261192478939657,gbdt_tech12__vol_target
2020-02-29,801110.SI,0.2,-0.10851708269266425,gbdt_tech12__vol_target
2020-03-31,801980.SI,0.2,0.09464844806169359,gbdt_tech12__vol_target
2020-03-31,801130.SI,0.2,-0.05234965352475052,gbdt_tech12__vol_target
2020-03-31,801170.SI,0.2,0.03922962260984586,gbdt_tech12__vol_target
2020-03-31,801140.SI,0.2,0.007117146596858692,gbdt_tech12__vol_target
2020-03-31,801710.SI,0.2,0.08592362240704676,gbdt_tech12__vol_target
2020-04-30,801080.SI,0.19054858773006775,-0.015388531995796817,gbdt_tech12__vol_target
2020-04-30,801760.SI,0.19054858773006775,0.023830538393645018,gbdt_tech12__vol_target
2020-04-30,801980.SI,0.19054858773006775,0.16822384741776464,gbdt_tech12__vol_target
2020-04-30,801750.SI,0.19054858773006775,-0.022566371681415953,gbdt_tech12__vol_target
2020-04-30,801150.SI,0.19054858773006775,0.0502430319882643,gbdt_tech12__vol_target
2020-05-31,801150.SI,0.19761127371957907,0.1687925741774423,gbdt_tech12__vol_target
2020-05-31,801880.SI,0.19761127371957907,0.06460024747101967,gbdt_tech12__vol_target
2020-05-31,801200.SI,0.19761127371957907,0.09071600262218671,gbdt_tech12__vol_target
2020-05-31,801770.SI,0.19761127371957907,0.07804701564427452,gbdt_tech12__vol_target
2020-05-31,801760.SI,0.19761127371957907,0.16563413208649913,gbdt_tech12__vol_target
2020-06-30,801010.SI,0.2,0.16230470667886343,gbdt_tech12__vol_target
2020-06-30,801120.SI,0.2,0.17286250878024578,gbdt_tech12__vol_target
2020-06-30,801200.SI,0.2,0.10887619169731888,gbdt_tech12__vol_target
2020-06-30,801750.SI,0.2,0.06444562834179934,gbdt_tech12__vol_target
2020-06-30,801160.SI,0.2,0.09197970737131334,gbdt_tech12__vol_target
2020-07-31,801150.SI,0.13583295209328558,-0.027681337948046725,gbdt_tech12__vol_target
2020-07-31,801110.SI,0.13583295209328558,0.006443010306458552,gbdt_tech12__vol_target
2020-07-31,801120.SI,0.13583295209328558,0.12040826126159776,gbdt_tech12__vol_target
2020-07-31,801030.SI,0.13583295209328558,0.040956327042188434,gbdt_tech12__vol_target
2020-07-31,801750.SI,0.13583295209328558,-0.0026693271841901067,gbdt_tech12__vol_target
2020-08-31,801110.SI,0.1385403395584752,-0.01830213278886128,gbdt_tech12__vol_target
2020-08-31,801200.SI,0.1385403395584752,-0.08170594495198469,gbdt_tech12__vol_target
2020-08-31,801760.SI,0.1385403395584752,-0.08069229549418933,gbdt_tech12__vol_target
2020-08-31,801750.SI,0.1385403395584752,-0.08843452913312788,gbdt_tech12__vol_target
2020-08-31,801710.SI,0.1385403395584752,-0.09273976765386516,gbdt_tech12__vol_target
2020-09-30,801150.SI,0.12981340934077137,0.023375507098952086,gbdt_tech12__vol_target
2020-09-30,801120.SI,0.12981340934077137,0.041639557579700615,gbdt_tech12__vol_target
2020-09-30,801230.SI,0.12981340934077137,0.018965517241379404,gbdt_tech12__vol_target
2020-09-30,801010.SI,0.12981340934077137,-0.04603405777997327,gbdt_tech12__vol_target
2020-09-30,801750.SI,0.12981340934077137,-0.03027335410667098,gbdt_tech12__vol_target
2020-10-31,801710.SI,0.12802445908687174,0.04800510398716118,gbdt_tech12__vol_target
2020-10-31,801890.SI,0.12802445908687174,0.04821437395435524,gbdt_tech12__vol_target
2020-10-31,801160.SI,0.12802445908687174,0.0368018680007578,gbdt_tech12__vol_target
2020-10-31,801770.SI,0.12802445908687174,0.022990738649198095,gbdt_tech12__vol_target
2020-10-31,801140.SI,0.12802445908687174,0.02506087311081795,gbdt_tech12__vol_target
2020-11-30,801210.SI,0.12887963173552902,0.24981336215258687,gbdt_tech12__vol_target
2020-11-30,801080.SI,0.12887963173552902,0.009391242799336563,gbdt_tech12__vol_target
2020-11-30,801040.SI,0.12887963173552902,-0.006090491104151385,gbdt_tech12__vol_target
2020-11-30,801750.SI,0.12887963173552902,-0.013178915275377179,gbdt_tech12__vol_target
2020-11-30,801200.SI,0.12887963173552902,-0.07786912124919088,gbdt_tech12__vol_target
2020-12-31,801210.SI,0.13249745975100496,0.01187183811129855,gbdt_tech12__vol_target
2020-12-31,801890.SI,0.13249745975100496,0.013782063795728883,gbdt_tech12__vol_target
2020-12-31,801980.SI,0.13249745975100496,0.05496550211270179,gbdt_tech12__vol_target
2020-12-31,801750.SI,0.13249745975100496,-0.04784911106993428,gbdt_tech12__vol_target
2020-12-31,801080.SI,0.13249745975100496,0.013811121976770924,gbdt_tech12__vol_target
2021-01-31,801770.SI,0.2,0.01359158883274647,gbdt_tech12__vol_target
2021-01-31,801110.SI,0.2,-0.015302750770905926,gbdt_tech12__vol_target
2021-01-31,801210.SI,0.2,0.0686050648832246,gbdt_tech12__vol_target
2021-01-31,801080.SI,0.2,-0.03406264192767472,gbdt_tech12__vol_target
2021-01-31,801150.SI,0.2,-0.016065881066194,gbdt_tech12__vol_target
2021-02-28,801770.SI,0.2,-0.057277950380929865,gbdt_tech12__vol_target
2021-02-28,801980.SI,0.2,-0.0045800504973686484,gbdt_tech12__vol_target
2021-02-28,801130.SI,0.2,0.05525268638140468,gbdt_tech12__vol_target
2021-02-28,801170.SI,0.2,-0.001447153930603129,gbdt_tech12__vol_target
2021-02-28,801880.SI,0.2,-0.059128589596250336,gbdt_tech12__vol_target
2021-03-31,801120.SI,0.2,0.05978878414696531,gbdt_tech12__vol_target
2021-03-31,801130.SI,0.2,0.011855124946704487,gbdt_tech12__vol_target
2021-03-31,801950.SI,0.2,0.05932698893535515,gbdt_tech12__vol_target
2021-03-31,801960.SI,0.2,-0.0007827304935321688,gbdt_tech12__vol_target
2021-03-31,801980.SI,0.2,0.22819569689790864,gbdt_tech12__vol_target
2021-04-30,801960.SI,0.2,0.0135138230376326,gbdt_tech12__vol_target
2021-04-30,801950.SI,0.2,0.038825662995768395,gbdt_tech12__vol_target
2021-04-30,801740.SI,0.2,0.13065184421917309,gbdt_tech12__vol_target
2021-04-30,801120.SI,0.2,0.09219313599121182,gbdt_tech12__vol_target
2021-04-30,801030.SI,0.2,0.06929651077070131,gbdt_tech12__vol_target
2021-05-31,801200.SI,0.2,-0.05021807311575033,gbdt_tech12__vol_target
2021-05-31,801750.SI,0.2,0.033611441711407286,gbdt_tech12__vol_target
2021-05-31,801150.SI,0.2,-0.002627913441259788,gbdt_tech12__vol_target
2021-05-31,801030.SI,0.2,0.05371075641519396,gbdt_tech12__vol_target
2021-05-31,801130.SI,0.2,0.01953931356348293,gbdt_tech12__vol_target
2021-06-30,801730.SI,0.2,0.10720279653671394,gbdt_tech12__vol_target
2021-06-30,801890.SI,0.2,0.020946387297758884,gbdt_tech12__vol_target
2021-06-30,801740.SI,0.2,0.033440865677707876,gbdt_tech12__vol_target
2021-06-30,801050.SI,0.2,0.27401585061339695,gbdt_tech12__vol_target
2021-06-30,801110.SI,0.2,-0.09187386294724087,gbdt_tech12__vol_target
2021-07-31,801980.SI,0.2,-0.0557364797589569,gbdt_tech12__vol_target
2021-07-31,801150.SI,0.2,-0.0862569458234187,gbdt_tech12__vol_target
2021-07-31,801890.SI,0.2,0.09086379044115378,gbdt_tech12__vol_target
2021-07-31,801140.SI,0.2,0.05128825733916309,gbdt_tech12__vol_target
2021-07-31,801040.SI,0.2,0.175641853457553,gbdt_tech12__vol_target
2021-08-31,801970.SI,0.2,0.025485470257787135,gbdt_tech12__vol_target
2021-08-31,801210.SI,0.2,0.07327774461357106,gbdt_tech12__vol_target
2021-08-31,801040.SI,0.2,-0.13403809035605752,gbdt_tech12__vol_target
2021-08-31,801160.SI,0.2,0.15892386143836812,gbdt_tech12__vol_target
2021-08-31,801030.SI,0.2,-0.03830865613425105,gbdt_tech12__vol_target
2021-09-30,801230.SI,0.2,0.014128978637652168,gbdt_tech12__vol_target
2021-09-30,801980.SI,0.2,0.04368213290285139,gbdt_tech12__vol_target
2021-09-30,801010.SI,0.2,0.026940761175877403,gbdt_tech12__vol_target
2021-09-30,801170.SI,0.2,-0.017215327413796055,gbdt_tech12__vol_target
2021-09-30,801050.SI,0.2,-0.006222573408023124,gbdt_tech12__vol_target
2021-10-31,801740.SI,0.2,0.12984384364010548,gbdt_tech12__vol_target
2021-10-31,801050.SI,0.2,0.08841935254862987,gbdt_tech12__vol_target
2021-10-31,801080.SI,0.2,0.08530447760597637,gbdt_tech12__vol_target
2021-10-31,801010.SI,0.2,0.003030110458936086,gbdt_tech12__vol_target
2021-10-31,801770.SI,0.2,0.11285046364435392,gbdt_tech12__vol_target
2021-11-30,801050.SI,0.2,-0.06215481550209623,gbdt_tech12__vol_target
2021-11-30,801710.SI,0.2,0.12821621532013294,gbdt_tech12__vol_target
2021-11-30,801230.SI,0.2,0.04968683635468274,gbdt_tech12__vol_target
2021-11-30,801750.SI,0.2,0.016287237329432713,gbdt_tech12__vol_target
2021-11-30,801150.SI,0.2,0.004729144200510849,gbdt_tech12__vol_target
2021-12-31,801760.SI,0.2,-0.14401347686745003,gbdt_tech12__vol_target
2021-12-31,801140.SI,0.2,-0.09641593939373105,gbdt_tech12__vol_target
2021-12-31,801050.SI,0.2,-0.10737522211905937,gbdt_tech12__vol_target
2021-12-31,801770.SI,0.2,-0.08238254186160776,gbdt_tech12__vol_target
2021-12-31,801210.SI,0.2,-0.07121774058425823,gbdt_tech12__vol_target
2022-01-31,801200.SI,0.16781090124645964,4.506940688653316e-05,gbdt_tech12__vol_target
2022-01-31,801050.SI,0.16781090124645964,0.17175770278114344,gbdt_tech12__vol_target
2022-01-31,801730.SI,0.16781090124645964,0.02543255922114751,gbdt_tech12__vol_target
2022-01-31,801170.SI,0.16781090124645964,0.02799470131836257,gbdt_tech12__vol_target
2022-01-31,801950.SI,0.16781090124645964,0.1553258349045359,gbdt_tech12__vol_target
2022-02-28,801030.SI,0.17966022354069944,-0.09326287709866932,gbdt_tech12__vol_target
2022-02-28,801960.SI,0.17966022354069944,-0.11744173579481154,gbdt_tech12__vol_target
2022-02-28,801050.SI,0.17966022354069944,-0.1261046206222447,gbdt_tech12__vol_target
2022-02-28,801180.SI,0.17966022354069944,0.09523348070982984,gbdt_tech12__vol_target
2022-02-28,801770.SI,0.17966022354069944,-0.08199090990952551,gbdt_tech12__vol_target
2022-03-31,801010.SI,0.15797096127312993,-0.12757594032348318,gbdt_tech12__vol_target
2022-03-31,801140.SI,0.15797096127312993,-0.13371952986899538,gbdt_tech12__vol_target
2022-03-31,801200.SI,0.15797096127312993,-0.014237760754093665,gbdt_tech12__vol_target
2022-03-31,801120.SI,0.15797096127312993,0.042877293532190386,gbdt_tech12__vol_target
2022-03-31,801760.SI,0.15797096127312993,-0.13951921295126424,gbdt_tech12__vol_target
2022-04-30,801960.SI,0.1363209426279144,0.13430194874318113,gbdt_tech12__vol_target
2022-04-30,801130.SI,0.1363209426279144,0.07750662951898235,gbdt_tech12__vol_target
2022-04-30,801040.SI,0.1363209426279144,0.038715071613794505,gbdt_tech12__vol_target
2022-04-30,801200.SI,0.1363209426279144,0.029517118391316988,gbdt_tech12__vol_target
2022-04-30,801110.SI,0.1363209426279144,0.016083010281997323,gbdt_tech12__vol_target
2022-05-31,801210.SI,0.12103763990016927,0.11123127393647025,gbdt_tech12__vol_target
2022-05-31,801200.SI,0.12103763990016927,0.10805695342482124,gbdt_tech12__vol_target
2022-05-31,801030.SI,0.12103763990016927,0.08126292568592297,gbdt_tech12__vol_target
2022-05-31,801970.SI,0.12103763990016927,0.021833013435700543,gbdt_tech12__vol_target
2022-05-31,801740.SI,0.12103763990016927,0.08212110845022247,gbdt_tech12__vol_target
2022-06-30,801110.SI,0.1108739102235933,-0.024522858714722595,gbdt_tech12__vol_target
2022-06-30,801750.SI,0.1108739102235933,-0.010109154681153365,gbdt_tech12__vol_target
2022-06-30,801120.SI,0.1108739102235933,-0.0968960160949317,gbdt_tech12__vol_target
2022-06-30,801150.SI,0.1108739102235933,-0.07503973878915504,gbdt_tech12__vol_target
2022-06-30,801180.SI,0.1108739102235933,-0.06252751690486813,gbdt_tech12__vol_target
2022-07-31,801230.SI,0.12540285478190824,0.02403263267064948,gbdt_tech12__vol_target
2022-07-31,801160.SI,0.12540285478190824,-0.004563591022443858,gbdt_tech12__vol_target
2022-07-31,801770.SI,0.12540285478190824,-0.010254698806146822,gbdt_tech12__vol_target
2022-07-31,801110.SI,0.12540285478190824,-0.0425863546894093,gbdt_tech12__vol_target
2022-07-31,801740.SI,0.12540285478190824,-0.04284216989264655,gbdt_tech12__vol_target
2022-08-31,801230.SI,0.13030820012369454,-0.05199042854035241,gbdt_tech12__vol_target
2022-08-31,801140.SI,0.13030820012369454,-0.08053859521654716,gbdt_tech12__vol_target
2022-08-31,801710.SI,0.13030820012369454,-0.09308005598895375,gbdt_tech12__vol_target
2022-08-31,801040.SI,0.13030820012369454,-0.09026028031448319,gbdt_tech12__vol_target
2022-08-31,801010.SI,0.13030820012369454,-0.10378327426082179,gbdt_tech12__vol_target
2022-09-30,801230.SI,0.12778064919188917,0.010318314161255948,gbdt_tech12__vol_target
2022-09-30,801130.SI,0.12778064919188917,-0.041817190375570745,gbdt_tech12__vol_target
2022-09-30,801950.SI,0.12778064919188917,-0.1258223015053359,gbdt_tech12__vol_target
2022-09-30,801200.SI,0.12778064919188917,-0.07072408817389186,gbdt_tech12__vol_target
2022-09-30,801970.SI,0.12778064919188917,0.007001979830117966,gbdt_tech12__vol_target
2022-10-31,801980.SI,0.15018870660028677,0.07317388130000801,gbdt_tech12__vol_target
2022-10-31,801730.SI,0.15018870660028677,0.013443772498649809,gbdt_tech12__vol_target
2022-10-31,801880.SI,0.15018870660028677,0.08037334372711769,gbdt_tech12__vol_target
2022-10-31,801230.SI,0.15018870660028677,0.09823107367982087,gbdt_tech12__vol_target
2022-10-31,801150.SI,0.15018870660028677,0.07365829186296624,gbdt_tech12__vol_target
2022-11-30,801960.SI,0.13336772671962496,-0.05765373502990656,gbdt_tech12__vol_target
2022-11-30,801770.SI,0.13336772671962496,-0.041289212234999595,gbdt_tech12__vol_target
2022-11-30,801760.SI,0.13336772671962496,0.023297253236783,gbdt_tech12__vol_target
2022-11-30,801200.SI,0.13336772671962496,0.035896509358964934,gbdt_tech12__vol_target
2022-11-30,801970.SI,0.13336772671962496,-0.05071942832004628,gbdt_tech12__vol_target
2019-01-31,801960.SI,0.2,0.12861591970811226,blend_ridge_gbdt
2019-01-31,801030.SI,0.2,0.1793120172773528,blend_ridge_gbdt
2019-01-31,801880.SI,0.2,0.15702613176297398,blend_ridge_gbdt
2019-01-31,801720.SI,0.2,0.14399025536834986,blend_ridge_gbdt
2019-01-31,801890.SI,0.2,0.19204658727244106,blend_ridge_gbdt
2019-02-28,801030.SI,0.2,0.09610422866365864,blend_ridge_gbdt
2019-02-28,801890.SI,0.2,0.09378740933737073,blend_ridge_gbdt
2019-02-28,801880.SI,0.2,0.03894848010586438,blend_ridge_gbdt
2019-02-28,801180.SI,0.2,0.11857409882425873,blend_ridge_gbdt
2019-02-28,801740.SI,0.2,0.10793159048499001,blend_ridge_gbdt
2019-03-31,801180.SI,0.2,-0.03965245925768801,blend_ridge_gbdt
2019-03-31,801890.SI,0.2,-0.04706147445337716,blend_ridge_gbdt
2019-03-31,801730.SI,0.2,-0.05081937950070958,blend_ridge_gbdt
2019-03-31,801030.SI,0.2,-0.013960518351497808,blend_ridge_gbdt
2019-03-31,801140.SI,0.2,-0.06697343551872914,blend_ridge_gbdt
2019-04-30,801890.SI,0.2,-0.05659755943081535,blend_ridge_gbdt
2019-04-30,801740.SI,0.2,-0.01566690190543396,blend_ridge_gbdt
2019-04-30,801010.SI,0.2,-0.017263242757527997,blend_ridge_gbdt
2019-04-30,801140.SI,0.2,-0.07448608914910892,blend_ridge_gbdt
2019-04-30,801180.SI,0.2,-0.07454188924200422,blend_ridge_gbdt
2019-05-31,801740.SI,0.2,-0.0006183682248349642,blend_ridge_gbdt
2019-05-31,801180.SI,0.2,0.009033166259942771,blend_ridge_gbdt
2019-05-31,801140.SI,0.2,-0.005337987911027353,blend_ridge_gbdt
2019-05-31,801890.SI,0.2,0.019755981846338422,blend_ridge_gbdt
2019-05-31,801730.SI,0.2,-0.013667803214807539,blend_ridge_gbdt
2019-06-30,801890.SI,0.2,-0.0039940308988763995,blend_ridge_gbdt
2019-06-30,801180.SI,0.2,-0.015008194406563202,blend_ridge_gbdt
2019-06-30,801740.SI,0.2,0.04998430704389545,blend_ridge_gbdt
2019-06-30,801720.SI,0.2,-0.025825577263055566,blend_ridge_gbdt
2019-06-30,801730.SI,0.2,0.0064001896352485765,blend_ridge_gbdt
2019-07-31,801230.SI,0.2,-0.01153701480386049,blend_ridge_gbdt
2019-07-31,801180.SI,0.2,-0.06717407232245898,blend_ridge_gbdt
2019-07-31,801140.SI,0.2,-0.015841886520558623,blend_ridge_gbdt
2019-07-31,801750.SI,0.2,0.03136054586367942,blend_ridge_gbdt
2019-07-31,801730.SI,0.2,-0.01401442661563379,blend_ridge_gbdt
2019-08-31,801140.SI,0.2,0.0008581776573204358,blend_ridge_gbdt
2019-08-31,801180.SI,0.2,0.012871838518845324,blend_ridge_gbdt
2019-08-31,801200.SI,0.2,-0.011992331227763109,blend_ridge_gbdt
2019-08-31,801980.SI,0.2,0.005782885120844572,blend_ridge_gbdt
2019-08-31,801230.SI,0.2,0.0025386796780517695,blend_ridge_gbdt
2019-09-30,801880.SI,0.2,-0.014550705320448665,blend_ridge_gbdt
2019-09-30,801950.SI,0.2,-0.028048918724888794,blend_ridge_gbdt
2019-09-30,801010.SI,0.2,0.1259784115697462,blend_ridge_gbdt
2019-09-30,801110.SI,0.2,0.04803849207927646,blend_ridge_gbdt
2019-09-30,801180.SI,0.2,0.020117953399589217,blend_ridge_gbdt
2019-10-31,801880.SI,0.2,0.01843440036068511,blend_ridge_gbdt
2019-10-31,801210.SI,0.2,-0.044744089739466086,blend_ridge_gbdt
2019-10-31,801010.SI,0.2,-0.09573178866850485,blend_ridge_gbdt
2019-10-31,801200.SI,0.2,-0.04072784113288641,blend_ridge_gbdt
2019-10-31,801740.SI,0.2,-0.01736677636127315,blend_ridge_gbdt
2019-11-30,801210.SI,0.2,0.08231749555872403,blend_ridge_gbdt
2019-11-30,801740.SI,0.2,0.05666094428653179,blend_ridge_gbdt
2019-11-30,801120.SI,0.2,0.04601040115873256,blend_ridge_gbdt
2019-11-30,801710.SI,0.2,0.14377078351474704,blend_ridge_gbdt
2019-11-30,801010.SI,0.2,0.016831932721449228,blend_ridge_gbdt
2019-12-31,801010.SI,0.2,-0.04006529427768202,blend_ridge_gbdt
2019-12-31,801120.SI,0.2,-0.058685391683798604,blend_ridge_gbdt
2019-12-31,801180.SI,0.2,-0.06589924772441891,blend_ridge_gbdt
2019-12-31,801980.SI,0.2,0.010263802618228679,blend_ridge_gbdt
2019-12-31,801740.SI,0.2,0.0316497838226546,blend_ridge_gbdt
2020-01-31,801120.SI,0.2,-0.02401867952580017,blend_ridge_gbdt
2020-01-31,801740.SI,0.2,0.008536711300815902,blend_ridge_gbdt
2020-01-31,801710.SI,0.2,0.07158773483208791,blend_ridge_gbdt
2020-01-31,801010.SI,0.2,0.0824925367494238,blend_ridge_gbdt
2020-01-31,801180.SI,0.2,-0.019329334447368063,blend_ridge_gbdt
2020-02-29,801750.SI,0.2,-0.12811190368838843,blend_ridge_gbdt
2020-02-29,801080.SI,0.2,-0.20437596938310032,blend_ridge_gbdt
2020-02-29,801730.SI,0.2,-0.0805549124025623,blend_ridge_gbdt
2020-02-29,801010.SI,0.2,0.11299716074379207,blend_ridge_gbdt
2020-02-29,801740.SI,0.2,-0.08440561111300737,blend_ridge_gbdt
2020-03-31,801080.SI,0.2,0.11424079377389651,blend_ridge_gbdt
2020-03-31,801750.SI,0.2,0.0755829525273295,blend_ridge_gbdt
2020-03-31,801110.SI,0.2,0.07653987238512605,blend_ridge_gbdt
2020-03-31,801760.SI,0.2,0.05558450581900298,blend_ridge_gbdt
2020-03-31,801010.SI,0.2,-0.00315738574733071,blend_ridge_gbdt
2020-04-30,801080.SI,0.2,-0.015388531995796817,blend_ridge_gbdt
2020-04-30,801760.SI,0.2,0.023830538393645018,blend_ridge_gbdt
2020-04-30,801050.SI,0.2,0.041198613655271776,blend_ridge_gbdt
2020-04-30,801880.SI,0.2,-0.001995856634124493,blend_ridge_gbdt
2020-04-30,801710.SI,0.2,-0.016152427675268255,blend_ridge_gbdt
2020-05-31,801080.SI,0.2,0.19160564867942598,blend_ridge_gbdt
2020-05-31,801750.SI,0.2,0.1145726161570435,blend_ridge_gbdt
2020-05-31,801770.SI,0.2,0.07804701564427452,blend_ridge_gbdt
2020-05-31,801230.SI,0.2,0.06933796929767033,blend_ridge_gbdt
2020-05-31,801760.SI,0.2,0.16563413208649913,blend_ridge_gbdt
2020-06-30,801230.SI,0.2,0.12005205936871421,blend_ridge_gbdt
2020-06-30,801880.SI,0.2,0.1421973568506505,blend_ridge_gbdt
2020-06-30,801120.SI,0.2,0.17286250878024578,blend_ridge_gbdt
2020-06-30,801050.SI,0.2,0.20294950311005522,blend_ridge_gbdt
2020-06-30,801730.SI,0.2,0.2115806218365872,blend_ridge_gbdt
2020-07-31,801760.SI,0.2,0.02995870178958926,blend_ridge_gbdt
2020-07-31,801230.SI,0.2,0.02199556332820829,blend_ridge_gbdt
2020-07-31,801150.SI,0.2,-0.027681337948046725,blend_ridge_gbdt
2020-07-31,801120.SI,0.2,0.12040826126159776,blend_ridge_gbdt
2020-07-31,801880.SI,0.2,0.04960903678446149,blend_ridge_gbdt
2020-08-31,801890.SI,0.2,-0.04145865137324478,blend_ridge_gbdt
2020-08-31,801120.SI,0.2,-0.09181520053461079,blend_ridge_gbdt
2020-08-31,801030.SI,0.2,-0.060199486233813215,blend_ridge_gbdt
2020-08-31,801230.SI,0.2,-0.1074156167813215,blend_ridge_gbdt
2020-08-31,801880.SI,0.2,0.011246824207247652,blend_ridge_gbdt
2020-09-30,801230.SI,0.2,0.018965517241379404,blend_ridge_gbdt
2020-09-30,801980.SI,0.2,0.05672748369372793,blend_ridge_gbdt
2020-09-30,801120.SI,0.2,0.041639557579700615,blend_ridge_gbdt
2020-09-30,801200.SI,0.2,-0.018752126209000464,blend_ridge_gbdt
2020-09-30,801760.SI,0.2,-0.028560163623370438,blend_ridge_gbdt
2020-10-31,801210.SI,0.2,0.015808833012623813,blend_ridge_gbdt
2020-10-31,801150.SI,0.2,-0.0663055883876954,blend_ridge_gbdt
2020-10-31,801200.SI,0.2,-0.011522666223198086,blend_ridge_gbdt
2020-10-31,801050.SI,0.2,0.20511651295056832,blend_ridge_gbdt
2020-10-31,801730.SI,0.2,0.01567640880786869,blend_ridge_gbdt
2020-11-30,801210.SI,0.2,0.24981336215258687,blend_ridge_gbdt
2020-11-30,801150.SI,0.2,0.09518135546650774,blend_ridge_gbdt
2020-11-30,801120.SI,0.2,0.17986788868336068,blend_ridge_gbdt
2020-11-30,801050.SI,0.2,0.06110876421849776,blend_ridge_gbdt
2020-11-30,801730.SI,0.2,0.19937051313788579,blend_ridge_gbdt
2020-12-31,801210.SI,0.2,0.01187183811129855,blend_ridge_gbdt
2020-12-31,801030.SI,0.2,0.06650023567067498,blend_ridge_gbdt
2020-12-31,801230.SI,0.2,-0.0397298785371063,blend_ridge_gbdt
2020-12-31,801010.SI,0.2,0.003194398303135726,blend_ridge_gbdt
2020-12-31,801050.SI,0.2,0.03914447331913484,blend_ridge_gbdt
2021-01-31,801030.SI,0.2,0.04289755719031918,blend_ridge_gbdt
2021-01-31,801010.SI,0.2,0.08307774607703267,blend_ridge_gbdt
2021-01-31,801880.SI,0.2,-0.051590176033238455,blend_ridge_gbdt
2021-01-31,801740.SI,0.2,-0.015702350032856582,blend_ridge_gbdt
2021-01-31,801230.SI,0.2,0.0019676916327495686,blend_ridge_gbdt
2021-02-28,801030.SI,0.2,-0.06490127575281246,blend_ridge_gbdt
2021-02-28,801880.SI,0.2,-0.059128589596250336,blend_ridge_gbdt
2021-02-28,801050.SI,0.2,-0.10210012382181999,blend_ridge_gbdt
2021-02-28,801010.SI,0.2,-0.07562803846904664,blend_ridge_gbdt
2021-02-28,801980.SI,0.2,-0.0045800504973686484,blend_ridge_gbdt
2021-03-31,801210.SI,0.2,0.013222545914387762,blend_ridge_gbdt
2021-03-31,801030.SI,0.2,0.03648138779983978,blend_ridge_gbdt
2021-03-31,801050.SI,0.2,0.09013414732895408,blend_ridge_gbdt
2021-03-31,801730.SI,0.2,0.06870495088946704,blend_ridge_gbdt
2021-03-31,801040.SI,0.2,0.08850467217486058,blend_ridge_gbdt
2021-04-30,801040.SI,0.2,-0.008843745118366275,blend_ridge_gbdt
2021-04-30,801950.SI,0.2,0.038825662995768395,blend_ridge_gbdt
2021-04-30,801210.SI,0.2,0.033481929687072975,blend_ridge_gbdt
2021-04-30,801030.SI,0.2,0.06929651077070131,blend_ridge_gbdt
2021-04-30,801140.SI,0.2,0.008379917973222462,blend_ridge_gbdt
2021-05-31,801030.SI,0.2,0.05371075641519396,blend_ridge_gbdt
2021-05-31,801210.SI,0.2,-0.08669822587050569,blend_ridge_gbdt
2021-05-31,801950.SI,0.2,0.02530601504900787,blend_ridge_gbdt
2021-05-31,801050.SI,0.2,-0.0438692827825885,blend_ridge_gbdt
2021-05-31,801130.SI,0.2,0.01953931356348293,blend_ridge_gbdt
2021-06-30,801030.SI,0.2,0.05127979514253167,blend_ridge_gbdt
2021-06-30,801050.SI,0.2,0.27401585061339695,blend_ridge_gbdt
2021-06-30,801960.SI,0.2,0.015531624318235293,blend_ridge_gbdt
2021-06-30,801950.SI,0.2,0.01661221387608447,blend_ridge_gbdt
2021-06-30,801210.SI,0.2,-0.19737708969719914,blend_ridge_gbdt
2021-07-31,801030.SI,0.2,0.12462121537286142,blend_ridge_gbdt
2021-07-31,801950.SI,0.2,0.27566168903042887,blend_ridge_gbdt
2021-07-31,801730.SI,0.2,0.053703526869399054,blend_ridge_gbdt
2021-07-31,801050.SI,0.2,0.1799989092421279,blend_ridge_gbdt
2021-07-31,801230.SI,0.2,0.10550428282887858,blend_ridge_gbdt
2021-08-31,801730.SI,0.2,-0.03014095661083649,blend_ridge_gbdt
2021-08-31,801030.SI,0.2,-0.03830865613425105,blend_ridge_gbdt
2021-08-31,801230.SI,0.2,-0.12149055981009582,blend_ridge_gbdt
2021-08-31,801050.SI,0.2,-0.18111045955728355,blend_ridge_gbdt
2021-08-31,801710.SI,0.2,-0.07817685247587869,blend_ridge_gbdt
2021-09-30,801960.SI,0.2,-0.09147730679297317,blend_ridge_gbdt
2021-09-30,801230.SI,0.2,0.014128978637652168,blend_ridge_gbdt
2021-09-30,801730.SI,0.2,0.11700718983573899,blend_ridge_gbdt
2021-09-30,801970.SI,0.2,-0.09125842254830119,blend_ridge_gbdt
2021-09-30,801170.SI,0.2,-0.017215327413796055,blend_ridge_gbdt
2021-10-31,801730.SI,0.2,0.03347142223022748,blend_ridge_gbdt
2021-10-31,801080.SI,0.2,0.08530447760597637,blend_ridge_gbdt
2021-10-31,801880.SI,0.2,0.05222065826120814,blend_ridge_gbdt
2021-10-31,801210.SI,0.2,-0.1661897748428235,blend_ridge_gbdt
2021-10-31,801230.SI,0.2,-0.027302936861958393,blend_ridge_gbdt
2021-11-30,801880.SI,0.2,-0.04797536338719266,blend_ridge_gbdt
2021-11-30,801050.SI,0.2,-0.06215481550209623,blend_ridge_gbdt
2021-11-30,801730.SI,0.2,-0.08579218674913602,blend_ridge_gbdt
2021-11-30,801950.SI,0.2,0.07674081756732587,blend_ridge_gbdt
2021-11-30,801080.SI,0.2,0.011380518364018322,blend_ridge_gbdt
2021-12-31,801950.SI,0.2,-0.042096041585358734,blend_ridge_gbdt
2021-12-31,801050.SI,0.2,-0.10737522211905937,blend_ridge_gbdt
2021-12-31,801730.SI,0.2,-0.1081864931198937,blend_ridge_gbdt
2021-12-31,801040.SI,0.2,-0.07358927767682988,blend_ridge_gbdt
2021-12-31,801960.SI,0.2,-0.04840854539690642,blend_ridge_gbdt
2022-01-31,801950.SI,0.2,0.1553258349045359,blend_ridge_gbdt
2022-01-31,801040.SI,0.2,0.07910013207947797,blend_ridge_gbdt
2022-01-31,801730.SI,0.2,0.02543255922114751,blend_ridge_gbdt
2022-01-31,801970.SI,0.2,0.0770485912141492,blend_ridge_gbdt
2022-01-31,801230.SI,0.2,0.08543287613155481,blend_ridge_gbdt
2022-02-28,801730.SI,0.2,-0.1009533445559927,blend_ridge_gbdt
2022-02-28,801120.SI,0.2,-0.10261061880532174,blend_ridge_gbdt
2022-02-28,801080.SI,0.2,-0.14973257590857747,blend_ridge_gbdt
2022-02-28,801150.SI,0.2,0.00870543627980136,blend_ridge_gbdt
2022-02-28,801040.SI,0.2,-0.1010232055549255,blend_ridge_gbdt
2022-03-31,801730.SI,0.2,-0.15533573676592138,blend_ridge_gbdt
2022-03-31,801080.SI,0.2,-0.1390666054561971,blend_ridge_gbdt
2022-03-31,801950.SI,0.2,-0.0387937309764117,blend_ridge_gbdt
2022-03-31,801880.SI,0.2,-0.09136843466470412,blend_ridge_gbdt
2022-03-31,801760.SI,0.2,-0.13951921295126424,blend_ridge_gbdt
2022-04-30,801950.SI,0.2,0.09727050817368155,blend_ridge_gbdt
2022-04-30,801720.SI,0.2,0.016563464613782664,blend_ridge_gbdt
2022-04-30,801050.SI,0.2,0.07982793439460556,blend_ridge_gbdt
2022-04-30,801770.SI,0.2,0.06084310401657489,blend_ridge_gbdt
2022-04-30,801890.SI,0.2,0.10414815660126675,blend_ridge_gbdt
2022-05-31,801890.SI,0.2,0.1043201582778428,blend_ridge_gbdt
2022-05-31,801950.SI,0.2,0.015829144115513172,blend_ridge_gbdt
2022-05-31,801050.SI,0.2,0.1196406354675088,blend_ridge_gbdt
2022-05-31,801030.SI,0.2,0.08126292568592297,blend_ridge_gbdt
2022-05-31,801160.SI,0.2,0.006086737091244299,blend_ridge_gbdt
2022-06-30,801050.SI,0.2,-0.016247653848756483,blend_ridge_gbdt
2022-06-30,801970.SI,0.2,0.053251937074430655,blend_ridge_gbdt
2022-06-30,801160.SI,0.2,0.04046392755672601,blend_ridge_gbdt
2022-06-30,801230.SI,0.2,0.01855323454145097,blend_ridge_gbdt
2022-06-30,801200.SI,0.2,-0.07050567192137813,blend_ridge_gbdt
2022-07-31,801010.SI,0.2,0.00520315585094866,blend_ridge_gbdt
2022-07-31,801160.SI,0.2,-0.004563591022443858,blend_ridge_gbdt
2022-07-31,801970.SI,0.2,-0.060363319313785135,blend_ridge_gbdt
2022-07-31,801880.SI,0.2,-0.11849927671735527,blend_ridge_gbdt
2022-07-31,801950.SI,0.2,0.07851913380448483,blend_ridge_gbdt
2022-08-31,801010.SI,0.2,-0.10378327426082179,blend_ridge_gbdt
2022-08-31,801950.SI,0.2,0.016902224244873754,blend_ridge_gbdt
2022-08-31,801170.SI,0.2,-0.026708871588673078,blend_ridge_gbdt
2022-08-31,801770.SI,0.2,-0.0826014764860653,blend_ridge_gbdt
2022-08-31,801140.SI,0.2,-0.08053859521654716,blend_ridge_gbdt
2022-09-30,801230.SI,0.2,0.010318314161255948,blend_ridge_gbdt
2022-09-30,801740.SI,0.2,0.1163035096458962,blend_ridge_gbdt
2022-09-30,801880.SI,0.2,-0.015063249621694919,blend_ridge_gbdt
2022-09-30,801770.SI,0.2,0.05543334799824029,blend_ridge_gbdt
2022-09-30,801950.SI,0.2,-0.1258223015053359,blend_ridge_gbdt
2022-10-31,801230.SI,0.2,0.09823107367982087,blend_ridge_gbdt
2022-10-31,801770.SI,0.2,0.011734847325626241,blend_ridge_gbdt
2022-10-31,801880.SI,0.2,0.08037334372711769,blend_ridge_gbdt
2022-10-31,801970.SI,0.2,0.07469312684858997,blend_ridge_gbdt
2022-10-31,801010.SI,0.2,0.05329956645665068,blend_ridge_gbdt
2022-11-30,801950.SI,0.2,-0.10878577360365793,blend_ridge_gbdt
2022-11-30,801140.SI,0.2,0.0087773696512905,blend_ridge_gbdt
2022-11-30,801010.SI,0.2,0.01431843510063846,blend_ridge_gbdt
2022-11-30,801230.SI,0.2,0.022748538804735485,blend_ridge_gbdt
2022-11-30,801770.SI,0.2,-0.041289212234999595,blend_ridge_gbdt
2019-01-31,801960.SI,0.1,0.12861591970811226,blend_ridge_gbdt__trend
2019-01-31,801030.SI,0.1,0.1793120172773528,blend_ridge_gbdt__trend
2019-01-31,801880.SI,0.1,0.15702613176297398,blend_ridge_gbdt__trend
2019-01-31,801720.SI,0.1,0.14399025536834986,blend_ridge_gbdt__trend
2019-01-31,801890.SI,0.1,0.19204658727244106,blend_ridge_gbdt__trend
2019-02-28,801030.SI,0.2,0.09610422866365864,blend_ridge_gbdt__trend
2019-02-28,801890.SI,0.2,0.09378740933737073,blend_ridge_gbdt__trend
2019-02-28,801880.SI,0.2,0.03894848010586438,blend_ridge_gbdt__trend
2019-02-28,801180.SI,0.2,0.11857409882425873,blend_ridge_gbdt__trend
2019-02-28,801740.SI,0.2,0.10793159048499001,blend_ridge_gbdt__trend
2019-03-31,801180.SI,0.2,-0.03965245925768801,blend_ridge_gbdt__trend
2019-03-31,801890.SI,0.2,-0.04706147445337716,blend_ridge_gbdt__trend
2019-03-31,801730.SI,0.2,-0.05081937950070958,blend_ridge_gbdt__trend
2019-03-31,801030.SI,0.2,-0.013960518351497808,blend_ridge_gbdt__trend
2019-03-31,801140.SI,0.2,-0.06697343551872914,blend_ridge_gbdt__trend
2019-04-30,801890.SI,0.2,-0.05659755943081535,blend_ridge_gbdt__trend
2019-04-30,801740.SI,0.2,-0.01566690190543396,blend_ridge_gbdt__trend
2019-04-30,801010.SI,0.2,-0.017263242757527997,blend_ridge_gbdt__trend
2019-04-30,801140.SI,0.2,-0.07448608914910892,blend_ridge_gbdt__trend
2019-04-30,801180.SI,0.2,-0.07454188924200422,blend_ridge_gbdt__trend
2019-05-31,801740.SI,0.2,-0.0006183682248349642,blend_ridge_gbdt__trend
2019-05-31,801180.SI,0.2,0.009033166259942771,blend_ridge_gbdt__trend
2019-05-31,801140.SI,0.2,-0.005337987911027353,blend_ridge_gbdt__trend
2019-05-31,801890.SI,0.2,0.019755981846338422,blend_ridge_gbdt__trend
2019-05-31,801730.SI,0.2,-0.013667803214807539,blend_ridge_gbdt__trend
2019-06-30,801890.SI,0.2,-0.0039940308988763995,blend_ridge_gbdt__trend
2019-06-30,801180.SI,0.2,-0.015008194406563202,blend_ridge_gbdt__trend
2019-06-30,801740.SI,0.2,0.04998430704389545,blend_ridge_gbdt__trend
2019-06-30,801720.SI,0.2,-0.025825577263055566,blend_ridge_gbdt__trend
2019-06-30,801730.SI,0.2,0.0064001896352485765,blend_ridge_gbdt__trend
2019-07-31,801230.SI,0.2,-0.01153701480386049,blend_ridge_gbdt__trend
2019-07-31,801180.SI,0.2,-0.06717407232245898,blend_ridge_gbdt__trend
2019-07-31,801140.SI,0.2,-0.015841886520558623,blend_ridge_gbdt__trend
2019-07-31,801750.SI,0.2,0.03136054586367942,blend_ridge_gbdt__trend
2019-07-31,801730.SI,0.2,-0.01401442661563379,blend_ridge_gbdt__trend
2019-08-31,801140.SI,0.2,0.0008581776573204358,blend_ridge_gbdt__trend
2019-08-31,801180.SI,0.2,0.012871838518845324,blend_ridge_gbdt__trend
2019-08-31,801200.SI,0.2,-0.011992331227763109,blend_ridge_gbdt__trend
2019-08-31,801980.SI,0.2,0.005782885120844572,blend_ridge_gbdt__trend
2019-08-31,801230.SI,0.2,0.0025386796780517695,blend_ridge_gbdt__trend
2019-09-30,801880.SI,0.2,-0.014550705320448665,blend_ridge_gbdt__trend
2019-09-30,801950.SI,0.2,-0.028048918724888794,blend_ridge_gbdt__trend
2019-09-30,801010.SI,0.2,0.1259784115697462,blend_ridge_gbdt__trend
2019-09-30,801110.SI,0.2,0.04803849207927646,blend_ridge_gbdt__trend
2019-09-30,801180.SI,0.2,0.020117953399589217,blend_ridge_gbdt__trend
2019-10-31,801880.SI,0.1,0.01843440036068511,blend_ridge_gbdt__trend
2019-10-31,801210.SI,0.1,-0.044744089739466086,blend_ridge_gbdt__trend
2019-10-31,801010.SI,0.1,-0.09573178866850485,blend_ridge_gbdt__trend
2019-10-31,801200.SI,0.1,-0.04072784113288641,blend_ridge_gbdt__trend
2019-10-31,801740.SI,0.1,-0.01736677636127315,blend_ridge_gbdt__trend
2019-11-30,801210.SI,0.1,0.08231749555872403,blend_ridge_gbdt__trend
2019-11-30,801740.SI,0.1,0.05666094428653179,blend_ridge_gbdt__trend
2019-11-30,801120.SI,0.1,0.04601040115873256,blend_ridge_gbdt__trend
2019-11-30,801710.SI,0.1,0.14377078351474704,blend_ridge_gbdt__trend
2019-11-30,801010.SI,0.1,0.016831932721449228,blend_ridge_gbdt__trend
2019-12-31,801010.SI,0.2,-0.04006529427768202,blend_ridge_gbdt__trend
2019-12-31,801120.SI,0.2,-0.058685391683798604,blend_ridge_gbdt__trend
2019-12-31,801180.SI,0.2,-0.06589924772441891,blend_ridge_gbdt__trend
2019-12-31,801980.SI,0.2,0.010263802618228679,blend_ridge_gbdt__trend
2019-12-31,801740.SI,0.2,0.0316497838226546,blend_ridge_gbdt__trend
2020-01-31,801120.SI,0.2,-0.02401867952580017,blend_ridge_gbdt__trend
2020-01-31,801740.SI,0.2,0.008536711300815902,blend_ridge_gbdt__trend
2020-01-31,801710.SI,0.2,0.07158773483208791,blend_ridge_gbdt__trend
2020-01-31,801010.SI,0.2,0.0824925367494238,blend_ridge_gbdt__trend
2020-01-31,801180.SI,0.2,-0.019329334447368063,blend_ridge_gbdt__trend
2020-02-29,801750.SI,0.2,-0.12811190368838843,blend_ridge_gbdt__trend
2020-02-29,801080.SI,0.2,-0.20437596938310032,blend_ridge_gbdt__trend
2020-02-29,801730.SI,0.2,-0.0805549124025623,blend_ridge_gbdt__trend
2020-02-29,801010.SI,0.2,0.11299716074379207,blend_ridge_gbdt__trend
2020-02-29,801740.SI,0.2,-0.08440561111300737,blend_ridge_gbdt__trend
2020-03-31,801080.SI,0.1,0.11424079377389651,blend_ridge_gbdt__trend
2020-03-31,801750.SI,0.1,0.0755829525273295,blend_ridge_gbdt__trend
2020-03-31,801110.SI,0.1,0.07653987238512605,blend_ridge_gbdt__trend
2020-03-31,801760.SI,0.1,0.05558450581900298,blend_ridge_gbdt__trend
2020-03-31,801010.SI,0.1,-0.00315738574733071,blend_ridge_gbdt__trend
2020-04-30,801080.SI,0.2,-0.015388531995796817,blend_ridge_gbdt__trend
2020-04-30,801760.SI,0.2,0.023830538393645018,blend_ridge_gbdt__trend
2020-04-30,801050.SI,0.2,0.041198613655271776,blend_ridge_gbdt__trend
2020-04-30,801880.SI,0.2,-0.001995856634124493,blend_ridge_gbdt__trend
2020-04-30,801710.SI,0.2,-0.016152427675268255,blend_ridge_gbdt__trend
2020-05-31,801080.SI,0.2,0.19160564867942598,blend_ridge_gbdt__trend
2020-05-31,801750.SI,0.2,0.1145726161570435,blend_ridge_gbdt__trend
2020-05-31,801770.SI,0.2,0.07804701564427452,blend_ridge_gbdt__trend
2020-05-31,801230.SI,0.2,0.06933796929767033,blend_ridge_gbdt__trend
2020-05-31,801760.SI,0.2,0.16563413208649913,blend_ridge_gbdt__trend
2020-06-30,801230.SI,0.2,0.12005205936871421,blend_ridge_gbdt__trend
2020-06-30,801880.SI,0.2,0.1421973568506505,blend_ridge_gbdt__trend
2020-06-30,801120.SI,0.2,0.17286250878024578,blend_ridge_gbdt__trend
2020-06-30,801050.SI,0.2,0.20294950311005522,blend_ridge_gbdt__trend
2020-06-30,801730.SI,0.2,0.2115806218365872,blend_ridge_gbdt__trend
2020-07-31,801760.SI,0.2,0.02995870178958926,blend_ridge_gbdt__trend
2020-07-31,801230.SI,0.2,0.02199556332820829,blend_ridge_gbdt__trend
2020-07-31,801150.SI,0.2,-0.027681337948046725,blend_ridge_gbdt__trend
2020-07-31,801120.SI,0.2,0.12040826126159776,blend_ridge_gbdt__trend
2020-07-31,801880.SI,0.2,0.04960903678446149,blend_ridge_gbdt__trend
2020-08-31,801890.SI,0.2,-0.04145865137324478,blend_ridge_gbdt__trend
2020-08-31,801120.SI,0.2,-0.09181520053461079,blend_ridge_gbdt__trend
2020-08-31,801030.SI,0.2,-0.060199486233813215,blend_ridge_gbdt__trend
2020-08-31,801230.SI,0.2,-0.1074156167813215,blend_ridge_gbdt__trend
2020-08-31,801880.SI,0.2,0.011246824207247652,blend_ridge_gbdt__trend
2020-09-30,801230.SI,0.2,0.018965517241379404,blend_ridge_gbdt__trend
2020-09-30,801980.SI,0.2,0.05672748369372793,blend_ridge_gbdt__trend
2020-09-30,801120.SI,0.2,0.041639557579700615,blend_ridge_gbdt__trend
2020-09-30,801200.SI,0.2,-0.018752126209000464,blend_ridge_gbdt__trend
2020-09-30,801760.SI,0.2,-0.028560163623370438,blend_ridge_gbdt__trend
2020-10-31,801210.SI,0.2,0.015808833012623813,blend_ridge_gbdt__trend
2020-10-31,801150.SI,0.2,-0.0663055883876954,blend_ridge_gbdt__trend
2020-10-31,801200.SI,0.2,-0.011522666223198086,blend_ridge_gbdt__trend
2020-10-31,801050.SI,0.2,0.20511651295056832,blend_ridge_gbdt__trend
2020-10-31,801730.SI,0.2,0.01567640880786869,blend_ridge_gbdt__trend
2020-11-30,801210.SI,0.2,0.24981336215258687,blend_ridge_gbdt__trend
2020-11-30,801150.SI,0.2,0.09518135546650774,blend_ridge_gbdt__trend
2020-11-30,801120.SI,0.2,0.17986788868336068,blend_ridge_gbdt__trend
2020-11-30,801050.SI,0.2,0.06110876421849776,blend_ridge_gbdt__trend
2020-11-30,801730.SI,0.2,0.19937051313788579,blend_ridge_gbdt__trend
2020-12-31,801210.SI,0.2,0.01187183811129855,blend_ridge_gbdt__trend
2020-12-31,801030.SI,0.2,0.06650023567067498,blend_ridge_gbdt__trend
2020-12-31,801230.SI,0.2,-0.0397298785371063,blend_ridge_gbdt__trend
2020-12-31,801010.SI,0.2,0.003194398303135726,blend_ridge_gbdt__trend
2020-12-31,801050.SI,0.2,0.03914447331913484,blend_ridge_gbdt__trend
2021-01-31,801030.SI,0.2,0.04289755719031918,blend_ridge_gbdt__trend
2021-01-31,801010.SI,0.2,0.08307774607703267,blend_ridge_gbdt__trend
2021-01-31,801880.SI,0.2,-0.051590176033238455,blend_ridge_gbdt__trend
2021-01-31,801740.SI,0.2,-0.015702350032856582,blend_ridge_gbdt__trend
2021-01-31,801230.SI,0.2,0.0019676916327495686,blend_ridge_gbdt__trend
2021-02-28,801030.SI,0.2,-0.06490127575281246,blend_ridge_gbdt__trend
2021-02-28,801880.SI,0.2,-0.059128589596250336,blend_ridge_gbdt__trend
2021-02-28,801050.SI,0.2,-0.10210012382181999,blend_ridge_gbdt__trend
2021-02-28,801010.SI,0.2,-0.07562803846904664,blend_ridge_gbdt__trend
2021-02-28,801980.SI,0.2,-0.0045800504973686484,blend_ridge_gbdt__trend
2021-03-31,801210.SI,0.2,0.013222545914387762,blend_ridge_gbdt__trend
2021-03-31,801030.SI,0.2,0.03648138779983978,blend_ridge_gbdt__trend
2021-03-31,801050.SI,0.2,0.09013414732895408,blend_ridge_gbdt__trend
2021-03-31,801730.SI,0.2,0.06870495088946704,blend_ridge_gbdt__trend
2021-03-31,801040.SI,0.2,0.08850467217486058,blend_ridge_gbdt__trend
2021-04-30,801040.SI,0.2,-0.008843745118366275,blend_ridge_gbdt__trend
2021-04-30,801950.SI,0.2,0.038825662995768395,blend_ridge_gbdt__trend
2021-04-30,801210.SI,0.2,0.033481929687072975,blend_ridge_gbdt__trend
2021-04-30,801030.SI,0.2,0.06929651077070131,blend_ridge_gbdt__trend
2021-04-30,801140.SI,0.2,0.008379917973222462,blend_ridge_gbdt__trend
2021-05-31,801030.SI,0.2,0.05371075641519396,blend_ridge_gbdt__trend
2021-05-31,801210.SI,0.2,-0.08669822587050569,blend_ridge_gbdt__trend
2021-05-31,801950.SI,0.2,0.02530601504900787,blend_ridge_gbdt__trend
2021-05-31,801050.SI,0.2,-0.0438692827825885,blend_ridge_gbdt__trend
2021-05-31,801130.SI,0.2,0.01953931356348293,blend_ridge_gbdt__trend
2021-06-30,801030.SI,0.2,0.05127979514253167,blend_ridge_gbdt__trend
2021-06-30,801050.SI,0.2,0.27401585061339695,blend_ridge_gbdt__trend
2021-06-30,801960.SI,0.2,0.015531624318235293,blend_ridge_gbdt__trend
2021-06-30,801950.SI,0.2,0.01661221387608447,blend_ridge_gbdt__trend
2021-06-30,801210.SI,0.2,-0.19737708969719914,blend_ridge_gbdt__trend
2021-07-31,801030.SI,0.2,0.12462121537286142,blend_ridge_gbdt__trend
2021-07-31,801950.SI,0.2,0.27566168903042887,blend_ridge_gbdt__trend
2021-07-31,801730.SI,0.2,0.053703526869399054,blend_ridge_gbdt__trend
2021-07-31,801050.SI,0.2,0.1799989092421279,blend_ridge_gbdt__trend
2021-07-31,801230.SI,0.2,0.10550428282887858,blend_ridge_gbdt__trend
2021-08-31,801730.SI,0.2,-0.03014095661083649,blend_ridge_gbdt__trend
2021-08-31,801030.SI,0.2,-0.03830865613425105,blend_ridge_gbdt__trend
2021-08-31,801230.SI,0.2,-0.12149055981009582,blend_ridge_gbdt__trend
2021-08-31,801050.SI,0.2,-0.18111045955728355,blend_ridge_gbdt__trend
2021-08-31,801710.SI,0.2,-0.07817685247587869,blend_ridge_gbdt__trend
2021-09-30,801960.SI,0.2,-0.09147730679297317,blend_ridge_gbdt__trend
2021-09-30,801230.SI,0.2,0.014128978637652168,blend_ridge_gbdt__trend
2021-09-30,801730.SI,0.2,0.11700718983573899,blend_ridge_gbdt__trend
2021-09-30,801970.SI,0.2,-0.09125842254830119,blend_ridge_gbdt__trend
2021-09-30,801170.SI,0.2,-0.017215327413796055,blend_ridge_gbdt__trend
2021-10-31,801730.SI,0.2,0.03347142223022748,blend_ridge_gbdt__trend
2021-10-31,801080.SI,0.2,0.08530447760597637,blend_ridge_gbdt__trend
2021-10-31,801880.SI,0.2,0.05222065826120814,blend_ridge_gbdt__trend
2021-10-31,801210.SI,0.2,-0.1661897748428235,blend_ridge_gbdt__trend
2021-10-31,801230.SI,0.2,-0.027302936861958393,blend_ridge_gbdt__trend
2021-11-30,801880.SI,0.2,-0.04797536338719266,blend_ridge_gbdt__trend
2021-11-30,801050.SI,0.2,-0.06215481550209623,blend_ridge_gbdt__trend
2021-11-30,801730.SI,0.2,-0.08579218674913602,blend_ridge_gbdt__trend
2021-11-30,801950.SI,0.2,0.07674081756732587,blend_ridge_gbdt__trend
2021-11-30,801080.SI,0.2,0.011380518364018322,blend_ridge_gbdt__trend
2021-12-31,801950.SI,0.2,-0.042096041585358734,blend_ridge_gbdt__trend
2021-12-31,801050.SI,0.2,-0.10737522211905937,blend_ridge_gbdt__trend
2021-12-31,801730.SI,0.2,-0.1081864931198937,blend_ridge_gbdt__trend
2021-12-31,801040.SI,0.2,-0.07358927767682988,blend_ridge_gbdt__trend
2021-12-31,801960.SI,0.2,-0.04840854539690642,blend_ridge_gbdt__trend
2022-01-31,801950.SI,0.1,0.1553258349045359,blend_ridge_gbdt__trend
2022-01-31,801040.SI,0.1,0.07910013207947797,blend_ridge_gbdt__trend
2022-01-31,801730.SI,0.1,0.02543255922114751,blend_ridge_gbdt__trend
2022-01-31,801970.SI,0.1,0.0770485912141492,blend_ridge_gbdt__trend
2022-01-31,801230.SI,0.1,0.08543287613155481,blend_ridge_gbdt__trend
2022-02-28,801730.SI,0.1,-0.1009533445559927,blend_ridge_gbdt__trend
2022-02-28,801120.SI,0.1,-0.10261061880532174,blend_ridge_gbdt__trend
2022-02-28,801080.SI,0.1,-0.14973257590857747,blend_ridge_gbdt__trend
2022-02-28,801150.SI,0.1,0.00870543627980136,blend_ridge_gbdt__trend
2022-02-28,801040.SI,0.1,-0.1010232055549255,blend_ridge_gbdt__trend
2022-03-31,801730.SI,0.1,-0.15533573676592138,blend_ridge_gbdt__trend
2022-03-31,801080.SI,0.1,-0.1390666054561971,blend_ridge_gbdt__trend
2022-03-31,801950.SI,0.1,-0.0387937309764117,blend_ridge_gbdt__trend
2022-03-31,801880.SI,0.1,-0.09136843466470412,blend_ridge_gbdt__trend
2022-03-31,801760.SI,0.1,-0.13951921295126424,blend_ridge_gbdt__trend
2022-04-30,801950.SI,0.1,0.09727050817368155,blend_ridge_gbdt__trend
2022-04-30,801720.SI,0.1,0.016563464613782664,blend_ridge_gbdt__trend
2022-04-30,801050.SI,0.1,0.07982793439460556,blend_ridge_gbdt__trend
2022-04-30,801770.SI,0.1,0.06084310401657489,blend_ridge_gbdt__trend
2022-04-30,801890.SI,0.1,0.10414815660126675,blend_ridge_gbdt__trend
2022-05-31,801890.SI,0.1,0.1043201582778428,blend_ridge_gbdt__trend
2022-05-31,801950.SI,0.1,0.015829144115513172,blend_ridge_gbdt__trend
2022-05-31,801050.SI,0.1,0.1196406354675088,blend_ridge_gbdt__trend
2022-05-31,801030.SI,0.1,0.08126292568592297,blend_ridge_gbdt__trend
2022-05-31,801160.SI,0.1,0.006086737091244299,blend_ridge_gbdt__trend
2022-06-30,801050.SI,0.2,-0.016247653848756483,blend_ridge_gbdt__trend
2022-06-30,801970.SI,0.2,0.053251937074430655,blend_ridge_gbdt__trend
2022-06-30,801160.SI,0.2,0.04046392755672601,blend_ridge_gbdt__trend
2022-06-30,801230.SI,0.2,0.01855323454145097,blend_ridge_gbdt__trend
2022-06-30,801200.SI,0.2,-0.07050567192137813,blend_ridge_gbdt__trend
2022-07-31,801010.SI,0.1,0.00520315585094866,blend_ridge_gbdt__trend
2022-07-31,801160.SI,0.1,-0.004563591022443858,blend_ridge_gbdt__trend
2022-07-31,801970.SI,0.1,-0.060363319313785135,blend_ridge_gbdt__trend
2022-07-31,801880.SI,0.1,-0.11849927671735527,blend_ridge_gbdt__trend
2022-07-31,801950.SI,0.1,0.07851913380448483,blend_ridge_gbdt__trend
2022-08-31,801010.SI,0.1,-0.10378327426082179,blend_ridge_gbdt__trend
2022-08-31,801950.SI,0.1,0.016902224244873754,blend_ridge_gbdt__trend
2022-08-31,801170.SI,0.1,-0.026708871588673078,blend_ridge_gbdt__trend
2022-08-31,801770.SI,0.1,-0.0826014764860653,blend_ridge_gbdt__trend
2022-08-31,801140.SI,0.1,-0.08053859521654716,blend_ridge_gbdt__trend
2022-09-30,801230.SI,0.1,0.010318314161255948,blend_ridge_gbdt__trend
2022-09-30,801740.SI,0.1,0.1163035096458962,blend_ridge_gbdt__trend
2022-09-30,801880.SI,0.1,-0.015063249621694919,blend_ridge_gbdt__trend
2022-09-30,801770.SI,0.1,0.05543334799824029,blend_ridge_gbdt__trend
2022-09-30,801950.SI,0.1,-0.1258223015053359,blend_ridge_gbdt__trend
2022-10-31,801230.SI,0.1,0.09823107367982087,blend_ridge_gbdt__trend
2022-10-31,801770.SI,0.1,0.011734847325626241,blend_ridge_gbdt__trend
2022-10-31,801880.SI,0.1,0.08037334372711769,blend_ridge_gbdt__trend
2022-10-31,801970.SI,0.1,0.07469312684858997,blend_ridge_gbdt__trend
2022-10-31,801010.SI,0.1,0.05329956645665068,blend_ridge_gbdt__trend
2022-11-30,801950.SI,0.1,-0.10878577360365793,blend_ridge_gbdt__trend
2022-11-30,801140.SI,0.1,0.0087773696512905,blend_ridge_gbdt__trend
2022-11-30,801010.SI,0.1,0.01431843510063846,blend_ridge_gbdt__trend
2022-11-30,801230.SI,0.1,0.022748538804735485,blend_ridge_gbdt__trend
2022-11-30,801770.SI,0.1,-0.041289212234999595,blend_ridge_gbdt__trend
2019-01-31,801960.SI,0.16397130739193774,0.12861591970811226,blend_ridge_gbdt__vol_target
2019-01-31,801030.SI,0.16397130739193774,0.1793120172773528,blend_ridge_gbdt__vol_target
2019-01-31,801880.SI,0.16397130739193774,0.15702613176297398,blend_ridge_gbdt__vol_target
2019-01-31,801720.SI,0.16397130739193774,0.14399025536834986,blend_ridge_gbdt__vol_target
2019-01-31,801890.SI,0.16397130739193774,0.19204658727244106,blend_ridge_gbdt__vol_target
2019-02-28,801030.SI,0.08920042031173513,0.09610422866365864,blend_ridge_gbdt__vol_target
2019-02-28,801890.SI,0.08920042031173513,0.09378740933737073,blend_ridge_gbdt__vol_target
2019-02-28,801880.SI,0.08920042031173513,0.03894848010586438,blend_ridge_gbdt__vol_target
2019-02-28,801180.SI,0.08920042031173513,0.11857409882425873,blend_ridge_gbdt__vol_target
2019-02-28,801740.SI,0.08920042031173513,0.10793159048499001,blend_ridge_gbdt__vol_target
2019-03-31,801180.SI,0.08534904231971954,-0.03965245925768801,blend_ridge_gbdt__vol_target
2019-03-31,801890.SI,0.08534904231971954,-0.04706147445337716,blend_ridge_gbdt__vol_target
2019-03-31,801730.SI,0.08534904231971954,-0.05081937950070958,blend_ridge_gbdt__vol_target
2019-03-31,801030.SI,0.08534904231971954,-0.013960518351497808,blend_ridge_gbdt__vol_target
2019-03-31,801140.SI,0.08534904231971954,-0.06697343551872914,blend_ridge_gbdt__vol_target
2019-04-30,801890.SI,0.10275072955796258,-0.05659755943081535,blend_ridge_gbdt__vol_target
2019-04-30,801740.SI,0.10275072955796258,-0.01566690190543396,blend_ridge_gbdt__vol_target
2019-04-30,801010.SI,0.10275072955796258,-0.017263242757527997,blend_ridge_gbdt__vol_target
2019-04-30,801140.SI,0.10275072955796258,-0.07448608914910892,blend_ridge_gbdt__vol_target
2019-04-30,801180.SI,0.10275072955796258,-0.07454188924200422,blend_ridge_gbdt__vol_target
2019-05-31,801740.SI,0.09125944612388598,-0.0006183682248349642,blend_ridge_gbdt__vol_target
2019-05-31,801180.SI,0.09125944612388598,0.009033166259942771,blend_ridge_gbdt__vol_target
2019-05-31,801140.SI,0.09125944612388598,-0.005337987911027353,blend_ridge_gbdt__vol_target
2019-05-31,801890.SI,0.09125944612388598,0.019755981846338422,blend_ridge_gbdt__vol_target
2019-05-31,801730.SI,0.09125944612388598,-0.013667803214807539,blend_ridge_gbdt__vol_target
2019-06-30,801890.SI,0.09599882870375992,-0.0039940308988763995,blend_ridge_gbdt__vol_target
2019-06-30,801180.SI,0.09599882870375992,-0.015008194406563202,blend_ridge_gbdt__vol_target
2019-06-30,801740.SI,0.09599882870375992,0.04998430704389545,blend_ridge_gbdt__vol_target
2019-06-30,801720.SI,0.09599882870375992,-0.025825577263055566,blend_ridge_gbdt__vol_target
2019-06-30,801730.SI,0.09599882870375992,0.0064001896352485765,blend_ridge_gbdt__vol_target
2019-07-31,801230.SI,0.09430097816011039,-0.01153701480386049,blend_ridge_gbdt__vol_target
2019-07-31,801180.SI,0.09430097816011039,-0.06717407232245898,blend_ridge_gbdt__vol_target
2019-07-31,801140.SI,0.09430097816011039,-0.015841886520558623,blend_ridge_gbdt__vol_target
2019-07-31,801750.SI,0.09430097816011039,0.03136054586367942,blend_ridge_gbdt__vol_target
2019-07-31,801730.SI,0.09430097816011039,-0.01401442661563379,blend_ridge_gbdt__vol_target
2019-08-31,801140.SI,0.16744930226965357,0.0008581776573204358,blend_ridge_gbdt__vol_target
2019-08-31,801180.SI,0.16744930226965357,0.012871838518845324,blend_ridge_gbdt__vol_target
2019-08-31,801200.SI,0.16744930226965357,-0.011992331227763109,blend_ridge_gbdt__vol_target
2019-08-31,801980.SI,0.16744930226965357,0.005782885120844572,blend_ridge_gbdt__vol_target
2019-08-31,801230.SI,0.16744930226965357,0.0025386796780517695,blend_ridge_gbdt__vol_target
2019-09-30,801880.SI,0.2,-0.014550705320448665,blend_ridge_gbdt__vol_target
2019-09-30,801950.SI,0.2,-0.028048918724888794,blend_ridge_gbdt__vol_target
2019-09-30,801010.SI,0.2,0.1259784115697462,blend_ridge_gbdt__vol_target
2019-09-30,801110.SI,0.2,0.04803849207927646,blend_ridge_gbdt__vol_target
2019-09-30,801180.SI,0.2,0.020117953399589217,blend_ridge_gbdt__vol_target
2019-10-31,801880.SI,0.2,0.01843440036068511,blend_ridge_gbdt__vol_target
2019-10-31,801210.SI,0.2,-0.044744089739466086,blend_ridge_gbdt__vol_target
2019-10-31,801010.SI,0.2,-0.09573178866850485,blend_ridge_gbdt__vol_target
2019-10-31,801200.SI,0.2,-0.04072784113288641,blend_ridge_gbdt__vol_target
2019-10-31,801740.SI,0.2,-0.01736677636127315,blend_ridge_gbdt__vol_target
2019-11-30,801210.SI,0.2,0.08231749555872403,blend_ridge_gbdt__vol_target
2019-11-30,801740.SI,0.2,0.05666094428653179,blend_ridge_gbdt__vol_target
2019-11-30,801120.SI,0.2,0.04601040115873256,blend_ridge_gbdt__vol_target
2019-11-30,801710.SI,0.2,0.14377078351474704,blend_ridge_gbdt__vol_target
2019-11-30,801010.SI,0.2,0.016831932721449228,blend_ridge_gbdt__vol_target
2019-12-31,801010.SI,0.2,-0.04006529427768202,blend_ridge_gbdt__vol_target
2019-12-31,801120.SI,0.2,-0.058685391683798604,blend_ridge_gbdt__vol_target
2019-12-31,801180.SI,0.2,-0.06589924772441891,blend_ridge_gbdt__vol_target
2019-12-31,801980.SI,0.2,0.010263802618228679,blend_ridge_gbdt__vol_target
2019-12-31,801740.SI,0.2,0.0316497838226546,blend_ridge_gbdt__vol_target
2020-01-31,801120.SI,0.2,-0.02401867952580017,blend_ridge_gbdt__vol_target
2020-01-31,801740.SI,0.2,0.008536711300815902,blend_ridge_gbdt__vol_target
2020-01-31,801710.SI,0.2,0.07158773483208791,blend_ridge_gbdt__vol_target
2020-01-31,801010.SI,0.2,0.0824925367494238,blend_ridge_gbdt__vol_target
2020-01-31,801180.SI,0.2,-0.019329334447368063,blend_ridge_gbdt__vol_target
2020-02-29,801750.SI,0.2,-0.12811190368838843,blend_ridge_gbdt__vol_target
2020-02-29,801080.SI,0.2,-0.20437596938310032,blend_ridge_gbdt__vol_target
2020-02-29,801730.SI,0.2,-0.0805549124025623,blend_ridge_gbdt__vol_target
2020-02-29,801010.SI,0.2,0.11299716074379207,blend_ridge_gbdt__vol_target
2020-02-29,801740.SI,0.2,-0.08440561111300737,blend_ridge_gbdt__vol_target
2020-03-31,801080.SI,0.2,0.11424079377389651,blend_ridge_gbdt__vol_target
2020-03-31,801750.SI,0.2,0.0755829525273295,blend_ridge_gbdt__vol_target
2020-03-31,801110.SI,0.2,0.07653987238512605,blend_ridge_gbdt__vol_target
2020-03-31,801760.SI,0.2,0.05558450581900298,blend_ridge_gbdt__vol_target
2020-03-31,801010.SI,0.2,-0.00315738574733071,blend_ridge_gbdt__vol_target
2020-04-30,801080.SI,0.19054858773006775,-0.015388531995796817,blend_ridge_gbdt__vol_target
2020-04-30,801760.SI,0.19054858773006775,0.023830538393645018,blend_ridge_gbdt__vol_target
2020-04-30,801050.SI,0.19054858773006775,0.041198613655271776,blend_ridge_gbdt__vol_target
2020-04-30,801880.SI,0.19054858773006775,-0.001995856634124493,blend_ridge_gbdt__vol_target
2020-04-30,801710.SI,0.19054858773006775,-0.016152427675268255,blend_ridge_gbdt__vol_target
2020-05-31,801080.SI,0.19761127371957907,0.19160564867942598,blend_ridge_gbdt__vol_target
2020-05-31,801750.SI,0.19761127371957907,0.1145726161570435,blend_ridge_gbdt__vol_target
2020-05-31,801770.SI,0.19761127371957907,0.07804701564427452,blend_ridge_gbdt__vol_target
2020-05-31,801230.SI,0.19761127371957907,0.06933796929767033,blend_ridge_gbdt__vol_target
2020-05-31,801760.SI,0.19761127371957907,0.16563413208649913,blend_ridge_gbdt__vol_target
2020-06-30,801230.SI,0.2,0.12005205936871421,blend_ridge_gbdt__vol_target
2020-06-30,801880.SI,0.2,0.1421973568506505,blend_ridge_gbdt__vol_target
2020-06-30,801120.SI,0.2,0.17286250878024578,blend_ridge_gbdt__vol_target
2020-06-30,801050.SI,0.2,0.20294950311005522,blend_ridge_gbdt__vol_target
2020-06-30,801730.SI,0.2,0.2115806218365872,blend_ridge_gbdt__vol_target
2020-07-31,801760.SI,0.13583295209328558,0.02995870178958926,blend_ridge_gbdt__vol_target
2020-07-31,801230.SI,0.13583295209328558,0.02199556332820829,blend_ridge_gbdt__vol_target
2020-07-31,801150.SI,0.13583295209328558,-0.027681337948046725,blend_ridge_gbdt__vol_target
2020-07-31,801120.SI,0.13583295209328558,0.12040826126159776,blend_ridge_gbdt__vol_target
2020-07-31,801880.SI,0.13583295209328558,0.04960903678446149,blend_ridge_gbdt__vol_target
2020-08-31,801890.SI,0.1385403395584752,-0.04145865137324478,blend_ridge_gbdt__vol_target
2020-08-31,801120.SI,0.1385403395584752,-0.09181520053461079,blend_ridge_gbdt__vol_target
2020-08-31,801030.SI,0.1385403395584752,-0.060199486233813215,blend_ridge_gbdt__vol_target
2020-08-31,801230.SI,0.1385403395584752,-0.1074156167813215,blend_ridge_gbdt__vol_target
2020-08-31,801880.SI,0.1385403395584752,0.011246824207247652,blend_ridge_gbdt__vol_target
2020-09-30,801230.SI,0.12981340934077137,0.018965517241379404,blend_ridge_gbdt__vol_target
2020-09-30,801980.SI,0.12981340934077137,0.05672748369372793,blend_ridge_gbdt__vol_target
2020-09-30,801120.SI,0.12981340934077137,0.041639557579700615,blend_ridge_gbdt__vol_target
2020-09-30,801200.SI,0.12981340934077137,-0.018752126209000464,blend_ridge_gbdt__vol_target
2020-09-30,801760.SI,0.12981340934077137,-0.028560163623370438,blend_ridge_gbdt__vol_target
2020-10-31,801210.SI,0.12802445908687174,0.015808833012623813,blend_ridge_gbdt__vol_target
2020-10-31,801150.SI,0.12802445908687174,-0.0663055883876954,blend_ridge_gbdt__vol_target
2020-10-31,801200.SI,0.12802445908687174,-0.011522666223198086,blend_ridge_gbdt__vol_target
2020-10-31,801050.SI,0.12802445908687174,0.20511651295056832,blend_ridge_gbdt__vol_target
2020-10-31,801730.SI,0.12802445908687174,0.01567640880786869,blend_ridge_gbdt__vol_target
2020-11-30,801210.SI,0.12887963173552902,0.24981336215258687,blend_ridge_gbdt__vol_target
2020-11-30,801150.SI,0.12887963173552902,0.09518135546650774,blend_ridge_gbdt__vol_target
2020-11-30,801120.SI,0.12887963173552902,0.17986788868336068,blend_ridge_gbdt__vol_target
2020-11-30,801050.SI,0.12887963173552902,0.06110876421849776,blend_ridge_gbdt__vol_target
2020-11-30,801730.SI,0.12887963173552902,0.19937051313788579,blend_ridge_gbdt__vol_target
2020-12-31,801210.SI,0.13249745975100496,0.01187183811129855,blend_ridge_gbdt__vol_target
2020-12-31,801030.SI,0.13249745975100496,0.06650023567067498,blend_ridge_gbdt__vol_target
2020-12-31,801230.SI,0.13249745975100496,-0.0397298785371063,blend_ridge_gbdt__vol_target
2020-12-31,801010.SI,0.13249745975100496,0.003194398303135726,blend_ridge_gbdt__vol_target
2020-12-31,801050.SI,0.13249745975100496,0.03914447331913484,blend_ridge_gbdt__vol_target
2021-01-31,801030.SI,0.2,0.04289755719031918,blend_ridge_gbdt__vol_target
2021-01-31,801010.SI,0.2,0.08307774607703267,blend_ridge_gbdt__vol_target
2021-01-31,801880.SI,0.2,-0.051590176033238455,blend_ridge_gbdt__vol_target
2021-01-31,801740.SI,0.2,-0.015702350032856582,blend_ridge_gbdt__vol_target
2021-01-31,801230.SI,0.2,0.0019676916327495686,blend_ridge_gbdt__vol_target
2021-02-28,801030.SI,0.2,-0.06490127575281246,blend_ridge_gbdt__vol_target
2021-02-28,801880.SI,0.2,-0.059128589596250336,blend_ridge_gbdt__vol_target
2021-02-28,801050.SI,0.2,-0.10210012382181999,blend_ridge_gbdt__vol_target
2021-02-28,801010.SI,0.2,-0.07562803846904664,blend_ridge_gbdt__vol_target
2021-02-28,801980.SI,0.2,-0.0045800504973686484,blend_ridge_gbdt__vol_target
2021-03-31,801210.SI,0.2,0.013222545914387762,blend_ridge_gbdt__vol_target
2021-03-31,801030.SI,0.2,0.03648138779983978,blend_ridge_gbdt__vol_target
2021-03-31,801050.SI,0.2,0.09013414732895408,blend_ridge_gbdt__vol_target
2021-03-31,801730.SI,0.2,0.06870495088946704,blend_ridge_gbdt__vol_target
2021-03-31,801040.SI,0.2,0.08850467217486058,blend_ridge_gbdt__vol_target
2021-04-30,801040.SI,0.2,-0.008843745118366275,blend_ridge_gbdt__vol_target
2021-04-30,801950.SI,0.2,0.038825662995768395,blend_ridge_gbdt__vol_target
2021-04-30,801210.SI,0.2,0.033481929687072975,blend_ridge_gbdt__vol_target
2021-04-30,801030.SI,0.2,0.06929651077070131,blend_ridge_gbdt__vol_target
2021-04-30,801140.SI,0.2,0.008379917973222462,blend_ridge_gbdt__vol_target
2021-05-31,801030.SI,0.2,0.05371075641519396,blend_ridge_gbdt__vol_target
2021-05-31,801210.SI,0.2,-0.08669822587050569,blend_ridge_gbdt__vol_target
2021-05-31,801950.SI,0.2,0.02530601504900787,blend_ridge_gbdt__vol_target
2021-05-31,801050.SI,0.2,-0.0438692827825885,blend_ridge_gbdt__vol_target
2021-05-31,801130.SI,0.2,0.01953931356348293,blend_ridge_gbdt__vol_target
2021-06-30,801030.SI,0.2,0.05127979514253167,blend_ridge_gbdt__vol_target
2021-06-30,801050.SI,0.2,0.27401585061339695,blend_ridge_gbdt__vol_target
2021-06-30,801960.SI,0.2,0.015531624318235293,blend_ridge_gbdt__vol_target
2021-06-30,801950.SI,0.2,0.01661221387608447,blend_ridge_gbdt__vol_target
2021-06-30,801210.SI,0.2,-0.19737708969719914,blend_ridge_gbdt__vol_target
2021-07-31,801030.SI,0.2,0.12462121537286142,blend_ridge_gbdt__vol_target
2021-07-31,801950.SI,0.2,0.27566168903042887,blend_ridge_gbdt__vol_target
2021-07-31,801730.SI,0.2,0.053703526869399054,blend_ridge_gbdt__vol_target
2021-07-31,801050.SI,0.2,0.1799989092421279,blend_ridge_gbdt__vol_target
2021-07-31,801230.SI,0.2,0.10550428282887858,blend_ridge_gbdt__vol_target
2021-08-31,801730.SI,0.2,-0.03014095661083649,blend_ridge_gbdt__vol_target
2021-08-31,801030.SI,0.2,-0.03830865613425105,blend_ridge_gbdt__vol_target
2021-08-31,801230.SI,0.2,-0.12149055981009582,blend_ridge_gbdt__vol_target
2021-08-31,801050.SI,0.2,-0.18111045955728355,blend_ridge_gbdt__vol_target
2021-08-31,801710.SI,0.2,-0.07817685247587869,blend_ridge_gbdt__vol_target
2021-09-30,801960.SI,0.2,-0.09147730679297317,blend_ridge_gbdt__vol_target
2021-09-30,801230.SI,0.2,0.014128978637652168,blend_ridge_gbdt__vol_target
2021-09-30,801730.SI,0.2,0.11700718983573899,blend_ridge_gbdt__vol_target
2021-09-30,801970.SI,0.2,-0.09125842254830119,blend_ridge_gbdt__vol_target
2021-09-30,801170.SI,0.2,-0.017215327413796055,blend_ridge_gbdt__vol_target
2021-10-31,801730.SI,0.2,0.03347142223022748,blend_ridge_gbdt__vol_target
2021-10-31,801080.SI,0.2,0.08530447760597637,blend_ridge_gbdt__vol_target
2021-10-31,801880.SI,0.2,0.05222065826120814,blend_ridge_gbdt__vol_target
2021-10-31,801210.SI,0.2,-0.1661897748428235,blend_ridge_gbdt__vol_target
2021-10-31,801230.SI,0.2,-0.027302936861958393,blend_ridge_gbdt__vol_target
2021-11-30,801880.SI,0.2,-0.04797536338719266,blend_ridge_gbdt__vol_target
2021-11-30,801050.SI,0.2,-0.06215481550209623,blend_ridge_gbdt__vol_target
2021-11-30,801730.SI,0.2,-0.08579218674913602,blend_ridge_gbdt__vol_target
2021-11-30,801950.SI,0.2,0.07674081756732587,blend_ridge_gbdt__vol_target
2021-11-30,801080.SI,0.2,0.011380518364018322,blend_ridge_gbdt__vol_target
2021-12-31,801950.SI,0.2,-0.042096041585358734,blend_ridge_gbdt__vol_target
2021-12-31,801050.SI,0.2,-0.10737522211905937,blend_ridge_gbdt__vol_target
2021-12-31,801730.SI,0.2,-0.1081864931198937,blend_ridge_gbdt__vol_target
2021-12-31,801040.SI,0.2,-0.07358927767682988,blend_ridge_gbdt__vol_target
2021-12-31,801960.SI,0.2,-0.04840854539690642,blend_ridge_gbdt__vol_target
2022-01-31,801950.SI,0.16781090124645964,0.1553258349045359,blend_ridge_gbdt__vol_target
2022-01-31,801040.SI,0.16781090124645964,0.07910013207947797,blend_ridge_gbdt__vol_target
2022-01-31,801730.SI,0.16781090124645964,0.02543255922114751,blend_ridge_gbdt__vol_target
2022-01-31,801970.SI,0.16781090124645964,0.0770485912141492,blend_ridge_gbdt__vol_target
2022-01-31,801230.SI,0.16781090124645964,0.08543287613155481,blend_ridge_gbdt__vol_target
2022-02-28,801730.SI,0.17966022354069944,-0.1009533445559927,blend_ridge_gbdt__vol_target
2022-02-28,801120.SI,0.17966022354069944,-0.10261061880532174,blend_ridge_gbdt__vol_target
2022-02-28,801080.SI,0.17966022354069944,-0.14973257590857747,blend_ridge_gbdt__vol_target
2022-02-28,801150.SI,0.17966022354069944,0.00870543627980136,blend_ridge_gbdt__vol_target
2022-02-28,801040.SI,0.17966022354069944,-0.1010232055549255,blend_ridge_gbdt__vol_target
2022-03-31,801730.SI,0.15797096127312993,-0.15533573676592138,blend_ridge_gbdt__vol_target
2022-03-31,801080.SI,0.15797096127312993,-0.1390666054561971,blend_ridge_gbdt__vol_target
2022-03-31,801950.SI,0.15797096127312993,-0.0387937309764117,blend_ridge_gbdt__vol_target
2022-03-31,801880.SI,0.15797096127312993,-0.09136843466470412,blend_ridge_gbdt__vol_target
2022-03-31,801760.SI,0.15797096127312993,-0.13951921295126424,blend_ridge_gbdt__vol_target
2022-04-30,801950.SI,0.1363209426279144,0.09727050817368155,blend_ridge_gbdt__vol_target
2022-04-30,801720.SI,0.1363209426279144,0.016563464613782664,blend_ridge_gbdt__vol_target
2022-04-30,801050.SI,0.1363209426279144,0.07982793439460556,blend_ridge_gbdt__vol_target
2022-04-30,801770.SI,0.1363209426279144,0.06084310401657489,blend_ridge_gbdt__vol_target
2022-04-30,801890.SI,0.1363209426279144,0.10414815660126675,blend_ridge_gbdt__vol_target
2022-05-31,801890.SI,0.12103763990016927,0.1043201582778428,blend_ridge_gbdt__vol_target
2022-05-31,801950.SI,0.12103763990016927,0.015829144115513172,blend_ridge_gbdt__vol_target
2022-05-31,801050.SI,0.12103763990016927,0.1196406354675088,blend_ridge_gbdt__vol_target
2022-05-31,801030.SI,0.12103763990016927,0.08126292568592297,blend_ridge_gbdt__vol_target
2022-05-31,801160.SI,0.12103763990016927,0.006086737091244299,blend_ridge_gbdt__vol_target
2022-06-30,801050.SI,0.1108739102235933,-0.016247653848756483,blend_ridge_gbdt__vol_target
2022-06-30,801970.SI,0.1108739102235933,0.053251937074430655,blend_ridge_gbdt__vol_target
2022-06-30,801160.SI,0.1108739102235933,0.04046392755672601,blend_ridge_gbdt__vol_target
2022-06-30,801230.SI,0.1108739102235933,0.01855323454145097,blend_ridge_gbdt__vol_target
2022-06-30,801200.SI,0.1108739102235933,-0.07050567192137813,blend_ridge_gbdt__vol_target
2022-07-31,801010.SI,0.12540285478190824,0.00520315585094866,blend_ridge_gbdt__vol_target
2022-07-31,801160.SI,0.12540285478190824,-0.004563591022443858,blend_ridge_gbdt__vol_target
2022-07-31,801970.SI,0.12540285478190824,-0.060363319313785135,blend_ridge_gbdt__vol_target
2022-07-31,801880.SI,0.12540285478190824,-0.11849927671735527,blend_ridge_gbdt__vol_target
2022-07-31,801950.SI,0.12540285478190824,0.07851913380448483,blend_ridge_gbdt__vol_target
2022-08-31,801010.SI,0.13030820012369454,-0.10378327426082179,blend_ridge_gbdt__vol_target
2022-08-31,801950.SI,0.13030820012369454,0.016902224244873754,blend_ridge_gbdt__vol_target
2022-08-31,801170.SI,0.13030820012369454,-0.026708871588673078,blend_ridge_gbdt__vol_target
2022-08-31,801770.SI,0.13030820012369454,-0.0826014764860653,blend_ridge_gbdt__vol_target
2022-08-31,801140.SI,0.13030820012369454,-0.08053859521654716,blend_ridge_gbdt__vol_target
2022-09-30,801230.SI,0.12778064919188917,0.010318314161255948,blend_ridge_gbdt__vol_target
2022-09-30,801740.SI,0.12778064919188917,0.1163035096458962,blend_ridge_gbdt__vol_target
2022-09-30,801880.SI,0.12778064919188917,-0.015063249621694919,blend_ridge_gbdt__vol_target
2022-09-30,801770.SI,0.12778064919188917,0.05543334799824029,blend_ridge_gbdt__vol_target
2022-09-30,801950.SI,0.12778064919188917,-0.1258223015053359,blend_ridge_gbdt__vol_target
2022-10-31,801230.SI,0.15018870660028677,0.09823107367982087,blend_ridge_gbdt__vol_target
2022-10-31,801770.SI,0.15018870660028677,0.011734847325626241,blend_ridge_gbdt__vol_target
2022-10-31,801880.SI,0.15018870660028677,0.08037334372711769,blend_ridge_gbdt__vol_target
2022-10-31,801970.SI,0.15018870660028677,0.07469312684858997,blend_ridge_gbdt__vol_target
2022-10-31,801010.SI,0.15018870660028677,0.05329956645665068,blend_ridge_gbdt__vol_target
2022-11-30,801950.SI,0.13336772671962496,-0.10878577360365793,blend_ridge_gbdt__vol_target
2022-11-30,801140.SI,0.13336772671962496,0.0087773696512905,blend_ridge_gbdt__vol_target
2022-11-30,801010.SI,0.13336772671962496,0.01431843510063846,blend_ridge_gbdt__vol_target
2022-11-30,801230.SI,0.13336772671962496,0.022748538804735485,blend_ridge_gbdt__vol_target
2022-11-30,801770.SI,0.13336772671962496,-0.041289212234999595,blend_ridge_gbdt__vol_target
2019-01-31,801720.SI,0.2,0.14399025536834986,blend_lstm_gbdt
2019-01-31,801890.SI,0.2,0.19204658727244106,blend_lstm_gbdt
2019-01-31,801710.SI,0.2,0.15873696963578077,blend_lstm_gbdt
2019-01-31,801730.SI,0.2,0.17077446943734476,blend_lstm_gbdt
2019-01-31,801030.SI,0.2,0.1793120172773528,blend_lstm_gbdt
2019-02-28,801180.SI,0.2,0.11857409882425873,blend_lstm_gbdt
2019-02-28,801890.SI,0.2,0.09378740933737073,blend_lstm_gbdt
2019-02-28,801720.SI,0.2,0.049969013721306466,blend_lstm_gbdt
2019-02-28,801030.SI,0.2,0.09610422866365864,blend_lstm_gbdt
2019-02-28,801880.SI,0.2,0.03894848010586438,blend_lstm_gbdt
2019-03-31,801140.SI,0.2,-0.06697343551872914,blend_lstm_gbdt
2019-03-31,801890.SI,0.2,-0.04706147445337716,blend_lstm_gbdt
2019-03-31,801720.SI,0.2,-0.04996771548428747,blend_lstm_gbdt
2019-03-31,801180.SI,0.2,-0.03965245925768801,blend_lstm_gbdt
2019-03-31,801730.SI,0.2,-0.05081937950070958,blend_lstm_gbdt
2019-04-30,801140.SI,0.2,-0.07448608914910892,blend_lstm_gbdt
2019-04-30,801710.SI,0.2,-0.0404388209752472,blend_lstm_gbdt
2019-04-30,801890.SI,0.2,-0.05659755943081535,blend_lstm_gbdt
2019-04-30,801010.SI,0.2,-0.017263242757527997,blend_lstm_gbdt
2019-04-30,801210.SI,0.2,-0.05811834333623178,blend_lstm_gbdt
2019-05-31,801140.SI,0.2,-0.005337987911027353,blend_lstm_gbdt
2019-05-31,801210.SI,0.2,0.08223533854011422,blend_lstm_gbdt
2019-05-31,801770.SI,0.2,0.03531913028230771,blend_lstm_gbdt
2019-05-31,801740.SI,0.2,-0.0006183682248349642,blend_lstm_gbdt
2019-05-31,801890.SI,0.2,0.019755981846338422,blend_lstm_gbdt
2019-06-30,801740.SI,0.2,0.04998430704389545,blend_lstm_gbdt
2019-06-30,801720.SI,0.2,-0.025825577263055566,blend_lstm_gbdt
2019-06-30,801890.SI,0.2,-0.0039940308988763995,blend_lstm_gbdt
2019-06-30,801210.SI,0.2,0.010552112008306747,blend_lstm_gbdt
2019-06-30,801140.SI,0.2,-0.027083865277036323,blend_lstm_gbdt
2019-07-31,801140.SI,0.2,-0.015841886520558623,blend_lstm_gbdt
2019-07-31,801720.SI,0.2,-0.056913159523083845,blend_lstm_gbdt
2019-07-31,801180.SI,0.2,-0.06717407232245898,blend_lstm_gbdt
2019-07-31,801770.SI,0.2,-0.05314475375486416,blend_lstm_gbdt
2019-07-31,801890.SI,0.2,-0.046252148239545265,blend_lstm_gbdt
2019-08-31,801140.SI,0.2,0.0008581776573204358,blend_lstm_gbdt
2019-08-31,801770.SI,0.2,0.05474223497087394,blend_lstm_gbdt
2019-08-31,801180.SI,0.2,0.012871838518845324,blend_lstm_gbdt
2019-08-31,801720.SI,0.2,0.004886575626857459,blend_lstm_gbdt
2019-08-31,801740.SI,0.2,-0.06933927973404552,blend_lstm_gbdt
2019-09-30,801720.SI,0.2,-0.018710623638728996,blend_lstm_gbdt
2019-09-30,801770.SI,0.2,-0.019283831554078423,blend_lstm_gbdt
2019-09-30,801180.SI,0.2,0.020117953399589217,blend_lstm_gbdt
2019-09-30,801030.SI,0.2,-0.009330326581564852,blend_lstm_gbdt
2019-09-30,801710.SI,0.2,0.013792463983124614,blend_lstm_gbdt
2019-10-31,801770.SI,0.2,-0.042485584204872695,blend_lstm_gbdt
2019-10-31,801740.SI,0.2,-0.01736677636127315,blend_lstm_gbdt
2019-10-31,801210.SI,0.2,-0.044744089739466086,blend_lstm_gbdt
2019-10-31,801050.SI,0.2,0.00930789965387313,blend_lstm_gbdt
2019-10-31,801710.SI,0.2,0.0526033985373866,blend_lstm_gbdt
2019-11-30,801740.SI,0.2,0.05666094428653179,blend_lstm_gbdt
2019-11-30,801210.SI,0.2,0.08231749555872403,blend_lstm_gbdt
2019-11-30,801050.SI,0.2,0.15246180867731107,blend_lstm_gbdt
2019-11-30,801770.SI,0.2,0.08224514893497159,blend_lstm_gbdt
2019-11-30,801710.SI,0.2,0.14377078351474704,blend_lstm_gbdt
2019-12-31,801740.SI,0.2,0.0316497838226546,blend_lstm_gbdt
2019-12-31,801180.SI,0.2,-0.06589924772441891,blend_lstm_gbdt
2019-12-31,801050.SI,0.2,-0.008420096314315173,blend_lstm_gbdt
2019-12-31,801120.SI,0.2,-0.058685391683798604,blend_lstm_gbdt
2019-12-31,801960.SI,0.2,-0.025800077141332478,blend_lstm_gbdt
2020-01-31,801120.SI,0.2,-0.02401867952580017,blend_lstm_gbdt
2020-01-31,801740.SI,0.2,0.008536711300815902,blend_lstm_gbdt
2020-01-31,801180.SI,0.2,-0.019329334447368063,blend_lstm_gbdt
2020-01-31,801210.SI,0.2,-0.03109577007373754,blend_lstm_gbdt
2020-01-31,801170.SI,0.2,-0.059987497920067745,blend_lstm_gbdt
2020-02-29,801170.SI,0.2,-0.03072374464176353,blend_lstm_gbdt
2020-02-29,801210.SI,0.2,-0.09656332022499692,blend_lstm_gbdt
2020-02-29,801960.SI,0.2,-0.08012861511983527,blend_lstm_gbdt
2020-02-29,801130.SI,0.2,-0.04019133294942234,blend_lstm_gbdt
2020-02-29,801010.SI,0.2,0.11299716074379207,blend_lstm_gbdt
2020-03-31,801130.SI,0.2,-0.05234965352475052,blend_lstm_gbdt
2020-03-31,801180.SI,0.2,0.042294245129231633,blend_lstm_gbdt
2020-03-31,801160.SI,0.2,0.01914197557880004,blend_lstm_gbdt
2020-03-31,801140.SI,0.2,0.007117146596858692,blend_lstm_gbdt
2020-03-31,801050.SI,0.2,0.01970996188113916,blend_lstm_gbdt
2020-04-30,801130.SI,0.2,-0.004580170088009927,blend_lstm_gbdt
2020-04-30,801180.SI,0.2,-0.030954636299287963,blend_lstm_gbdt
2020-04-30,801050.SI,0.2,0.041198613655271776,blend_lstm_gbdt
2020-04-30,801710.SI,0.2,-0.016152427675268255,blend_lstm_gbdt
2020-04-30,801760.SI,0.2,0.023830538393645018,blend_lstm_gbdt
2020-05-31,801770.SI,0.2,0.07804701564427452,blend_lstm_gbdt
2020-05-31,801180.SI,0.2,0.04641532640308088,blend_lstm_gbdt
2020-05-31,801030.SI,0.2,0.06464792669431318,blend_lstm_gbdt
2020-05-31,801720.SI,0.2,-0.008260212111548815,blend_lstm_gbdt
2020-05-31,801050.SI,0.2,0.0466917007660721,blend_lstm_gbdt
2020-06-30,801030.SI,0.2,0.18227855385633496,blend_lstm_gbdt
2020-06-30,801710.SI,0.2,0.23918900365964002,blend_lstm_gbdt
2020-06-30,801720.SI,0.2,0.10771704180064301,blend_lstm_gbdt
2020-06-30,801050.SI,0.2,0.20294950311005522,blend_lstm_gbdt
2020-06-30,801180.SI,0.2,0.07537577535344808,blend_lstm_gbdt
2020-07-31,801770.SI,0.2,-0.008491563246290634,blend_lstm_gbdt
2020-07-31,801030.SI,0.2,0.040956327042188434,blend_lstm_gbdt
2020-07-31,801230.SI,0.2,0.02199556332820829,blend_lstm_gbdt
2020-07-31,801750.SI,0.2,-0.0026693271841901067,blend_lstm_gbdt
2020-07-31,801760.SI,0.2,0.02995870178958926,blend_lstm_gbdt
2020-08-31,801750.SI,0.2,-0.08843452913312788,blend_lstm_gbdt
2020-08-31,801120.SI,0.2,-0.09181520053461079,blend_lstm_gbdt
2020-08-31,801200.SI,0.2,-0.08170594495198469,blend_lstm_gbdt
2020-08-31,801230.SI,0.2,-0.1074156167813215,blend_lstm_gbdt
2020-08-31,801030.SI,0.2,-0.060199486233813215,blend_lstm_gbdt
2020-09-30,801230.SI,0.2,0.018965517241379404,blend_lstm_gbdt
2020-09-30,801120.SI,0.2,0.041639557579700615,blend_lstm_gbdt
2020-09-30,801200.SI,0.2,-0.018752126209000464,blend_lstm_gbdt
2020-09-30,801180.SI,0.2,-0.043994356667479195,blend_lstm_gbdt
2020-09-30,801010.SI,0.2,-0.04603405777997327,blend_lstm_gbdt
2020-10-31,801150.SI,0.2,-0.0663055883876954,blend_lstm_gbdt
2020-10-31,801200.SI,0.2,-0.011522666223198086,blend_lstm_gbdt
2020-10-31,801210.SI,0.2,0.015808833012623813,blend_lstm_gbdt
2020-10-31,801040.SI,0.2,0.10911016949152552,blend_lstm_gbdt
2020-10-31,801880.SI,0.2,0.08008455735505793,blend_lstm_gbdt
2020-11-30,801210.SI,0.2,0.24981336215258687,blend_lstm_gbdt
2020-11-30,801150.SI,0.2,0.09518135546650774,blend_lstm_gbdt
2020-11-30,801080.SI,0.2,0.009391242799336563,blend_lstm_gbdt
2020-11-30,801120.SI,0.2,0.17986788868336068,blend_lstm_gbdt
2020-11-30,801880.SI,0.2,-0.004273727911804248,blend_lstm_gbdt
2020-12-31,801210.SI,0.2,0.01187183811129855,blend_lstm_gbdt
2020-12-31,801010.SI,0.2,0.003194398303135726,blend_lstm_gbdt
2020-12-31,801150.SI,0.2,0.0053364002109719255,blend_lstm_gbdt
2020-12-31,801030.SI,0.2,0.06650023567067498,blend_lstm_gbdt
2020-12-31,801710.SI,0.2,0.012175467947783236,blend_lstm_gbdt
2021-01-31,801150.SI,0.2,-0.016065881066194,blend_lstm_gbdt
2021-01-31,801110.SI,0.2,-0.015302750770905926,blend_lstm_gbdt
2021-01-31,801710.SI,0.2,0.03659502841393736,blend_lstm_gbdt
2021-01-31,801010.SI,0.2,0.08307774607703267,blend_lstm_gbdt
2021-01-31,801030.SI,0.2,0.04289755719031918,blend_lstm_gbdt
2021-02-28,801880.SI,0.2,-0.059128589596250336,blend_lstm_gbdt
2021-02-28,801710.SI,0.2,0.010153651852502055,blend_lstm_gbdt
2021-02-28,801010.SI,0.2,-0.07562803846904664,blend_lstm_gbdt
2021-02-28,801150.SI,0.2,-0.030125196600598758,blend_lstm_gbdt
2021-02-28,801110.SI,0.2,-0.03301329288120691,blend_lstm_gbdt
2021-03-31,801880.SI,0.2,0.03217178708112445,blend_lstm_gbdt
2021-03-31,801950.SI,0.2,0.05932698893535515,blend_lstm_gbdt
2021-03-31,801010.SI,0.2,0.001099186296810828,blend_lstm_gbdt
2021-03-31,801120.SI,0.2,0.05978878414696531,blend_lstm_gbdt
2021-03-31,801210.SI,0.2,0.013222545914387762,blend_lstm_gbdt
2021-04-30,801010.SI,0.2,-0.04722328123014363,blend_lstm_gbdt
2021-04-30,801150.SI,0.2,0.02956012113350348,blend_lstm_gbdt
2021-04-30,801120.SI,0.2,0.09219313599121182,blend_lstm_gbdt
2021-04-30,801880.SI,0.2,0.05699420357060059,blend_lstm_gbdt
2021-04-30,801730.SI,0.2,0.07704547572453646,blend_lstm_gbdt
2021-05-31,801080.SI,0.2,0.11816785960940179,blend_lstm_gbdt
2021-05-31,801030.SI,0.2,0.05371075641519396,blend_lstm_gbdt
2021-05-31,801880.SI,0.2,0.09067793041000116,blend_lstm_gbdt
2021-05-31,801120.SI,0.2,-0.05664675830488308,blend_lstm_gbdt
2021-05-31,801010.SI,0.2,-0.03715154586923464,blend_lstm_gbdt
2021-06-30,801210.SI,0.2,-0.19737708969719914,blend_lstm_gbdt
2021-06-30,801230.SI,0.2,-0.03898725927395219,blend_lstm_gbdt
2021-06-30,801720.SI,0.2,-0.006332347065220123,blend_lstm_gbdt
2021-06-30,801710.SI,0.2,-0.058214393371799344,blend_lstm_gbdt
2021-06-30,801970.SI,0.2,0.002736083447978377,blend_lstm_gbdt
2021-07-31,801950.SI,0.2,0.27566168903042887,blend_lstm_gbdt
2021-07-31,801230.SI,0.2,0.10550428282887858,blend_lstm_gbdt
2021-07-31,801980.SI,0.2,-0.0557364797589569,blend_lstm_gbdt
2021-07-31,801120.SI,0.2,-0.04279989087180258,blend_lstm_gbdt
2021-07-31,801210.SI,0.2,0.009105150924949568,blend_lstm_gbdt
2021-08-31,801710.SI,0.2,-0.07817685247587869,blend_lstm_gbdt
2021-08-31,801140.SI,0.2,-0.032696121025778235,blend_lstm_gbdt
2021-08-31,801080.SI,0.2,-0.03931068677553984,blend_lstm_gbdt
2021-08-31,801210.SI,0.2,0.07327774461357106,blend_lstm_gbdt
2021-08-31,801980.SI,0.2,-0.007030471219399703,blend_lstm_gbdt
2021-09-30,801080.SI,0.2,0.017013451456902695,blend_lstm_gbdt
2021-09-30,801210.SI,0.2,0.03277751962022113,blend_lstm_gbdt
2021-09-30,801120.SI,0.2,0.017800593008912458,blend_lstm_gbdt
2021-09-30,801880.SI,0.2,0.09899911463938826,blend_lstm_gbdt
2021-09-30,801980.SI,0.2,0.04368213290285139,blend_lstm_gbdt
2021-10-31,801080.SI,0.2,0.08530447760597637,blend_lstm_gbdt
2021-10-31,801120.SI,0.2,0.014978765644826808,blend_lstm_gbdt
2021-10-31,801210.SI,0.2,-0.1661897748428235,blend_lstm_gbdt
2021-10-31,801880.SI,0.2,0.05222065826120814,blend_lstm_gbdt
2021-10-31,801980.SI,0.2,-0.054143213791136624,blend_lstm_gbdt
2021-11-30,801950.SI,0.2,0.07674081756732587,blend_lstm_gbdt
2021-11-30,801040.SI,0.2,0.015706221194255354,blend_lstm_gbdt
2021-11-30,801050.SI,0.2,-0.06215481550209623,blend_lstm_gbdt
2021-11-30,801880.SI,0.2,-0.04797536338719266,blend_lstm_gbdt
2021-11-30,801080.SI,0.2,0.011380518364018322,blend_lstm_gbdt
2021-12-31,801950.SI,0.2,-0.042096041585358734,blend_lstm_gbdt
2021-12-31,801050.SI,0.2,-0.10737522211905937,blend_lstm_gbdt
2021-12-31,801040.SI,0.2,-0.07358927767682988,blend_lstm_gbdt
2021-12-31,801010.SI,0.2,-0.04599045192090567,blend_lstm_gbdt
2021-12-31,801120.SI,0.2,-0.10589043116922292,blend_lstm_gbdt
2022-01-31,801950.SI,0.2,0.1553258349045359,blend_lstm_gbdt
2022-01-31,801040.SI,0.2,0.07910013207947797,blend_lstm_gbdt
2022-01-31,801050.SI,0.2,0.17175770278114344,blend_lstm_gbdt
2022-01-31,801120.SI,0.2,-0.007451832313715712,blend_lstm_gbdt
2022-01-31,801730.SI,0.2,0.02543255922114751,blend_lstm_gbdt
2022-02-28,801120.SI,0.2,-0.10261061880532174,blend_lstm_gbdt
2022-02-28,801730.SI,0.2,-0.1009533445559927,blend_lstm_gbdt
2022-02-28,801080.SI,0.2,-0.14973257590857747,blend_lstm_gbdt
2022-02-28,801880.SI,0.2,-0.11557059554664528,blend_lstm_gbdt
2022-02-28,801040.SI,0.2,-0.1010232055549255,blend_lstm_gbdt
2022-03-31,801080.SI,0.2,-0.1390666054561971,blend_lstm_gbdt
2022-03-31,801730.SI,0.2,-0.15533573676592138,blend_lstm_gbdt
2022-03-31,801880.SI,0.2,-0.09136843466470412,blend_lstm_gbdt
2022-03-31,801890.SI,0.2,-0.14043790506218257,blend_lstm_gbdt
2022-03-31,801740.SI,0.2,-0.13436190124693537,blend_lstm_gbdt
2022-04-30,801080.SI,0.2,0.08955769983492456,blend_lstm_gbdt
2022-04-30,801740.SI,0.2,0.11271841333891652,blend_lstm_gbdt
2022-04-30,801890.SI,0.2,0.10414815660126675,blend_lstm_gbdt
2022-04-30,801750.SI,0.2,0.02185607668759637,blend_lstm_gbdt
2022-04-30,801770.SI,0.2,0.06084310401657489,blend_lstm_gbdt
2022-05-31,801890.SI,0.2,0.1043201582778428,blend_lstm_gbdt
2022-05-31,801030.SI,0.2,0.08126292568592297,blend_lstm_gbdt
2022-05-31,801050.SI,0.2,0.1196406354675088,blend_lstm_gbdt
2022-05-31,801210.SI,0.2,0.11123127393647025,blend_lstm_gbdt
2022-05-31,801140.SI,0.2,0.08444495083174108,blend_lstm_gbdt
2022-06-30,801120.SI,0.2,-0.0968960160949317,blend_lstm_gbdt
2022-06-30,801140.SI,0.2,-0.05632288880088565,blend_lstm_gbdt
2022-06-30,801210.SI,0.2,-0.09205010900759025,blend_lstm_gbdt
2022-06-30,801710.SI,0.2,-0.10062368410598654,blend_lstm_gbdt
2022-06-30,801720.SI,0.2,-0.028150821714515883,blend_lstm_gbdt
2022-07-31,801030.SI,0.2,-0.02748553507202056,blend_lstm_gbdt
2022-07-31,801950.SI,0.2,0.07851913380448483,blend_lstm_gbdt
2022-07-31,801180.SI,0.2,-0.010950607287449343,blend_lstm_gbdt
2022-07-31,801010.SI,0.2,0.00520315585094866,blend_lstm_gbdt
2022-07-31,801050.SI,0.2,-0.06482222310719477,blend_lstm_gbdt
2022-08-31,801950.SI,0.2,0.016902224244873754,blend_lstm_gbdt
2022-08-31,801120.SI,0.2,-0.03072268896143826,blend_lstm_gbdt
2022-08-31,801010.SI,0.2,-0.10378327426082179,blend_lstm_gbdt
2022-08-31,801170.SI,0.2,-0.026708871588673078,blend_lstm_gbdt
2022-08-31,801150.SI,0.2,-0.06824914019871986,blend_lstm_gbdt
2022-09-30,801730.SI,0.2,-0.012076447842309213,blend_lstm_gbdt
2022-09-30,801880.SI,0.2,-0.015063249621694919,blend_lstm_gbdt
2022-09-30,801050.SI,0.2,-0.03542731376927111,blend_lstm_gbdt
2022-09-30,801150.SI,0.2,0.05697345147845989,blend_lstm_gbdt
2022-09-30,801120.SI,0.2,-0.22138912887662965,blend_lstm_gbdt
2022-10-31,801050.SI,0.2,0.07505246456573023,blend_lstm_gbdt
2022-10-31,801880.SI,0.2,0.08037334372711769,blend_lstm_gbdt
2022-10-31,801730.SI,0.2,0.013443772498649809,blend_lstm_gbdt
2022-10-31,801080.SI,0.2,0.032355769230769216,blend_lstm_gbdt
2022-10-31,801180.SI,0.2,0.27797199405581785,blend_lstm_gbdt
2022-11-30,801120.SI,0.2,0.10776059249651104,blend_lstm_gbdt
2022-11-30,801950.SI,0.2,-0.10878577360365793,blend_lstm_gbdt
2022-11-30,801030.SI,0.2,-0.04356119625674004,blend_lstm_gbdt
2022-11-30,801880.SI,0.2,-0.0642889667250438,blend_lstm_gbdt
2022-11-30,801140.SI,0.2,0.0087773696512905,blend_lstm_gbdt
2019-01-31,801720.SI,0.1,0.14399025536834986,blend_lstm_gbdt__trend
2019-01-31,801890.SI,0.1,0.19204658727244106,blend_lstm_gbdt__trend
2019-01-31,801710.SI,0.1,0.15873696963578077,blend_lstm_gbdt__trend
2019-01-31,801730.SI,0.1,0.17077446943734476,blend_lstm_gbdt__trend
2019-01-31,801030.SI,0.1,0.1793120172773528,blend_lstm_gbdt__trend
2019-02-28,801180.SI,0.2,0.11857409882425873,blend_lstm_gbdt__trend
2019-02-28,801890.SI,0.2,0.09378740933737073,blend_lstm_gbdt__trend
2019-02-28,801720.SI,0.2,0.049969013721306466,blend_lstm_gbdt__trend
2019-02-28,801030.SI,0.2,0.09610422866365864,blend_lstm_gbdt__trend
2019-02-28,801880.SI,0.2,0.03894848010586438,blend_lstm_gbdt__trend
2019-03-31,801140.SI,0.2,-0.06697343551872914,blend_lstm_gbdt__trend
2019-03-31,801890.SI,0.2,-0.04706147445337716,blend_lstm_gbdt__trend
2019-03-31,801720.SI,0.2,-0.04996771548428747,blend_lstm_gbdt__trend
2019-03-31,801180.SI,0.2,-0.03965245925768801,blend_lstm_gbdt__trend
2019-03-31,801730.SI,0.2,-0.05081937950070958,blend_lstm_gbdt__trend
2019-04-30,801140.SI,0.2,-0.07448608914910892,blend_lstm_gbdt__trend
2019-04-30,801710.SI,0.2,-0.0404388209752472,blend_lstm_gbdt__trend
2019-04-30,801890.SI,0.2,-0.05659755943081535,blend_lstm_gbdt__trend
2019-04-30,801010.SI,0.2,-0.017263242757527997,blend_lstm_gbdt__trend
2019-04-30,801210.SI,0.2,-0.05811834333623178,blend_lstm_gbdt__trend
2019-05-31,801140.SI,0.2,-0.005337987911027353,blend_lstm_gbdt__trend
2019-05-31,801210.SI,0.2,0.08223533854011422,blend_lstm_gbdt__trend
2019-05-31,801770.SI,0.2,0.03531913028230771,blend_lstm_gbdt__trend
2019-05-31,801740.SI,0.2,-0.0006183682248349642,blend_lstm_gbdt__trend
2019-05-31,801890.SI,0.2,0.019755981846338422,blend_lstm_gbdt__trend
2019-06-30,801740.SI,0.2,0.04998430704389545,blend_lstm_gbdt__trend
2019-06-30,801720.SI,0.2,-0.025825577263055566,blend_lstm_gbdt__trend
2019-06-30,801890.SI,0.2,-0.0039940308988763995,blend_lstm_gbdt__trend
2019-06-30,801210.SI,0.2,0.010552112008306747,blend_lstm_gbdt__trend
2019-06-30,801140.SI,0.2,-0.027083865277036323,blend_lstm_gbdt__trend
2019-07-31,801140.SI,0.2,-0.015841886520558623,blend_lstm_gbdt__trend
2019-07-31,801720.SI,0.2,-0.056913159523083845,blend_lstm_gbdt__trend
2019-07-31,801180.SI,0.2,-0.06717407232245898,blend_lstm_gbdt__trend
2019-07-31,801770.SI,0.2,-0.05314475375486416,blend_lstm_gbdt__trend
2019-07-31,801890.SI,0.2,-0.046252148239545265,blend_lstm_gbdt__trend
2019-08-31,801140.SI,0.2,0.0008581776573204358,blend_lstm_gbdt__trend
2019-08-31,801770.SI,0.2,0.05474223497087394,blend_lstm_gbdt__trend
2019-08-31,801180.SI,0.2,0.012871838518845324,blend_lstm_gbdt__trend
2019-08-31,801720.SI,0.2,0.004886575626857459,blend_lstm_gbdt__trend
2019-08-31,801740.SI,0.2,-0.06933927973404552,blend_lstm_gbdt__trend
2019-09-30,801720.SI,0.2,-0.018710623638728996,blend_lstm_gbdt__trend
2019-09-30,801770.SI,0.2,-0.019283831554078423,blend_lstm_gbdt__trend
2019-09-30,801180.SI,0.2,0.020117953399589217,blend_lstm_gbdt__trend
2019-09-30,801030.SI,0.2,-0.009330326581564852,blend_lstm_gbdt__trend
2019-09-30,801710.SI,0.2,0.013792463983124614,blend_lstm_gbdt__trend
2019-10-31,801770.SI,0.1,-0.042485584204872695,blend_lstm_gbdt__trend
2019-10-31,801740.SI,0.1,-0.01736677636127315,blend_lstm_gbdt__trend
2019-10-31,801210.SI,0.1,-0.044744089739466086,blend_lstm_gbdt__trend
2019-10-31,801050.SI,0.1,0.00930789965387313,blend_lstm_gbdt__trend
2019-10-31,801710.SI,0.1,0.0526033985373866,blend_lstm_gbdt__trend
2019-11-30,801740.SI,0.1,0.05666094428653179,blend_lstm_gbdt__trend
2019-11-30,801210.SI,0.1,0.08231749555872403,blend_lstm_gbdt__trend
2019-11-30,801050.SI,0.1,0.15246180867731107,blend_lstm_gbdt__trend
2019-11-30,801770.SI,0.1,0.08224514893497159,blend_lstm_gbdt__trend
2019-11-30,801710.SI,0.1,0.14377078351474704,blend_lstm_gbdt__trend
2019-12-31,801740.SI,0.2,0.0316497838226546,blend_lstm_gbdt__trend
2019-12-31,801180.SI,0.2,-0.06589924772441891,blend_lstm_gbdt__trend
2019-12-31,801050.SI,0.2,-0.008420096314315173,blend_lstm_gbdt__trend
2019-12-31,801120.SI,0.2,-0.058685391683798604,blend_lstm_gbdt__trend
2019-12-31,801960.SI,0.2,-0.025800077141332478,blend_lstm_gbdt__trend
2020-01-31,801120.SI,0.2,-0.02401867952580017,blend_lstm_gbdt__trend
2020-01-31,801740.SI,0.2,0.008536711300815902,blend_lstm_gbdt__trend
2020-01-31,801180.SI,0.2,-0.019329334447368063,blend_lstm_gbdt__trend
2020-01-31,801210.SI,0.2,-0.03109577007373754,blend_lstm_gbdt__trend
2020-01-31,801170.SI,0.2,-0.059987497920067745,blend_lstm_gbdt__trend
2020-02-29,801170.SI,0.2,-0.03072374464176353,blend_lstm_gbdt__trend
2020-02-29,801210.SI,0.2,-0.09656332022499692,blend_lstm_gbdt__trend
2020-02-29,801960.SI,0.2,-0.08012861511983527,blend_lstm_gbdt__trend
2020-02-29,801130.SI,0.2,-0.04019133294942234,blend_lstm_gbdt__trend
2020-02-29,801010.SI,0.2,0.11299716074379207,blend_lstm_gbdt__trend
2020-03-31,801130.SI,0.1,-0.05234965352475052,blend_lstm_gbdt__trend
2020-03-31,801180.SI,0.1,0.042294245129231633,blend_lstm_gbdt__trend
2020-03-31,801160.SI,0.1,0.01914197557880004,blend_lstm_gbdt__trend
2020-03-31,801140.SI,0.1,0.007117146596858692,blend_lstm_gbdt__trend
2020-03-31,801050.SI,0.1,0.01970996188113916,blend_lstm_gbdt__trend
2020-04-30,801130.SI,0.2,-0.004580170088009927,blend_lstm_gbdt__trend
2020-04-30,801180.SI,0.2,-0.030954636299287963,blend_lstm_gbdt__trend
2020-04-30,801050.SI,0.2,0.041198613655271776,blend_lstm_gbdt__trend
2020-04-30,801710.SI,0.2,-0.016152427675268255,blend_lstm_gbdt__trend
2020-04-30,801760.SI,0.2,0.023830538393645018,blend_lstm_gbdt__trend
2020-05-31,801770.SI,0.2,0.07804701564427452,blend_lstm_gbdt__trend
2020-05-31,801180.SI,0.2,0.04641532640308088,blend_lstm_gbdt__trend
2020-05-31,801030.SI,0.2,0.06464792669431318,blend_lstm_gbdt__trend
2020-05-31,801720.SI,0.2,-0.008260212111548815,blend_lstm_gbdt__trend
2020-05-31,801050.SI,0.2,0.0466917007660721,blend_lstm_gbdt__trend
2020-06-30,801030.SI,0.2,0.18227855385633496,blend_lstm_gbdt__trend
2020-06-30,801710.SI,0.2,0.23918900365964002,blend_lstm_gbdt__trend
2020-06-30,801720.SI,0.2,0.10771704180064301,blend_lstm_gbdt__trend
2020-06-30,801050.SI,0.2,0.20294950311005522,blend_lstm_gbdt__trend
2020-06-30,801180.SI,0.2,0.07537577535344808,blend_lstm_gbdt__trend
2020-07-31,801770.SI,0.2,-0.008491563246290634,blend_lstm_gbdt__trend
2020-07-31,801030.SI,0.2,0.040956327042188434,blend_lstm_gbdt__trend
2020-07-31,801230.SI,0.2,0.02199556332820829,blend_lstm_gbdt__trend
2020-07-31,801750.SI,0.2,-0.0026693271841901067,blend_lstm_gbdt__trend
2020-07-31,801760.SI,0.2,0.02995870178958926,blend_lstm_gbdt__trend
2020-08-31,801750.SI,0.2,-0.08843452913312788,blend_lstm_gbdt__trend
2020-08-31,801120.SI,0.2,-0.09181520053461079,blend_lstm_gbdt__trend
2020-08-31,801200.SI,0.2,-0.08170594495198469,blend_lstm_gbdt__trend
2020-08-31,801230.SI,0.2,-0.1074156167813215,blend_lstm_gbdt__trend
2020-08-31,801030.SI,0.2,-0.060199486233813215,blend_lstm_gbdt__trend
2020-09-30,801230.SI,0.2,0.018965517241379404,blend_lstm_gbdt__trend
2020-09-30,801120.SI,0.2,0.041639557579700615,blend_lstm_gbdt__trend
2020-09-30,801200.SI,0.2,-0.018752126209000464,blend_lstm_gbdt__trend
2020-09-30,801180.SI,0.2,-0.043994356667479195,blend_lstm_gbdt__trend
2020-09-30,801010.SI,0.2,-0.04603405777997327,blend_lstm_gbdt__trend
2020-10-31,801150.SI,0.2,-0.0663055883876954,blend_lstm_gbdt__trend
2020-10-31,801200.SI,0.2,-0.011522666223198086,blend_lstm_gbdt__trend
2020-10-31,801210.SI,0.2,0.015808833012623813,blend_lstm_gbdt__trend
2020-10-31,801040.SI,0.2,0.10911016949152552,blend_lstm_gbdt__trend
2020-10-31,801880.SI,0.2,0.08008455735505793,blend_lstm_gbdt__trend
2020-11-30,801210.SI,0.2,0.24981336215258687,blend_lstm_gbdt__trend
2020-11-30,801150.SI,0.2,0.09518135546650774,blend_lstm_gbdt__trend
2020-11-30,801080.SI,0.2,0.009391242799336563,blend_lstm_gbdt__trend
2020-11-30,801120.SI,0.2,0.17986788868336068,blend_lstm_gbdt__trend
2020-11-30,801880.SI,0.2,-0.004273727911804248,blend_lstm_gbdt__trend
2020-12-31,801210.SI,0.2,0.01187183811129855,blend_lstm_gbdt__trend
2020-12-31,801010.SI,0.2,0.003194398303135726,blend_lstm_gbdt__trend
2020-12-31,801150.SI,0.2,0.0053364002109719255,blend_lstm_gbdt__trend
2020-12-31,801030.SI,0.2,0.06650023567067498,blend_lstm_gbdt__trend
2020-12-31,801710.SI,0.2,0.012175467947783236,blend_lstm_gbdt__trend
2021-01-31,801150.SI,0.2,-0.016065881066194,blend_lstm_gbdt__trend
2021-01-31,801110.SI,0.2,-0.015302750770905926,blend_lstm_gbdt__trend
2021-01-31,801710.SI,0.2,0.03659502841393736,blend_lstm_gbdt__trend
2021-01-31,801010.SI,0.2,0.08307774607703267,blend_lstm_gbdt__trend
2021-01-31,801030.SI,0.2,0.04289755719031918,blend_lstm_gbdt__trend
2021-02-28,801880.SI,0.2,-0.059128589596250336,blend_lstm_gbdt__trend
2021-02-28,801710.SI,0.2,0.010153651852502055,blend_lstm_gbdt__trend
2021-02-28,801010.SI,0.2,-0.07562803846904664,blend_lstm_gbdt__trend
2021-02-28,801150.SI,0.2,-0.030125196600598758,blend_lstm_gbdt__trend
2021-02-28,801110.SI,0.2,-0.03301329288120691,blend_lstm_gbdt__trend
2021-03-31,801880.SI,0.2,0.03217178708112445,blend_lstm_gbdt__trend
2021-03-31,801950.SI,0.2,0.05932698893535515,blend_lstm_gbdt__trend
2021-03-31,801010.SI,0.2,0.001099186296810828,blend_lstm_gbdt__trend
2021-03-31,801120.SI,0.2,0.05978878414696531,blend_lstm_gbdt__trend
2021-03-31,801210.SI,0.2,0.013222545914387762,blend_lstm_gbdt__trend
2021-04-30,801010.SI,0.2,-0.04722328123014363,blend_lstm_gbdt__trend
2021-04-30,801150.SI,0.2,0.02956012113350348,blend_lstm_gbdt__trend
2021-04-30,801120.SI,0.2,0.09219313599121182,blend_lstm_gbdt__trend
2021-04-30,801880.SI,0.2,0.05699420357060059,blend_lstm_gbdt__trend
2021-04-30,801730.SI,0.2,0.07704547572453646,blend_lstm_gbdt__trend
2021-05-31,801080.SI,0.2,0.11816785960940179,blend_lstm_gbdt__trend
2021-05-31,801030.SI,0.2,0.05371075641519396,blend_lstm_gbdt__trend
2021-05-31,801880.SI,0.2,0.09067793041000116,blend_lstm_gbdt__trend
2021-05-31,801120.SI,0.2,-0.05664675830488308,blend_lstm_gbdt__trend
2021-05-31,801010.SI,0.2,-0.03715154586923464,blend_lstm_gbdt__trend
2021-06-30,801210.SI,0.2,-0.19737708969719914,blend_lstm_gbdt__trend
2021-06-30,801230.SI,0.2,-0.03898725927395219,blend_lstm_gbdt__trend
2021-06-30,801720.SI,0.2,-0.006332347065220123,blend_lstm_gbdt__trend
2021-06-30,801710.SI,0.2,-0.058214393371799344,blend_lstm_gbdt__trend
2021-06-30,801970.SI,0.2,0.002736083447978377,blend_lstm_gbdt__trend
2021-07-31,801950.SI,0.2,0.27566168903042887,blend_lstm_gbdt__trend
2021-07-31,801230.SI,0.2,0.10550428282887858,blend_lstm_gbdt__trend
2021-07-31,801980.SI,0.2,-0.0557364797589569,blend_lstm_gbdt__trend
2021-07-31,801120.SI,0.2,-0.04279989087180258,blend_lstm_gbdt__trend
2021-07-31,801210.SI,0.2,0.009105150924949568,blend_lstm_gbdt__trend
2021-08-31,801710.SI,0.2,-0.07817685247587869,blend_lstm_gbdt__trend
2021-08-31,801140.SI,0.2,-0.032696121025778235,blend_lstm_gbdt__trend
2021-08-31,801080.SI,0.2,-0.03931068677553984,blend_lstm_gbdt__trend
2021-08-31,801210.SI,0.2,0.07327774461357106,blend_lstm_gbdt__trend
2021-08-31,801980.SI,0.2,-0.007030471219399703,blend_lstm_gbdt__trend
2021-09-30,801080.SI,0.2,0.017013451456902695,blend_lstm_gbdt__trend
2021-09-30,801210.SI,0.2,0.03277751962022113,blend_lstm_gbdt__trend
2021-09-30,801120.SI,0.2,0.017800593008912458,blend_lstm_gbdt__trend
2021-09-30,801880.SI,0.2,0.09899911463938826,blend_lstm_gbdt__trend
2021-09-30,801980.SI,0.2,0.04368213290285139,blend_lstm_gbdt__trend
2021-10-31,801080.SI,0.2,0.08530447760597637,blend_lstm_gbdt__trend
2021-10-31,801120.SI,0.2,0.014978765644826808,blend_lstm_gbdt__trend
2021-10-31,801210.SI,0.2,-0.1661897748428235,blend_lstm_gbdt__trend
2021-10-31,801880.SI,0.2,0.05222065826120814,blend_lstm_gbdt__trend
2021-10-31,801980.SI,0.2,-0.054143213791136624,blend_lstm_gbdt__trend
2021-11-30,801950.SI,0.2,0.07674081756732587,blend_lstm_gbdt__trend
2021-11-30,801040.SI,0.2,0.015706221194255354,blend_lstm_gbdt__trend
2021-11-30,801050.SI,0.2,-0.06215481550209623,blend_lstm_gbdt__trend
2021-11-30,801880.SI,0.2,-0.04797536338719266,blend_lstm_gbdt__trend
2021-11-30,801080.SI,0.2,0.011380518364018322,blend_lstm_gbdt__trend
2021-12-31,801950.SI,0.2,-0.042096041585358734,blend_lstm_gbdt__trend
2021-12-31,801050.SI,0.2,-0.10737522211905937,blend_lstm_gbdt__trend
2021-12-31,801040.SI,0.2,-0.07358927767682988,blend_lstm_gbdt__trend
2021-12-31,801010.SI,0.2,-0.04599045192090567,blend_lstm_gbdt__trend
2021-12-31,801120.SI,0.2,-0.10589043116922292,blend_lstm_gbdt__trend
2022-01-31,801950.SI,0.1,0.1553258349045359,blend_lstm_gbdt__trend
2022-01-31,801040.SI,0.1,0.07910013207947797,blend_lstm_gbdt__trend
2022-01-31,801050.SI,0.1,0.17175770278114344,blend_lstm_gbdt__trend
2022-01-31,801120.SI,0.1,-0.007451832313715712,blend_lstm_gbdt__trend
2022-01-31,801730.SI,0.1,0.02543255922114751,blend_lstm_gbdt__trend
2022-02-28,801120.SI,0.1,-0.10261061880532174,blend_lstm_gbdt__trend
2022-02-28,801730.SI,0.1,-0.1009533445559927,blend_lstm_gbdt__trend
2022-02-28,801080.SI,0.1,-0.14973257590857747,blend_lstm_gbdt__trend
2022-02-28,801880.SI,0.1,-0.11557059554664528,blend_lstm_gbdt__trend
2022-02-28,801040.SI,0.1,-0.1010232055549255,blend_lstm_gbdt__trend
2022-03-31,801080.SI,0.1,-0.1390666054561971,blend_lstm_gbdt__trend
2022-03-31,801730.SI,0.1,-0.15533573676592138,blend_lstm_gbdt__trend
2022-03-31,801880.SI,0.1,-0.09136843466470412,blend_lstm_gbdt__trend
2022-03-31,801890.SI,0.1,-0.14043790506218257,blend_lstm_gbdt__trend
2022-03-31,801740.SI,0.1,-0.13436190124693537,blend_lstm_gbdt__trend
2022-04-30,801080.SI,0.1,0.08955769983492456,blend_lstm_gbdt__trend
2022-04-30,801740.SI,0.1,0.11271841333891652,blend_lstm_gbdt__trend
2022-04-30,801890.SI,0.1,0.10414815660126675,blend_lstm_gbdt__trend
2022-04-30,801750.SI,0.1,0.02185607668759637,blend_lstm_gbdt__trend
2022-04-30,801770.SI,0.1,0.06084310401657489,blend_lstm_gbdt__trend
2022-05-31,801890.SI,0.1,0.1043201582778428,blend_lstm_gbdt__trend
2022-05-31,801030.SI,0.1,0.08126292568592297,blend_lstm_gbdt__trend
2022-05-31,801050.SI,0.1,0.1196406354675088,blend_lstm_gbdt__trend
2022-05-31,801210.SI,0.1,0.11123127393647025,blend_lstm_gbdt__trend
2022-05-31,801140.SI,0.1,0.08444495083174108,blend_lstm_gbdt__trend
2022-06-30,801120.SI,0.2,-0.0968960160949317,blend_lstm_gbdt__trend
2022-06-30,801140.SI,0.2,-0.05632288880088565,blend_lstm_gbdt__trend
2022-06-30,801210.SI,0.2,-0.09205010900759025,blend_lstm_gbdt__trend
2022-06-30,801710.SI,0.2,-0.10062368410598654,blend_lstm_gbdt__trend
2022-06-30,801720.SI,0.2,-0.028150821714515883,blend_lstm_gbdt__trend
2022-07-31,801030.SI,0.1,-0.02748553507202056,blend_lstm_gbdt__trend
2022-07-31,801950.SI,0.1,0.07851913380448483,blend_lstm_gbdt__trend
2022-07-31,801180.SI,0.1,-0.010950607287449343,blend_lstm_gbdt__trend
2022-07-31,801010.SI,0.1,0.00520315585094866,blend_lstm_gbdt__trend
2022-07-31,801050.SI,0.1,-0.06482222310719477,blend_lstm_gbdt__trend
2022-08-31,801950.SI,0.1,0.016902224244873754,blend_lstm_gbdt__trend
2022-08-31,801120.SI,0.1,-0.03072268896143826,blend_lstm_gbdt__trend
2022-08-31,801010.SI,0.1,-0.10378327426082179,blend_lstm_gbdt__trend
2022-08-31,801170.SI,0.1,-0.026708871588673078,blend_lstm_gbdt__trend
2022-08-31,801150.SI,0.1,-0.06824914019871986,blend_lstm_gbdt__trend
2022-09-30,801730.SI,0.1,-0.012076447842309213,blend_lstm_gbdt__trend
2022-09-30,801880.SI,0.1,-0.015063249621694919,blend_lstm_gbdt__trend
2022-09-30,801050.SI,0.1,-0.03542731376927111,blend_lstm_gbdt__trend
2022-09-30,801150.SI,0.1,0.05697345147845989,blend_lstm_gbdt__trend
2022-09-30,801120.SI,0.1,-0.22138912887662965,blend_lstm_gbdt__trend
2022-10-31,801050.SI,0.1,0.07505246456573023,blend_lstm_gbdt__trend
2022-10-31,801880.SI,0.1,0.08037334372711769,blend_lstm_gbdt__trend
2022-10-31,801730.SI,0.1,0.013443772498649809,blend_lstm_gbdt__trend
2022-10-31,801080.SI,0.1,0.032355769230769216,blend_lstm_gbdt__trend
2022-10-31,801180.SI,0.1,0.27797199405581785,blend_lstm_gbdt__trend
2022-11-30,801120.SI,0.1,0.10776059249651104,blend_lstm_gbdt__trend
2022-11-30,801950.SI,0.1,-0.10878577360365793,blend_lstm_gbdt__trend
2022-11-30,801030.SI,0.1,-0.04356119625674004,blend_lstm_gbdt__trend
2022-11-30,801880.SI,0.1,-0.0642889667250438,blend_lstm_gbdt__trend
2022-11-30,801140.SI,0.1,0.0087773696512905,blend_lstm_gbdt__trend
2019-01-31,801720.SI,0.16397130739193774,0.14399025536834986,blend_lstm_gbdt__vol_target
2019-01-31,801890.SI,0.16397130739193774,0.19204658727244106,blend_lstm_gbdt__vol_target
2019-01-31,801710.SI,0.16397130739193774,0.15873696963578077,blend_lstm_gbdt__vol_target
2019-01-31,801730.SI,0.16397130739193774,0.17077446943734476,blend_lstm_gbdt__vol_target
2019-01-31,801030.SI,0.16397130739193774,0.1793120172773528,blend_lstm_gbdt__vol_target
2019-02-28,801180.SI,0.08920042031173513,0.11857409882425873,blend_lstm_gbdt__vol_target
2019-02-28,801890.SI,0.08920042031173513,0.09378740933737073,blend_lstm_gbdt__vol_target
2019-02-28,801720.SI,0.08920042031173513,0.049969013721306466,blend_lstm_gbdt__vol_target
2019-02-28,801030.SI,0.08920042031173513,0.09610422866365864,blend_lstm_gbdt__vol_target
2019-02-28,801880.SI,0.08920042031173513,0.03894848010586438,blend_lstm_gbdt__vol_target
2019-03-31,801140.SI,0.08534904231971954,-0.06697343551872914,blend_lstm_gbdt__vol_target
2019-03-31,801890.SI,0.08534904231971954,-0.04706147445337716,blend_lstm_gbdt__vol_target
2019-03-31,801720.SI,0.08534904231971954,-0.04996771548428747,blend_lstm_gbdt__vol_target
2019-03-31,801180.SI,0.08534904231971954,-0.03965245925768801,blend_lstm_gbdt__vol_target
2019-03-31,801730.SI,0.08534904231971954,-0.05081937950070958,blend_lstm_gbdt__vol_target
2019-04-30,801140.SI,0.10275072955796258,-0.07448608914910892,blend_lstm_gbdt__vol_target
2019-04-30,801710.SI,0.10275072955796258,-0.0404388209752472,blend_lstm_gbdt__vol_target
2019-04-30,801890.SI,0.10275072955796258,-0.05659755943081535,blend_lstm_gbdt__vol_target
2019-04-30,801010.SI,0.10275072955796258,-0.017263242757527997,blend_lstm_gbdt__vol_target
2019-04-30,801210.SI,0.10275072955796258,-0.05811834333623178,blend_lstm_gbdt__vol_target
2019-05-31,801140.SI,0.09125944612388598,-0.005337987911027353,blend_lstm_gbdt__vol_target
2019-05-31,801210.SI,0.09125944612388598,0.08223533854011422,blend_lstm_gbdt__vol_target
2019-05-31,801770.SI,0.09125944612388598,0.03531913028230771,blend_lstm_gbdt__vol_target
2019-05-31,801740.SI,0.09125944612388598,-0.0006183682248349642,blend_lstm_gbdt__vol_target
2019-05-31,801890.SI,0.09125944612388598,0.019755981846338422,blend_lstm_gbdt__vol_target
2019-06-30,801740.SI,0.09599882870375992,0.04998430704389545,blend_lstm_gbdt__vol_target
2019-06-30,801720.SI,0.09599882870375992,-0.025825577263055566,blend_lstm_gbdt__vol_target
2019-06-30,801890.SI,0.09599882870375992,-0.0039940308988763995,blend_lstm_gbdt__vol_target
2019-06-30,801210.SI,0.09599882870375992,0.010552112008306747,blend_lstm_gbdt__vol_target
2019-06-30,801140.SI,0.09599882870375992,-0.027083865277036323,blend_lstm_gbdt__vol_target
2019-07-31,801140.SI,0.09430097816011039,-0.015841886520558623,blend_lstm_gbdt__vol_target
2019-07-31,801720.SI,0.09430097816011039,-0.056913159523083845,blend_lstm_gbdt__vol_target
2019-07-31,801180.SI,0.09430097816011039,-0.06717407232245898,blend_lstm_gbdt__vol_target
2019-07-31,801770.SI,0.09430097816011039,-0.05314475375486416,blend_lstm_gbdt__vol_target
2019-07-31,801890.SI,0.09430097816011039,-0.046252148239545265,blend_lstm_gbdt__vol_target
2019-08-31,801140.SI,0.16744930226965357,0.0008581776573204358,blend_lstm_gbdt__vol_target
2019-08-31,801770.SI,0.16744930226965357,0.05474223497087394,blend_lstm_gbdt__vol_target
2019-08-31,801180.SI,0.16744930226965357,0.012871838518845324,blend_lstm_gbdt__vol_target
2019-08-31,801720.SI,0.16744930226965357,0.004886575626857459,blend_lstm_gbdt__vol_target
2019-08-31,801740.SI,0.16744930226965357,-0.06933927973404552,blend_lstm_gbdt__vol_target
2019-09-30,801720.SI,0.2,-0.018710623638728996,blend_lstm_gbdt__vol_target
2019-09-30,801770.SI,0.2,-0.019283831554078423,blend_lstm_gbdt__vol_target
2019-09-30,801180.SI,0.2,0.020117953399589217,blend_lstm_gbdt__vol_target
2019-09-30,801030.SI,0.2,-0.009330326581564852,blend_lstm_gbdt__vol_target
2019-09-30,801710.SI,0.2,0.013792463983124614,blend_lstm_gbdt__vol_target
2019-10-31,801770.SI,0.2,-0.042485584204872695,blend_lstm_gbdt__vol_target
2019-10-31,801740.SI,0.2,-0.01736677636127315,blend_lstm_gbdt__vol_target
2019-10-31,801210.SI,0.2,-0.044744089739466086,blend_lstm_gbdt__vol_target
2019-10-31,801050.SI,0.2,0.00930789965387313,blend_lstm_gbdt__vol_target
2019-10-31,801710.SI,0.2,0.0526033985373866,blend_lstm_gbdt__vol_target
2019-11-30,801740.SI,0.2,0.05666094428653179,blend_lstm_gbdt__vol_target
2019-11-30,801210.SI,0.2,0.08231749555872403,blend_lstm_gbdt__vol_target
2019-11-30,801050.SI,0.2,0.15246180867731107,blend_lstm_gbdt__vol_target
2019-11-30,801770.SI,0.2,0.08224514893497159,blend_lstm_gbdt__vol_target
2019-11-30,801710.SI,0.2,0.14377078351474704,blend_lstm_gbdt__vol_target
2019-12-31,801740.SI,0.2,0.0316497838226546,blend_lstm_gbdt__vol_target
2019-12-31,801180.SI,0.2,-0.06589924772441891,blend_lstm_gbdt__vol_target
2019-12-31,801050.SI,0.2,-0.008420096314315173,blend_lstm_gbdt__vol_target
2019-12-31,801120.SI,0.2,-0.058685391683798604,blend_lstm_gbdt__vol_target
2019-12-31,801960.SI,0.2,-0.025800077141332478,blend_lstm_gbdt__vol_target
2020-01-31,801120.SI,0.2,-0.02401867952580017,blend_lstm_gbdt__vol_target
2020-01-31,801740.SI,0.2,0.008536711300815902,blend_lstm_gbdt__vol_target
2020-01-31,801180.SI,0.2,-0.019329334447368063,blend_lstm_gbdt__vol_target
2020-01-31,801210.SI,0.2,-0.03109577007373754,blend_lstm_gbdt__vol_target
2020-01-31,801170.SI,0.2,-0.059987497920067745,blend_lstm_gbdt__vol_target
2020-02-29,801170.SI,0.2,-0.03072374464176353,blend_lstm_gbdt__vol_target
2020-02-29,801210.SI,0.2,-0.09656332022499692,blend_lstm_gbdt__vol_target
2020-02-29,801960.SI,0.2,-0.08012861511983527,blend_lstm_gbdt__vol_target
2020-02-29,801130.SI,0.2,-0.04019133294942234,blend_lstm_gbdt__vol_target
2020-02-29,801010.SI,0.2,0.11299716074379207,blend_lstm_gbdt__vol_target
2020-03-31,801130.SI,0.2,-0.05234965352475052,blend_lstm_gbdt__vol_target
2020-03-31,801180.SI,0.2,0.042294245129231633,blend_lstm_gbdt__vol_target
2020-03-31,801160.SI,0.2,0.01914197557880004,blend_lstm_gbdt__vol_target
2020-03-31,801140.SI,0.2,0.007117146596858692,blend_lstm_gbdt__vol_target
2020-03-31,801050.SI,0.2,0.01970996188113916,blend_lstm_gbdt__vol_target
2020-04-30,801130.SI,0.19054858773006775,-0.004580170088009927,blend_lstm_gbdt__vol_target
2020-04-30,801180.SI,0.19054858773006775,-0.030954636299287963,blend_lstm_gbdt__vol_target
2020-04-30,801050.SI,0.19054858773006775,0.041198613655271776,blend_lstm_gbdt__vol_target
2020-04-30,801710.SI,0.19054858773006775,-0.016152427675268255,blend_lstm_gbdt__vol_target
2020-04-30,801760.SI,0.19054858773006775,0.023830538393645018,blend_lstm_gbdt__vol_target
2020-05-31,801770.SI,0.19761127371957907,0.07804701564427452,blend_lstm_gbdt__vol_target
2020-05-31,801180.SI,0.19761127371957907,0.04641532640308088,blend_lstm_gbdt__vol_target
2020-05-31,801030.SI,0.19761127371957907,0.06464792669431318,blend_lstm_gbdt__vol_target
2020-05-31,801720.SI,0.19761127371957907,-0.008260212111548815,blend_lstm_gbdt__vol_target
2020-05-31,801050.SI,0.19761127371957907,0.0466917007660721,blend_lstm_gbdt__vol_target
2020-06-30,801030.SI,0.2,0.18227855385633496,blend_lstm_gbdt__vol_target
2020-06-30,801710.SI,0.2,0.23918900365964002,blend_lstm_gbdt__vol_target
2020-06-30,801720.SI,0.2,0.10771704180064301,blend_lstm_gbdt__vol_target
2020-06-30,801050.SI,0.2,0.20294950311005522,blend_lstm_gbdt__vol_target
2020-06-30,801180.SI,0.2,0.07537577535344808,blend_lstm_gbdt__vol_target
2020-07-31,801770.SI,0.13583295209328558,-0.008491563246290634,blend_lstm_gbdt__vol_target
2020-07-31,801030.SI,0.13583295209328558,0.040956327042188434,blend_lstm_gbdt__vol_target
2020-07-31,801230.SI,0.13583295209328558,0.02199556332820829,blend_lstm_gbdt__vol_target
2020-07-31,801750.SI,0.13583295209328558,-0.0026693271841901067,blend_lstm_gbdt__vol_target
2020-07-31,801760.SI,0.13583295209328558,0.02995870178958926,blend_lstm_gbdt__vol_target
2020-08-31,801750.SI,0.1385403395584752,-0.08843452913312788,blend_lstm_gbdt__vol_target
2020-08-31,801120.SI,0.1385403395584752,-0.09181520053461079,blend_lstm_gbdt__vol_target
2020-08-31,801200.SI,0.1385403395584752,-0.08170594495198469,blend_lstm_gbdt__vol_target
2020-08-31,801230.SI,0.1385403395584752,-0.1074156167813215,blend_lstm_gbdt__vol_target
2020-08-31,801030.SI,0.1385403395584752,-0.060199486233813215,blend_lstm_gbdt__vol_target
2020-09-30,801230.SI,0.12981340934077137,0.018965517241379404,blend_lstm_gbdt__vol_target
2020-09-30,801120.SI,0.12981340934077137,0.041639557579700615,blend_lstm_gbdt__vol_target
2020-09-30,801200.SI,0.12981340934077137,-0.018752126209000464,blend_lstm_gbdt__vol_target
2020-09-30,801180.SI,0.12981340934077137,-0.043994356667479195,blend_lstm_gbdt__vol_target
2020-09-30,801010.SI,0.12981340934077137,-0.04603405777997327,blend_lstm_gbdt__vol_target
2020-10-31,801150.SI,0.12802445908687174,-0.0663055883876954,blend_lstm_gbdt__vol_target
2020-10-31,801200.SI,0.12802445908687174,-0.011522666223198086,blend_lstm_gbdt__vol_target
2020-10-31,801210.SI,0.12802445908687174,0.015808833012623813,blend_lstm_gbdt__vol_target
2020-10-31,801040.SI,0.12802445908687174,0.10911016949152552,blend_lstm_gbdt__vol_target
2020-10-31,801880.SI,0.12802445908687174,0.08008455735505793,blend_lstm_gbdt__vol_target
2020-11-30,801210.SI,0.12887963173552902,0.24981336215258687,blend_lstm_gbdt__vol_target
2020-11-30,801150.SI,0.12887963173552902,0.09518135546650774,blend_lstm_gbdt__vol_target
2020-11-30,801080.SI,0.12887963173552902,0.009391242799336563,blend_lstm_gbdt__vol_target
2020-11-30,801120.SI,0.12887963173552902,0.17986788868336068,blend_lstm_gbdt__vol_target
2020-11-30,801880.SI,0.12887963173552902,-0.004273727911804248,blend_lstm_gbdt__vol_target
2020-12-31,801210.SI,0.13249745975100496,0.01187183811129855,blend_lstm_gbdt__vol_target
2020-12-31,801010.SI,0.13249745975100496,0.003194398303135726,blend_lstm_gbdt__vol_target
2020-12-31,801150.SI,0.13249745975100496,0.0053364002109719255,blend_lstm_gbdt__vol_target
2020-12-31,801030.SI,0.13249745975100496,0.06650023567067498,blend_lstm_gbdt__vol_target
2020-12-31,801710.SI,0.13249745975100496,0.012175467947783236,blend_lstm_gbdt__vol_target
2021-01-31,801150.SI,0.2,-0.016065881066194,blend_lstm_gbdt__vol_target
2021-01-31,801110.SI,0.2,-0.015302750770905926,blend_lstm_gbdt__vol_target
2021-01-31,801710.SI,0.2,0.03659502841393736,blend_lstm_gbdt__vol_target
2021-01-31,801010.SI,0.2,0.08307774607703267,blend_lstm_gbdt__vol_target
2021-01-31,801030.SI,0.2,0.04289755719031918,blend_lstm_gbdt__vol_target
2021-02-28,801880.SI,0.2,-0.059128589596250336,blend_lstm_gbdt__vol_target
2021-02-28,801710.SI,0.2,0.010153651852502055,blend_lstm_gbdt__vol_target
2021-02-28,801010.SI,0.2,-0.07562803846904664,blend_lstm_gbdt__vol_target
2021-02-28,801150.SI,0.2,-0.030125196600598758,blend_lstm_gbdt__vol_target
2021-02-28,801110.SI,0.2,-0.03301329288120691,blend_lstm_gbdt__vol_target
2021-03-31,801880.SI,0.2,0.03217178708112445,blend_lstm_gbdt__vol_target
2021-03-31,801950.SI,0.2,0.05932698893535515,blend_lstm_gbdt__vol_target
2021-03-31,801010.SI,0.2,0.001099186296810828,blend_lstm_gbdt__vol_target
2021-03-31,801120.SI,0.2,0.05978878414696531,blend_lstm_gbdt__vol_target
2021-03-31,801210.SI,0.2,0.013222545914387762,blend_lstm_gbdt__vol_target
2021-04-30,801010.SI,0.2,-0.04722328123014363,blend_lstm_gbdt__vol_target
2021-04-30,801150.SI,0.2,0.02956012113350348,blend_lstm_gbdt__vol_target
2021-04-30,801120.SI,0.2,0.09219313599121182,blend_lstm_gbdt__vol_target
2021-04-30,801880.SI,0.2,0.05699420357060059,blend_lstm_gbdt__vol_target
2021-04-30,801730.SI,0.2,0.07704547572453646,blend_lstm_gbdt__vol_target
2021-05-31,801080.SI,0.2,0.11816785960940179,blend_lstm_gbdt__vol_target
2021-05-31,801030.SI,0.2,0.05371075641519396,blend_lstm_gbdt__vol_target
2021-05-31,801880.SI,0.2,0.09067793041000116,blend_lstm_gbdt__vol_target
2021-05-31,801120.SI,0.2,-0.05664675830488308,blend_lstm_gbdt__vol_target
2021-05-31,801010.SI,0.2,-0.03715154586923464,blend_lstm_gbdt__vol_target
2021-06-30,801210.SI,0.2,-0.19737708969719914,blend_lstm_gbdt__vol_target
2021-06-30,801230.SI,0.2,-0.03898725927395219,blend_lstm_gbdt__vol_target
2021-06-30,801720.SI,0.2,-0.006332347065220123,blend_lstm_gbdt__vol_target
2021-06-30,801710.SI,0.2,-0.058214393371799344,blend_lstm_gbdt__vol_target
2021-06-30,801970.SI,0.2,0.002736083447978377,blend_lstm_gbdt__vol_target
2021-07-31,801950.SI,0.2,0.27566168903042887,blend_lstm_gbdt__vol_target
2021-07-31,801230.SI,0.2,0.10550428282887858,blend_lstm_gbdt__vol_target
2021-07-31,801980.SI,0.2,-0.0557364797589569,blend_lstm_gbdt__vol_target
2021-07-31,801120.SI,0.2,-0.04279989087180258,blend_lstm_gbdt__vol_target
2021-07-31,801210.SI,0.2,0.009105150924949568,blend_lstm_gbdt__vol_target
2021-08-31,801710.SI,0.2,-0.07817685247587869,blend_lstm_gbdt__vol_target
2021-08-31,801140.SI,0.2,-0.032696121025778235,blend_lstm_gbdt__vol_target
2021-08-31,801080.SI,0.2,-0.03931068677553984,blend_lstm_gbdt__vol_target
2021-08-31,801210.SI,0.2,0.07327774461357106,blend_lstm_gbdt__vol_target
2021-08-31,801980.SI,0.2,-0.007030471219399703,blend_lstm_gbdt__vol_target
2021-09-30,801080.SI,0.2,0.017013451456902695,blend_lstm_gbdt__vol_target
2021-09-30,801210.SI,0.2,0.03277751962022113,blend_lstm_gbdt__vol_target
2021-09-30,801120.SI,0.2,0.017800593008912458,blend_lstm_gbdt__vol_target
2021-09-30,801880.SI,0.2,0.09899911463938826,blend_lstm_gbdt__vol_target
2021-09-30,801980.SI,0.2,0.04368213290285139,blend_lstm_gbdt__vol_target
2021-10-31,801080.SI,0.2,0.08530447760597637,blend_lstm_gbdt__vol_target
2021-10-31,801120.SI,0.2,0.014978765644826808,blend_lstm_gbdt__vol_target
2021-10-31,801210.SI,0.2,-0.1661897748428235,blend_lstm_gbdt__vol_target
2021-10-31,801880.SI,0.2,0.05222065826120814,blend_lstm_gbdt__vol_target
2021-10-31,801980.SI,0.2,-0.054143213791136624,blend_lstm_gbdt__vol_target
2021-11-30,801950.SI,0.2,0.07674081756732587,blend_lstm_gbdt__vol_target
2021-11-30,801040.SI,0.2,0.015706221194255354,blend_lstm_gbdt__vol_target
2021-11-30,801050.SI,0.2,-0.06215481550209623,blend_lstm_gbdt__vol_target
2021-11-30,801880.SI,0.2,-0.04797536338719266,blend_lstm_gbdt__vol_target
2021-11-30,801080.SI,0.2,0.011380518364018322,blend_lstm_gbdt__vol_target
2021-12-31,801950.SI,0.2,-0.042096041585358734,blend_lstm_gbdt__vol_target
2021-12-31,801050.SI,0.2,-0.10737522211905937,blend_lstm_gbdt__vol_target
2021-12-31,801040.SI,0.2,-0.07358927767682988,blend_lstm_gbdt__vol_target
2021-12-31,801010.SI,0.2,-0.04599045192090567,blend_lstm_gbdt__vol_target
2021-12-31,801120.SI,0.2,-0.10589043116922292,blend_lstm_gbdt__vol_target
2022-01-31,801950.SI,0.16781090124645964,0.1553258349045359,blend_lstm_gbdt__vol_target
2022-01-31,801040.SI,0.16781090124645964,0.07910013207947797,blend_lstm_gbdt__vol_target
2022-01-31,801050.SI,0.16781090124645964,0.17175770278114344,blend_lstm_gbdt__vol_target
2022-01-31,801120.SI,0.16781090124645964,-0.007451832313715712,blend_lstm_gbdt__vol_target
2022-01-31,801730.SI,0.16781090124645964,0.02543255922114751,blend_lstm_gbdt__vol_target
2022-02-28,801120.SI,0.17966022354069944,-0.10261061880532174,blend_lstm_gbdt__vol_target
2022-02-28,801730.SI,0.17966022354069944,-0.1009533445559927,blend_lstm_gbdt__vol_target
2022-02-28,801080.SI,0.17966022354069944,-0.14973257590857747,blend_lstm_gbdt__vol_target
2022-02-28,801880.SI,0.17966022354069944,-0.11557059554664528,blend_lstm_gbdt__vol_target
2022-02-28,801040.SI,0.17966022354069944,-0.1010232055549255,blend_lstm_gbdt__vol_target
2022-03-31,801080.SI,0.15797096127312993,-0.1390666054561971,blend_lstm_gbdt__vol_target
2022-03-31,801730.SI,0.15797096127312993,-0.15533573676592138,blend_lstm_gbdt__vol_target
2022-03-31,801880.SI,0.15797096127312993,-0.09136843466470412,blend_lstm_gbdt__vol_target
2022-03-31,801890.SI,0.15797096127312993,-0.14043790506218257,blend_lstm_gbdt__vol_target
2022-03-31,801740.SI,0.15797096127312993,-0.13436190124693537,blend_lstm_gbdt__vol_target
2022-04-30,801080.SI,0.1363209426279144,0.08955769983492456,blend_lstm_gbdt__vol_target
2022-04-30,801740.SI,0.1363209426279144,0.11271841333891652,blend_lstm_gbdt__vol_target
2022-04-30,801890.SI,0.1363209426279144,0.10414815660126675,blend_lstm_gbdt__vol_target
2022-04-30,801750.SI,0.1363209426279144,0.02185607668759637,blend_lstm_gbdt__vol_target
2022-04-30,801770.SI,0.1363209426279144,0.06084310401657489,blend_lstm_gbdt__vol_target
2022-05-31,801890.SI,0.12103763990016927,0.1043201582778428,blend_lstm_gbdt__vol_target
2022-05-31,801030.SI,0.12103763990016927,0.08126292568592297,blend_lstm_gbdt__vol_target
2022-05-31,801050.SI,0.12103763990016927,0.1196406354675088,blend_lstm_gbdt__vol_target
2022-05-31,801210.SI,0.12103763990016927,0.11123127393647025,blend_lstm_gbdt__vol_target
2022-05-31,801140.SI,0.12103763990016927,0.08444495083174108,blend_lstm_gbdt__vol_target
2022-06-30,801120.SI,0.1108739102235933,-0.0968960160949317,blend_lstm_gbdt__vol_target
2022-06-30,801140.SI,0.1108739102235933,-0.05632288880088565,blend_lstm_gbdt__vol_target
2022-06-30,801210.SI,0.1108739102235933,-0.09205010900759025,blend_lstm_gbdt__vol_target
2022-06-30,801710.SI,0.1108739102235933,-0.10062368410598654,blend_lstm_gbdt__vol_target
2022-06-30,801720.SI,0.1108739102235933,-0.028150821714515883,blend_lstm_gbdt__vol_target
2022-07-31,801030.SI,0.12540285478190824,-0.02748553507202056,blend_lstm_gbdt__vol_target
2022-07-31,801950.SI,0.12540285478190824,0.07851913380448483,blend_lstm_gbdt__vol_target
2022-07-31,801180.SI,0.12540285478190824,-0.010950607287449343,blend_lstm_gbdt__vol_target
2022-07-31,801010.SI,0.12540285478190824,0.00520315585094866,blend_lstm_gbdt__vol_target
2022-07-31,801050.SI,0.12540285478190824,-0.06482222310719477,blend_lstm_gbdt__vol_target
2022-08-31,801950.SI,0.13030820012369454,0.016902224244873754,blend_lstm_gbdt__vol_target
2022-08-31,801120.SI,0.13030820012369454,-0.03072268896143826,blend_lstm_gbdt__vol_target
2022-08-31,801010.SI,0.13030820012369454,-0.10378327426082179,blend_lstm_gbdt__vol_target
2022-08-31,801170.SI,0.13030820012369454,-0.026708871588673078,blend_lstm_gbdt__vol_target
2022-08-31,801150.SI,0.13030820012369454,-0.06824914019871986,blend_lstm_gbdt__vol_target
2022-09-30,801730.SI,0.12778064919188917,-0.012076447842309213,blend_lstm_gbdt__vol_target
2022-09-30,801880.SI,0.12778064919188917,-0.015063249621694919,blend_lstm_gbdt__vol_target
2022-09-30,801050.SI,0.12778064919188917,-0.03542731376927111,blend_lstm_gbdt__vol_target
2022-09-30,801150.SI,0.12778064919188917,0.05697345147845989,blend_lstm_gbdt__vol_target
2022-09-30,801120.SI,0.12778064919188917,-0.22138912887662965,blend_lstm_gbdt__vol_target
2022-10-31,801050.SI,0.15018870660028677,0.07505246456573023,blend_lstm_gbdt__vol_target
2022-10-31,801880.SI,0.15018870660028677,0.08037334372711769,blend_lstm_gbdt__vol_target
2022-10-31,801730.SI,0.15018870660028677,0.013443772498649809,blend_lstm_gbdt__vol_target
2022-10-31,801080.SI,0.15018870660028677,0.032355769230769216,blend_lstm_gbdt__vol_target
2022-10-31,801180.SI,0.15018870660028677,0.27797199405581785,blend_lstm_gbdt__vol_target
2022-11-30,801120.SI,0.13336772671962496,0.10776059249651104,blend_lstm_gbdt__vol_target
2022-11-30,801950.SI,0.13336772671962496,-0.10878577360365793,blend_lstm_gbdt__vol_target
2022-11-30,801030.SI,0.13336772671962496,-0.04356119625674004,blend_lstm_gbdt__vol_target
2022-11-30,801880.SI,0.13336772671962496,-0.0642889667250438,blend_lstm_gbdt__vol_target
2022-11-30,801140.SI,0.13336772671962496,0.0087773696512905,blend_lstm_gbdt__vol_target
2019-01-31,801180.SI,0.2,0.13690504045078056,original_repaired
2019-01-31,801770.SI,0.2,0.27865826323145493,original_repaired
2019-01-31,801080.SI,0.2,0.2877051794783718,original_repaired
2019-01-31,801170.SI,0.2,0.15337160232732683,original_repaired
2019-01-31,801040.SI,0.2,0.15019259429602472,original_repaired
2019-02-28,801710.SI,0.2,0.11337893177659675,original_repaired
2019-02-28,801770.SI,0.2,0.05643870648407856,original_repaired
2019-02-28,801140.SI,0.2,0.1402421558508875,original_repaired
2019-02-28,801080.SI,0.2,0.07653144827849023,original_repaired
2019-02-28,801210.SI,0.2,0.12417050695594223,original_repaired
2019-03-31,801960.SI,0.2,-0.002611028601542831,original_repaired
2019-03-31,801180.SI,0.2,-0.03965245925768801,original_repaired
2019-03-31,801160.SI,0.2,-0.032984852101922923,original_repaired
2019-03-31,801720.SI,0.2,-0.04996771548428747,original_repaired
2019-03-31,801950.SI,0.2,0.0416054821341163,original_repaired
2019-04-30,801160.SI,0.2,-0.046099455954687785,original_repaired
2019-04-30,801180.SI,0.2,-0.07454188924200422,original_repaired
2019-04-30,801720.SI,0.2,-0.08590287246329675,original_repaired
2019-04-30,801890.SI,0.2,-0.05659755943081535,original_repaired
2019-04-30,801710.SI,0.2,-0.0404388209752472,original_repaired
2019-05-31,801180.SI,0.2,0.009033166259942771,original_repaired
2019-05-31,801160.SI,0.2,0.021382775610256255,original_repaired
2019-05-31,801960.SI,0.2,-0.002874543743731306,original_repaired
2019-05-31,801170.SI,0.2,0.02484767946242772,original_repaired
2019-05-31,801030.SI,0.2,-0.005304159140583908,original_repaired
2019-06-30,801170.SI,0.2,-0.012024759015511144,original_repaired
2019-06-30,801720.SI,0.2,-0.025825577263055566,original_repaired
2019-06-30,801230.SI,0.2,-0.032190339407358604,original_repaired
2019-06-30,801160.SI,0.2,-0.024343835158005422,original_repaired
2019-06-30,801180.SI,0.2,-0.015008194406563202,original_repaired
2019-07-31,801720.SI,0.2,-0.056913159523083845,original_repaired
2019-07-31,801140.SI,0.2,-0.015841886520558623,original_repaired
2019-07-31,801180.SI,0.2,-0.06717407232245898,original_repaired
2019-07-31,801130.SI,0.2,-0.012276767965904933,original_repaired
2019-07-31,801710.SI,0.2,-0.0350670015144835,original_repaired
2019-08-31,801720.SI,0.2,0.004886575626857459,original_repaired
2019-08-31,801710.SI,0.2,0.028481855135117806,original_repaired
2019-08-31,801210.SI,0.2,-0.013931218860128713,original_repaired
2019-08-31,801130.SI,0.2,0.007271927141193624,original_repaired
2019-08-31,801170.SI,0.2,-0.007116769635116316,original_repaired
2019-09-30,801040.SI,0.2,-0.023680822415945157,original_repaired
2019-09-30,801720.SI,0.2,-0.018710623638728996,original_repaired
2019-09-30,801770.SI,0.2,-0.019283831554078423,original_repaired
2019-09-30,801710.SI,0.2,0.013792463983124614,original_repaired
2019-09-30,801170.SI,0.2,-0.01017584268697247,original_repaired
2019-10-31,801770.SI,0.2,-0.042485584204872695,original_repaired
2019-10-31,801040.SI,0.2,0.022845897150680194,original_repaired
2019-10-31,801710.SI,0.2,0.0526033985373866,original_repaired
2019-10-31,801720.SI,0.2,-0.01427074695492847,original_repaired
2019-10-31,801740.SI,0.2,-0.01736677636127315,original_repaired
2019-11-30,801880.SI,0.2,0.0828781867180195,original_repaired
2019-11-30,801210.SI,0.2,0.08231749555872403,original_repaired
2019-11-30,801720.SI,0.2,0.052358236322330054,original_repaired
2019-11-30,801170.SI,0.2,0.06238680263733154,original_repaired
2019-11-30,801730.SI,0.2,0.0800722292086784,original_repaired
2019-12-31,801720.SI,0.2,-0.02695406177750337,original_repaired
2019-12-31,801740.SI,0.2,0.0316497838226546,original_repaired
2019-12-31,801210.SI,0.2,-0.0869680049517303,original_repaired
2019-12-31,801770.SI,0.2,0.014650775476215294,original_repaired
2019-12-31,801050.SI,0.2,-0.008420096314315173,original_repaired
2020-01-31,801740.SI,0.2,0.008536711300815902,original_repaired
2020-01-31,801010.SI,0.2,0.0824925367494238,original_repaired
2020-01-31,801770.SI,0.2,0.11077342634625098,original_repaired
2020-01-31,801140.SI,0.2,-0.02053489772701933,original_repaired
2020-01-31,801980.SI,0.2,0.019710748440960435,original_repaired
2020-02-29,801010.SI,0.2,0.11299716074379207,original_repaired
2020-02-29,801740.SI,0.2,-0.08440561111300737,original_repaired
2020-02-29,801110.SI,0.2,-0.10851708269266425,original_repaired
2020-02-29,801120.SI,0.2,0.04261192478939657,original_repaired
2020-02-29,801980.SI,0.2,0.02172594441697484,original_repaired
2020-03-31,801120.SI,0.2,0.08661923055240117,original_repaired
2020-03-31,801180.SI,0.2,0.042294245129231633,original_repaired
2020-03-31,801140.SI,0.2,0.007117146596858692,original_repaired
2020-03-31,801210.SI,0.2,0.21710191528313638,original_repaired
2020-03-31,801980.SI,0.2,0.09464844806169359,original_repaired
2020-04-30,801010.SI,0.2,-0.04383474004095578,original_repaired
2020-04-30,801080.SI,0.2,-0.015388531995796817,original_repaired
2020-04-30,801050.SI,0.2,0.041198613655271776,original_repaired
2020-04-30,801890.SI,0.2,0.011388806529814888,original_repaired
2020-04-30,801030.SI,0.2,0.010806584585134837,original_repaired
2020-05-31,801890.SI,0.2,0.061984824969822494,original_repaired
2020-05-31,801140.SI,0.2,0.03495559694442196,original_repaired
2020-05-31,801080.SI,0.2,0.19160564867942598,original_repaired
2020-05-31,801960.SI,0.2,0.010617409170112557,original_repaired
2020-05-31,801010.SI,0.2,0.06118699423312646,original_repaired
2020-06-30,801960.SI,0.2,0.12838642022169755,original_repaired
2020-06-30,801010.SI,0.2,0.16230470667886343,original_repaired
2020-06-30,801080.SI,0.2,0.10812694909894205,original_repaired
2020-06-30,801030.SI,0.2,0.18227855385633496,original_repaired
2020-06-30,801890.SI,0.2,0.12558354780829584,original_repaired
2020-07-31,801760.SI,0.2,0.02995870178958926,original_repaired
2020-07-31,801710.SI,0.2,0.019307539911819438,original_repaired
2020-07-31,801770.SI,0.2,-0.008491563246290634,original_repaired
2020-07-31,801750.SI,0.2,-0.0026693271841901067,original_repaired
2020-07-31,801080.SI,0.2,-0.013417212611054996,original_repaired
2020-08-31,801770.SI,0.2,-0.10255823044211321,original_repaired
2020-08-31,801080.SI,0.2,-0.060944144387623744,original_repaired
2020-08-31,801760.SI,0.2,-0.08069229549418933,original_repaired
2020-08-31,801750.SI,0.2,-0.08843452913312788,original_repaired
2020-08-31,801150.SI,0.2,-0.08443325352664632,original_repaired
2020-09-30,801770.SI,0.2,-0.026121159591177667,original_repaired
2020-09-30,801130.SI,0.2,0.021676496600669504,original_repaired
2020-09-30,801760.SI,0.2,-0.028560163623370438,original_repaired
2020-09-30,801750.SI,0.2,-0.03027335410667098,original_repaired
2020-09-30,801080.SI,0.2,0.013922428330522818,original_repaired
2020-10-31,801740.SI,0.2,0.08052981737865661,original_repaired
2020-10-31,801890.SI,0.2,0.04821437395435524,original_repaired
2020-10-31,801030.SI,0.2,0.07642140113972351,original_repaired
2020-10-31,801050.SI,0.2,0.20511651295056832,original_repaired
2020-10-31,801950.SI,0.2,0.15424343381634742,original_repaired
2020-11-30,801080.SI,0.2,0.009391242799336563,original_repaired
2020-11-30,801740.SI,0.2,0.10893477000928553,original_repaired
2020-11-30,801030.SI,0.2,0.025958507997289715,original_repaired
2020-11-30,801120.SI,0.2,0.17986788868336068,original_repaired
2020-11-30,801010.SI,0.2,0.018622642884661422,original_repaired
2020-12-31,801740.SI,0.2,-0.10204391293841297,original_repaired
2020-12-31,801030.SI,0.2,0.06650023567067498,original_repaired
2020-12-31,801960.SI,0.2,0.10204374647245795,original_repaired
2020-12-31,801210.SI,0.2,0.01187183811129855,original_repaired
2020-12-31,801080.SI,0.2,0.013811121976770924,original_repaired
2021-01-31,801080.SI,0.2,-0.03406264192767472,original_repaired
2021-01-31,801140.SI,0.2,0.016708004004243326,original_repaired
2021-01-31,801110.SI,0.2,-0.015302750770905926,original_repaired
2021-01-31,801030.SI,0.2,0.04289755719031918,original_repaired
2021-01-31,801210.SI,0.2,0.0686050648832246,original_repaired
2021-02-28,801110.SI,0.2,-0.03301329288120691,original_repaired
2021-02-28,801880.SI,0.2,-0.059128589596250336,original_repaired
2021-02-28,801710.SI,0.2,0.010153651852502055,original_repaired
2021-02-28,801140.SI,0.2,0.018347545271851562,original_repaired
2021-02-28,801030.SI,0.2,-0.06490127575281246,original_repaired
2021-03-31,801880.SI,0.2,0.03217178708112445,original_repaired
2021-03-31,801110.SI,0.2,-0.007496173794745209,original_repaired
2021-03-31,801150.SI,0.2,0.1097471198101998,original_repaired
2021-03-31,801950.SI,0.2,0.05932698893535515,original_repaired
2021-03-31,801750.SI,0.2,-0.020623706864206115,original_repaired
2021-04-30,801880.SI,0.2,0.05699420357060059,original_repaired
2021-04-30,801110.SI,0.2,-0.013865523271440972,original_repaired
2021-04-30,801030.SI,0.2,0.06929651077070131,original_repaired
2021-04-30,801080.SI,0.2,0.020974572616398346,original_repaired
2021-04-30,801730.SI,0.2,0.07704547572453646,original_repaired
2021-05-31,801030.SI,0.2,0.05371075641519396,original_repaired
2021-05-31,801110.SI,0.2,-0.0652648176361933,original_repaired
2021-05-31,801880.SI,0.2,0.09067793041000116,original_repaired
2021-05-31,801210.SI,0.2,-0.08669822587050569,original_repaired
2021-05-31,801730.SI,0.2,0.1354585982163523,original_repaired
2021-06-30,801880.SI,0.2,-0.004440690237721756,original_repaired
2021-06-30,801030.SI,0.2,0.05127979514253167,original_repaired
2021-06-30,801110.SI,0.2,-0.09187386294724087,original_repaired
2021-06-30,801170.SI,0.2,-0.11732980354595646,original_repaired
2021-06-30,801210.SI,0.2,-0.19737708969719914,original_repaired
2021-07-31,801110.SI,0.2,-0.000418321723945958,original_repaired
2021-07-31,801950.SI,0.2,0.27566168903042887,original_repaired
2021-07-31,801120.SI,0.2,-0.04279989087180258,original_repaired
2021-07-31,801150.SI,0.2,-0.0862569458234187,original_repaired
2021-07-31,801210.SI,0.2,0.009105150924949568,original_repaired
2021-08-31,801230.SI,0.2,-0.12149055981009582,original_repaired
2021-08-31,801960.SI,0.2,0.05337448982008497,original_repaired
2021-08-31,801050.SI,0.2,-0.18111045955728355,original_repaired
2021-08-31,801210.SI,0.2,0.07327774461357106,original_repaired
2021-08-31,801170.SI,0.2,0.02277324859566421,original_repaired
2021-09-30,801210.SI,0.2,0.03277751962022113,original_repaired
2021-09-30,801880.SI,0.2,0.09899911463938826,original_repaired
2021-09-30,801120.SI,0.2,0.017800593008912458,original_repaired
2021-09-30,801050.SI,0.2,-0.006222573408023124,original_repaired
2021-09-30,801890.SI,0.2,-0.013551362379727871,original_repaired
2021-10-31,801120.SI,0.2,0.014978765644826808,original_repaired
2021-10-31,801080.SI,0.2,0.08530447760597637,original_repaired
2021-10-31,801750.SI,0.2,0.07603867478879311,original_repaired
2021-10-31,801210.SI,0.2,-0.1661897748428235,original_repaired
2021-10-31,801980.SI,0.2,-0.054143213791136624,original_repaired
2021-11-30,801230.SI,0.2,0.04968683635468274,original_repaired
2021-11-30,801750.SI,0.2,0.016287237329432713,original_repaired
2021-11-30,801200.SI,0.2,0.011491803278688595,original_repaired
2021-11-30,801720.SI,0.2,0.07816518179629184,original_repaired
2021-11-30,801970.SI,0.2,0.027221824045869925,original_repaired
2021-12-31,801720.SI,0.2,-0.028850148069733517,original_repaired
2021-12-31,801200.SI,0.2,-0.06502649876014976,original_repaired
2021-12-31,801970.SI,0.2,-0.10202034737939192,original_repaired
2021-12-31,801750.SI,0.2,-0.08503379762983643,original_repaired
2021-12-31,801170.SI,0.2,-0.028845289923139172,original_repaired
2022-01-31,801950.SI,0.2,0.1553258349045359,original_repaired
2022-01-31,801110.SI,0.2,-0.04789975633802113,original_repaired
2022-01-31,801160.SI,0.2,0.07892452953618712,original_repaired
2022-01-31,801710.SI,0.2,-0.006291226093009361,original_repaired
2022-01-31,801080.SI,0.2,0.012170031586181018,original_repaired
2022-02-28,801980.SI,0.2,-0.04300261415837481,original_repaired
2022-02-28,801110.SI,0.2,-0.12496646743854145,original_repaired
2022-02-28,801080.SI,0.2,-0.14973257590857747,original_repaired
2022-02-28,801880.SI,0.2,-0.11557059554664528,original_repaired
2022-02-28,801730.SI,0.2,-0.1009533445559927,original_repaired
2022-03-31,801110.SI,0.2,-0.008308092265809863,original_repaired
2022-03-31,801880.SI,0.2,-0.09136843466470412,original_repaired
2022-03-31,801080.SI,0.2,-0.1390666054561971,original_repaired
2022-03-31,801980.SI,0.2,-0.017492440880690685,original_repaired
2022-03-31,801750.SI,0.2,-0.17031118197239503,original_repaired
2022-04-30,801120.SI,0.2,0.019460652627061314,original_repaired
2022-04-30,801080.SI,0.2,0.08955769983492456,original_repaired
2022-04-30,801980.SI,0.2,0.05423362534308174,original_repaired
2022-04-30,801110.SI,0.2,0.016083010281997323,original_repaired
2022-04-30,801210.SI,0.2,0.04042925489501181,original_repaired
2022-05-31,801120.SI,0.2,0.13049335912269577,original_repaired
2022-05-31,801210.SI,0.2,0.11123127393647025,original_repaired
2022-05-31,801030.SI,0.2,0.08126292568592297,original_repaired
2022-05-31,801080.SI,0.2,0.08034549813740277,original_repaired
2022-05-31,801770.SI,0.2,0.0645053902448498,original_repaired
2022-06-30,801120.SI,0.2,-0.0968960160949317,original_repaired
2022-06-30,801720.SI,0.2,-0.028150821714515883,original_repaired
2022-06-30,801210.SI,0.2,-0.09205010900759025,original_repaired
2022-06-30,801980.SI,0.2,-0.02186301813772562,original_repaired
2022-06-30,801080.SI,0.2,-0.035917639546511615,original_repaired
2022-07-31,801180.SI,0.2,-0.010950607287449343,original_repaired
2022-07-31,801980.SI,0.2,-0.0436307449161506,original_repaired
2022-07-31,801720.SI,0.2,-0.022641367153993563,original_repaired
2022-07-31,801200.SI,0.2,-0.017003399955053955,original_repaired
2022-07-31,801120.SI,0.2,0.007297421691735861,original_repaired
2022-08-31,801180.SI,0.2,-0.010279366929845435,original_repaired
2022-08-31,801120.SI,0.2,-0.03072268896143826,original_repaired
2022-08-31,801200.SI,0.2,-0.039156326628440596,original_repaired
2022-08-31,801030.SI,0.2,-0.0903479249345086,original_repaired
2022-08-31,801710.SI,0.2,-0.09308005598895375,original_repaired
2022-09-30,801120.SI,0.2,-0.22138912887662965,original_repaired
2022-09-30,801150.SI,0.2,0.05697345147845989,original_repaired
2022-09-30,801950.SI,0.2,-0.1258223015053359,original_repaired
2022-09-30,801730.SI,0.2,-0.012076447842309213,original_repaired
2022-09-30,801160.SI,0.2,-0.0343107720603224,original_repaired
2022-10-31,801030.SI,0.2,0.09208755510867062,original_repaired
2022-10-31,801730.SI,0.2,0.013443772498649809,original_repaired
2022-10-31,801710.SI,0.2,0.20508708447918167,original_repaired
2022-10-31,801080.SI,0.2,0.032355769230769216,original_repaired
2022-10-31,801040.SI,0.2,0.10950493582501442,original_repaired
2022-11-30,801950.SI,0.2,-0.10878577360365793,original_repaired
2022-11-30,801110.SI,0.2,0.010420804843204845,original_repaired
2022-11-30,801710.SI,0.2,-0.033916463553293585,original_repaired
2022-11-30,801180.SI,0.2,-0.09066013304065612,original_repaired
2022-11-30,801160.SI,0.2,-0.04637746537522269,original_repaired
2019-01-31,801040.SI,0.2,0.15019259429602472,fixed_industry64
2019-01-31,801180.SI,0.2,0.13690504045078056,fixed_industry64
2019-01-31,801080.SI,0.2,0.2877051794783718,fixed_industry64
2019-01-31,801770.SI,0.2,0.27865826323145493,fixed_industry64
2019-01-31,801890.SI,0.2,0.19204658727244106,fixed_industry64
2019-02-28,801710.SI,0.2,0.11337893177659675,fixed_industry64
2019-02-28,801770.SI,0.2,0.05643870648407856,fixed_industry64
2019-02-28,801750.SI,0.2,0.1496025698600958,fixed_industry64
2019-02-28,801140.SI,0.2,0.1402421558508875,fixed_industry64
2019-02-28,801760.SI,0.2,0.0598598303209148,fixed_industry64
2019-03-31,801720.SI,0.2,-0.04996771548428747,fixed_industry64
2019-03-31,801710.SI,0.2,-0.02838808131003867,fixed_industry64
2019-03-31,801170.SI,0.2,0.009729886726691728,fixed_industry64
2019-03-31,801880.SI,0.2,0.01933571743496798,fixed_industry64
2019-03-31,801180.SI,0.2,-0.03965245925768801,fixed_industry64
2019-04-30,801720.SI,0.2,-0.08590287246329675,fixed_industry64
2019-04-30,801890.SI,0.2,-0.05659755943081535,fixed_industry64
2019-04-30,801770.SI,0.2,-0.08837692568985156,fixed_industry64
2019-04-30,801730.SI,0.2,-0.058315196077307285,fixed_industry64
2019-04-30,801710.SI,0.2,-0.0404388209752472,fixed_industry64
2019-05-31,801720.SI,0.2,0.014012872502018325,fixed_industry64
2019-05-31,801170.SI,0.2,0.02484767946242772,fixed_industry64
2019-05-31,801890.SI,0.2,0.019755981846338422,fixed_industry64
2019-05-31,801730.SI,0.2,-0.013667803214807539,fixed_industry64
2019-05-31,801770.SI,0.2,0.03531913028230771,fixed_industry64
2019-06-30,801720.SI,0.2,-0.025825577263055566,fixed_industry64
2019-06-30,801890.SI,0.2,-0.0039940308988763995,fixed_industry64
2019-06-30,801170.SI,0.2,-0.012024759015511144,fixed_industry64
2019-06-30,801130.SI,0.2,-0.03681711426529144,fixed_industry64
2019-06-30,801160.SI,0.2,-0.024343835158005422,fixed_industry64
2019-07-31,801720.SI,0.2,-0.056913159523083845,fixed_industry64
2019-07-31,801140.SI,0.2,-0.015841886520558623,fixed_industry64
2019-07-31,801130.SI,0.2,-0.012276767965904933,fixed_industry64
2019-07-31,801710.SI,0.2,-0.0350670015144835,fixed_industry64
2019-07-31,801170.SI,0.2,-0.032683299283930545,fixed_industry64
2019-08-31,801720.SI,0.2,0.004886575626857459,fixed_industry64
2019-08-31,801710.SI,0.2,0.028481855135117806,fixed_industry64
2019-08-31,801170.SI,0.2,-0.007116769635116316,fixed_industry64
2019-08-31,801210.SI,0.2,-0.013931218860128713,fixed_industry64
2019-08-31,801140.SI,0.2,0.0008581776573204358,fixed_industry64
2019-09-30,801710.SI,0.2,0.013792463983124614,fixed_industry64
2019-09-30,801720.SI,0.2,-0.018710623638728996,fixed_industry64
2019-09-30,801170.SI,0.2,-0.01017584268697247,fixed_industry64
2019-09-30,801120.SI,0.2,0.016584859040020383,fixed_industry64
2019-09-30,801140.SI,0.2,0.023678958280853202,fixed_industry64
2019-10-31,801720.SI,0.2,-0.01427074695492847,fixed_industry64
2019-10-31,801210.SI,0.2,-0.044744089739466086,fixed_industry64
2019-10-31,801730.SI,0.2,0.01612293454043212,fixed_industry64
2019-10-31,801120.SI,0.2,-0.025714233303109513,fixed_industry64
2019-10-31,801710.SI,0.2,0.0526033985373866,fixed_industry64
2019-11-30,801720.SI,0.2,0.052358236322330054,fixed_industry64
2019-11-30,801210.SI,0.2,0.08231749555872403,fixed_industry64
2019-11-30,801170.SI,0.2,0.06238680263733154,fixed_industry64
2019-11-30,801770.SI,0.2,0.08224514893497159,fixed_industry64
2019-11-30,801730.SI,0.2,0.0800722292086784,fixed_industry64
2019-12-31,801720.SI,0.2,-0.02695406177750337,fixed_industry64
2019-12-31,801210.SI,0.2,-0.0869680049517303,fixed_industry64
2019-12-31,801170.SI,0.2,-0.06629407392788611,fixed_industry64
2019-12-31,801890.SI,0.2,-0.012041719612140511,fixed_industry64
2019-12-31,801050.SI,0.2,-0.008420096314315173,fixed_industry64
2020-01-31,801740.SI,0.2,0.008536711300815902,fixed_industry64
2020-01-31,801210.SI,0.2,-0.03109577007373754,fixed_industry64
2020-01-31,801010.SI,0.2,0.0824925367494238,fixed_industry64
2020-01-31,801230.SI,0.2,0.031828165822755494,fixed_industry64
2020-01-31,801980.SI,0.2,0.019710748440960435,fixed_industry64
2020-02-29,801010.SI,0.2,0.11299716074379207,fixed_industry64
2020-02-29,801740.SI,0.2,-0.08440561111300737,fixed_industry64
2020-02-29,801980.SI,0.2,0.02172594441697484,fixed_industry64
2020-02-29,801210.SI,0.2,-0.09656332022499692,fixed_industry64
2020-02-29,801140.SI,0.2,-0.05349074478938931,fixed_industry64
2020-03-31,801120.SI,0.2,0.08661923055240117,fixed_industry64
2020-03-31,801980.SI,0.2,0.09464844806169359,fixed_industry64
2020-03-31,801140.SI,0.2,0.007117146596858692,fixed_industry64
2020-03-31,801740.SI,0.2,0.07384626854544107,fixed_industry64
2020-03-31,801010.SI,0.2,-0.00315738574733071,fixed_industry64
2020-04-30,801140.SI,0.2,0.06209176871950972,fixed_industry64
2020-04-30,801030.SI,0.2,0.010806584585134837,fixed_industry64
2020-04-30,801760.SI,0.2,0.023830538393645018,fixed_industry64
2020-04-30,801880.SI,0.2,-0.001995856634124493,fixed_industry64
2020-04-30,801040.SI,0.2,-0.016803193695561935,fixed_industry64
2020-05-31,801760.SI,0.2,0.16563413208649913,fixed_industry64
2020-05-31,801030.SI,0.2,0.06464792669431318,fixed_industry64
2020-05-31,801140.SI,0.2,0.03495559694442196,fixed_industry64
2020-05-31,801770.SI,0.2,0.07804701564427452,fixed_industry64
2020-05-31,801890.SI,0.2,0.061984824969822494,fixed_industry64
2020-06-30,801030.SI,0.2,0.18227855385633496,fixed_industry64
2020-06-30,801960.SI,0.2,0.12838642022169755,fixed_industry64
2020-06-30,801760.SI,0.2,0.07448355395106288,fixed_industry64
2020-06-30,801140.SI,0.2,0.15287413280475715,fixed_industry64
2020-06-30,801750.SI,0.2,0.06444562834179934,fixed_industry64
2020-07-31,801130.SI,0.2,0.022601947035196357,fixed_industry64
2020-07-31,801770.SI,0.2,-0.008491563246290634,fixed_industry64
2020-07-31,801750.SI,0.2,-0.0026693271841901067,fixed_industry64
2020-07-31,801890.SI,0.2,0.04894075896045069,fixed_industry64
2020-07-31,801030.SI,0.2,0.040956327042188434,fixed_industry64
2020-08-31,801750.SI,0.2,-0.08843452913312788,fixed_industry64
2020-08-31,801770.SI,0.2,-0.10255823044211321,fixed_industry64
2020-08-31,801130.SI,0.2,-0.05618800346182018,fixed_industry64
2020-08-31,801760.SI,0.2,-0.08069229549418933,fixed_industry64
2020-08-31,801120.SI,0.2,-0.09181520053461079,fixed_industry64
2020-09-30,801770.SI,0.2,-0.026121159591177667,fixed_industry64
2020-09-30,801760.SI,0.2,-0.028560163623370438,fixed_industry64
2020-09-30,801750.SI,0.2,-0.03027335410667098,fixed_industry64
2020-09-30,801130.SI,0.2,0.021676496600669504,fixed_industry64
2020-09-30,801150.SI,0.2,0.023375507098952086,fixed_industry64
2020-10-31,801130.SI,0.2,0.0012480350087096248,fixed_industry64
2020-10-31,801120.SI,0.2,0.02299268128675447,fixed_industry64
2020-10-31,801030.SI,0.2,0.07642140113972351,fixed_industry64
2020-10-31,801880.SI,0.2,0.08008455735505793,fixed_industry64
2020-10-31,801960.SI,0.2,0.16487142661742582,fixed_industry64
2020-11-30,801030.SI,0.2,0.025958507997289715,fixed_industry64
2020-11-30,801960.SI,0.2,-0.011795902990807017,fixed_industry64
2020-11-30,801130.SI,0.2,-0.05393277498130278,fixed_industry64
2020-11-30,801120.SI,0.2,0.17986788868336068,fixed_industry64
2020-11-30,801880.SI,0.2,-0.004273727911804248,fixed_industry64
2020-12-31,801740.SI,0.2,-0.10204391293841297,fixed_industry64
2020-12-31,801960.SI,0.2,0.10204374647245795,fixed_industry64
2020-12-31,801130.SI,0.2,-0.07499313198365143,fixed_industry64
2020-12-31,801170.SI,0.2,-0.00947920899079735,fixed_industry64
2020-12-31,801030.SI,0.2,0.06650023567067498,fixed_industry64
2021-01-31,801110.SI,0.2,-0.015302750770905926,fixed_industry64
2021-01-31,801140.SI,0.2,0.016708004004243326,fixed_industry64
2021-01-31,801030.SI,0.2,0.04289755719031918,fixed_industry64
2021-01-31,801080.SI,0.2,-0.03406264192767472,fixed_industry64
2021-01-31,801890.SI,0.2,0.014506149066728202,fixed_industry64
2021-02-28,801110.SI,0.2,-0.03301329288120691,fixed_industry64
2021-02-28,801880.SI,0.2,-0.059128589596250336,fixed_industry64
2021-02-28,801140.SI,0.2,0.018347545271851562,fixed_industry64
2021-02-28,801710.SI,0.2,0.010153651852502055,fixed_industry64
2021-02-28,801890.SI,0.2,-0.02528217846839098,fixed_industry64
2021-03-31,801880.SI,0.2,0.03217178708112445,fixed_industry64
2021-03-31,801110.SI,0.2,-0.007496173794745209,fixed_industry64
2021-03-31,801950.SI,0.2,0.05932698893535515,fixed_industry64
2021-03-31,801150.SI,0.2,0.1097471198101998,fixed_industry64
2021-03-31,801170.SI,0.2,-0.02681114757375347,fixed_industry64
2021-04-30,801110.SI,0.2,-0.013865523271440972,fixed_industry64
2021-04-30,801880.SI,0.2,0.05699420357060059,fixed_industry64
2021-04-30,801750.SI,0.2,0.08341980708690722,fixed_industry64
2021-04-30,801030.SI,0.2,0.06929651077070131,fixed_industry64
2021-04-30,801080.SI,0.2,0.020974572616398346,fixed_industry64
2021-05-31,801110.SI,0.2,-0.0652648176361933,fixed_industry64
2021-05-31,801880.SI,0.2,0.09067793041000116,fixed_industry64
2021-05-31,801030.SI,0.2,0.05371075641519396,fixed_industry64
2021-05-31,801710.SI,0.2,-0.06725396930952843,fixed_industry64
2021-05-31,801740.SI,0.2,0.010640892346002184,fixed_industry64
2021-06-30,801170.SI,0.2,-0.11732980354595646,fixed_industry64
2021-06-30,801110.SI,0.2,-0.09187386294724087,fixed_industry64
2021-06-30,801880.SI,0.2,-0.004440690237721756,fixed_industry64
2021-06-30,801710.SI,0.2,-0.058214393371799344,fixed_industry64
2021-06-30,801210.SI,0.2,-0.19737708969719914,fixed_industry64
2021-07-31,801950.SI,0.2,0.27566168903042887,fixed_industry64
2021-07-31,801110.SI,0.2,-0.000418321723945958,fixed_industry64
2021-07-31,801120.SI,0.2,-0.04279989087180258,fixed_industry64
2021-07-31,801210.SI,0.2,0.009105150924949568,fixed_industry64
2021-07-31,801960.SI,0.2,0.08502756018484825,fixed_industry64
2021-08-31,801120.SI,0.2,0.12489071654653117,fixed_industry64
2021-08-31,801210.SI,0.2,0.07327774461357106,fixed_industry64
2021-08-31,801230.SI,0.2,-0.12149055981009582,fixed_industry64
2021-08-31,801960.SI,0.2,0.05337448982008497,fixed_industry64
2021-08-31,801030.SI,0.2,-0.03830865613425105,fixed_industry64
2021-09-30,801210.SI,0.2,0.03277751962022113,fixed_industry64
2021-09-30,801750.SI,0.2,-0.0007800410415125247,fixed_industry64
2021-09-30,801120.SI,0.2,0.017800593008912458,fixed_industry64
2021-09-30,801030.SI,0.2,-0.003651097908952683,fixed_industry64
2021-09-30,801960.SI,0.2,-0.09147730679297317,fixed_industry64
2021-10-31,801080.SI,0.2,0.08530447760597637,fixed_industry64
2021-10-31,801750.SI,0.2,0.07603867478879311,fixed_industry64
2021-10-31,801880.SI,0.2,0.05222065826120814,fixed_industry64
2021-10-31,801120.SI,0.2,0.014978765644826808,fixed_industry64
2021-10-31,801980.SI,0.2,-0.054143213791136624,fixed_industry64
2021-11-30,801750.SI,0.2,0.016287237329432713,fixed_industry64
2021-11-30,801120.SI,0.2,0.0396818257307352,fixed_industry64
2021-11-30,801740.SI,0.2,-0.010113090472377961,fixed_industry64
2021-11-30,801080.SI,0.2,0.011380518364018322,fixed_industry64
2021-11-30,801210.SI,0.2,0.13921014103224172,fixed_industry64
2021-12-31,801080.SI,0.2,-0.13387550942771176,fixed_industry64
2021-12-31,801880.SI,0.2,-0.11613914873643838,fixed_industry64
2021-12-31,801200.SI,0.2,-0.06502649876014976,fixed_industry64
2021-12-31,801170.SI,0.2,-0.028845289923139172,fixed_industry64
2021-12-31,801230.SI,0.2,-0.06635684257979857,fixed_industry64
2022-01-31,801950.SI,0.2,0.1553258349045359,fixed_industry64
2022-01-31,801120.SI,0.2,-0.007451832313715712,fixed_industry64
2022-01-31,801170.SI,0.2,0.02799470131836257,fixed_industry64
2022-01-31,801080.SI,0.2,0.012170031586181018,fixed_industry64
2022-01-31,801210.SI,0.2,0.015471462241382516,fixed_industry64
2022-02-28,801080.SI,0.2,-0.14973257590857747,fixed_industry64
2022-02-28,801110.SI,0.2,-0.12496646743854145,fixed_industry64
2022-02-28,801730.SI,0.2,-0.1009533445559927,fixed_industry64
2022-02-28,801950.SI,0.2,0.10806937509144587,fixed_industry64
2022-02-28,801980.SI,0.2,-0.04300261415837481,fixed_industry64
2022-03-31,801110.SI,0.2,-0.008308092265809863,fixed_industry64
2022-03-31,801120.SI,0.2,0.042877293532190386,fixed_industry64
2022-03-31,801080.SI,0.2,-0.1390666054561971,fixed_industry64
2022-03-31,801770.SI,0.2,-0.1228865404571009,fixed_industry64
2022-03-31,801980.SI,0.2,-0.017492440880690685,fixed_industry64
2022-04-30,801120.SI,0.2,0.019460652627061314,fixed_industry64
2022-04-30,801110.SI,0.2,0.016083010281997323,fixed_industry64
2022-04-30,801980.SI,0.2,0.05423362534308174,fixed_industry64
2022-04-30,801080.SI,0.2,0.08955769983492456,fixed_industry64
2022-04-30,801760.SI,0.2,0.0614929814600913,fixed_industry64
2022-05-31,801120.SI,0.2,0.13049335912269577,fixed_industry64
2022-05-31,801080.SI,0.2,0.08034549813740277,fixed_industry64
2022-05-31,801110.SI,0.2,0.11157491849988066,fixed_industry64
2022-05-31,801880.SI,0.2,0.14552797471356316,fixed_industry64
2022-05-31,801980.SI,0.2,0.10564200306306581,fixed_industry64
2022-06-30,801120.SI,0.2,-0.0968960160949317,fixed_industry64
2022-06-30,801720.SI,0.2,-0.028150821714515883,fixed_industry64
2022-06-30,801710.SI,0.2,-0.10062368410598654,fixed_industry64
2022-06-30,801980.SI,0.2,-0.02186301813772562,fixed_industry64
2022-06-30,801950.SI,0.2,-0.07932500118504004,fixed_industry64
2022-07-31,801180.SI,0.2,-0.010950607287449343,fixed_industry64
2022-07-31,801010.SI,0.2,0.00520315585094866,fixed_industry64
2022-07-31,801120.SI,0.2,0.007297421691735861,fixed_industry64
2022-07-31,801720.SI,0.2,-0.022641367153993563,fixed_industry64
2022-07-31,801150.SI,0.2,-0.025105496678695438,fixed_industry64
2022-08-31,801150.SI,0.2,-0.06824914019871986,fixed_industry64
2022-08-31,801010.SI,0.2,-0.10378327426082179,fixed_industry64
2022-08-31,801200.SI,0.2,-0.039156326628440596,fixed_industry64
2022-08-31,801210.SI,0.2,-0.05616729059379266,fixed_industry64
2022-08-31,801980.SI,0.2,-0.0795709610784181,fixed_industry64
2022-09-30,801150.SI,0.2,0.05697345147845989,fixed_industry64
2022-09-30,801120.SI,0.2,-0.22138912887662965,fixed_industry64
2022-09-30,801950.SI,0.2,-0.1258223015053359,fixed_industry64
2022-09-30,801160.SI,0.2,-0.0343107720603224,fixed_industry64
2022-09-30,801010.SI,0.2,-0.06255623647284847,fixed_industry64
2022-10-31,801160.SI,0.2,0.08148311465335656,fixed_industry64
2022-10-31,801950.SI,0.2,0.073430328719847,fixed_industry64
2022-10-31,801040.SI,0.2,0.10950493582501442,fixed_industry64
2022-10-31,801710.SI,0.2,0.20508708447918167,fixed_industry64
2022-10-31,801030.SI,0.2,0.09208755510867062,fixed_industry64
2022-11-30,801950.SI,0.2,-0.10878577360365793,fixed_industry64
2022-11-30,801120.SI,0.2,0.10776059249651104,fixed_industry64
2022-11-30,801710.SI,0.2,-0.033916463553293585,fixed_industry64
2022-11-30,801110.SI,0.2,0.010420804843204845,fixed_industry64
2022-11-30,801160.SI,0.2,-0.04637746537522269,fixed_industry64
2019-01-31,801720.SI,0.2,0.14399025536834986,lstm12_only
2019-01-31,801710.SI,0.2,0.15873696963578077,lstm12_only
2019-01-31,801180.SI,0.2,0.13690504045078056,lstm12_only
2019-01-31,801890.SI,0.2,0.19204658727244106,lstm12_only
2019-01-31,801040.SI,0.2,0.15019259429602472,lstm12_only
2019-02-28,801720.SI,0.2,0.049969013721306466,lstm12_only
2019-02-28,801710.SI,0.2,0.11337893177659675,lstm12_only
2019-02-28,801180.SI,0.2,0.11857409882425873,lstm12_only
2019-02-28,801890.SI,0.2,0.09378740933737073,lstm12_only
2019-02-28,801140.SI,0.2,0.1402421558508875,lstm12_only
2019-03-31,801720.SI,0.2,-0.04996771548428747,lstm12_only
2019-03-31,801770.SI,0.2,-0.022988954525755223,lstm12_only
2019-03-31,801710.SI,0.2,-0.02838808131003867,lstm12_only
2019-03-31,801140.SI,0.2,-0.06697343551872914,lstm12_only
2019-03-31,801890.SI,0.2,-0.04706147445337716,lstm12_only
2019-04-30,801770.SI,0.2,-0.08837692568985156,lstm12_only
2019-04-30,801720.SI,0.2,-0.08590287246329675,lstm12_only
2019-04-30,801140.SI,0.2,-0.07448608914910892,lstm12_only
2019-04-30,801170.SI,0.2,-0.06982403084804933,lstm12_only
2019-04-30,801130.SI,0.2,-0.06812844442561927,lstm12_only
2019-05-31,801140.SI,0.2,-0.005337987911027353,lstm12_only
2019-05-31,801170.SI,0.2,0.02484767946242772,lstm12_only
2019-05-31,801770.SI,0.2,0.03531913028230771,lstm12_only
2019-05-31,801720.SI,0.2,0.014012872502018325,lstm12_only
2019-05-31,801710.SI,0.2,0.033276038695818855,lstm12_only
2019-06-30,801710.SI,0.2,-0.036932688863697605,lstm12_only
2019-06-30,801140.SI,0.2,-0.027083865277036323,lstm12_only
2019-06-30,801720.SI,0.2,-0.025825577263055566,lstm12_only
2019-06-30,801170.SI,0.2,-0.012024759015511144,lstm12_only
2019-06-30,801210.SI,0.2,0.010552112008306747,lstm12_only
2019-07-31,801720.SI,0.2,-0.056913159523083845,lstm12_only
2019-07-31,801210.SI,0.2,0.019537522218624703,lstm12_only
2019-07-31,801140.SI,0.2,-0.015841886520558623,lstm12_only
2019-07-31,801710.SI,0.2,-0.0350670015144835,lstm12_only
2019-07-31,801180.SI,0.2,-0.06717407232245898,lstm12_only
2019-08-31,801210.SI,0.2,-0.013931218860128713,lstm12_only
2019-08-31,801720.SI,0.2,0.004886575626857459,lstm12_only
2019-08-31,801140.SI,0.2,0.0008581776573204358,lstm12_only
2019-08-31,801180.SI,0.2,0.012871838518845324,lstm12_only
2019-08-31,801710.SI,0.2,0.028481855135117806,lstm12_only
2019-09-30,801720.SI,0.2,-0.018710623638728996,lstm12_only
2019-09-30,801040.SI,0.2,-0.023680822415945157,lstm12_only
2019-09-30,801770.SI,0.2,-0.019283831554078423,lstm12_only
2019-09-30,801710.SI,0.2,0.013792463983124614,lstm12_only
2019-09-30,801180.SI,0.2,0.020117953399589217,lstm12_only
2019-10-31,801770.SI,0.2,-0.042485584204872695,lstm12_only
2019-10-31,801040.SI,0.2,0.022845897150680194,lstm12_only
2019-10-31,801710.SI,0.2,0.0526033985373866,lstm12_only
2019-10-31,801720.SI,0.2,-0.01427074695492847,lstm12_only
2019-10-31,801740.SI,0.2,-0.01736677636127315,lstm12_only
2019-11-30,801740.SI,0.2,0.05666094428653179,lstm12_only
2019-11-30,801770.SI,0.2,0.08224514893497159,lstm12_only
2019-11-30,801720.SI,0.2,0.052358236322330054,lstm12_only
2019-11-30,801040.SI,0.2,0.04951333051206097,lstm12_only
2019-11-30,801050.SI,0.2,0.15246180867731107,lstm12_only
2019-12-31,801740.SI,0.2,0.0316497838226546,lstm12_only
2019-12-31,801720.SI,0.2,-0.02695406177750337,lstm12_only
2019-12-31,801770.SI,0.2,0.014650775476215294,lstm12_only
2019-12-31,801050.SI,0.2,-0.008420096314315173,lstm12_only
2019-12-31,801210.SI,0.2,-0.0869680049517303,lstm12_only
2020-01-31,801770.SI,0.2,0.11077342634625098,lstm12_only
2020-01-31,801720.SI,0.2,-0.017006099960645393,lstm12_only
2020-01-31,801740.SI,0.2,0.008536711300815902,lstm12_only
2020-01-31,801120.SI,0.2,-0.02401867952580017,lstm12_only
2020-01-31,801210.SI,0.2,-0.03109577007373754,lstm12_only
2020-02-29,801720.SI,0.2,0.0056900356815781095,lstm12_only
2020-02-29,801120.SI,0.2,0.04261192478939657,lstm12_only
2020-02-29,801170.SI,0.2,-0.03072374464176353,lstm12_only
2020-02-29,801960.SI,0.2,-0.08012861511983527,lstm12_only
2020-02-29,801210.SI,0.2,-0.09656332022499692,lstm12_only
2020-03-31,801040.SI,0.2,0.02805182899204217,lstm12_only
2020-03-31,801120.SI,0.2,0.08661923055240117,lstm12_only
2020-03-31,801210.SI,0.2,0.21710191528313638,lstm12_only
2020-03-31,801720.SI,0.2,0.004901472929936368,lstm12_only
2020-03-31,801140.SI,0.2,0.007117146596858692,lstm12_only
2020-04-30,801720.SI,0.2,-0.03723290995072914,lstm12_only
2020-04-30,801130.SI,0.2,-0.004580170088009927,lstm12_only
2020-04-30,801180.SI,0.2,-0.030954636299287963,lstm12_only
2020-04-30,801210.SI,0.2,0.06663868191835443,lstm12_only
2020-04-30,801040.SI,0.2,-0.016803193695561935,lstm12_only
2020-05-31,801720.SI,0.2,-0.008260212111548815,lstm12_only
2020-05-31,801130.SI,0.2,0.03456376992631127,lstm12_only
2020-05-31,801180.SI,0.2,0.04641532640308088,lstm12_only
2020-05-31,801030.SI,0.2,0.06464792669431318,lstm12_only
2020-05-31,801040.SI,0.2,0.011632628309577564,lstm12_only
2020-06-30,801720.SI,0.2,0.10771704180064301,lstm12_only
2020-06-30,801180.SI,0.2,0.07537577535344808,lstm12_only
2020-06-30,801130.SI,0.2,0.05764054278593189,lstm12_only
2020-06-30,801030.SI,0.2,0.18227855385633496,lstm12_only
2020-06-30,801770.SI,0.2,0.0327998770813287,lstm12_only
2020-07-31,801720.SI,0.2,0.03610655929584716,lstm12_only
2020-07-31,801770.SI,0.2,-0.008491563246290634,lstm12_only
2020-07-31,801180.SI,0.2,0.016344813761240307,lstm12_only
2020-07-31,801170.SI,0.2,0.053097345132743445,lstm12_only
2020-07-31,801130.SI,0.2,0.022601947035196357,lstm12_only
2020-08-31,801180.SI,0.2,-0.04634627982934214,lstm12_only
2020-08-31,801130.SI,0.2,-0.05618800346182018,lstm12_only
2020-08-31,801170.SI,0.2,-0.05834005957331734,lstm12_only
2020-08-31,801720.SI,0.2,-0.07354203757760891,lstm12_only
2020-08-31,801770.SI,0.2,-0.10255823044211321,lstm12_only
2020-09-30,801180.SI,0.2,-0.043994356667479195,lstm12_only
2020-09-30,801130.SI,0.2,0.021676496600669504,lstm12_only
2020-09-30,801770.SI,0.2,-0.026121159591177667,lstm12_only
2020-09-30,801720.SI,0.2,-0.006530847156715924,lstm12_only
2020-09-30,801230.SI,0.2,0.018965517241379404,lstm12_only
2020-10-31,801080.SI,0.2,0.04016481055213306,lstm12_only
2020-10-31,801040.SI,0.2,0.10911016949152552,lstm12_only
2020-10-31,801120.SI,0.2,0.02299268128675447,lstm12_only
2020-10-31,801770.SI,0.2,0.022990738649198095,lstm12_only
2020-10-31,801150.SI,0.2,-0.0663055883876954,lstm12_only
2020-11-30,801080.SI,0.2,0.009391242799336563,lstm12_only
2020-11-30,801010.SI,0.2,0.018622642884661422,lstm12_only
2020-11-30,801770.SI,0.2,-0.06659188567340435,lstm12_only
2020-11-30,801150.SI,0.2,0.09518135546650774,lstm12_only
2020-11-30,801740.SI,0.2,0.10893477000928553,lstm12_only
2020-12-31,801210.SI,0.2,0.01187183811129855,lstm12_only
2020-12-31,801770.SI,0.2,-0.07300340651021953,lstm12_only
2020-12-31,801080.SI,0.2,0.013811121976770924,lstm12_only
2020-12-31,801010.SI,0.2,0.003194398303135726,lstm12_only
2020-12-31,801740.SI,0.2,-0.10204391293841297,lstm12_only
2021-01-31,801210.SI,0.2,0.0686050648832246,lstm12_only
2021-01-31,801770.SI,0.2,0.01359158883274647,lstm12_only
2021-01-31,801710.SI,0.2,0.03659502841393736,lstm12_only
2021-01-31,801080.SI,0.2,-0.03406264192767472,lstm12_only
2021-01-31,801010.SI,0.2,0.08307774607703267,lstm12_only
2021-02-28,801120.SI,0.2,-0.043481179036858886,lstm12_only
2021-02-28,801150.SI,0.2,-0.030125196600598758,lstm12_only
2021-02-28,801710.SI,0.2,0.010153651852502055,lstm12_only
2021-02-28,801770.SI,0.2,-0.057277950380929865,lstm12_only
2021-02-28,801210.SI,0.2,0.017528722241680228,lstm12_only
2021-03-31,801120.SI,0.2,0.05978878414696531,lstm12_only
2021-03-31,801010.SI,0.2,0.001099186296810828,lstm12_only
2021-03-31,801150.SI,0.2,0.1097471198101998,lstm12_only
2021-03-31,801770.SI,0.2,-0.036059566921983977,lstm12_only
2021-03-31,801880.SI,0.2,0.03217178708112445,lstm12_only
2021-04-30,801120.SI,0.2,0.09219313599121182,lstm12_only
2021-04-30,801010.SI,0.2,-0.04722328123014363,lstm12_only
2021-04-30,801770.SI,0.2,0.06912067026104496,lstm12_only
2021-04-30,801740.SI,0.2,0.13065184421917309,lstm12_only
2021-04-30,801080.SI,0.2,0.020974572616398346,lstm12_only
2021-05-31,801010.SI,0.2,-0.03715154586923464,lstm12_only
2021-05-31,801770.SI,0.2,0.03136191892858431,lstm12_only
2021-05-31,801080.SI,0.2,0.11816785960940179,lstm12_only
2021-05-31,801750.SI,0.2,0.033611441711407286,lstm12_only
2021-05-31,801120.SI,0.2,-0.05664675830488308,lstm12_only
2021-06-30,801010.SI,0.2,-0.1425266593340223,lstm12_only
2021-06-30,801710.SI,0.2,-0.058214393371799344,lstm12_only
2021-06-30,801120.SI,0.2,-0.19205436667795273,lstm12_only
2021-06-30,801140.SI,0.2,-0.071217757666732,lstm12_only
2021-06-30,801160.SI,0.2,-0.03198077544119604,lstm12_only
2021-07-31,801120.SI,0.2,-0.04279989087180258,lstm12_only
2021-07-31,801210.SI,0.2,0.009105150924949568,lstm12_only
2021-07-31,801010.SI,0.2,-0.004617139312243279,lstm12_only
2021-07-31,801150.SI,0.2,-0.0862569458234187,lstm12_only
2021-07-31,801140.SI,0.2,0.05128825733916309,lstm12_only
2021-08-31,801120.SI,0.2,0.12489071654653117,lstm12_only
2021-08-31,801150.SI,0.2,0.04956863409544843,lstm12_only
2021-08-31,801980.SI,0.2,-0.007030471219399703,lstm12_only
2021-08-31,801210.SI,0.2,0.07327774461357106,lstm12_only
2021-08-31,801010.SI,0.2,0.0942642905833091,lstm12_only
2021-09-30,801120.SI,0.2,0.017800593008912458,lstm12_only
2021-09-30,801150.SI,0.2,-0.040948447928099596,lstm12_only
2021-09-30,801980.SI,0.2,0.04368213290285139,lstm12_only
2021-09-30,801110.SI,0.2,-0.006803081684816359,lstm12_only
2021-09-30,801210.SI,0.2,0.03277751962022113,lstm12_only
2021-10-31,801120.SI,0.2,0.014978765644826808,lstm12_only
2021-10-31,801150.SI,0.2,0.03664719346168699,lstm12_only
2021-10-31,801080.SI,0.2,0.08530447760597637,lstm12_only
2021-10-31,801110.SI,0.2,0.0010934495861163462,lstm12_only
2021-10-31,801210.SI,0.2,-0.1661897748428235,lstm12_only
2021-11-30,801120.SI,0.2,0.0396818257307352,lstm12_only
2021-11-30,801210.SI,0.2,0.13921014103224172,lstm12_only
2021-11-30,801150.SI,0.2,0.004729144200510849,lstm12_only
2021-11-30,801950.SI,0.2,0.07674081756732587,lstm12_only
2021-11-30,801040.SI,0.2,0.015706221194255354,lstm12_only
2021-12-31,801120.SI,0.2,-0.10589043116922292,lstm12_only
2021-12-31,801950.SI,0.2,-0.042096041585358734,lstm12_only
2021-12-31,801210.SI,0.2,-0.07121774058425823,lstm12_only
2021-12-31,801040.SI,0.2,-0.07358927767682988,lstm12_only
2021-12-31,801710.SI,0.2,-0.07647765412038698,lstm12_only
2022-01-31,801120.SI,0.2,-0.007451832313715712,lstm12_only
2022-01-31,801950.SI,0.2,0.1553258349045359,lstm12_only
2022-01-31,801040.SI,0.2,0.07910013207947797,lstm12_only
2022-01-31,801050.SI,0.2,0.17175770278114344,lstm12_only
2022-01-31,801030.SI,0.2,0.09708529646334996,lstm12_only
2022-02-28,801120.SI,0.2,-0.10261061880532174,lstm12_only
2022-02-28,801730.SI,0.2,-0.1009533445559927,lstm12_only
2022-02-28,801080.SI,0.2,-0.14973257590857747,lstm12_only
2022-02-28,801030.SI,0.2,-0.09326287709866932,lstm12_only
2022-02-28,801980.SI,0.2,-0.04300261415837481,lstm12_only
2022-03-31,801120.SI,0.2,0.042877293532190386,lstm12_only
2022-03-31,801080.SI,0.2,-0.1390666054561971,lstm12_only
2022-03-31,801110.SI,0.2,-0.008308092265809863,lstm12_only
2022-03-31,801730.SI,0.2,-0.15533573676592138,lstm12_only
2022-03-31,801030.SI,0.2,-0.11924497793547961,lstm12_only
2022-04-30,801120.SI,0.2,0.019460652627061314,lstm12_only
2022-04-30,801080.SI,0.2,0.08955769983492456,lstm12_only
2022-04-30,801030.SI,0.2,0.10962372541670184,lstm12_only
2022-04-30,801730.SI,0.2,0.12431716584198194,lstm12_only
2022-04-30,801770.SI,0.2,0.06084310401657489,lstm12_only
2022-05-31,801120.SI,0.2,0.13049335912269577,lstm12_only
2022-05-31,801030.SI,0.2,0.08126292568592297,lstm12_only
2022-05-31,801080.SI,0.2,0.08034549813740277,lstm12_only
2022-05-31,801770.SI,0.2,0.0645053902448498,lstm12_only
2022-05-31,801210.SI,0.2,0.11123127393647025,lstm12_only
2022-06-30,801120.SI,0.2,-0.0968960160949317,lstm12_only
2022-06-30,801030.SI,0.2,-0.02150702166003604,lstm12_only
2022-06-30,801180.SI,0.2,-0.06252751690486813,lstm12_only
2022-06-30,801210.SI,0.2,-0.09205010900759025,lstm12_only
2022-06-30,801710.SI,0.2,-0.10062368410598654,lstm12_only
2022-07-31,801120.SI,0.2,0.007297421691735861,lstm12_only
2022-07-31,801180.SI,0.2,-0.010950607287449343,lstm12_only
2022-07-31,801710.SI,0.2,-0.06804770318021203,lstm12_only
2022-07-31,801210.SI,0.2,-0.009694398053735287,lstm12_only
2022-07-31,801030.SI,0.2,-0.02748553507202056,lstm12_only
2022-08-31,801120.SI,0.2,-0.03072268896143826,lstm12_only
2022-08-31,801710.SI,0.2,-0.09308005598895375,lstm12_only
2022-08-31,801040.SI,0.2,-0.09026028031448319,lstm12_only
2022-08-31,801210.SI,0.2,-0.05616729059379266,lstm12_only
2022-08-31,801030.SI,0.2,-0.0903479249345086,lstm12_only
2022-09-30,801120.SI,0.2,-0.22138912887662965,lstm12_only
2022-09-30,801030.SI,0.2,-0.047737126639398664,lstm12_only
2022-09-30,801040.SI,0.2,-0.027380973825950727,lstm12_only
2022-09-30,801710.SI,0.2,-0.09735674071183709,lstm12_only
2022-09-30,801210.SI,0.2,0.007782562319756714,lstm12_only
2022-10-31,801030.SI,0.2,0.09208755510867062,lstm12_only
2022-10-31,801710.SI,0.2,0.20508708447918167,lstm12_only
2022-10-31,801040.SI,0.2,0.10950493582501442,lstm12_only
2022-10-31,801730.SI,0.2,0.013443772498649809,lstm12_only
2022-10-31,801080.SI,0.2,0.032355769230769216,lstm12_only
2022-11-30,801030.SI,0.2,-0.04356119625674004,lstm12_only
2022-11-30,801730.SI,0.2,-0.04003249097102202,lstm12_only
2022-11-30,801080.SI,0.2,-0.04484701718437112,lstm12_only
2022-11-30,801120.SI,0.2,0.10776059249651104,lstm12_only
2022-11-30,801050.SI,0.2,-0.05922114070126905,lstm12_only
