ind_code,month,mom1,mom3,mom6,breadth,amount_ratio,phase,trend_score,pred_ensemble,selection_score,sector_rank,exposure
801010.SI,2022-12-31,0.01431843510063846,0.0015472629556674278,-0.06557060893881683,0.6746987951807228,0.8980710954602057,range,0.5,0.9379310344827585,0.7189655172413792,0.8275862068965517,0.35
801030.SI,2022-12-31,-0.04356119625674004,-0.005347225973082126,-0.13900506647624866,0.5047169811320755,0.8980710954602057,range,0.2655172413793103,0.7206896551724138,0.49310344827586206,0.5172413793103449,0.35
801040.SI,2022-12-31,-0.0460057924564522,0.02947958135932116,-0.12928978982410433,0.6666666666666666,0.8980710954602057,range,0.43448275862068964,0.20689655172413796,0.32068965517241377,0.20689655172413793,0.35
801050.SI,2022-12-31,-0.05922114070126905,-0.024444080228689713,-0.183836754173211,0.38613861386138615,0.8980710954602057,range,0.13448275862068967,0.32068965517241377,0.22758620689655173,0.034482758620689655,0.35
801080.SI,2022-12-31,-0.04484701718437112,0.019377737236947468,-0.15984144769340136,0.6605504587155964,0.8980710954602057,range,0.3586206896551724,0.14827586206896554,0.253448275862069,0.10344827586206896,0.35
801110.SI,2022-12-31,0.010420804843204845,-0.000925784721933387,-0.11239540937121095,0.54,0.8980710954602057,range,0.403448275862069,0.2,0.3017241379310345,0.1724137931034483,0.35
801120.SI,2022-12-31,0.10776059249651104,0.005741889241909215,-0.11319105275702579,0.911504424778761,0.8980710954602057,range,0.4827586206896552,0.3551724137931035,0.4189655172413793,0.3103448275862069,0.35
801130.SI,2022-12-31,0.015296379448272335,0.07269443119078467,-0.04207271421354086,0.7333333333333333,0.8980710954602057,range,0.7586206896551725,0.5448275862068965,0.6517241379310346,0.7931034482758621,0.35
801140.SI,2022-12-31,0.0087773696512905,0.07494986090444455,-0.06000420259752848,0.8214285714285714,0.8980710954602057,range,0.7137931034482758,0.4482758620689655,0.5810344827586207,0.6896551724137931,0.35
801150.SI,2022-12-31,-0.025735993116730915,0.1056223768722262,-0.07106073889567133,0.814935064935065,0.8980710954602057,range,0.7034482758620689,0.20689655172413796,0.45517241379310347,0.3793103448275862,0.35
801160.SI,2022-12-31,-0.04637746537522269,-0.004058945308429873,-0.04926419394316783,0.5666666666666667,0.8980710954602057,range,0.41724137931034483,0.7310344827586207,0.5741379310344827,0.6551724137931034,0.35
801170.SI,2022-12-31,-0.004939559815376637,0.039391568806694144,-0.027201454473658293,0.7685185185185185,0.8980710954602057,range,0.693103448275862,0.7724137931034483,0.7327586206896551,0.8620689655172413,0.35
801180.SI,2022-12-31,-0.09066013304065612,-0.008993150911557501,-0.0905773008686992,0.6568627450980392,0.8980710954602057,retreat,0.22413793103448276,0.6931034482758621,0.45862068965517244,0.41379310344827586,0.35
801200.SI,2022-12-31,0.035896509358964934,0.10015504113962903,-0.034159555006013975,0.8695652173913043,0.8980710954602057,range,0.8344827586206897,0.6586206896551724,0.746551724137931,0.9310344827586207,0.35
801210.SI,2022-12-31,0.06457441027699384,0.21842644378100462,0.03401170921602659,0.9354838709677419,0.8980710954602057,range,0.9758620689655173,0.8241379310344827,0.9,0.9655172413793104,0.35
801230.SI,2022-12-31,0.022748538804735485,0.13480390312897317,0.12209873236921975,0.9375,0.8980710954602057,range,0.9137931034482758,0.9620689655172414,0.9379310344827586,1.0,0.35
801710.SI,2022-12-31,-0.033916463553293585,0.05087063463307229,-0.20117189051761808,0.6296296296296297,0.8980710954602057,range,0.4586206896551724,0.06206896551724138,0.26034482758620686,0.13793103448275862,0.35
801720.SI,2022-12-31,-0.07023827846259323,0.039466274558878744,-0.08689379087961002,0.673469387755102,0.8980710954602057,range,0.46551724137931033,0.4793103448275862,0.4724137931034483,0.4482758620689655,0.35
801730.SI,2022-12-31,-0.04003249097102202,-0.03887575734832227,-0.21201053321892005,0.5105263157894737,0.8980710954602057,range,0.16551724137931034,0.3275862068965517,0.24655172413793103,0.06896551724137931,0.35
801740.SI,2022-12-31,-0.04634607565362758,0.008345901091177055,-0.06569629217461692,0.620253164556962,0.8980710954602057,range,0.4413793103448276,0.32413793103448274,0.38275862068965516,0.2413793103448276,0.35
801750.SI,2022-12-31,-0.01617171942943063,0.14184938654466328,-0.023995383855589303,0.9137055837563451,0.8980710954602057,range,0.8862068965517241,0.35517241379310344,0.6206896551724138,0.7241379310344828,0.35
801760.SI,2022-12-31,0.023297253236783,0.1407861369399832,-0.049026688980886024,0.9354838709677419,0.8980710954602057,range,0.8655172413793104,0.1724137931034483,0.5189655172413794,0.5862068965517241,0.35
801770.SI,2022-12-31,-0.041289212234999595,0.023729304382208216,-0.04185886510406078,0.6619718309859155,0.8980710954602057,range,0.5862068965517242,0.8827586206896552,0.7344827586206897,0.896551724137931,0.35
801880.SI,2022-12-31,-0.0642889667250438,-0.004310441219223082,-0.1745545949486773,0.5972222222222222,0.8980710954602057,range,0.18965517241379312,0.5896551724137932,0.38965517241379316,0.27586206896551724,0.35
801890.SI,2022-12-31,-0.054694627856211264,0.05787236617204394,-0.06494461491152426,0.7109004739336493,0.8980710954602057,range,0.5793103448275863,0.3758620689655172,0.47758620689655173,0.4827586206896552,0.35
801950.SI,2022-12-31,-0.10878577360365793,-0.16371232748098774,-0.15555941790832528,0.0,0.8980710954602057,retreat,0.08620689655172414,0.9241379310344828,0.5051724137931035,0.5517241379310345,0.35
801960.SI,2022-12-31,-0.05765373502990656,-0.051187445256799524,-0.09776759320395478,0.6,0.8980710954602057,range,0.1896551724137931,0.896551724137931,0.5431034482758621,0.6206896551724138,0.35
801970.SI,2022-12-31,-0.05071942832004628,0.027328622769788202,-0.07675771568704182,0.7291666666666666,0.8980710954602057,range,0.45862068965517244,0.4241379310344828,0.4413793103448276,0.3448275862068966,0.35
801980.SI,2022-12-31,0.10325102664811348,0.10309446907227637,-0.05020844373081734,0.9047619047619048,0.8980710954602057,range,0.8137931034482758,0.45517241379310347,0.6344827586206896,0.7586206896551724,0.35
801010.SI,2023-01-31,0.032821714414056125,0.10344726951998928,-0.06811204859199871,0.9340659340659341,0.940659456392605,range,0.2793103448275862,0.5172413793103448,0.3982758620689655,0.13793103448275862,0.35
801030.SI,2023-01-31,0.08000276450377153,0.12807899553974256,-0.04968463850711524,0.8872727272727273,0.940659456392605,range,0.503448275862069,0.7310344827586208,0.6172413793103448,0.7931034482758621,0.35
801040.SI,2023-01-31,0.07276966552638253,0.13548515548311824,-0.060525146342210956,0.975609756097561,0.940659456392605,range,0.4965517241379311,0.3689655172413793,0.4327586206896552,0.2413793103448276,0.35
801050.SI,2023-01-31,0.14666948854846917,0.15972619123803122,-0.04867368771654179,0.9166666666666666,0.940659456392605,range,0.6103448275862069,0.3758620689655172,0.49310344827586206,0.4482758620689655,0.35
801080.SI,2023-01-31,0.09517021825795169,0.07990101809954764,-0.0456037130810123,0.7984790874524715,0.940659456392605,range,0.3448275862068966,0.5551724137931033,0.44999999999999996,0.3103448275862069,0.35
801110.SI,2023-01-31,0.08288748616203456,0.24175346224635375,-0.014660761209169038,0.8484848484848485,0.940659456392605,range,0.7655172413793103,0.10344827586206898,0.43448275862068964,0.27586206896551724,0.35
801120.SI,2023-01-31,0.05159019528408315,0.35835286782902065,0.032615967408842206,0.972972972972973,0.940659456392605,range,0.8172413793103448,0.46896551724137936,0.6431034482758621,0.9310344827586207,0.35
801130.SI,2023-01-31,0.04676727561556793,0.17186555219633637,0.018857538686095188,0.925,0.940659456392605,range,0.6310344827586207,0.503448275862069,0.5672413793103448,0.6551724137931034,0.35
801140.SI,2023-01-31,0.05011241654737164,0.1902450908736537,0.04601589531019812,0.9519230769230769,0.940659456392605,range,0.7068965517241379,0.21034482758620687,0.4586206896551724,0.3620689655172414,0.35
801150.SI,2023-01-31,0.05471590771272994,0.10326092597611525,0.05925309126583822,0.6635802469135802,0.940659456392605,range,0.5379310344827586,0.7103448275862069,0.6241379310344828,0.8620689655172413,0.35
801160.SI,2023-01-31,0.021459988810603514,0.05345892772536853,-0.06662926018287607,0.8761904761904762,0.940659456392605,range,0.14482758620689654,0.9275862068965517,0.5362068965517242,0.5862068965517241,0.35
801170.SI,2023-01-31,0.019712556924130986,0.09732358990226242,0.04308842166272364,0.9174311926605505,0.940659456392605,range,0.41034482758620694,0.9517241379310346,0.6810344827586208,0.9655172413793104,0.35
801180.SI,2023-01-31,0.037123721253238706,0.20525276354028033,0.006092307692307619,0.9636363636363636,0.940659456392605,range,0.6448275862068965,0.603448275862069,0.6241379310344828,0.8620689655172413,0.35
801200.SI,2023-01-31,-0.011849696868219572,0.16985550099732816,0.02679005096307896,0.8255813953488372,0.940659456392605,range,0.5689655172413793,0.42068965517241375,0.49482758620689654,0.4827586206896552,0.35
801210.SI,2023-01-31,-0.00298757446934661,0.20540516324130587,0.13543988766356452,0.8805970149253731,0.940659456392605,range,0.7448275862068965,0.17241379310344826,0.4586206896551724,0.3620689655172414,0.35
801230.SI,2023-01-31,0.0008585426652611972,0.12417855321113547,0.10260520895718606,0.9545454545454546,0.940659456392605,range,0.5758620689655172,0.5379310344827586,0.5568965517241379,0.6206896551724138,0.35
801710.SI,2023-01-31,0.08957227894116526,0.268496164423216,-0.03223939929328623,1.0,0.940659456392605,range,0.7482758620689656,0.05172413793103448,0.4,0.1896551724137931,0.35
801720.SI,2023-01-31,0.05538918401027315,0.1166929392969549,-0.00840332173929459,0.896,0.940659456392605,range,0.49310344827586206,0.5137931034482759,0.503448275862069,0.5172413793103449,0.35
801730.SI,2023-01-31,0.11821249966571279,0.08787885410520024,-0.11550079706490579,0.8565217391304348,0.940659456392605,range,0.3275862068965517,0.47241379310344833,0.4,0.1896551724137931,0.35
801740.SI,2023-01-31,0.06450237544158854,-0.03844555024391427,-0.024497187474805115,0.5444444444444444,0.940659456392605,range,0.2586206896551724,0.5344827586206896,0.396551724137931,0.10344827586206896,0.35
801750.SI,2023-01-31,0.12797893350888745,0.10997157221647802,0.11215559899810623,0.711864406779661,0.940659456392605,range,0.6896551724137931,0.05172413793103448,0.3706896551724138,0.034482758620689655,0.35
801760.SI,2023-01-31,0.05060946241339703,0.23082599071140253,0.04462986498683019,0.967741935483871,0.940659456392605,range,0.7724137931034483,0.25517241379310346,0.5137931034482759,0.5517241379310345,0.35
801770.SI,2023-01-31,0.09237983332245348,0.05956595838983536,0.015407330997203594,0.7555555555555555,0.940659456392605,range,0.4241379310344827,0.8241379310344827,0.6241379310344828,0.8620689655172413,0.35
801880.SI,2023-01-31,0.10894437675349189,0.12105100837998872,-0.12897511437274345,0.8651162790697674,0.940659456392605,range,0.4310344827586208,0.7310344827586207,0.5810344827586207,0.7241379310344828,0.35
801890.SI,2023-01-31,0.09715172226432367,0.0976932155502308,-0.024361867827966566,0.819935691318328,0.940659456392605,range,0.46206896551724136,0.45862068965517244,0.4603448275862069,0.41379310344827586,0.35
801950.SI,2023-01-31,0.0515195401524593,0.005942876781968032,-0.03554916370051786,0.7878787878787878,0.940659456392605,range,0.2206896551724138,0.9241379310344827,0.5724137931034483,0.6896551724137931,0.35
801960.SI,2023-01-31,0.0789934375418524,0.12311368897961206,0.010350603747895093,0.8809523809523809,0.940659456392605,range,0.5758620689655173,0.9103448275862069,0.743103448275862,1.0,0.35
801970.SI,2023-01-31,0.05954991409711541,0.08093725316098066,-0.07123713842693735,0.8611111111111112,0.940659456392605,range,0.24482758620689654,0.5137931034482759,0.3793103448275862,0.06896551724137931,0.35
801980.SI,2023-01-31,0.008103127149880596,0.19357412830883391,-0.021110687183553467,0.88,0.940659456392605,range,0.5689655172413793,0.6,0.5844827586206897,0.7586206896551724,0.35
801010.SI,2023-02-28,0.005809733434031461,0.05369644055586664,-0.06754971217474937,0.8068181818181818,1.0918524427609568,range,0.4068965517241379,0.7172413793103447,0.5620689655172413,0.6206896551724138,0.35
801030.SI,2023-02-28,0.02641310210536907,0.06024013900299341,0.002983681317822562,0.7286821705426356,1.0918524427609568,range,0.5517241379310345,0.38620689655172413,0.4689655172413793,0.4482758620689655,0.35
801040.SI,2023-02-28,0.0454710418255293,0.06995184081595185,0.050396791255433726,0.9,1.0918524427609568,range,0.7068965517241379,0.14827586206896554,0.4275862068965517,0.41379310344827586,0.35
801050.SI,2023-02-28,-0.03579902767603149,0.04014376793507046,-0.019149323298956133,0.7844827586206896,1.0918524427609568,range,0.31724137931034485,0.03793103448275863,0.17758620689655175,0.034482758620689655,0.35
801080.SI,2023-02-28,-0.0036558570968409088,0.04223087269649173,-0.03799648026215974,0.7637795275590551,1.0918524427609568,range,0.3586206896551724,0.14482758620689656,0.2517241379310345,0.13793103448275862,0.35
801110.SI,2023-02-28,0.0030968039559355898,0.09756048164090658,0.03235487198724574,0.8412698412698413,1.0918524427609568,range,0.6,0.5103448275862069,0.5551724137931034,0.5862068965517241,0.35
801120.SI,2023-02-28,0.010498487611337426,0.1771399728612819,0.03589749251764007,0.9252336448598131,1.0918524427609568,advance,0.7551724137931034,0.8172413793103448,0.7862068965517242,0.8620689655172413,0.35
801130.SI,2023-02-28,0.04727592800558478,0.1130228897318779,0.08287095154406221,0.85,1.0918524427609568,range,0.8137931034482759,0.8137931034482759,0.8137931034482759,0.9655172413793104,0.35
801140.SI,2023-02-28,0.06677747120037347,0.13006899602329658,0.10721341984168453,0.9279279279279279,1.0918524427609568,range,0.8931034482758621,0.7172413793103448,0.8051724137931034,0.9310344827586207,0.35
801150.SI,2023-02-28,0.00116765155688614,0.028771592121191736,0.08779968106710756,0.5062111801242236,1.0918524427609568,range,0.506896551724138,0.5413793103448277,0.5241379310344828,0.5172413793103449,0.35
801160.SI,2023-02-28,0.011332819756956658,-0.014873581067306296,-0.05172399395412153,0.34,1.0918524427609568,range,0.18965517241379312,0.22413793103448276,0.20689655172413796,0.10344827586206896,0.35
801170.SI,2023-02-28,-0.004776891785985282,0.00982863009260626,0.02664470870048752,0.6868686868686869,1.0918524427609568,range,0.296551724137931,0.4517241379310345,0.3741379310344828,0.27586206896551724,0.35
801180.SI,2023-02-28,-0.02015252824090319,-0.07590786130010652,-0.0032681771889091493,0.205607476635514,1.0918524427609568,range,0.13793103448275862,0.36896551724137927,0.253448275862069,0.1724137931034483,0.35
801200.SI,2023-02-28,-0.02508145737211287,-0.0020524680205248336,0.018352108261582956,0.7857142857142857,1.0918524427609568,range,0.21379310344827585,0.4793103448275862,0.346551724137931,0.2413793103448276,0.35
801210.SI,2023-02-28,0.027019844905346924,0.09007261391350818,0.17753478828735725,0.746268656716418,1.0918524427609568,range,0.7965517241379311,0.810344827586207,0.803448275862069,0.896551724137931,0.35
801230.SI,2023-02-28,0.00037756720861903403,0.02401309990371714,0.0771351237621114,0.5714285714285714,1.0918524427609568,range,0.4379310344827586,0.893103448275862,0.6655172413793102,0.7586206896551724,0.35
801710.SI,2023-02-28,0.0005629063004428669,0.0532103656681282,0.039007428331295335,0.7619047619047619,1.0918524427609568,range,0.5137931034482759,0.25517241379310346,0.3844827586206897,0.3448275862068966,0.35
801720.SI,2023-02-28,0.02453480358373561,0.005335497381222298,0.03946010589562832,0.5725806451612904,1.0918524427609568,range,0.403448275862069,0.8793103448275862,0.6413793103448275,0.7241379310344828,0.35
801730.SI,2023-02-28,-0.06020091205386224,0.008825139221346312,-0.09760596254304577,0.6946902654867256,1.0918524427609568,range,0.12068965517241378,0.24137931034482757,0.18103448275862066,0.06896551724137931,0.35
801740.SI,2023-02-28,0.013026644542350807,0.028391085754116085,0.03244241422878824,0.7444444444444445,1.0918524427609568,range,0.43103448275862066,0.2517241379310345,0.3413793103448276,0.20689655172413793,0.35
801750.SI,2023-02-28,0.05686434723299838,0.17284207745763402,0.2477255102233824,0.9098712446351931,1.0918524427609568,advance,0.9689655172413794,0.10689655172413792,0.5379310344827586,0.5517241379310345,0.35
801760.SI,2023-02-28,0.041612300313855544,0.11982256933254987,0.07577440678892078,0.8067226890756303,1.0918524427609568,range,0.7965517241379311,0.7551724137931035,0.7758620689655173,0.8275862068965517,0.35
801770.SI,2023-02-28,0.08588715701409311,0.1372239171816736,0.1140419444657319,0.8854166666666666,1.0918524427609568,range,0.9275862068965517,0.5862068965517241,0.756896551724138,0.7931034482758621,0.35
801880.SI,2023-02-28,-0.0067308130477857775,0.030667250437828253,-0.018534917656868877,0.7027027027027027,1.0918524427609568,range,0.3137931034482759,0.5,0.40689655172413797,0.3793103448275862,0.35
801890.SI,2023-02-28,0.033284896033571654,0.0716646279237938,0.08799555390885505,0.7781456953642384,1.0918524427609568,range,0.7620689655172413,0.5034482758620689,0.6327586206896552,0.6896551724137931,0.35
801950.SI,2023-02-28,0.029332422255913038,-0.03538255785643518,-0.07953370101744317,0.3939393939393939,1.0918524427609568,range,0.2068965517241379,0.9655172413793103,0.5862068965517241,0.6551724137931034,0.35
801960.SI,2023-02-28,0.020036970871032178,0.03715873595391672,-0.010373524288755487,0.6666666666666666,1.0918524427609568,range,0.4241379310344828,0.5586206896551724,0.4913793103448276,0.4827586206896552,0.35
801970.SI,2023-02-28,0.017879145086702186,0.023793173746499363,0.0060998755773002955,0.582089552238806,1.0918524427609568,range,0.3620689655172414,0.3896551724137931,0.3758620689655172,0.3103448275862069,0.35
801980.SI,2023-02-28,0.02348980721297278,0.1383159577061086,0.04759038282708539,0.9629629629629629,1.0918524427609568,range,0.786206896551724,0.9448275862068966,0.8655172413793103,1.0,0.35
801010.SI,2023-03-31,-0.01950226138581468,0.01856275248348127,0.020138736898421827,0.5842696629213483,1.08699970598684,range,0.3,0.3137931034482758,0.3068965517241379,0.1724137931034483,1.0
801030.SI,2023-03-31,-0.07197425991694584,0.028743434303542648,0.023242510691996898,0.6460905349794238,1.08699970598684,range,0.296551724137931,0.496551724137931,0.39655172413793105,0.3448275862068966,1.0
801040.SI,2023-03-31,-0.0744040189715428,0.038101820663347885,0.06870462774485264,0.7948717948717948,1.08699970598684,range,0.4620689655172413,0.034482758620689655,0.24827586206896549,0.10344827586206896,1.0
801050.SI,2023-03-31,-0.03984757198592548,0.06156356979684641,0.03561462472887822,0.652542372881356,1.08699970598684,range,0.5206896551724138,0.1482758620689655,0.33448275862068966,0.20689655172413793,1.0
801080.SI,2023-03-31,0.058519096770462964,0.15502050649611387,0.1774021903742815,0.8834586466165414,1.08699970598684,advance,0.8862068965517241,0.20689655172413796,0.5465517241379311,0.6206896551724138,1.0
801110.SI,2023-03-31,-0.008153161337209225,0.07738467848123132,0.07638725220624831,0.8,1.08699970598684,range,0.7,0.7827586206896551,0.7413793103448275,0.8275862068965517,1.0
801120.SI,2023-03-31,-0.017446050390955925,0.04409160012719826,0.05008665845353644,0.5420560747663551,1.08699970598684,range,0.596551724137931,0.8862068965517241,0.7413793103448276,0.8620689655172413,1.0
801130.SI,2023-03-31,-0.053807318444497265,0.037267672756155834,0.11267125621975338,0.589041095890411,1.08699970598684,range,0.4862068965517241,0.36551724137931035,0.42586206896551726,0.3793103448275862,1.0
801140.SI,2023-03-31,-0.07357647763118513,0.03781322947162069,0.11559718666531116,0.6976744186046512,1.08699970598684,range,0.4862068965517241,0.6448275862068965,0.5655172413793104,0.6551724137931034,1.0
801150.SI,2023-03-31,-0.0353405628679242,0.018629671199588804,0.12621975822426368,0.5811688311688312,1.08699970598684,range,0.47931034482758617,0.31034482758620685,0.3948275862068965,0.3103448275862069,1.0
801160.SI,2023-03-31,-0.017075125267486668,0.0153967914633093,0.011275351420404478,0.5106382978723404,1.08699970598684,range,0.28620689655172415,0.5758620689655172,0.43103448275862066,0.41379310344827586,1.0
801170.SI,2023-03-31,-0.008028865584207234,0.006693474391012311,0.04634870965473592,0.5619047619047619,1.08699970598684,range,0.3586206896551724,0.6413793103448276,0.5,0.5517241379310345,1.0
801180.SI,2023-03-31,-0.07611763275739147,-0.06112943721787434,-0.06957284187539292,0.3191489361702128,1.08699970598684,range,0.04482758620689655,0.0793103448275862,0.06206896551724138,0.034482758620689655,1.0
801200.SI,2023-03-31,-0.014976174268209519,-0.051061484473652885,0.04397949158786685,0.5280898876404494,1.08699970598684,range,0.25862068965517243,0.6689655172413793,0.46379310344827585,0.4482758620689655,1.0
801210.SI,2023-03-31,-0.003402616060782071,0.02046743265914519,0.24336450496921413,0.5538461538461539,1.08699970598684,range,0.6172413793103448,0.9655172413793103,0.7913793103448276,0.9310344827586207,1.0
801230.SI,2023-03-31,-0.012325896300906858,-0.011104702427123359,0.12220224347158792,0.6,1.08699970598684,range,0.4241379310344828,0.9310344827586207,0.6775862068965517,0.7241379310344828,1.0
801710.SI,2023-03-31,-0.06512354924103614,0.019188850044839167,0.07103563365757126,0.7413793103448276,1.08699970598684,range,0.3724137931034483,0.1724137931034483,0.27241379310344827,0.13793103448275862,1.0
801720.SI,2023-03-31,0.028331253450363247,0.11191705166212684,0.1558002753097234,0.8046875,1.08699970598684,range,0.8413793103448276,0.5827586206896551,0.7120689655172414,0.7931034482758621,1.0
801730.SI,2023-03-31,-0.05185550125559468,-0.00359960420399541,-0.042335424212733064,0.6826923076923077,1.08699970598684,range,0.1724137931034483,0.22413793103448276,0.19827586206896552,0.06896551724137931,1.0
801740.SI,2023-03-31,-0.03685782781689695,0.038622920642655156,0.047291164809368125,0.7444444444444445,1.08699970598684,range,0.5137931034482759,0.42758620689655175,0.4706896551724138,0.4827586206896552,1.0
801750.SI,2023-03-31,0.14741576829622183,0.36785811098633014,0.561887944909883,0.970954356846473,1.08699970598684,advance,0.993103448275862,0.7896551724137932,0.8913793103448276,0.9655172413793104,1.0
801760.SI,2023-03-31,0.22673257270542013,0.34244748249416457,0.5314454775993236,0.916030534351145,1.08699970598684,advance,0.9724137931034483,0.5655172413793104,0.7689655172413794,0.896551724137931,1.0
801770.SI,2023-03-31,0.09180627083744164,0.29510194312074334,0.32583381133504496,0.9473684210526315,1.08699970598684,advance,0.9310344827586207,1.0,0.9655172413793103,1.0,1.0
801880.SI,2023-03-31,-0.05643734781507903,0.0393156538290933,0.034835744795044477,0.7237569060773481,1.08699970598684,range,0.4413793103448276,0.5413793103448276,0.49137931034482757,0.5172413793103449,1.0
801890.SI,2023-03-31,-0.028901879914990714,0.10090510030455979,0.1646170833900562,0.8220640569395018,1.08699970598684,range,0.7482758620689656,0.6689655172413793,0.7086206896551724,0.7586206896551724,1.0
801950.SI,2023-03-31,-0.044459734188944444,0.03424157713336262,-0.13507651863674774,0.65625,1.08699970598684,range,0.303448275862069,0.4275862068965517,0.36551724137931035,0.27586206896551724,1.0
801960.SI,2023-03-31,0.005145521788068708,0.10627642680850258,0.04964896277235464,0.6046511627906976,1.08699970598684,range,0.703448275862069,0.5931034482758621,0.6482758620689656,0.6896551724137931,1.0
801970.SI,2023-03-31,-0.03746207416956182,0.03809114748168896,0.0664607488518727,0.7464788732394366,1.08699970598684,range,0.503448275862069,0.16896551724137931,0.33620689655172414,0.2413793103448276,1.0
801980.SI,2023-03-31,-0.04664270632590939,-0.016341889042390867,0.08506782165542215,0.38095238095238093,1.08699970598684,range,0.30000000000000004,0.7862068965517242,0.5431034482758621,0.5862068965517241,1.0
801010.SI,2023-04-30,-0.042104573098962095,-0.055329115374782134,0.04239450823472968,0.26666666666666666,1.2521379237730053,range,0.36206896551724144,0.2103448275862069,0.28620689655172415,0.13793103448275862,1.0
801030.SI,2023-04-30,-0.07742195541543406,-0.1212095587227,-0.008654961713976284,0.1388888888888889,1.2521379237730053,range,0.09310344827586206,0.7241379310344828,0.4086206896551724,0.3620689655172414,1.0
801040.SI,2023-04-30,-0.02670790702378345,-0.05816101421913045,0.06944418720945311,0.3333333333333333,1.2521379237730053,range,0.4482758620689655,0.21379310344827585,0.3310344827586207,0.1724137931034483,1.0
801050.SI,2023-04-30,-0.014878560608707736,-0.0879943677515721,0.05767681827510196,0.2689075630252101,1.2521379237730053,range,0.35517241379310344,0.43103448275862066,0.3931034482758621,0.27586206896551724,1.0
801080.SI,2023-04-30,-0.07502464485338478,-0.024475387125412196,0.053470022624434455,0.35793357933579334,1.2521379237730053,range,0.44137931034482764,0.05172413793103448,0.24655172413793106,0.06896551724137931,1.0
801110.SI,2023-04-30,0.02041020767980206,0.01522488491991747,0.2606590158079636,0.4461538461538462,1.2521379237730053,range,0.8206896551724138,0.8344827586206897,0.8275862068965517,0.896551724137931,1.0
801120.SI,2023-04-30,-0.0595865903887105,-0.06629241502496619,0.26830437576454624,0.48623853211009177,1.2521379237730053,range,0.45862068965517244,0.5896551724137932,0.5241379310344828,0.5517241379310345,1.0
801130.SI,2023-04-30,-0.006015682430776881,-0.015036270373630312,0.15424506491196865,0.44,1.2521379237730053,range,0.7241379310344828,0.7758620689655171,0.75,0.8620689655172413,1.0
801140.SI,2023-04-30,-0.049392534784788,-0.060526294243349654,0.11820396628173246,0.2653061224489796,1.2521379237730053,range,0.43103448275862066,0.6310344827586207,0.5310344827586206,0.5862068965517241,1.0
801150.SI,2023-04-30,-0.004405281575423969,-0.038468735267153886,0.06081987348414497,0.468944099378882,1.2521379237730053,range,0.5241379310344828,0.31724137931034485,0.42068965517241386,0.41379310344827586,1.0
801160.SI,2023-04-30,0.02217832249278784,0.01611086124977179,0.07043105834228536,0.39603960396039606,1.2521379237730053,range,0.7517241379310345,0.3310344827586207,0.5413793103448277,0.6551724137931034,1.0
801170.SI,2023-04-30,0.0108324022815669,-0.0020733037265561194,0.09504850481408011,0.48623853211009177,1.2521379237730053,range,0.7137931034482758,0.45517241379310347,0.5844827586206897,0.6896551724137931,1.0
801180.SI,2023-04-30,-0.02557938571067886,-0.11789229020928371,0.06316275496544854,0.1650485436893204,1.2521379237730053,range,0.296551724137931,0.42068965517241386,0.35862068965517246,0.20689655172413793,1.0
801200.SI,2023-04-30,-0.06072725668661505,-0.09799948460340946,0.05521026483912661,0.43023255813953487,1.2521379237730053,range,0.22413793103448276,0.13793103448275862,0.1810344827586207,0.034482758620689655,1.0
801210.SI,2023-04-30,-0.05395233145570166,-0.03169628505007216,0.1671982975863806,0.53125,1.2521379237730053,range,0.5862068965517241,0.6241379310344828,0.6051724137931034,0.7586206896551724,1.0
801230.SI,2023-04-30,-0.0433186736568294,-0.054753869235889985,0.06262542771082114,0.23809523809523808,1.2521379237730053,range,0.4241379310344827,0.6551724137931034,0.539655172413793,0.6206896551724138,1.0
801710.SI,2023-04-30,-0.05009083619720811,-0.11145240475092921,0.1271192164809185,0.22950819672131148,1.2521379237730053,range,0.34827586206896555,0.403448275862069,0.37586206896551727,0.2413793103448276,1.0
801720.SI,2023-04-30,0.10325537750830094,0.16234701394995144,0.29798470349080985,0.5142857142857142,1.2521379237730053,range,0.9379310344827586,0.4896551724137931,0.7137931034482758,0.8275862068965517,1.0
801730.SI,2023-04-30,-0.04107959547377249,-0.14553926834798103,-0.07045023837251063,0.25112107623318386,1.2521379237730053,range,0.11724137931034484,0.689655172413793,0.40344827586206894,0.3103448275862069,1.0
801740.SI,2023-04-30,-0.008770500882914534,-0.0328685955509781,-0.07005049455319046,0.3333333333333333,1.2521379237730053,range,0.45172413793103444,0.44482758620689655,0.4482758620689655,0.4482758620689655,1.0
801750.SI,2023-04-30,-0.06992580681082528,0.12786639109945375,0.25189963137878557,0.6942148760330579,1.2521379237730053,range,0.7172413793103448,0.1,0.4086206896551724,0.3620689655172414,1.0
801760.SI,2023-04-30,0.13063697080090542,0.44470501110836835,0.7781804765831852,0.8712121212121212,1.2521379237730053,advance,1.0,0.7068965517241379,0.853448275862069,0.9310344827586207,1.0
801770.SI,2023-04-30,0.034741007073371355,0.22676659528907916,0.2998401232581085,0.782608695652174,1.2521379237730053,advance,0.9517241379310345,0.8275862068965517,0.8896551724137931,1.0,1.0
801880.SI,2023-04-30,-0.05844440002377105,-0.11756306761699165,-0.010743187120284658,0.15591397849462366,1.2521379237730053,range,0.15172413793103448,0.8172413793103448,0.4844827586206896,0.4827586206896552,1.0
801890.SI,2023-04-30,-0.029411382705145983,-0.02609097958465567,0.06905332427309463,0.40836012861736337,1.2521379237730053,range,0.5689655172413793,0.7586206896551724,0.6637931034482758,0.7931034482758621,1.0
801950.SI,2023-04-30,-0.017947020107175526,-0.03408354864655183,-0.028343226194482485,0.375,1.2521379237730053,range,0.4310344827586207,0.1310344827586207,0.2810344827586207,0.10344827586206896,1.0
801960.SI,2023-04-30,0.057465400130573885,0.0842040401980646,0.21768439919344806,0.3333333333333333,1.2521379237730053,range,0.8551724137931035,0.8586206896551725,0.856896551724138,0.9655172413793104,1.0
801970.SI,2023-04-30,-0.025451318568846526,-0.045188579109349813,0.03209123458427254,0.425,1.2521379237730053,range,0.4206896551724138,0.5620689655172414,0.4913793103448276,0.5172413793103449,1.0
801980.SI,2023-04-30,-0.04872282929311744,-0.07178989972966277,0.10788756131762312,0.4090909090909091,1.2521379237730053,range,0.3931034482758621,0.806896551724138,0.6000000000000001,0.7241379310344828,1.0
801010.SI,2023-05-31,-0.100527899011706,-0.15520294038589644,-0.10984034529255671,0.18309859154929578,1.0179091611903157,retreat,0.1724137931034483,0.603448275862069,0.3879310344827586,0.3103448275862069,1.0
801030.SI,2023-05-31,-0.05508266300489195,-0.19098429097872438,-0.14224907221167737,0.12149532710280374,1.0179091611903157,range,0.15862068965517243,0.6137931034482759,0.38620689655172413,0.27586206896551724,1.0
801040.SI,2023-05-31,-0.04739143611724472,-0.14181852221667512,-0.08178714809157761,0.1891891891891892,1.0179091611903157,range,0.35517241379310344,0.2655172413793103,0.31034482758620685,0.1724137931034483,1.0
801050.SI,2023-05-31,-0.08136448988107647,-0.13109322303154924,-0.09621203101971765,0.16037735849056603,1.0179091611903157,retreat,0.30689655172413793,0.30689655172413793,0.30689655172413793,0.13793103448275862,1.0
801080.SI,2023-05-31,0.022600917566649725,0.0012327280086843473,0.04351565988478012,0.4296577946768061,1.0179091611903157,range,0.8758620689655172,0.3482758620689655,0.6120689655172413,0.5862068965517241,1.0
801110.SI,2023-05-31,-0.07372480821283822,-0.06252554960029066,0.028934909306749246,0.36666666666666664,1.0179091611903157,range,0.6448275862068966,0.8103448275862069,0.7275862068965517,0.9310344827586207,1.0
801120.SI,2023-05-31,-0.07899147659212746,-0.1489817603137813,0.0017675875686913312,0.12631578947368421,1.0179091611903157,range,0.4,0.8620689655172413,0.6310344827586207,0.6724137931034483,1.0
801130.SI,2023-05-31,-0.0271542851508092,-0.08503793697072282,0.01837371938788679,0.41935483870967744,1.0179091611903157,range,0.6413793103448276,0.6827586206896552,0.6620689655172414,0.7931034482758621,1.0
801140.SI,2023-05-31,-0.03561826492773068,-0.15070264711074277,-0.04023539309519364,0.19444444444444445,1.0179091611903157,range,0.37241379310344824,0.8620689655172413,0.6172413793103448,0.6206896551724138,1.0
801150.SI,2023-05-31,-0.024976598707792008,-0.06357793049873761,-0.03663557666176498,0.37540453074433655,1.0179091611903157,range,0.6172413793103448,0.5517241379310345,0.5844827586206897,0.5517241379310345,1.0
801160.SI,2023-05-31,0.042789466534027154,0.04771612494165933,0.032132834221815676,0.5727272727272728,1.0179091611903157,range,0.896551724137931,0.5655172413793104,0.7310344827586207,0.9655172413793104,1.0
801170.SI,2023-05-31,-0.06733122525045598,-0.06479757009112153,-0.05560581134584064,0.38,1.0179091611903157,range,0.5103448275862069,0.27241379310344827,0.3913793103448276,0.3448275862068966,1.0
801180.SI,2023-05-31,-0.0685996861428414,-0.1615068452644962,-0.2251550673552477,0.13253012048192772,1.0179091611903157,range,0.1482758620689655,0.22758620689655173,0.1879310344827586,0.034482758620689655,1.0
801200.SI,2023-05-31,-0.11663848839211621,-0.1827086018857812,-0.18438606634386068,0.32432432432432434,1.0179091611903157,retreat,0.0793103448275862,0.5793103448275863,0.32931034482758625,0.20689655172413793,1.0
801210.SI,2023-05-31,-0.040806691660277505,-0.09564508570322239,-0.01418747466698489,0.3968253968253968,1.0179091611903157,range,0.5379310344827587,0.906896551724138,0.7224137931034483,0.896551724137931,1.0
801230.SI,2023-05-31,-0.03303071818248726,-0.0863210030227084,-0.06438073798836474,0.15384615384615385,1.0179091611903157,range,0.4965517241379311,0.7655172413793103,0.6310344827586207,0.6724137931034483,1.0
801710.SI,2023-05-31,-0.08496091910726056,-0.18740164184936892,-0.1441629860708532,0.15384615384615385,1.0179091611903157,retreat,0.10344827586206896,0.4413793103448276,0.27241379310344827,0.10344827586206896,1.0
801720.SI,2023-05-31,-0.08866008047368257,0.03392606132020748,0.03944257111275884,0.40336134453781514,1.0179091611903157,range,0.7103448275862068,0.13448275862068965,0.4224137931034482,0.3793103448275862,1.0
801730.SI,2023-05-31,-0.029583652412236483,-0.11770220571394852,-0.10991580484468733,0.2543859649122807,1.0179091611903157,range,0.4,0.46896551724137936,0.4344827586206897,0.41379310344827586,1.0
801740.SI,2023-05-31,-0.0032802403318367146,-0.04843669591193789,-0.021420780545103768,0.3068181818181818,1.0179091611903157,range,0.7206896551724138,0.33793103448275863,0.5293103448275862,0.4827586206896552,1.0
801750.SI,2023-05-31,0.00027395369979532624,0.06747415335172668,0.2519786036493681,0.5901639344262295,1.0179091611903157,range,0.9172413793103449,0.42758620689655175,0.6724137931034483,0.8275862068965517,1.0
801760.SI,2023-05-31,-0.04535302373832917,0.3240850458746658,0.48274031808617535,0.7461538461538462,1.0179091611903157,range,0.903448275862069,0.41724137931034483,0.6603448275862069,0.7586206896551724,1.0
801770.SI,2023-05-31,0.013619000840278117,0.14512260555726253,0.3022608151451145,0.6276595744680851,1.0179091611903157,range,0.9586206896551724,0.7,0.8293103448275863,1.0,1.0
801880.SI,2023-05-31,-0.006332684955139611,-0.1172093639711067,-0.09013660245183897,0.1834319526627219,1.0179091611903157,range,0.47586206896551725,0.6655172413793103,0.5706896551724138,0.5172413793103449,1.0
801890.SI,2023-05-31,-0.011086652526779872,-0.06791279616071033,-0.0011151135050383454,0.4131147540983607,1.0179091611903157,range,0.6413793103448275,0.7482758620689656,0.6948275862068966,0.8620689655172413,1.0
801950.SI,2023-05-31,-0.080450537749301,-0.13710290843210216,-0.16763441469865292,0.23529411764705882,1.0179091611903157,retreat,0.2517241379310345,0.23448275862068962,0.24310344827586206,0.06896551724137931,1.0
801960.SI,2023-05-31,-0.08079222170432354,-0.022967975211101277,0.013337299816549963,0.2,1.0179091611903157,retreat,0.6551724137931034,0.03793103448275862,0.346551724137931,0.2413793103448276,1.0
801970.SI,2023-05-31,0.004781882475182853,-0.05747433619971376,-0.03504865932037893,0.44,1.0179091611903157,range,0.6965517241379311,0.2379310344827586,0.4672413793103448,0.4482758620689655,1.0
801980.SI,2023-05-31,-0.0651335786035141,-0.15216307126033024,-0.03489369448309698,0.25,1.0179091611903157,range,0.35172413793103446,0.9241379310344828,0.6379310344827587,0.7241379310344828,1.0
801010.SI,2023-06-30,0.029839493406468076,-0.11269007398843234,-0.09621915945574344,0.25316455696202533,1.0212683692059175,range,0.2931034482758621,0.9827586206896552,0.6379310344827587,0.7241379310344828,1.0
801030.SI,2023-06-30,0.025522041763341052,-0.10599091609262423,-0.08029402472256231,0.2819548872180451,1.0212683692059175,range,0.3241379310344828,0.8275862068965517,0.5758620689655173,0.6206896551724138,1.0
801040.SI,2023-06-30,-0.005499400065447357,-0.07793247593844288,-0.042800024497152256,0.23684210526315788,1.0212683692059175,range,0.4206896551724138,0.33793103448275863,0.3793103448275862,0.27586206896551724,1.0
801050.SI,2023-06-30,0.009264096006831757,-0.08664875785908221,-0.0304195949145033,0.25,1.0212683692059175,range,0.42068965517241375,0.47931034482758617,0.44999999999999996,0.3793103448275862,1.0
801080.SI,2023-06-30,0.015976856397305506,-0.039007153836030484,0.10996644391545018,0.38686131386861317,1.0212683692059175,range,0.6655172413793103,0.37931034482758624,0.5224137931034483,0.5517241379310345,1.0
801110.SI,2023-06-30,0.11249095330238523,0.05150493439882764,0.1328753056687091,0.6056338028169014,1.0212683692059175,range,0.9241379310344827,0.5241379310344827,0.7241379310344827,0.8620689655172413,1.0
801120.SI,2023-06-30,0.005467300006406717,-0.12913584841425063,-0.09073805447742012,0.18811881188118812,1.0212683692059175,range,0.20344827586206898,0.8068965517241379,0.5051724137931034,0.5172413793103449,1.0
801130.SI,2023-06-30,0.02991409674885337,-0.004079882381769262,0.0330357426528991,0.5393258426966292,1.0212683692059175,range,0.7172413793103448,0.7793103448275862,0.7482758620689656,0.9310344827586207,1.0
801140.SI,2023-06-30,0.03186860357409116,-0.0540360295427339,-0.018266076855947833,0.35454545454545455,1.0212683692059175,range,0.6,0.906896551724138,0.753448275862069,0.9655172413793104,1.0
801150.SI,2023-06-30,-0.04495973114700713,-0.07291552791400713,-0.055644249024800696,0.3546325878594249,1.0212683692059175,range,0.3620689655172414,0.13793103448275862,0.25,0.10344827586206896,1.0
801160.SI,2023-06-30,-0.013654071636597598,0.05136268343815509,0.06755029542735747,0.7522935779816514,1.0212683692059175,range,0.696551724137931,0.48620689655172417,0.5913793103448276,0.6551724137931034,1.0
801170.SI,2023-06-30,-0.029234998240197596,-0.08479011433035688,-0.07866418039822576,0.4158415841584158,1.0212683692059175,range,0.296551724137931,0.3551724137931035,0.3258620689655173,0.13793103448275862,1.0
801180.SI,2023-06-30,0.005838260590173672,-0.08712567077876121,-0.14292916477470008,0.3020833333333333,1.0212683692059175,range,0.2620689655172414,0.403448275862069,0.3327586206896552,0.1724137931034483,1.0
801200.SI,2023-06-30,-0.027565979806214225,-0.19315458248173045,-0.23435330724097758,0.345679012345679,1.0212683692059175,range,0.04827586206896552,0.2586206896551724,0.15344827586206894,0.034482758620689655,1.0
801210.SI,2023-06-30,-0.004092608395099284,-0.09627121413625161,-0.07777420606945429,0.4461538461538462,1.0212683692059175,range,0.3,0.4068965517241379,0.35344827586206895,0.20689655172413793,1.0
801230.SI,2023-06-30,-0.012062730547080514,-0.08607755326423616,-0.0962263900767053,0.3157894736842105,1.0212683692059175,range,0.2793103448275862,0.7137931034482758,0.496551724137931,0.4482758620689655,1.0
801710.SI,2023-06-30,0.010055686121880791,-0.12205554914018713,-0.10520880472493943,0.3709677419354839,1.0212683692059175,range,0.2103448275862069,0.7551724137931035,0.4827586206896552,0.41379310344827586,1.0
801720.SI,2023-06-30,-0.019500157042221966,-0.014165583946874616,0.09616609732484571,0.46875,1.0212683692059175,range,0.6275862068965518,0.5137931034482759,0.5706896551724139,0.5862068965517241,1.0
801730.SI,2023-06-30,0.040806578892719214,-0.03147531831748007,-0.034961623833337785,0.5103734439834025,1.0212683692059175,range,0.6275862068965518,0.08620689655172414,0.3568965517241379,0.2413793103448276,1.0
801740.SI,2023-06-30,0.04040257479027076,0.027894884308883094,0.06759518685453636,0.5384615384615384,1.0212683692059175,range,0.7965517241379311,0.6172413793103448,0.7068965517241379,0.8275862068965517,1.0
801750.SI,2023-06-30,0.002485195336353385,-0.0673589602761625,0.275720610824975,0.3551020408163265,1.0212683692059175,range,0.6275862068965518,0.6724137931034483,0.65,0.7586206896551724,1.0
801760.SI,2023-06-30,-0.014791802503228202,0.06339349781972747,0.4275499240487568,0.5581395348837209,1.0212683692059175,range,0.806896551724138,0.18965517241379312,0.49827586206896557,0.4827586206896552,1.0
801770.SI,2023-06-30,0.10914610215376719,0.16330919538298683,0.5066039993907347,0.5806451612903226,1.0212683692059175,range,0.993103448275862,0.7517241379310344,0.8724137931034482,1.0,1.0
801880.SI,2023-06-30,0.08894928512584399,0.018813355735759263,0.058868668946323144,0.6261682242990654,1.0212683692059175,range,0.7793103448275862,0.10344827586206896,0.4413793103448276,0.3448275862068966,1.0
801890.SI,2023-06-30,0.07356463376679612,0.03043743668337795,0.13441382958948767,0.6510989010989011,1.0212683692059175,range,0.8793103448275862,0.5137931034482759,0.6965517241379311,0.7931034482758621,1.0
801950.SI,2023-06-30,0.016568232267784477,-0.08199182976383024,-0.050557782193631384,0.3611111111111111,1.0212683692059175,range,0.4620689655172414,0.36551724137931035,0.4137931034482759,0.3103448275862069,1.0
801960.SI,2023-06-30,-0.0024997998380912323,-0.030399460410658552,0.07264622036849255,0.3684210526315789,1.0212683692059175,range,0.6379310344827586,0.8172413793103448,0.7275862068965517,0.896551724137931,1.0
801970.SI,2023-06-30,-0.004375503850109874,-0.02507567343916728,0.012060312867347767,0.5277777777777778,1.0212683692059175,range,0.5896551724137932,0.6206896551724138,0.6051724137931035,0.6896551724137931,1.0
801980.SI,2023-06-30,-0.012482277212371384,-0.12178361804144888,-0.1361353327106255,0.28,1.0212683692059175,range,0.14827586206896554,0.20689655172413793,0.17758620689655175,0.06896551724137931,1.0
801010.SI,2023-07-31,0.056012089665015585,-0.021803442386837735,-0.0759261925822311,0.5494505494505495,0.8915032013182027,range,0.4344827586206897,0.6689655172413793,0.5517241379310345,0.5862068965517241,0.35
801030.SI,2023-07-31,0.03913517227312502,0.006956851913979545,-0.1150959437593132,0.6392857142857142,0.8915032013182027,range,0.4413793103448276,0.49310344827586206,0.4672413793103448,0.27586206896551724,0.35
801040.SI,2023-07-31,0.08613708446443091,0.02897345975667842,-0.030872680267337582,0.7560975609756098,0.8915032013182027,range,0.6827586206896552,0.5241379310344827,0.603448275862069,0.7413793103448276,0.35
801050.SI,2023-07-31,0.05225921000222766,-0.024402253286042175,-0.11024936018799525,0.575,0.8915032013182027,range,0.3758620689655173,0.6379310344827587,0.506896551724138,0.41379310344827586,0.35
801080.SI,2023-07-31,-0.008232302874329411,0.030386006169011548,0.005166909779417805,0.6531365313653137,0.8915032013182027,range,0.6448275862068965,0.6000000000000001,0.6224137931034484,0.8275862068965517,0.35
801110.SI,2023-07-31,0.00712207284575328,0.037811873273214225,0.05361243961232276,0.7464788732394366,0.8915032013182027,range,0.7310344827586206,0.5103448275862069,0.6206896551724137,0.7931034482758621,0.35
801120.SI,2023-07-31,0.0924272120015579,0.011635614109496428,-0.05542815387508693,0.5258620689655172,0.8915032013182027,range,0.6137931034482759,0.593103448275862,0.603448275862069,0.7413793103448276,0.35
801130.SI,2023-07-31,0.03907143823735648,0.041095046161052196,0.025440859562327445,0.8191489361702128,0.8915032013182027,range,0.7793103448275862,0.7931034482758621,0.7862068965517242,1.0,0.35
801140.SI,2023-07-31,0.0560017165277098,0.05084339554401307,-0.012760261018364472,0.7833333333333333,0.8915032013182027,range,0.7965517241379311,0.6068965517241379,0.7017241379310345,0.9655172413793104,0.35
801150.SI,2023-07-31,-0.009093721724409587,-0.07728134060866176,-0.11277716044285024,0.25766871165644173,0.8915032013182027,range,0.16551724137931034,0.5689655172413793,0.36724137931034484,0.1724137931034483,0.35
801160.SI,2023-07-31,-0.02125248187062745,0.006691879905516007,0.02291055310394574,0.7456140350877193,0.8915032013182027,range,0.5448275862068965,0.4793103448275862,0.5120689655172413,0.5172413793103449,0.35
801170.SI,2023-07-31,0.055586406296610935,-0.044269740423250936,-0.04625125953201381,0.5727272727272728,0.8915032013182027,range,0.3862068965517242,0.6344827586206896,0.5103448275862069,0.4827586206896552,0.35
801180.SI,2023-07-31,0.14155268929463216,0.06945002007226031,-0.05662989205842295,0.8867924528301887,0.8915032013182027,range,0.7965517241379311,0.15172413793103448,0.47413793103448276,0.3103448275862069,0.35
801200.SI,2023-07-31,0.10215453025408805,-0.053237370653892446,-0.14601962037157967,0.75,0.8915032013182027,range,0.2827586206896552,0.3103448275862069,0.29655172413793107,0.06896551724137931,0.35
801210.SI,2023-07-31,0.029246139690371598,-0.016794401482344457,-0.04795836639578677,0.5223880597014925,0.8915032013182027,range,0.4310344827586207,0.6827586206896552,0.556896551724138,0.6206896551724138,0.35
801230.SI,2023-07-31,0.03853362431000029,-0.007883644416102231,-0.06220585361653075,0.7894736842105263,0.8915032013182027,range,0.4655172413793104,0.6793103448275862,0.5724137931034483,0.6896551724137931,0.35
801710.SI,2023-07-31,0.10162690487923287,0.018168120607145122,-0.09530916487525531,0.6857142857142857,0.8915032013182027,range,0.596551724137931,0.10689655172413792,0.35172413793103446,0.13793103448275862,0.35
801720.SI,2023-07-31,0.06061119144807914,-0.05227109162877419,0.10158986667934133,0.6527777777777778,0.8915032013182027,range,0.5310344827586206,0.6,0.5655172413793104,0.6551724137931034,0.35
801730.SI,2023-07-31,-0.02450057751440471,-0.014730249575681031,-0.15812568817783434,0.6104417670682731,0.8915032013182027,range,0.26896551724137935,0.06896551724137931,0.16896551724137931,0.034482758620689655,0.35
801740.SI,2023-07-31,-0.0433914421553091,-0.008006678805966283,-0.04061210606956456,0.5531914893617021,0.8915032013182027,range,0.4172413793103449,0.5793103448275861,0.4982758620689655,0.3620689655172414,0.35
801750.SI,2023-07-31,-0.042115253853127754,-0.03947165492386118,0.08334763810975532,0.4403292181069959,0.8915032013182027,range,0.4517241379310345,0.896551724137931,0.6741379310344828,0.896551724137931,0.35
801760.SI,2023-07-31,-0.07573122939970411,-0.13070116555806433,0.2558803822689284,0.22764227642276422,0.8915032013182027,range,0.3206896551724138,0.9517241379310344,0.6362068965517241,0.8620689655172413,0.35
801770.SI,2023-07-31,-0.07656811912361527,0.038169736185137415,0.27359195259200253,0.5656565656565656,0.8915032013182027,range,0.7206896551724138,0.10344827586206898,0.41206896551724137,0.2413793103448276,0.35
801880.SI,2023-07-31,0.05737047144998453,0.14413122103576015,0.009623644934421804,0.9234234234234234,0.8915032013182027,range,0.8655172413793103,0.15172413793103445,0.5086206896551724,0.4482758620689655,0.35
801890.SI,2023-07-31,-0.017387742240428494,0.043202483624271704,0.015984308921368706,0.7800586510263929,0.8915032013182027,range,0.7206896551724138,0.27586206896551724,0.4982758620689655,0.3620689655172414,0.35
801950.SI,2023-07-31,-0.019183395149561133,-0.08314757432509612,-0.11439715857729571,0.5555555555555556,0.8915032013182027,range,0.12413793103448276,0.5724137931034483,0.34827586206896555,0.10344827586206896,0.35
801960.SI,2023-07-31,0.04341466894977164,-0.04328271553451257,0.037276745144802614,0.4864864864864865,0.8915032013182027,range,0.49310344827586206,0.8896551724137931,0.6913793103448276,0.9310344827586207,0.35
801970.SI,2023-07-31,0.029193982510414385,0.02959069097084499,-0.01693504941834101,0.7604166666666666,0.8915032013182027,range,0.6206896551724138,0.41034482758620694,0.5155172413793103,0.5517241379310345,0.35
801980.SI,2023-07-31,0.036670562222603564,-0.0429486815482506,-0.11165529973604316,0.6153846153846154,0.8915032013182027,range,0.29655172413793107,0.45862068965517244,0.37758620689655176,0.20689655172413793,0.35
801010.SI,2023-08-31,-0.08177666685747365,-0.0014110469761055011,-0.15639498872228774,0.5176470588235295,0.879027134497174,retreat,0.41724137931034483,0.3586206896551724,0.3879310344827586,0.2413793103448276,0.35
801030.SI,2023-08-31,-0.06134229366612609,0.0002862387947144551,-0.1907527192972691,0.49411764705882355,0.879027134497174,range,0.45517241379310347,0.3310344827586207,0.3931034482758621,0.27586206896551724,0.35
801040.SI,2023-08-31,-0.06707424830221065,0.0077127949678217345,-0.13519954443335003,0.4878048780487805,0.879027134497174,range,0.5689655172413792,0.5827586206896551,0.5758620689655172,0.5517241379310345,0.35
801050.SI,2023-08-31,-0.07809171863371567,-0.020926545870788793,-0.14927644055721878,0.5630252100840336,0.879027134497174,range,0.39310344827586213,0.24137931034482757,0.31724137931034485,0.10344827586206896,0.35
801080.SI,2023-08-31,-0.049759526452090364,-0.04252531987840169,-0.041345014022609705,0.323943661971831,0.879027134497174,range,0.5482758620689655,0.6103448275862069,0.5793103448275863,0.603448275862069,0.35
801110.SI,2023-08-31,-0.05086413213133667,0.0634252992602149,-0.00306595203488369,0.6521739130434783,0.879027134497174,range,0.8689655172413793,0.5586206896551724,0.7137931034482758,0.9310344827586207,0.35
801120.SI,2023-08-31,-0.058512754056015526,0.03412943965232795,-0.11993698465938019,0.47368421052631576,0.879027134497174,range,0.6724137931034482,0.4482758620689655,0.5603448275862069,0.5172413793103449,0.35
801130.SI,2023-08-31,-0.05314753205545619,0.013278260649215667,-0.07288883221367581,0.6,0.879027134497174,range,0.6931034482758621,0.6482758620689655,0.6706896551724137,0.8620689655172413,0.35
801140.SI,2023-08-31,-0.05220665375668132,0.03276777443914791,-0.12287306301950218,0.7105263157894737,0.879027134497174,range,0.6655172413793102,0.7586206896551724,0.7120689655172413,0.896551724137931,0.35
801150.SI,2023-08-31,-0.04756838404403729,-0.09866119862139244,-0.155966454291257,0.2127659574468085,0.879027134497174,range,0.25172413793103454,0.7172413793103447,0.4844827586206896,0.4482758620689655,0.35
801160.SI,2023-08-31,-0.04497331464342613,-0.07803287231404799,-0.03404017365728218,0.22123893805309736,0.879027134497174,range,0.4517241379310345,0.5586206896551724,0.5051724137931035,0.4827586206896552,0.35
801170.SI,2023-08-31,-0.0792584573512981,-0.05649188931510274,-0.1176289222487491,0.34579439252336447,0.879027134497174,range,0.3103448275862069,0.34827586206896555,0.32931034482758625,0.1724137931034483,0.35
801180.SI,2023-08-31,-0.06930453180453189,0.06864070403937106,-0.10395208479125806,0.7924528301886793,0.879027134497174,range,0.7344827586206897,0.17931034482758623,0.45689655172413796,0.3448275862068966,0.35
801200.SI,2023-08-31,-0.10089164286334351,-0.03636033369810343,-0.21242558984980375,0.5208333333333334,0.879027134497174,retreat,0.23103448275862068,0.20689655172413793,0.2189655172413793,0.034482758620689655,0.35
801210.SI,2023-08-31,-0.07293064527620174,-0.04972254095859663,-0.14061190997045214,0.38235294117647056,0.879027134497174,range,0.3137931034482759,0.8448275862068966,0.5793103448275863,0.603448275862069,0.35
801230.SI,2023-08-31,-0.07722028175779005,-0.05322240500916742,-0.1349491966482037,0.5263157894736842,0.879027134497174,range,0.3103448275862069,0.4413793103448276,0.3758620689655172,0.20689655172413793,0.35
801710.SI,2023-08-31,-0.06449779368239783,0.040937532745535465,-0.15413586995360906,0.6323529411764706,0.879027134497174,range,0.6137931034482758,0.17931034482758623,0.396551724137931,0.3103448275862069,0.35
801720.SI,2023-08-31,-0.1017349170941757,-0.06586799479517191,-0.0341765751054246,0.48905109489051096,0.879027134497174,retreat,0.34827586206896555,0.9448275862068966,0.646551724137931,0.7931034482758621,0.35
801730.SI,2023-08-31,-0.0832804000731785,-0.06924889128859724,-0.17880034975463233,0.23045267489711935,0.879027134497174,retreat,0.13793103448275862,0.39655172413793105,0.26724137931034486,0.06896551724137931,0.35
801740.SI,2023-08-31,-0.0390112984990556,-0.043568300532897175,-0.08989469192052313,0.23469387755102042,0.879027134497174,range,0.5137931034482759,0.7000000000000001,0.606896551724138,0.6896551724137931,0.35
801750.SI,2023-08-31,-0.03722537832773121,-0.0754809613749925,-0.013099821986217952,0.30278884462151395,0.879027134497174,range,0.5172413793103449,0.9482758620689655,0.7327586206896552,0.9655172413793104,0.35
801760.SI,2023-08-31,-0.011175694268946823,-0.09957938608266548,0.1922334698852286,0.256,0.879027134497174,range,0.5172413793103449,0.9862068965517242,0.7517241379310345,1.0,0.35
801770.SI,2023-08-31,-0.03920625610948192,-0.015934994513460032,0.12687508312046836,0.36633663366336633,0.879027134497174,range,0.7241379310344828,0.503448275862069,0.6137931034482759,0.7241379310344828,0.35
801880.SI,2023-08-31,-0.07233187507209127,0.06813824749967279,-0.05705755712297644,0.7345971563981043,0.879027134497174,range,0.7620689655172413,0.15517241379310345,0.4586206896551724,0.3793103448275862,0.35
801890.SI,2023-08-31,-0.05593396444239207,-0.0041068456448492,-0.07174073443441742,0.5028409090909091,0.879027134497174,range,0.6103448275862069,0.5551724137931034,0.5827586206896551,0.6551724137931034,0.35
801950.SI,2023-08-31,-0.020900812563795612,-0.02377250835423561,-0.15761613675024555,0.4857142857142857,0.879027134497174,range,0.48620689655172417,0.4793103448275863,0.48275862068965525,0.41379310344827586,0.35
801960.SI,2023-08-31,-0.033428493281821736,0.006013753347151818,-0.017092345601752434,0.5555555555555556,0.879027134497174,range,0.8068965517241379,0.5103448275862069,0.6586206896551724,0.8275862068965517,0.35
801970.SI,2023-08-31,-0.0386042776686597,-0.014866705584744122,-0.07148658774949812,0.504950495049505,0.879027134497174,range,0.6724137931034483,0.5655172413793104,0.6189655172413793,0.7586206896551724,0.35
801980.SI,2023-08-31,-0.04945405829935989,-0.026897077558275306,-0.17496740688941104,0.52,0.879027134497174,range,0.403448275862069,0.24137931034482757,0.3224137931034483,0.13793103448275862,0.35
801010.SI,2023-09-30,-0.02552478189645313,-0.0550952900680044,-0.1615766717422592,0.3176470588235294,0.7967916080460841,range,0.31724137931034485,0.6965517241379311,0.506896551724138,0.5517241379310345,1.0
801030.SI,2023-09-30,-0.009696316005249783,-0.034065473985926076,-0.13644575928365266,0.35772357723577236,0.7967916080460841,range,0.45517241379310347,0.3517241379310345,0.403448275862069,0.1724137931034483,1.0
801040.SI,2023-09-30,0.007983005669286891,0.021374317913844587,-0.05822391154111961,0.5714285714285714,0.7967916080460841,range,0.8379310344827586,0.7586206896551724,0.7982758620689655,0.9655172413793104,1.0
801050.SI,2023-09-30,-0.009193018594811253,-0.03883154320279225,-0.12211559607760125,0.4649122807017544,0.7967916080460841,range,0.4310344827586207,0.31724137931034485,0.3741379310344828,0.10344827586206896,1.0
801080.SI,2023-09-30,-0.013357936209822618,-0.07017095077155222,-0.10644093553601619,0.2708333333333333,0.7967916080460841,range,0.37241379310344824,0.586206896551724,0.4793103448275861,0.41379310344827586,1.0
801110.SI,2023-09-30,0.0014821627901677736,-0.042687524327737814,0.006618791930941281,0.4305555555555556,0.7967916080460841,range,0.6413793103448276,0.7206896551724138,0.6810344827586208,0.896551724137931,1.0
801120.SI,2023-09-30,-0.02239580106678185,0.005472065017062322,-0.12437042315574465,0.3431372549019608,0.7967916080460841,range,0.5758620689655172,0.2827586206896552,0.4293103448275862,0.2413793103448276,1.0
801130.SI,2023-09-30,0.010347112811663672,-0.005972664755741985,-0.010028179367802093,0.5138888888888888,0.7967916080460841,range,0.8275862068965517,0.7793103448275862,0.8034482758620689,1.0,1.0
801140.SI,2023-09-30,-0.008618916991516845,-0.007755026974006873,-0.06137200565006873,0.5576923076923077,0.7967916080460841,range,0.6862068965517241,0.5344827586206897,0.6103448275862069,0.7586206896551724,1.0
801150.SI,2023-09-30,0.042969556993578406,-0.0156761332126909,-0.08744862759784433,0.46080760095011875,0.7967916080460841,range,0.6758620689655173,0.15517241379310345,0.41551724137931034,0.20689655172413793,1.0
801160.SI,2023-09-30,-0.00815468837603639,-0.07289243380968202,-0.025273701374330382,0.22857142857142856,0.7967916080460841,range,0.5103448275862069,0.603448275862069,0.556896551724138,0.6551724137931034,1.0
801170.SI,2023-09-30,-0.008433399283208298,-0.03627435232566145,-0.11798876017506588,0.5142857142857142,0.7967916080460841,range,0.506896551724138,0.6172413793103448,0.5620689655172414,0.6896551724137931,1.0
801180.SI,2023-09-30,-0.05487091676413758,0.004140972251979846,-0.0833454835119114,0.5306122448979592,0.7967916080460841,range,0.6068965517241379,0.5206896551724137,0.5637931034482758,0.7241379310344828,1.0
801200.SI,2023-09-30,-0.0015631752687282896,-0.01059268944968128,-0.20170124542339996,0.5647058823529412,0.7967916080460841,range,0.503448275862069,0.39655172413793105,0.45,0.3793103448275862,1.0
801210.SI,2023-09-30,-0.037079536458421214,-0.08119809224562946,-0.16965226745584694,0.23076923076923078,0.7967916080460841,range,0.19655172413793104,0.906896551724138,0.5517241379310345,0.6206896551724138,1.0
801230.SI,2023-09-30,0.005304532198433742,-0.03657870124154117,-0.11950764940132208,0.4444444444444444,0.7967916080460841,range,0.5137931034482759,0.46896551724137936,0.4913793103448276,0.5172413793103449,1.0
801710.SI,2023-09-30,-0.019228764232377404,0.010757727890803759,-0.11261086163459622,0.5873015873015873,0.7967916080460841,range,0.6413793103448276,0.21724137931034482,0.42931034482758623,0.27586206896551724,1.0
801720.SI,2023-09-30,-0.009126278879869387,-0.05598469733301592,-0.06935722535007927,0.3418803418803419,0.7967916080460841,range,0.46896551724137936,0.7758620689655172,0.6224137931034484,0.7931034482758621,1.0
801730.SI,2023-09-30,-0.05707227402822923,-0.15677797951985384,-0.1833186610267752,0.0967741935483871,0.7967916080460841,range,0.06896551724137931,0.3103448275862069,0.1896551724137931,0.034482758620689655,1.0
801740.SI,2023-09-30,-0.014467169592740192,-0.0940095087163233,-0.06873700877701683,0.10619469026548672,0.7967916080460841,range,0.34827586206896555,0.42068965517241375,0.38448275862068965,0.13793103448275862,1.0
801750.SI,2023-09-30,-0.04262112338247992,-0.11707923196477144,-0.1765518569058553,0.2593856655290102,0.7967916080460841,range,0.12758620689655173,0.8310344827586207,0.4793103448275862,0.4482758620689655,1.0
801760.SI,2023-09-30,-0.07630271191253724,-0.1557966312839013,-0.10227962686979086,0.15748031496062992,0.7967916080460841,range,0.18620689655172415,0.7,0.44310344827586207,0.3103448275862069,1.0
801770.SI,2023-09-30,0.007048587230336745,-0.10651872499602821,0.03939498311463563,0.26548672566371684,0.7967916080460841,range,0.5275862068965518,0.5724137931034483,0.55,0.5862068965517241,1.0
801880.SI,2023-09-30,0.004678050644042919,-0.014522469526853099,0.004017669823535686,0.45739910313901344,0.7967916080460841,range,0.7586206896551724,0.5448275862068965,0.6517241379310345,0.8620689655172413,1.0
801890.SI,2023-09-30,0.011121301674649198,-0.0620324562785568,-0.033483128555471975,0.2918781725888325,0.7967916080460841,range,0.5896551724137932,0.6758620689655173,0.6327586206896552,0.8275862068965517,1.0
801950.SI,2023-09-30,0.09609220123049922,0.052595690338143264,-0.03370855631420311,0.7837837837837838,0.7967916080460841,range,0.9275862068965517,0.03793103448275863,0.48275862068965514,0.4827586206896552,1.0
801960.SI,2023-09-30,0.03485431312729381,0.04368667950913263,0.011959167614262967,0.717948717948718,0.7967916080460841,range,0.9586206896551724,0.4172413793103449,0.6879310344827587,0.9310344827586207,1.0
801970.SI,2023-09-30,-0.022884909504433226,-0.03318107193513442,-0.057424707650094775,0.47368421052631576,0.7967916080460841,range,0.5827586206896551,0.31034482758620685,0.446551724137931,0.3448275862068966,1.0
801980.SI,2023-09-30,-0.065596767305102,-0.07923625521610611,-0.19137019541728206,0.47619047619047616,0.7967916080460841,range,0.15517241379310343,0.4896551724137931,0.32241379310344825,0.06896551724137931,1.0
801010.SI,2023-10-31,0.004069389307279625,-0.1015728850642702,-0.12116168890354417,0.14444444444444443,0.9728765628507313,range,0.5344827586206897,0.5586206896551724,0.5465517241379311,0.7241379310344828,0.35
801030.SI,2023-10-31,-0.009771805964219116,-0.07952725807618011,-0.07312366551976135,0.30990415335463256,0.9728765628507313,range,0.6827586206896552,0.2931034482758621,0.48793103448275865,0.3793103448275862,0.35
801040.SI,2023-10-31,-0.007476811146757578,-0.06665769033333058,-0.039615534484998105,0.16666666666666666,0.9728765628507313,range,0.8103448275862069,0.4482758620689655,0.6293103448275862,0.8620689655172413,0.35
801050.SI,2023-10-31,-0.00915422885572148,-0.09492861481082293,-0.1170143959941582,0.19672131147540983,0.9728765628507313,range,0.5413793103448277,0.4206896551724138,0.4810344827586207,0.3448275862068966,0.35
801080.SI,2023-10-31,0.044265051201178185,-0.0209522023000005,0.00879715012066895,0.5139949109414759,0.9728765628507313,range,0.9551724137931035,0.10344827586206896,0.5293103448275862,0.5517241379310345,0.35
801110.SI,2023-10-31,-0.03582918795040613,-0.08351452923076097,-0.04886049675329229,0.34210526315789475,0.9728765628507313,range,0.6379310344827587,0.8413793103448276,0.7396551724137932,0.9655172413793104,0.35
801120.SI,2023-10-31,-0.02543941610986722,-0.10301260166077919,-0.09257560243262286,0.14545454545454545,0.9728765628507313,range,0.45517241379310347,0.9172413793103449,0.6862068965517242,0.9310344827586207,0.35
801130.SI,2023-10-31,-0.01912712016484852,-0.06164829570344421,-0.023086689100075164,0.2840909090909091,0.9728765628507313,range,0.8137931034482759,0.5172413793103448,0.6655172413793103,0.896551724137931,0.35
801140.SI,2023-10-31,-0.023279213758346295,-0.08224932305510535,-0.03558776237641026,0.26666666666666666,0.9728765628507313,range,0.7275862068965517,0.8793103448275862,0.8034482758620689,1.0,0.35
801150.SI,2023-10-31,0.018742779605692483,0.011975455265241353,-0.06623136458071721,0.5230414746543779,0.9728765628507313,range,0.8655172413793103,0.13448275862068965,0.5,0.43103448275862066,0.35
801160.SI,2023-10-31,-0.008387179793560517,-0.06070592127602137,-0.054420278105238196,0.1981981981981982,0.9728765628507313,range,0.806896551724138,0.4206896551724138,0.6137931034482759,0.7931034482758621,0.35
801170.SI,2023-10-31,-0.02342957555323788,-0.10841409174503391,-0.14788436846850972,0.22018348623853212,0.9728765628507313,range,0.39655172413793105,0.33793103448275863,0.36724137931034484,0.1724137931034483,0.35
801180.SI,2023-10-31,-0.07273651296136796,-0.1843536718536719,-0.12770701799204398,0.0761904761904762,0.9728765628507313,range,0.1482758620689655,0.893103448275862,0.5206896551724137,0.5172413793103449,0.35
801200.SI,2023-10-31,-0.05108074007901786,-0.1481524349662896,-0.1935025595266049,0.10638297872340426,0.9728765628507313,range,0.24137931034482757,0.3793103448275862,0.31034482758620685,0.06896551724137931,0.35
801210.SI,2023-10-31,-0.08124134945259665,-0.17982961671079645,-0.19360388741168355,0.10606060606060606,0.9728765628507313,retreat,0.1413793103448276,0.5689655172413793,0.3551724137931035,0.13793103448275862,0.35
801230.SI,2023-10-31,-0.013294146311749855,-0.08465800933071044,-0.09187424010427436,0.0625,0.9728765628507313,range,0.5758620689655173,0.4862068965517242,0.5310344827586208,0.5862068965517241,0.35
801710.SI,2023-10-31,-0.06784578587073065,-0.14473578001399134,-0.1291972365143096,0.15873015873015872,0.9728765628507313,range,0.2482758620689655,0.7517241379310344,0.5,0.43103448275862066,0.35
801720.SI,2023-10-31,-0.056362402443162485,-0.16009906415439512,-0.20400160293107394,0.09090909090909091,0.9728765628507313,range,0.1724137931034483,0.8620689655172413,0.5172413793103448,0.4827586206896552,0.35
801730.SI,2023-10-31,-0.05398669131044065,-0.1822657859481227,-0.19431121500768023,0.1245674740484429,0.9728765628507313,range,0.15517241379310345,0.4586206896551724,0.30689655172413793,0.034482758620689655,0.35
801740.SI,2023-10-31,-0.023957458718164015,-0.07560385673105596,-0.08300519973968434,0.2966101694915254,0.9728765628507313,range,0.6551724137931034,0.10689655172413794,0.3810344827586207,0.20689655172413793,0.35
801750.SI,2023-10-31,-0.03799078594512828,-0.11327754456165118,-0.14827794733595256,0.38613861386138615,0.9728765628507313,range,0.3275862068965517,0.8103448275862069,0.5689655172413792,0.7586206896551724,0.35
801760.SI,2023-10-31,-0.0598561239547466,-0.14129671749080386,-0.2535302373832916,0.1015625,0.9728765628507313,range,0.1896551724137931,0.8793103448275862,0.5344827586206896,0.6206896551724138,0.35
801770.SI,2023-10-31,-0.09089329373017319,-0.12037927663734116,-0.08680438568360882,0.4608695652173913,0.9728765628507313,retreat,0.3275862068965517,0.5344827586206896,0.43103448275862066,0.2413793103448276,0.35
801880.SI,2023-10-31,0.024133317071070914,-0.0454997567707176,0.09207352876484909,0.3744493392070485,0.9728765628507313,range,0.9413793103448276,0.31034482758620685,0.6258620689655172,0.8275862068965517,0.35
801890.SI,2023-10-31,-0.0590665985809502,-0.10181764539880445,-0.06301393693253654,0.28361858190709044,0.9728765628507313,range,0.47931034482758617,0.4689655172413793,0.47413793103448276,0.3103448275862069,0.35
801950.SI,2023-10-31,-0.03011761710222327,0.04086126939986001,-0.04568382035967866,0.4444444444444444,0.9728765628507313,range,0.8448275862068966,0.06896551724137931,0.45689655172413796,0.27586206896551724,0.35
801960.SI,2023-10-31,-0.0538339606841185,-0.0535873021299873,-0.09455061371014561,0.3157894736842105,0.9728765628507313,range,0.6344827586206896,0.45517241379310347,0.5448275862068965,0.6551724137931034,0.35
801970.SI,2023-10-31,-0.024668468718232917,-0.08377914989202728,-0.05666754185543732,0.20481927710843373,0.9728765628507313,range,0.6206896551724137,0.4724137931034483,0.546551724137931,0.6896551724137931,0.35
801980.SI,2023-10-31,-0.08159501868695562,-0.1842789400627367,-0.21931308409818373,0.20833333333333334,0.9728765628507313,retreat,0.06896551724137931,0.6206896551724137,0.3448275862068965,0.10344827586206896,0.35
801010.SI,2023-11-30,0.027131398797935802,0.00498720297569788,0.003569118821914241,0.4065934065934066,1.042750189017255,range,0.8206896551724139,0.4,0.6103448275862069,0.6551724137931034,0.35
801030.SI,2023-11-30,-0.015339678335334894,-0.03441586849990508,-0.03413948086190899,0.5201342281879194,1.042750189017255,range,0.4482758620689655,0.37241379310344824,0.4103448275862069,0.3103448275862069,0.35
801040.SI,2023-11-30,-0.018136326751420073,-0.017697917653267004,-0.010121623095662335,0.425,1.042750189017255,range,0.596551724137931,0.6862068965517242,0.6413793103448275,0.7586206896551724,0.35
801050.SI,2023-11-30,-0.033290407948678435,-0.050945514604906594,-0.07080594682740482,0.4251968503937008,1.042750189017255,range,0.3275862068965517,0.45517241379310347,0.3913793103448276,0.20689655172413793,0.35
801080.SI,2023-11-30,0.00747769995529346,0.03802021786157872,-0.006121923943233076,0.7157360406091371,1.042750189017255,range,0.7896551724137931,0.17586206896551723,0.4827586206896552,0.4827586206896552,0.35
801110.SI,2023-11-30,-0.004904223146576681,-0.03913564708294426,0.021807462049292736,0.5797101449275363,1.042750189017255,range,0.5551724137931034,0.6827586206896552,0.6189655172413793,0.6896551724137931,0.35
801120.SI,2023-11-30,0.005046544373606743,-0.04245746404817152,-0.009777073852866636,0.452991452991453,1.042750189017255,range,0.506896551724138,0.9310344827586207,0.7189655172413794,0.9655172413793104,0.35
801130.SI,2023-11-30,0.009740587463409778,0.0006752194463199857,0.013962445835339343,0.5975609756097561,1.042750189017255,range,0.7758620689655172,0.6724137931034483,0.7241379310344828,1.0,0.35
801140.SI,2023-11-30,0.004821029992499559,-0.02702927369217789,0.004852811603370588,0.5625,1.042750189017255,range,0.6517241379310345,0.7206896551724138,0.6862068965517241,0.896551724137931,0.35
801150.SI,2023-11-30,0.028938176737687726,0.09326503068547165,-0.01459780765281038,0.8009259259259259,1.042750189017255,range,0.8517241379310344,0.3137931034482759,0.5827586206896551,0.6206896551724138,0.35
801160.SI,2023-11-30,0.0037308417798662674,-0.012804091474726942,-0.08983782375363014,0.3867924528301887,1.042750189017255,range,0.5206896551724138,0.25517241379310346,0.3879310344827587,0.1724137931034483,0.35
801170.SI,2023-11-30,0.00987462878710299,-0.022103438994791613,-0.07734666328071749,0.5405405405405406,1.042750189017255,range,0.5379310344827586,0.18620689655172412,0.3620689655172413,0.10344827586206896,0.35
801180.SI,2023-11-30,-0.014806478200295348,-0.13659246656962343,-0.07732756560206566,0.20588235294117646,1.042750189017255,range,0.21034482758620687,0.6,0.4051724137931034,0.25862068965517243,0.35
801200.SI,2023-11-30,0.020308337336768956,-0.03332321866982979,-0.06847190901720335,0.6145833333333334,1.042750189017255,range,0.5413793103448277,0.3448275862068966,0.4431034482758621,0.41379310344827586,0.35
801210.SI,2023-11-30,0.056246519398552186,-0.06554767639677284,-0.11201102033099009,0.29411764705882354,1.042750189017255,range,0.3689655172413793,0.5758620689655172,0.4724137931034482,0.4482758620689655,0.35
801230.SI,2023-11-30,0.01868971371247774,0.010478938787382264,-0.04330118054599341,0.6,1.042750189017255,range,0.7275862068965517,0.37586206896551727,0.5517241379310345,0.5517241379310345,0.35
801710.SI,2023-11-30,-0.044454450360606246,-0.12641155343680244,-0.09064899779949998,0.3220338983050847,1.042750189017255,range,0.14827586206896554,0.6103448275862069,0.3793103448275862,0.13793103448275862,0.35
801720.SI,2023-11-30,-0.017476356575209517,-0.08131514481963598,-0.14182707407905948,0.264,1.042750189017255,range,0.16896551724137931,0.6689655172413793,0.4189655172413793,0.3620689655172414,0.35
801730.SI,2023-11-30,-0.04349270049663856,-0.1467742755181599,-0.20585921095743742,0.40939597315436244,1.042750189017255,range,0.05862068965517241,0.4482758620689655,0.253448275862069,0.06896551724137931,0.35
801740.SI,2023-11-30,0.005792280782244585,-0.032506309561571745,-0.07465836543027493,0.46956521739130436,1.042750189017255,range,0.496551724137931,0.3137931034482759,0.4051724137931034,0.25862068965517243,0.35
801750.SI,2023-11-30,0.025922352072239585,-0.05511802384395448,-0.1264386237901156,0.4375,1.042750189017255,range,0.3586206896551724,0.9655172413793103,0.6620689655172414,0.8275862068965517,0.35
801760.SI,2023-11-30,0.06000457800595149,-0.07948317478347278,-0.1711476751172989,0.2868217054263566,1.042750189017255,range,0.32758620689655177,0.8034482758620689,0.5655172413793104,0.5862068965517241,0.35
801770.SI,2023-11-30,0.02575979161017572,-0.06090190987412658,-0.07586643278788319,0.6153846153846154,1.042750189017255,range,0.39655172413793105,0.9379310344827585,0.6672413793103448,0.8620689655172413,0.35
801880.SI,2023-11-30,0.027422882993013875,0.05714033431123089,0.12917202405241635,0.7564102564102564,1.042750189017255,range,0.9310344827586208,0.49310344827586206,0.7120689655172414,0.9310344827586207,0.35
801890.SI,2023-11-30,0.043965695760527224,-0.006773327898366155,-0.01085235653103478,0.5714285714285714,1.042750189017255,range,0.7655172413793103,0.4862068965517241,0.6258620689655172,0.7241379310344828,0.35
801950.SI,2023-11-30,0.07059186903980552,0.13812535656970715,0.11106926202248646,0.8108108108108109,1.042750189017255,range,0.9896551724137931,0.05172413793103448,0.5206896551724138,0.5172413793103449,0.35
801960.SI,2023-11-30,-0.00731532198705831,-0.028018746960251084,-0.02217349144641434,0.5714285714285714,1.042750189017255,range,0.5413793103448276,0.7620689655172415,0.6517241379310346,0.7931034482758621,0.35
801970.SI,2023-11-30,0.01337162822372906,-0.03424553165792843,-0.04860311900592118,0.4044943820224719,1.042750189017255,range,0.5206896551724138,0.31724137931034485,0.4189655172413793,0.3620689655172414,0.35
801980.SI,2023-11-30,-0.0295196877673799,-0.16717204901606497,-0.1895726870063793,0.45454545454545453,1.042750189017255,range,0.06551724137931034,0.393103448275862,0.22931034482758617,0.034482758620689655,0.35
801010.SI,2023-12-31,-0.01363296448054474,0.017251367421428743,-0.038794391738728895,0.3626373626373626,0.9484879638348098,range,0.8172413793103448,0.6103448275862069,0.7137931034482758,0.9655172413793104,0.35
801030.SI,2023-12-31,-0.015108469234517474,-0.0396929257903994,-0.07240624144538732,0.5062893081761006,0.9484879638348098,range,0.5620689655172414,0.5,0.5310344827586206,0.4482758620689655,0.35
801040.SI,2023-12-31,-0.03625853432324588,-0.06081229221758366,-0.04073779557066726,0.21428571428571427,0.9484879638348098,range,0.48275862068965514,0.9000000000000001,0.6913793103448276,0.896551724137931,0.35
801050.SI,2023-12-31,0.02283892981624236,-0.02026338893766466,-0.05830807347748901,0.4728682170542636,0.9484879638348098,range,0.7758620689655172,0.4896551724137931,0.6327586206896552,0.7586206896551724,0.35
801080.SI,2023-12-31,-0.012258514398009401,0.03917689069208441,-0.03374313974760468,0.6641975308641975,0.9484879638348098,range,0.8586206896551725,0.496551724137931,0.6775862068965517,0.7931034482758621,0.35
801110.SI,2023-12-31,-0.002686463218569468,-0.0431352032220963,-0.08398139251290893,0.43661971830985913,0.9484879638348098,range,0.5620689655172415,0.8034482758620689,0.6827586206896552,0.8620689655172413,0.35
801120.SI,2023-12-31,-0.05009772912347332,-0.06959091383398974,-0.06449965482202369,0.3162393162393162,0.9484879638348098,range,0.35862068965517246,0.7103448275862069,0.5344827586206897,0.4827586206896552,0.35
801130.SI,2023-12-31,-0.013432798520517819,-0.022877050549804157,-0.02871307835201209,0.5402298850574713,0.9484879638348098,range,0.7517241379310344,0.5,0.6258620689655172,0.7241379310344828,0.35
801140.SI,2023-12-31,-0.029862088502578765,-0.04787795072308976,-0.055261682897778996,0.48,0.9484879638348098,range,0.5310344827586206,0.6551724137931034,0.593103448275862,0.6551724137931034,0.35
801150.SI,2023-12-31,-0.04603877771554321,-3.558305202944201e-05,-0.01571115846005655,0.45083932853717024,0.9484879638348098,range,0.7620689655172413,0.10344827586206896,0.43275862068965515,0.27586206896551724,0.35
801160.SI,2023-12-31,0.0033106467073609203,-0.0013925016314788596,-0.07418343260815852,0.4224137931034483,0.9484879638348098,range,0.7655172413793103,0.3620689655172413,0.5637931034482758,0.5862068965517241,0.35
801170.SI,2023-12-31,-0.03652412407772243,-0.049806896486039864,-0.08427453590031886,0.43103448275862066,0.9484879638348098,range,0.42758620689655175,0.2655172413793103,0.346551724137931,0.1724137931034483,0.35
801180.SI,2023-12-31,-0.06374693177281954,-0.1447010078908777,-0.14115923849740752,0.2336448598130841,0.9484879638348098,range,0.11379310344827587,0.36896551724137927,0.24137931034482757,0.10344827586206896,0.35
801200.SI,2023-12-31,-0.06337927688839429,-0.09317296446036671,-0.1027787016324131,0.32978723404255317,0.9484879638348098,range,0.19655172413793104,0.303448275862069,0.25,0.13793103448275862,0.35
801210.SI,2023-12-31,-0.05159411473119724,-0.07963314026076818,-0.15436517343769462,0.3283582089552239,0.9484879638348098,range,0.2,0.06896551724137931,0.13448275862068965,0.034482758620689655,0.35
801230.SI,2023-12-31,0.0028179256431233313,0.00797953341048907,-0.028891048799721264,0.5263157894736842,0.9484879638348098,range,0.8758620689655172,0.20689655172413796,0.5413793103448276,0.5172413793103449,0.35
801710.SI,2023-12-31,-0.03974451570952642,-0.14468525764976492,-0.13548401439056823,0.3064516129032258,0.9484879638348098,range,0.2,0.6862068965517241,0.443103448275862,0.3103448275862069,0.35
801720.SI,2023-12-31,-0.013667187769592304,-0.08552523147026037,-0.13672182460507765,0.3656716417910448,0.9484879638348098,range,0.30344827586206896,0.9310344827586207,0.6172413793103448,0.6896551724137931,0.35
801730.SI,2023-12-31,0.002443563418606187,-0.09292026091551797,-0.23513038967257927,0.44193548387096776,0.9484879638348098,range,0.26896551724137935,0.703448275862069,0.4862068965517242,0.3793103448275862,0.35
801740.SI,2023-12-31,-0.018324495381457417,-0.03629303106633086,-0.12689064976228215,0.4152542372881356,0.9484879638348098,range,0.5,0.3275862068965517,0.41379310344827586,0.2413793103448276,0.35
801750.SI,2023-12-31,-0.01977960728759043,-0.03257466364115613,-0.14584007900531015,0.46885245901639344,0.9484879638348098,range,0.46896551724137936,0.8931034482758621,0.6810344827586208,0.8275862068965517,0.35
801760.SI,2023-12-31,-0.027501850937808547,-0.030850344318740675,-0.18184059588383383,0.43846153846153846,0.9484879638348098,range,0.4482758620689655,0.6448275862068966,0.5465517241379311,0.5517241379310345,0.35
801770.SI,2023-12-31,0.001781086679551791,-0.06581398638136227,-0.1653222894611418,0.3474576271186441,0.9484879638348098,range,0.3793103448275862,0.6413793103448275,0.5103448275862068,0.41379310344827586,0.35
801880.SI,2023-12-31,-0.059310549381989985,-0.0101896227633409,-0.024564113804123267,0.6103896103896104,0.9484879638348098,range,0.6965517241379311,0.7241379310344827,0.7103448275862069,0.9310344827586207,0.35
801890.SI,2023-12-31,-0.011552825620049556,-0.02904617286605038,-0.08927682369623446,0.5011764705882353,0.9484879638348098,range,0.6137931034482759,0.27586206896551724,0.44482758620689655,0.3448275862068966,0.35
801950.SI,2023-12-31,0.003353841049571926,0.04183064784892876,0.09662644998797831,0.4722222222222222,0.9484879638348098,range,0.993103448275862,0.1896551724137931,0.5913793103448276,0.6206896551724138,0.35
801960.SI,2023-12-31,-0.007910550281349904,-0.06818541099665465,-0.027477525684931448,0.2727272727272727,0.9484879638348098,range,0.5758620689655172,0.903448275862069,0.7396551724137931,1.0,0.35
801970.SI,2023-12-31,-0.03875574878888277,-0.04993184548562968,-0.08145612526385149,0.44871794871794873,0.9484879638348098,range,0.4241379310344827,0.3793103448275862,0.40172413793103445,0.20689655172413793,0.35
801980.SI,2023-12-31,-0.041230037336615344,-0.14545412994026496,-0.21316514459418767,0.2857142857142857,0.9484879638348098,range,0.08620689655172414,0.35517241379310344,0.2206896551724138,0.06896551724137931,0.35
801010.SI,2024-01-31,-0.13224304126502773,-0.12085064810947421,-0.21014838418337822,0.06451612903225806,0.9199644902642968,retreat,0.6724137931034483,0.7586206896551724,0.7155172413793103,0.9310344827586207,0.35
801030.SI,2024-01-31,-0.16124897649778525,-0.18659300328847694,-0.2512810314369248,0.043478260869565216,0.9199644902642968,retreat,0.2827586206896552,0.3896551724137931,0.33620689655172414,0.20689655172413793,0.35
801040.SI,2024-01-31,-0.06920914721295857,-0.11922730141556204,-0.1779375752118555,0.045454545454545456,0.9199644902642968,range,0.7758620689655172,0.3172413793103448,0.546551724137931,0.4827586206896552,0.35
801050.SI,2024-01-31,-0.12251774320739839,-0.13235589475798348,-0.2147201478173839,0.046511627906976744,0.9199644902642968,retreat,0.6068965517241379,0.11034482758620691,0.3586206896551724,0.2413793103448276,0.35
801080.SI,2024-01-31,-0.23912095905100383,-0.24282832691120437,-0.2586927409815907,0.04176904176904177,0.9199644902642968,retreat,0.11724137931034484,0.7379310344827585,0.4275862068965517,0.3103448275862069,0.35
801110.SI,2024-01-31,-0.019624040935915965,-0.02705285089303755,-0.1083080740171165,0.11688311688311688,0.9199644902642968,range,0.9137931034482759,0.2896551724137931,0.6017241379310345,0.6896551724137931,0.35
801120.SI,2024-01-31,-0.10160408911367202,-0.14230502209879914,-0.23065841320378633,0.03361344537815126,0.9199644902642968,retreat,0.5517241379310345,0.4724137931034483,0.5120689655172413,0.41379310344827586,0.35
801130.SI,2024-01-31,-0.09969855483642154,-0.10314045624306034,-0.15843031860104417,0.14285714285714285,0.9199644902642968,retreat,0.7827586206896553,0.7448275862068965,0.7637931034482759,1.0,0.35
801140.SI,2024-01-31,-0.13983907150935349,-0.16150224559691306,-0.23046811827979286,0.0979020979020979,0.9199644902642968,retreat,0.4172413793103449,0.8,0.6086206896551725,0.7413793103448276,0.35
801150.SI,2024-01-31,-0.18592806274226992,-0.20093375247409473,-0.1913645703728839,0.05491990846681922,0.9199644902642968,retreat,0.32413793103448274,0.7758620689655172,0.55,0.5172413793103449,0.35
801160.SI,2024-01-31,-0.009590825206750253,-0.0026046373668134892,-0.0631524417318926,0.18699186991869918,0.9199644902642968,range,0.9655172413793104,0.4379310344827586,0.7017241379310345,0.8620689655172413,0.35
801170.SI,2024-01-31,-0.028256119319206907,-0.054503074544913654,-0.15700826496584885,0.2540983606557377,0.9199644902642968,range,0.8620689655172413,0.1896551724137931,0.5258620689655172,0.4482758620689655,0.35
801180.SI,2024-01-31,-0.08056988120671127,-0.15192643201111222,-0.3082719082719083,0.06542056074766354,0.9199644902642968,retreat,0.4,0.2655172413793103,0.33275862068965517,0.1724137931034483,0.35
801200.SI,2024-01-31,-0.10748887941015162,-0.14707894775152486,-0.2734412784761464,0.08333333333333333,0.9199644902642968,retreat,0.4310344827586207,0.5689655172413793,0.5,0.3793103448275862,0.35
801210.SI,2024-01-31,-0.14679578021079942,-0.14530231849704645,-0.29900227496532894,0.11428571428571428,0.9199644902642968,retreat,0.3758620689655172,0.8413793103448276,0.6086206896551725,0.7413793103448276,0.35
801230.SI,2024-01-31,-0.15072818467488514,-0.1324176248167298,-0.20586542163015498,0.2,0.9199644902642968,retreat,0.5862068965517241,0.7758620689655171,0.6810344827586206,0.8275862068965517,0.35
801710.SI,2024-01-31,-0.08642406528037316,-0.16173208962854024,-0.283059449496852,0.1323529411764706,0.9199644902642968,retreat,0.36206896551724144,0.2,0.28103448275862075,0.10344827586206896,0.35
801720.SI,2024-01-31,-0.03548426426076223,-0.06529232571161447,-0.2149381496231162,0.14935064935064934,0.9199644902642968,range,0.7551724137931035,0.3931034482758621,0.5741379310344827,0.6206896551724138,0.35
801730.SI,2024-01-31,-0.16321242396970526,-0.19765076330043718,-0.3438915775323593,0.06645569620253164,0.9199644902642968,retreat,0.13793103448275862,0.07241379310344828,0.10517241379310345,0.034482758620689655,0.35
801740.SI,2024-01-31,-0.20486012792867347,-0.21490938808281235,-0.27426526622709646,0.04310344827586207,0.9199644902642968,retreat,0.14482758620689656,0.3103448275862069,0.22758620689655173,0.06896551724137931,0.35
801750.SI,2024-01-31,-0.2365036794147053,-0.23220518685298341,-0.31917909801344924,0.04220779220779221,0.9199644902642968,retreat,0.0793103448275862,0.7413793103448276,0.41034482758620694,0.27586206896551724,0.35
801760.SI,2024-01-31,-0.15467334929975096,-0.12859291717079224,-0.25171987757279646,0.17692307692307693,0.9199644902642968,retreat,0.4862068965517241,0.9310344827586207,0.7086206896551723,0.896551724137931,0.35
801770.SI,2024-01-31,-0.15188022615489105,-0.12848335059543137,-0.23339589442815256,0.07692307692307693,0.9199644902642968,retreat,0.5482758620689656,0.9344827586206896,0.7413793103448276,0.9655172413793104,0.35
801880.SI,2024-01-31,-0.15393578292533994,-0.18229089132250875,-0.21949645687653496,0.06956521739130435,0.9199644902642968,retreat,0.36551724137931035,0.7551724137931035,0.560344827586207,0.5517241379310345,0.35
801890.SI,2024-01-31,-0.17902691181864094,-0.1528338129547775,-0.2390902793812052,0.07029478458049887,0.9199644902642968,retreat,0.34827586206896555,0.6344827586206896,0.49137931034482757,0.3448275862068966,0.35
801950.SI,2024-01-31,0.06665133130139744,0.14577815528357974,0.19259610515909675,0.5405405405405406,0.9199644902642968,range,1.0,0.3275862068965517,0.6637931034482758,0.7931034482758621,0.35
801960.SI,2024-01-31,-0.01218740543068586,-0.027170550861808196,-0.07930185647372556,0.18181818181818182,0.9199644902642968,range,0.9137931034482759,0.2827586206896552,0.5982758620689655,0.6551724137931034,0.35
801970.SI,2024-01-31,-0.11978770875002287,-0.14258727385781556,-0.2144205831606134,0.12149532710280374,0.9199644902642968,retreat,0.5724137931034483,0.5655172413793104,0.5689655172413793,0.5862068965517241,0.35
801980.SI,2024-01-31,-0.13353905020520263,-0.19378635647578346,-0.34235455216854316,0.19230769230769232,0.9199644902642968,retreat,0.2206896551724138,0.3758620689655172,0.2982758620689655,0.13793103448275862,0.35
801010.SI,2024-02-29,0.055738972186881064,-0.09636465767681335,-0.09185804480863347,0.07291666666666667,1.169091646236968,range,0.4482758620689655,0.7689655172413793,0.6086206896551725,0.6896551724137931,0.35
801030.SI,2024-02-29,0.09238172441746162,-0.09760663837984318,-0.12866328964854978,0.09971509971509972,1.169091646236968,range,0.4413793103448276,0.4310344827586207,0.4362068965517242,0.3448275862068966,0.35
801040.SI,2024-02-29,0.06724061154816674,-0.04264062406736546,-0.05958389146720433,0.23255813953488372,1.169091646236968,range,0.6862068965517242,0.3586206896551724,0.5224137931034483,0.4482758620689655,0.35
801050.SI,2024-02-29,0.09961056644880184,-0.013074211856494156,-0.06335365401031812,0.18461538461538463,1.169091646236968,range,0.7517241379310344,0.610344827586207,0.6810344827586208,0.8275862068965517,0.35
801080.SI,2024-02-29,0.16444841195924553,-0.1248567066567352,-0.09158356798372491,0.05542168674698795,1.169091646236968,range,0.4655172413793104,0.9827586206896551,0.7241379310344828,0.9655172413793104,0.35
801110.SI,2024-02-29,0.09875667582034553,0.07430078608314261,0.03225732965806305,0.18666666666666668,1.169091646236968,range,0.896551724137931,0.22413793103448276,0.5603448275862069,0.5862068965517241,0.35
801120.SI,2024-02-29,0.08636232788670095,-0.07291108255070577,-0.11227292693276747,0.05042016806722689,1.169091646236968,range,0.5758620689655173,0.496551724137931,0.5362068965517242,0.5517241379310345,0.35
801130.SI,2024-02-29,0.02713786287571307,-0.08768805917928724,-0.08707204841573513,0.13131313131313133,1.169091646236968,range,0.4724137931034482,0.39655172413793105,0.43448275862068964,0.3103448275862069,0.35
801140.SI,2024-02-29,0.05221524103072572,-0.12195297429279317,-0.14568594766523602,0.1258741258741259,1.169091646236968,range,0.2931034482758621,0.5103448275862069,0.4017241379310345,0.1724137931034483,0.35
801150.SI,2024-02-29,0.10501545930603595,-0.14185266278550046,-0.06181752504753435,0.0888382687927107,1.169091646236968,range,0.41379310344827586,0.8793103448275861,0.6465517241379309,0.7931034482758621,0.35
801160.SI,2024-02-29,0.03533806985832233,0.02880308808998322,0.015630199240597387,0.2540983606557377,1.169091646236968,range,0.7689655172413793,0.2931034482758621,0.5310344827586206,0.5,0.35
801170.SI,2024-02-29,0.049903555550971035,-0.017025920346119716,-0.03875302794921065,0.3305785123966942,1.169091646236968,range,0.7172413793103448,0.2827586206896552,0.5,0.41379310344827586,0.35
801180.SI,2024-02-29,0.022757321019812204,-0.11959078979777304,-0.2398480554099094,0.05660377358490566,1.169091646236968,range,0.17586206896551723,0.1,0.13793103448275862,0.034482758620689655,0.35
801200.SI,2024-02-29,0.04254568626112287,-0.12848976019937408,-0.1575312864932461,0.08333333333333333,1.169091646236968,range,0.21724137931034485,0.1724137931034483,0.19482758620689655,0.06896551724137931,0.35
801210.SI,2024-02-29,0.06404051992025206,-0.13899553873191828,-0.19543238053529632,0.14084507042253522,1.169091646236968,range,0.2103448275862069,0.7241379310344828,0.4672413793103448,0.3793103448275862,0.35
801230.SI,2024-02-29,0.0008049452992973105,-0.14764945611005054,-0.13871772693523576,0.047619047619047616,1.169091646236968,range,0.13793103448275862,0.7241379310344828,0.43103448275862066,0.25862068965517243,0.35
801710.SI,2024-02-29,0.04359503017594224,-0.08448924747777176,-0.20022038389220254,0.2112676056338028,1.169091646236968,range,0.3551724137931035,0.03793103448275863,0.19655172413793107,0.10344827586206896,0.35
801720.SI,2024-02-29,0.014069567415761375,-0.03528163086044711,-0.11372784475719289,0.16216216216216217,1.169091646236968,range,0.5448275862068965,0.3,0.4224137931034483,0.20689655172413793,0.35
801730.SI,2024-02-29,0.10218201908205904,-0.07545410037786615,-0.21115365497819016,0.13291139240506328,1.169091646236968,range,0.45172413793103444,0.6793103448275862,0.5655172413793104,0.6206896551724138,0.35
801740.SI,2024-02-29,0.12868321813051842,-0.1189844908199339,-0.14762305368988682,0.056910569105691054,1.169091646236968,range,0.4,0.8448275862068966,0.6224137931034484,0.7241379310344828,0.35
801750.SI,2024-02-29,0.17777226109757782,-0.11856152533122777,-0.16714467219499995,0.10509554140127389,1.169091646236968,range,0.4379310344827587,0.9827586206896552,0.710344827586207,0.9310344827586207,0.35
801760.SI,2024-02-29,0.14824474173030366,-0.056052566633761125,-0.13108050546642047,0.23076923076923078,1.169091646236968,range,0.6310344827586207,0.6344827586206897,0.6327586206896552,0.7586206896551724,0.35
801770.SI,2024-02-29,0.19523204749590706,0.015505421263835029,-0.04634079837866212,0.15254237288135594,1.169091646236968,range,0.8689655172413794,0.596551724137931,0.7327586206896552,1.0,0.35
801880.SI,2024-02-29,0.13638096543570555,-0.09557293131574507,-0.04389366625100011,0.0995850622406639,1.169091646236968,range,0.6379310344827587,0.7448275862068966,0.6913793103448276,0.8620689655172413,0.35
801890.SI,2024-02-29,0.12953691060199923,-0.08339375367652091,-0.0896022283365604,0.13665943600867678,1.169091646236968,range,0.6206896551724138,0.7689655172413794,0.6948275862068967,0.896551724137931,0.35
801950.SI,2024-02-29,0.07567864459780038,0.15122216852870962,0.3102351410476891,0.5135135135135135,1.169091646236968,range,0.903448275862069,0.2793103448275862,0.5913793103448276,0.6551724137931034,0.35
801960.SI,2024-02-29,0.056035203030134095,0.03491286567530816,0.0059159039660432455,0.24444444444444444,1.169091646236968,range,0.8172413793103448,0.24482758620689654,0.5310344827586206,0.5,0.35
801970.SI,2024-02-29,0.011527278001478125,-0.14414777674538204,-0.17345689115135654,0.09090909090909091,1.169091646236968,range,0.1103448275862069,0.6172413793103448,0.36379310344827587,0.13793103448275862,0.35
801980.SI,2024-02-29,0.14426709022747408,-0.049415296375409534,-0.20832648904366113,0.14814814814814814,1.169091646236968,range,0.5482758620689655,0.3137931034482759,0.43103448275862066,0.25862068965517243,0.35
801010.SI,2024-03-31,0.026432406870671388,-0.05965977576924297,-0.043437621059889464,0.11956521739130435,1.1749920362445347,range,0.5413793103448276,0.6586206896551724,0.6,0.5862068965517241,0.35
801030.SI,2024-03-31,0.023399310336116308,-0.06232441331261729,-0.09954350079046881,0.16447368421052633,1.1749920362445347,range,0.40689655172413797,0.35862068965517246,0.3827586206896552,0.2413793103448276,0.35
801040.SI,2024-03-31,0.0013668409189007136,-0.005264411624583243,-0.06575656290409904,0.41025641025641024,1.1749920362445347,range,0.596551724137931,0.6482758620689655,0.6224137931034482,0.6551724137931034,0.35
801050.SI,2024-03-31,0.12495511136097415,0.08545654407723391,0.06346151594966365,0.3700787401574803,1.1749920362445347,range,0.9379310344827586,0.4,0.6689655172413793,0.8275862068965517,0.35
801080.SI,2024-03-31,0.010669314628581228,-0.10454254946477237,-0.06946131080574125,0.10173697270471464,1.1749920362445347,range,0.28620689655172415,0.7758620689655172,0.5310344827586206,0.41379310344827586,0.35
801110.SI,2024-03-31,0.023587325932955316,0.1026027706625936,0.05504177607681626,0.35294117647058826,1.1749920362445347,range,0.8448275862068965,0.3137931034482759,0.5793103448275861,0.4827586206896552,0.35
801120.SI,2024-03-31,0.015633854549270687,-0.008758143224473658,-0.07773956986798325,0.19642857142857142,1.1749920362445347,range,0.5896551724137932,0.4413793103448276,0.5155172413793103,0.3448275862068966,0.35
801130.SI,2024-03-31,0.049938022613185806,-0.029086925132673747,-0.051298552625879346,0.2857142857142857,1.1749920362445347,range,0.6517241379310345,0.8344827586206895,0.743103448275862,0.9655172413793104,0.35
801140.SI,2024-03-31,0.03901304873302314,-0.05961584811910192,-0.10463951420363016,0.20634920634920634,1.1749920362445347,range,0.4724137931034483,0.7862068965517242,0.6293103448275862,0.7241379310344828,0.35
801150.SI,2024-03-31,-0.022655829702844965,-0.12081824953621767,-0.12084953350618777,0.14676616915422885,1.1749920362445347,range,0.12068965517241378,0.4931034482758621,0.30689655172413793,0.1724137931034483,0.35
801160.SI,2024-03-31,0.03563093549719065,0.06194458122977964,0.06046582166787684,0.3652173913043478,1.1749920362445347,range,0.8344827586206897,0.5137931034482759,0.6741379310344828,0.8620689655172413,0.35
801170.SI,2024-03-31,0.010065333791816178,0.03050638494076141,-0.020819939902186224,0.4396551724137931,1.1749920362445347,range,0.6862068965517242,0.6344827586206897,0.6603448275862069,0.7931034482758621,0.35
801180.SI,2024-03-31,-0.03780201334188715,-0.0951933849510358,-0.2261198140949543,0.13,1.1749920362445347,range,0.10344827586206898,0.15517241379310345,0.12931034482758622,0.06896551724137931,0.35
801200.SI,2024-03-31,0.0037218541600725352,-0.06605325696179387,-0.15307184365876791,0.15476190476190477,1.1749920362445347,range,0.21724137931034485,0.3551724137931035,0.28620689655172415,0.13793103448275862,0.35
801210.SI,2024-03-31,0.020841020487738504,-0.07323574585760062,-0.1470368936963885,0.36363636363636365,1.1749920362445347,range,0.2517241379310345,0.5275862068965518,0.3896551724137931,0.27586206896551724,0.35
801230.SI,2024-03-31,0.05498109233428572,-0.10331308919506887,-0.09615794603155259,0.10526315789473684,1.1749920362445347,range,0.3896551724137931,0.7931034482758621,0.5913793103448276,0.5517241379310345,0.35
801710.SI,2024-03-31,-0.01665246932587716,-0.062473214132652166,-0.19811951869942535,0.21666666666666667,1.1749920362445347,range,0.2206896551724138,0.08620689655172414,0.15344827586206897,0.10344827586206896,0.35
801720.SI,2024-03-31,0.010974836461387527,-0.011179610595450695,-0.09574870328178775,0.2097902097902098,1.1749920362445347,range,0.5482758620689655,0.8275862068965517,0.6879310344827586,0.896551724137931,0.35
801730.SI,2024-03-31,0.03722967122930343,-0.04337114377678364,-0.13226134669635847,0.1758957654723127,1.1749920362445347,range,0.4517241379310345,0.5827586206896551,0.5172413793103448,0.3793103448275862,0.35
801740.SI,2024-03-31,0.044114553838686454,-0.06294787741499841,-0.0969563392107472,0.19166666666666668,1.1749920362445347,range,0.4379310344827586,0.49310344827586206,0.46551724137931033,0.3103448275862069,0.35
801750.SI,2024-03-31,-0.004787336349241,-0.10508010367751919,-0.13423181828600228,0.10163934426229508,1.1749920362445347,range,0.13793103448275862,0.09655172413793103,0.11724137931034483,0.034482758620689655,0.35
801760.SI,2024-03-31,0.01503317101866064,-0.014766292883313104,-0.04516109198229212,0.3076923076923077,1.1749920362445347,range,0.6,0.603448275862069,0.6017241379310345,0.6206896551724138,0.35
801770.SI,2024-03-31,0.042477468250716965,0.05675934056902099,-0.012790204279566009,0.3220338983050847,1.1749920362445347,range,0.803448275862069,0.5931034482758621,0.6982758620689655,0.9310344827586207,0.35
801880.SI,2024-03-31,0.046133055897952024,0.005805957085931457,-0.0044428261898953325,0.2330508474576271,1.1749920362445347,range,0.7931034482758621,0.48275862068965514,0.6379310344827587,0.7586206896551724,0.35
801890.SI,2024-03-31,0.036080474008626684,-0.039222470572766954,-0.0671293807783272,0.21226415094339623,1.1749920362445347,range,0.5655172413793104,0.5241379310344827,0.5448275862068965,0.4482758620689655,0.35
801950.SI,2024-03-31,-0.03723995777299538,0.10464589683133019,0.1508539503394455,0.4473684210526316,1.1749920362445347,range,0.796551724137931,0.45517241379310347,0.6258620689655172,0.6896551724137931,0.35
801960.SI,2024-03-31,0.06006382193153659,0.10582134309059388,0.030420460323089094,0.38095238095238093,1.1749920362445347,range,0.9517241379310345,0.5379310344827586,0.7448275862068965,1.0,0.35
801970.SI,2024-03-31,0.049339050636368675,-0.06571180186150005,-0.11236253580999911,0.21153846153846154,1.1749920362445347,range,0.403448275862069,0.7655172413793103,0.5844827586206897,0.5172413793103449,0.35
801980.SI,2024-03-31,-0.012403647643452143,-0.02083500478291722,-0.16325859723018177,0.32,1.1749920362445347,range,0.3586206896551724,0.2620689655172414,0.3103448275862069,0.20689655172413793,0.35
801010.SI,2024-04-30,-0.007549777630811327,0.07546341777656118,-0.05450703327976658,0.4583333333333333,1.0442337635469159,range,0.41034482758620694,0.48965517241379314,0.45000000000000007,0.3793103448275862,0.35
801030.SI,2024-04-30,0.04509296915016381,0.16835405922834146,-0.04965263358735794,0.7623188405797101,1.0442337635469159,range,0.7724137931034483,0.5620689655172414,0.6672413793103449,0.6896551724137931,0.35
801040.SI,2024-04-30,0.019191072583155888,0.08920884666765616,-0.04065458479848516,0.627906976744186,1.0442337635469159,range,0.596551724137931,0.7413793103448276,0.6689655172413793,0.7241379310344828,0.35
801050.SI,2024-04-30,0.024040631308739346,0.2667510893246188,0.09908911546140864,0.8549618320610687,1.0442337635469159,range,0.9344827586206896,0.7,0.8172413793103448,1.0,0.35
801080.SI,2024-04-30,-0.0035388028991307774,0.17270755940435722,-0.1120590552019246,0.8,1.0442337635469159,range,0.6,0.8275862068965517,0.7137931034482758,0.8275862068965517,0.35
801110.SI,2024-04-30,0.08500099042054465,0.22027176120416359,0.18725993119932305,0.9078947368421053,1.0442337635469159,range,0.9551724137931035,0.19655172413793104,0.5758620689655173,0.5862068965517241,0.35
801120.SI,2024-04-30,0.007790886006628472,0.11194240421365853,-0.04629258419055804,0.6991150442477876,1.0442337635469159,range,0.5896551724137931,0.9103448275862069,0.75,0.9310344827586207,0.35
801130.SI,2024-04-30,-0.014297548153124673,0.0630121761639808,-0.046627384677500716,0.6043956043956044,1.0442337635469159,range,0.3758620689655172,0.4310344827586207,0.403448275862069,0.3103448275862069,0.35
801140.SI,2024-04-30,-0.00947822915331753,0.08290314584702929,-0.09198814397122734,0.5766423357664233,1.0442337635469159,range,0.3620689655172414,0.6551724137931034,0.5086206896551724,0.5172413793103449,0.35
801150.SI,2024-04-30,0.026176117429608237,0.1082501114643648,-0.11443474211200377,0.7178899082568807,1.0442337635469159,range,0.5241379310344828,0.8793103448275862,0.7017241379310345,0.7931034482758621,0.35
801160.SI,2024-04-30,0.012988026054058244,0.08615426078148003,0.08332522280772481,0.7049180327868853,1.0442337635469159,range,0.6000000000000001,0.7413793103448275,0.6706896551724137,0.7586206896551724,0.35
801170.SI,2024-04-30,0.024404359519305086,0.08635130535240898,0.02714181917482228,0.7394957983193278,1.0442337635469159,range,0.6344827586206897,0.6517241379310346,0.6431034482758622,0.6551724137931034,0.35
801180.SI,2024-04-30,-0.04264086625225583,-0.05786762964717018,-0.2010024391570474,0.31,1.0442337635469159,range,0.04827586206896552,0.09999999999999999,0.07413793103448275,0.034482758620689655,0.35
801200.SI,2024-04-30,-0.034155412018007425,0.010684781866593829,-0.1379656723588243,0.43157894736842106,1.0442337635469159,range,0.12758620689655173,0.38965517241379316,0.25862068965517243,0.1724137931034483,0.35
801210.SI,2024-04-30,-0.022989271844037984,0.06124489045810444,-0.09295645261860219,0.7014925373134329,1.0442337635469159,range,0.25517241379310346,0.1724137931034483,0.21379310344827587,0.06896551724137931,0.35
801230.SI,2024-04-30,-0.08551728204739395,-0.03446144267544238,-0.1623157651053322,0.1111111111111111,1.0442337635469159,retreat,0.06206896551724138,0.6379310344827587,0.35000000000000003,0.20689655172413793,0.35
801710.SI,2024-04-30,0.010111768873854343,0.03659346098003202,-0.13105696555954915,0.36231884057971014,1.0442337635469159,range,0.25862068965517243,0.24137931034482757,0.25,0.13793103448275862,0.35
801720.SI,2024-04-30,-0.021529125432887763,0.00312718119514388,-0.06236932544962326,0.32653061224489793,1.0442337635469159,range,0.24482758620689657,0.1896551724137931,0.21724137931034482,0.10344827586206896,0.35
801730.SI,2024-04-30,-0.0077473814335533575,0.13435896370113665,-0.08984795133108592,0.6964856230031949,1.0442337635469159,range,0.5620689655172414,0.18620689655172415,0.3741379310344828,0.27586206896551724,0.35
801740.SI,2024-04-30,-0.019966992863950317,0.15494398129970666,-0.09326432299134035,0.856,1.0442337635469159,range,0.5172413793103448,0.4896551724137931,0.5034482758620689,0.4827586206896552,0.35
801750.SI,2024-04-30,-0.03370167793585832,0.13263099098539977,-0.1303717999118449,0.7227722772277227,1.0442337635469159,range,0.4310344827586207,0.4482758620689655,0.43965517241379315,0.3448275862068966,0.35
801760.SI,2024-04-30,-0.05228758169934622,0.10456498489596044,-0.03747424871652327,0.6456692913385826,1.0442337635469159,range,0.47931034482758617,0.5172413793103448,0.49827586206896546,0.4482758620689655,0.35
801770.SI,2024-04-30,0.015043595726390802,0.26474683641148844,0.10224792521436865,0.8938053097345132,1.0442337635469159,range,0.9137931034482759,0.6862068965517242,0.8,0.9655172413793104,0.35
801880.SI,2024-04-30,0.02555260687756622,0.2191827765379164,-0.0030631384822314978,0.7974137931034483,1.0442337635469159,range,0.8551724137931035,0.5862068965517241,0.7206896551724138,0.8620689655172413,0.35
801890.SI,2024-04-30,-0.006071693519925758,0.16318548862927562,-0.01458858477160263,0.7572383073496659,1.0442337635469159,range,0.703448275862069,0.7413793103448275,0.7224137931034482,0.896551724137931,0.35
801950.SI,2024-04-30,0.009142998447967843,0.04508909316368337,0.19744025327207448,0.5405405405405406,1.0442337635469159,range,0.5206896551724138,0.6206896551724138,0.5706896551724139,0.5517241379310345,0.35
801960.SI,2024-04-30,0.009200864109995655,0.12976475612246796,0.09906842535436411,0.7142857142857143,1.0442337635469159,range,0.7103448275862069,0.2517241379310345,0.4810344827586207,0.41379310344827586,0.35
801970.SI,2024-04-30,0.010306997566403409,0.07237528231125734,-0.08053178574601016,0.5462962962962963,1.0442337635469159,range,0.42758620689655175,0.7655172413793103,0.596551724137931,0.6206896551724138,0.35
801980.SI,2024-04-30,-0.0019076552018271187,0.1279182128772931,-0.09065694799887469,0.6785714285714286,1.0442337635469159,range,0.5275862068965518,0.1896551724137931,0.35862068965517246,0.2413793103448276,0.35
801010.SI,2024-05-31,0.04328472755180357,0.06277648961161786,-0.03963760299677099,0.5256410256410257,0.9728343119470305,range,0.8620689655172414,0.4103448275862069,0.6362068965517241,0.6551724137931034,1.0
801030.SI,2024-05-31,-0.01456451136699144,0.05396998825297783,-0.04890447925363817,0.7177700348432056,0.9728343119470305,range,0.7034482758620689,0.8620689655172413,0.7827586206896551,0.9655172413793104,1.0
801040.SI,2024-05-31,-0.022217836298531135,-0.0020910268092657613,-0.04464248818854255,0.46153846153846156,0.9728343119470305,range,0.5482758620689655,0.6758620689655173,0.6120689655172413,0.5517241379310345,1.0
801050.SI,2024-05-31,-0.002809840245425854,0.14876280719307933,0.1337436388789759,0.7560975609756098,0.9728343119470305,range,0.9241379310344828,0.6896551724137931,0.806896551724138,1.0,1.0
801080.SI,2024-05-31,-0.012458267650461097,-0.005453875964312793,-0.12962962962962965,0.5024154589371981,0.9728343119470305,range,0.41379310344827586,0.9137931034482758,0.6637931034482758,0.7586206896551724,1.0
801110.SI,2024-05-31,-0.04001296589993164,0.0661551320813012,0.14537129648151859,0.75,0.9728343119470305,range,0.810344827586207,0.1517241379310345,0.4810344827586207,0.3448275862068966,1.0
801120.SI,2024-05-31,-0.03673805221269555,-0.014056564172525987,-0.08594276741246942,0.4574468085106383,0.9728343119470305,range,0.3586206896551724,0.7862068965517242,0.5724137931034483,0.4827586206896552,1.0
801130.SI,2024-05-31,-0.016093064497984977,0.01827134453263568,-0.07101889338731437,0.6229508196721312,0.9728343119470305,range,0.5620689655172414,0.8137931034482757,0.6879310344827585,0.896551724137931,1.0
801140.SI,2024-05-31,-0.023457054283624434,0.005023864637318853,-0.11754178489043965,0.5806451612903226,0.9728343119470305,range,0.4344827586206897,0.8172413793103448,0.6258620689655172,0.6206896551724138,1.0
801150.SI,2024-05-31,-0.04231855400651052,-0.03951518475933291,-0.17576251336626092,0.4691011235955056,0.9728343119470305,range,0.21379310344827585,0.26896551724137935,0.2413793103448276,0.20689655172413793,1.0
801160.SI,2024-05-31,0.03145267553091369,0.08207816455128092,0.11324535724509888,0.7913043478260869,0.9728343119470305,range,0.9310344827586207,0.5,0.7155172413793103,0.9310344827586207,1.0
801170.SI,2024-05-31,0.023666307438863887,0.0592032224787542,0.041169312782477485,0.7142857142857143,0.9728343119470305,range,0.8517241379310345,0.3793103448275862,0.6155172413793104,0.5862068965517241,1.0
801180.SI,2024-05-31,0.06139055578246255,-0.02227989021643184,-0.13920621034661418,0.45263157894736844,0.9728343119470305,range,0.403448275862069,0.034482758620689655,0.21896551724137933,0.10344827586206896,1.0
801200.SI,2024-05-31,-0.04630661667848823,-0.07545213433601461,-0.19424706788802326,0.38028169014084506,0.9728343119470305,range,0.13448275862068967,0.33793103448275863,0.23620689655172417,0.13793103448275862,1.0
801210.SI,2024-05-31,-0.04019657489498252,-0.04271833481188381,-0.1757762155828939,0.5535714285714286,0.9728343119470305,range,0.19310344827586207,0.4655172413793104,0.32931034482758625,0.27586206896551724,1.0
801230.SI,2024-05-31,-0.04658907194937156,-0.08018538844032863,-0.2159955155591915,0.46153846153846156,0.9728343119470305,range,0.08965517241379309,0.6862068965517242,0.3879310344827586,0.3103448275862069,1.0
801710.SI,2024-05-31,0.003036652531825945,-0.0036928070053199313,-0.08787005199813158,0.48148148148148145,0.9728343119470305,range,0.506896551724138,0.6551724137931034,0.5810344827586207,0.5172413793103449,1.0
801720.SI,2024-05-31,-0.0013861342742245153,-0.012161744700915467,-0.04701428937420582,0.45901639344262296,0.9728343119470305,range,0.5310344827586206,0.1206896551724138,0.3258620689655172,0.2413793103448276,1.0
801730.SI,2024-05-31,-0.005736053009252284,0.023290346809637263,-0.053921105734238584,0.5770491803278689,0.9728343119470305,range,0.6344827586206897,0.4,0.5172413793103449,0.3793103448275862,1.0
801740.SI,2024-05-31,0.018341950887845293,0.04203543402637333,-0.08195062150758359,0.6260162601626016,0.9728343119470305,range,0.6724137931034484,0.6137931034482759,0.6431034482758622,0.6896551724137931,1.0
801750.SI,2024-05-31,-0.0698281625004109,-0.10547948453798373,-0.21153520129123649,0.22340425531914893,0.9728343119470305,range,0.06896551724137931,0.41034482758620694,0.23965517241379314,0.1724137931034483,1.0
801760.SI,2024-05-31,-0.07776456599286574,-0.11284682505964261,-0.16257403751233968,0.24390243902439024,0.9728343119470305,range,0.08620689655172414,0.2,0.14310344827586208,0.034482758620689655,1.0
801770.SI,2024-05-31,-0.06133930191760928,-0.006746722654649706,0.008654087832274504,0.3620689655172414,0.9728343119470305,range,0.4482758620689655,0.903448275862069,0.6758620689655173,0.8275862068965517,1.0
801880.SI,2024-05-31,-0.035417771953186294,0.034866013034939414,-0.06403916534984777,0.5205479452054794,0.9728343119470305,range,0.596551724137931,0.7586206896551724,0.6775862068965517,0.8620689655172413,1.0
801890.SI,2024-05-31,-0.021956839954202167,0.007178783039565539,-0.07681363630145421,0.5080645161290323,0.9728343119470305,range,0.5275862068965518,0.7793103448275862,0.653448275862069,0.7241379310344828,1.0
801950.SI,2024-05-31,0.0632792625480012,0.033042317849054204,0.18926121733611256,0.6060606060606061,0.9728343119470305,range,0.8275862068965518,0.21379310344827585,0.5206896551724138,0.41379310344827586,1.0
801960.SI,2024-05-31,-0.01324612148303983,0.05564639485204914,0.0925020356361419,0.625,0.9728343119470305,range,0.789655172413793,0.5413793103448277,0.6655172413793103,0.7931034482758621,1.0
801970.SI,2024-05-31,-0.010446588435330306,0.049079587043207695,-0.1021429030580343,0.6025641025641025,0.9728343119470305,range,0.6137931034482759,0.4379310344827586,0.5258620689655172,0.4482758620689655,1.0
801980.SI,2024-05-31,-0.03688727321715368,-0.05064788206367821,-0.09756039833612429,0.47368421052631576,0.9728343119470305,range,0.2620689655172414,0.1724137931034483,0.21724137931034485,0.06896551724137931,1.0
801010.SI,2024-06-30,-0.1101346720396732,-0.07862617825946416,-0.1335951338641549,0.1323529411764706,0.8372497524242308,retreat,0.503448275862069,0.5034482758620689,0.5034482758620689,0.4482758620689655,0.35
801030.SI,2024-06-30,-0.09062909155189103,-0.06346463592996932,-0.12183365304215243,0.3474903474903475,0.8372497524242308,retreat,0.593103448275862,0.8310344827586207,0.7120689655172414,0.8275862068965517,0.35
801040.SI,2024-06-30,-0.09784019147034217,-0.10095548265044652,-0.10568842305859927,0.16216216216216217,0.8372497524242308,retreat,0.4793103448275863,0.6931034482758621,0.5862068965517242,0.5862068965517241,0.35
801050.SI,2024-06-30,-0.07328972671846568,-0.053677534118103054,0.027191913398809886,0.3135593220338983,0.8372497524242308,range,0.7000000000000001,0.9379310344827587,0.8189655172413794,0.9655172413793104,0.35
801080.SI,2024-06-30,0.0319285499685904,0.015466211151559328,-0.09069321545755749,0.41037735849056606,0.8372497524242308,range,0.8896551724137931,0.5689655172413793,0.7293103448275862,0.8620689655172413,0.35
801110.SI,2024-06-30,-0.05541863795666335,-0.016136443568262937,0.08481068327558638,0.32786885245901637,0.8372497524242308,range,0.8482758620689655,0.3517241379310345,0.6000000000000001,0.6206896551724138,0.35
801120.SI,2024-06-30,-0.11783060343978824,-0.1436194038525621,-0.15111970776828154,0.056179775280898875,0.8372497524242308,retreat,0.28620689655172415,0.8758620689655172,0.5810344827586207,0.5517241379310345,0.35
801130.SI,2024-06-30,-0.11489081236675214,-0.1415861668612578,-0.16655478575861593,0.2765957446808511,0.8372497524242308,retreat,0.2793103448275862,0.6241379310344828,0.4517241379310345,0.41379310344827586,0.35
801140.SI,2024-06-30,-0.11837002991098045,-0.1472107488934672,-0.19805050336503693,0.16091954022988506,0.8372497524242308,retreat,0.2206896551724138,0.6206896551724138,0.4206896551724138,0.3103448275862069,0.35
801150.SI,2024-06-30,-0.0866953862036397,-0.10245004789465884,-0.21089046197934225,0.21921921921921922,0.8372497524242308,retreat,0.3724137931034483,0.8793103448275862,0.6258620689655172,0.6896551724137931,0.35
801160.SI,2024-06-30,0.0072666943177104315,0.05244180956962263,0.11763487673212425,0.5673076923076923,0.8372497524242308,range,0.9758620689655173,0.3655172413793104,0.6706896551724139,0.7931034482758621,0.35
801170.SI,2024-06-30,-0.043715390822828715,0.0028061609092544515,0.03339815167491933,0.5102040816326531,0.8372497524242308,range,0.8551724137931034,0.7103448275862069,0.7827586206896551,0.9310344827586207,0.35
801180.SI,2024-06-30,-0.13469299154407044,-0.1207339081612191,-0.20443422371602105,0.12195121951219512,0.8372497524242308,retreat,0.25862068965517243,0.034482758620689655,0.14655172413793105,0.034482758620689655,0.35
801200.SI,2024-06-30,-0.12342399773339008,-0.1925686696679063,-0.2459021388093352,0.14285714285714285,0.8372497524242308,retreat,0.1103448275862069,0.32068965517241377,0.21551724137931033,0.10344827586206896,0.35
801210.SI,2024-06-30,-0.12607331188304216,-0.18048552275727703,-0.24050327673924943,0.13793103448275862,0.8372497524242308,retreat,0.13103448275862067,0.4896551724137931,0.31034482758620685,0.20689655172413793,0.35
801230.SI,2024-06-30,-0.14735550445419232,-0.2565981787089219,-0.33340131737974377,0.1111111111111111,0.8372497524242308,retreat,0.034482758620689655,0.30689655172413793,0.1706896551724138,0.06896551724137931,0.35
801710.SI,2024-06-30,-0.09133361607666557,-0.07935818609860357,-0.13687363927793872,0.30434782608695654,0.8372497524242308,retreat,0.503448275862069,0.2310344827586207,0.36724137931034484,0.2413793103448276,0.35
801720.SI,2024-06-30,-0.04949826904191057,-0.0712508979403661,-0.08163395124226736,0.24786324786324787,0.8372497524242308,range,0.6793103448275862,0.17931034482758623,0.42931034482758623,0.3793103448275862,0.35
801730.SI,2024-06-30,-0.1052588744562154,-0.11728329601541587,-0.1555677290980999,0.26557377049180325,0.8372497524242308,retreat,0.35517241379310344,0.12413793103448276,0.23965517241379308,0.13793103448275862,0.35
801740.SI,2024-06-30,-0.037925251929257886,-0.03984100787987266,-0.10028097841475891,0.30833333333333335,0.8372497524242308,range,0.7241379310344828,0.5344827586206896,0.6293103448275862,0.7241379310344828,0.35
801750.SI,2024-06-30,-0.06609250417514712,-0.16058200918125842,-0.24878813868526672,0.11486486486486487,0.8372497524242308,range,0.23793103448275865,0.5310344827586206,0.38448275862068965,0.27586206896551724,0.35
801760.SI,2024-06-30,-0.08643999115891832,-0.20153578672848438,-0.21332614315849574,0.056,0.8372497524242308,retreat,0.19655172413793104,0.6517241379310345,0.4241379310344827,0.3448275862068966,0.35
801770.SI,2024-06-30,0.029215269274559086,-0.019382700888288418,0.03627649035986669,0.21551724137931033,0.8372497524242308,range,0.8655172413793103,0.3620689655172413,0.6137931034482758,0.6551724137931034,0.35
801880.SI,2024-06-30,-0.027934354812565787,-0.0384036782205599,-0.0328206912423189,0.23414634146341465,0.8372497524242308,range,0.7793103448275862,0.9827586206896551,0.8810344827586207,1.0,0.35
801890.SI,2024-06-30,-0.06877926619643182,-0.09475587182460521,-0.13026178300313473,0.23163841807909605,0.8372497524242308,range,0.5310344827586206,0.7724137931034483,0.6517241379310345,0.7586206896551724,0.35
801950.SI,2024-06-30,-0.0554135395345311,0.013542049658520572,0.11960506642130109,0.4838709677419355,0.8372497524242308,range,0.9103448275862069,0.16551724137931034,0.5379310344827586,0.5172413793103449,0.35
801960.SI,2024-06-30,-0.02018586989107629,-0.02426888582055209,0.07898429117719874,0.2647058823529412,0.8372497524242308,range,0.8448275862068966,0.6172413793103448,0.7310344827586207,0.896551724137931,0.35
801970.SI,2024-06-30,-0.09379474629663387,-0.09401881807889023,-0.15355247399553784,0.26229508196721313,0.8372497524242308,retreat,0.4482758620689655,0.6068965517241379,0.5275862068965518,0.4827586206896552,0.35
801980.SI,2024-06-30,-0.08924805210416453,-0.12451652075625508,-0.14275722323366347,0.35294117647058826,0.8372497524242308,retreat,0.38620689655172413,0.12758620689655173,0.25689655172413794,0.1724137931034483,0.35
801010.SI,2024-07-31,-0.002717906324979258,-0.07414035153398346,-0.004271818079332523,0.1744186046511628,0.768528607736846,range,0.6551724137931034,0.8586206896551725,0.756896551724138,0.8620689655172413,0.35
801030.SI,2024-07-31,-0.032433002326056504,-0.13293770298199004,0.01303575432484183,0.13993174061433447,0.768528607736846,range,0.36551724137931035,0.8379310344827586,0.6017241379310345,0.6896551724137931,0.35
801040.SI,2024-07-31,0.008193228067932434,-0.11065685472880893,-0.0313195784473802,0.10256410256410256,0.768528607736846,range,0.5103448275862068,0.7862068965517242,0.6482758620689655,0.7931034482758621,0.35
801050.SI,2024-07-31,-0.0357637216790081,-0.10894311739628637,0.1287472766884532,0.1951219512195122,0.768528607736846,range,0.5517241379310345,0.5,0.5258620689655172,0.4827586206896552,0.35
801080.SI,2024-07-31,0.011281092113234248,0.030568758728579448,0.20855577384697033,0.4585365853658537,0.768528607736846,range,0.9586206896551723,0.5827586206896551,0.7706896551724137,0.9310344827586207,0.35
801110.SI,2024-07-31,-0.02266022401367418,-0.11376211051069995,0.08145107025296894,0.08860759493670886,0.768528607736846,range,0.5206896551724138,0.6482758620689655,0.5844827586206897,0.6551724137931034,0.35
801120.SI,2024-07-31,-0.02741363146610243,-0.1735348020556987,-0.08101830079889649,0.07476635514018691,0.768528607736846,range,0.16551724137931034,0.5206896551724138,0.3431034482758621,0.20689655172413793,0.35
801130.SI,2024-07-31,-0.058363600443748775,-0.1799617525029612,-0.1282893579904758,0.08823529411764706,0.768528607736846,range,0.05172413793103448,0.5,0.27586206896551724,0.10344827586206896,0.35
801140.SI,2024-07-31,-0.03937139851692595,-0.17294725894816465,-0.10438198493355899,0.045454545454545456,0.768528607736846,range,0.13103448275862067,0.6482758620689655,0.3896551724137931,0.3448275862068966,0.35
801150.SI,2024-07-31,0.0022291600591037852,-0.12339537109590692,-0.02850282230686063,0.1044776119402985,0.768528607736846,range,0.44137931034482764,0.7,0.5706896551724138,0.5862068965517241,0.35
801160.SI,2024-07-31,-0.008412531088893616,0.030207745093006277,0.1189645318228496,0.36752136752136755,0.768528607736846,range,0.8344827586206898,0.7482758620689656,0.7913793103448277,0.9655172413793104,0.35
801170.SI,2024-07-31,0.0049806979766824355,-0.016207978655221944,0.0687437465831846,0.4017857142857143,0.768528607736846,range,0.8137931034482759,0.5724137931034483,0.6931034482758621,0.8275862068965517,0.35
801180.SI,2024-07-31,0.02267440534561782,-0.06074648905086555,-0.11509886336727437,0.2127659574468085,0.768528607736846,range,0.6068965517241379,0.25862068965517243,0.4327586206896552,0.41379310344827586,0.35
801200.SI,2024-07-31,0.04997777867560904,-0.12223460668085251,-0.11285587492319249,0.11392405063291139,0.768528607736846,range,0.4241379310344827,0.3413793103448276,0.38275862068965516,0.3103448275862069,0.35
801210.SI,2024-07-31,0.015294575813643574,-0.1483731144736531,-0.0962153191584153,0.15384615384615385,0.768528607736846,range,0.3137931034482759,0.7862068965517242,0.55,0.5172413793103449,0.35
801230.SI,2024-07-31,0.07471075503983138,-0.12634550990046578,-0.15645290402917367,0.05555555555555555,0.768528607736846,range,0.3655172413793104,0.20689655172413793,0.28620689655172415,0.13793103448275862,0.35
801710.SI,2024-07-31,-0.017254648824449492,-0.1043006421773387,-0.07152390267701536,0.20408163265306123,0.768528607736846,range,0.48620689655172417,0.24482758620689654,0.36551724137931035,0.27586206896551724,0.35
801720.SI,2024-07-31,-0.01372606740665061,-0.06384435848829184,-0.06091683017042859,0.1875,0.768528607736846,range,0.5827586206896551,0.14482758620689656,0.36379310344827587,0.2413793103448276,0.35
801730.SI,2024-07-31,0.005030239790209112,-0.10591621118202088,0.014211960145548597,0.23548387096774193,0.768528607736846,range,0.6172413793103448,0.5275862068965518,0.5724137931034483,0.6206896551724138,0.35
801740.SI,2024-07-31,0.044584856481145296,0.023401799408630408,0.18197174867828725,0.373015873015873,0.768528607736846,range,0.9310344827586207,0.593103448275862,0.7620689655172413,0.896551724137931,0.35
801750.SI,2024-07-31,-0.0030056454410697375,-0.13391653607162812,-0.01904702797474056,0.1939799331103679,0.768528607736846,range,0.39655172413793105,0.15172413793103448,0.27413793103448275,0.06896551724137931,0.35
801760.SI,2024-07-31,-0.013588983648863961,-0.16893154408017674,-0.08203088353941124,0.07874015748031496,0.768528607736846,range,0.23793103448275862,0.4448275862068965,0.34137931034482755,0.1724137931034483,0.35
801770.SI,2024-07-31,-0.022692074888856495,-0.05583852559837077,0.19412523781106716,0.1794871794871795,0.768528607736846,range,0.7896551724137931,0.34827586206896555,0.5689655172413793,0.5517241379310345,0.35
801880.SI,2024-07-31,0.0024487807619886226,-0.06006668610799781,0.14595050739133608,0.2033898305084746,0.768528607736846,range,0.8137931034482758,0.9724137931034483,0.8931034482758621,1.0,0.35
801890.SI,2024-07-31,-0.023328161674026293,-0.11047261554515286,0.0346853453362328,0.19856459330143542,0.768528607736846,range,0.5206896551724138,0.7241379310344828,0.6224137931034484,0.7586206896551724,0.35
801950.SI,2024-07-31,-0.10859997239174202,-0.10471418576232716,-0.06434656027604058,0.17647058823529413,0.768528607736846,retreat,0.40344827586206894,0.5172413793103449,0.4603448275862069,0.4482758620689655,0.35
801960.SI,2024-07-31,-0.05575386707462171,-0.08706941887983177,0.03139679533596973,0.13953488372093023,0.768528607736846,range,0.5551724137931034,0.22758620689655173,0.3913793103448276,0.3793103448275862,0.35
801970.SI,2024-07-31,0.019011297609043964,-0.08621333711179535,-0.02007776941299977,0.2127659574468085,0.768528607736846,range,0.6724137931034483,0.5551724137931034,0.6137931034482759,0.7241379310344828,0.35
801980.SI,2024-07-31,-0.025434954764704476,-0.145153651364328,-0.03580323416217335,0.14285714285714285,0.768528607736846,range,0.2827586206896552,0.05172413793103448,0.16724137931034483,0.034482758620689655,0.35
801010.SI,2024-08-31,-0.08359110593544161,-0.18673589854921646,-0.13568203313298954,0.05952380952380952,0.7536500969111328,retreat,0.20344827586206898,0.7758620689655171,0.4896551724137931,0.4482758620689655,0.35
801030.SI,2024-08-31,-0.04034405497252036,-0.15562053768047768,-0.11004938801803732,0.09556313993174062,0.7536500969111328,range,0.44482758620689655,0.6827586206896552,0.5637931034482759,0.6206896551724138,0.35
801040.SI,2024-08-31,-0.06956788231688626,-0.15372415582917598,-0.15549374130737126,0.029411764705882353,0.7536500969111328,range,0.3310344827586207,0.39655172413793105,0.36379310344827587,0.3103448275862069,0.35
801050.SI,2024-08-31,-0.03963558806782541,-0.14184941488948866,-0.01418852485406552,0.07936507936507936,0.7536500969111328,range,0.596551724137931,0.8137931034482758,0.7051724137931035,0.8620689655172413,0.35
801080.SI,2024-08-31,-0.05279259263567471,-0.011522925979539855,-0.016913957334814267,0.27710843373493976,0.7536500969111328,range,0.8551724137931035,0.506896551724138,0.6810344827586208,0.7931034482758621,0.35
801110.SI,2024-08-31,-0.019270196149324126,-0.09461286387199519,-0.034716858296735986,0.1038961038961039,0.7536500969111328,range,0.806896551724138,0.7517241379310344,0.7793103448275862,0.9310344827586207,0.35
801120.SI,2024-08-31,-0.02447392171396845,-0.16301235064616437,-0.17477752125091828,0.11764705882352941,0.7536500969111328,range,0.37586206896551727,0.6862068965517241,0.5310344827586206,0.5172413793103449,0.35
801130.SI,2024-08-31,-0.027064756909421006,-0.18910612082938216,-0.1742899993836503,0.05194805194805195,0.7536500969111328,range,0.26896551724137935,0.5862068965517242,0.4275862068965518,0.3793103448275862,0.35
801140.SI,2024-08-31,-0.03383130674399992,-0.1817334101065483,-0.1776225495216831,0.07758620689655173,0.7536500969111328,range,0.26896551724137935,0.39655172413793105,0.3327586206896552,0.20689655172413793,0.35
801150.SI,2024-08-31,-0.032806603915075505,-0.11468869779139623,-0.1496719374676948,0.1262135922330097,0.7536500969111328,range,0.5896551724137931,0.5655172413793104,0.5775862068965517,0.6551724137931034,0.35
801160.SI,2024-08-31,-0.04675489703457936,-0.047905433430112,0.030240741073191746,0.12727272727272726,0.7536500969111328,range,0.8724137931034484,0.39999999999999997,0.6362068965517241,0.6896551724137931,0.35
801170.SI,2024-08-31,-0.04824271437050909,-0.0853159696134902,-0.031163727464754154,0.2072072072072072,0.7536500969111328,range,0.7379310344827585,0.5413793103448277,0.6396551724137931,0.7241379310344828,0.35
801180.SI,2024-08-31,-0.04491199901880438,-0.15481652507671506,-0.17364712011074823,0.06,0.7536500969111328,range,0.3724137931034483,0.10344827586206898,0.23793103448275865,0.06896551724137931,0.35
801200.SI,2024-08-31,-0.03638858960545899,-0.11310620012277472,-0.18002423025288972,0.12048192771084337,0.7536500969111328,range,0.5172413793103449,0.0896551724137931,0.30344827586206896,0.13793103448275862,0.35
801210.SI,2024-08-31,-0.02850932595554856,-0.13800309999535276,-0.17482617217655727,0.14925373134328357,0.7536500969111328,range,0.43103448275862066,0.18620689655172415,0.3086206896551724,0.1724137931034483,0.35
801230.SI,2024-08-31,-0.02459405314213403,-0.10619045778662384,-0.1778609231206757,0.058823529411764705,0.7536500969111328,range,0.5793103448275863,0.1103448275862069,0.3448275862068966,0.2413793103448276,0.35
801710.SI,2024-08-31,-0.07133185125303154,-0.17071079868975536,-0.17377320366179005,0.13559322033898305,0.7536500969111328,range,0.21724137931034482,0.36206896551724144,0.2896551724137931,0.10344827586206896,0.35
801720.SI,2024-08-31,-0.06244549918358511,-0.12108477031201137,-0.13177391294922314,0.12030075187969924,0.7536500969111328,range,0.506896551724138,0.5758620689655173,0.5413793103448277,0.5862068965517241,0.35
801730.SI,2024-08-31,-0.037513212786049244,-0.13449156433356924,-0.11433357270023148,0.10725552050473186,0.7536500969111328,range,0.5344827586206897,0.47586206896551725,0.5051724137931035,0.4827586206896552,0.35
801740.SI,2024-08-31,-0.0890487152944085,-0.08452246013384457,-0.04603996440417435,0.10655737704918032,0.7536500969111328,retreat,0.6586206896551724,0.4137931034482758,0.5362068965517242,0.5517241379310345,0.35
801750.SI,2024-08-31,-0.06954703480040614,-0.1336547779293038,-0.22503642538526591,0.17973856209150327,0.7536500969111328,range,0.30344827586206896,0.4793103448275862,0.3913793103448276,0.3448275862068966,0.35
801760.SI,2024-08-31,-0.016474195196729657,-0.11369999263243202,-0.2137161345141998,0.15503875968992248,0.7536500969111328,range,0.5448275862068965,0.17586206896551726,0.3603448275862069,0.27586206896551724,0.35
801770.SI,2024-08-31,-0.062015470764867464,-0.05651865695688607,-0.06288406390823442,0.17796610169491525,0.7536500969111328,range,0.7379310344827587,1.0,0.8689655172413793,1.0,0.35
801880.SI,2024-08-31,-0.05688525386792054,-0.08098558843723858,-0.048943219984394104,0.11946902654867257,0.7536500969111328,range,0.7275862068965517,0.8413793103448276,0.7844827586206897,0.9655172413793104,0.35
801890.SI,2024-08-31,-0.04510684056601455,-0.13152747317882751,-0.12529289733295512,0.12412177985948478,0.7536500969111328,range,0.5310344827586208,0.796551724137931,0.6637931034482758,0.7586206896551724,0.35
801950.SI,2024-08-31,-0.009399579359820165,-0.16591009021302405,-0.13834982629915393,0.0625,0.7536500969111328,range,0.44137931034482764,0.9482758620689655,0.6948275862068966,0.8275862068965517,0.35
801960.SI,2024-08-31,-0.0009720972097209124,-0.07571366709969674,-0.02428046486277391,0.13953488372093023,0.7536500969111328,range,0.9172413793103448,0.5620689655172414,0.7396551724137931,0.896551724137931,0.35
801970.SI,2024-08-31,-0.05854243022272343,-0.13062664340944008,-0.08795815808160812,0.0989010989010989,0.7536500969111328,range,0.5448275862068965,0.4,0.4724137931034483,0.41379310344827586,0.35
801980.SI,2024-08-31,-0.08126595930669211,-0.1845435968046859,-0.22584473654179338,0.08,0.7536500969111328,retreat,0.08275862068965517,0.3758620689655172,0.2293103448275862,0.034482758620689655,0.35
801010.SI,2024-09-30,0.19483934732922092,0.09198540234288366,0.006126763441539396,0.9175257731958762,1.0543457815979358,range,0.17931034482758623,0.496551724137931,0.33793103448275863,0.1724137931034483,1.0
801030.SI,2024-09-30,0.20535720621944042,0.11921204014259468,0.04818165548650666,0.9289473684210526,1.0543457815979358,range,0.4241379310344828,0.5999999999999999,0.5120689655172413,0.5172413793103449,1.0
801040.SI,2024-09-30,0.21865203761755492,0.14316307613629098,0.027754496036782594,0.8888888888888888,1.0543457815979358,range,0.47586206896551725,0.8448275862068966,0.6603448275862069,0.8620689655172413,1.0
801050.SI,2024-09-30,0.19600148725781819,0.10751915207433305,0.04807025500241058,0.9153846153846154,1.0543457815979358,range,0.3517241379310345,0.6068965517241379,0.4793103448275862,0.3448275862068966,1.0
801080.SI,2024-09-30,0.1911641901019281,0.14100776971985485,0.15865483681191184,0.8306264501160093,1.0543457815979358,range,0.5724137931034483,0.8724137931034482,0.7224137931034482,0.9310344827586207,1.0
801110.SI,2024-09-30,0.21905641019778854,0.1684731843743752,0.14961818277368955,0.9130434782608695,1.0543457815979358,advance,0.7103448275862069,0.5275862068965517,0.6189655172413793,0.6551724137931034,1.0
801120.SI,2024-09-30,0.2464518229373649,0.18261275598664573,0.012766616983408197,0.9583333333333334,1.0543457815979358,advance,0.596551724137931,0.7,0.6482758620689655,0.7931034482758621,1.0
801130.SI,2024-09-30,0.1973857726982442,0.09698645958390961,-0.05833164832727822,0.8415841584158416,1.0543457815979358,range,0.18275862068965518,0.16206896551724137,0.1724137931034483,0.034482758620689655,1.0
801140.SI,2024-09-30,0.22895182583569973,0.14062617400401112,-0.027286259278609615,0.912751677852349,1.0543457815979358,range,0.3689655172413793,0.28620689655172415,0.3275862068965517,0.13793103448275862,1.0
801150.SI,2024-09-30,0.21342974373606327,0.17623742433557354,0.055731843876903886,0.9045553145336226,1.0543457815979358,advance,0.6413793103448276,0.6137931034482759,0.6275862068965518,0.6896551724137931,1.0
801160.SI,2024-09-30,0.08917447179263771,0.02951591916064089,0.08350559694215831,0.7421875,1.0543457815979358,range,0.2827586206896552,0.9758620689655173,0.6293103448275863,0.7241379310344828,1.0
801170.SI,2024-09-30,0.16351799458489258,0.11290228714427064,0.11602527003827467,0.9173553719008265,1.0543457815979358,range,0.4241379310344827,0.8551724137931035,0.6396551724137931,0.7586206896551724,1.0
801180.SI,2024-09-30,0.36217654990456283,0.33049784487673595,0.1698616402646882,0.9901960784313726,1.0543457815979358,advance,1.0,0.13793103448275862,0.5689655172413793,0.5517241379310345,1.0
801200.SI,2024-09-30,0.26013949711821316,0.27497205500114474,0.02945238250581772,0.9595959595959596,1.0543457815979358,advance,0.7482758620689656,0.22758620689655173,0.48793103448275865,0.43103448275862066,1.0
801210.SI,2024-09-30,0.2716614154624839,0.254302234831719,0.027918840282495472,0.9571428571428572,1.0543457815979358,advance,0.7413793103448276,0.23448275862068965,0.48793103448275865,0.43103448275862066,1.0
801230.SI,2024-09-30,0.25160662648974386,0.312033270252813,-0.02463207729956951,1.0,1.0543457815979358,advance,0.6655172413793103,0.3137931034482759,0.4896551724137931,0.4827586206896552,1.0
801710.SI,2024-09-30,0.22900730133513236,0.12164651555401074,0.032634682635825474,0.9428571428571428,1.0543457815979358,range,0.4482758620689656,0.3793103448275862,0.4137931034482759,0.27586206896551724,1.0
801720.SI,2024-09-30,0.18570028527019522,0.0963999376612581,0.018280457601132172,0.8766233766233766,1.0543457815979358,range,0.20344827586206898,0.3448275862068966,0.2741379310344828,0.10344827586206896,1.0
801730.SI,2024-09-30,0.27113808661217553,0.2296078781346751,0.08539541338051859,0.8709677419354839,1.0543457815979358,advance,0.7965517241379311,0.5551724137931034,0.6758620689655173,0.896551724137931,1.0
801740.SI,2024-09-30,0.19651625268192574,0.13856408518330232,0.0932025444937743,0.8796992481203008,1.0543457815979358,range,0.4896551724137931,0.9793103448275862,0.7344827586206897,0.9655172413793104,1.0
801750.SI,2024-09-30,0.3493159533814749,0.2517015170151702,0.05070077251764493,0.9598765432098766,1.0543457815979358,advance,0.8206896551724138,0.04827586206896552,0.43448275862068964,0.3103448275862069,1.0
801760.SI,2024-09-30,0.2684802261061119,0.2306296497913265,-0.017386264850767774,0.9534883720930233,1.0543457815979358,advance,0.6206896551724138,0.3448275862068966,0.4827586206896552,0.3793103448275862,1.0
801770.SI,2024-09-30,0.2459881602914391,0.14219699025276022,0.12005812763518775,0.8925619834710744,1.0543457815979358,range,0.6655172413793103,0.6517241379310346,0.6586206896551725,0.8275862068965517,1.0
801880.SI,2024-09-30,0.22464061069428398,0.1578049031822908,0.11334093623829156,0.8910505836575876,1.0543457815979358,advance,0.6758620689655173,0.8689655172413793,0.7724137931034483,1.0,1.0
801890.SI,2024-09-30,0.22109609609609593,0.13881529219875088,0.03090585633926568,0.8764940239043825,1.0543457815979358,range,0.45172413793103444,0.6965517241379311,0.5741379310344827,0.5862068965517241,1.0
801950.SI,2024-09-30,0.14654150700569324,0.012420505873175225,0.026130754639014153,0.6944444444444444,1.0543457815979358,range,0.1310344827586207,0.3448275862068966,0.23793103448275865,0.06896551724137931,1.0
801960.SI,2024-09-30,0.08130315698428725,0.0200237973822881,-0.004731043690628711,0.8085106382978723,1.0543457815979358,range,0.09310344827586206,0.6379310344827587,0.36551724137931035,0.20689655172413793,1.0
801970.SI,2024-09-30,0.2040142542710408,0.15507817830543047,0.04647909319243637,0.890625,1.0543457815979358,advance,0.5344827586206896,0.6379310344827587,0.5862068965517242,0.6206896551724138,1.0
801980.SI,2024-09-30,0.32021023403411353,0.18207146456768486,0.034884038514465976,0.9333333333333333,1.0543457815979358,advance,0.7034482758620689,0.05517241379310345,0.3793103448275862,0.2413793103448276,1.0
801010.SI,2024-10-31,-0.02293239191125418,0.06985132080659584,-0.00946783220710179,0.8631578947368421,2.126336620569263,range,0.22068965517241382,0.3620689655172414,0.2913793103448276,0.20689655172413793,1.0
801030.SI,2024-10-31,-0.010214865425771547,0.1449123858428054,-0.007289636846767089,0.9256198347107438,2.126336620569263,range,0.34827586206896555,0.24482758620689657,0.29655172413793107,0.2413793103448276,1.0
801040.SI,2024-10-31,-0.005270515867468184,0.12789690046181335,0.0030873769983366106,0.8888888888888888,2.126336620569263,range,0.3586206896551724,0.596551724137931,0.47758620689655173,0.41379310344827586,1.0
801050.SI,2024-10-31,-0.035730339910852615,0.10755749428193684,-0.013103271840757102,0.8914728682170543,2.126336620569263,range,0.23793103448275865,0.593103448275862,0.41551724137931034,0.3103448275862069,1.0
801080.SI,2024-10-31,0.1464949766228678,0.29356682971088244,0.3331095620276079,0.9674418604651163,2.126336620569263,advance,0.9310344827586208,0.5448275862068965,0.7379310344827587,0.8275862068965517,1.0
801110.SI,2024-10-31,-0.013522953974836605,0.17939738420855678,0.04522664865019266,0.8777777777777778,2.126336620569263,range,0.4517241379310345,0.5482758620689655,0.5,0.4482758620689655,1.0
801120.SI,2024-10-31,-0.09442301354992533,0.10113294855055166,-0.08995193971317617,0.8632478632478633,2.126336620569263,range,0.12068965517241378,0.30344827586206896,0.21206896551724136,0.13793103448275862,1.0
801130.SI,2024-10-31,-0.013576227748147263,0.14916280008069394,-0.05764255133303786,0.8645833333333334,2.126336620569263,range,0.30000000000000004,0.08620689655172414,0.1931034482758621,0.10344827586206896,1.0
801140.SI,2024-10-31,0.018454522422092667,0.2092872141365889,0.00014430517060359804,0.916083916083916,2.126336620569263,advance,0.5172413793103449,0.32413793103448274,0.4206896551724138,0.3448275862068966,1.0
801150.SI,2024-10-31,-0.04320917447371886,0.12291003005597245,-0.01565186981010036,0.8681318681318682,2.126336620569263,range,0.22413793103448276,0.13793103448275862,0.1810344827586207,0.06896551724137931,1.0
801160.SI,2024-10-31,-0.04161267098632104,-0.0049541337740700575,0.02510395810873245,0.8031496062992126,2.126336620569263,range,0.18275862068965518,0.896551724137931,0.5396551724137931,0.5172413793103449,1.0
801170.SI,2024-10-31,-0.03931565828234773,0.06384909011065365,0.04660624676576286,0.7666666666666667,2.126336620569263,range,0.2620689655172414,0.8448275862068966,0.553448275862069,0.5517241379310345,1.0
801180.SI,2024-10-31,0.030565982756551868,0.3407647750776315,0.2593180223485918,0.9902912621359223,2.126336620569263,advance,0.8655172413793103,0.6068965517241379,0.7362068965517241,0.7931034482758621,1.0
801200.SI,2024-10-31,0.0401920344774771,0.26308937458314086,0.10869614167820663,0.979381443298969,2.126336620569263,advance,0.7206896551724138,0.33448275862068966,0.5275862068965518,0.4827586206896552,1.0
801210.SI,2024-10-31,0.035993775343777346,0.2798741750827225,0.08997525759130154,0.9859154929577465,2.126336620569263,advance,0.7068965517241379,0.6068965517241379,0.6568965517241379,0.7241379310344828,1.0
801230.SI,2024-10-31,0.10720485736247976,0.3517028679881906,0.18092127989830065,1.0,2.126336620569263,advance,0.9275862068965517,0.20689655172413793,0.5672413793103448,0.6206896551724138,1.0
801710.SI,2024-10-31,0.04711280512098592,0.19511166127728363,0.07046074753243681,0.9857142857142858,2.126336620569263,advance,0.5758620689655173,0.3758620689655172,0.47586206896551725,0.3793103448275862,1.0
801720.SI,2024-10-31,0.06523364289173883,0.184176181753273,0.10857321309212042,0.961038961038961,2.126336620569263,advance,0.6310344827586207,0.5999999999999999,0.6155172413793103,0.6551724137931034,1.0
801730.SI,2024-10-31,0.04343141236881731,0.27658993147281374,0.14137836269809756,0.9376854599406528,2.126336620569263,advance,0.7655172413793104,0.8,0.7827586206896553,0.9310344827586207,1.0
801740.SI,2024-10-31,0.10211067955660136,0.2012653925188881,0.22937716427114463,0.924812030075188,2.126336620569263,advance,0.7413793103448276,0.6517241379310346,0.6965517241379311,0.7586206896551724,1.0
801750.SI,2024-10-31,0.14462667274747587,0.4370502060945789,0.24460542033337362,0.9781931464174455,2.126336620569263,advance,0.9724137931034483,0.15172413793103448,0.5620689655172414,0.5862068965517241,1.0
801760.SI,2024-10-31,0.05155804580752976,0.3119059785385796,0.09028367589604214,0.9453125,2.126336620569263,advance,0.7862068965517242,0.7862068965517242,0.7862068965517242,0.9655172413793104,1.0
801770.SI,2024-10-31,0.06280631096524725,0.2421204601078939,0.1727622849998991,0.9669421487603306,2.126336620569263,advance,0.7689655172413794,0.9482758620689655,0.8586206896551725,1.0,1.0
801880.SI,2024-10-31,0.014531661383161643,0.1717603477857812,0.10137658678153438,0.8893280632411067,2.126336620569263,advance,0.5172413793103449,0.9655172413793103,0.7413793103448276,0.8620689655172413,1.0
801890.SI,2024-10-31,0.04544057233882004,0.21900075761895832,0.08433455557326908,0.937246963562753,2.126336620569263,advance,0.6310344827586207,0.8620689655172413,0.746551724137931,0.896551724137931,1.0
801950.SI,2024-10-31,-0.08037860291086651,0.04447333544613796,-0.06489783942556637,0.7777777777777778,2.126336620569263,range,0.09655172413793103,0.6827586206896552,0.3896551724137931,0.27586206896551724,1.0
801960.SI,2024-10-31,-0.07084888681509127,0.0037173717371739023,-0.08367571653957395,0.7446808510638298,2.126336620569263,range,0.07586206896551724,0.403448275862069,0.2396551724137931,0.1724137931034483,1.0
801970.SI,2024-10-31,0.08779107725788915,0.23304200733013825,0.1267373410791801,0.9083333333333333,2.126336620569263,advance,0.7448275862068966,0.5,0.6224137931034484,0.6896551724137931,1.0
801980.SI,2024-10-31,-0.044230289028606595,0.1592741885839093,-0.008998692821463816,0.8620689655172413,2.126336620569263,range,0.3172413793103448,0.034482758620689655,0.17586206896551723,0.034482758620689655,1.0
801010.SI,2024-11-30,-0.0026343041581944338,0.164363434199031,-0.053065017923976554,1.0,1.7351633567123603,range,0.21724137931034482,0.10344827586206896,0.16034482758620688,0.034482758620689655,1.0
801030.SI,2024-11-30,0.01716676927469507,0.21352536671563294,0.024675896658447494,0.9864864864864865,1.7351633567123603,advance,0.38965517241379316,0.7137931034482758,0.5517241379310345,0.5517241379310345,1.0
801040.SI,2024-11-30,0.004178788432439129,0.21729476171005402,0.03016715207089815,1.0,1.7351633567123603,advance,0.3758620689655172,0.6517241379310346,0.5137931034482759,0.4482758620689655,1.0
801050.SI,2024-11-30,-0.003914555086961147,0.14875341667336617,-0.014196583334051827,0.9384615384615385,1.7351633567123603,range,0.21724137931034487,0.6068965517241379,0.41206896551724137,0.3793103448275862,1.0
801080.SI,2024-11-30,-0.00843030052335303,0.3541508043718531,0.33854702488794186,0.9743589743589743,1.7351633567123603,range,0.7413793103448276,0.5620689655172413,0.6517241379310345,0.6551724137931034,1.0
801110.SI,2024-11-30,-0.024090873984826566,0.17360017604074063,0.06256250234484861,0.967741935483871,1.7351633567123603,range,0.30344827586206896,0.15517241379310345,0.22931034482758622,0.10344827586206896,1.0
801120.SI,2024-11-30,0.02412055376046074,0.15598435565638646,-0.032455371469352734,0.9836065573770492,1.7351633567123603,advance,0.29655172413793107,0.40689655172413797,0.3517241379310345,0.27586206896551724,1.0
801130.SI,2024-11-30,0.0690049856049435,0.26263363495367864,0.023861886218886186,0.9897959183673469,1.7351633567123603,advance,0.5275862068965518,0.11724137931034483,0.3224137931034483,0.20689655172413793,1.0
801140.SI,2024-11-30,0.06325127368253458,0.3307988342549695,0.0889482239399948,0.9862068965517241,1.7351633567123603,advance,0.6896551724137931,0.1793103448275862,0.4344827586206897,0.41379310344827586,1.0
801150.SI,2024-11-30,0.02147569075753264,0.1859316898285268,0.0499187286525431,0.9515418502202643,1.7351633567123603,advance,0.42758620689655175,0.25862068965517243,0.3431034482758621,0.2413793103448276,1.0
801160.SI,2024-11-30,-0.022302350427350404,0.020570681768677712,-0.028320199087515596,0.8671875,1.7351633567123603,range,0.09655172413793103,0.6241379310344828,0.3603448275862069,0.3275862068965517,1.0
801170.SI,2024-11-30,0.02119262975496028,0.14146207903623265,0.04407713498622612,0.9166666666666666,1.7351633567123603,range,0.32413793103448274,0.7172413793103448,0.5206896551724138,0.5172413793103449,1.0
801180.SI,2024-11-30,-0.005413788945392239,0.3962128685419426,0.18005604396688657,1.0,1.7351633567123603,range,0.7310344827586207,0.5862068965517241,0.6586206896551724,0.6896551724137931,1.0
801200.SI,2024-11-30,0.13594751994150833,0.48898531819452407,0.3205718468149408,1.0,1.7351633567123603,advance,0.9344827586206896,0.4413793103448276,0.6879310344827586,0.7586206896551724,1.0
801210.SI,2024-11-30,0.013812560330654033,0.3356304378505317,0.15130929697900797,0.9726027397260274,1.7351633567123603,advance,0.7034482758620689,0.7034482758620689,0.7034482758620689,0.7931034482758621,1.0
801230.SI,2024-11-30,0.08574013908444522,0.5046023295408479,0.3448279193800845,0.95,1.7351633567123603,advance,0.9655172413793104,0.596551724137931,0.7810344827586206,0.9310344827586207,1.0
801710.SI,2024-11-30,-0.024619878961597785,0.25522573203773624,0.040945144785641485,0.9852941176470589,1.7351633567123603,range,0.3689655172413793,0.13793103448275862,0.253448275862069,0.13793103448275862,1.0
801720.SI,2024-11-30,0.010531830245281482,0.27635003963819993,0.12180348825088183,0.9869281045751634,1.7351633567123603,advance,0.5448275862068965,0.6655172413793103,0.6051724137931034,0.5862068965517241,1.0
801730.SI,2024-11-30,0.012136493753176936,0.34244259180078007,0.16189538760148214,0.9732142857142857,1.7351633567123603,advance,0.7241379310344828,1.0,0.8620689655172413,1.0,1.0
801740.SI,2024-11-30,-0.02578794718937094,0.2846869461240342,0.17610204493579507,0.9770992366412213,1.7351633567123603,range,0.5275862068965517,0.5051724137931035,0.5163793103448275,0.4827586206896552,1.0
801750.SI,2024-11-30,0.04393584516901616,0.6123203187684441,0.39682600461254336,0.9938080495356038,1.7351633567123603,advance,0.9655172413793103,0.3931034482758621,0.6793103448275861,0.7241379310344828,1.0
801760.SI,2024-11-30,0.06651086702500564,0.42259814210602875,0.26084874382966183,0.96875,1.7351633567123603,advance,0.8862068965517241,0.6241379310344828,0.7551724137931035,0.896551724137931,1.0
801770.SI,2024-11-30,-0.019085019463281117,0.2989708561020037,0.22555476788898177,0.991869918699187,1.7351633567123603,range,0.5931034482758621,0.8155172413793104,0.7043103448275863,0.8275862068965517,1.0
801880.SI,2024-11-30,0.006936856897219901,0.25105527877195266,0.14973783085309234,0.98828125,1.7351633567123603,advance,0.49310344827586206,0.9655172413793103,0.7293103448275862,0.8620689655172413,1.0
801890.SI,2024-11-30,0.03427651100002693,0.32034022659022665,0.1466792128504535,0.9878296146044625,1.7351633567123603,advance,0.6793103448275862,0.9275862068965517,0.8034482758620689,0.9655172413793104,1.0
801950.SI,2024-11-30,-0.011309525861920355,0.04245951821771099,-0.1304950344932151,0.8333333333333334,1.7351633567123603,range,0.10344827586206895,0.24137931034482757,0.17241379310344826,0.06896551724137931,1.0
801960.SI,2024-11-30,0.02193466232636543,0.026731656335591714,-0.051005962492921664,0.8478260869565217,1.7351633567123603,range,0.21034482758620693,0.5103448275862068,0.3603448275862069,0.3275862068965517,1.0
801970.SI,2024-11-30,0.007956831900493677,0.320137152439846,0.14769206737653273,0.9916666666666667,1.7351633567123603,advance,0.6103448275862069,0.6172413793103448,0.6137931034482759,0.6206896551724138,1.0
801980.SI,2024-11-30,-0.008360344439393819,0.25126772945098996,0.02035428209247181,0.9,1.7351633567123603,range,0.3517241379310345,0.1724137931034483,0.2620689655172414,0.1724137931034483,1.0
801010.SI,2024-12-31,-0.04094524591779114,-0.06540716997296858,0.020561727523842332,0.46236559139784944,1.2660443074606986,range,0.25517241379310346,0.17586206896551726,0.21551724137931036,0.034482758620689655,1.0
801030.SI,2024-12-31,-0.04080373563974593,-0.03430369648602749,0.0808189300140354,0.4897360703812317,1.2660443074606986,range,0.33448275862068966,0.3793103448275862,0.3568965517241379,0.3103448275862069,1.0
801040.SI,2024-12-31,-0.019220810726332194,-0.02031315531944644,0.11994182701527834,0.3333333333333333,1.2660443074606986,range,0.4482758620689655,0.7413793103448276,0.5948275862068966,0.6551724137931034,1.0
801050.SI,2024-12-31,-0.05567960390063409,-0.09298500628064177,0.004536476762770247,0.3779527559055118,1.2660443074606986,range,0.11724137931034483,0.44482758620689655,0.2810344827586207,0.22413793103448276,1.0
801080.SI,2024-12-31,0.004876732702449038,0.1423736938961715,0.30345726065910283,0.7319347319347319,1.2660443074606986,range,0.8931034482758621,0.9137931034482758,0.903448275862069,1.0,1.0
801110.SI,2024-12-31,0.02791448017240339,-0.010414444488725194,0.15630418525914425,0.5444444444444444,1.2660443074606986,range,0.5896551724137932,0.8448275862068966,0.7172413793103449,0.7931034482758621,1.0
801120.SI,2024-12-31,-0.012207189442181021,-0.08390118685552161,0.08339014216888696,0.525,1.2660443074606986,range,0.27241379310344827,0.24137931034482762,0.25689655172413794,0.13793103448275862,1.0
801130.SI,2024-12-31,-0.01795884049212737,0.03555447807716283,0.13598924061213014,0.6086956521739131,1.2660443074606986,range,0.5758620689655172,0.14482758620689656,0.3603448275862069,0.3448275862068966,1.0
801140.SI,2024-12-31,-0.051112514915420904,0.027524702305548487,0.1720215698853882,0.6119402985074627,1.2660443074606986,range,0.5206896551724138,0.31034482758620685,0.41551724137931034,0.41379310344827586,1.0
801150.SI,2024-12-31,-0.055643016477812,-0.07704349670742805,0.08561598020662209,0.2624113475177305,1.2660443074606986,range,0.22758620689655173,0.27586206896551724,0.2517241379310345,0.10344827586206896,1.0
801160.SI,2024-12-31,0.022431191094112846,-0.04196864250859922,-0.013691466407523945,0.4094488188976378,1.2660443074606986,range,0.35517241379310344,0.4689655172413793,0.41206896551724137,0.3793103448275862,1.0
801170.SI,2024-12-31,0.001630198200118782,-0.017356934930014667,0.09358571456284293,0.525,1.2660443074606986,range,0.4896551724137931,0.8310344827586207,0.6603448275862069,0.7586206896551724,1.0
801180.SI,2024-12-31,-0.09810405735905847,-0.07556863955023052,0.2299539328148874,0.34,1.2660443074606986,retreat,0.33793103448275863,0.6758620689655173,0.506896551724138,0.4482758620689655,1.0
801200.SI,2024-12-31,0.0007241000151971821,0.1824591609846784,0.507602386435565,0.8125,1.2660443074606986,advance,0.9344827586206897,0.6000000000000001,0.767241379310345,0.896551724137931,1.0
801210.SI,2024-12-31,-0.05160664550274596,-0.0038991386232936076,0.24941153654260306,0.4246575342465753,1.2660443074606986,range,0.5793103448275863,0.6379310344827587,0.6086206896551725,0.6896551724137931,1.0
801230.SI,2024-12-31,-0.018238053841235113,0.18021212095039862,0.54847756864256,0.6875,1.2660443074606986,range,0.9068965517241379,0.38275862068965516,0.6448275862068965,0.7241379310344828,1.0
801710.SI,2024-12-31,-0.04839779292887714,-0.02809724915225742,0.09013133394572836,0.5454545454545454,1.2660443074606986,range,0.36896551724137927,0.1724137931034483,0.2706896551724138,0.1724137931034483,1.0
801720.SI,2024-12-31,-0.02601359612657117,0.04845010213321532,0.14952062661979704,0.6122448979591837,1.2660443074606986,range,0.6275862068965516,0.46896551724137925,0.5482758620689654,0.5517241379310345,1.0
801730.SI,2024-12-31,-0.059973329914769336,-0.0072425233403540235,0.22070241437780158,0.47706422018348627,1.2660443074606986,range,0.503448275862069,0.6448275862068966,0.5741379310344827,0.6206896551724138,1.0
801740.SI,2024-12-31,-0.026477169959535085,0.045261247980041386,0.19009691658395256,0.6875,1.2660443074606986,range,0.6344827586206897,0.8793103448275862,0.756896551724138,0.8620689655172413,1.0
801750.SI,2024-12-31,-0.07065273545815898,0.11049267153299391,0.39000536159207755,0.6435331230283912,1.2660443074606986,range,0.7413793103448276,0.33793103448275863,0.5396551724137931,0.5172413793103449,1.0
801760.SI,2024-12-31,-0.058389575481345046,0.05601428618237825,0.2995624911792578,0.6220472440944882,1.2660443074606986,range,0.6896551724137931,0.4241379310344827,0.556896551724138,0.5862068965517241,1.0
801770.SI,2024-12-31,0.04391524746366393,0.08830527119827192,0.24305900523888035,0.7377049180327869,1.2660443074606986,range,0.8689655172413794,0.8862068965517241,0.8775862068965518,0.9655172413793104,1.0
801880.SI,2024-12-31,0.017000110884062947,0.038936114091342455,0.20288532698811212,0.5685483870967742,1.2660443074606986,range,0.6931034482758621,0.9655172413793103,0.8293103448275863,0.9310344827586207,1.0
801890.SI,2024-12-31,-0.019229153878460914,0.0604826314171536,0.20769383776902584,0.6440677966101694,1.2660443074606986,range,0.7310344827586206,0.7068965517241379,0.7189655172413792,0.8275862068965517,1.0
801950.SI,2024-12-31,0.013078004191936277,-0.07888828994514374,-0.06744761654055698,0.2222222222222222,1.2660443074606986,range,0.24482758620689654,0.1896551724137931,0.21724137931034482,0.06896551724137931,1.0
801960.SI,2024-12-31,0.015979431198940075,-0.03529529396080533,-0.015978242393336672,0.34782608695652173,1.2660443074606986,range,0.3482758620689655,0.3413793103448276,0.3448275862068966,0.27586206896551724,1.0
801970.SI,2024-12-31,-0.04985368841302962,0.04178454842219814,0.2033425983782582,0.49056603773584906,1.2660443074606986,range,0.6103448275862069,0.4517241379310345,0.5310344827586206,0.4827586206896552,1.0
801980.SI,2024-12-31,-0.06641848270780404,-0.11517090590177059,0.04593122315279197,0.5357142857142857,1.2660443074606986,range,0.1,0.46206896551724136,0.2810344827586207,0.22413793103448276,1.0
801010.SI,2025-01-31,-0.02983989505460638,-0.07201439229588869,-0.007193371908245094,0.30434782608695654,0.8850714887866951,range,0.2655172413793104,0.14827586206896554,0.20689655172413796,0.06896551724137931,0.35
801030.SI,2025-01-31,-0.005651611959225478,-0.029851500902653205,0.11073503272336005,0.4174174174174174,0.8850714887866951,range,0.5758620689655173,0.6586206896551724,0.6172413793103448,0.5862068965517241,0.35
801040.SI,2025-01-31,-0.011896437728022846,-0.026838877723590948,0.09762541346550146,0.29545454545454547,0.8850714887866951,range,0.5551724137931034,0.7137931034482758,0.6344827586206896,0.6551724137931034,0.35
801050.SI,2025-01-31,0.044675879286427245,-0.017353002683768604,0.08833804611123419,0.4126984126984127,0.8850714887866951,range,0.6310344827586207,0.30689655172413793,0.46896551724137936,0.5172413793103449,0.35
801080.SI,2025-01-31,-0.0026600485080940928,-0.006245166627699916,0.2854882893152726,0.3855140186915888,0.8850714887866951,range,0.7827586206896552,0.7620689655172415,0.7724137931034483,0.8620689655172413,0.35
801110.SI,2025-01-31,-0.006752683128478654,-0.0036228396932052043,0.17512461655098366,0.5113636363636364,0.8850714887866951,range,0.7344827586206896,0.506896551724138,0.6206896551724137,0.6206896551724138,0.35
801120.SI,2025-01-31,-0.06840832727301072,-0.05758423801605228,0.037725046753899205,0.47863247863247865,0.8850714887866951,range,0.2896551724137931,0.39999999999999997,0.3448275862068966,0.27586206896551724,0.35
801130.SI,2025-01-31,-0.025972722955392102,0.022540551927533237,0.17506556384910232,0.5287356321839081,0.8850714887866951,range,0.7413793103448276,0.12758620689655173,0.4344827586206897,0.4827586206896552,0.35
801140.SI,2025-01-31,-0.026323835448905708,-0.01765244387836329,0.18794033945622024,0.4714285714285714,0.8850714887866951,range,0.6344827586206897,0.6758620689655173,0.6551724137931034,0.7241379310344828,0.35
801150.SI,2025-01-31,-0.037715080078257524,-0.07174368611486193,0.04234832532440658,0.22332506203473945,0.8850714887866951,range,0.303448275862069,0.5275862068965518,0.4155172413793104,0.4482758620689655,0.35
801160.SI,2025-01-31,-0.05176451924000203,-0.05211672008546997,-0.056812660656370806,0.2047244094488189,0.8850714887866951,range,0.2827586206896552,0.2206896551724138,0.2517241379310345,0.1724137931034483,0.35
801170.SI,2025-01-31,-0.042041216357048605,-0.02014479211082576,0.04241807135308351,0.453781512605042,0.8850714887866951,range,0.44482758620689655,0.36551724137931035,0.4051724137931034,0.3793103448275862,0.35
801180.SI,2025-01-31,-0.061224962800550675,-0.15790633562996614,0.12904952250338675,0.15306122448979592,0.8850714887866951,range,0.20689655172413796,0.2482758620689655,0.22758620689655173,0.13793103448275862,0.35
801200.SI,2025-01-31,-0.0761452154648753,0.05021045843890115,0.3265096711302653,0.6210526315789474,0.8850714887866951,range,0.7862068965517242,0.5172413793103448,0.6517241379310345,0.6896551724137931,0.35
801210.SI,2025-01-31,-0.026857525552516415,-0.06433023044203556,0.19753957446284076,0.2714285714285714,0.8850714887866951,range,0.5172413793103448,0.8344827586206897,0.6758620689655173,0.7758620689655172,0.35
801230.SI,2025-01-31,-0.027673190704617934,0.03644043667679453,0.40095951075495573,0.3333333333333333,0.8850714887866951,range,0.8862068965517242,0.4655172413793104,0.6758620689655173,0.7758620689655172,0.35
801710.SI,2025-01-31,-0.012712539911727272,-0.08362557152912964,0.09516976556184309,0.22727272727272727,0.8850714887866951,range,0.3206896551724138,0.32068965517241377,0.32068965517241377,0.20689655172413793,0.35
801720.SI,2025-01-31,-0.05923143745198367,-0.07405393918127501,0.09648327080980157,0.2328767123287671,0.8850714887866951,range,0.28620689655172415,0.15517241379310345,0.2206896551724138,0.10344827586206896,0.35
801730.SI,2025-01-31,-0.03668487812010557,-0.08346799004788785,0.17003553577740727,0.3159509202453988,0.8850714887866951,range,0.3517241379310345,0.7586206896551724,0.5551724137931034,0.5517241379310345,0.35
801740.SI,2025-01-31,-0.07277017589064128,-0.12059884629483142,0.05639417208720232,0.12,0.8850714887866951,range,0.1413793103448276,0.6793103448275862,0.41034482758620694,0.41379310344827586,0.35
801750.SI,2025-01-31,-0.021630071994354738,-0.05080611786667144,0.36403926394341335,0.2902208201892745,0.8850714887866951,range,0.6620689655172414,0.8724137931034482,0.7672413793103448,0.8275862068965517,0.35
801760.SI,2025-01-31,-0.0059264315745380935,-0.001713796058269046,0.30965763924374046,0.5196850393700787,0.8850714887866951,range,0.8310344827586207,0.8172413793103448,0.8241379310344827,0.9310344827586207,0.35
801770.SI,2025-01-31,-0.00848946037524212,0.015298964250835656,0.2611236166223161,0.4666666666666667,0.8850714887866951,range,0.8137931034482759,0.7862068965517242,0.8,0.896551724137931,0.35
801880.SI,2025-01-31,0.008353296304488111,0.03260912908870228,0.20997043222775047,0.5083333333333333,0.8850714887866951,range,0.8793103448275862,0.9793103448275862,0.9293103448275861,1.0,0.35
801890.SI,2025-01-31,0.00965814387076791,0.024185356465021846,0.24848272547310457,0.4847161572052402,0.8850714887866951,range,0.8793103448275863,0.9655172413793103,0.9224137931034483,0.9655172413793104,0.35
801950.SI,2025-01-31,-0.06634973200546657,-0.06483668424010669,-0.023246852401394347,0.16666666666666666,0.8850714887866951,range,0.2206896551724138,0.03793103448275863,0.12931034482758622,0.034482758620689655,0.35
801960.SI,2025-01-31,-0.04221799965451711,-0.005568857442630026,-0.0018721872187218436,0.3181818181818182,0.8850714887866951,range,0.4655172413793104,0.22758620689655173,0.34655172413793106,0.3103448275862069,0.35
801970.SI,2025-01-31,-0.04228117819093391,-0.08278649167733687,0.13096278545249507,0.21359223300970873,0.8850714887866951,range,0.32413793103448274,0.3413793103448276,0.33275862068965517,0.2413793103448276,0.35
801980.SI,2025-01-31,-0.03704256051393828,-0.10851667608338245,0.03347360696952317,0.4,0.8850714887866951,range,0.18620689655172412,0.5793103448275863,0.38275862068965516,0.3448275862068966,0.35
801010.SI,2025-02-28,0.002040467230340459,-0.06766481361481536,0.08557699944404717,0.1368421052631579,1.1687483515669739,range,0.15172413793103448,0.13793103448275862,0.14482758620689656,0.06896551724137931,0.35
801030.SI,2025-02-28,0.03319190420424656,-0.014567123680201632,0.19584779260962426,0.35833333333333334,1.1687483515669739,range,0.5724137931034483,0.4413793103448276,0.506896551724138,0.5172413793103449,0.35
801040.SI,2025-02-28,0.07098156260530497,0.03790045299532063,0.263430784607696,0.4772727272727273,1.1687483515669739,range,0.7827586206896552,0.7344827586206897,0.7586206896551724,0.7758620689655172,0.35
801050.SI,2025-02-28,-0.005333747145802259,-0.018753048053728794,0.12721078864860513,0.3875968992248062,1.1687483515669739,range,0.43448275862068964,0.19655172413793104,0.31551724137931036,0.27586206896551724,0.35
801080.SI,2025-02-28,0.08306375354601103,0.0854505139727122,0.4698636866019896,0.5069124423963134,1.1687483515669739,range,0.9241379310344828,0.6206896551724138,0.7724137931034483,0.896551724137931,0.35
801110.SI,2025-02-28,0.007384122229165291,0.0285122910401423,0.2070622058247764,0.4888888888888889,1.1687483515669739,range,0.5862068965517242,0.6206896551724137,0.603448275862069,0.5862068965517241,0.35
801120.SI,2025-02-28,0.041391310377146606,-0.04169135001845403,0.107789807268859,0.2540983606557377,1.1687483515669739,range,0.4344827586206897,0.3551724137931035,0.3948275862068966,0.3448275862068966,0.35
801130.SI,2025-02-28,0.0168520807581376,-0.027345520471370177,0.22810626104121212,0.25555555555555554,1.1687483515669739,range,0.5275862068965518,0.2827586206896552,0.4051724137931035,0.41379310344827586,0.35
801140.SI,2025-02-28,0.026848118960312695,-0.051285650780281244,0.2625479499825638,0.2857142857142857,1.1687483515669739,range,0.4,0.6379310344827587,0.5189655172413794,0.5517241379310345,0.35
801150.SI,2025-02-28,0.05073151921173191,-0.04515773039778448,0.1323777063090612,0.25442477876106195,1.1687483515669739,range,0.4344827586206897,0.16551724137931034,0.30000000000000004,0.2413793103448276,0.35
801160.SI,2025-02-28,-0.009369166285090436,-0.039577926512771366,-0.019821389675451995,0.176,1.1687483515669739,range,0.3,0.1620689655172414,0.2310344827586207,0.1724137931034483,0.35
801170.SI,2025-02-28,-0.008068958812664229,-0.048221884633494305,0.08641862634743891,0.20168067226890757,1.1687483515669739,range,0.23448275862068965,0.5379310344827586,0.38620689655172413,0.3103448275862069,0.35
801180.SI,2025-02-28,0.05369319724868027,-0.1078617864085788,0.24561485433436236,0.18,1.1687483515669739,range,0.35172413793103446,0.4793103448275862,0.41551724137931034,0.4482758620689655,0.35
801200.SI,2025-02-28,0.02973796170953391,-0.04798280038976266,0.417539632888309,0.3473684210526316,1.1687483515669739,range,0.5206896551724138,0.996551724137931,0.7586206896551724,0.7758620689655172,0.35
801210.SI,2025-02-28,0.037610465789372105,-0.04236662337323127,0.2790442861242941,0.2702702702702703,1.1687483515669739,range,0.5551724137931034,0.7241379310344828,0.6396551724137931,0.6551724137931034,0.35
801230.SI,2025-02-28,0.028378002062212637,-0.01831708421045064,0.477042401967408,0.2631578947368421,1.1687483515669739,range,0.7172413793103449,0.8068965517241379,0.7620689655172415,0.8275862068965517,0.35
801710.SI,2025-02-28,0.005658436213991758,-0.05517894526966416,0.1859637000685519,0.2,1.1687483515669739,range,0.25517241379310346,0.27586206896551724,0.2655172413793103,0.20689655172413793,0.35
801720.SI,2025-02-28,0.0350564436497558,-0.05158213918912313,0.21051317423953964,0.24666666666666667,1.1687483515669739,range,0.3689655172413793,0.5206896551724138,0.44482758620689655,0.4827586206896552,0.35
801730.SI,2025-02-28,0.06408525630453843,-0.03642620857909762,0.29354249794638054,0.3857566765578635,1.1687483515669739,range,0.6758620689655173,0.7689655172413794,0.7224137931034483,0.7241379310344828,0.35
801740.SI,2025-02-28,0.036637269097450575,-0.06424888935830331,0.2021472366624546,0.20454545454545456,1.1687483515669739,range,0.3275862068965517,0.46896551724137936,0.39827586206896554,0.3793103448275862,0.35
801750.SI,2025-02-28,0.16305346060724113,0.05750102797136436,0.7050303945167475,0.5321100917431193,1.1687483515669739,range,0.9310344827586208,0.6068965517241379,0.7689655172413794,0.8620689655172413,0.35
801760.SI,2025-02-28,0.060991026141240745,-0.006880532912612702,0.4128099087678465,0.2677165354330709,1.1687483515669739,range,0.7862068965517242,0.6448275862068966,0.7155172413793104,0.6896551724137931,0.35
801770.SI,2025-02-28,0.03663637626035965,0.07297356040581371,0.39376138433515484,0.5645161290322581,1.1687483515669739,range,0.7862068965517242,0.8172413793103448,0.8017241379310345,0.9310344827586207,0.35
801880.SI,2025-02-28,0.09178464128764174,0.11962014288203537,0.400706689971978,0.5984251968503937,1.1687483515669739,range,0.9241379310344828,0.9310344827586207,0.9275862068965517,0.9655172413793104,0.35
801890.SI,2025-02-28,0.10708296629800018,0.09628145898620488,0.44746450996451004,0.545816733067729,1.1687483515669739,range,0.9448275862068966,0.9517241379310346,0.9482758620689655,1.0,0.35
801950.SI,2025-02-28,-0.07583595423590717,-0.1258696872787638,-0.0887545353411231,0.10810810810810811,1.1687483515669739,range,0.034482758620689655,0.07241379310344828,0.05344827586206897,0.034482758620689655,0.35
801960.SI,2025-02-28,-0.010622948454351966,-0.03725023912108727,-0.011514343376099134,0.2558139534883721,1.1687483515669739,range,0.3206896551724138,0.06896551724137931,0.19482758620689655,0.10344827586206896,0.35
801970.SI,2025-02-28,0.04746947856488504,-0.04683104981399144,0.2583137436926348,0.23008849557522124,1.1687483515669739,range,0.503448275862069,0.7586206896551724,0.6310344827586207,0.6206896551724138,0.35
801980.SI,2025-02-28,0.02316150629608882,-0.08017855536372942,0.1509428905303558,0.36666666666666664,1.1687483515669739,range,0.2137931034482759,0.21379310344827585,0.21379310344827587,0.13793103448275862,0.35
801010.SI,2025-03-31,0.019700609267862434,-0.008708571067313597,-0.07354613805226073,0.40625,0.8957101737968055,range,0.45862068965517244,0.1896551724137931,0.32413793103448274,0.1724137931034483,0.35
801030.SI,2025-03-31,0.011690666160268925,0.03936314197922264,0.0037091442180035017,0.7055702917771883,0.8957101737968055,range,0.6068965517241379,0.8,0.703448275862069,0.896551724137931,0.35
801040.SI,2025-03-31,-0.0017664906169231331,0.05637132487596985,0.03491309007875487,0.5681818181818182,0.8957101737968055,range,0.7172413793103448,0.5793103448275863,0.6482758620689655,0.7241379310344828,0.35
801050.SI,2025-03-31,0.07749997771259931,0.1196343669160882,0.015525158276373352,0.8449612403100775,0.8957101737968055,range,0.8551724137931034,0.15517241379310345,0.5051724137931034,0.5172413793103449,0.35
801080.SI,2025-03-31,-0.043718825976890585,0.03295842969146601,0.1800245369678286,0.5804195804195804,0.8957101737968055,range,0.6551724137931034,0.2482758620689655,0.4517241379310345,0.3793103448275862,0.35
801110.SI,2025-03-31,0.04319986552202559,0.04380656601011301,0.0329359004714338,0.7526881720430108,0.8957101737968055,range,0.7931034482758621,0.5448275862068965,0.6689655172413793,0.7586206896551724,0.35
801120.SI,2025-03-31,0.018665148306969526,-0.011740506082410729,-0.09465665054333361,0.3135593220338983,0.8957101737968055,range,0.3620689655172413,0.27241379310344827,0.3172413793103448,0.13793103448275862,0.35
801130.SI,2025-03-31,0.0005200102651377048,-0.009043296790030908,0.026189651589665353,0.5054945054945055,0.8957101737968055,range,0.48620689655172417,0.2,0.3431034482758621,0.2413793103448276,0.35
801140.SI,2025-03-31,-0.016819157069224988,-0.016998550167174664,0.01005827210539656,0.5185185185185185,0.8957101737968055,range,0.37931034482758624,0.4896551724137931,0.43448275862068964,0.3448275862068966,0.35
801150.SI,2025-03-31,0.01171653543307083,0.022949721072620832,-0.05586190239470212,0.5605381165919282,0.8957101737968055,range,0.5206896551724138,0.5310344827586206,0.5258620689655172,0.5517241379310345,0.35
801160.SI,2025-03-31,0.018728888888888795,-0.043055688920247026,-0.08321734261259095,0.4126984126984127,0.8957101737968055,range,0.33793103448275863,0.32758620689655177,0.3327586206896552,0.20689655172413793,0.35
801170.SI,2025-03-31,0.0022775003500257185,-0.047606799324147464,-0.06413742613606666,0.30327868852459017,0.8957101737968055,range,0.2896551724137931,0.703448275862069,0.4965517241379311,0.4827586206896552,0.35
801180.SI,2025-03-31,-0.04799550130040531,-0.058295361309791405,-0.1294586997137519,0.22448979591836735,0.8957101737968055,range,0.1206896551724138,0.6793103448275861,0.39999999999999997,0.27586206896551724,0.35
801200.SI,2025-03-31,-0.035273790911352854,-0.08222861430715356,0.08522718270210894,0.27956989247311825,0.8957101737968055,range,0.3137931034482759,0.9793103448275862,0.646551724137931,0.6896551724137931,0.35
801210.SI,2025-03-31,0.033150349355588915,0.04321614330689938,0.039148498950088095,0.5675675675675675,0.8957101737968055,range,0.7758620689655172,0.49310344827586206,0.6344827586206896,0.6206896551724138,0.35
801230.SI,2025-03-31,-0.04322019943280586,-0.04329721877664228,0.12911221854676413,0.5555555555555556,0.8957101737968055,range,0.4068965517241379,0.8655172413793104,0.6362068965517241,0.6551724137931034,0.35
801710.SI,2025-03-31,0.026160356909384896,0.018847900449562083,-0.009778922857623606,0.5223880597014925,0.8957101737968055,range,0.5586206896551724,0.9413793103448275,0.75,1.0,0.35
801720.SI,2025-03-31,-0.03341532463916086,-0.05878956168937133,-0.013187819824373004,0.4527027027027027,0.8957101737968055,range,0.2310344827586207,0.2517241379310345,0.2413793103448276,0.06896551724137931,0.35
801730.SI,2025-03-31,-0.031227926280807283,-0.006960749303362768,-0.01415285925442078,0.5863095238095238,0.8957101737968055,range,0.41724137931034483,0.8068965517241379,0.6120689655172413,0.5862068965517241,0.35
801740.SI,2025-03-31,0.022044922260786137,-0.017609406148713758,0.0268548181328494,0.4609375,0.8957101737968055,range,0.48275862068965514,0.3620689655172414,0.4224137931034483,0.3103448275862069,0.35
801750.SI,2025-03-31,-0.054254801556916865,0.0761601800653009,0.19506799335814362,0.6853582554517134,0.8957101737968055,range,0.7551724137931035,0.19655172413793104,0.4758620689655173,0.41379310344827586,0.35
801760.SI,2025-03-31,-0.01297383169321753,0.04101959445832093,0.09933156394377263,0.4523809523809524,0.8957101737968055,range,0.6965517241379311,0.7793103448275862,0.7379310344827587,0.9655172413793104,0.35
801770.SI,2025-03-31,-0.038438919201489785,-0.011673008015957942,0.07560147504376524,0.5333333333333333,0.8957101737968055,range,0.4689655172413793,0.8758620689655172,0.6724137931034483,0.8275862068965517,0.35
801880.SI,2025-03-31,0.011936814255699923,0.11404593612056901,0.15742255579235587,0.7888446215139442,0.8957101737968055,range,0.8758620689655172,0.5724137931034483,0.7241379310344828,0.9310344827586207,0.35
801890.SI,2025-03-31,-0.010485306425565666,0.10605511598337158,0.17295223989045083,0.7438524590163934,0.8957101737968055,range,0.8206896551724138,0.5206896551724138,0.6706896551724137,0.7931034482758621,0.35
801950.SI,2025-03-31,0.036265853843422624,-0.10586214374972025,-0.17639915020452168,0.13513513513513514,0.8957101737968055,range,0.21379310344827587,0.30000000000000004,0.25689655172413794,0.10344827586206896,0.35
801960.SI,2025-03-31,-0.0069544451938677865,-0.058982553117982395,-0.09219604052792962,0.43478260869565216,0.8957101737968055,range,0.18620689655172412,0.1896551724137931,0.1879310344827586,0.034482758620689655,0.35
801970.SI,2025-03-31,0.028183343447685028,0.03145423617535581,0.07455308565210639,0.5641025641025641,0.8957101737968055,range,0.7103448275862069,0.6655172413793103,0.6879310344827586,0.8620689655172413,0.35
801980.SI,2025-03-31,0.03411996479020818,0.018878054376505693,-0.09846705414946999,0.6206896551724138,0.8957101737968055,range,0.503448275862069,0.4793103448275862,0.4913793103448276,0.4482758620689655,0.35
801010.SI,2025-04-30,0.03385682397959178,0.05637554371731568,-0.01969869909972577,0.7052631578947368,0.7855673505145643,range,0.806896551724138,0.15172413793103448,0.4793103448275862,0.41379310344827586,0.35
801030.SI,2025-04-30,-0.02671566542801085,0.017345506048547676,-0.013023784243570646,0.659400544959128,0.7855673505145643,range,0.5482758620689656,0.5551724137931034,0.5517241379310345,0.5862068965517241,0.35
801040.SI,2025-04-30,-0.04056159436604512,0.02572570163192589,-0.001803625052117952,0.4888888888888889,0.7855673505145643,range,0.6172413793103448,0.8448275862068966,0.7310344827586207,0.9310344827586207,0.35
801050.SI,2025-04-30,-0.047807767805616685,0.02051475315347262,0.0028057579031750546,0.5,0.7855673505145643,range,0.5655172413793104,0.21379310344827585,0.3896551724137931,0.20689655172413793,0.35
801080.SI,2025-04-30,-0.04793887727621193,-0.013937463521895843,-0.020095588367534,0.44110854503464203,0.7855673505145643,range,0.3103448275862069,0.3931034482758621,0.3517241379310345,0.13793103448275862,0.35
801110.SI,2025-04-30,-0.0565089459069652,-0.008482438859181651,-0.012074548036192678,0.5333333333333333,0.7855673505145643,range,0.40689655172413786,0.22413793103448276,0.3155172413793103,0.06896551724137931,0.35
801120.SI,2025-04-30,-0.002253275109170394,0.058438693974359524,-0.0025106917048595134,0.65,0.7855673505145643,range,0.8551724137931035,0.17586206896551726,0.5155172413793103,0.5517241379310345,0.35
801130.SI,2025-04-30,-0.014923962713717653,0.0021975003433594154,0.02478758514149293,0.5578947368421052,0.7855673505145643,range,0.6448275862068965,0.6482758620689655,0.646551724137931,0.7931034482758621,0.35
801140.SI,2025-04-30,-0.02083427396092008,-0.011456412957598139,-0.028906623149180133,0.49640287769784175,0.7855673505145643,range,0.4482758620689656,0.5448275862068965,0.496551724137931,0.4827586206896552,0.35
801150.SI,2025-04-30,-0.020692847648773882,0.04104507677786229,-0.033643334441911144,0.5777262180974478,0.7855673505145643,range,0.6413793103448276,0.20689655172413796,0.42413793103448283,0.3103448275862069,0.35
801160.SI,2025-04-30,0.014584623975848032,0.023902821316614364,-0.02945963541666652,0.6535433070866141,0.7855673505145643,range,0.6068965517241379,0.17586206896551723,0.3913793103448276,0.25862068965517243,0.35
801170.SI,2025-04-30,-0.012400003725123177,-0.018137797262201993,-0.037917207217832316,0.475,0.7855673505145643,range,0.37241379310344824,0.596551724137931,0.4844827586206896,0.4482758620689655,0.35
801180.SI,2025-04-30,-0.01621438029465483,-0.013144315898104497,-0.16897508077023826,0.43434343434343436,0.7855673505145643,range,0.2931034482758621,0.9137931034482758,0.603448275862069,0.6896551724137931,0.35
801200.SI,2025-04-30,0.017359522673960015,0.010660413846451222,0.061406136551731105,0.5157894736842106,0.7855673505145643,range,0.7068965517241379,0.6896551724137931,0.6982758620689655,0.896551724137931,0.35
801210.SI,2025-04-30,-0.04038192011212338,0.02871788934768915,-0.037459769533892184,0.6142857142857143,0.7855673505145643,range,0.5275862068965518,0.796551724137931,0.6620689655172414,0.8275862068965517,0.35
801230.SI,2025-04-30,-0.03332007465654918,-0.048853364642838404,-0.014193165906759564,0.5625,0.7855673505145643,range,0.33448275862068966,0.8896551724137931,0.6120689655172413,0.7241379310344828,0.35
801710.SI,2025-04-30,-0.03611775487851221,-0.005305504807248673,-0.08848740046462167,0.4626865671641791,0.7855673505145643,range,0.3413793103448276,0.41034482758620694,0.37586206896551727,0.1724137931034483,0.35
801720.SI,2025-04-30,-0.013572125926281653,-0.013108804141869657,-0.08619198473848344,0.5428571428571428,0.7855673505145643,range,0.37586206896551727,0.5,0.4379310344827586,0.3448275862068966,0.35
801730.SI,2025-04-30,-0.08231644729111176,-0.05400032983985248,-0.1329610208940849,0.49240121580547114,0.7855673505145643,retreat,0.0896551724137931,0.7931034482758621,0.4413793103448276,0.3793103448275862,0.35
801740.SI,2025-04-30,-0.024634009980604832,0.03339037339300588,-0.09123531341037572,0.632,0.7855673505145643,range,0.5137931034482759,0.48275862068965514,0.4982758620689655,0.5172413793103449,0.35
801750.SI,2025-04-30,-0.04894843926248427,0.046111281180715835,-0.007037571872606119,0.5705128205128205,0.7855673505145643,range,0.6655172413793103,0.4793103448275862,0.5724137931034483,0.6206896551724138,0.35
801760.SI,2025-04-30,-0.022250040982995656,0.023925087787748822,0.022170289008335287,0.45528455284552843,0.7855673505145643,range,0.6862068965517241,0.9034482758620689,0.7948275862068965,0.9655172413793104,0.35
801770.SI,2025-04-30,-0.06694075873668481,-0.06993663061848654,-0.055707624379306986,0.4322033898305085,0.7855673505145643,range,0.1206896551724138,0.6620689655172414,0.3913793103448276,0.25862068965517243,0.35
801880.SI,2025-04-30,-0.0392538469497038,0.06144875151571316,0.0960616708749309,0.6468253968253969,0.7855673505145643,range,0.8586206896551725,0.506896551724138,0.6827586206896552,0.8620689655172413,0.35
801890.SI,2025-04-30,-0.04643003925259237,0.04461192130762459,0.0698762329920608,0.6144329896907217,0.7855673505145643,range,0.7517241379310344,0.4310344827586207,0.5913793103448276,0.6551724137931034,0.35
801950.SI,2025-04-30,-0.04325880980522745,-0.08374843759793815,-0.14315515083390506,0.19444444444444445,0.7855673505145643,range,0.09310344827586207,0.034482758620689655,0.06379310344827586,0.034482758620689655,0.35
801960.SI,2025-04-30,-0.02114712118291706,-0.03828048912455362,-0.04363616798041492,0.4318181818181818,0.7855673505145643,range,0.2931034482758621,0.3586206896551724,0.3258620689655173,0.10344827586206896,0.35
801970.SI,2025-04-30,-0.03084223013048648,0.043773876518281796,-0.04263650082312065,0.6339285714285714,0.7855673505145643,range,0.5862068965517242,0.6379310344827587,0.6120689655172414,0.7586206896551724,0.35
801980.SI,2025-04-30,0.061484694130310436,0.12312695822065489,0.0012489538949094214,0.8064516129032258,0.7855673505145643,range,0.9379310344827586,0.7793103448275862,0.8586206896551725,1.0,0.35
801010.SI,2025-05-31,0.02477503527724445,0.08034288083305907,0.007241681161397562,0.7857142857142857,0.835830094623362,range,0.8172413793103448,0.5965517241379311,0.7068965517241379,0.9655172413793104,0.35
801030.SI,2025-05-31,0.019704567096175296,0.00406502858872293,-0.010561310865694229,0.639344262295082,0.835830094623362,range,0.5206896551724138,0.39655172413793105,0.45862068965517244,0.3448275862068966,0.35
801040.SI,2025-05-31,-0.0030834358016462726,-0.04520957410945048,-0.00902258445260351,0.38461538461538464,0.835830094623362,range,0.32068965517241377,0.43448275862068964,0.3775862068965517,0.27586206896551724,0.35
801050.SI,2025-05-31,0.014109014128564912,0.040462775583707034,0.020950927155069632,0.546875,0.835830094623362,range,0.6827586206896552,0.3448275862068966,0.5137931034482759,0.4482758620689655,0.35
801080.SI,2025-05-31,-0.02850751918510619,-0.11551620422588171,-0.03993660927644782,0.2028301886792453,0.835830094623362,range,0.1482758620689655,0.4758620689655172,0.31206896551724134,0.06896551724137931,0.35
801110.SI,2025-05-31,0.034964513502428796,0.01866355410134135,0.04770798582786462,0.43820224719101125,0.835830094623362,range,0.7551724137931035,0.296551724137931,0.5258620689655172,0.4827586206896552,0.35
801120.SI,2025-05-31,-0.001251446420191149,0.015097883116532707,-0.027222918031470478,0.6333333333333333,0.835830094623362,range,0.48620689655172417,0.13793103448275862,0.3120689655172414,0.10344827586206896,0.35
801130.SI,2025-05-31,0.06028504865013029,0.04500452476464467,0.01642833214001871,0.6808510638297872,0.835830094623362,range,0.8241379310344827,0.5586206896551724,0.6913793103448276,0.9310344827586207,0.35
801140.SI,2025-05-31,0.04820116609113545,0.009100101112234693,-0.04265225427575403,0.5735294117647058,0.835830094623362,range,0.5724137931034482,0.7137931034482758,0.643103448275862,0.7241379310344828,0.35
801150.SI,2025-05-31,0.06420987452972837,0.05439917836357422,0.006784904535386493,0.6659192825112108,0.835830094623362,range,0.8137931034482758,0.4862068965517241,0.6499999999999999,0.7931034482758621,0.35
801160.SI,2025-05-31,0.023147013420365736,0.05751111111111107,0.01565701406911635,0.8016528925619835,0.835830094623362,range,0.7793103448275862,0.5206896551724138,0.65,0.8275862068965517,0.35
801170.SI,2025-05-31,0.055555293618425816,0.04484062164558744,-0.005543562271794422,0.725,0.835830094623362,range,0.7379310344827587,0.3172413793103448,0.5275862068965518,0.5172413793103449,0.35
801180.SI,2025-05-31,-0.0043680794960446745,-0.06752266922842609,-0.16810133991095133,0.3434343434343434,0.835830094623362,range,0.10689655172413792,0.5413793103448276,0.32413793103448274,0.1724137931034483,0.35
801200.SI,2025-05-31,0.016551460211916336,-0.002281786554361287,-0.05015510043535398,0.5161290322580645,0.835830094623362,range,0.4,0.8655172413793104,0.6327586206896552,0.6896551724137931,0.35
801210.SI,2025-05-31,-0.008553047023001858,-0.017049990826006556,-0.05869426365939534,0.5205479452054794,0.835830094623362,range,0.23793103448275862,0.8758620689655172,0.5568965517241379,0.5862068965517241,0.35
801230.SI,2025-05-31,0.04765540925492173,-0.031023694081053987,-0.04877251467450261,0.625,0.835830094623362,range,0.38965517241379316,0.9517241379310344,0.6706896551724137,0.896551724137931,0.35
801710.SI,2025-05-31,0.013547860449152571,0.002497906942071193,-0.052818870198038326,0.5606060606060606,0.835830094623362,range,0.38620689655172413,0.27241379310344827,0.3293103448275862,0.20689655172413793,0.35
801720.SI,2025-05-31,0.02909696645195492,-0.01879096342362696,-0.06940382452193483,0.5492957746478874,0.835830094623362,range,0.3275862068965517,0.41034482758620694,0.3689655172413793,0.2413793103448276,0.35
801730.SI,2025-05-31,0.02171924200184816,-0.0916648264757074,-0.12475203296623416,0.29141104294478526,0.835830094623362,range,0.16896551724137931,0.7517241379310344,0.4603448275862069,0.3793103448275862,0.35
801740.SI,2025-05-31,0.06337749094202905,0.0600468410508197,-0.008059991154473312,0.72,0.835830094623362,range,0.810344827586207,0.3413793103448276,0.5758620689655173,0.6206896551724138,0.35
801750.SI,2025-05-31,-0.006790384832812024,-0.10665518121490558,-0.055286935801870496,0.2643312101910828,0.835830094623362,range,0.11724137931034483,0.7,0.4086206896551724,0.3103448275862069,0.35
801760.SI,2025-05-31,0.02203999512254584,-0.013665181001132787,-0.02045169018611037,0.3821138211382114,0.835830094623362,range,0.45517241379310347,0.8517241379310345,0.653448275862069,0.8620689655172413,0.35
801770.SI,2025-05-31,0.03975178802930768,-0.06714150357761295,0.0009325022611426093,0.2727272727272727,0.835830094623362,range,0.43448275862068964,0.506896551724138,0.4706896551724138,0.41379310344827586,0.35
801880.SI,2025-05-31,0.014383715143065912,-0.01380154356576424,0.1041676567029417,0.55078125,0.835830094623362,range,0.5586206896551724,0.5206896551724138,0.5396551724137931,0.5517241379310345,0.35
801890.SI,2025-05-31,0.007882967293805887,-0.048990369313828386,0.04257422543856815,0.45661157024793386,0.835830094623362,range,0.43103448275862066,0.7241379310344827,0.5775862068965516,0.6551724137931034,0.35
801950.SI,2025-05-31,0.03771383041653409,0.028829159501932988,-0.10066924506784869,0.5428571428571428,0.835830094623362,range,0.5206896551724138,0.11379310344827587,0.31724137931034485,0.13793103448275862,0.35
801960.SI,2025-05-31,0.018819094770598177,-0.009661483493446754,-0.04655183004413865,0.46511627906976744,0.835830094623362,range,0.4103448275862069,0.08965517241379312,0.25,0.034482758620689655,0.35
801970.SI,2025-05-31,0.06829268292682933,0.06452361403634033,0.014670855639234315,0.7008547008547008,0.835830094623362,range,0.8931034482758621,0.8,0.846551724137931,1.0,0.35
801980.SI,2025-05-31,0.025482517363836443,0.12567473790594863,0.035419763611205024,0.8709677419354839,0.835830094623362,range,0.8931034482758621,0.40344827586206894,0.6482758620689655,0.7586206896551724,0.35
801010.SI,2025-06-30,0.005139202407825394,0.0649154974489794,0.055641605158761376,0.8297872340425532,0.9565093481337814,range,0.6862068965517242,0.18275862068965518,0.4344827586206897,0.3793103448275862,0.35
801030.SI,2025-06-30,0.04099695322866159,0.03315041896287241,0.07381846559040128,0.75,0.9565093481337814,range,0.6482758620689655,0.5,0.5741379310344827,0.5517241379310345,0.35
801040.SI,2025-06-30,-0.0005084338824105084,-0.04400626795507967,0.00988436529341552,0.40476190476190477,0.9565093481337814,range,0.23103448275862068,0.5586206896551724,0.39482758620689656,0.3103448275862069,0.35
801050.SI,2025-06-30,0.09255867654587546,0.05500385763366755,0.18121857623570237,0.75,0.9565093481337814,range,0.8482758620689654,0.08620689655172414,0.4672413793103448,0.41379310344827586,0.35
801080.SI,2025-06-30,0.08862959578140961,0.0068955274084654405,0.04008122285520899,0.6150341685649203,0.9565093481337814,range,0.5241379310344828,0.2724137931034483,0.3982758620689656,0.3448275862068966,0.35
801110.SI,2025-06-30,-0.030377193165945005,-0.05318295449258492,-0.011706151089064143,0.5111111111111111,0.9565093481337814,range,0.1586206896551724,0.32413793103448274,0.24137931034482757,0.10344827586206896,0.35
801120.SI,2025-06-30,-0.05895218358698018,-0.06224764051274834,-0.07325732779310345,0.6115702479338843,0.9565093481337814,range,0.04482758620689655,0.506896551724138,0.27586206896551724,0.20689655172413793,0.35
801130.SI,2025-06-30,0.019381147488011896,0.0647042544431018,0.05507581787656424,0.75,0.9565093481337814,range,0.7,0.38965517241379316,0.5448275862068965,0.5172413793103449,0.35
801140.SI,2025-06-30,0.03619922772374018,0.06351619133619302,0.04543795800416217,0.7013888888888888,0.9565093481337814,range,0.6931034482758621,0.7413793103448276,0.7172413793103449,0.8275862068965517,0.35
801150.SI,2025-06-30,0.00704698204487153,0.04953262426130811,0.07361910524472082,0.7262693156732892,0.9565093481337814,range,0.6275862068965518,0.37241379310344824,0.5,0.4482758620689655,0.35
801160.SI,2025-06-30,-0.0054425485416492725,0.03241948572076736,-0.012032046491627368,0.6456692913385826,0.9565093481337814,range,0.41724137931034483,0.1896551724137931,0.30344827586206896,0.2413793103448276,0.35
801170.SI,2025-06-30,-0.01114892932758027,0.030844019780404075,-0.01823116460377916,0.6833333333333333,0.9565093481337814,range,0.3655172413793104,0.1793103448275862,0.2724137931034483,0.1724137931034483,0.35
801180.SI,2025-06-30,0.009292111002784154,-0.01141011946660897,-0.06904032373950653,0.4536082474226804,0.9565093481337814,range,0.2517241379310345,0.9655172413793103,0.6086206896551724,0.6551724137931034,0.35
801200.SI,2025-06-30,0.027119361897366856,0.062245106532085925,-0.025101836632602126,0.7021276595744681,0.9565093481337814,range,0.5586206896551724,0.9793103448275862,0.7689655172413793,0.9310344827586207,0.35
801210.SI,2025-06-30,0.04132303326501652,-0.009274414184370028,0.03354092471004999,0.5866666666666667,0.9565093481337814,range,0.4344827586206897,0.8413793103448276,0.6379310344827587,0.7241379310344828,0.35
801230.SI,2025-06-30,0.06833158985940169,0.0819500963803812,0.03510466635199072,0.8125,0.9565093481337814,range,0.7517241379310344,0.6793103448275861,0.7155172413793103,0.7931034482758621,0.35
801710.SI,2025-06-30,-0.00775190251090252,-0.030632362474014796,-0.012361817742897796,0.6376811594202898,0.9565093481337814,range,0.19310344827586207,0.3448275862068965,0.2689655172413793,0.13793103448275862,0.35
801720.SI,2025-06-30,0.014589103369263112,0.02993976835624701,-0.030609939191869495,0.7297297297297297,0.9565093481337814,range,0.39655172413793105,0.33448275862068966,0.36551724137931035,0.27586206896551724,0.35
801730.SI,2025-06-30,0.06684695866722845,0.0002916512700281704,-0.006671128144709382,0.6135693215339233,0.9565093481337814,range,0.4379310344827586,0.7344827586206897,0.5862068965517242,0.5862068965517241,0.35
801740.SI,2025-06-30,0.10889876753533678,0.15013010677728622,0.12987699860318136,0.8984375,0.9565093481337814,range,0.9827586206896552,0.5862068965517242,0.7844827586206897,0.9655172413793104,0.35
801750.SI,2025-06-30,0.07108674690189654,0.011741637588420728,0.08879606288671726,0.593167701863354,0.9565093481337814,range,0.6275862068965518,0.8103448275862069,0.7189655172413794,0.8620689655172413,0.35
801760.SI,2025-06-30,0.0840069197959854,0.08324764161487908,0.12768202057185407,0.664,0.9565093481337814,range,0.9172413793103449,0.7965517241379311,0.856896551724138,1.0,0.35
801770.SI,2025-06-30,0.14093933875035036,0.10688231596473052,0.09396166981775211,0.6916666666666667,0.9565093481337814,range,0.9517241379310345,0.5620689655172414,0.756896551724138,0.896551724137931,0.35
801880.SI,2025-06-30,0.003088731080984175,-0.022424577975007076,0.0890639261582935,0.625,0.9565093481337814,range,0.39655172413793105,0.8551724137931034,0.6258620689655172,0.6896551724137931,0.35
801890.SI,2025-06-30,0.028205064640479893,-0.011805559691935641,0.09299751628905906,0.6217303822937625,0.9565093481337814,range,0.503448275862069,0.9172413793103448,0.7103448275862069,0.7586206896551724,0.35
801950.SI,2025-06-30,-0.011916626272418851,-0.019007542186579518,-0.12285750677301532,0.40540540540540543,0.9565093481337814,range,0.14137931034482756,0.034482758620689655,0.0879310344827586,0.034482758620689655,0.35
801960.SI,2025-06-30,0.01449555469655972,0.01173004378114939,-0.047944377267231,0.7045454545454546,0.9565093481337814,range,0.3448275862068966,0.1206896551724138,0.2327586206896552,0.06896551724137931,0.35
801970.SI,2025-06-30,0.01075881803904477,0.046483233515609124,0.07939956429615913,0.7394957983193278,0.9565093481337814,range,0.6275862068965518,0.45862068965517244,0.5431034482758621,0.4827586206896552,0.35
801980.SI,2025-06-30,-0.03610926076864818,0.04922783835272204,0.06903521853848815,0.7333333333333333,0.9565093481337814,range,0.5379310344827586,0.6758620689655173,0.6068965517241379,0.6206896551724138,0.35
801010.SI,2025-07-31,0.03838811824857946,0.06958291887390411,0.12988123747617397,0.9183673469387755,1.122219943022057,range,0.4517241379310345,0.3137931034482759,0.38275862068965516,0.2413793103448276,0.35
801030.SI,2025-07-31,0.058680421502055324,0.12379916348251618,0.1432920286700552,0.8981723237597912,1.122219943022057,range,0.6827586206896551,0.6413793103448275,0.6620689655172414,0.8275862068965517,0.35
801040.SI,2025-07-31,0.16760476475326036,0.1634127110769028,0.1933423193568573,0.9318181818181818,1.122219943022057,advance,0.8724137931034482,0.43793103448275855,0.6551724137931034,0.7931034482758621,0.35
801050.SI,2025-07-31,0.057433697546706464,0.17160862311662606,0.19564388481234363,0.9296875,1.122219943022057,advance,0.8517241379310344,0.21034482758620687,0.5310344827586206,0.4827586206896552,0.35
801080.SI,2025-07-31,0.0659081541898956,0.12729963178361237,0.11158793428738178,0.854875283446712,1.122219943022057,range,0.6551724137931034,0.596551724137931,0.6258620689655172,0.6896551724137931,0.35
801110.SI,2025-07-31,0.006437161273002312,0.009985050087618852,0.0014179136515630741,0.8387096774193549,1.122219943022057,range,0.13448275862068967,0.2413793103448276,0.18793103448275864,0.10344827586206896,0.35
801120.SI,2025-07-31,0.002083788986922963,-0.05817136344974527,-0.003132127982096722,0.5785123966942148,1.122219943022057,range,0.05862068965517241,0.4827586206896552,0.2706896551724138,0.1724137931034483,0.35
801130.SI,2025-07-31,0.007195521659471238,0.08861175825681777,0.09100398296937229,0.8585858585858586,1.122219943022057,range,0.39999999999999997,0.5655172413793104,0.48275862068965514,0.3448275862068966,0.35
801140.SI,2025-07-31,0.0093397988641295,0.09628961687040838,0.08373007029841384,0.8835616438356164,1.122219943022057,range,0.4103448275862069,0.8172413793103448,0.6137931034482759,0.6551724137931034,0.35
801150.SI,2025-07-31,0.13927503317638235,0.22097169662675986,0.27108657365840183,0.9429824561403509,1.122219943022057,advance,0.9586206896551723,0.21379310344827585,0.5862068965517241,0.5862068965517241,0.35
801160.SI,2025-07-31,-0.0077204251093410114,0.009722347639503193,0.03385756049452282,0.7637795275590551,1.122219943022057,range,0.1103448275862069,0.05172413793103448,0.08103448275862069,0.034482758620689655,0.35
801170.SI,2025-07-31,-0.002186266272777404,0.041504985973266795,0.022614379690111264,0.875,1.122219943022057,range,0.1586206896551724,0.10344827586206898,0.13103448275862067,0.06896551724137931,0.35
801180.SI,2025-07-31,0.04253740632857839,0.04762857814759425,0.03385821717254012,0.75,1.122219943022057,range,0.3,0.7241379310344827,0.5120689655172413,0.41379310344827586,0.35
801200.SI,2025-07-31,0.019118698114244825,0.06408189624243588,0.07542544962289677,0.7604166666666666,1.122219943022057,range,0.31724137931034485,0.9655172413793103,0.6413793103448275,0.7241379310344828,0.35
801210.SI,2025-07-31,0.051326306049011894,0.08540667612837072,0.11657726495066822,0.8055555555555556,1.122219943022057,range,0.49310344827586206,0.9655172413793103,0.7293103448275862,0.9310344827586207,0.35
801230.SI,2025-07-31,0.09520628086436123,0.22580236753813998,0.16591779749674473,1.0,1.122219943022057,advance,0.8931034482758621,0.8310344827586207,0.8620689655172413,1.0,0.35
801710.SI,2025-07-31,0.1336420194343113,0.14009350389135755,0.13404473232574876,0.8857142857142857,1.122219943022057,range,0.7517241379310345,0.4172413793103448,0.5844827586206897,0.5517241379310345,0.35
801720.SI,2025-07-31,0.054072673590427556,0.10056841843384778,0.08614128259187104,0.896551724137931,1.122219943022057,range,0.5551724137931034,0.49310344827586206,0.5241379310344827,0.4482758620689655,0.35
801730.SI,2025-07-31,0.03486764166792877,0.12802442527627322,0.06711073424394431,0.9125364431486881,1.122219943022057,range,0.5413793103448277,0.7517241379310345,0.646551724137931,0.7586206896551724,0.35
801740.SI,2025-07-31,0.030786403571942955,0.21548063858695654,0.2560659909613443,0.904,1.122219943022057,advance,0.8206896551724138,0.18620689655172415,0.503448275862069,0.3793103448275862,0.35
801750.SI,2025-07-31,0.03858593268092614,0.10486189780504085,0.1558084954405885,0.8796296296296297,1.122219943022057,range,0.6482758620689655,0.7172413793103448,0.6827586206896552,0.896551724137931,0.35
801760.SI,2025-07-31,0.0317663406111135,0.14309230581636379,0.17044088958252046,0.904,1.122219943022057,range,0.7344827586206897,0.4793103448275862,0.6068965517241379,0.6206896551724138,0.35
801770.SI,2025-07-31,0.10754203234886917,0.3138701548411531,0.22198250314137358,0.8319327731092437,1.122219943022057,advance,0.9586206896551724,0.37586206896551727,0.6672413793103449,0.8620689655172413,0.35
801880.SI,2025-07-31,0.004213368649734095,0.02180404734809338,0.08459263035133646,0.7906976744186046,1.122219943022057,range,0.22758620689655173,0.6965517241379311,0.4620689655172414,0.27586206896551724,0.35
801890.SI,2025-07-31,0.05665893131611455,0.09502660969942278,0.1438778506410885,0.8683693516699411,1.122219943022057,range,0.593103448275862,0.9655172413793103,0.7793103448275862,0.9655172413793104,0.35
801950.SI,2025-07-31,0.026094771626596458,0.052103998744482016,-0.03600806734091144,0.9722222222222222,1.122219943022057,range,0.22413793103448273,0.2206896551724138,0.22241379310344828,0.13793103448275862,0.35
801960.SI,2025-07-31,0.04508341724954401,0.08018509662719042,0.03883508278324843,0.9090909090909091,1.122219943022057,range,0.38620689655172413,0.3275862068965517,0.3568965517241379,0.20689655172413793,0.35
801970.SI,2025-07-31,0.016007918251791597,0.09707137952652478,0.14509444662565985,0.9076923076923077,1.122219943022057,range,0.5551724137931034,0.5137931034482759,0.5344827586206897,0.5172413793103449,0.35
801980.SI,2025-07-31,0.014926846647307812,0.0032075895982450753,0.12672948856935218,0.6774193548387096,1.122219943022057,range,0.25517241379310346,0.6931034482758621,0.47413793103448276,0.3103448275862069,0.35
801010.SI,2025-08-31,0.08161933804817223,0.12891271632806633,0.21961281616693706,0.8811881188118812,1.5069678893078566,range,0.6103448275862069,0.22413793103448276,0.41724137931034483,0.3103448275862069,0.35
801030.SI,2025-08-31,0.08981457894807421,0.2010662222104016,0.20594859074063643,0.8857142857142857,1.5069678893078566,advance,0.6931034482758621,0.5172413793103449,0.6051724137931035,0.6206896551724138,0.35
801040.SI,2025-08-31,0.0077130052078921985,0.17601227773671613,0.12284526351275438,0.9545454545454546,1.5069678893078566,advance,0.43103448275862066,0.03793103448275863,0.23448275862068965,0.1724137931034483,0.35
801050.SI,2025-08-31,0.18908746382172392,0.3737626890641099,0.4293489404569808,0.9689922480620154,1.5069678893078566,advance,0.9172413793103449,0.27931034482758615,0.5982758620689655,0.5862068965517241,0.35
801080.SI,2025-08-31,0.24787890258520529,0.448012676551921,0.28074374848568384,0.9908883826879271,1.5069678893078566,advance,0.9344827586206896,0.5103448275862069,0.7224137931034482,0.896551724137931,0.35
801110.SI,2025-08-31,0.06739426849817498,0.041632094306426115,0.06107265125220773,0.8936170212765957,1.5069678893078566,range,0.23448275862068968,0.36551724137931035,0.30000000000000004,0.2413793103448276,0.35
801120.SI,2025-08-31,0.06649761594105574,0.005716595939577296,0.020900787553429945,0.680327868852459,1.5069678893078566,range,0.11724137931034484,0.8034482758620689,0.4603448275862069,0.3448275862068966,0.35
801130.SI,2025-08-31,0.027122463366735516,0.05456319714614377,0.10202331266799036,0.76,1.5069678893078566,range,0.26896551724137935,0.4896551724137931,0.3793103448275862,0.27586206896551724,0.35
801140.SI,2025-08-31,0.06402587206041788,0.1128403147758934,0.12296727416212483,0.8775510204081632,1.5069678893078566,range,0.39999999999999997,0.7827586206896552,0.5913793103448276,0.5517241379310345,0.35
801150.SI,2025-08-31,0.026063086161909332,0.17720575343355316,0.2412447791852106,0.8867102396514162,1.5069678893078566,advance,0.6068965517241379,0.3620689655172414,0.4844827586206897,0.39655172413793105,0.35
801160.SI,2025-08-31,0.025287669599434404,0.011834916365470294,0.07002666666666668,0.7795275590551181,1.5069678893078566,range,0.17586206896551723,0.15517241379310345,0.16551724137931034,0.06896551724137931,0.35
801170.SI,2025-08-31,0.021412597669512756,0.007816757341051916,0.05300788724506478,0.6666666666666666,1.5069678893078566,range,0.1103448275862069,0.33793103448275863,0.22413793103448276,0.13793103448275862,0.35
801180.SI,2025-08-31,0.06474414694953623,0.12035017538922355,0.04470114107640777,0.8645833333333334,1.5069678893078566,range,0.3103448275862069,0.7413793103448276,0.5258620689655172,0.4482758620689655,0.35
801200.SI,2025-08-31,0.07473442395961194,0.12498529446365958,0.12241831814489834,0.7978723404255319,1.5069678893078566,range,0.4724137931034483,0.8275862068965517,0.65,0.6896551724137931,0.35
801210.SI,2025-08-31,0.0505082855615564,0.15006526880025217,0.13045666651789922,0.9324324324324325,1.5069678893078566,advance,0.4827586206896552,0.7448275862068966,0.6137931034482759,0.6551724137931034,0.35
801230.SI,2025-08-31,0.21895334125180765,0.42622839382621414,0.38198152044643674,0.875,1.5069678893078566,advance,0.9310344827586207,0.4655172413793104,0.6982758620689655,0.8275862068965517,0.35
801710.SI,2025-08-31,0.06748884305421643,0.20076924132944685,0.2037686511531891,0.8571428571428571,1.5069678893078566,advance,0.6379310344827586,0.4586206896551724,0.5482758620689655,0.4827586206896552,0.35
801720.SI,2025-08-31,0.01853125890689644,0.08926891564492156,0.06880050329254406,0.8367346938775511,1.5069678893078566,range,0.27241379310344827,0.32068965517241377,0.296551724137931,0.20689655172413793,0.35
801730.SI,2025-08-31,0.15370286283241508,0.27374033421969335,0.15698314750833564,0.9449275362318841,1.5069678893078566,advance,0.7551724137931035,0.7758620689655172,0.7655172413793103,0.9310344827586207,0.35
801740.SI,2025-08-31,0.09889847579790656,0.25608246599409057,0.3315062501763595,0.984375,1.5069678893078566,advance,0.803448275862069,0.5241379310344827,0.6637931034482758,0.7241379310344828,0.35
801750.SI,2025-08-31,0.15481158955014251,0.28463045962644196,0.1476179651607965,0.9507692307692308,1.5069678893078566,advance,0.7586206896551724,0.6172413793103448,0.6879310344827586,0.7931034482758621,0.35
801760.SI,2025-08-31,0.10703237506000307,0.23815134071047228,0.22123177853286857,0.912,1.5069678893078566,advance,0.7620689655172413,0.9310344827586207,0.846551724137931,1.0,0.35
801770.SI,2025-08-31,0.34408831632455095,0.6984414401793222,0.5844055281471561,0.9166666666666666,1.5069678893078566,advance,1.0,0.33448275862068966,0.6672413793103449,0.7586206896551724,0.35
801880.SI,2025-08-31,0.11647670223841389,0.124643856251345,0.10912203507332285,0.8416988416988417,1.5069678893078566,range,0.47931034482758617,0.9551724137931035,0.7172413793103448,0.8620689655172413,0.35
801890.SI,2025-08-31,0.1291463449416732,0.22677466936053658,0.16667452524371407,0.9274509803921569,1.5069678893078566,advance,0.706896551724138,0.8724137931034484,0.7896551724137932,0.9655172413793104,0.35
801950.SI,2025-08-31,0.004413828977513967,0.018342220067862458,0.04770017035775154,0.8378378378378378,1.5069678893078566,range,0.10689655172413792,0.1,0.10344827586206896,0.034482758620689655,0.35
801960.SI,2025-08-31,0.013728477367326963,0.07478785870745663,0.06440381355159763,0.8888888888888888,1.5069678893078566,range,0.2206896551724138,0.1275862068965517,0.17413793103448275,0.10344827586206896,0.35
801970.SI,2025-08-31,0.052785684352601114,0.08114663849812498,0.15090612691726468,0.816793893129771,1.5069678893078566,range,0.3896551724137931,0.5793103448275863,0.4844827586206897,0.39655172413793105,0.35
801980.SI,2025-08-31,0.06840856513298954,0.045201223018903836,0.1765566127807816,0.5517241379310345,1.5069678893078566,range,0.41034482758620683,0.7586206896551724,0.5844827586206895,0.5172413793103449,0.35
801010.SI,2025-09-30,-0.012134037625181282,0.10951243795991994,0.18153698979591826,0.6494845360824743,1.4386822483654609,range,0.503448275862069,0.16206896551724137,0.33275862068965517,0.1724137931034483,1.0
801030.SI,2025-09-30,0.01216445636394936,0.16780028614902465,0.20651335489982725,0.706989247311828,1.4386822483654609,advance,0.6482758620689655,0.896551724137931,0.7724137931034483,0.8275862068965517,1.0
801040.SI,2025-09-30,-0.0019415143812174795,0.1743261001653249,0.12264839113480597,0.9545454545454546,1.4386822483654609,range,0.5379310344827587,0.4241379310344828,0.4810344827586207,0.4827586206896552,1.0
801050.SI,2025-09-30,0.12789751234161728,0.41819707518297267,0.4962033852028207,0.921875,1.4386822483654609,advance,0.9310344827586208,0.6862068965517242,0.8086206896551724,0.9310344827586207,1.0
801080.SI,2025-09-30,0.1096328285282806,0.47594958675893184,0.4861270375879414,0.8919540229885058,1.4386822483654609,advance,0.9482758620689655,0.3758620689655172,0.6620689655172414,0.7241379310344828,1.0
801110.SI,2025-09-30,0.007701327288001547,0.08253852588887,0.024965928730052322,0.797752808988764,1.4386822483654609,range,0.3689655172413793,0.5206896551724138,0.44482758620689655,0.3793103448275862,1.0
801120.SI,2025-09-30,-0.041452903755386794,0.024418425789953346,-0.039349204113255265,0.5169491525423728,1.4386822483654609,range,0.10689655172413792,0.06896551724137931,0.08793103448275862,0.034482758620689655,1.0
801130.SI,2025-09-30,-0.009259656455101961,0.0249339089750662,0.09125149340875183,0.648936170212766,1.4386822483654609,range,0.25517241379310346,0.5310344827586206,0.3931034482758621,0.3103448275862069,1.0
801140.SI,2025-09-30,-0.005411198369613013,0.0681522292873451,0.135997190658941,0.5928571428571429,1.4386822483654609,range,0.4310344827586207,0.6551724137931034,0.5431034482758621,0.5517241379310345,1.0
801150.SI,2025-09-30,-0.017106878827562233,0.14897066163185224,0.20588219370172944,0.7579185520361991,1.4386822483654609,range,0.5379310344827586,0.4172413793103448,0.4775862068965517,0.4482758620689655,1.0
801160.SI,2025-09-30,0.004058050474339048,0.02150055991041433,0.05461708272618604,0.712,1.4386822483654609,range,0.2413793103448276,0.496551724137931,0.3689655172413793,0.2413793103448276,1.0
801170.SI,2025-09-30,-0.012835286400624035,0.00609805675258146,0.037130165116084246,0.5546218487394958,1.4386822483654609,range,0.1310344827586207,0.28965517241379307,0.21034482758620687,0.13793103448275862,1.0
801180.SI,2025-09-30,0.0815263710335794,0.20053277566161287,0.18683455326773424,0.8762886597938144,1.4386822483654609,advance,0.7275862068965518,0.6551724137931034,0.6913793103448276,0.7586206896551724,1.0
801200.SI,2025-09-30,-0.039068872482379335,0.05249051624608292,0.11800290055383056,0.5806451612903226,1.4386822483654609,range,0.31724137931034485,0.4275862068965517,0.37241379310344824,0.27586206896551724,1.0
801210.SI,2025-09-30,-0.047641189746649104,0.0518107792873157,0.042055850476620193,0.6301369863013698,1.4386822483654609,range,0.23793103448275865,0.4620689655172414,0.35000000000000003,0.20689655172413793,1.0
801230.SI,2025-09-30,-0.005507584844609337,0.3276527001565974,0.4364539668941041,0.625,1.4386822483654609,range,0.7793103448275862,0.44482758620689655,0.6120689655172413,0.6896551724137931,1.0
801710.SI,2025-09-30,-0.00711888887406853,0.20153528291357858,0.16472941860205204,0.8235294117647058,1.4386822483654609,range,0.6275862068965516,0.4793103448275862,0.5534482758620689,0.5862068965517241,1.0
801720.SI,2025-09-30,0.013403131257086143,0.08799564890834222,0.12056998660926244,0.7253521126760564,1.4386822483654609,range,0.5,0.5793103448275863,0.5396551724137931,0.5172413793103449,1.0
801730.SI,2025-09-30,0.21169681321469147,0.4466808864179672,0.4471028127358163,0.8575581395348837,1.4386822483654609,advance,0.9344827586206896,0.6413793103448275,0.7879310344827586,0.8620689655172413,1.0
801740.SI,2025-09-30,-0.07213813053314189,0.05101661145518266,0.20880584755765086,0.5275590551181102,1.4386822483654609,range,0.37241379310344824,0.5620689655172413,0.46724137931034476,0.41379310344827586,1.0
801750.SI,2025-09-30,-0.019545292640760437,0.17592901322041232,0.1897363455233556,0.683076923076923,1.4386822483654609,range,0.5724137931034482,0.5793103448275863,0.5758620689655172,0.6551724137931034,1.0
801760.SI,2025-09-30,0.05345506666827271,0.20325505248531384,0.30342319786590366,0.5725806451612904,1.4386822483654609,advance,0.8172413793103448,0.9310344827586207,0.8741379310344828,1.0,1.0
801770.SI,2025-09-30,-0.001462039555490513,0.48645786328013485,0.6453339222915002,0.7,1.4386822483654609,range,0.9103448275862069,0.22758620689655173,0.5689655172413793,0.6206896551724138,1.0
801880.SI,2025-09-30,0.05171870555264291,0.17916685140080935,0.15272453239602823,0.8076923076923077,1.4386822483654609,advance,0.6586206896551724,0.9379310344827587,0.7982758620689656,0.896551724137931,1.0
801890.SI,2025-09-30,0.0528985324206217,0.25623700310418607,0.2414064221768213,0.8232931726907631,1.4386822483654609,advance,0.8172413793103449,0.8862068965517241,0.8517241379310345,0.9655172413793104,1.0
801950.SI,2025-09-30,0.018834371013499274,0.05003492908218932,0.03007634587027752,0.918918918918919,1.4386822483654609,range,0.3137931034482758,0.4896551724137931,0.40172413793103445,0.3448275862068966,1.0
801960.SI,2025-09-30,-0.03952731632128781,0.017554364096562747,0.029490321337114933,0.4888888888888889,1.4386822483654609,range,0.1,0.15862068965517243,0.12931034482758622,0.06896551724137931,1.0
801970.SI,2025-09-30,0.007723245210450536,0.07789967265327791,0.12800393484361883,0.652542372881356,1.4386822483654609,range,0.4724137931034483,0.9275862068965517,0.7,0.7931034482758621,1.0
801980.SI,2025-09-30,-0.05002335505221234,0.030113383940816085,0.08082363909043,0.5517241379310345,1.4386822483654609,range,0.2,0.08620689655172414,0.14310344827586208,0.10344827586206896,1.0
801010.SI,2025-10-31,-0.0059374409629449065,0.06215080274815987,0.13605835588763715,0.6470588235294118,1.1792571406698718,range,0.3689655172413793,0.4586206896551724,0.41379310344827586,0.2413793103448276,1.0
801030.SI,2025-10-31,0.005457321075226007,0.10909139662407652,0.24639598375179284,0.6578947368421053,1.1792571406698718,range,0.6758620689655173,0.8241379310344827,0.75,0.9655172413793104,1.0
801040.SI,2025-10-31,0.05163244023744595,0.0576861791176031,0.2305255451157815,0.7045454545454546,1.1792571406698718,range,0.5827586206896552,0.4724137931034483,0.5275862068965518,0.5862068965517241,1.0
801050.SI,2025-10-31,0.050026957904195646,0.4082633871209971,0.6499335279703875,0.9076923076923077,1.1792571406698718,advance,0.9586206896551724,0.5689655172413793,0.7637931034482759,1.0,1.0
801080.SI,2025-10-31,-0.03527200256320562,0.33584669894357244,0.5058994918384434,0.8109339407744874,1.1792571406698718,range,0.7448275862068965,0.17586206896551723,0.4603448275862069,0.3448275862068966,1.0
801110.SI,2025-10-31,0.007043516576952902,0.08319073051938397,0.09400644421806437,0.6703296703296703,1.1792571406698718,range,0.4482758620689655,0.4862068965517241,0.4672413793103448,0.41379310344827586,1.0
801120.SI,2025-10-31,-0.004808450861186864,0.01737257037051254,-0.041809379184312156,0.5785123966942148,1.1792571406698718,range,0.17241379310344826,0.34827586206896555,0.2603448275862069,0.06896551724137931,1.0
801130.SI,2025-10-31,0.02720356281313796,0.045294324991187906,0.13791969302453055,0.74,1.1792571406698718,range,0.4,0.993103448275862,0.6965517241379311,0.9310344827586207,1.0
801140.SI,2025-10-31,0.012855275476497452,0.07187254645380792,0.17508274328575402,0.6778523489932886,1.1792571406698718,range,0.48965517241379314,0.9,0.6948275862068966,0.896551724137931,1.0
801150.SI,2025-10-31,-0.018261042323997834,-0.009906100894843228,0.2088766278102272,0.3579175704989154,1.1792571406698718,range,0.2655172413793103,0.6448275862068966,0.45517241379310347,0.3103448275862069,1.0
801160.SI,2025-10-31,0.04473117034083063,0.07549676770946023,0.08595312117029374,0.7795275590551181,1.1792571406698718,range,0.47241379310344833,0.20344827586206898,0.33793103448275863,0.13793103448275862,1.0
801170.SI,2025-10-31,0.028047159815383527,0.03658249508823075,0.07960583700700163,0.6991869918699187,1.1792571406698718,range,0.31724137931034485,0.6103448275862069,0.46379310344827585,0.3793103448275862,1.0
801180.SI,2025-10-31,-0.02371126751801056,0.124244189933995,0.177790342191245,0.7216494845360825,1.1792571406698718,range,0.5413793103448277,0.0793103448275862,0.31034482758620696,0.10344827586206896,1.0
801200.SI,2025-10-31,0.012388725650233967,0.0455401657068617,0.1125403621229879,0.5473684210526316,1.1792571406698718,range,0.3620689655172414,0.9482758620689655,0.6551724137931034,0.7241379310344828,1.0
801210.SI,2025-10-31,0.0026888035227357054,0.0031508635785515438,0.08882664449210043,0.4594594594594595,1.1792571406698718,range,0.21724137931034482,0.8,0.5086206896551724,0.46551724137931033,1.0
801230.SI,2025-10-31,0.0016694135219832429,0.2142635819045653,0.4884471735139584,0.8125,1.1792571406698718,advance,0.7793103448275862,0.596551724137931,0.6879310344827586,0.8620689655172413,1.0
801710.SI,2025-10-31,0.013067467590415882,0.07373958040933881,0.22416352049571908,0.6619718309859155,1.1792571406698718,range,0.5862068965517242,0.7448275862068965,0.6655172413793103,0.7931034482758621,1.0
801720.SI,2025-10-31,0.02519008012645041,0.05818353366684037,0.16460337806045477,0.6438356164383562,1.1792571406698718,range,0.45862068965517244,0.6620689655172414,0.5603448275862069,0.6206896551724138,1.0
801730.SI,2025-10-31,0.009846182745308463,0.4117024361155637,0.5924348291603734,0.8430232558139535,1.1792571406698718,advance,0.896551724137931,0.1206896551724138,0.5086206896551724,0.46551724137931033,1.0
801740.SI,2025-10-31,-0.019904872297054177,-0.0006695310953528377,0.21466683650362328,0.4,1.1792571406698718,range,0.28620689655172415,0.5344827586206896,0.4103448275862069,0.20689655172413793,1.0
801750.SI,2025-10-31,-0.022765051764530808,0.10646494642642157,0.22249096056344886,0.5963302752293578,1.1792571406698718,range,0.5655172413793103,0.1586206896551724,0.3620689655172413,0.1724137931034483,1.0
801760.SI,2025-10-31,-0.060358331141880384,0.09581844365032799,0.2526216315083527,0.424,1.1792571406698718,range,0.5551724137931034,0.6103448275862069,0.5827586206896551,0.6896551724137931,1.0
801770.SI,2025-10-31,-0.004487536914276391,0.33610037860940034,0.755462411326856,0.6239316239316239,1.1792571406698718,range,0.8482758620689654,0.29655172413793107,0.5724137931034483,0.6551724137931034,1.0
801880.SI,2025-10-31,-0.035843328558589294,0.13213149915473776,0.15681654796657574,0.7576923076923077,1.1792571406698718,range,0.5310344827586206,0.49310344827586206,0.5120689655172413,0.5172413793103449,1.0
801890.SI,2025-10-31,-0.016308728696453167,0.16948746470437248,0.2806198935612023,0.7666666666666667,1.1792571406698718,range,0.7241379310344828,0.596551724137931,0.6603448275862069,0.7586206896551724,1.0
801950.SI,2025-10-31,0.10020145691849391,0.1258706220286019,0.18453298350522918,0.972972972972973,1.1792571406698718,range,0.7344827586206897,0.13448275862068965,0.43448275862068964,0.27586206896551724,1.0
801960.SI,2025-10-31,0.04727006882778784,0.01968341601670187,0.10144682925914461,0.6666666666666666,1.1792571406698718,range,0.3551724137931035,0.6793103448275862,0.5172413793103449,0.5517241379310345,1.0
801970.SI,2025-10-31,0.025834119916280374,0.08832445317644755,0.19396960921873618,0.734375,1.1792571406698718,range,0.6103448275862069,0.7275862068965517,0.6689655172413793,0.8275862068965517,1.0
801980.SI,2025-10-31,-0.038448236348105125,-0.024060360249865687,-0.020929946412888034,0.5862068965517241,1.1792571406698718,range,0.05172413793103448,0.13103448275862067,0.09137931034482757,0.034482758620689655,1.0
801010.SI,2025-11-30,0.015129096190915625,-0.003142652425307979,0.12536493604213694,0.5436893203883495,0.9794723017430887,range,0.5137931034482759,0.7241379310344828,0.6189655172413793,0.7241379310344828,1.0
801030.SI,2025-11-30,0.012289087300148438,0.030194621460030158,0.23733196213847307,0.4946236559139785,0.9794723017430887,range,0.7275862068965517,0.9827586206896552,0.8551724137931035,0.9655172413793104,1.0
801040.SI,2025-11-30,-0.006228236451774061,0.043053581793799145,0.22664381852676563,0.5,0.9794723017430887,range,0.7655172413793103,0.2413793103448276,0.503448275862069,0.4827586206896552,1.0
801050.SI,2025-11-30,-0.02616462397486885,0.15333543314944342,0.5844091860362994,0.6,0.9794723017430887,range,0.8482758620689655,0.49655172413793097,0.6724137931034483,0.7931034482758621,1.0
801080.SI,2025-11-30,-0.050432739842687146,0.016505918385319562,0.4719134556119955,0.38724373576309795,0.9794723017430887,range,0.5724137931034482,0.4275862068965517,0.49999999999999994,0.4482758620689655,1.0
801110.SI,2025-11-30,0.0007069010250613239,0.015516450807116389,0.05779452745684566,0.4157303370786517,0.9794723017430887,range,0.4517241379310345,0.8827586206896552,0.6672413793103449,0.7586206896551724,1.0
801120.SI,2025-11-30,0.008445132570723324,-0.03800589774800489,-0.03250656616917391,0.3389830508474576,0.9794723017430887,range,0.2448275862068966,0.2689655172413793,0.25689655172413794,0.10344827586206896,1.0
801130.SI,2025-11-30,0.029475877351446522,0.047689375601326134,0.10485465755018164,0.693069306930693,0.9794723017430887,range,0.7448275862068966,0.6103448275862069,0.6775862068965517,0.8275862068965517,1.0
801140.SI,2025-11-30,0.02316932266573657,0.030714699836609904,0.14702087101031336,0.6319444444444444,0.9794723017430887,range,0.7344827586206897,0.6931034482758621,0.7137931034482758,0.8620689655172413,1.0
801150.SI,2025-11-30,-0.036175861264697406,-0.06996322892613682,0.09484463781291619,0.31662870159453305,0.9794723017430887,range,0.16896551724137931,0.46551724137931033,0.3172413793103448,0.1724137931034483,1.0
801160.SI,2025-11-30,-0.017565116849999618,0.030545448503879413,0.04274186769773891,0.5196850393700787,0.9794723017430887,range,0.5,0.14482758620689656,0.3224137931034483,0.22413793103448276,1.0
801170.SI,2025-11-30,-0.026928233593473627,-0.012476288403921565,-0.0047570551818401086,0.48360655737704916,0.9794723017430887,range,0.2724137931034483,0.1482758620689655,0.21034482758620693,0.06896551724137931,1.0
801180.SI,2025-11-30,-0.028102059543230085,0.02620955080875942,0.14971405023468987,0.6391752577319587,0.9794723017430887,range,0.5758620689655173,0.06896551724137931,0.3224137931034483,0.22413793103448276,1.0
801200.SI,2025-11-30,0.0016210103581271174,-0.02558718340200372,0.09620008940966085,0.49473684210526314,0.9794723017430887,range,0.3620689655172414,0.6896551724137931,0.5258620689655172,0.5517241379310345,1.0
801210.SI,2025-11-30,0.012341071098396661,-0.03329575438280963,0.111772978086079,0.4583333333333333,0.9794723017430887,range,0.39655172413793105,0.7000000000000001,0.5482758620689656,0.6206896551724138,1.0
801230.SI,2025-11-30,0.04066367541360094,0.03665986162193069,0.4785137293851518,0.75,0.9794723017430887,range,0.8827586206896552,0.8793103448275862,0.8810344827586207,1.0,1.0
801710.SI,2025-11-30,-0.02014495883487355,-0.014407365839623099,0.18346931958064672,0.5,0.9794723017430887,range,0.4517241379310345,0.5689655172413792,0.5103448275862068,0.5172413793103449,1.0
801720.SI,2025-11-30,-0.013393147389636595,0.025016283501797076,0.11651837564839007,0.5782312925170068,0.9794723017430887,range,0.5655172413793104,0.3448275862068966,0.45517241379310347,0.3448275862068966,1.0
801730.SI,2025-11-30,-0.034849339169490845,0.1809847951386172,0.5042679676682384,0.5964912280701754,0.9794723017430887,range,0.8206896551724138,0.15517241379310345,0.4879310344827586,0.41379310344827586,1.0
801740.SI,2025-11-30,-0.015619265119693249,-0.10481115131735796,0.1244310165837037,0.1984126984126984,0.9794723017430887,range,0.2931034482758621,0.5482758620689654,0.42068965517241375,0.3103448275862069,1.0
801750.SI,2025-11-30,-0.05261678514434931,-0.0922793574673999,0.16608558622906333,0.2826086956521739,0.9794723017430887,range,0.2551724137931034,0.3758620689655172,0.3155172413793103,0.13793103448275862,1.0
801760.SI,2025-11-30,0.016877175050497684,0.0065764908519325704,0.24629403167596275,0.46875,0.9794723017430887,range,0.6379310344827587,0.9482758620689655,0.7931034482758621,0.9310344827586207,1.0
801770.SI,2025-11-30,0.018452174742821015,0.012399497668778903,0.7195012608573832,0.27350427350427353,0.9794723017430887,range,0.7137931034482758,0.8172413793103448,0.7655172413793103,0.896551724137931,1.0
801880.SI,2025-11-30,-0.050758247633424514,-0.037448353366933085,0.08252779571049418,0.42745098039215684,0.9794723017430887,range,0.1793103448275862,0.7724137931034483,0.47586206896551725,0.3793103448275862,1.0
801890.SI,2025-11-30,-0.03395328192296254,0.0005607618277803095,0.22746259776640176,0.4530612244897959,0.9794723017430887,range,0.48275862068965514,0.7034482758620689,0.593103448275862,0.6896551724137931,1.0
801950.SI,2025-11-30,-0.030676722380758137,0.08653681384589018,0.10646631119728567,0.7027027027027027,0.9794723017430887,range,0.6344827586206897,0.12413793103448276,0.37931034482758624,0.27586206896551724,1.0
801960.SI,2025-11-30,0.028953058757427597,0.034997431066963625,0.11240267270418025,0.5652173913043478,0.9794723017430887,range,0.7172413793103449,0.3344827586206897,0.5258620689655173,0.5862068965517241,1.0
801970.SI,2025-11-30,-0.0202328325965635,0.012841058301713115,0.0950297055157805,0.6218487394957983,0.9794723017430887,range,0.4241379310344828,0.6862068965517241,0.5551724137931034,0.6551724137931034,1.0
801980.SI,2025-11-30,-0.035470059542897725,-0.11894846846276252,-0.07912386169460106,0.32142857142857145,0.9794723017430887,range,0.062068965517241385,0.19655172413793104,0.12931034482758622,0.034482758620689655,1.0
801010.SI,2025-12-31,-0.003349803759001291,0.005721534018837904,0.11586055111803151,0.47572815533980584,0.917835665729398,range,0.43103448275862066,0.44482758620689655,0.4379310344827586,0.3448275862068966,1.0
801030.SI,2025-12-31,0.04427253750877713,0.06287465906936274,0.24122533100174892,0.4842105263157895,0.917835665729398,range,0.7758620689655172,0.8413793103448275,0.8086206896551724,1.0,1.0
801040.SI,2025-12-31,0.021027786306416996,0.06705839884485809,0.253074528164138,0.6590909090909091,0.917835665729398,range,0.7689655172413793,0.5517241379310345,0.6603448275862069,0.6551724137931034,1.0
801050.SI,2025-12-31,0.1368121200977741,0.16245109559687565,0.6485847438187313,0.6030534351145038,0.917835665729398,range,0.9827586206896552,0.46896551724137936,0.7258620689655173,0.8620689655172413,1.0
801080.SI,2025-12-31,0.05153899838760134,-0.03671233601509705,0.42176402958849435,0.3632183908045977,0.917835665729398,range,0.5482758620689655,0.9758620689655173,0.7620689655172415,0.9310344827586207,1.0
801110.SI,2025-12-31,0.012243929394988529,0.020094282595362056,0.10429136094844771,0.43333333333333335,0.917835665729398,range,0.4965517241379311,0.5448275862068965,0.5206896551724138,0.43103448275862066,1.0
801120.SI,2025-12-31,-0.052169842306986514,-0.04876137520052326,-0.025533625432320073,0.4576271186440678,0.917835665729398,range,0.13103448275862067,0.0896551724137931,0.1103448275862069,0.034482758620689655,1.0
801130.SI,2025-12-31,-0.01023613296444259,0.04665676996350587,0.07275401459391273,0.5876288659793815,0.917835665729398,range,0.4896551724137931,0.15172413793103448,0.32068965517241377,0.2413793103448276,1.0
801140.SI,2025-12-31,0.037567808274633574,0.07525480913603366,0.14853582143059296,0.6267605633802817,0.917835665729398,range,0.7551724137931035,0.45172413793103444,0.603448275862069,0.5862068965517241,1.0
801150.SI,2025-12-31,-0.04097494314966865,-0.09254775718841224,0.04263600382253818,0.2746478873239437,0.917835665729398,range,0.08275862068965517,0.4689655172413793,0.27586206896551724,0.20689655172413793,1.0
801160.SI,2025-12-31,-0.024618112933779357,0.0011127980044098873,0.022637283694986188,0.3709677419354839,0.917835665729398,range,0.23793103448275865,0.06551724137931034,0.1517241379310345,0.10344827586206896,1.0
801170.SI,2025-12-31,0.02342322934478691,0.023795413321839654,0.030038575855309002,0.5,0.917835665729398,range,0.4413793103448276,0.28620689655172415,0.36379310344827587,0.27586206896551724,1.0
801180.SI,2025-12-31,-0.039636851606586254,-0.08875653749963708,0.09397764333905956,0.3645833333333333,0.917835665729398,range,0.16896551724137931,0.37931034482758624,0.2741379310344828,0.1724137931034483,1.0
801200.SI,2025-12-31,0.03997029379947459,0.05456088801828285,0.10991533344329008,0.5531914893617021,0.917835665729398,range,0.6689655172413793,0.6758620689655173,0.6724137931034483,0.7241379310344828,1.0
801210.SI,2025-12-31,-0.0057345629083251914,0.009242114378362531,0.06153173481388374,0.5352112676056338,0.917835665729398,range,0.34827586206896555,0.6172413793103448,0.4827586206896552,0.3793103448275862,1.0
801230.SI,2025-12-31,0.002074042287985245,0.04456295712509406,0.3868168305106914,0.6428571428571429,0.917835665729398,range,0.7,0.7896551724137931,0.7448275862068965,0.896551724137931,1.0
801710.SI,2025-12-31,0.03682043152115089,0.029209407655474973,0.23663141680463773,0.5714285714285714,0.917835665729398,range,0.6586206896551724,0.693103448275862,0.6758620689655173,0.7931034482758621,1.0
801720.SI,2025-12-31,0.0002259355142386621,0.011688082916355258,0.10071223226541659,0.4217687074829932,0.917835665729398,range,0.45517241379310347,0.28620689655172415,0.3706896551724138,0.3103448275862069,1.0
801730.SI,2025-12-31,0.012655902591308,-0.013011166964413179,0.4278578798605577,0.4186046511627907,0.917835665729398,range,0.5448275862068965,0.7172413793103447,0.6310344827586206,0.6206896551724138,1.0
801740.SI,2025-12-31,0.1722358344282282,0.13095761506969006,0.18865524028998037,0.7099236641221374,0.917835665729398,range,0.8551724137931034,0.7586206896551724,0.8068965517241379,0.9655172413793104,1.0
801750.SI,2025-12-31,-0.002486481313107136,-0.07648603722225955,0.08598686294450086,0.3188854489164087,0.917835665729398,range,0.2482758620689655,0.8241379310344827,0.5362068965517242,0.5172413793103449,1.0
801760.SI,2025-12-31,-0.019145855520587785,-0.0627937023358982,0.1276982128853854,0.3333333333333333,0.917835665729398,range,0.2931034482758621,0.7482758620689656,0.5206896551724138,0.43103448275862066,1.0
801770.SI,2025-12-31,0.12058205282797507,0.13613778576296398,0.6888209454170389,0.5042016806722689,0.917835665729398,range,0.9517241379310344,0.3793103448275862,0.6655172413793102,0.6896551724137931,1.0
801880.SI,2025-12-31,0.057136723139882495,-0.03248968740183178,0.14085608900419477,0.416988416988417,0.917835665729398,range,0.47931034482758617,0.9551724137931034,0.7172413793103447,0.8275862068965517,1.0
801890.SI,2025-12-31,0.08592014379771373,0.031940925840626466,0.29636237605858784,0.4939516129032258,0.917835665729398,range,0.7551724137931035,0.593103448275862,0.6741379310344828,0.7586206896551724,1.0
801950.SI,2025-12-31,-0.03556934076332674,0.02851792742318282,0.07997974898156213,0.4722222222222222,0.917835665729398,range,0.40344827586206894,0.08275862068965517,0.24310344827586206,0.13793103448275862,1.0
801960.SI,2025-12-31,0.0700770268145976,0.15310616597125626,0.173348211450707,0.5777777777777777,0.917835665729398,range,0.8517241379310344,0.19655172413793104,0.5241379310344827,0.4827586206896552,1.0
801970.SI,2025-12-31,-0.00038790155466861265,0.004688718348586196,0.08295364062638244,0.44715447154471544,0.917835665729398,range,0.36551724137931035,0.7862068965517242,0.5758620689655173,0.5517241379310345,1.0
801980.SI,2025-12-31,-0.017046092742605823,-0.08836385607433794,-0.060911406857979356,0.32142857142857145,0.917835665729398,range,0.1103448275862069,0.17586206896551726,0.14310344827586208,0.06896551724137931,1.0
801010.SI,2026-01-31,-0.0014628337582180961,0.010248622159476639,0.07303638500191045,0.6601941747572816,1.3324990472634466,range,0.2655172413793103,0.27586206896551724,0.2706896551724138,0.20689655172413793,1.0
801030.SI,2026-01-31,0.1272116622716637,0.19158186640362285,0.3215731964015178,0.7908163265306123,1.3324990472634466,advance,0.8517241379310345,0.48275862068965514,0.6672413793103449,0.7586206896551724,1.0
801040.SI,2026-01-31,0.07069414634696414,0.08639971318837647,0.14906996163667396,0.6744186046511628,1.3324990472634466,range,0.6310344827586207,0.7172413793103449,0.6741379310344828,0.7931034482758621,1.0
801050.SI,2026-01-31,0.22594037763763009,0.3571991884529655,0.9112939261286417,0.8074074074074075,1.3324990472634466,advance,1.0,0.2896551724137931,0.6448275862068966,0.6896551724137931,1.0
801080.SI,2026-01-31,0.10507782044768321,0.10342794550265921,0.4740105785218156,0.7149321266968326,1.3324990472634466,range,0.7724137931034483,0.9137931034482758,0.843103448275862,0.9655172413793104,1.0
801110.SI,2026-01-31,-0.009684802993731312,0.003149172606980555,0.08660188509607059,0.5161290322580645,1.3324990472634466,range,0.2103448275862069,0.10344827586206898,0.15689655172413794,0.10344827586206896,1.0
801120.SI,2026-01-31,0.0010229494611171397,-0.04318752037022078,-0.026565228236467897,0.48760330578512395,1.3324990472634466,range,0.1103448275862069,0.1896551724137931,0.15,0.06896551724137931,1.0
801130.SI,2026-01-31,0.05932641109134629,0.07938796155791605,0.12827811068029615,0.6213592233009708,1.3324990472634466,range,0.5310344827586206,0.4689655172413793,0.5,0.4482758620689655,1.0
801140.SI,2026-01-31,0.05073782779226654,0.11547121274879557,0.19564296930496883,0.7114093959731543,1.3324990472634466,range,0.6379310344827587,0.45862068965517244,0.5482758620689656,0.5172413793103449,1.0
801150.SI,2026-01-31,0.031379250205019416,-0.04666367116220993,-0.05610751702239658,0.3847826086956522,1.3324990472634466,range,0.1103448275862069,0.6310344827586207,0.3706896551724138,0.3103448275862069,1.0
801160.SI,2026-01-31,0.03185882761299497,-0.011222113991114502,0.06342742038514948,0.515625,1.3324990472634466,range,0.2,0.30689655172413793,0.253448275862069,0.1724137931034483,1.0
801170.SI,2026-01-31,-0.0037893804378332785,-0.0079094589460168,0.028383688399170603,0.46774193548387094,1.3324990472634466,range,0.1586206896551724,0.034482758620689655,0.09655172413793103,0.034482758620689655,1.0
801180.SI,2026-01-31,0.043036926115907814,-0.026455444535073314,0.09450181012331771,0.45918367346938777,1.3324990472634466,range,0.24482758620689654,0.4758620689655173,0.3603448275862069,0.27586206896551724,1.0
801200.SI,2026-01-31,0.005260898459912733,0.04713614337127159,0.09482289685804335,0.6736842105263158,1.3324990472634466,range,0.3931034482758621,0.5862068965517241,0.4896551724137931,0.3793103448275862,1.0
801210.SI,2026-01-31,0.05926484581980329,0.06618792283902053,0.06954733553298564,0.7702702702702703,1.3324990472634466,range,0.4344827586206897,0.8896551724137931,0.6620689655172414,0.7241379310344828,1.0
801230.SI,2026-01-31,0.09971528199063018,0.14680735125249877,0.3925264020863459,0.6666666666666666,1.3324990472634466,range,0.796551724137931,0.9310344827586207,0.8637931034482758,1.0,1.0
801710.SI,2026-01-31,0.1331092609340181,0.1511639141158685,0.2360502581251449,0.6571428571428571,1.3324990472634466,advance,0.7827586206896552,0.4275862068965517,0.6051724137931034,0.5517241379310345,1.0
801720.SI,2026-01-31,0.06440766501331763,0.05038916288184847,0.11150451610366874,0.5637583892617449,1.3324990472634466,range,0.4965517241379311,0.4724137931034483,0.4844827586206897,0.3448275862068966,1.0
801730.SI,2026-01-31,0.04046200374099329,0.01691168064670512,0.4355766968833257,0.5660919540229885,1.3324990472634466,range,0.5448275862068965,0.8103448275862069,0.6775862068965517,0.8275862068965517,1.0
801740.SI,2026-01-31,0.0408692974130096,0.2010865322434996,0.20028236746195316,0.7846153846153846,1.3324990472634466,advance,0.7206896551724138,0.5586206896551724,0.6396551724137931,0.603448275862069,1.0
801750.SI,2026-01-31,0.0694152661736318,0.010626904105614399,0.11822324330831901,0.5184049079754601,1.3324990472634466,range,0.4517241379310345,0.603448275862069,0.5275862068965518,0.4827586206896552,1.0
801760.SI,2026-01-31,0.1794056289572885,0.17634883551142577,0.2890647501200063,0.7401574803149606,1.3324990472634466,advance,0.8241379310344827,0.7379310344827587,0.7810344827586206,0.9310344827586207,1.0
801770.SI,2026-01-31,0.06807136936701119,0.21894630717944152,0.6286346225269821,0.7333333333333333,1.3324990472634466,advance,0.8862068965517241,0.4,0.6431034482758621,0.6551724137931034,1.0
801880.SI,2026-01-31,0.002582456844137493,0.006069755008334177,0.13900325999182517,0.5019011406844106,1.3324990472634466,range,0.33793103448275863,0.32413793103448274,0.3310344827586207,0.2413793103448276,1.0
801890.SI,2026-01-31,0.06315065117425256,0.11529775579586099,0.3043267448161777,0.6487523992322457,1.3324990472634466,range,0.6896551724137931,0.8137931034482757,0.7517241379310344,0.896551724137931,1.0
801950.SI,2026-01-31,0.07856538060403895,0.008291547764641916,0.13520583206795922,0.4864864864864865,1.3324990472634466,range,0.4620689655172414,0.5241379310344827,0.49310344827586206,0.41379310344827586,1.0
801960.SI,2026-01-31,0.16305581542791336,0.28059310779289315,0.30579955468170184,0.8913043478260869,1.3324990472634466,advance,0.906896551724138,0.37241379310344824,0.6396551724137931,0.603448275862069,1.0
801970.SI,2026-01-31,0.05935920347204493,0.03752275318544607,0.12916138301867286,0.6328125,1.3324990472634466,range,0.4793103448275862,0.9379310344827587,0.7086206896551724,0.8620689655172413,1.0
801980.SI,2026-01-31,0.004381819095982564,-0.047757174182476936,-0.07066847961699663,0.35714285714285715,1.3324990472634466,range,0.06896551724137931,0.26206896551724135,0.16551724137931034,0.13793103448275862,1.0
801010.SI,2026-02-28,-0.0014239937060754881,-0.006224884829601263,-0.009347974605502185,0.6078431372549019,1.0117635418322548,range,0.1413793103448276,0.6758620689655173,0.4086206896551724,0.27586206896551724,1.0
801030.SI,2026-02-28,0.05733280931800433,0.24460356052753496,0.2821838939054695,0.8724489795918368,1.0117635418322548,range,0.8241379310344827,0.45517241379310347,0.6396551724137931,0.6896551724137931,1.0
801040.SI,2026-02-28,0.10023156339697459,0.20278246852932136,0.2545665619182962,0.8837209302325582,1.0117635418322548,range,0.8206896551724139,0.5103448275862069,0.6655172413793105,0.7586206896551724,1.0
801050.SI,2026-02-28,0.021361157809675957,0.4234341538860886,0.6416970464319236,0.9629629629629629,1.0117635418322548,range,0.8896551724137931,0.10689655172413794,0.4982758620689655,0.41379310344827586,1.0
801080.SI,2026-02-28,0.02092811018806029,0.18635156707498068,0.20593338921741644,0.8522727272727273,1.0117635418322548,range,0.6241379310344828,0.8103448275862069,0.7172413793103448,0.8620689655172413,1.0
801110.SI,2026-02-28,0.010161994633239413,0.012627341809420933,0.028339724144547995,0.5978260869565217,1.0117635418322548,range,0.2655172413793104,0.8172413793103448,0.5413793103448276,0.5172413793103449,1.0
801120.SI,2026-02-28,0.001288005716256757,-0.04997820046918666,-0.08608463184053039,0.38016528925619836,1.0117635418322548,range,0.08620689655172414,0.1793103448275862,0.13275862068965516,0.06896551724137931,1.0
801130.SI,2026-02-28,-0.0004284475804426924,0.04803378508800149,0.0980138619079427,0.6122448979591837,1.0117635418322548,range,0.3137931034482758,0.1413793103448276,0.2275862068965517,0.13793103448275862,1.0
801140.SI,2026-02-28,0.02761933388550375,0.12032266724620633,0.1547330416908237,0.7278911564625851,1.0117635418322548,range,0.5931034482758621,0.5482758620689655,0.5706896551724139,0.5862068965517241,1.0
801150.SI,2026-02-28,-0.0017508367114204004,-0.012613240996769859,-0.08169400685554906,0.5110619469026548,1.0117635418322548,range,0.08620689655172414,0.24482758620689654,0.16551724137931034,0.10344827586206896,1.0
801160.SI,2026-02-28,0.04535666902538482,0.052105920760952884,0.08424296798418318,0.8125,1.0117635418322548,range,0.4172413793103449,0.5172413793103449,0.4672413793103449,0.3793103448275862,1.0
801170.SI,2026-02-28,0.04116822843368273,0.061517954517914086,0.0482741503714077,0.7258064516129032,1.0117635418322548,range,0.4172413793103449,0.503448275862069,0.46034482758620693,0.3448275862068966,1.0
801180.SI,2026-02-28,-0.000792443510036156,0.0009004401666250494,0.027133591107681987,0.48484848484848486,1.0117635418322548,range,0.17586206896551726,0.08275862068965517,0.12931034482758622,0.034482758620689655,1.0
801200.SI,2026-02-28,-0.03540170038208301,0.008431066160688117,-0.017371844477443443,0.5376344086021505,1.0117635418322548,range,0.1413793103448276,0.3931034482758621,0.26724137931034486,0.20689655172413793,1.0
801210.SI,2026-02-28,0.009080076976751617,0.06275347505436768,0.027368296379480128,0.6933333333333334,1.0117635418322548,range,0.33448275862068966,0.7517241379310345,0.5431034482758621,0.5517241379310345,1.0
801230.SI,2026-02-28,0.18404702783551108,0.30481525187353453,0.35264959844940313,0.42857142857142855,1.0117635418322548,range,0.9551724137931035,0.6000000000000001,0.7775862068965518,0.9310344827586207,1.0
801710.SI,2026-02-28,0.08147767824450636,0.270553321475524,0.25224799495427797,0.8285714285714286,1.0117635418322548,range,0.8551724137931035,0.5137931034482759,0.6844827586206896,0.7931034482758621,1.0
801720.SI,2026-02-28,0.03445196288870367,0.10132737114615198,0.12887848889103326,0.7006802721088435,1.0117635418322548,range,0.5379310344827587,0.4758620689655172,0.506896551724138,0.4482758620689655,1.0
801730.SI,2026-02-28,0.05301331311056545,0.10948640604688764,0.31028657595436426,0.7988505747126436,1.0117635418322548,range,0.6896551724137931,0.7172413793103449,0.703448275862069,0.8275862068965517,1.0
801740.SI,2026-02-28,0.07265662250579519,0.3087958524200134,0.17161945228848907,0.8796992481203008,1.0117635418322548,range,0.8344827586206897,0.9137931034482758,0.8741379310344828,0.9655172413793104,1.0
801750.SI,2026-02-28,0.01558208943439987,0.08337847537924103,-0.016594994222766668,0.6523076923076923,1.0117635418322548,range,0.33448275862068966,0.5724137931034483,0.453448275862069,0.3103448275862069,1.0
801760.SI,2026-02-28,-0.049534159402615074,0.09952255022795531,0.10675355022102306,0.6031746031746031,1.0117635418322548,range,0.3931034482758621,0.2,0.29655172413793107,0.2413793103448276,1.0
801770.SI,2026-02-28,0.0022794355903728025,0.1995897765973047,0.21446408723571397,0.7768595041322314,1.0117635418322548,range,0.6344827586206896,0.5793103448275863,0.6068965517241379,0.6551724137931034,1.0
801880.SI,2026-02-28,0.026852141294154475,0.08832642437607352,0.047570391857467476,0.7230769230769231,1.0117635418322548,range,0.43103448275862066,0.8862068965517241,0.6586206896551724,0.7241379310344828,1.0
801890.SI,2026-02-28,0.07267280400603515,0.23839722098800342,0.23909166687716277,0.8723404255319149,1.0117635418322548,range,0.7965517241379311,1.0,0.8982758620689655,1.0,1.0
801950.SI,2026-02-28,0.07129801243730216,0.11436582203063117,0.21079948972791818,0.8918918918918919,1.0117635418322548,range,0.6586206896551724,0.506896551724138,0.5827586206896551,0.6206896551724138,1.0
801960.SI,2026-02-28,0.024386384947032047,0.274909611391033,0.31952817263230004,0.9148936170212766,1.0117635418322548,range,0.8241379310344827,0.2206896551724138,0.5224137931034483,0.4827586206896552,1.0
801970.SI,2026-02-28,0.07727418418078269,0.1407776405377541,0.1554264327291901,0.8267716535433071,1.0117635418322548,range,0.6827586206896552,0.8206896551724138,0.7517241379310344,0.896551724137931,1.0
801980.SI,2026-02-28,0.027491192337771864,0.014402016417085495,-0.10625954984126484,0.48148148148148145,1.0117635418322548,range,0.2413793103448276,0.25517241379310346,0.2482758620689655,0.1724137931034483,1.0
801010.SI,2026-03-31,-0.06086590863217378,-0.06357507044143285,-0.058217283350875726,0.36363636363636365,1.026600972077151,range,0.3620689655172414,0.7172413793103448,0.5396551724137931,0.6206896551724138,1.0
801030.SI,2026-03-31,-0.10300929923740887,0.06906748940510798,0.13628474332359364,0.570694087403599,1.026600972077151,range,0.7586206896551724,0.7758620689655171,0.7672413793103448,0.9655172413793104,1.0
801040.SI,2026-03-31,-0.15548010989256433,-0.005145862072853946,0.06156746350072195,0.40476190476190477,1.026600972077151,retreat,0.5482758620689655,0.29310344827586204,0.42068965517241375,0.2413793103448276,1.0
801050.SI,2026-03-31,-0.1721325566574189,0.03659590965905091,0.20499205087440364,0.5474452554744526,1.026600972077151,range,0.6241379310344828,0.6517241379310345,0.6379310344827587,0.8620689655172413,1.0
801080.SI,2026-03-31,-0.13513476963190063,-0.024254713397078742,-0.06007660222399236,0.43080357142857145,1.026600972077151,retreat,0.3413793103448276,0.8517241379310345,0.596551724137931,0.7241379310344828,1.0
801110.SI,2026-03-31,-0.0713150440308069,-0.07096328164342647,-0.05229495528330175,0.34065934065934067,1.026600972077151,range,0.3310344827586207,0.5172413793103448,0.4241379310344827,0.27586206896551724,1.0
801120.SI,2026-03-31,-0.028885330393575992,-0.026639848413565037,-0.07410222797030941,0.24786324786324787,1.026600972077151,range,0.44482758620689655,0.2517241379310345,0.34827586206896555,0.10344827586206896,1.0
801130.SI,2026-03-31,-0.072337100599972,-0.01772322457494402,0.028106636976557242,0.36082474226804123,1.026600972077151,range,0.5206896551724138,0.4862068965517241,0.503448275862069,0.4482758620689655,1.0
801140.SI,2026-03-31,-0.08734714060211879,-0.014555311415487604,0.05960414053805785,0.36363636363636365,1.026600972077151,retreat,0.5551724137931034,0.6586206896551724,0.6068965517241379,0.7586206896551724,1.0
801150.SI,2026-03-31,-0.03744849045496601,-0.008982498846573872,-0.10069894591278827,0.48253275109170307,1.026600972077151,range,0.4862068965517241,0.2,0.34310344827586203,0.06896551724137931,1.0
801160.SI,2026-03-31,0.012503926631371565,0.09214799877686963,0.0933633388904287,0.832,1.026600972077151,range,0.8758620689655172,0.13793103448275862,0.506896551724138,0.4827586206896552,1.0
801170.SI,2026-03-31,-0.05544562827667843,-0.02028662643839474,0.003026058222437733,0.4214876033057851,1.026600972077151,range,0.503448275862069,0.2103448275862069,0.3568965517241379,0.13793103448275862,1.0
801180.SI,2026-03-31,-0.11254110567160003,-0.07508113004018957,-0.15717372640589944,0.3469387755102041,1.026600972077151,retreat,0.1724137931034483,0.6241379310344828,0.39827586206896554,0.1724137931034483,1.0
801200.SI,2026-03-31,-0.11756317259228988,-0.14432487544322414,-0.09763848079225168,0.17708333333333334,1.026600972077151,retreat,0.1413793103448276,0.7586206896551724,0.44999999999999996,0.3793103448275862,1.0
801210.SI,2026-03-31,-0.10524394383516888,-0.04361041574913105,-0.034771353821209994,0.33766233766233766,1.026600972077151,retreat,0.38620689655172413,0.506896551724138,0.44655172413793104,0.3448275862068966,1.0
801230.SI,2026-03-31,-0.12703707401295505,0.1366977808818357,0.18735239535546278,0.21428571428571427,1.026600972077151,range,0.7793103448275862,0.1793103448275862,0.4793103448275862,0.41379310344827586,1.0
801710.SI,2026-03-31,-0.11717928546321343,0.08183708289435643,0.11343690326542744,0.5588235294117647,1.026600972077151,range,0.7448275862068966,0.6379310344827587,0.6913793103448276,0.896551724137931,1.0
801720.SI,2026-03-31,-0.04762861306880595,0.04863575186589997,0.06089229348276315,0.46938775510204084,1.026600972077151,range,0.693103448275862,0.35862068965517246,0.5258620689655172,0.5689655172413793,1.0
801730.SI,2026-03-31,-0.02538345244266882,0.06780971488556475,0.05391626439896613,0.6011396011396012,1.026600972077151,range,0.7517241379310345,0.7137931034482758,0.7327586206896552,0.9310344827586207,1.0
801740.SI,2026-03-31,-0.1593501008401842,-0.06141830078558885,0.06149612009158756,0.2781954887218045,1.026600972077151,retreat,0.3586206896551724,0.6620689655172414,0.5103448275862069,0.5172413793103449,1.0
801750.SI,2026-03-31,-0.149341677503251,-0.07611786784769903,-0.1467819509964804,0.28173374613003094,1.026600972077151,retreat,0.11724137931034484,0.7103448275862069,0.41379310344827586,0.20689655172413793,1.0
801760.SI,2026-03-31,-0.15017521711686221,-0.04735936756578707,-0.10717919987194291,0.29365079365079366,1.026600972077151,retreat,0.22413793103448276,0.6655172413793103,0.44482758620689655,0.3103448275862069,1.0
801770.SI,2026-03-31,-0.010235320685773264,0.05954899736800012,0.203793651777048,0.4957983193277311,1.026600972077151,range,0.8448275862068966,0.7827586206896552,0.8137931034482759,1.0,1.0
801880.SI,2026-03-31,-0.0904806843435112,-0.06364627862954275,-0.09406811833441087,0.2692307692307692,1.026600972077151,retreat,0.2793103448275862,0.9551724137931035,0.6172413793103448,0.7931034482758621,1.0
801890.SI,2026-03-31,-0.12893440751492213,-0.0066256573349513515,0.025103638876094125,0.375,1.026600972077151,retreat,0.4862068965517241,0.6448275862068966,0.5655172413793104,0.6896551724137931,1.0
801950.SI,2026-03-31,0.011105100609506868,0.1682965030289154,0.20161389791105222,0.918918918918919,1.026600972077151,range,0.9620689655172414,0.13793103448275862,0.55,0.6551724137931034,1.0
801960.SI,2026-03-31,-0.03170781565857306,0.15364126274770573,0.33027085339324547,0.7446808510638298,1.026600972077151,range,0.9482758620689655,0.10344827586206898,0.5258620689655172,0.5689655172413793,1.0
801970.SI,2026-03-31,-0.08104855307192593,0.04872606586673456,0.053643247014404594,0.6220472440944882,1.026600972077151,range,0.6448275862068966,0.593103448275862,0.6189655172413793,0.8275862068965517,1.0
801980.SI,2026-03-31,-0.11754440746129502,-0.0893115884065655,-0.16978352813717523,0.19230769230769232,1.026600972077151,retreat,0.11379310344827587,0.21379310344827587,0.16379310344827586,0.034482758620689655,1.0
801010.SI,2026-04-30,0.0219689289923235,-0.04160083901077616,-0.031778568131838214,0.297029702970297,1.0244211878058256,range,0.29655172413793107,0.2103448275862069,0.253448275862069,0.13793103448275862,1.0
801030.SI,2026-04-30,0.06737791963854023,0.012320108980038658,0.20626228485635334,0.40153452685422,1.0244211878058256,range,0.6965517241379311,0.9172413793103449,0.806896551724138,0.9137931034482759,1.0
801040.SI,2026-04-30,0.01643933955491761,-0.05555766195395129,0.026041885176186996,0.12195121951219512,1.0244211878058256,range,0.3103448275862069,0.6344827586206896,0.4724137931034482,0.4482758620689655,1.0
801050.SI,2026-04-30,0.07967477063115025,-0.08707921574866395,0.2390153475077581,0.34306569343065696,1.0244211878058256,range,0.4724137931034482,1.0,0.7362068965517241,0.8620689655172413,1.0
801080.SI,2026-04-30,0.2679297975675581,0.11953791925598756,0.2353294261569563,0.546875,1.0244211878058256,range,0.9068965517241379,0.8517241379310345,0.8793103448275862,1.0,1.0
801110.SI,2026-04-30,0.0627062629160744,-0.003051612192640052,8.795036081621355e-05,0.358695652173913,1.0244211878058256,range,0.5517241379310345,0.26896551724137935,0.41034482758620694,0.3103448275862069,1.0
801120.SI,2026-04-30,-0.011168919856301085,-0.038494801162962666,-0.08001982652381034,0.2782608695652174,1.0244211878058256,range,0.21034482758620693,0.12413793103448274,0.16724137931034483,0.034482758620689655,1.0
801130.SI,2026-04-30,0.04633183727002543,-0.029772643845138447,0.047251728207722055,0.44329896907216493,1.0244211878058256,range,0.4482758620689655,0.4482758620689655,0.4482758620689655,0.3793103448275862,1.0
801140.SI,2026-04-30,0.03563375996599172,-0.02872080828990442,0.08343397789453011,0.38028169014084506,1.0244211878058256,range,0.48275862068965514,0.5482758620689655,0.5155172413793103,0.5517241379310345,1.0
801150.SI,2026-04-30,0.010320781728384576,-0.029216870251354665,-0.07451717498776644,0.30616740088105726,1.0244211878058256,range,0.2931034482758621,0.12413793103448276,0.20862068965517244,0.06896551724137931,1.0
801160.SI,2026-04-30,0.0015588228617262612,0.06007763346480477,0.04818132142263187,0.6171875,1.0244211878058256,range,0.6,0.31034482758620685,0.4551724137931034,0.41379310344827586,1.0
801170.SI,2026-04-30,-0.0073095619634208076,-0.02374851376448872,-0.031470134815856476,0.2857142857142857,1.0244211878058256,range,0.35517241379310344,0.08275862068965517,0.2189655172413793,0.10344827586206896,1.0
801180.SI,2026-04-30,0.06975931657915568,-0.05138489976200522,-0.07648093393148458,0.34375,1.0244211878058256,range,0.32413793103448274,0.5241379310344828,0.4241379310344828,0.3448275862068966,1.0
801200.SI,2026-04-30,0.020251332641887165,-0.13156506189086925,-0.09063038813953594,0.21052631578947367,1.0244211878058256,range,0.11724137931034483,0.42068965517241375,0.2689655172413793,0.20689655172413793,1.0
801210.SI,2026-04-30,0.014815919448354586,-0.08374248506168036,-0.023097303362270116,0.24324324324324326,1.0244211878058256,range,0.21379310344827585,0.38275862068965516,0.2982758620689655,0.2413793103448276,1.0
801230.SI,2026-04-30,0.11241246157054552,0.149821955919053,0.3186242716794967,0.14285714285714285,1.0244211878058256,range,0.9482758620689655,0.43448275862068964,0.6913793103448276,0.7586206896551724,1.0
801710.SI,2026-04-30,0.10369320874980392,0.05375208069518056,0.21304136972080467,0.30303030303030304,1.0244211878058256,range,0.8,0.8344827586206898,0.8172413793103449,0.9655172413793104,1.0
801720.SI,2026-04-30,0.004074800411070223,-0.010803127535264356,0.03904167479357645,0.3916083916083916,1.0244211878058256,range,0.46551724137931033,0.3206896551724138,0.3931034482758621,0.27586206896551724,1.0
801730.SI,2026-04-30,0.08975605046642743,0.1183994161818982,0.1373134299438279,0.5673352435530086,1.0244211878058256,range,0.786206896551724,0.5689655172413793,0.6775862068965517,0.7241379310344828,1.0
801740.SI,2026-04-30,0.09283335933255521,-0.014560815743278721,0.1835977325557685,0.2734375,1.0244211878058256,range,0.6689655172413793,0.7448275862068966,0.7068965517241379,0.7931034482758621,1.0
801750.SI,2026-04-30,0.06602639061685411,-0.07904556270490537,-0.06925866821413029,0.2236024844720497,1.0244211878058256,range,0.2724137931034483,0.8827586206896552,0.5775862068965517,0.6206896551724138,1.0
801760.SI,2026-04-30,0.022321257059433552,-0.174241037210356,-0.028619405709279566,0.11290322580645161,1.0244211878058256,range,0.18620689655172412,0.8275862068965517,0.506896551724138,0.5172413793103449,1.0
801770.SI,2026-04-30,0.22230075500117508,0.21254775344383003,0.47803060633908445,0.5084745762711864,1.0244211878058256,range,0.993103448275862,0.46551724137931033,0.7293103448275862,0.8275862068965517,1.0
801880.SI,2026-04-30,0.04390831682107854,-0.02505032822757114,-0.019132622574456692,0.2981132075471698,1.0244211878058256,range,0.44482758620689655,0.5103448275862069,0.47758620689655173,0.4827586206896552,1.0
801890.SI,2026-04-30,0.10874897026885355,0.03597996982353324,0.15542613539365036,0.41568627450980394,1.0244211878058256,range,0.7413793103448276,0.8724137931034482,0.806896551724138,0.9137931034482759,1.0
801950.SI,2026-04-30,0.05469170401843915,0.14243665867364874,0.15190922679711938,0.6486486486486487,1.0244211878058256,range,0.7827586206896551,0.4068965517241379,0.5948275862068965,0.6551724137931034,1.0
801960.SI,2026-04-30,0.04567434160922468,0.03720995318965481,0.3282439173888614,0.5,1.0244211878058256,range,0.7482758620689656,0.3413793103448276,0.5448275862068965,0.5862068965517241,1.0
801970.SI,2026-04-30,0.06880468175643784,0.05807673677132952,0.09777868901646225,0.48031496062992124,1.0244211878058256,range,0.7206896551724139,0.5793103448275861,0.65,0.6896551724137931,1.0
801980.SI,2026-04-30,0.01640487955450598,-0.07841009494731555,-0.12242262456772901,0.37037037037037035,1.0244211878058256,range,0.16206896551724137,0.3620689655172414,0.26206896551724135,0.1724137931034483,1.0
801010.SI,2026-05-31,-0.130571328426218,-0.16555204198344875,-0.17074638441839773,0.10891089108910891,1.2718147377170776,retreat,0.1103448275862069,0.496551724137931,0.30344827586206896,0.06896551724137931,1.0
801030.SI,2026-05-31,-0.08925246475979731,-0.12802474679439202,0.08526350483159861,0.25,1.2718147377170776,retreat,0.403448275862069,0.8275862068965517,0.6155172413793104,0.7241379310344828,1.0
801040.SI,2026-05-31,-0.11566383293497529,-0.24088296952427746,-0.08694734418176231,0.024390243902439025,1.2718147377170776,retreat,0.1413793103448276,0.8206896551724139,0.4810344827586207,0.4482758620689655,1.0
801050.SI,2026-05-31,-0.07064770401603271,-0.16931927515735656,0.18241931471587103,0.23529411764705882,1.2718147377170776,range,0.4172413793103448,0.8862068965517242,0.6517241379310346,0.7931034482758621,1.0
801080.SI,2026-05-31,0.17884763136832227,0.2927106337573888,0.5336092861325696,0.6196868008948546,1.2718147377170776,advance,0.9655172413793104,0.47586206896551725,0.7206896551724138,1.0,1.0
801110.SI,2026-05-31,-0.026985194858874073,-0.03971289114838106,-0.027587017589731033,0.2608695652173913,1.2718147377170776,range,0.6724137931034482,0.17586206896551726,0.4241379310344827,0.2413793103448276,1.0
801120.SI,2026-05-31,-0.05425171658724892,-0.09182783964132324,-0.13721664993226357,0.20168067226890757,1.2718147377170776,range,0.496551724137931,0.15172413793103448,0.32413793103448274,0.13793103448275862,1.0
801130.SI,2026-05-31,-0.0841158036972085,-0.11100320915306272,-0.06830132835759795,0.2857142857142857,1.2718147377170776,retreat,0.38620689655172413,0.25862068965517243,0.3224137931034483,0.10344827586206896,1.0
801140.SI,2026-05-31,-0.06943511032592731,-0.1204541564443431,-0.014624854582411917,0.16666666666666666,1.2718147377170776,range,0.4482758620689655,0.6758620689655173,0.5620689655172414,0.5862068965517241,1.0
801150.SI,2026-05-31,-0.0733086422193342,-0.09880581952737366,-0.11017279891056142,0.1492204899777283,1.2718147377170776,range,0.38965517241379316,0.06896551724137931,0.22931034482758622,0.034482758620689655,1.0
801160.SI,2026-05-31,0.08255324614489612,0.09779802174396068,0.15499979847648238,0.640625,1.2718147377170776,range,0.8896551724137931,0.35172413793103446,0.6206896551724138,0.7586206896551724,1.0
801170.SI,2026-05-31,-0.031667515883358255,-0.09204295619820724,-0.036187296073389,0.16260162601626016,1.2718147377170776,range,0.596551724137931,0.20344827586206898,0.4,0.20689655172413793,1.0
801180.SI,2026-05-31,-0.048157910473851095,-0.09635213094421857,-0.09553845010643558,0.2268041237113402,1.2718147377170776,range,0.4827586206896552,0.506896551724138,0.4948275862068966,0.4827586206896552,1.0
801200.SI,2026-05-31,-0.06771382504385481,-0.1606559051900286,-0.15357933959510273,0.125,1.2718147377170776,range,0.25517241379310346,0.6241379310344828,0.43965517241379315,0.3448275862068966,1.0
801210.SI,2026-05-31,-0.07242672861225496,-0.15775169884310003,-0.10489769108686686,0.16216216216216217,1.2718147377170776,range,0.28620689655172415,0.6172413793103448,0.4517241379310345,0.3793103448275862,1.0
801230.SI,2026-05-31,-0.07395424500631975,-0.10072174816920276,0.17339197866699352,0.07142857142857142,1.2718147377170776,range,0.5517241379310345,0.4724137931034483,0.5120689655172413,0.5172413793103449,1.0
801710.SI,2026-05-31,0.061777231534217325,0.03455668986169713,0.3144594385585029,0.23529411764705882,1.2718147377170776,range,0.8724137931034484,0.5379310344827586,0.7051724137931035,0.9310344827586207,1.0
801720.SI,2026-05-31,-0.05303900492086833,-0.09446655013099592,-0.002711226170863834,0.21621621621621623,1.2718147377170776,range,0.5758620689655172,0.6310344827586207,0.603448275862069,0.6551724137931034,1.0
801730.SI,2026-05-31,-0.022004073534886204,0.03872387895632512,0.15245002333833546,0.36901408450704226,1.2718147377170776,range,0.8310344827586207,0.5827586206896551,0.7068965517241379,0.9655172413793104,1.0
801740.SI,2026-05-31,-0.08694582129444128,-0.16118602526883186,0.09783625108009897,0.14615384615384616,1.2718147377170776,retreat,0.3517241379310345,0.5137931034482759,0.4327586206896552,0.29310344827586204,1.0
801750.SI,2026-05-31,-0.07100076376332687,-0.15756099112342403,-0.08731971096329627,0.14018691588785046,1.2718147377170776,range,0.3310344827586207,0.5344827586206897,0.4327586206896552,0.29310344827586204,1.0
801760.SI,2026-05-31,-0.07430790429663026,-0.19576431665324423,-0.11572473046225273,0.11811023622047244,1.2718147377170776,range,0.1413793103448276,0.9586206896551724,0.55,0.5517241379310345,1.0
801770.SI,2026-05-31,0.20397336121656995,0.45655507088146363,0.7472685720803662,0.4297520661157025,1.2718147377170776,range,1.0,0.33448275862068966,0.6672413793103449,0.8275862068965517,1.0
801880.SI,2026-05-31,-0.04432896080111215,-0.09263356570976278,-0.01248913297003873,0.17164179104477612,1.2718147377170776,range,0.596551724137931,0.3448275862068966,0.4706896551724138,0.41379310344827586,1.0
801890.SI,2026-05-31,0.04395859541881597,0.008247985909520805,0.24861150381710218,0.296078431372549,1.2718147377170776,range,0.8379310344827586,0.5517241379310345,0.6948275862068966,0.896551724137931,1.0
801950.SI,2026-05-31,-0.028141183687432902,0.03639428610966089,0.1549223705884415,0.4864864864864865,1.2718147377170776,range,0.8103448275862069,0.5482758620689656,0.6793103448275862,0.8620689655172413,1.0
801960.SI,2026-05-31,-0.15074972680397503,-0.14011856360869468,0.09627110791200244,0.15555555555555556,1.2718147377170776,retreat,0.3758620689655172,0.7551724137931034,0.5655172413793104,0.6206896551724138,1.0
801970.SI,2026-05-31,-0.04304748889648102,-0.06010075701988293,0.07221604075007915,0.23809523809523808,1.2718147377170776,range,0.6758620689655173,0.5413793103448276,0.6086206896551725,0.6896551724137931,1.0
801980.SI,2026-05-31,-0.08857921662354074,-0.1825173787583848,-0.17074398062658092,0.07407407407407407,1.2718147377170776,retreat,0.10689655172413794,0.5517241379310345,0.3293103448275862,0.1724137931034483,1.0
801010.SI,2026-06-30,-0.10177868799587175,-0.20190423653225487,-0.252643230913726,0.08,1.1487119406712853,retreat,0.11724137931034483,0.5827586206896551,0.35,0.20689655172413793,0.35
801030.SI,2026-06-30,0.048840013908389324,0.019589763776158398,0.09001026898332487,0.3541666666666667,1.1487119406712853,range,0.8517241379310345,0.3758620689655172,0.6137931034482759,0.6896551724137931,0.35
801040.SI,2026-06-30,-0.09431075429267999,-0.18589942192163822,-0.19008867120986028,0.12195121951219512,1.1487119406712853,retreat,0.1793103448275862,1.0,0.5896551724137931,0.6206896551724138,0.35
801050.SI,2026-06-30,-0.04063947458989503,-0.037379349747771684,-0.00215137139520416,0.5,1.1487119406712853,range,0.6758620689655171,0.789655172413793,0.732758620689655,0.9310344827586207,0.35
801080.SI,2026-06-30,0.27730253763242896,0.9091790430978137,0.8628724525837672,0.8207964601769911,1.1487119406712853,advance,1.0,0.46551724137931033,0.7327586206896551,0.9655172413793104,0.35
801110.SI,2026-06-30,-0.055339518446882674,-0.0231937355652464,-0.09251111361939324,0.3103448275862069,1.1487119406712853,range,0.6758620689655173,0.32413793103448274,0.5,0.5,0.35
801120.SI,2026-06-30,-0.11585545113265805,-0.1731610178027425,-0.19518788295090395,0.10810810810810811,1.1487119406712853,retreat,0.18620689655172415,0.1586206896551724,0.1724137931034483,0.034482758620689655,0.35
801130.SI,2026-06-30,-0.06323845159022123,-0.10228380280842764,-0.11819422857581863,0.2222222222222222,1.1487119406712853,range,0.4689655172413793,0.4413793103448276,0.45517241379310347,0.3793103448275862,0.35
801140.SI,2026-06-30,-0.0931857790924463,-0.12608099491124902,-0.13880115818222893,0.2116788321167883,1.1487119406712853,retreat,0.3931034482758621,0.6551724137931034,0.5241379310344827,0.5517241379310345,0.35
801150.SI,2026-06-30,-0.03279844612978877,-0.09445218978056635,-0.10258627194137993,0.17362637362637362,1.1487119406712853,range,0.5620689655172415,0.18275862068965518,0.37241379310344835,0.3103448275862069,0.35
801160.SI,2026-06-30,-0.14126190384796578,-0.06892115837186241,0.016875893587656288,0.17073170731707318,1.1487119406712853,retreat,0.5344827586206896,0.19655172413793104,0.3655172413793103,0.2413793103448276,0.35
801170.SI,2026-06-30,-0.09328521536670542,-0.12841642570029443,-0.14609791608195344,0.08695652173913043,1.1487119406712853,retreat,0.3586206896551724,0.19655172413793104,0.2775862068965517,0.06896551724137931,0.35
801180.SI,2026-06-30,-0.11274888845930786,-0.09656370409373416,-0.16439472210969963,0.15217391304347827,1.1487119406712853,retreat,0.3827586206896552,0.1896551724137931,0.28620689655172415,0.10344827586206896,0.35
801200.SI,2026-06-30,-0.13284847747144624,-0.1751947707373549,-0.29423468271560604,0.11578947368421053,1.1487119406712853,retreat,0.1,0.5758620689655172,0.3379310344827586,0.13793103448275862,0.35
801210.SI,2026-06-30,-0.08358110591485757,-0.1373601202548258,-0.1749802040522933,0.20833333333333334,1.1487119406712853,retreat,0.31724137931034485,0.41379310344827586,0.36551724137931035,0.27586206896551724,0.35
801230.SI,2026-06-30,-0.06343847275735204,-0.03520597739193221,0.09667922450665034,0.07142857142857142,1.1487119406712853,range,0.7068965517241379,0.7275862068965517,0.7172413793103448,0.896551724137931,0.35
801710.SI,2026-06-30,0.15370404961971862,0.3519984556330613,0.46264206531974605,0.3333333333333333,1.1487119406712853,range,0.9379310344827586,0.41724137931034483,0.6775862068965517,0.7586206896551724,0.35
801720.SI,2026-06-30,-0.04177954822205643,-0.0889051442111356,-0.04459336087869059,0.25874125874125875,1.1487119406712853,range,0.6068965517241379,0.7068965517241379,0.6568965517241379,0.7241379310344828,0.35
801730.SI,2026-06-30,-0.05735535951947934,0.004648956444810892,0.07277391574141356,0.34277620396600567,1.1487119406712853,range,0.7689655172413793,0.41379310344827586,0.5913793103448276,0.6551724137931034,0.35
801740.SI,2026-06-30,-0.002603815695132461,-0.00478206376443624,-0.06590665831936504,0.3106060606060606,1.1487119406712853,range,0.7379310344827587,0.6310344827586207,0.6844827586206896,0.7931034482758621,0.35
801750.SI,2026-06-30,-0.04289576285583052,-0.05214358855063472,-0.1242923976159317,0.209375,1.1487119406712853,range,0.5724137931034483,0.5586206896551724,0.5655172413793104,0.5862068965517241,0.35
801760.SI,2026-06-30,-0.09879834366288665,-0.14714357063275574,-0.18753431175200386,0.10483870967741936,1.1487119406712853,retreat,0.2517241379310345,0.7482758620689656,0.5,0.5,0.35
801770.SI,2026-06-30,0.11332148165418365,0.6383834294311501,0.7359475199581207,0.452991452991453,1.1487119406712853,range,0.9586206896551724,0.4310344827586207,0.6948275862068966,0.8275862068965517,0.35
801880.SI,2026-06-30,-0.12028955166194277,-0.12237187382852244,-0.17822963807995584,0.2585551330798479,1.1487119406712853,retreat,0.3137931034482759,0.3689655172413793,0.3413793103448276,0.1724137931034483,0.35
801890.SI,2026-06-30,0.06622050587355188,0.23413745974687328,0.2259604878343633,0.4444444444444444,1.1487119406712853,range,0.896551724137931,0.6758620689655173,0.7862068965517242,1.0,0.35
801950.SI,2026-06-30,-0.1530282156014251,-0.13184423922138266,0.014263339402066366,0.1891891891891892,1.1487119406712853,retreat,0.3793103448275862,0.5724137931034483,0.47586206896551725,0.41379310344827586,0.35
801960.SI,2026-06-30,-0.12394813702331264,-0.22203158667234102,-0.10250353727085049,0.13333333333333333,1.1487119406712853,retreat,0.2,0.7655172413793103,0.48275862068965514,0.4482758620689655,0.35
801970.SI,2026-06-30,-0.05603236939188383,-0.03451432132545895,0.012529997447025876,0.30833333333333335,1.1487119406712853,range,0.6931034482758621,0.7275862068965517,0.710344827586207,0.8620689655172413,0.35
801980.SI,2026-06-30,-0.10935959256650596,-0.1749351910640209,-0.24862303968845267,0.11538461538461539,1.1487119406712853,retreat,0.1724137931034483,0.7068965517241379,0.4396551724137931,0.3448275862068966,0.35
801010.SI,2026-07-31,0.08446961876464298,-0.15309498773221175,-0.1883269468049834,0.07216494845360824,1.0110531681937764,range,0.5103448275862069,0.1724137931034483,0.3413793103448276,0.034482758620689655,0.35
801030.SI,2026-07-31,-0.13698003545987691,-0.17561877045615348,-0.16546230386707494,0.07591623036649214,1.0110531681937764,retreat,0.2793103448275862,0.9103448275862069,0.5948275862068966,0.9310344827586207,0.35
801040.SI,2026-07-31,0.03266842408153425,-0.1729010002936573,-0.2188526869217936,0.1,1.0110531681937764,range,0.31379310344827593,0.7000000000000001,0.506896551724138,0.4482758620689655,0.35
801050.SI,2026-07-31,-0.06416065788689596,-0.16562070306605836,-0.2382777978799876,0.14074074074074075,1.0110531681937764,range,0.2724137931034483,0.9103448275862069,0.5913793103448276,0.896551724137931,0.35
801080.SI,2026-07-31,-0.3471672337058811,-0.017000279946575714,0.10050546121782866,0.23736263736263735,1.0110531681937764,retreat,0.7965517241379311,0.24310344827586206,0.5198275862068966,0.5172413793103449,0.35
801110.SI,2026-07-31,0.04867051843382719,-0.03609495165354126,-0.03903641605162256,0.14444444444444443,1.0110531681937764,range,0.8931034482758621,0.23448275862068968,0.5637931034482759,0.7241379310344828,0.35
801120.SI,2026-07-31,0.11344369455474856,-0.06896266751059932,-0.10480276450007386,0.10434782608695652,1.0110531681937764,range,0.7896551724137931,0.08620689655172414,0.4379310344827586,0.1724137931034483,0.35
801130.SI,2026-07-31,-0.008397391648180874,-0.14923957105482577,-0.17456895830334762,0.13333333333333333,1.0110531681937764,range,0.48620689655172417,0.3310344827586207,0.4086206896551724,0.06896551724137931,0.35
801140.SI,2026-07-31,-0.05337428286653079,-0.201190385164855,-0.22413284297266756,0.05673758865248227,1.0110531681937764,range,0.21379310344827585,0.8862068965517241,0.55,0.6551724137931034,0.35
801150.SI,2026-07-31,0.045167354904868784,-0.06321929958936001,-0.09058909976723084,0.16930022573363432,1.0110531681937764,range,0.7862068965517242,0.034482758620689655,0.4103448275862069,0.10344827586206896,0.35
801160.SI,2026-07-31,0.01859512528140561,-0.053083705433033423,0.003804784633811842,0.14960629921259844,1.0110531681937764,range,0.8586206896551724,0.23793103448275862,0.5482758620689655,0.6206896551724138,0.35
801170.SI,2026-07-31,0.07692189177113429,-0.05446109309970115,-0.07691623684508253,0.2644628099173554,1.0110531681937764,range,0.8517241379310345,0.21724137931034482,0.5344827586206897,0.5689655172413793,0.35
801180.SI,2026-07-31,-0.0035513916880004492,-0.15847627984856627,-0.2017178918558975,0.07526881720430108,1.0110531681937764,range,0.41724137931034483,0.5379310344827586,0.47758620689655173,0.3103448275862069,0.35
801200.SI,2026-07-31,0.057919732363227894,-0.14474237918039834,-0.2572644009961669,0.07291666666666667,1.0110531681937764,range,0.4551724137931034,0.4344827586206897,0.44482758620689655,0.20689655172413793,0.35
801210.SI,2026-07-31,-0.0192412478806,-0.16631026792799297,-0.23612551786210934,0.15942028985507245,1.0110531681937764,range,0.27586206896551724,0.5793103448275863,0.42758620689655175,0.13793103448275862,0.35
801230.SI,2026-07-31,-0.10289205967734816,-0.22193933603049532,-0.10536876553090702,0.07692307692307693,1.0110531681937764,retreat,0.3034482758620689,0.9862068965517241,0.6448275862068965,0.9655172413793104,0.35
801710.SI,2026-07-31,-0.2789711279932381,-0.11675643766602695,-0.06928025842995245,0.1076923076923077,1.0110531681937764,retreat,0.6310344827586207,0.4379310344827586,0.5344827586206897,0.5689655172413793,0.35
801720.SI,2026-07-31,-0.058185812375013635,-0.14540026190997624,-0.15463261187216626,0.10273972602739725,1.0110531681937764,range,0.4896551724137931,0.5206896551724138,0.5051724137931035,0.41379310344827586,0.35
801730.SI,2026-07-31,-0.1568221067619998,-0.22267209236753127,-0.13063692192195042,0.0423728813559322,1.0110531681937764,retreat,0.24482758620689654,0.9206896551724137,0.5827586206896551,0.8275862068965517,0.35
801740.SI,2026-07-31,-0.14681591663333593,-0.22302508847662683,-0.23433847700046906,0.03816793893129771,1.0110531681937764,retreat,0.1103448275862069,0.8482758620689654,0.47931034482758617,0.3448275862068966,0.35
801750.SI,2026-07-31,-0.030585904801973873,-0.13804632458382682,-0.20617993788265965,0.07547169811320754,1.0110531681937764,range,0.4827586206896552,0.5551724137931034,0.5189655172413793,0.4827586206896552,0.35
801760.SI,2026-07-31,0.030887277204678876,-0.13999749467618694,-0.28984522320731276,0.10317460317460317,1.0110531681937764,range,0.43448275862068964,0.5172413793103448,0.4758620689655172,0.27586206896551724,0.35
801770.SI,2026-07-31,-0.318992497657154,-0.08717113804307397,0.1068485858445587,0.08620689655172414,1.0110531681937764,retreat,0.693103448275862,0.443103448275862,0.568103448275862,0.7586206896551724,0.35
801880.SI,2026-07-31,-0.013043120097388616,-0.170251732682156,-0.1910371991247264,0.045283018867924525,1.0110531681937764,range,0.3275862068965517,0.6068965517241378,0.46724137931034476,0.2413793103448276,0.35
801890.SI,2026-07-31,-0.22057033196673126,-0.13242458270362456,-0.1012092453696617,0.11156186612576065,1.0110531681937764,retreat,0.5724137931034483,0.7413793103448276,0.656896551724138,1.0,0.35
801950.SI,2026-07-31,0.1428919478621027,-0.059243355471929604,0.07475487759968225,0.13513513513513514,1.0110531681937764,range,0.9103448275862069,0.26206896551724135,0.5862068965517242,0.8620689655172413,0.35
801960.SI,2026-07-31,0.12628844886478663,-0.162055715965864,-0.13087584838141508,0.022222222222222223,1.0110531681937764,range,0.5482758620689655,0.5896551724137932,0.5689655172413793,0.7931034482758621,0.35
801970.SI,2026-07-31,-0.07708366951750845,-0.16629996583532625,-0.11788138840489604,0.058333333333333334,1.0110531681937764,range,0.403448275862069,0.7172413793103448,0.5603448275862069,0.6896551724137931,0.35
801980.SI,2026-07-31,0.08748034346095013,-0.11723981274813833,-0.1864571228462668,0.14285714285714285,1.0110531681937764,range,0.6482758620689656,0.33793103448275863,0.4931034482758621,0.3793103448275862,0.35
801010.SI,2026-08-31,0.07389641671702085,0.04607575953041354,-0.1271042185292336,0.6633663366336634,0.8465832679612031,range,0.7965517241379311,0.10344827586206898,0.45,0.3448275862068966,0.35
801030.SI,2026-08-31,0.08770978651190964,-0.015437872192464064,-0.14148618930837165,0.38441558441558443,0.8465832679612031,range,0.7137931034482758,0.8448275862068966,0.7793103448275862,0.9655172413793104,0.35
801040.SI,2026-08-31,0.0028358658379286084,-0.06207099472478517,-0.2880021187184305,0.24390243902439024,0.8465832679612031,range,0.34827586206896555,0.6655172413793102,0.506896551724138,0.5517241379310345,0.35
801050.SI,2026-08-31,0.09810294237509165,-0.014115136983717025,-0.18104444737824388,0.3235294117647059,0.8465832679612031,range,0.6827586206896552,0.5517241379310345,0.6172413793103448,0.7931034482758621,0.35
801080.SI,2026-08-31,0.12417135458747142,-0.06259291069797701,0.2117961125002874,0.2793791574279379,0.8465832679612031,range,0.7482758620689656,0.506896551724138,0.6275862068965518,0.8275862068965517,0.35
801110.SI,2026-08-31,-0.003714436579160152,-0.013042063592487496,-0.05223701668906988,0.3333333333333333,0.8465832679612031,range,0.7344827586206897,0.4931034482758621,0.6137931034482759,0.7586206896551724,0.35
801120.SI,2026-08-31,-0.04601324297340048,-0.060852341928465226,-0.14709224247338248,0.28695652173913044,0.8465832679612031,range,0.45517241379310347,0.26896551724137935,0.36206896551724144,0.10344827586206896,0.35
801130.SI,2026-08-31,0.05652203298188718,-0.018601760355586694,-0.12754011441328306,0.4574468085106383,0.8465832679612031,range,0.6724137931034483,0.30689655172413793,0.4896551724137931,0.4827586206896552,0.35
801140.SI,2026-08-31,0.06821765568245364,-0.08302737018729689,-0.193480534793937,0.2905405405405405,0.8465832679612031,range,0.3724137931034483,0.4689655172413793,0.4206896551724138,0.27586206896551724,0.35
801150.SI,2026-08-31,0.0281447565192392,0.03933867198487717,-0.06335403726708089,0.5,0.8465832679612031,range,0.7793103448275862,0.2586206896551724,0.5189655172413793,0.6551724137931034,0.35
801160.SI,2026-08-31,-0.021526996513232977,-0.14412336382067725,-0.060420321945463984,0.1484375,0.8465832679612031,range,0.3310344827586207,0.5827586206896552,0.45689655172413796,0.3793103448275862,0.35
801170.SI,2026-08-31,-0.0038055270750375625,-0.02725494761350422,-0.11678927786233728,0.4166666666666667,0.8465832679612031,range,0.596551724137931,0.23448275862068965,0.41551724137931034,0.2413793103448276,0.35
801180.SI,2026-08-31,0.032601209152827604,-0.08707713125845729,-0.17503919504941412,0.19791666666666666,0.8465832679612031,range,0.3413793103448276,0.38620689655172413,0.36379310344827587,0.13793103448275862,0.35
801200.SI,2026-08-31,-0.001288139716166925,-0.0838050027387256,-0.23099713935431132,0.20618556701030927,0.8465832679612031,range,0.23103448275862068,0.4413793103448276,0.33620689655172414,0.034482758620689655,0.35
801210.SI,2026-08-31,0.05633776998148554,-0.05057855848320092,-0.20035140380054095,0.3972602739726027,0.8465832679612031,range,0.5103448275862069,0.31034482758620685,0.4103448275862069,0.20689655172413793,0.35
801230.SI,2026-08-31,0.11918295861422146,-0.05966607893075593,-0.1543781553236513,0.35714285714285715,0.8465832679612031,range,0.6413793103448275,0.5655172413793104,0.603448275862069,0.6896551724137931,0.35
801710.SI,2026-08-31,0.0686369503332922,-0.11105015362756665,-0.0803309894838713,0.140625,0.8465832679612031,range,0.45862068965517244,0.8793103448275862,0.6689655172413793,0.9310344827586207,0.35
801720.SI,2026-08-31,0.029501749394641452,-0.07091006919206688,-0.15867798971693803,0.25874125874125875,0.8465832679612031,range,0.41379310344827586,0.596551724137931,0.5051724137931034,0.5172413793103449,0.35
801730.SI,2026-08-31,-0.0009314864331740891,-0.20592323933357015,-0.17517350697149248,0.08857142857142856,0.8465832679612031,range,0.1793103448275862,0.7724137931034483,0.47586206896551725,0.41379310344827586,0.35
801740.SI,2026-08-31,0.04450399427308027,-0.11116621832159013,-0.2544338027149976,0.17164179104477612,0.8465832679612031,range,0.21034482758620693,0.8172413793103448,0.5137931034482759,0.603448275862069,0.35
801750.SI,2026-08-31,0.026277362363131607,-0.04778872793394384,-0.19782007971956805,0.27102803738317754,0.8465832679612031,range,0.503448275862069,0.4620689655172414,0.4827586206896552,0.4482758620689655,0.35
801760.SI,2026-08-31,0.00750138375040077,-0.06399361281766758,-0.24723026358748879,0.29365079365079366,0.8465832679612031,range,0.3241379310344828,0.5310344827586206,0.4275862068965517,0.3103448275862069,0.35
801770.SI,2026-08-31,0.10794666551863052,-0.15997668522134467,0.22354021879950636,0.20512820512820512,0.8465832679612031,range,0.5137931034482759,0.5137931034482759,0.5137931034482759,0.603448275862069,0.35
801880.SI,2026-08-31,0.0005734441270666135,-0.1312658356952675,-0.21173977898870588,0.19330855018587362,0.8465832679612031,range,0.18620689655172412,0.5344827586206897,0.3603448275862069,0.06896551724137931,0.35
801890.SI,2026-08-31,0.10662585821821491,-0.08034533654137754,-0.07276003783554563,0.2788844621513944,0.8465832679612031,range,0.5724137931034483,0.7137931034482758,0.6431034482758621,0.896551724137931,0.35
801950.SI,2026-08-31,0.12215506539430954,0.08624299768764376,0.12577603613010369,0.7567567567567568,0.8465832679612031,range,0.9724137931034483,0.24137931034482757,0.6068965517241379,0.7241379310344828,0.35
801960.SI,2026-08-31,0.0975340181583153,0.08292265080790617,-0.06881491552261765,0.5333333333333333,0.8465832679612031,range,0.8793103448275863,0.7586206896551724,0.8189655172413793,1.0,0.35
801970.SI,2026-08-31,0.06834846845665443,-0.06925145781268593,-0.125190149793296,0.27419354838709675,0.8465832679612031,range,0.5344827586206896,0.7344827586206897,0.6344827586206896,0.8620689655172413,0.35
801980.SI,2026-08-31,-0.032355145833100285,-0.06278376767622051,-0.2338420177297661,0.2962962962962963,0.8465832679612031,range,0.29655172413793107,0.45517241379310347,0.37586206896551727,0.1724137931034483,0.35
