ts_code,date,actual_ret,pred_lstm_b
801010.SI,2019-01-31,0.21977168,0.0056342315
801010.SI,2019-02-28,0.17539737,0.0024874639
801010.SI,2019-03-31,0.058217313,-0.0046985275
801030.SI,2019-01-31,0.17931202,0.010314301
801030.SI,2019-02-28,0.09610423,0.0091020465
801030.SI,2019-03-31,-0.013960518,0.0011405371
801040.SI,2019-01-31,0.15019259,0.016288804
801040.SI,2019-02-28,0.013130323,0.013222185
801040.SI,2019-03-31,-0.053533208,0.0012059957
801050.SI,2019-01-31,0.22709922,0.0062077264
801050.SI,2019-02-28,0.030072425,0.0038271109
801050.SI,2019-03-31,-0.06379105,-0.006752372
801080.SI,2019-01-31,0.28770518,0.013762969
801080.SI,2019-02-28,0.07653145,0.009333154
801080.SI,2019-03-31,-0.05547296,0.00035537625
801110.SI,2019-01-31,0.10322283,0.0066818786
801110.SI,2019-02-28,0.07761314,0.0067524402
801110.SI,2019-03-31,0.052689496,-0.0029453996
801120.SI,2019-01-31,0.12600096,0.0075338613
801120.SI,2019-02-28,0.16218498,0.0064497436
801120.SI,2019-03-31,0.06350158,0.0044404957
801130.SI,2019-01-31,0.15931642,0.013000415
801130.SI,2019-02-28,0.10859058,0.014638241
801130.SI,2019-03-31,-0.056642056,0.008856422
801140.SI,2019-01-31,0.19175625,0.015456579
801140.SI,2019-02-28,0.14024216,0.014875919
801140.SI,2019-03-31,-0.06697343,0.008766745
801150.SI,2019-01-31,0.21497934,0.008101237
801150.SI,2019-02-28,0.110264815,0.0063262433
801150.SI,2019-03-31,-0.0190739,-0.0025262341
801160.SI,2019-01-31,0.15199591,0.0069331694
801160.SI,2019-02-28,0.05832916,0.0069866437
801160.SI,2019-03-31,-0.032984853,-0.0012074657
801170.SI,2019-01-31,0.1533716,0.014205624
801170.SI,2019-02-28,0.07644663,0.0133774625
801170.SI,2019-03-31,0.009729886,0.0070237797
801180.SI,2019-01-31,0.13690504,0.018143706
801180.SI,2019-02-28,0.1185741,0.017507236
801180.SI,2019-03-31,-0.03965246,0.006198073
801200.SI,2019-01-31,0.17664795,0.006029709
801200.SI,2019-02-28,0.08162952,0.005316134
801200.SI,2019-03-31,-0.015121675,-0.0058568283
801210.SI,2019-01-31,0.17595436,0.01485858
801210.SI,2019-02-28,0.124170505,0.012902369
801210.SI,2019-03-31,-0.013099051,0.005941018
801230.SI,2019-01-31,0.22961219,0.004905036
801230.SI,2019-02-28,0.13963348,0.006523129
801230.SI,2019-03-31,-0.05190959,-0.0028340016
801710.SI,2019-01-31,0.15873697,0.020283528
801710.SI,2019-02-28,0.113378935,0.020642975
801710.SI,2019-03-31,-0.028388081,0.011305444
801720.SI,2019-01-31,0.14399025,0.02223966
801720.SI,2019-02-28,0.049969014,0.02439771
801720.SI,2019-03-31,-0.049967714,0.017811015
801730.SI,2019-01-31,0.17077447,0.011914727
801730.SI,2019-02-28,0.07486616,0.010967004
801730.SI,2019-03-31,-0.05081938,0.0030332718
801740.SI,2019-01-31,0.22238955,0.010490909
801740.SI,2019-02-28,0.10793159,0.0068825497
801740.SI,2019-03-31,-0.073167145,-0.002689993
801750.SI,2019-01-31,0.2798187,0.008792754
801750.SI,2019-02-28,0.14960258,0.008042631
801750.SI,2019-03-31,-0.0732066,-0.0005879036
801760.SI,2019-01-31,0.25660518,0.0076091047
801760.SI,2019-02-28,0.05985983,0.01049688
801760.SI,2019-03-31,-0.07640049,-0.0018295031
801770.SI,2019-01-31,0.27865827,0.0154259475
801770.SI,2019-02-28,0.056438707,0.014533684
801770.SI,2019-03-31,-0.022988955,0.012676094
801880.SI,2019-01-31,0.15702613,0.009974764
801880.SI,2019-02-28,0.03894848,0.010492188
801880.SI,2019-03-31,0.019335717,0.003662629
801890.SI,2019-01-31,0.19204658,0.016313326
801890.SI,2019-02-28,0.09378741,0.016082233
801890.SI,2019-03-31,-0.047061473,0.008473377
801950.SI,2019-01-31,0.12978326,0.0010957137
801950.SI,2019-02-28,0.027677879,-0.0033889383
801950.SI,2019-03-31,0.041605484,-0.011653448
801960.SI,2019-01-31,0.12861592,0.007373469
801960.SI,2019-02-28,0.051065266,0.009357718
801960.SI,2019-03-31,-0.0026110285,0.0005640816
801970.SI,2019-01-31,0.22833632,0.007887738
801970.SI,2019-02-28,0.06222425,0.0062855687
801970.SI,2019-03-31,-0.04782089,-0.00085183047
801980.SI,2019-01-31,0.18417066,0.0018960983
801980.SI,2019-02-28,0.11653497,0.002084356
801980.SI,2019-03-31,-0.06155919,-0.0016760031
801010.SI,2019-04-30,-0.017263243,-0.004073963
801010.SI,2019-05-31,-0.08030969,-0.0018236246
801010.SI,2019-06-30,0.07306611,0.009710115
801030.SI,2019-04-30,-0.091748126,-0.008031674
801030.SI,2019-05-31,-0.005304159,-0.0005572972
801030.SI,2019-06-30,-0.0013668856,0.020706298
801040.SI,2019-04-30,-0.07544287,-0.006664201
801040.SI,2019-05-31,-0.0076850015,0.0023105238
801040.SI,2019-06-30,-0.053486127,0.02111015
801050.SI,2019-04-30,0.022639604,0.0015186928
801050.SI,2019-05-31,0.019505259,0.006920574
801050.SI,2019-06-30,-0.056445062,0.016006395
801080.SI,2019-04-30,-0.08366469,-0.00078954984
801080.SI,2019-05-31,0.032155026,0.009483838
801080.SI,2019-06-30,0.06997404,0.025532672
801110.SI,2019-04-30,-0.06314007,-0.0075871083
801110.SI,2019-05-31,0.03969926,-0.0018666722
801110.SI,2019-06-30,0.009354415,0.023071295
801120.SI,2019-04-30,-0.043434784,-0.004817942
801120.SI,2019-05-31,0.102314554,-0.0017032325
801120.SI,2019-06-30,-0.027304953,0.009246659
801130.SI,2019-04-30,-0.068128444,0.00446425
801130.SI,2019-05-31,-0.010833059,0.007697938
801130.SI,2019-06-30,-0.036817115,0.023985552
801140.SI,2019-04-30,-0.07448609,0.0049062385
801140.SI,2019-05-31,-0.005337988,0.013191565
801140.SI,2019-06-30,-0.027083864,0.029677106
801150.SI,2019-04-30,-0.07589269,-0.010615838
801150.SI,2019-05-31,0.018458715,-0.004295954
801150.SI,2019-06-30,-0.0014161929,0.018875996
801160.SI,2019-04-30,-0.046099454,-0.005641539
801160.SI,2019-05-31,0.021382775,0.0013037622
801160.SI,2019-06-30,-0.024343835,0.018511439
801170.SI,2019-04-30,-0.06982403,0.005344946
801170.SI,2019-05-31,0.024847679,0.01066567
801170.SI,2019-06-30,-0.012024759,0.026160931
801180.SI,2019-04-30,-0.07454189,-0.0043849256
801180.SI,2019-05-31,0.009033166,0.0028722044
801180.SI,2019-06-30,-0.015008194,0.025920143
801200.SI,2019-04-30,-0.087712646,-0.012509561
801200.SI,2019-05-31,0.02125194,-0.0048106215
801200.SI,2019-06-30,-0.04308082,0.017908284
801210.SI,2019-04-30,-0.058118343,0.0014756446
801210.SI,2019-05-31,0.08223534,0.008041403
801210.SI,2019-06-30,0.010552112,0.027435279
801230.SI,2019-04-30,-0.063220754,-0.0066004936
801230.SI,2019-05-31,0.0010333518,-0.0016474543
801230.SI,2019-06-30,-0.032190338,0.022168959
801710.SI,2019-04-30,-0.04043882,0.0027377128
801710.SI,2019-05-31,0.03327604,0.011759784
801710.SI,2019-06-30,-0.03693269,0.029892316
801720.SI,2019-04-30,-0.08590287,0.0052734576
801720.SI,2019-05-31,0.014012872,0.010620412
801720.SI,2019-06-30,-0.025825577,0.028848892
801730.SI,2019-04-30,-0.058315195,-0.0012236232
801730.SI,2019-05-31,-0.013667803,0.005509421
801730.SI,2019-06-30,0.00640019,0.0228372
801740.SI,2019-04-30,-0.015666902,-0.004613579
801740.SI,2019-05-31,-0.0006183682,0.0055000843
801740.SI,2019-06-30,0.049984306,0.02720576
801750.SI,2019-04-30,-0.056412254,-0.0023485397
801750.SI,2019-05-31,0.022647552,0.00555609
801750.SI,2019-06-30,-0.013502901,0.024254255
801760.SI,2019-04-30,-0.09141746,-0.009234603
801760.SI,2019-05-31,0.0034672108,-0.0044025835
801760.SI,2019-06-30,-0.026633382,0.020439094
801770.SI,2019-04-30,-0.088376924,0.0066372664
801770.SI,2019-05-31,0.03531913,0.010633557
801770.SI,2019-06-30,-0.038128182,0.020276053
801880.SI,2019-04-30,-0.104816966,-0.006456477
801880.SI,2019-05-31,0.008643506,-0.0018138184
801880.SI,2019-06-30,-0.010325905,0.01565927
801890.SI,2019-04-30,-0.05659756,-0.00205688
801890.SI,2019-05-31,0.019755982,0.0062269606
801890.SI,2019-06-30,-0.003994031,0.024799213
801950.SI,2019-04-30,-0.0809513,-0.013113841
801950.SI,2019-05-31,0.010296858,-0.006886361
801950.SI,2019-06-30,-0.018766616,0.009538366
801960.SI,2019-04-30,-0.07091289,-0.0041917916
801960.SI,2019-05-31,-0.0028745437,0.0012483293
801960.SI,2019-06-30,-0.04741634,0.016981056
801970.SI,2019-04-30,-0.08805152,-0.01071331
801970.SI,2019-05-31,0.082257174,-0.0018758848
801970.SI,2019-06-30,-0.07240509,0.01537238
801980.SI,2019-04-30,-0.047515202,-0.007675069
801980.SI,2019-05-31,0.037179265,-0.007533967
801980.SI,2019-06-30,0.0063782353,0.0018249216
801010.SI,2019-07-31,0.008251963,0.008030014
801010.SI,2019-08-31,-0.08530525,0.010330679
801010.SI,2019-09-30,0.12597841,0.008476592
801030.SI,2019-07-31,-0.02963915,0.020089889
801030.SI,2019-08-31,0.018271731,0.018562572
801030.SI,2019-09-30,-0.009330327,0.013293274
801040.SI,2019-07-31,-0.05716423,0.019855456
801040.SI,2019-08-31,-0.0033841196,0.020669451
801040.SI,2019-09-30,-0.023680823,0.018663382
801050.SI,2019-07-31,0.021370787,0.01300282
801050.SI,2019-08-31,-0.035050683,0.012804467
801050.SI,2019-09-30,-0.04931149,0.012767992
801080.SI,2019-07-31,0.043762777,0.015843159
801080.SI,2019-08-31,0.07625931,0.011256966
801080.SI,2019-09-30,0.0017934026,0.004083201
801110.SI,2019-07-31,-0.017530194,0.019053353
801110.SI,2019-08-31,0.002202874,0.018850518
801110.SI,2019-09-30,0.048038494,0.012299771
801120.SI,2019-07-31,0.089932784,0.015548862
801120.SI,2019-08-31,-0.022492267,0.016340422
801120.SI,2019-09-30,0.016584858,0.012939234
801130.SI,2019-07-31,-0.012276768,0.022383064
801130.SI,2019-08-31,0.0072719273,0.019689957
801130.SI,2019-09-30,-0.017086867,0.012847844
801140.SI,2019-07-31,-0.015841886,0.02404666
801140.SI,2019-08-31,0.00085817766,0.021360492
801140.SI,2019-09-30,0.023678958,0.014273518
801150.SI,2019-07-31,0.06645488,0.018468244
801150.SI,2019-08-31,-0.0012596276,0.014808167
801150.SI,2019-09-30,0.046662353,0.00659297
801160.SI,2019-07-31,-0.024034929,0.014384385
801160.SI,2019-08-31,-0.011070778,0.012808919
801160.SI,2019-09-30,-0.000918931,0.0089153955
801170.SI,2019-07-31,-0.032683298,0.02005853
801170.SI,2019-08-31,-0.0071167694,0.019676859
801170.SI,2019-09-30,-0.010175843,0.016449686
801180.SI,2019-07-31,-0.06717407,0.022605976
801180.SI,2019-08-31,0.012871838,0.021244368
801180.SI,2019-09-30,0.020117953,0.015654622
801200.SI,2019-07-31,-0.014406866,0.015360923
801200.SI,2019-08-31,-0.011992332,0.015156209
801200.SI,2019-09-30,-0.008447629,0.009290521
801210.SI,2019-07-31,0.019537522,0.024662092
801210.SI,2019-08-31,-0.013931219,0.023650741
801210.SI,2019-09-30,-0.019141374,0.015247171
801230.SI,2019-07-31,-0.0115370145,0.016621133
801230.SI,2019-08-31,0.0025386796,0.016229587
801230.SI,2019-09-30,0.0088290805,0.011267275
801710.SI,2019-07-31,-0.035067003,0.022568678
801710.SI,2019-08-31,0.028481856,0.0203382
801710.SI,2019-09-30,0.013792464,0.017451448
801720.SI,2019-07-31,-0.05691316,0.026024178
801720.SI,2019-08-31,0.0048865755,0.023510864
801720.SI,2019-09-30,-0.018710624,0.01828465
801730.SI,2019-07-31,-0.014014427,0.018165013
801730.SI,2019-08-31,0.014206157,0.016669897
801730.SI,2019-09-30,-0.026529957,0.011588744
801740.SI,2019-07-31,0.045589253,0.02102376
801740.SI,2019-08-31,-0.06933928,0.017468441
801740.SI,2019-09-30,-0.047876917,0.009869156
801750.SI,2019-07-31,0.031360544,0.014388796
801750.SI,2019-08-31,0.03593188,0.012722224
801750.SI,2019-09-30,0.01142069,0.0031481355
801760.SI,2019-07-31,0.0033629432,0.017654857
801760.SI,2019-08-31,0.020499365,0.017432692
801760.SI,2019-09-30,0.020900374,0.010376678
801770.SI,2019-07-31,-0.053144753,0.02090629
801770.SI,2019-08-31,0.054742236,0.020244023
801770.SI,2019-09-30,-0.019283831,0.018487366
801880.SI,2019-07-31,-0.015704244,0.016018584
801880.SI,2019-08-31,-0.01615697,0.015510347
801880.SI,2019-09-30,-0.014550705,0.008994487
801890.SI,2019-07-31,-0.04625215,0.021042382
801890.SI,2019-08-31,0.02974579,0.01804743
801890.SI,2019-09-30,-0.020846047,0.011304821
801950.SI,2019-07-31,-0.051400624,0.011840254
801950.SI,2019-08-31,-0.0075685135,0.009484324
801950.SI,2019-09-30,-0.02804892,0.0060849446
801960.SI,2019-07-31,-0.04815454,0.019185673
801960.SI,2019-08-31,0.026035888,0.020328833
801960.SI,2019-09-30,0.009301833,0.014208347
801970.SI,2019-07-31,-0.04262881,0.010425839
801970.SI,2019-08-31,-0.011973117,0.008726883
801970.SI,2019-09-30,-0.001465746,0.006713386
801980.SI,2019-07-31,0.029847356,0.008810845
801980.SI,2019-08-31,0.005782885,0.010745714
801980.SI,2019-09-30,0.024409587,0.0049178395
801010.SI,2019-10-31,-0.09573179,0.010998181
801010.SI,2019-11-30,0.016831933,0.010121667
801010.SI,2019-12-31,-0.040065296,0.012279473
801030.SI,2019-10-31,-0.0023372748,0.015984595
801030.SI,2019-11-30,0.10150425,0.01375592
801030.SI,2019-12-31,-0.0014684614,0.017319918
801040.SI,2019-10-31,0.022845898,0.021198073
801040.SI,2019-11-30,0.04951333,0.017611517
801040.SI,2019-12-31,-0.06115904,0.01873045
801050.SI,2019-10-31,0.0093078995,0.016797867
801050.SI,2019-11-30,0.15246181,0.018274637
801050.SI,2019-12-31,-0.008420097,0.019867726
801080.SI,2019-10-31,0.03599142,0.010927913
801080.SI,2019-11-30,0.105404764,0.014623046
801080.SI,2019-12-31,0.1354117,0.01591482
801110.SI,2019-10-31,-0.012677872,0.013658072
801110.SI,2019-11-30,0.107585944,0.009045492
801110.SI,2019-12-31,-0.026310377,0.010973853
801120.SI,2019-10-31,-0.025714234,0.014785091
801120.SI,2019-11-30,0.0460104,0.0133102955
801120.SI,2019-12-31,-0.058685392,0.017671779
801130.SI,2019-10-31,-0.045370527,0.016579745
801130.SI,2019-11-30,0.089943275,0.016798062
801130.SI,2019-12-31,-0.01855161,0.019496566
801140.SI,2019-10-31,-0.015687406,0.014974433
801140.SI,2019-11-30,0.082230374,0.014034663
801140.SI,2019-12-31,-0.004220253,0.016168578
801150.SI,2019-10-31,-0.026464138,0.01144765
801150.SI,2019-11-30,0.040323664,0.010303521
801150.SI,2019-12-31,0.04672876,0.0127430335
801160.SI,2019-10-31,-0.020113118,0.010324526
801160.SI,2019-11-30,0.027418075,0.008995661
801160.SI,2019-12-31,-0.036216155,0.011930699
801170.SI,2019-10-31,-0.026803855,0.018268004
801170.SI,2019-11-30,0.062386803,0.01594676
801170.SI,2019-12-31,-0.066294074,0.01897264
801180.SI,2019-10-31,-0.0118881455,0.016981112
801180.SI,2019-11-30,0.10439539,0.015550923
801180.SI,2019-12-31,-0.065899245,0.017905531
801200.SI,2019-10-31,-0.040727843,0.010459341
801200.SI,2019-11-30,0.047823966,0.007605504
801200.SI,2019-12-31,-0.03233331,0.010446463
801210.SI,2019-10-31,-0.04474409,0.019391933
801210.SI,2019-11-30,0.082317494,0.017671032
801210.SI,2019-12-31,-0.086968005,0.020446876
801230.SI,2019-10-31,-0.007875599,0.013093355
801230.SI,2019-11-30,0.101699315,0.011855575
801230.SI,2019-12-31,0.019758092,0.014446934
801710.SI,2019-10-31,0.052603398,0.020886576
801710.SI,2019-11-30,0.14377078,0.016269514
801710.SI,2019-12-31,-0.058900706,0.017263457
801720.SI,2019-10-31,-0.014270747,0.020183066
801720.SI,2019-11-30,0.052358236,0.018409312
801720.SI,2019-12-31,-0.026954062,0.022004394
801730.SI,2019-10-31,0.016122935,0.014398392
801730.SI,2019-11-30,0.08007223,0.01273487
801730.SI,2019-12-31,0.05357762,0.015321867
801740.SI,2019-10-31,-0.017366776,0.019580595
801740.SI,2019-11-30,0.056660943,0.020975893
801740.SI,2019-12-31,0.031649783,0.022923699
801750.SI,2019-10-31,-0.028640201,0.0074318754
801750.SI,2019-11-30,0.07681775,0.007663988
801750.SI,2019-12-31,0.077335894,0.01290068
801760.SI,2019-10-31,-0.011568583,0.012010646
801760.SI,2019-11-30,0.11804254,0.0099997455
801760.SI,2019-12-31,0.025714915,0.0120379925
801770.SI,2019-10-31,-0.042485584,0.021229237
801770.SI,2019-11-30,0.08224515,0.020562315
801770.SI,2019-12-31,0.014650775,0.021420488
801880.SI,2019-10-31,0.0184344,0.008772992
801880.SI,2019-11-30,0.08287819,0.0076670484
801880.SI,2019-12-31,0.019771269,0.009613681
801890.SI,2019-10-31,-0.012913219,0.013968009
801890.SI,2019-11-30,0.08871537,0.013360907
801890.SI,2019-12-31,-0.01204172,0.01718258
801950.SI,2019-10-31,-0.013133342,0.012541217
801950.SI,2019-11-30,0.05816969,0.009969725
801950.SI,2019-12-31,-0.058005992,0.012022066
801960.SI,2019-10-31,-0.0050580907,0.016598262
801960.SI,2019-11-30,0.0504107,0.014090682
801960.SI,2019-12-31,-0.025800077,0.018531153
801970.SI,2019-10-31,-0.033415344,0.011570905
801970.SI,2019-11-30,0.031629495,0.009387657
801970.SI,2019-12-31,0.008837677,0.011982017
801980.SI,2019-10-31,-0.059383556,0.0065593985
801980.SI,2019-11-30,0.061420865,0.0073066303
801980.SI,2019-12-31,0.0102638025,0.012507278
801010.SI,2020-01-31,0.08249254,0.013928297
801010.SI,2020-02-29,0.11299716,0.014737721
801010.SI,2020-03-31,-0.0031573859,0.012741703
801030.SI,2020-01-31,-0.0016002726,0.01571015
801030.SI,2020-02-29,-0.084698096,0.01399864
801030.SI,2020-03-31,0.04729341,0.0122879045
801040.SI,2020-01-31,-0.045121755,0.01618773
801040.SI,2020-02-29,-0.018744672,0.01782421
801040.SI,2020-03-31,0.028051829,0.018670203
801050.SI,2020-01-31,-0.024439067,0.015077471
801050.SI,2020-02-29,-0.10553735,0.013102546
801050.SI,2020-03-31,0.019709961,0.012977026
801080.SI,2020-01-31,0.05411254,0.013564321
801080.SI,2020-02-29,-0.20437597,0.0075987023
801080.SI,2020-03-31,0.114240795,0.008223487
801110.SI,2020-01-31,-0.03150991,0.009783487
801110.SI,2020-02-29,-0.10851708,0.01273216
801110.SI,2020-03-31,0.076539874,0.007912667
801120.SI,2020-01-31,-0.024018679,0.018551918
801120.SI,2020-02-29,0.042611923,0.018740537
801120.SI,2020-03-31,0.08661923,0.016451601
801130.SI,2020-01-31,0.023159403,0.017523265
801130.SI,2020-02-29,-0.040191334,0.016629523
801130.SI,2020-03-31,-0.052349653,0.016412232
801140.SI,2020-01-31,-0.020534897,0.015988745
801140.SI,2020-02-29,-0.053490743,0.016749589
801140.SI,2020-03-31,0.0071171466,0.016851382
801150.SI,2020-01-31,0.02340719,0.010833797
801150.SI,2020-02-29,0.011841168,0.0057427627
801150.SI,2020-03-31,0.0543301,0.0028179542
801160.SI,2020-01-31,-0.027113087,0.015677795
801160.SI,2020-02-29,-0.015998794,0.016884914
801160.SI,2020-03-31,0.019141976,0.015373573
801170.SI,2020-01-31,-0.059987497,0.018173864
801170.SI,2020-02-29,-0.030723745,0.018832896
801170.SI,2020-03-31,0.039229624,0.015807768
801180.SI,2020-01-31,-0.019329334,0.018070132
801180.SI,2020-02-29,-0.062350743,0.017857207
801180.SI,2020-03-31,0.042294245,0.016834743
801200.SI,2020-01-31,-0.036841467,0.009590141
801200.SI,2020-02-29,0.053790636,0.009208848
801200.SI,2020-03-31,0.005431846,0.00582058
801210.SI,2020-01-31,-0.03109577,0.017460404
801210.SI,2020-02-29,-0.09656332,0.017535055
801210.SI,2020-03-31,0.21710192,0.016219672
801230.SI,2020-01-31,0.031828165,0.012670812
801230.SI,2020-02-29,-0.07340301,0.009517527
801230.SI,2020-03-31,0.025880372,0.0065158387
801710.SI,2020-01-31,0.071587734,0.013187145
801710.SI,2020-02-29,0.0062994845,0.017138997
801710.SI,2020-03-31,0.08592362,0.01497399
801720.SI,2020-01-31,-0.0170061,0.019552758
801720.SI,2020-02-29,0.005690036,0.019312797
801720.SI,2020-03-31,0.004901473,0.016060544
801730.SI,2020-01-31,0.016738126,0.0120855635
801730.SI,2020-02-29,-0.08055491,0.010954775
801730.SI,2020-03-31,0.1000077,0.0075176056
801740.SI,2020-01-31,0.008536711,0.018164938
801740.SI,2020-02-29,-0.08440561,0.013269966
801740.SI,2020-03-31,0.073846266,0.010527677
801750.SI,2020-01-31,0.10614957,0.011794533
801750.SI,2020-02-29,-0.1281119,0.00562166
801750.SI,2020-03-31,0.07558295,0.0015591886
801760.SI,2020-01-31,0.017960552,0.0028286271
801760.SI,2020-02-29,-0.10828393,0.001585234
801760.SI,2020-03-31,0.055584505,0.0013177004
801770.SI,2020-01-31,0.11077343,0.020307912
801770.SI,2020-02-29,-0.079353966,0.015974702
801770.SI,2020-03-31,0.01854623,0.012332718
801880.SI,2020-01-31,0.017493749,0.0069949836
801880.SI,2020-02-29,-0.10123961,0.005972129
801880.SI,2020-03-31,0.011732053,0.0072443266
801890.SI,2020-01-31,0.011636037,0.01352859
801890.SI,2020-02-29,-0.06749435,0.012729265
801890.SI,2020-03-31,0.049311433,0.01012818
801950.SI,2020-01-31,-0.053094372,0.010841628
801950.SI,2020-02-29,-0.048573,0.013766035
801950.SI,2020-03-31,2.9244042e-05,0.0132247
801960.SI,2020-01-31,-0.06721987,0.017463148
801960.SI,2020-02-29,-0.08012862,0.018516788
801960.SI,2020-03-31,0.008754464,0.0143779665
801970.SI,2020-01-31,0.0124750165,0.010563041
801970.SI,2020-02-29,-0.040861275,0.010203074
801970.SI,2020-03-31,0.04024761,0.0063769463
801980.SI,2020-01-31,0.019710748,0.0144888135
801980.SI,2020-02-29,0.021725945,0.014502004
801980.SI,2020-03-31,0.09464845,0.014633465
801010.SI,2020-04-30,-0.04383474,0.0035480242
801010.SI,2020-05-31,0.061186995,0.0040956778
801010.SI,2020-06-30,0.1623047,0.007826025
801030.SI,2020-04-30,0.010806585,0.010909718
801030.SI,2020-05-31,0.06464793,0.012694356
801030.SI,2020-06-30,0.18227856,0.011848149
801040.SI,2020-04-30,-0.016803194,0.011787304
801040.SI,2020-05-31,0.011632629,0.01181266
801040.SI,2020-06-30,0.056947015,0.010935761
801050.SI,2020-04-30,0.041198615,0.010446914
801050.SI,2020-05-31,0.0466917,0.010014241
801050.SI,2020-06-30,0.20294951,0.009517601
801080.SI,2020-04-30,-0.015388532,0.007392401
801080.SI,2020-05-31,0.19160564,0.0088811945
801080.SI,2020-06-30,0.108126946,0.0066698636
801110.SI,2020-04-30,0.06141841,0.007547774
801110.SI,2020-05-31,0.024046632,0.00625767
801110.SI,2020-06-30,0.10837772,0.0056282226
801120.SI,2020-04-30,0.09072324,0.008197756
801120.SI,2020-05-31,0.08590428,0.006182589
801120.SI,2020-06-30,0.17286251,0.006140459
801130.SI,2020-04-30,-0.00458017,0.013469332
801130.SI,2020-05-31,0.03456377,0.013037312
801130.SI,2020-06-30,0.05764054,0.012018184
801140.SI,2020-04-30,0.062091768,0.010086479
801140.SI,2020-05-31,0.0349556,0.008529968
801140.SI,2020-06-30,0.15287413,0.0069081616
801150.SI,2020-04-30,0.05024303,0.0030258019
801150.SI,2020-05-31,0.16879258,0.0063624275
801150.SI,2020-06-30,0.15620087,0.00555647
801160.SI,2020-04-30,-0.021353688,0.0067837667
801160.SI,2020-05-31,0.026054094,0.005664773
801160.SI,2020-06-30,0.091979705,0.0046385597
801170.SI,2020-04-30,0.0021942533,0.011280428
801170.SI,2020-05-31,0.014174549,0.0112702595
801170.SI,2020-06-30,0.08298949,0.011731866
801180.SI,2020-04-30,-0.030954637,0.01290039
801180.SI,2020-05-31,0.046415325,0.012704492
801180.SI,2020-06-30,0.07537577,0.012043347
801200.SI,2020-04-30,0.072454125,0.0056234617
801200.SI,2020-05-31,0.090716004,0.005617192
801200.SI,2020-06-30,0.10887619,0.0058393
801210.SI,2020-04-30,0.06663868,0.012200036
801210.SI,2020-05-31,0.2535841,0.011731781
801210.SI,2020-06-30,0.41386926,0.009010955
801230.SI,2020-04-30,0.006100608,0.007808074
801230.SI,2020-05-31,0.06933797,0.00877685
801230.SI,2020-06-30,0.12005206,0.0078092297
801710.SI,2020-04-30,-0.016152428,0.011730398
801710.SI,2020-05-31,-0.011193229,0.010560443
801710.SI,2020-06-30,0.239189,0.011772144
801720.SI,2020-04-30,-0.03723291,0.014081799
801720.SI,2020-05-31,-0.008260212,0.015354607
801720.SI,2020-06-30,0.107717045,0.015290181
801730.SI,2020-04-30,-0.0073510706,0.005936079
801730.SI,2020-05-31,0.107463166,0.007454488
801730.SI,2020-06-30,0.21158062,0.007709079
801740.SI,2020-04-30,0.0043392233,0.009767046
801740.SI,2020-05-31,0.029543413,0.01058239
801740.SI,2020-06-30,0.27795917,0.010193822
801750.SI,2020-04-30,-0.022566373,0.003645191
801750.SI,2020-05-31,0.114572614,0.006690446
801750.SI,2020-06-30,0.06444563,0.0073696766
801760.SI,2020-04-30,0.023830539,0.010350478
801760.SI,2020-05-31,0.16563413,0.01111449
801760.SI,2020-06-30,0.07448355,0.010098988
801770.SI,2020-04-30,-0.058536503,0.007549971
801770.SI,2020-05-31,0.078047015,0.012069331
801770.SI,2020-06-30,0.032799877,0.011775677
801880.SI,2020-04-30,-0.0019958566,0.004003817
801880.SI,2020-05-31,0.064600244,0.004250578
801880.SI,2020-06-30,0.14219736,0.002727321
801890.SI,2020-04-30,0.011388807,0.009194911
801890.SI,2020-05-31,0.061984826,0.009520016
801890.SI,2020-06-30,0.12558354,0.009383747
801950.SI,2020-04-30,0.0011404842,0.009478486
801950.SI,2020-05-31,-0.004432598,0.008755454
801950.SI,2020-06-30,0.1274233,0.0067640226
801960.SI,2020-04-30,-0.036255404,0.006928256
801960.SI,2020-05-31,0.010617409,0.007927754
801960.SI,2020-06-30,0.12838642,0.009526619
801970.SI,2020-04-30,-0.024647528,0.003630285
801970.SI,2020-05-31,0.015482411,0.0030258533
801970.SI,2020-06-30,0.11126403,0.003186969
801980.SI,2020-04-30,0.16822384,0.009463632
801980.SI,2020-05-31,0.12149584,0.006512398
801980.SI,2020-06-30,0.07610781,0.00597141
801010.SI,2020-07-31,0.05015885,0.009919723
801010.SI,2020-08-31,-0.1728859,0.005219203
801010.SI,2020-09-30,-0.046034057,0.006038373
801030.SI,2020-07-31,0.040956326,0.009488543
801030.SI,2020-08-31,-0.060199488,0.004282961
801030.SI,2020-09-30,0.027523478,0.006890911
801040.SI,2020-07-31,0.020027617,0.0064477096
801040.SI,2020-08-31,-0.03522683,0.0059477272
801040.SI,2020-09-30,0.017113933,0.009492832
801050.SI,2020-07-31,-0.010330049,0.004697336
801050.SI,2020-08-31,-0.09652013,0.0026641593
801050.SI,2020-09-30,0.019013064,0.0047544832
801080.SI,2020-07-31,-0.013417212,0.0040360983
801080.SI,2020-08-31,-0.060944144,0.0032127828
801080.SI,2020-09-30,0.013922429,0.007156322
801110.SI,2020-07-31,0.00644301,0.005923538
801110.SI,2020-08-31,-0.018302133,0.0034641095
801110.SI,2020-09-30,0.07265941,0.0052588265
801120.SI,2020-07-31,0.12040826,0.0061492394
801120.SI,2020-08-31,-0.0918152,0.0080932705
801120.SI,2020-09-30,0.04163956,0.009695838
801130.SI,2020-07-31,0.022601947,0.00996452
801130.SI,2020-08-31,-0.056188002,0.010355221
801130.SI,2020-09-30,0.021676496,0.012204056
801140.SI,2020-07-31,0.047952462,0.0046067606
801140.SI,2020-08-31,-0.084353045,0.003200698
801140.SI,2020-09-30,0.02150542,0.0040086047
801150.SI,2020-07-31,-0.027681338,0.004967036
801150.SI,2020-08-31,-0.08443325,0.0022466115
801150.SI,2020-09-30,0.023375507,0.0064868233
801160.SI,2020-07-31,0.030880848,0.003943581
801160.SI,2020-08-31,-0.05989733,0.0017384862
801160.SI,2020-09-30,-0.013512558,0.0035677832
801170.SI,2020-07-31,0.053097345,0.010908027
801170.SI,2020-08-31,-0.058340058,0.008855498
801170.SI,2020-09-30,-0.020445546,0.009042187
801180.SI,2020-07-31,0.016344814,0.010675418
801180.SI,2020-08-31,-0.04634628,0.010465282
801180.SI,2020-09-30,-0.043994356,0.013419109
801200.SI,2020-07-31,-0.05152968,0.0027028702
801200.SI,2020-08-31,-0.08170594,0.0039620507
801200.SI,2020-09-30,-0.018752126,0.0068904925
801210.SI,2020-07-31,-0.08815457,0.0057329205
801210.SI,2020-08-31,0.03138341,0.005079347
801210.SI,2020-09-30,-0.09195714,0.007603369
801230.SI,2020-07-31,0.021995563,0.0069752666
801230.SI,2020-08-31,-0.10741562,0.0074717435
801230.SI,2020-09-30,0.018965518,0.010715517
801710.SI,2020-07-31,0.01930754,0.010487005
801710.SI,2020-08-31,-0.09273977,0.007480264
801710.SI,2020-09-30,-0.020714441,0.009052494
801720.SI,2020-07-31,0.03610656,0.011940849
801720.SI,2020-08-31,-0.073542036,0.008826236
801720.SI,2020-09-30,-0.006530847,0.010547374
801730.SI,2020-07-31,0.01805346,0.0051474255
801730.SI,2020-08-31,0.021636704,0.001635115
801730.SI,2020-09-30,0.06498904,0.0012201542
801740.SI,2020-07-31,0.069589205,0.006698176
801740.SI,2020-08-31,-0.048157632,0.00075899623
801740.SI,2020-09-30,-0.042020928,0.0040249433
801750.SI,2020-07-31,-0.0026693272,0.008620909
801750.SI,2020-08-31,-0.08843453,0.008547763
801750.SI,2020-09-30,-0.030273354,0.008471723
801760.SI,2020-07-31,0.029958703,0.0052416455
801760.SI,2020-08-31,-0.0806923,0.00499557
801760.SI,2020-09-30,-0.028560163,0.008402771
801770.SI,2020-07-31,-0.008491564,0.010773945
801770.SI,2020-08-31,-0.10255823,0.008444613
801770.SI,2020-09-30,-0.02612116,0.011048056
801880.SI,2020-07-31,0.049609035,0.001273177
801880.SI,2020-08-31,0.011246825,-0.0012993397
801880.SI,2020-09-30,0.11588264,0.0010949386
801890.SI,2020-07-31,0.04894076,0.0055530625
801890.SI,2020-08-31,-0.04145865,0.0028139919
801890.SI,2020-09-30,0.016256196,0.004093546
801950.SI,2020-07-31,0.0007611984,0.0032221414
801950.SI,2020-08-31,-0.030203743,0.0035378244
801950.SI,2020-09-30,0.0020244543,0.0055951755
801960.SI,2020-07-31,0.073788576,0.007137468
801960.SI,2020-08-31,-0.08208777,0.0030145764
801960.SI,2020-09-30,0.014976139,0.005309749
801970.SI,2020-07-31,0.06291532,0.00026423795
801970.SI,2020-08-31,-0.09475821,-0.0018838979
801970.SI,2020-09-30,-0.020607911,0.0016292284
801980.SI,2020-07-31,-0.021900525,0.004508855
801980.SI,2020-08-31,-0.08720911,0.002103065
801980.SI,2020-09-30,0.056727484,0.0018472783
801010.SI,2020-10-31,0.030726796,0.018527362
801010.SI,2020-11-30,0.018622642,0.048234046
801010.SI,2020-12-31,0.0031943982,0.035990987
801030.SI,2020-10-31,0.0764214,0.018768823
801030.SI,2020-11-30,0.025958508,0.033206217
801030.SI,2020-12-31,0.06650024,0.029261375
801040.SI,2020-10-31,0.10911017,0.037731763
801040.SI,2020-11-30,-0.006090491,0.025385134
801040.SI,2020-12-31,0.0010011889,0.00888302
801050.SI,2020-10-31,0.20511651,0.019795435
801050.SI,2020-11-30,0.061108764,0.01580309
801050.SI,2020-12-31,0.039144475,0.0020545751
801080.SI,2020-10-31,0.04016481,0.037801903
801080.SI,2020-11-30,0.009391243,0.04652566
801080.SI,2020-12-31,0.013811122,0.038586993
801110.SI,2020-10-31,0.087526515,0.01509345
801110.SI,2020-11-30,0.043044332,0.030740472
801110.SI,2020-12-31,-0.0309679,0.027669728
801120.SI,2020-10-31,0.022992682,0.03497011
801120.SI,2020-11-30,0.1798679,0.03420439
801120.SI,2020-12-31,0.01430833,0.037611596
801130.SI,2020-10-31,0.001248035,0.026757872
801130.SI,2020-11-30,-0.053932775,0.025015062
801130.SI,2020-12-31,-0.07499313,0.024790881
801140.SI,2020-10-31,0.025060873,0.012767551
801140.SI,2020-11-30,-0.022162847,0.020040698
801140.SI,2020-12-31,0.027400834,0.022398753
801150.SI,2020-10-31,-0.066305585,0.03333336
801150.SI,2020-11-30,0.09518135,0.038830105
801150.SI,2020-12-31,0.0053364,0.030108316
801160.SI,2020-10-31,0.036801867,0.009324747
801160.SI,2020-11-30,-0.011907584,0.023123147
801160.SI,2020-12-31,-0.048699174,0.013762179
801170.SI,2020-10-31,0.07469429,0.020079931
801170.SI,2020-11-30,-0.013283901,0.023433179
801170.SI,2020-12-31,-0.009479209,0.026837913
801180.SI,2020-10-31,0.061304487,0.025807923
801180.SI,2020-11-30,-0.0714355,0.026292326
801180.SI,2020-12-31,-0.06828333,0.014739183
801200.SI,2020-10-31,-0.011522667,0.02640687
801200.SI,2020-11-30,-0.077869125,0.021504516
801200.SI,2020-12-31,-0.0797259,0.013609223
801210.SI,2020-10-31,0.015808834,0.024055116
801210.SI,2020-11-30,0.24981336,0.03839408
801210.SI,2020-12-31,0.011871838,0.04280563
801230.SI,2020-10-31,-0.0074458504,0.016386526
801230.SI,2020-11-30,0.016669989,0.02338539
801230.SI,2020-12-31,-0.03972988,0.019862108
801710.SI,2020-10-31,0.048005104,0.015320331
801710.SI,2020-11-30,-0.018658614,0.036595654
801710.SI,2020-12-31,0.012175468,0.03465556
801720.SI,2020-10-31,0.023447625,0.010846409
801720.SI,2020-11-30,-0.07725075,0.023516854
801720.SI,2020-12-31,-0.04021626,0.02296667
801730.SI,2020-10-31,0.015676409,0.013493866
801730.SI,2020-11-30,0.19937052,0.019431628
801730.SI,2020-12-31,0.057461977,0.019583758
801740.SI,2020-10-31,0.08052982,0.008349379
801740.SI,2020-11-30,0.10893477,0.038815524
801740.SI,2020-12-31,-0.10204391,0.03566372
801750.SI,2020-10-31,-0.026569963,0.028474063
801750.SI,2020-11-30,-0.013178916,0.02426297
801750.SI,2020-12-31,-0.04784911,0.022698784
801760.SI,2020-10-31,-0.020914719,0.015912855
801760.SI,2020-11-30,-0.049653474,0.019047828
801760.SI,2020-12-31,-0.0009269104,0.010655108
801770.SI,2020-10-31,0.022990739,0.031636328
801770.SI,2020-11-30,-0.06659189,0.043830693
801770.SI,2020-12-31,-0.073003404,0.038751576
801880.SI,2020-10-31,0.080084555,0.020887794
801880.SI,2020-11-30,-0.004273728,0.025641901
801880.SI,2020-12-31,0.025444098,0.016898815
801890.SI,2020-10-31,0.048214372,0.013085142
801890.SI,2020-11-30,0.03494535,0.023025194
801890.SI,2020-12-31,0.0137820635,0.01876038
801950.SI,2020-10-31,0.15424344,0.026005693
801950.SI,2020-11-30,-1.1591918e-05,0.014665795
801950.SI,2020-12-31,-0.064237356,0.0026826654
801960.SI,2020-10-31,0.16487142,0.014021243
801960.SI,2020-11-30,-0.011795903,0.0239663
801960.SI,2020-12-31,0.10204375,0.02424635
801970.SI,2020-10-31,-0.0030353554,0.00951898
801970.SI,2020-11-30,-0.06509239,0.024817327
801970.SI,2020-12-31,-0.07371223,0.012361941
801980.SI,2020-10-31,-0.02205339,-0.022928854
801980.SI,2020-11-30,0.053775515,-0.0026522658
801980.SI,2020-12-31,0.054965504,-0.0060617886
801010.SI,2021-01-31,0.08307774,0.024500892
801010.SI,2021-02-28,-0.075628035,0.024679037
801010.SI,2021-03-31,0.0010991863,0.03839046
801030.SI,2021-01-31,0.042897556,0.014099538
801030.SI,2021-02-28,-0.06490128,0.013937552
801030.SI,2021-03-31,0.036481388,0.015533675
801040.SI,2021-01-31,0.0836005,-0.0066685174
801040.SI,2021-02-28,0.066280425,0.014160551
801040.SI,2021-03-31,0.08850467,0.008041752
801050.SI,2021-01-31,0.066796094,-0.022460535
801050.SI,2021-02-28,-0.10210013,-0.0012699543
801050.SI,2021-03-31,0.090134144,0.009781035
801080.SI,2021-01-31,-0.034062643,0.02459243
801080.SI,2021-02-28,-0.058015995,0.018909138
801080.SI,2021-03-31,0.061827272,0.026569003
801110.SI,2021-01-31,-0.015302751,0.025254095
801110.SI,2021-02-28,-0.03301329,0.027034357
801110.SI,2021-03-31,-0.007496174,0.030082196
801120.SI,2021-01-31,-0.050460596,0.02423229
801120.SI,2021-02-28,-0.04348118,0.034027714
801120.SI,2021-03-31,0.059788786,0.049747746
801130.SI,2021-01-31,0.03729991,0.018920109
801130.SI,2021-02-28,0.055252686,0.022449957
801130.SI,2021-03-31,0.0118551245,0.022784093
801140.SI,2021-01-31,0.016708003,0.016407654
801140.SI,2021-02-28,0.018347545,0.012835212
801140.SI,2021-03-31,0.017750006,0.012701209
801150.SI,2021-01-31,-0.01606588,0.027065784
801150.SI,2021-02-28,-0.030125197,0.031235507
801150.SI,2021-03-31,0.10974712,0.035759654
801160.SI,2021-01-31,0.018116666,-0.0014971349
801160.SI,2021-02-28,0.15121536,0.00025335685
801160.SI,2021-03-31,-0.08974721,0.005371532
801170.SI,2021-01-31,0.016923923,0.013205278
801170.SI,2021-02-28,-0.001447154,0.0167271
801170.SI,2021-03-31,-0.026811147,0.015613739
801180.SI,2021-01-31,0.103252895,0.015633931
801180.SI,2021-02-28,-0.039094996,0.018272072
801180.SI,2021-03-31,-0.015433381,0.028609017
801200.SI,2021-01-31,0.031401105,0.010252099
801200.SI,2021-02-28,0.009252442,0.018558009
801200.SI,2021-03-31,-0.011804923,0.022967614
801210.SI,2021-01-31,0.068605065,0.029310161
801210.SI,2021-02-28,0.017528722,0.025232738
801210.SI,2021-03-31,0.013222546,0.01993457
801230.SI,2021-01-31,0.0019676916,0.022473032
801230.SI,2021-02-28,0.041266385,0.021786755
801230.SI,2021-03-31,0.04239959,0.027619049
801710.SI,2021-01-31,0.036595028,0.027902612
801710.SI,2021-02-28,0.010153652,0.025685145
801710.SI,2021-03-31,0.011249962,0.02175822
801720.SI,2021-01-31,0.05886017,0.014424659
801720.SI,2021-02-28,0.058769967,0.0129171945
801720.SI,2021-03-31,-0.051903564,0.015231345
801730.SI,2021-01-31,-0.06033003,0.005518032
801730.SI,2021-02-28,-0.046533268,0.006388447
801730.SI,2021-03-31,0.06870495,0.01763724
801740.SI,2021-01-31,-0.01570235,-0.00063299417
801740.SI,2021-02-28,-0.08648491,-0.00020891924
801740.SI,2021-03-31,-0.040821582,0.016816886
801750.SI,2021-01-31,-0.017231949,0.024751572
801750.SI,2021-02-28,-0.027818598,0.02395357
801750.SI,2021-03-31,-0.020623706,0.02776874
801760.SI,2021-01-31,-0.03921194,0.008559366
801760.SI,2021-02-28,-0.04696109,0.004262739
801760.SI,2021-03-31,0.021054043,0.011593108
801770.SI,2021-01-31,0.0135915885,0.025690341
801770.SI,2021-02-28,-0.05727795,0.025321282
801770.SI,2021-03-31,-0.036059566,0.034160566
801880.SI,2021-01-31,-0.051590174,0.009621856
801880.SI,2021-02-28,-0.05912859,0.027222201
801880.SI,2021-03-31,0.032171786,0.03367645
801890.SI,2021-01-31,0.014506149,0.009346184
801890.SI,2021-02-28,-0.025282178,0.010718487
801890.SI,2021-03-31,-0.0138128,0.01808282
801950.SI,2021-01-31,0.044323593,-0.025440574
801950.SI,2021-02-28,0.0650989,0.0019205197
801950.SI,2021-03-31,0.059326988,0.029251305
801960.SI,2021-01-31,0.08008338,0.012715164
801960.SI,2021-02-28,-0.09131142,0.014668998
801960.SI,2021-03-31,-0.00078273047,0.010272547
801970.SI,2021-01-31,0.08621767,0.004359975
801970.SI,2021-02-28,0.10231848,0.0029429123
801970.SI,2021-03-31,-0.08110941,0.0022023104
801980.SI,2021-01-31,0.017186942,0.008973365
801980.SI,2021-02-28,-0.0045800507,0.0063542314
801980.SI,2021-03-31,0.2281957,0.012468375
801010.SI,2021-04-30,-0.04722328,0.044888902
801010.SI,2021-05-31,-0.037151545,0.039651055
801010.SI,2021-06-30,-0.14252666,0.03582132
801030.SI,2021-04-30,0.06929651,0.015576766
801030.SI,2021-05-31,0.053710755,0.012047655
801030.SI,2021-06-30,0.051279794,-0.0012638908
801040.SI,2021-04-30,-0.008843745,-0.018368516
801040.SI,2021-05-31,-0.00931667,-0.026142025
801040.SI,2021-06-30,0.17591548,-0.014610566
801050.SI,2021-04-30,0.0842078,0.0092341
801050.SI,2021-05-31,-0.043869283,0.0048160716
801050.SI,2021-06-30,0.27401584,-0.006543486
801080.SI,2021-04-30,0.020974573,0.034105007
801080.SI,2021-05-31,0.11816786,0.023487037
801080.SI,2021-06-30,0.040063918,0.00089726876
801110.SI,2021-04-30,-0.013865523,0.024737855
801110.SI,2021-05-31,-0.06526482,0.013207356
801110.SI,2021-06-30,-0.09187386,0.0076020607
801120.SI,2021-04-30,0.092193134,0.054866746
801120.SI,2021-05-31,-0.056646757,0.02066624
801120.SI,2021-06-30,-0.19205436,0.017179815
801130.SI,2021-04-30,0.03652771,0.011633099
801130.SI,2021-05-31,0.019539313,-0.0018050894
801130.SI,2021-06-30,-0.09304866,0.00031142714
801140.SI,2021-04-30,0.008379918,0.011680025
801140.SI,2021-05-31,-0.030460475,0.014979213
801140.SI,2021-06-30,-0.07121776,0.019439884
801150.SI,2021-04-30,0.02956012,0.02229286
801150.SI,2021-05-31,-0.0026279134,-0.005336022
801150.SI,2021-06-30,-0.099895865,-0.014061835
801160.SI,2021-04-30,0.046017997,-0.008019391
801160.SI,2021-05-31,-0.008620731,-0.008280116
801160.SI,2021-06-30,-0.031980775,0.019083789
801170.SI,2021-04-30,0.030305624,-0.0044301166
801170.SI,2021-05-31,0.010362673,-0.0020140961
801170.SI,2021-06-30,-0.117329806,0.012514565
801180.SI,2021-04-30,0.017715001,0.01579416
801180.SI,2021-05-31,-0.08060342,0.011510447
801180.SI,2021-06-30,-0.11822874,0.00981547
801200.SI,2021-04-30,0.06653078,0.013913308
801200.SI,2021-05-31,-0.05021807,0.00507322
801200.SI,2021-06-30,-0.059729118,0.009501222
801210.SI,2021-04-30,0.03348193,-0.01592453
801210.SI,2021-05-31,-0.08669823,-0.005313015
801210.SI,2021-06-30,-0.19737709,0.010549985
801230.SI,2021-04-30,0.026356466,0.011411443
801230.SI,2021-05-31,0.09864422,0.008236568
801230.SI,2021-06-30,-0.03898726,0.016924659
801710.SI,2021-04-30,0.022903597,0.012454074
801710.SI,2021-05-31,-0.06725397,0.016923286
801710.SI,2021-06-30,-0.058214393,0.02960213
801720.SI,2021-04-30,0.0020944062,0.00050692755
801720.SI,2021-05-31,0.005425939,0.0027769713
801720.SI,2021-06-30,-0.006332347,0.017773159
801730.SI,2021-04-30,0.07704548,0.020032471
801730.SI,2021-05-31,0.1354586,0.012574921
801730.SI,2021-06-30,0.1072028,-0.001343526
801740.SI,2021-04-30,0.13065185,0.036116585
801740.SI,2021-05-31,0.010640892,0.015365142
801740.SI,2021-06-30,0.033440866,-0.005747592
801750.SI,2021-04-30,0.08341981,0.031806704
801750.SI,2021-05-31,0.033611443,0.025338003
801750.SI,2021-06-30,-0.0433449,0.0146361515
801760.SI,2021-04-30,0.027449435,0.0077553205
801760.SI,2021-05-31,-0.035152756,0.0035639973
801760.SI,2021-06-30,-0.11919272,0.0064195096
801770.SI,2021-04-30,0.06912067,0.03401139
801770.SI,2021-05-31,0.03136192,0.02954991
801770.SI,2021-06-30,0.045629974,0.0046950825
801880.SI,2021-04-30,0.056994203,0.026826488
801880.SI,2021-05-31,0.09067793,0.014767806
801880.SI,2021-06-30,-0.0044406904,0.0065606073
801890.SI,2021-04-30,0.024142379,0.013068843
801890.SI,2021-05-31,0.023239074,0.0046318276
801890.SI,2021-06-30,0.020946387,-0.0030541848
801950.SI,2021-04-30,0.038825665,0.009299164
801950.SI,2021-05-31,0.025306014,-0.0071547874
801950.SI,2021-06-30,0.016612213,-0.01244039
801960.SI,2021-04-30,0.013513823,-0.0017882955
801960.SI,2021-05-31,0.039200887,-0.009149947
801960.SI,2021-06-30,0.015531625,-0.01258409
801970.SI,2021-04-30,0.030720389,-0.013156221
801970.SI,2021-05-31,-0.024350666,-0.0153950825
801970.SI,2021-06-30,0.0027360835,0.010474044
801980.SI,2021-04-30,0.05741491,0.013119165
801980.SI,2021-05-31,-0.0063486774,-0.014764582
801980.SI,2021-06-30,-0.1989455,-0.02406994
801010.SI,2021-07-31,-0.004617139,0.011041646
801010.SI,2021-08-31,0.09426429,0.0148978485
801010.SI,2021-09-30,0.026940761,0.009106143
801030.SI,2021-07-31,0.12462121,-0.01380718
801030.SI,2021-08-31,-0.038308658,-0.016192578
801030.SI,2021-09-30,-0.0036510979,-0.004611252
801040.SI,2021-07-31,0.17564185,-0.00012385596
801040.SI,2021-08-31,-0.13403809,-0.02405777
801040.SI,2021-09-30,-0.11683338,-0.018512538
801050.SI,2021-07-31,0.1799989,-0.010203508
801050.SI,2021-08-31,-0.18111046,-0.022109807
801050.SI,2021-09-30,-0.0062225736,-0.010803216
801080.SI,2021-07-31,-0.069668025,-0.013069044
801080.SI,2021-08-31,-0.039310686,-0.0035433855
801080.SI,2021-09-30,0.017013451,0.017473698
801110.SI,2021-07-31,-0.00041832172,0.011578135
801110.SI,2021-08-31,-0.010104074,0.017459122
801110.SI,2021-09-30,-0.006803082,0.023350516
801120.SI,2021-07-31,-0.04279989,0.037875414
801120.SI,2021-08-31,0.124890715,0.056768846
801120.SI,2021-09-30,0.017800594,0.050413843
801130.SI,2021-07-31,0.028724771,0.0011517027
801130.SI,2021-08-31,-0.036336694,0.007609082
801130.SI,2021-09-30,-0.011737671,0.010717719
801140.SI,2021-07-31,0.05128826,0.009948489
801140.SI,2021-08-31,-0.03269612,0.008074438
801140.SI,2021-09-30,-0.029797345,0.004434408
801150.SI,2021-07-31,-0.08625694,0.013054863
801150.SI,2021-08-31,0.049568634,0.03040973
801150.SI,2021-09-30,-0.040948447,0.034223314
801160.SI,2021-07-31,0.11602806,-0.0008684813
801160.SI,2021-08-31,0.15892386,-0.008438203
801160.SI,2021-09-30,-0.07819233,-0.03349197
801170.SI,2021-07-31,0.07282474,-0.0055295597
801170.SI,2021-08-31,0.02277325,-0.009967619
801170.SI,2021-09-30,-0.017215328,-0.016098889
801180.SI,2021-07-31,0.05027751,0.0061240215
801180.SI,2021-08-31,0.052668303,0.007191664
801180.SI,2021-09-30,-0.088877104,-0.0020261172
801200.SI,2021-07-31,0.047901418,0.0006397981
801200.SI,2021-08-31,-0.018406454,0.005451366
801200.SI,2021-09-30,0.011763098,0.00086197566
801210.SI,2021-07-31,0.009105151,0.023676364
801210.SI,2021-08-31,0.07327774,0.015264973
801210.SI,2021-09-30,0.032777518,0.015510917
801230.SI,2021-07-31,0.10550428,0.0041703726
801230.SI,2021-08-31,-0.12149056,0.0015547266
801230.SI,2021-09-30,0.014128978,-0.0057338835
801710.SI,2021-07-31,0.08976149,0.008773715
801710.SI,2021-08-31,-0.078176856,0.003689371
801710.SI,2021-09-30,-0.039473023,0.0038413077
801720.SI,2021-07-31,0.092068225,-0.0038745245
801720.SI,2021-08-31,-0.01757624,-0.009816171
801720.SI,2021-09-30,-0.025438847,-0.011400624
801730.SI,2021-07-31,0.053703528,-0.01991249
801730.SI,2021-08-31,-0.030140957,-0.024053639
801730.SI,2021-09-30,0.11700719,-0.014172888
801740.SI,2021-07-31,0.16397522,-0.026593426
801740.SI,2021-08-31,-0.10270136,-0.02324734
801740.SI,2021-09-30,0.040625054,-0.010512429
801750.SI,2021-07-31,-0.016002763,-0.002544284
801750.SI,2021-08-31,-0.012265275,0.008486677
801750.SI,2021-09-30,-0.00078004104,0.015271093
801760.SI,2021-07-31,-0.0045458344,0.00014621143
801760.SI,2021-08-31,0.016369222,0.0032066237
801760.SI,2021-09-30,0.0075820144,-0.0037802893
801770.SI,2021-07-31,-0.05875851,-0.016775815
801770.SI,2021-08-31,-0.013587207,-0.007649934
801770.SI,2021-09-30,-0.004679452,0.005252537
801880.SI,2021-07-31,0.07788579,-0.0069262427
801880.SI,2021-08-31,-0.08890515,-0.0038453636
801880.SI,2021-09-30,0.09899911,0.0025805768
801890.SI,2021-07-31,0.090863794,-0.011896
801890.SI,2021-08-31,-0.065728255,-0.011639205
801890.SI,2021-09-30,-0.013551363,-0.0013181142
801950.SI,2021-07-31,0.27566168,0.008862286
801950.SI,2021-08-31,0.04879153,-0.015572584
801950.SI,2021-09-30,-0.15288906,-0.026520833
801960.SI,2021-07-31,0.08502756,-0.0045872647
801960.SI,2021-08-31,0.05337449,-0.0062675304
801960.SI,2021-09-30,-0.091477305,-0.017030092
801970.SI,2021-07-31,0.11725889,-0.0050078277
801970.SI,2021-08-31,0.02548547,-0.009046494
801970.SI,2021-09-30,-0.09125842,-0.018251607
801980.SI,2021-07-31,-0.05573648,0.005683156
801980.SI,2021-08-31,-0.007030471,0.028591888
801980.SI,2021-09-30,0.043682132,0.031054022
801010.SI,2021-10-31,0.0030301104,0.012565645
801010.SI,2021-11-30,0.07133662,0.015206094
801010.SI,2021-12-31,-0.045990452,0.016801776
801030.SI,2021-10-31,-0.0034892196,0.009107488
801030.SI,2021-11-30,0.0005555933,0.01855466
801030.SI,2021-12-31,-0.105897605,0.011466938
801040.SI,2021-10-31,0.009838589,0.0114670545
801040.SI,2021-11-30,0.01570622,0.0307393
801040.SI,2021-12-31,-0.07358928,0.02722841
801050.SI,2021-10-31,0.088419355,0.008138374
801050.SI,2021-11-30,-0.062154815,0.02472514
801050.SI,2021-12-31,-0.10737522,0.018166231
801080.SI,2021-10-31,0.08530448,0.03274433
801080.SI,2021-11-30,0.011380519,0.022236839
801080.SI,2021-12-31,-0.1338755,0.010725225
801110.SI,2021-10-31,0.0010934495,0.02840068
801110.SI,2021-11-30,0.066834316,0.02733743
801110.SI,2021-12-31,-0.045582302,0.01653268
801120.SI,2021-10-31,0.0149787655,0.049249407
801120.SI,2021-11-30,0.039681826,0.049695004
801120.SI,2021-12-31,-0.10589043,0.05121377
801130.SI,2021-10-31,0.05770699,0.0077620056
801130.SI,2021-11-30,0.016061226,0.0070338887
801130.SI,2021-12-31,-0.06683007,-0.0056476146
801140.SI,2021-10-31,0.057167504,0.011886474
801140.SI,2021-11-30,0.088884234,0.016266637
801140.SI,2021-12-31,-0.09641594,0.0057293163
801150.SI,2021-10-31,0.036647193,0.038260337
801150.SI,2021-11-30,0.0047291443,0.030196248
801150.SI,2021-12-31,-0.14939067,0.013343002
801160.SI,2021-10-31,-0.007188768,-0.034556136
801160.SI,2021-11-30,0.089434706,-0.014665451
801160.SI,2021-12-31,-0.12765504,0.010427763
801170.SI,2021-10-31,-0.0031786065,-0.0044903704
801170.SI,2021-11-30,0.06085472,0.0075580743
801170.SI,2021-12-31,-0.02884529,0.007446823
801180.SI,2021-10-31,0.021757899,0.0015060795
801180.SI,2021-11-30,0.06697237,0.011230551
801180.SI,2021-12-31,-0.012887095,0.01332131
801200.SI,2021-10-31,0.005111238,0.004790392
801200.SI,2021-11-30,0.011491803,0.007692281
801200.SI,2021-12-31,-0.0650265,0.0019819762
801210.SI,2021-10-31,-0.16618977,0.027569586
801210.SI,2021-11-30,0.13921013,0.035807583
801210.SI,2021-12-31,-0.07121774,0.027635293
801230.SI,2021-10-31,-0.027302938,0.00014586018
801230.SI,2021-11-30,0.049686838,0.00511941
801230.SI,2021-12-31,-0.066356845,0.0014235406
801710.SI,2021-10-31,-0.0036639767,0.02130019
801710.SI,2021-11-30,0.12821622,0.030478923
801710.SI,2021-12-31,-0.076477654,0.020415364
801720.SI,2021-10-31,0.010865649,0.00041298088
801720.SI,2021-11-30,0.07816518,0.0079494
801720.SI,2021-12-31,-0.028850148,-0.0012516067
801730.SI,2021-10-31,0.03347142,0.004427416
801730.SI,2021-11-30,-0.085792184,0.008232826
801730.SI,2021-12-31,-0.10818649,0.008234942
801740.SI,2021-10-31,0.12984385,0.017987445
801740.SI,2021-11-30,-0.01011309,0.017032344
801740.SI,2021-12-31,-0.17921938,0.0014942099
801750.SI,2021-10-31,0.07603867,0.025437757
801750.SI,2021-11-30,0.016287237,0.017453361
801750.SI,2021-12-31,-0.0850338,0.00049722864
801760.SI,2021-10-31,0.04592029,0.0020170936
801760.SI,2021-11-30,0.14445594,0.004978506
801760.SI,2021-12-31,-0.14401348,-0.009298906
801770.SI,2021-10-31,0.112850465,0.01582157
801770.SI,2021-11-30,0.017856808,0.0083063
801770.SI,2021-12-31,-0.082382545,-0.005857905
801880.SI,2021-10-31,0.052220657,0.016800588
801880.SI,2021-11-30,-0.047975365,0.013803954
801880.SI,2021-12-31,-0.11613915,0.004145613
801890.SI,2021-10-31,0.07507603,0.014580969
801890.SI,2021-11-30,0.0044282544,0.021136178
801890.SI,2021-12-31,-0.11792506,0.009927315
801950.SI,2021-10-31,-0.041844964,0.00089277857
801950.SI,2021-11-30,0.076740816,0.031288985
801950.SI,2021-12-31,-0.04209604,0.04474126
801960.SI,2021-10-31,-0.043823108,-0.017299527
801960.SI,2021-11-30,0.04772524,-0.002303989
801960.SI,2021-12-31,-0.048408546,0.0113582285
801970.SI,2021-10-31,0.09764972,-0.005232083
801970.SI,2021-11-30,0.027221825,0.0030836563
801970.SI,2021-12-31,-0.102020346,0.0018114229
801980.SI,2021-10-31,-0.054143213,0.02658969
801980.SI,2021-11-30,-0.02028643,0.022259964
801980.SI,2021-12-31,-0.14092645,0.016299233
801010.SI,2022-01-31,0.007596442,0.012909938
801010.SI,2022-02-28,0.02941563,0.0099968845
801010.SI,2022-03-31,-0.12757593,0.008702155
801030.SI,2022-01-31,0.0970853,0.016992586
801030.SI,2022-02-28,-0.09326287,0.017838089
801030.SI,2022-03-31,-0.11924498,0.016448414
801040.SI,2022-01-31,0.07910013,0.01734783
801040.SI,2022-02-28,-0.101023205,0.011736147
801040.SI,2022-03-31,-0.08151704,0.0061811656
801050.SI,2022-01-31,0.1717577,0.018310271
801050.SI,2022-02-28,-0.12610462,0.015313861
801050.SI,2022-03-31,-0.116472386,0.010924784
801080.SI,2022-01-31,0.012170032,0.013406236
801080.SI,2022-02-28,-0.14973257,0.019435292
801080.SI,2022-03-31,-0.1390666,0.020340871
801110.SI,2022-01-31,-0.047899757,0.014838477
801110.SI,2022-02-28,-0.124966465,0.018249825
801110.SI,2022-03-31,-0.008308092,0.020241456
801120.SI,2022-01-31,-0.0074518323,0.03308991
801120.SI,2022-02-28,-0.10261062,0.033134412
801120.SI,2022-03-31,0.042877294,0.0358408
801130.SI,2022-01-31,0.032914158,0.0042921095
801130.SI,2022-02-28,-0.068220176,0.007973147
801130.SI,2022-03-31,-0.100632764,0.010483886
801140.SI,2022-01-31,0.008794988,0.0072762505
801140.SI,2022-02-28,-0.07630784,0.010369969
801140.SI,2022-03-31,-0.13371953,0.013927816
801150.SI,2022-01-31,0.03975396,0.0068461164
801150.SI,2022-02-28,0.008705436,0.011990114
801150.SI,2022-03-31,-0.13973002,0.01607543
801160.SI,2022-01-31,0.07892453,0.016006408
801160.SI,2022-02-28,-0.096074246,0.013344838
801160.SI,2022-03-31,-0.05789182,0.011388029
801170.SI,2022-01-31,0.027994702,0.008094032
801170.SI,2022-02-28,-0.07208777,0.004538512
801170.SI,2022-03-31,-0.017374245,0.0037927674
801180.SI,2022-01-31,-0.007794143,0.011915865
801180.SI,2022-02-28,0.09523348,0.011278223
801180.SI,2022-03-31,-0.08357665,0.007312016
801200.SI,2022-01-31,4.5069406e-05,0.003374668
801200.SI,2022-02-28,-0.08497281,0.004318602
801200.SI,2022-03-31,-0.014237761,0.005228115
801210.SI,2022-01-31,0.015471462,0.011474461
801210.SI,2022-02-28,-0.07379819,0.009433144
801210.SI,2022-03-31,-0.06382061,0.011116718
801230.SI,2022-01-31,0.08543288,0.002944682
801230.SI,2022-02-28,0.020835368,0.004311032
801230.SI,2022-03-31,-0.12677583,0.004529572
801710.SI,2022-01-31,-0.006291226,0.014095857
801710.SI,2022-02-28,-0.037196457,0.0148106115
801710.SI,2022-03-31,-0.068863444,0.015117808
801720.SI,2022-01-31,0.040313307,0.0041210935
801720.SI,2022-02-28,-0.019815462,0.0025193372
801720.SI,2022-03-31,-0.029737715,0.005475136
801730.SI,2022-01-31,0.025432559,0.014272206
801730.SI,2022-02-28,-0.10095335,0.01968448
801730.SI,2022-03-31,-0.15533574,0.018046336
801740.SI,2022-01-31,0.054260127,0.010263125
801740.SI,2022-02-28,-0.11359069,0.0150255235
801740.SI,2022-03-31,-0.13436191,0.017552705
801750.SI,2022-01-31,0.026415404,0.0034011293
801750.SI,2022-02-28,-0.11588903,0.0064882655
801750.SI,2022-03-31,-0.17031118,0.012772221
801760.SI,2022-01-31,-0.013904222,-0.0023720937
801760.SI,2022-02-28,-0.036816485,0.0022170786
801760.SI,2022-03-31,-0.13951921,0.010085795
801770.SI,2022-01-31,0.055744577,0.0027141601
801770.SI,2022-02-28,-0.08199091,0.008228538
801770.SI,2022-03-31,-0.12288654,0.011672422
801880.SI,2022-01-31,0.0055404566,0.008441839
801880.SI,2022-02-28,-0.1155706,0.016484367
801880.SI,2022-03-31,-0.09136844,0.016767118
801890.SI,2022-01-31,0.029005898,0.012291285
801890.SI,2022-02-28,-0.10893222,0.015427596
801890.SI,2022-03-31,-0.1404379,0.015717275
801950.SI,2022-01-31,0.15532583,0.023265203
801950.SI,2022-02-28,0.108069375,0.015628656
801950.SI,2022-03-31,-0.03879373,0.0033031462
801960.SI,2022-01-31,0.08953287,0.01445556
801960.SI,2022-02-28,-0.117441736,0.007960468
801960.SI,2022-03-31,-0.048975937,0.0058052693
801970.SI,2022-01-31,0.07704859,0.004495981
801970.SI,2022-02-28,-0.09540191,0.0048740865
801970.SI,2022-03-31,-0.15255521,0.00558331
801980.SI,2022-01-31,0.042863432,0.016777202
801980.SI,2022-02-28,-0.043002613,0.018939694
801980.SI,2022-03-31,-0.017492441,0.016100677
801010.SI,2022-04-30,0.054802198,-0.001639875
801010.SI,2022-05-31,0.04086139,-0.00060956116
801010.SI,2022-06-30,0.03563842,0.0014540342
801030.SI,2022-04-30,0.10962372,0.006634531
801030.SI,2022-05-31,0.081262924,0.00813947
801030.SI,2022-06-30,-0.021507021,0.0060795583
801040.SI,2022-04-30,0.038715072,0.0011281762
801040.SI,2022-05-31,0.020916695,0.0035266455
801040.SI,2022-06-30,-0.005751461,0.003608688
801050.SI,2022-04-30,0.079827935,0.0013321266
801050.SI,2022-05-31,0.11964063,0.0044193086
801050.SI,2022-06-30,-0.016247654,0.0008869811
801080.SI,2022-04-30,0.0895577,0.007614746
801080.SI,2022-05-31,0.0803455,0.0063166786
801080.SI,2022-06-30,-0.03591764,0.0007683759
801110.SI,2022-04-30,0.01608301,0.0022167165
801110.SI,2022-05-31,0.11157492,0.0005969989
801110.SI,2022-06-30,-0.02452286,-0.0019657991
801120.SI,2022-04-30,0.019460652,0.015729683
801120.SI,2022-05-31,0.13049336,0.0128171295
801120.SI,2022-06-30,-0.096896015,0.00841037
801130.SI,2022-04-30,0.07750663,0.0012955824
801130.SI,2022-05-31,0.023595016,0.0010844208
801130.SI,2022-06-30,-0.01583205,0.0014397576
801140.SI,2022-04-30,0.07539185,0.004406406
801140.SI,2022-05-31,0.08444495,0.004010942
801140.SI,2022-06-30,-0.056322888,0.00250416
801150.SI,2022-04-30,0.011486663,0.0021426287
801150.SI,2022-05-31,0.10470643,0.0024792154
801150.SI,2022-06-30,-0.07503974,0.0035224266
801160.SI,2022-04-30,0.09097295,0.00033112118
801160.SI,2022-05-31,0.006086737,-0.0020619128
801160.SI,2022-06-30,0.040463928,-0.0038088516
801170.SI,2022-04-30,0.069523394,-0.006690923
801170.SI,2022-05-31,0.019829268,-0.0036250998
801170.SI,2022-06-30,-0.049002107,-0.0018960988
801180.SI,2022-04-30,-0.05912666,-0.0047401674
801180.SI,2022-05-31,0.056114595,-0.0022874207
801180.SI,2022-06-30,-0.062527515,0.0058988524
801200.SI,2022-04-30,0.029517118,-0.005571721
801200.SI,2022-05-31,0.108056955,-0.0068722614
801200.SI,2022-06-30,-0.07050567,-0.0034876496
801210.SI,2022-04-30,0.040429253,0.004172347
801210.SI,2022-05-31,0.111231275,0.0070004757
801210.SI,2022-06-30,-0.092050105,0.0049433815
801230.SI,2022-04-30,0.04479913,-0.004719071
801230.SI,2022-05-31,0.043988816,-0.001662204
801230.SI,2022-06-30,0.018553235,0.00040537617
801710.SI,2022-04-30,0.0212841,0.0032438033
801710.SI,2022-05-31,0.10052156,0.0038886524
801710.SI,2022-06-30,-0.10062368,0.005197076
801720.SI,2022-04-30,0.016563464,-0.003440978
801720.SI,2022-05-31,-0.0016051218,0.0007239127
801720.SI,2022-06-30,-0.028150821,0.0034886238
801730.SI,2022-04-30,0.12431717,0.0058900733
801730.SI,2022-05-31,0.21194927,0.004781407
801730.SI,2022-06-30,-0.00379823,-0.0014532761
801740.SI,2022-04-30,0.11271841,0.0051841508
801740.SI,2022-05-31,0.08212111,0.0048930165
801740.SI,2022-06-30,0.01954449,-0.00024762316
801750.SI,2022-04-30,0.021856077,0.00499977
801750.SI,2022-05-31,0.08478635,0.0059344326
801750.SI,2022-06-30,-0.0101091545,0.0019074368
801760.SI,2022-04-30,0.061492983,0.002596202
801760.SI,2022-05-31,0.0469384,0.0012480082
801760.SI,2022-06-30,-0.043583196,-0.0011543874
801770.SI,2022-04-30,0.060843103,0.0058605317
801770.SI,2022-05-31,0.06450539,0.006270744
801770.SI,2022-06-30,0.030772598,0.0019070307
801880.SI,2022-04-30,0.18259199,0.003919458
801880.SI,2022-05-31,0.14552797,0.0015835731
801880.SI,2022-06-30,0.05091491,-0.0041829203
801890.SI,2022-04-30,0.10414816,0.005849821
801890.SI,2022-05-31,0.10432016,0.005797334
801890.SI,2022-06-30,0.051514484,0.001692942
801950.SI,2022-04-30,0.09727051,-0.0062531866
801950.SI,2022-05-31,0.015829144,-0.0030154504
801950.SI,2022-06-30,-0.079325,0.00019170406
801960.SI,2022-04-30,0.13430195,-0.0014968788
801960.SI,2022-05-31,-0.033496834,0.00044531314
801960.SI,2022-06-30,-0.036470268,-0.0008085606
801970.SI,2022-04-30,0.10315136,-0.0023561649
801970.SI,2022-05-31,0.021833014,-0.0016116826
801970.SI,2022-06-30,0.053251937,-0.0025210616
801980.SI,2022-04-30,0.054233626,0.0024444882
801980.SI,2022-05-31,0.105642006,0.0012688941
801980.SI,2022-06-30,-0.021863017,0.0010031065
801010.SI,2022-07-31,0.005203156,0.00063917536
801010.SI,2022-08-31,-0.10378327,0.00044916137
801010.SI,2022-09-30,-0.06255624,0.00084735575
801030.SI,2022-07-31,-0.027485535,0.005021239
801030.SI,2022-08-31,-0.09034792,0.006584032
801030.SI,2022-09-30,-0.047737125,0.012236134
801040.SI,2022-07-31,-0.06493074,0.0052241473
801040.SI,2022-08-31,-0.09026028,0.008683701
801040.SI,2022-09-30,-0.027380973,0.010988516
801050.SI,2022-07-31,-0.06482223,-0.00044776933
801050.SI,2022-08-31,-0.09062103,0.0014335401
801050.SI,2022-09-30,-0.035427313,0.0074940487
801080.SI,2022-07-31,-0.011534645,-0.0035453998
801080.SI,2022-08-31,-0.13513063,-0.0021211833
801080.SI,2022-09-30,0.033791173,0.008494007
801110.SI,2022-07-31,-0.042586356,-0.0028513472
801110.SI,2022-08-31,-0.0487272,-0.00085314485
801110.SI,2022-09-30,-0.12874416,0.0049471357
801120.SI,2022-07-31,0.007297422,0.0139271775
801120.SI,2022-08-31,-0.030722689,0.013881021
801120.SI,2022-09-30,-0.22138913,0.014027048
801130.SI,2022-07-31,-0.014633302,7.690055e-05
801130.SI,2022-08-31,-0.07914888,0.001400883
801130.SI,2022-09-30,-0.041817192,0.002938103
801140.SI,2022-07-31,0.007814908,-0.0016650906
801140.SI,2022-08-31,-0.08053859,-0.0012983897
801140.SI,2022-09-30,-0.05160861,0.002123598
801150.SI,2022-07-31,-0.025105497,0.004995329
801150.SI,2022-08-31,-0.06824914,0.0048155286
801150.SI,2022-09-30,0.05697345,0.0078020096
801160.SI,2022-07-31,-0.004563591,-0.0051765363
801160.SI,2022-08-31,-0.07830832,-0.0008513971
801160.SI,2022-09-30,-0.034310773,0.0047440273
801170.SI,2022-07-31,0.011163543,0.001953844
801170.SI,2022-08-31,-0.026708871,0.0033324603
801170.SI,2022-09-30,-0.034122072,0.003542491
801180.SI,2022-07-31,-0.010950607,0.00839802
801180.SI,2022-08-31,-0.010279367,0.006531369
801180.SI,2022-09-30,-0.14723554,0.0041673314
801200.SI,2022-07-31,-0.0170034,0.0010209357
801200.SI,2022-08-31,-0.039156325,0.0015230967
801200.SI,2022-09-30,-0.070724085,-0.0012417454
801210.SI,2022-07-31,-0.009694398,0.0051716655
801210.SI,2022-08-31,-0.05616729,0.0076596974
801210.SI,2022-09-30,0.007782562,0.010434338
801230.SI,2022-07-31,0.024032632,-0.0017805832
801230.SI,2022-08-31,-0.051990427,-0.003215871
801230.SI,2022-09-30,0.010318314,0.00097637996
801710.SI,2022-07-31,-0.0680477,0.0063482523
801710.SI,2022-08-31,-0.09308006,0.008912853
801710.SI,2022-09-30,-0.097356744,0.010612692
801720.SI,2022-07-31,-0.022641366,0.0025874705
801720.SI,2022-08-31,-0.07517818,0.003297771
801720.SI,2022-09-30,-0.017597923,0.003103397
801730.SI,2022-07-31,-0.07883751,-0.00532281
801730.SI,2022-08-31,-0.1065766,-0.0012766222
801730.SI,2022-09-30,-0.012076448,0.0092513645
801740.SI,2022-07-31,-0.04284217,-0.004300142
801740.SI,2022-08-31,-0.050513495,-0.0033969749
801740.SI,2022-09-30,0.11630351,0.0034874193
801750.SI,2022-07-31,-0.057967804,-0.0019596193
801750.SI,2022-08-31,-0.08337859,-0.0011491925
801750.SI,2022-09-30,0.16037391,0.0052030743
801760.SI,2022-07-31,0.011456779,-0.0024444181
801760.SI,2022-08-31,-0.13827327,-0.0038527397
801760.SI,2022-09-30,-0.02624683,-0.0022086448
801770.SI,2022-07-31,-0.010254699,-0.004298857
801770.SI,2022-08-31,-0.08260148,-0.0033894612
801770.SI,2022-09-30,0.055433348,0.0023927
801880.SI,2022-07-31,-0.11849928,-0.006655876
801880.SI,2022-08-31,-0.10510069,-0.0018701808
801880.SI,2022-09-30,-0.0150632495,0.007350875
801890.SI,2022-07-31,-0.07342255,-0.0047561754
801890.SI,2022-08-31,-0.09279157,-0.0028951894
801890.SI,2022-09-30,0.057350516,0.006367928
801950.SI,2022-07-31,0.078519136,0.004988658
801950.SI,2022-08-31,0.016902225,0.006856336
801950.SI,2022-09-30,-0.1258223,0.005903793
801960.SI,2022-07-31,0.041397937,-0.00081251125
801960.SI,2022-08-31,-0.052332107,-0.00036635684
801960.SI,2022-09-30,-0.088460475,-0.002042454
801970.SI,2022-07-31,-0.06036332,-0.0062601236
801970.SI,2022-08-31,-0.09194099,-0.004665397
801970.SI,2022-09-30,0.0070019797,-0.0016572162
801980.SI,2022-07-31,-0.043630745,0.0021514595
801980.SI,2022-08-31,-0.079570964,0.0028794792
801980.SI,2022-09-30,-0.06831678,0.0059662163
801010.SI,2022-10-31,0.053299565,-0.00039689304
801010.SI,2022-11-30,0.014318435,0.00047876406
801010.SI,2022-12-31,0.032821715,-0.0029562174
801030.SI,2022-10-31,0.09208755,0.01582127
801030.SI,2022-11-30,-0.043561198,0.014541904
801030.SI,2022-12-31,0.08000276,0.011008817
801040.SI,2022-10-31,0.10950494,0.013405617
801040.SI,2022-11-30,-0.046005793,0.0073628016
801040.SI,2022-12-31,0.072769664,0.0021883561
801050.SI,2022-10-31,0.07505246,0.011416481
801050.SI,2022-11-30,-0.05922114,0.009426982
801050.SI,2022-12-31,0.14666949,0.0072183497
801080.SI,2022-10-31,0.03235577,0.013772941
801080.SI,2022-11-30,-0.04484702,0.012430977
801080.SI,2022-12-31,0.095170215,0.008260135
801110.SI,2022-10-31,0.13487953,0.00619347
801110.SI,2022-11-30,0.010420805,0.0035842063
801110.SI,2022-12-31,0.082887486,0.0024438305
801120.SI,2022-10-31,0.16605803,0.0077831
801120.SI,2022-11-30,0.10776059,0.010115739
801120.SI,2022-12-31,0.051590197,0.0045928857
801130.SI,2022-10-31,0.102642715,0.0037334904
801130.SI,2022-11-30,0.015296379,-0.00036160834
801130.SI,2022-12-31,0.046767276,-0.005011481
801140.SI,2022-10-31,0.123583294,0.0029123535
801140.SI,2022-11-30,0.00877737,0.0018145578
801140.SI,2022-12-31,0.050112415,-0.0003287013
801150.SI,2022-10-31,0.073658295,0.00066285115
801150.SI,2022-11-30,-0.025735993,-0.0040928624
801150.SI,2022-12-31,0.05471591,-0.0065000504
801160.SI,2022-10-31,0.08148312,0.011220984
801160.SI,2022-11-30,-0.046377465,0.007889845
801160.SI,2022-12-31,0.02145999,0.0030828742
801170.SI,2022-10-31,0.08145259,0.0023246584
801170.SI,2022-11-30,-0.00493956,-0.001729399
801170.SI,2022-12-31,0.019712556,-0.0070516304
801180.SI,2022-10-31,0.27797198,0.004855081
801180.SI,2022-11-30,-0.09066013,-0.0037831005
801180.SI,2022-12-31,0.03712372,-0.007958899
801200.SI,2022-10-31,0.1428595,-0.0034536226
801200.SI,2022-11-30,0.03589651,-0.0052075894
801200.SI,2022-12-31,-0.011849697,-0.012667728
801210.SI,2022-10-31,0.13568124,-0.0005637516
801210.SI,2022-11-30,0.06457441,-0.0037923928
801210.SI,2022-12-31,-0.0029875746,-0.009003383
801230.SI,2022-10-31,0.09823108,0.00087616034
801230.SI,2022-11-30,0.02274854,-0.00051353994
801230.SI,2022-12-31,0.0008585427,-0.007149909
801710.SI,2022-10-31,0.20508708,0.014425981
801710.SI,2022-11-30,-0.033916462,0.006553557
801710.SI,2022-12-31,0.08957228,0.0031711275
801720.SI,2022-10-31,0.13801889,0.0034594412
801720.SI,2022-11-30,-0.07023828,-0.0010232135
801720.SI,2022-12-31,0.055389185,-0.003755308
801730.SI,2022-10-31,0.013443773,0.014415863
801730.SI,2022-11-30,-0.04003249,0.0125450045
801730.SI,2022-12-31,0.1182125,0.009855206
801740.SI,2022-10-31,-0.052811433,0.0048291623
801740.SI,2022-11-30,-0.046346076,0.005087921
801740.SI,2022-12-31,0.06450237,0.0033035132
801750.SI,2022-10-31,0.00021085844,0.0003874516
801750.SI,2022-11-30,-0.01617172,-0.004367187
801750.SI,2022-12-31,0.12797894,-0.0070783733
801760.SI,2022-10-31,0.14486305,-0.0025023099
801760.SI,2022-11-30,0.023297254,-0.0016948286
801760.SI,2022-12-31,0.050609462,-0.008968919
801770.SI,2022-10-31,0.011734847,0.0026903523
801770.SI,2022-11-30,-0.041289214,0.0027301256
801770.SI,2022-12-31,0.09237983,0.000829586
801880.SI,2022-10-31,0.08037335,0.01151856
801880.SI,2022-11-30,-0.06428897,0.0070886374
801880.SI,2022-12-31,0.10894438,0.002713654
801890.SI,2022-10-31,0.058381315,0.010360514
801890.SI,2022-11-30,-0.054694626,0.00819939
801890.SI,2022-12-31,0.09715172,0.004702293
801950.SI,2022-10-31,0.07343033,0.0085001765
801950.SI,2022-11-30,-0.10878577,0.0074518225
801950.SI,2022-12-31,0.05151954,0.009506709
801960.SI,2022-10-31,0.10457295,-0.0025830462
801960.SI,2022-11-30,-0.057653736,0.00043563917
801960.SI,2022-12-31,0.07899344,-0.0004928022
801970.SI,2022-10-31,0.07469313,0.00090868707
801970.SI,2022-11-30,-0.05071943,-0.0013872428
801970.SI,2022-12-31,0.059549913,-0.003967104
801980.SI,2022-10-31,0.07317388,0.0010589123
801980.SI,2022-11-30,0.103251025,-0.0005822166
801980.SI,2022-12-31,0.008103128,-0.008475053
801010.SI,2023-01-31,0.0058097336,-0.013186224
801010.SI,2023-02-28,-0.019502262,-0.013884009
801010.SI,2023-03-31,-0.042104572,-0.013790711
801030.SI,2023-01-31,0.026413102,0.0023251942
801030.SI,2023-02-28,-0.07197426,-9.01036e-05
801030.SI,2023-03-31,-0.077421956,-0.0012806779
801040.SI,2023-01-31,0.045471042,-0.010661119
801040.SI,2023-02-28,-0.074404016,-0.0136152925
801040.SI,2023-03-31,-0.026707906,-0.015897471
801050.SI,2023-01-31,-0.035799026,-0.0011176212
801050.SI,2023-02-28,-0.03984757,-0.002638004
801050.SI,2023-03-31,-0.014878561,-0.0037007278
801080.SI,2023-01-31,-0.0036558572,0.0026121426
801080.SI,2023-02-28,0.058519095,0.00026792288
801080.SI,2023-03-31,-0.07502464,-0.0065219696
801110.SI,2023-01-31,0.003096804,-0.005151313
801110.SI,2023-02-28,-0.008153161,-0.008571678
801110.SI,2023-03-31,0.020410208,-0.013524938
801120.SI,2023-01-31,0.010498487,0.0026250742
801120.SI,2023-02-28,-0.01744605,0.0044483594
801120.SI,2023-03-31,-0.059586592,0.012754793
801130.SI,2023-01-31,0.047275927,-0.015588253
801130.SI,2023-02-28,-0.05380732,-0.016084604
801130.SI,2023-03-31,-0.0060156826,-0.015078064
801140.SI,2023-01-31,0.06677747,-0.0067332177
801140.SI,2023-02-28,-0.07357648,-0.0090478575
801140.SI,2023-03-31,-0.049392536,-0.0093496675
801150.SI,2023-01-31,0.0011676515,-0.003127547
801150.SI,2023-02-28,-0.035340562,-0.00019692008
801150.SI,2023-03-31,-0.0044052815,-0.0024393077
801160.SI,2023-01-31,0.01133282,-0.006562115
801160.SI,2023-02-28,-0.017075125,-0.0038099878
801160.SI,2023-03-31,0.022178322,-0.00583341
801170.SI,2023-01-31,-0.004776892,-0.018089341
801170.SI,2023-02-28,-0.008028866,-0.01421937
801170.SI,2023-03-31,0.010832402,-0.0133958375
801180.SI,2023-01-31,-0.020152528,-0.012795077
801180.SI,2023-02-28,-0.076117635,0.00072005857
801180.SI,2023-03-31,-0.025579385,0.0014545588
801200.SI,2023-01-31,-0.025081458,-0.022043064
801200.SI,2023-02-28,-0.014976175,-0.016321588
801200.SI,2023-03-31,-0.060727257,-0.011792581
801210.SI,2023-01-31,0.027019845,-0.0072065163
801210.SI,2023-02-28,-0.0034026161,-0.0016106473
801210.SI,2023-03-31,-0.053952333,0.00043389513
801230.SI,2023-01-31,0.00037756722,-0.013459259
801230.SI,2023-02-28,-0.012325896,-0.012201701
801230.SI,2023-03-31,-0.043318674,-0.01070195
801710.SI,2023-01-31,0.0005629063,-0.00699266
801710.SI,2023-02-28,-0.06512355,-0.002987248
801710.SI,2023-03-31,-0.050090834,-0.0050168554
801720.SI,2023-01-31,0.024534803,-0.012635574
801720.SI,2023-02-28,0.028331254,-0.009864277
801720.SI,2023-03-31,0.103255376,-0.013530548
801730.SI,2023-01-31,-0.06020091,0.0026418704
801730.SI,2023-02-28,-0.0518555,-0.00045761964
801730.SI,2023-03-31,-0.041079596,-0.0021361727
801740.SI,2023-01-31,0.0130266445,0.0023322084
801740.SI,2023-02-28,-0.03685783,-0.003519545
801740.SI,2023-03-31,-0.008770501,-0.0056074173
801750.SI,2023-01-31,0.056864347,-0.005060802
801750.SI,2023-02-28,0.14741577,-0.007917423
801750.SI,2023-03-31,-0.06992581,-0.015581514
801760.SI,2023-01-31,0.0416123,-0.020346703
801760.SI,2023-02-28,0.22673257,-0.0167267
801760.SI,2023-03-31,0.13063698,-0.017443437
801770.SI,2023-01-31,0.08588716,-0.003380127
801770.SI,2023-02-28,0.09180627,-0.01110376
801770.SI,2023-03-31,0.034741007,-0.022824004
801880.SI,2023-01-31,-0.006730813,-0.0059493105
801880.SI,2023-02-28,-0.056437347,-0.008462567
801880.SI,2023-03-31,-0.0584444,-0.010252626
801890.SI,2023-01-31,0.033284895,-0.0020581905
801890.SI,2023-02-28,-0.02890188,-0.0060767755
801890.SI,2023-03-31,-0.029411383,-0.009200587
801950.SI,2023-01-31,0.029332422,-0.0049502626
801950.SI,2023-02-28,-0.044459734,-0.009450286
801950.SI,2023-03-31,-0.01794702,-0.012783057
801960.SI,2023-01-31,0.020036971,-0.008555588
801960.SI,2023-02-28,0.005145522,-0.008816323
801960.SI,2023-03-31,0.0574654,-0.010690972
801970.SI,2023-01-31,0.017879145,-0.012000673
801970.SI,2023-02-28,-0.037462074,-0.014169402
801970.SI,2023-03-31,-0.02545132,-0.015519016
801980.SI,2023-01-31,0.023489807,-0.012035682
801980.SI,2023-02-28,-0.046642706,-0.0101069575
801980.SI,2023-03-31,-0.04872283,-0.0038963563
801010.SI,2023-04-30,-0.1005279,0.005078623
801010.SI,2023-05-31,0.029839493,0.0072036465
801010.SI,2023-06-30,0.05601209,0.008248803
801030.SI,2023-04-30,-0.055082664,0.013394493
801030.SI,2023-05-31,0.025522042,0.014853568
801030.SI,2023-06-30,0.039135173,0.012491618
801040.SI,2023-04-30,-0.047391437,0.001533046
801040.SI,2023-05-31,-0.0054994,0.004960099
801040.SI,2023-06-30,0.086137086,0.0055479067
801050.SI,2023-04-30,-0.08136449,0.010061368
801050.SI,2023-05-31,0.009264096,0.011497897
801050.SI,2023-06-30,0.05225921,0.010244911
801080.SI,2023-04-30,0.022600917,0.0059072454
801080.SI,2023-05-31,0.015976856,0.0064193984
801080.SI,2023-06-30,-0.008232303,0.010226059
801110.SI,2023-04-30,-0.07372481,0.0024059247
801110.SI,2023-05-31,0.11249095,0.004919458
801110.SI,2023-06-30,0.007122073,0.0027520854
801120.SI,2023-04-30,-0.07899148,0.014822812
801120.SI,2023-05-31,0.0054673,0.017503027
801120.SI,2023-06-30,0.09242721,0.016509352
801130.SI,2023-04-30,-0.027154285,0.0044092764
801130.SI,2023-05-31,0.029914096,0.008466792
801130.SI,2023-06-30,0.039071437,0.0071562957
801140.SI,2023-04-30,-0.035618264,0.004047261
801140.SI,2023-05-31,0.031868603,0.0071653333
801140.SI,2023-06-30,0.056001715,0.0043760496
801150.SI,2023-04-30,-0.024976598,0.0032491751
801150.SI,2023-05-31,-0.04495973,0.0034485955
801150.SI,2023-06-30,-0.009093721,0.0048212144
801160.SI,2023-04-30,0.042789467,0.007277802
801160.SI,2023-05-31,-0.013654072,0.0035661254
801160.SI,2023-06-30,-0.021252481,0.0013162339
801170.SI,2023-04-30,-0.067331225,0.0012800032
801170.SI,2023-05-31,-0.029234998,0.0021664726
801170.SI,2023-06-30,0.055586405,0.0031495125
801180.SI,2023-04-30,-0.068599686,0.010041342
801180.SI,2023-05-31,0.0058382605,0.008187775
801180.SI,2023-06-30,0.14155269,0.0057571717
801200.SI,2023-04-30,-0.11663849,0.0016087772
801200.SI,2023-05-31,-0.02756598,0.0016955407
801200.SI,2023-06-30,0.10215453,0.002593017
801210.SI,2023-04-30,-0.040806692,0.0044791996
801210.SI,2023-05-31,-0.0040926086,0.0057788435
801210.SI,2023-06-30,0.02924614,0.009642506
801230.SI,2023-04-30,-0.03303072,0.0071598664
801230.SI,2023-05-31,-0.01206273,0.0075978045
801230.SI,2023-06-30,0.038533624,0.00536733
801710.SI,2023-04-30,-0.08496092,0.00699113
801710.SI,2023-05-31,0.010055686,0.00908683
801710.SI,2023-06-30,0.1016269,0.007840299
801720.SI,2023-04-30,-0.08866008,0.0034390271
801720.SI,2023-05-31,-0.019500157,0.0043937177
801720.SI,2023-06-30,0.060611192,0.004455414
801730.SI,2023-04-30,-0.029583652,0.009216411
801730.SI,2023-05-31,0.04080658,0.009157396
801730.SI,2023-06-30,-0.024500577,0.0067646424
801740.SI,2023-04-30,-0.0032802403,0.0065627582
801740.SI,2023-05-31,0.040402576,0.008125399
801740.SI,2023-06-30,-0.043391444,0.0067469007
801750.SI,2023-04-30,0.0002739537,-0.0002778011
801750.SI,2023-05-31,0.0024851954,0.0001383784
801750.SI,2023-06-30,-0.042115252,0.0043506254
801760.SI,2023-04-30,-0.045353025,-0.0049267323
801760.SI,2023-05-31,-0.0147918025,-0.008358545
801760.SI,2023-06-30,-0.07573123,-0.0031366043
801770.SI,2023-04-30,0.013619001,0.0008366648
801770.SI,2023-05-31,0.1091461,0.0051148664
801770.SI,2023-06-30,-0.07656812,0.010405885
801880.SI,2023-04-30,-0.006332685,0.0034497536
801880.SI,2023-05-31,0.088949285,0.0043240483
801880.SI,2023-06-30,0.057370473,0.00058396906
801890.SI,2023-04-30,-0.011086653,0.007136267
801890.SI,2023-05-31,0.073564634,0.00764421
801890.SI,2023-06-30,-0.017387742,0.0041160397
801950.SI,2023-04-30,-0.080450535,0.005639171
801950.SI,2023-05-31,0.016568232,0.007925117
801950.SI,2023-06-30,-0.019183395,0.006852549
801960.SI,2023-04-30,-0.08079222,0.005673785
801960.SI,2023-05-31,-0.0024998,0.00896966
801960.SI,2023-06-30,0.043414667,0.010083995
801970.SI,2023-04-30,0.0047818823,-2.955521e-05
801970.SI,2023-05-31,-0.004375504,-0.0005724666
801970.SI,2023-06-30,0.029193982,-0.0012464505
801980.SI,2023-04-30,-0.06513358,0.008075769
801980.SI,2023-05-31,-0.012482277,0.007994029
801980.SI,2023-06-30,0.036670562,0.007275929
801010.SI,2023-07-31,-0.08177666,-0.0023762926
801010.SI,2023-08-31,-0.025524782,-0.004106551
801010.SI,2023-09-30,0.0040693893,-0.0063450243
801030.SI,2023-07-31,-0.061342295,0.0049395044
801030.SI,2023-08-31,-0.009696316,0.004763428
801030.SI,2023-09-30,-0.009771806,0.0045405678
801040.SI,2023-07-31,-0.06707425,-0.00089543685
801040.SI,2023-08-31,0.007983006,-0.0010181786
801040.SI,2023-09-30,-0.0074768113,-0.0021856336
801050.SI,2023-07-31,-0.07809172,0.0017413441
801050.SI,2023-08-31,-0.009193019,0.00096831843
801050.SI,2023-09-30,-0.0091542285,0.0020508058
801080.SI,2023-07-31,-0.049759526,0.0054417443
801080.SI,2023-08-31,-0.013357936,0.00517392
801080.SI,2023-09-30,0.04426505,0.0029157985
801110.SI,2023-07-31,-0.050864134,-0.003125475
801110.SI,2023-08-31,0.0014821627,-0.0034934536
801110.SI,2023-09-30,-0.035829186,-0.001346991
801120.SI,2023-07-31,-0.058512755,0.007883077
801120.SI,2023-08-31,-0.0223958,0.008311115
801120.SI,2023-09-30,-0.025439417,0.00868607
801130.SI,2023-07-31,-0.053147532,-0.0018710569
801130.SI,2023-08-31,0.010347113,-0.0033413218
801130.SI,2023-09-30,-0.01912712,-0.004642286
801140.SI,2023-07-31,-0.052206654,-0.0060090222
801140.SI,2023-08-31,-0.008618917,-0.008467731
801140.SI,2023-09-30,-0.023279214,-0.007140798
801150.SI,2023-07-31,-0.047568385,0.0019976136
801150.SI,2023-08-31,0.04296956,0.0013680905
801150.SI,2023-09-30,0.01874278,-0.0032359485
801160.SI,2023-07-31,-0.044973314,-0.0012049427
801160.SI,2023-08-31,-0.008154688,0.0029559198
801160.SI,2023-09-30,-0.00838718,0.0025502455
801170.SI,2023-07-31,-0.07925846,-0.0007204519
801170.SI,2023-08-31,-0.0084334,-0.0013697551
801170.SI,2023-09-30,-0.023429576,-0.0031781907
801180.SI,2023-07-31,-0.06930453,-0.0041428003
801180.SI,2023-08-31,-0.05487092,-0.0053423904
801180.SI,2023-09-30,-0.07273652,0.00019313551
801200.SI,2023-07-31,-0.10089164,-0.0066537894
801200.SI,2023-08-31,-0.0015631752,-0.004420676
801200.SI,2023-09-30,-0.05108074,-0.0037160274
801210.SI,2023-07-31,-0.07293065,0.0054314346
801210.SI,2023-08-31,-0.037079535,0.004202143
801210.SI,2023-09-30,-0.08124135,0.0009220205
801230.SI,2023-07-31,-0.07722028,-0.0034060546
801230.SI,2023-08-31,0.005304532,-0.0037124504
801230.SI,2023-09-30,-0.013294146,-0.002817393
801710.SI,2023-07-31,-0.06449779,-0.002528954
801710.SI,2023-08-31,-0.019228764,-0.0029924416
801710.SI,2023-09-30,-0.067845784,-0.0023354546
801720.SI,2023-07-31,-0.101734914,-0.0014562203
801720.SI,2023-08-31,-0.009126279,-0.002051401
801720.SI,2023-09-30,-0.0563624,-0.0014591409
801730.SI,2023-07-31,-0.0832804,0.003831435
801730.SI,2023-08-31,-0.057072274,0.004739452
801730.SI,2023-09-30,-0.05398669,0.005870232
801740.SI,2023-07-31,-0.0390113,0.0027437632
801740.SI,2023-08-31,-0.0144671695,0.0018306287
801740.SI,2023-09-30,-0.02395746,0.0036327578
801750.SI,2023-07-31,-0.037225377,-0.0004314209
801750.SI,2023-08-31,-0.042621125,0.00037085265
801750.SI,2023-09-30,-0.037990786,-0.0005970846
801760.SI,2023-07-31,-0.011175694,0.0025029413
801760.SI,2023-08-31,-0.076302715,0.0042632273
801760.SI,2023-09-30,-0.059856124,0.0014209071
801770.SI,2023-07-31,-0.039206255,0.0064923386
801770.SI,2023-08-31,0.0070485873,0.0062337406
801770.SI,2023-09-30,-0.09089329,0.0049977214
801880.SI,2023-07-31,-0.072331876,-0.006356299
801880.SI,2023-08-31,0.0046780505,-0.0055465274
801880.SI,2023-09-30,0.024133317,-0.0016055933
801890.SI,2023-07-31,-0.055933964,0.00036924766
801890.SI,2023-08-31,0.011121302,0.00022114813
801890.SI,2023-09-30,-0.059066597,0.0025124724
801950.SI,2023-07-31,-0.020900812,0.0026346035
801950.SI,2023-08-31,0.0960922,0.0025387704
801950.SI,2023-09-30,-0.030117618,-0.0012565777
801960.SI,2023-07-31,-0.033428494,0.0030638147
801960.SI,2023-08-31,0.03485431,-0.0004050055
801960.SI,2023-09-30,-0.05383396,-0.0031137292
801970.SI,2023-07-31,-0.038604278,-0.0072356835
801970.SI,2023-08-31,-0.022884909,-0.0071433294
801970.SI,2023-09-30,-0.024668468,-0.0060804575
801980.SI,2023-07-31,-0.04945406,-0.0018879697
801980.SI,2023-08-31,-0.06559677,-0.0030788698
801980.SI,2023-09-30,-0.08159502,-0.005328795
801010.SI,2023-10-31,0.0271314,-0.005808326
801010.SI,2023-11-30,-0.013632964,-0.0069182445
801010.SI,2023-12-31,-0.13224304,-0.0037266824
801030.SI,2023-10-31,-0.015339678,0.0062379534
801030.SI,2023-11-30,-0.015108469,0.0050831637
801030.SI,2023-12-31,-0.16124898,0.0053102993
801040.SI,2023-10-31,-0.018136326,0.00010586934
801040.SI,2023-11-30,-0.036258534,-0.0024593384
801040.SI,2023-12-31,-0.06920914,0.0014173555
801050.SI,2023-10-31,-0.03329041,0.01174415
801050.SI,2023-11-30,0.02283893,0.00928548
801050.SI,2023-12-31,-0.12251774,0.0038080995
801080.SI,2023-10-31,0.0074777,0.0020215537
801080.SI,2023-11-30,-0.012258515,0.0009898514
801080.SI,2023-12-31,-0.23912096,-0.00038790735
801110.SI,2023-10-31,-0.004904223,-0.00079734484
801110.SI,2023-11-30,-0.0026864633,-0.000869755
801110.SI,2023-12-31,-0.019624041,-0.0025076605
801120.SI,2023-10-31,0.0050465446,0.019961813
801120.SI,2023-11-30,-0.05009773,0.014998354
801120.SI,2023-12-31,-0.10160409,0.017869202
801130.SI,2023-10-31,0.009740587,-0.010342582
801130.SI,2023-11-30,-0.013432799,-0.015502219
801130.SI,2023-12-31,-0.09969856,-0.011114548
801140.SI,2023-10-31,0.00482103,-0.005442275
801140.SI,2023-11-30,-0.02986209,-0.0055332226
801140.SI,2023-12-31,-0.13983907,-0.0076667196
801150.SI,2023-10-31,0.028938176,-0.007785657
801150.SI,2023-11-30,-0.046038777,-0.014547034
801150.SI,2023-12-31,-0.18592806,-0.008132402
801160.SI,2023-10-31,0.0037308417,0.001397885
801160.SI,2023-11-30,0.0033106466,-0.0009346826
801160.SI,2023-12-31,-0.009590825,0.001698776
801170.SI,2023-10-31,0.009874629,-0.004457654
801170.SI,2023-11-30,-0.036524124,-0.010729082
801170.SI,2023-12-31,-0.02825612,-0.0072301733
801180.SI,2023-10-31,-0.014806478,0.0005578574
801180.SI,2023-11-30,-0.06374693,0.0012151374
801180.SI,2023-12-31,-0.08056988,0.001232982
801200.SI,2023-10-31,0.020308338,0.0035088684
801200.SI,2023-11-30,-0.06337928,-0.008163242
801200.SI,2023-12-31,-0.10748888,-0.006071487
801210.SI,2023-10-31,0.05624652,0.008212408
801210.SI,2023-11-30,-0.051594116,0.007094911
801210.SI,2023-12-31,-0.14679578,0.01434137
801230.SI,2023-10-31,0.018689714,0.0042187464
801230.SI,2023-11-30,0.0028179255,0.004119475
801230.SI,2023-12-31,-0.15072818,0.0038853984
801710.SI,2023-10-31,-0.04445445,0.0028511714
801710.SI,2023-11-30,-0.039744515,0.004139494
801710.SI,2023-12-31,-0.08642407,0.0065403073
801720.SI,2023-10-31,-0.017476356,-0.0057940297
801720.SI,2023-11-30,-0.013667188,-0.0045373454
801720.SI,2023-12-31,-0.035484266,-0.0041390047
801730.SI,2023-10-31,-0.0434927,0.01348044
801730.SI,2023-11-30,0.0024435634,0.014735018
801730.SI,2023-12-31,-0.16321242,0.011189624
801740.SI,2023-10-31,0.0057922807,0.0051551964
801740.SI,2023-11-30,-0.018324496,0.007169966
801740.SI,2023-12-31,-0.20486012,-0.00010616457
801750.SI,2023-10-31,0.025922352,-0.0028795982
801750.SI,2023-11-30,-0.019779608,-0.001161183
801750.SI,2023-12-31,-0.23650368,0.00045792107
801760.SI,2023-10-31,0.060004577,-0.006689783
801760.SI,2023-11-30,-0.027501851,-0.0077188015
801760.SI,2023-12-31,-0.15467335,-0.0022839115
801770.SI,2023-10-31,0.025759792,-0.007462509
801770.SI,2023-11-30,0.0017810867,-0.00485498
801770.SI,2023-12-31,-0.15188022,-0.0022253457
801880.SI,2023-10-31,0.027422883,0.0033998743
801880.SI,2023-11-30,-0.059310548,-0.0017243853
801880.SI,2023-12-31,-0.15393579,-0.0029035478
801890.SI,2023-10-31,0.043965697,0.0007751749
801890.SI,2023-11-30,-0.011552826,0.0028549542
801890.SI,2023-12-31,-0.17902692,0.0022648375
801950.SI,2023-10-31,0.07059187,0.0049329665
801950.SI,2023-11-30,0.0033538411,-0.010058399
801950.SI,2023-12-31,0.06665133,-0.002740816
801960.SI,2023-10-31,-0.007315322,-0.001521322
801960.SI,2023-11-30,-0.007910551,-0.005906997
801960.SI,2023-12-31,-0.0121874055,0.0012507032
801970.SI,2023-10-31,0.013371628,-0.009629382
801970.SI,2023-11-30,-0.03875575,-0.009618014
801970.SI,2023-12-31,-0.11978771,-0.013431072
801980.SI,2023-10-31,-0.029519688,0.0027023877
801980.SI,2023-11-30,-0.041230038,0.006304067
801980.SI,2023-12-31,-0.13353905,0.013841801
801010.SI,2024-01-31,0.05573897,-0.0075574494
801010.SI,2024-02-29,0.026432406,-0.0076358286
801010.SI,2024-03-31,-0.0075497776,-0.0055776085
801030.SI,2024-01-31,0.09238172,0.002431446
801030.SI,2024-02-29,0.02339931,-0.000348391
801030.SI,2024-03-31,0.04509297,0.0022933937
801040.SI,2024-01-31,0.06724061,-0.008262827
801040.SI,2024-02-29,0.0013668409,-0.010549109
801040.SI,2024-03-31,0.019191073,-0.010369032
801050.SI,2024-01-31,0.09961057,-0.0032482774
801050.SI,2024-02-29,0.12495511,-0.0062150345
801050.SI,2024-03-31,0.024040632,-0.007676711
801080.SI,2024-01-31,0.16444841,-0.0032796208
801080.SI,2024-02-29,0.010669314,-0.0038618979
801080.SI,2024-03-31,-0.003538803,-0.0023401075
801110.SI,2024-01-31,0.09875668,-0.004510963
801110.SI,2024-02-29,0.023587326,-0.006538754
801110.SI,2024-03-31,0.08500099,-0.007263489
801120.SI,2024-01-31,0.086362325,0.007100887
801120.SI,2024-02-29,0.015633855,0.0051104478
801120.SI,2024-03-31,0.007790886,0.005965371
801130.SI,2024-01-31,0.027137863,-0.0038087515
801130.SI,2024-02-29,0.049938023,-0.003546049
801130.SI,2024-03-31,-0.014297548,-0.0018022122
801140.SI,2024-01-31,0.05221524,-0.004953044
801140.SI,2024-02-29,0.03901305,-0.00662565
801140.SI,2024-03-31,-0.009478229,-0.0055874526
801150.SI,2024-01-31,0.10501546,-0.0070562945
801150.SI,2024-02-29,-0.02265583,-0.006700985
801150.SI,2024-03-31,0.026176117,-0.0050155316
801160.SI,2024-01-31,0.03533807,-0.0056030774
801160.SI,2024-02-29,0.035630934,-0.0072123427
801160.SI,2024-03-31,0.012988026,-0.0067130136
801170.SI,2024-01-31,0.049903557,-0.011497942
801170.SI,2024-02-29,0.010065334,-0.013262401
801170.SI,2024-03-31,0.02440436,-0.010880264
801180.SI,2024-01-31,0.022757322,-0.005474932
801180.SI,2024-02-29,-0.037802014,-0.008526345
801180.SI,2024-03-31,-0.042640865,-0.006762946
801200.SI,2024-01-31,0.042545687,-0.009008658
801200.SI,2024-02-29,0.0037218542,-0.0067495923
801200.SI,2024-03-31,-0.034155414,-0.005298253
801210.SI,2024-01-31,0.06404052,-0.002138963
801210.SI,2024-02-29,0.020841021,-0.0008277415
801210.SI,2024-03-31,-0.022989271,-0.00073251687
801230.SI,2024-01-31,0.0008049453,-0.004778488
801230.SI,2024-02-29,0.054981094,-0.004358152
801230.SI,2024-03-31,-0.08551728,-0.00215258
801710.SI,2024-01-31,0.04359503,-0.0046067075
801710.SI,2024-02-29,-0.016652469,-0.008765929
801710.SI,2024-03-31,0.010111769,-0.0062680594
801720.SI,2024-01-31,0.014069567,-0.0075015104
801720.SI,2024-02-29,0.010974837,-0.010253663
801720.SI,2024-03-31,-0.021529125,-0.0065342174
801730.SI,2024-01-31,0.102182016,-0.00396559
801730.SI,2024-02-29,0.037229672,-0.005521335
801730.SI,2024-03-31,-0.0077473815,-0.0017540505
801740.SI,2024-01-31,0.12868322,-0.0037033164
801740.SI,2024-02-29,0.044114552,-0.004793899
801740.SI,2024-03-31,-0.019966993,-0.0037076876
801750.SI,2024-01-31,0.17777225,-0.0072333342
801750.SI,2024-02-29,-0.0047873366,-0.00877374
801750.SI,2024-03-31,-0.033701677,-0.007959553
801760.SI,2024-01-31,0.14824474,-0.009057455
801760.SI,2024-02-29,0.015033171,-0.008446341
801760.SI,2024-03-31,-0.052287582,-0.0075684637
801770.SI,2024-01-31,0.19523205,-0.0015365438
801770.SI,2024-02-29,0.04247747,-0.004866019
801770.SI,2024-03-31,0.015043596,-0.007368156
801880.SI,2024-01-31,0.13638097,-0.0064906604
801880.SI,2024-02-29,0.046133056,-0.0063554845
801880.SI,2024-03-31,0.025552606,-0.006253936
801890.SI,2024-01-31,0.12953691,-0.0036248844
801890.SI,2024-02-29,0.036080472,-0.005013574
801890.SI,2024-03-31,-0.0060716937,-0.0036872488
801950.SI,2024-01-31,0.07567865,-0.0098768445
801950.SI,2024-02-29,-0.037239958,-0.0102119
801950.SI,2024-03-31,0.009142999,-0.008987966
801960.SI,2024-01-31,0.056035202,-0.00534095
801960.SI,2024-02-29,0.06006382,-0.008013035
801960.SI,2024-03-31,0.0092008645,-0.008666948
801970.SI,2024-01-31,0.011527278,-0.010393817
801970.SI,2024-02-29,0.049339052,-0.011144422
801970.SI,2024-03-31,0.010306997,-0.009721004
801980.SI,2024-01-31,0.1442671,-0.0029276435
801980.SI,2024-02-29,-0.012403647,-0.006158711
801980.SI,2024-03-31,-0.0019076552,-0.0062275627
801010.SI,2024-04-30,0.04328473,-0.0074653677
801010.SI,2024-05-31,-0.11013467,0.0035603323
801010.SI,2024-06-30,-0.0027179064,0.012491108
801030.SI,2024-04-30,-0.014564511,-0.0033188213
801030.SI,2024-05-31,-0.09062909,0.008132264
801030.SI,2024-06-30,-0.032433003,0.012084802
801040.SI,2024-04-30,-0.022217836,-0.016449822
801040.SI,2024-05-31,-0.09784019,-0.0038470698
801040.SI,2024-06-30,0.008193228,-0.00057533523
801050.SI,2024-04-30,-0.0028098403,-0.02026697
801050.SI,2024-05-31,-0.07328973,-0.004945503
801050.SI,2024-06-30,-0.035763722,0.009401098
801080.SI,2024-04-30,-0.012458268,0.0027970616
801080.SI,2024-05-31,0.03192855,0.010420539
801080.SI,2024-06-30,0.011281092,0.002974842
801110.SI,2024-04-30,-0.040012967,-0.019510759
801110.SI,2024-05-31,-0.055418637,-0.004585185
801110.SI,2024-06-30,-0.022660224,0.0037306084
801120.SI,2024-04-30,-0.036738053,0.011207449
801120.SI,2024-05-31,-0.117830604,0.02228642
801120.SI,2024-06-30,-0.02741363,0.02648745
801130.SI,2024-04-30,-0.016093064,-0.010802249
801130.SI,2024-05-31,-0.114890814,-0.0019265801
801130.SI,2024-06-30,-0.0583636,0.0035523148
801140.SI,2024-04-30,-0.023457054,-0.011561784
801140.SI,2024-05-31,-0.11837003,-0.0005100009
801140.SI,2024-06-30,-0.039371397,0.007680816
801150.SI,2024-04-30,-0.042318553,-0.006599883
801150.SI,2024-05-31,-0.08669539,0.00333344
801150.SI,2024-06-30,0.0022291602,0.0032130368
801160.SI,2024-04-30,0.031452674,-0.018890616
801160.SI,2024-05-31,0.007266694,-0.01262452
801160.SI,2024-06-30,-0.008412531,-0.007894157
801170.SI,2024-04-30,0.023666307,-0.018633155
801170.SI,2024-05-31,-0.04371539,-0.006713089
801170.SI,2024-06-30,0.0049806978,-0.0025921417
801180.SI,2024-04-30,0.061390556,-0.015944595
801180.SI,2024-05-31,-0.134693,-0.010027709
801180.SI,2024-06-30,0.022674406,-0.00358087
801200.SI,2024-04-30,-0.046306618,-0.008133025
801200.SI,2024-05-31,-0.123424,-0.0017231478
801200.SI,2024-06-30,0.04997778,0.0057546757
801210.SI,2024-04-30,-0.040196575,0.009925193
801210.SI,2024-05-31,-0.12607332,0.017995063
801210.SI,2024-06-30,0.015294576,0.023286497
801230.SI,2024-04-30,-0.046589073,0.01278681
801230.SI,2024-05-31,-0.14735551,0.021116257
801230.SI,2024-06-30,0.07471076,0.024965031
801710.SI,2024-04-30,0.0030366525,-0.005606031
801710.SI,2024-05-31,-0.09133361,0.008625745
801710.SI,2024-06-30,-0.017254649,0.009891012
801720.SI,2024-04-30,-0.0013861343,-0.014092612
801720.SI,2024-05-31,-0.049498267,-0.0042173215
801720.SI,2024-06-30,-0.013726068,-0.0039951564
801730.SI,2024-04-30,-0.005736053,0.013949823
801730.SI,2024-05-31,-0.105258875,0.02238339
801730.SI,2024-06-30,0.00503024,0.021493306
801740.SI,2024-04-30,0.018341951,-0.006264344
801740.SI,2024-05-31,-0.03792525,0.0017284086
801740.SI,2024-06-30,0.044584855,0.0040834458
801750.SI,2024-04-30,-0.06982816,-0.0020458745
801750.SI,2024-05-31,-0.066092506,0.011495467
801750.SI,2024-06-30,-0.0030056455,0.0025926402
801760.SI,2024-04-30,-0.07776456,0.0021919431
801760.SI,2024-05-31,-0.08643999,0.010749161
801760.SI,2024-06-30,-0.013588984,0.007836969
801770.SI,2024-04-30,-0.0613393,-0.017585272
801770.SI,2024-05-31,0.029215269,-0.0018871771
801770.SI,2024-06-30,-0.022692075,-0.0010204492
801880.SI,2024-04-30,-0.035417773,-0.0096835755
801880.SI,2024-05-31,-0.027934356,0.0032552832
801880.SI,2024-06-30,0.0024487807,0.0072830752
801890.SI,2024-04-30,-0.02195684,0.0002618727
801890.SI,2024-05-31,-0.06877927,0.012333445
801890.SI,2024-06-30,-0.02332816,0.008534922
801950.SI,2024-04-30,0.06327926,-0.0069878087
801950.SI,2024-05-31,-0.05541354,-0.0010030024
801950.SI,2024-06-30,-0.108599976,0.0028934504
801960.SI,2024-04-30,-0.013246122,-0.025480216
801960.SI,2024-05-31,-0.02018587,-0.009052595
801960.SI,2024-06-30,-0.055753868,-0.0022833874
801970.SI,2024-04-30,-0.0104465885,-0.015347916
801970.SI,2024-05-31,-0.09379475,-0.007830348
801970.SI,2024-06-30,0.019011298,-0.002573306
801980.SI,2024-04-30,-0.036887273,-0.014784972
801980.SI,2024-05-31,-0.089248054,0.0015084274
801980.SI,2024-06-30,-0.025434954,0.008503158
801010.SI,2024-07-31,-0.0835911,0.01648994
801010.SI,2024-08-31,0.19483934,0.012438073
801010.SI,2024-09-30,-0.022932392,-0.016333895
801030.SI,2024-07-31,-0.040344056,0.02298518
801030.SI,2024-08-31,0.20535721,0.01720492
801030.SI,2024-09-30,-0.010214865,-0.011562404
801040.SI,2024-07-31,-0.06956788,-0.0012192255
801040.SI,2024-08-31,0.21865204,-0.0043862485
801040.SI,2024-09-30,-0.005270516,-0.028748723
801050.SI,2024-07-31,-0.039635587,0.01824043
801050.SI,2024-08-31,0.19600148,0.010821258
801050.SI,2024-09-30,-0.03573034,-0.011928876
801080.SI,2024-07-31,-0.052792594,0.0070024473
801080.SI,2024-08-31,0.1911642,0.0047062333
801080.SI,2024-09-30,0.14649497,-0.009960866
801110.SI,2024-07-31,-0.019270197,0.0069610607
801110.SI,2024-08-31,0.21905641,0.0019246595
801110.SI,2024-09-30,-0.013522954,-0.023662716
801120.SI,2024-07-31,-0.024473922,0.024219716
801120.SI,2024-08-31,0.24645182,0.019517578
801120.SI,2024-09-30,-0.09442301,-0.007914106
801130.SI,2024-07-31,-0.027064757,0.007953919
801130.SI,2024-08-31,0.19738577,-0.0033602873
801130.SI,2024-09-30,-0.013576228,-0.037822977
801140.SI,2024-07-31,-0.033831306,0.016670467
801140.SI,2024-08-31,0.22895183,0.0080718985
801140.SI,2024-09-30,0.018454522,-0.021187598
801150.SI,2024-07-31,-0.032806605,0.011119436
801150.SI,2024-08-31,0.21342975,0.0062831896
801150.SI,2024-09-30,-0.043209173,-0.01834513
801160.SI,2024-07-31,-0.046754897,0.0015758682
801160.SI,2024-08-31,0.08917447,0.008260715
801160.SI,2024-09-30,-0.04161267,-0.006815903
801170.SI,2024-07-31,-0.048242714,-0.00916295
801170.SI,2024-08-31,0.163518,-0.008047968
801170.SI,2024-09-30,-0.03931566,-0.027452305
801180.SI,2024-07-31,-0.044912,0.0039842757
801180.SI,2024-08-31,0.36217654,0.0018171798
801180.SI,2024-09-30,0.030565983,-0.039361905
801200.SI,2024-07-31,-0.03638859,0.008586798
801200.SI,2024-08-31,0.2601395,0.0018828133
801200.SI,2024-09-30,0.040192034,-0.036007162
801210.SI,2024-07-31,-0.028509326,0.022993095
801210.SI,2024-08-31,0.2716614,0.01480408
801210.SI,2024-09-30,0.035993773,-0.013478895
801230.SI,2024-07-31,-0.024594054,0.020016441
801230.SI,2024-08-31,0.2516066,0.013507657
801230.SI,2024-09-30,0.107204854,-0.019736873
801710.SI,2024-07-31,-0.07133185,0.015747353
801710.SI,2024-08-31,0.2290073,0.009172587
801710.SI,2024-09-30,0.047112804,-0.019398844
801720.SI,2024-07-31,-0.0624455,0.0021180138
801720.SI,2024-08-31,0.18570028,-0.00083543296
801720.SI,2024-09-30,0.06523364,-0.027325228
801730.SI,2024-07-31,-0.03751321,0.027044728
801730.SI,2024-08-31,0.27113807,0.027549485
801730.SI,2024-09-30,0.043431412,-0.0002051508
801740.SI,2024-07-31,-0.08904871,0.002512142
801740.SI,2024-08-31,0.19651625,0.006619764
801740.SI,2024-09-30,0.10211068,-0.0092131365
801750.SI,2024-07-31,-0.069547035,0.0021592516
801750.SI,2024-08-31,0.34931594,-0.004875897
801750.SI,2024-09-30,0.14462668,-0.02557411
801760.SI,2024-07-31,-0.016474195,0.009080033
801760.SI,2024-08-31,0.2684802,0.00018862635
801760.SI,2024-09-30,0.051558048,-0.02889114
801770.SI,2024-07-31,-0.06201547,0.0034324743
801770.SI,2024-08-31,0.24598816,-0.0025243203
801770.SI,2024-09-30,0.06280631,-0.023404626
801880.SI,2024-07-31,-0.056885254,0.014595245
801880.SI,2024-08-31,0.22464061,0.009374653
801880.SI,2024-09-30,0.014531662,-0.014846741
801890.SI,2024-07-31,-0.04510684,0.011798952
801890.SI,2024-08-31,0.2210961,0.008761044
801890.SI,2024-09-30,0.045440573,-0.011791925
801950.SI,2024-07-31,-0.009399579,0.007880469
801950.SI,2024-08-31,0.1465415,0.018744739
801950.SI,2024-09-30,-0.0803786,0.0018877648
801960.SI,2024-07-31,-0.0009720972,0.0022997318
801960.SI,2024-08-31,0.08130316,-0.0063732103
801960.SI,2024-09-30,-0.07084889,-0.022813573
801970.SI,2024-07-31,-0.05854243,0.0050614555
801970.SI,2024-08-31,0.20401426,0.0026127181
801970.SI,2024-09-30,0.08779108,-0.021354852
801980.SI,2024-07-31,-0.081265956,0.01485689
801980.SI,2024-08-31,0.32021025,0.008918107
801980.SI,2024-09-30,-0.04423029,-0.01181361
801010.SI,2024-10-31,-0.002634304,-0.02830754
801010.SI,2024-11-30,-0.040945247,-0.046502907
801010.SI,2024-12-31,-0.029839896,-0.027470266
801030.SI,2024-10-31,0.01716677,-0.029418552
801030.SI,2024-11-30,-0.040803734,-0.04419378
801030.SI,2024-12-31,-0.005651612,-0.024640985
801040.SI,2024-10-31,0.0041787885,-0.037206262
801040.SI,2024-11-30,-0.01922081,-0.043142486
801040.SI,2024-12-31,-0.011896438,-0.016850205
801050.SI,2024-10-31,-0.003914555,-0.025117345
801050.SI,2024-11-30,-0.055679604,-0.02791965
801050.SI,2024-12-31,0.04467588,-0.0054788813
801080.SI,2024-10-31,-0.0084303,-0.030073712
801080.SI,2024-11-30,0.004876733,-0.038387492
801080.SI,2024-12-31,-0.0026600484,-0.02031709
801110.SI,2024-10-31,-0.024090873,-0.03157568
801110.SI,2024-11-30,0.02791448,-0.045150522
801110.SI,2024-12-31,-0.0067526833,-0.02265749
801120.SI,2024-10-31,0.024120554,-0.011683236
801120.SI,2024-11-30,-0.01220719,-0.02642203
801120.SI,2024-12-31,-0.068408325,-0.0030639202
801130.SI,2024-10-31,0.06900498,-0.046881523
801130.SI,2024-11-30,-0.01795884,-0.06895689
801130.SI,2024-12-31,-0.025972722,-0.04915279
801140.SI,2024-10-31,0.06325127,-0.040723402
801140.SI,2024-11-30,-0.051112514,-0.06067123
801140.SI,2024-12-31,-0.026323836,-0.03930192
801150.SI,2024-10-31,0.021475691,-0.027383775
801150.SI,2024-11-30,-0.05564302,-0.036998253
801150.SI,2024-12-31,-0.03771508,-0.012606144
801160.SI,2024-10-31,-0.02230235,-0.023199677
801160.SI,2024-11-30,0.022431191,-0.03178003
801160.SI,2024-12-31,-0.051764518,-0.014546133
801170.SI,2024-10-31,0.021192629,-0.030898646
801170.SI,2024-11-30,0.0016301982,-0.04516099
801170.SI,2024-12-31,-0.042041216,-0.02679412
801180.SI,2024-10-31,-0.005413789,-0.059197232
801180.SI,2024-11-30,-0.09810406,-0.07851684
801180.SI,2024-12-31,-0.061224964,-0.045750674
801200.SI,2024-10-31,0.13594753,-0.05321282
801200.SI,2024-11-30,0.00072410004,-0.0862722
801200.SI,2024-12-31,-0.07614522,-0.07771468
801210.SI,2024-10-31,0.013812561,-0.026304482
801210.SI,2024-11-30,-0.051606644,-0.038873848
801210.SI,2024-12-31,-0.026857525,-0.015354019
801230.SI,2024-10-31,0.08574014,-0.04470842
801230.SI,2024-11-30,-0.018238055,-0.07012785
801230.SI,2024-12-31,-0.02767319,-0.048251033
801710.SI,2024-10-31,-0.02461988,-0.04085771
801710.SI,2024-11-30,-0.048397794,-0.05589512
801710.SI,2024-12-31,-0.01271254,-0.032641906
801720.SI,2024-10-31,0.010531831,-0.04684807
801720.SI,2024-11-30,-0.026013596,-0.06644348
801720.SI,2024-12-31,-0.059231438,-0.045597315
801730.SI,2024-10-31,0.012136494,-0.020133527
801730.SI,2024-11-30,-0.05997333,-0.03168686
801730.SI,2024-12-31,-0.03668488,-0.008930905
801740.SI,2024-10-31,-0.025787948,-0.022925327
801740.SI,2024-11-30,-0.02647717,-0.034018878
801740.SI,2024-12-31,-0.07277018,-0.014186555
801750.SI,2024-10-31,0.043935847,-0.040035468
801750.SI,2024-11-30,-0.07065274,-0.05375876
801750.SI,2024-12-31,-0.021630071,-0.02753426
801760.SI,2024-10-31,0.06651086,-0.04336359
801760.SI,2024-11-30,-0.058389574,-0.061008994
801760.SI,2024-12-31,-0.0059264316,-0.03661796
801770.SI,2024-10-31,-0.01908502,-0.04163591
801770.SI,2024-11-30,0.043915246,-0.05614243
801770.SI,2024-12-31,-0.008489461,-0.03981232
801880.SI,2024-10-31,0.006936857,-0.025273362
801880.SI,2024-11-30,0.01700011,-0.038189214
801880.SI,2024-12-31,0.008353297,-0.020083249
801890.SI,2024-10-31,0.03427651,-0.02601482
801890.SI,2024-11-30,-0.019229153,-0.043471035
801890.SI,2024-12-31,0.009658144,-0.025279777
801950.SI,2024-10-31,-0.011309526,0.0002843486
801950.SI,2024-11-30,0.013078004,-0.004133713
801950.SI,2024-12-31,-0.06634973,0.011750206
801960.SI,2024-10-31,0.021934662,-0.029491534
801960.SI,2024-11-30,0.015979432,-0.040344138
801960.SI,2024-12-31,-0.042218,-0.026729457
801970.SI,2024-10-31,0.007956832,-0.036559116
801970.SI,2024-11-30,-0.04985369,-0.051619574
801970.SI,2024-12-31,-0.042281177,-0.030964399
801980.SI,2024-10-31,-0.008360344,-0.032115877
801980.SI,2024-11-30,-0.066418484,-0.040844813
801980.SI,2024-12-31,-0.037042562,-0.021597875
801010.SI,2025-01-31,0.0020404672,0.007139795
801010.SI,2025-02-28,0.01970061,0.01222976
801010.SI,2025-03-31,0.033856824,0.008080106
801030.SI,2025-01-31,0.033191904,0.008358439
801030.SI,2025-02-28,0.011690666,0.010458729
801030.SI,2025-03-31,-0.026715666,0.0051650875
801040.SI,2025-01-31,0.07098156,0.0071350955
801040.SI,2025-02-28,-0.0017664906,0.005220194
801040.SI,2025-03-31,-0.040561594,-0.0005022641
801050.SI,2025-01-31,-0.0053337472,0.011571233
801050.SI,2025-02-28,0.07749998,0.011120438
801050.SI,2025-03-31,-0.047807768,0.0029490273
801080.SI,2025-01-31,0.08306375,0.0101557495
801080.SI,2025-02-28,-0.043718826,0.00765897
801080.SI,2025-03-31,-0.047938876,0.005030216
801110.SI,2025-01-31,0.0073841223,0.0061387983
801110.SI,2025-02-28,0.043199867,0.0074529382
801110.SI,2025-03-31,-0.056508947,0.0023725815
801120.SI,2025-01-31,0.04139131,0.01754322
801120.SI,2025-02-28,0.018665148,0.021634365
801120.SI,2025-03-31,-0.0022532751,0.018013673
801130.SI,2025-01-31,0.01685208,0.0007470126
801130.SI,2025-02-28,0.00052001025,0.008228089
801130.SI,2025-03-31,-0.014923963,0.004121151
801140.SI,2025-01-31,0.026848119,0.0058262167
801140.SI,2025-02-28,-0.016819157,0.010868433
801140.SI,2025-03-31,-0.020834275,0.0066073253
801150.SI,2025-01-31,0.050731517,0.010699518
801150.SI,2025-02-28,0.011716535,0.0105121955
801150.SI,2025-03-31,-0.020692848,0.0034514617
801160.SI,2025-01-31,-0.009369167,0.0118422285
801160.SI,2025-02-28,0.01872889,0.013290734
801160.SI,2025-03-31,0.014584624,0.0058807903
801170.SI,2025-01-31,-0.008068959,0.0055827335
801170.SI,2025-02-28,0.0022775005,0.011316791
801170.SI,2025-03-31,-0.012400004,0.0072395406
801180.SI,2025-01-31,0.053693198,0.008812718
801180.SI,2025-02-28,-0.0479955,0.011698239
801180.SI,2025-03-31,-0.01621438,0.00770836
801200.SI,2025-01-31,0.029737962,-0.009736287
801200.SI,2025-02-28,-0.03527379,0.0028133262
801200.SI,2025-03-31,0.017359523,0.0061579733
801210.SI,2025-01-31,0.037610468,0.011363939
801210.SI,2025-02-28,0.03315035,0.013073094
801210.SI,2025-03-31,-0.04038192,0.008637795
801230.SI,2025-01-31,0.028378002,0.0047441274
801230.SI,2025-02-28,-0.0432202,0.011458223
801230.SI,2025-03-31,-0.033320073,0.009196215
801710.SI,2025-01-31,0.005658436,0.008279463
801710.SI,2025-02-28,0.026160358,0.009976325
801710.SI,2025-03-31,-0.036117755,0.0048360676
801720.SI,2025-01-31,0.035056442,0.0056314166
801720.SI,2025-02-28,-0.033415325,0.008367025
801720.SI,2025-03-31,-0.013572126,0.0061856266
801730.SI,2025-01-31,0.06408525,0.012961026
801730.SI,2025-02-28,-0.031227926,0.010890494
801730.SI,2025-03-31,-0.08231645,0.0061633755
801740.SI,2025-01-31,0.03663727,0.0145995505
801740.SI,2025-02-28,0.022044923,0.012851629
801740.SI,2025-03-31,-0.02463401,0.007076109
801750.SI,2025-01-31,0.16305347,0.006032096
801750.SI,2025-02-28,-0.0542548,0.0033610936
801750.SI,2025-03-31,-0.04894844,-0.00074769434
801760.SI,2025-01-31,0.060991026,0.0028963566
801760.SI,2025-02-28,-0.012973832,0.008961222
801760.SI,2025-03-31,-0.022250041,0.008002695
801770.SI,2025-01-31,0.036636375,0.003733008
801770.SI,2025-02-28,-0.03843892,0.0043403334
801770.SI,2025-03-31,-0.06694076,0.00422336
801880.SI,2025-01-31,0.09178464,0.006493097
801880.SI,2025-02-28,0.0119368145,0.00639166
801880.SI,2025-03-31,-0.039253846,0.0023521695
801890.SI,2025-01-31,0.10708296,0.005774016
801890.SI,2025-02-28,-0.010485306,0.0054763374
801890.SI,2025-03-31,-0.04643004,0.0014078306
801950.SI,2025-01-31,-0.07583595,0.01728714
801950.SI,2025-02-28,0.036265854,0.020714378
801950.SI,2025-03-31,-0.04325881,0.015897011
801960.SI,2025-01-31,-0.010622948,0.0052482598
801960.SI,2025-02-28,-0.006954445,0.008224839
801960.SI,2025-03-31,-0.02114712,0.0037486982
801970.SI,2025-01-31,0.047469478,0.006082024
801970.SI,2025-02-28,0.028183343,0.005170978
801970.SI,2025-03-31,-0.03084223,-0.002314945
801980.SI,2025-01-31,0.023161506,0.0062663243
801980.SI,2025-02-28,0.034119964,0.0070645325
801980.SI,2025-03-31,0.061484694,0.001825884
801010.SI,2025-04-30,0.024775036,-0.0014187694
801010.SI,2025-05-31,0.0051392023,0.0024064865
801010.SI,2025-06-30,0.03838812,0.0013739336
801030.SI,2025-04-30,0.019704567,0.0010663904
801030.SI,2025-05-31,0.040996954,0.0066681723
801030.SI,2025-06-30,0.058680423,0.004924325
801040.SI,2025-04-30,-0.0030834358,0.0006449837
801040.SI,2025-05-31,-0.0005084339,0.005741837
801040.SI,2025-06-30,0.16760476,0.0036393907
801050.SI,2025-04-30,0.0141090145,0.002951796
801050.SI,2025-05-31,0.092558675,0.008120905
801050.SI,2025-06-30,0.0574337,0.0056065083
801080.SI,2025-04-30,-0.02850752,0.0029011022
801080.SI,2025-05-31,0.088629596,0.009236001
801080.SI,2025-06-30,0.06590816,0.0021710352
801110.SI,2025-04-30,0.034964513,-0.00013516161
801110.SI,2025-05-31,-0.030377192,0.0055308486
801110.SI,2025-06-30,0.0064371615,0.0039947885
801120.SI,2025-04-30,-0.0012514464,0.0066089774
801120.SI,2025-05-31,-0.058952183,0.011718807
801120.SI,2025-06-30,0.002083789,0.010344137
801130.SI,2025-04-30,0.06028505,0.00034284964
801130.SI,2025-05-31,0.019381147,0.0049532815
801130.SI,2025-06-30,0.0071955216,0.0035537637
801140.SI,2025-04-30,0.048201166,0.00093299587
801140.SI,2025-05-31,0.036199227,0.0054850094
801140.SI,2025-06-30,0.009339799,0.0025529545
801150.SI,2025-04-30,0.06420987,-0.0017574342
801150.SI,2025-05-31,0.007046982,0.0027509145
801150.SI,2025-06-30,0.13927503,0.0010285837
801160.SI,2025-04-30,0.023147013,0.0015903525
801160.SI,2025-05-31,-0.0054425485,0.005406035
801160.SI,2025-06-30,-0.0077204253,0.0072823707
801170.SI,2025-04-30,0.055555295,0.0014549699
801170.SI,2025-05-31,-0.01114893,0.004734525
801170.SI,2025-06-30,-0.0021862662,0.005459731
801180.SI,2025-04-30,-0.0043680794,0.0013829054
801180.SI,2025-05-31,0.009292111,0.0037781857
801180.SI,2025-06-30,0.042537406,-5.728503e-05
801200.SI,2025-04-30,0.016551461,-0.003525912
801200.SI,2025-05-31,0.027119363,-0.0004513332
801200.SI,2025-06-30,0.019118698,-0.0022902135
801210.SI,2025-04-30,-0.008553047,0.0040561673
801210.SI,2025-05-31,0.041323032,0.008722604
801210.SI,2025-06-30,0.051326305,0.0059303064
801230.SI,2025-04-30,0.04765541,0.0041885874
801230.SI,2025-05-31,0.06833159,0.0084199915
801230.SI,2025-06-30,0.09520628,0.0046434156
801710.SI,2025-04-30,0.01354786,0.0006975184
801710.SI,2025-05-31,-0.0077519026,0.004115887
801710.SI,2025-06-30,0.13364202,0.0011662996
801720.SI,2025-04-30,0.029096967,0.004264975
801720.SI,2025-05-31,0.014589103,0.008671449
801720.SI,2025-06-30,0.054072674,0.0047328304
801730.SI,2025-04-30,0.021719242,0.004004697
801730.SI,2025-05-31,0.06684696,0.009808318
801730.SI,2025-06-30,0.03486764,0.0048129708
801740.SI,2025-04-30,0.06337749,0.002154084
801740.SI,2025-05-31,0.10889877,0.006968623
801740.SI,2025-06-30,0.030786404,0.0029518988
801750.SI,2025-04-30,-0.0067903847,-0.0011249991
801750.SI,2025-05-31,0.07108675,0.0050297654
801750.SI,2025-06-30,0.03858593,0.00020148233
801760.SI,2025-04-30,0.022039995,0.0047870874
801760.SI,2025-05-31,0.08400692,0.00719831
801760.SI,2025-06-30,0.03176634,0.0031571444
801770.SI,2025-04-30,0.039751787,0.0066201254
801770.SI,2025-05-31,0.14093934,0.011872332
801770.SI,2025-06-30,0.10754203,0.0058298646
801880.SI,2025-04-30,0.014383716,0.0007423504
801880.SI,2025-05-31,0.003088731,0.006509676
801880.SI,2025-06-30,0.0042133685,0.0058521884
801890.SI,2025-04-30,0.007882968,0.0012447598
801890.SI,2025-05-31,0.028205065,0.008179284
801890.SI,2025-06-30,0.05665893,0.0061456845
801950.SI,2025-04-30,0.03771383,0.013404018
801950.SI,2025-05-31,-0.011916626,0.014171357
801950.SI,2025-06-30,0.026094772,0.0122433575
801960.SI,2025-04-30,0.018819096,0.0021419674
801960.SI,2025-05-31,0.014495554,0.0056054727
801960.SI,2025-06-30,0.04508342,0.0030778323
801970.SI,2025-04-30,0.068292685,-0.007938131
801970.SI,2025-05-31,0.010758818,-0.0026038082
801970.SI,2025-06-30,0.016007919,-0.0025745807
801980.SI,2025-04-30,0.025482517,-0.00468296
801980.SI,2025-05-31,-0.03610926,0.0006607181
801980.SI,2025-06-30,0.014926847,0.0035895489
801010.SI,2025-07-31,0.08161934,0.0051099993
801010.SI,2025-08-31,-0.012134038,-0.0013234261
801010.SI,2025-09-30,-0.005937441,-0.0072906143
801030.SI,2025-07-31,0.08981458,0.008615381
801030.SI,2025-08-31,0.012164457,0.0017636064
801030.SI,2025-09-30,0.005457321,-0.0046638884
801040.SI,2025-07-31,0.0077130054,0.0042621032
801040.SI,2025-08-31,-0.0019415144,-0.00044324808
801040.SI,2025-09-30,0.05163244,-0.0061128386
801050.SI,2025-07-31,0.18908747,0.011953991
801050.SI,2025-08-31,0.12789752,0.0022132117
801050.SI,2025-09-30,0.050026957,-0.0007997689
801080.SI,2025-07-31,0.24787891,-0.0027775716
801080.SI,2025-08-31,0.10963283,-0.015264225
801080.SI,2025-09-30,-0.035272002,-0.018804649
801110.SI,2025-07-31,0.06739427,0.009265032
801110.SI,2025-08-31,0.007701327,0.0009010993
801110.SI,2025-09-30,0.0070435167,-0.0050528646
801120.SI,2025-07-31,0.06649762,0.016774768
801120.SI,2025-08-31,-0.041452903,0.007933894
801120.SI,2025-09-30,-0.004808451,-0.002200989
801130.SI,2025-07-31,0.027122464,0.008151376
801130.SI,2025-08-31,-0.009259656,0.005364601
801130.SI,2025-09-30,0.027203564,-0.0034507029
801140.SI,2025-07-31,0.06402587,0.0067831706
801140.SI,2025-08-31,-0.0054111984,0.00016118896
801140.SI,2025-09-30,0.0128552755,-0.0072384006
801150.SI,2025-07-31,0.026063086,0.0016293414
801150.SI,2025-08-31,-0.01710688,0.00010202577
801150.SI,2025-09-30,-0.018261041,-0.0034843266
801160.SI,2025-07-31,0.02528767,0.016812315
801160.SI,2025-08-31,0.0040580505,0.013127967
801160.SI,2025-09-30,0.04473117,0.00719469
801170.SI,2025-07-31,0.021412598,0.011756516
801170.SI,2025-08-31,-0.012835287,0.005384495
801170.SI,2025-09-30,0.02804716,-0.0025385339
801180.SI,2025-07-31,0.064744145,0.0018307567
801180.SI,2025-08-31,0.08152637,-0.0035854604
801180.SI,2025-09-30,-0.023711268,-0.009485245
801200.SI,2025-07-31,0.07473443,0.0028146722
801200.SI,2025-08-31,-0.039068874,-0.0045511476
801200.SI,2025-09-30,0.012388726,-0.009360538
801210.SI,2025-07-31,0.050508287,0.009671019
801210.SI,2025-08-31,-0.047641188,0.0007998397
801210.SI,2025-09-30,0.0026888035,0.00038970387
801230.SI,2025-07-31,0.21895334,0.01042181
801230.SI,2025-08-31,-0.0055075847,0.000108112894
801230.SI,2025-09-30,0.0016694135,-0.0054958113
801710.SI,2025-07-31,0.06748884,7.235942e-05
801710.SI,2025-08-31,-0.0071188887,-0.005420597
801710.SI,2025-09-30,0.013067467,-0.010364961
801720.SI,2025-07-31,0.01853126,0.007423524
801720.SI,2025-08-31,0.013403132,0.0014798815
801720.SI,2025-09-30,0.02519008,-0.0049740854
801730.SI,2025-07-31,0.15370287,0.009050948
801730.SI,2025-08-31,0.21169682,0.00045524412
801730.SI,2025-09-30,0.009846183,-0.00703303
801740.SI,2025-07-31,0.09889848,0.005246354
801740.SI,2025-08-31,-0.07213813,-0.0013819685
801740.SI,2025-09-30,-0.019904872,-0.00012705475
801750.SI,2025-07-31,0.15481159,-0.004885075
801750.SI,2025-08-31,-0.019545292,-0.0140170455
801750.SI,2025-09-30,-0.022765052,-0.016439375
801760.SI,2025-07-31,0.10703237,0.0021910276
801760.SI,2025-08-31,0.053455066,-0.0038711007
801760.SI,2025-09-30,-0.06035833,-0.00751531
801770.SI,2025-07-31,0.34408832,0.004435733
801770.SI,2025-08-31,-0.0014620395,-0.008423482
801770.SI,2025-09-30,-0.004487537,-0.010100209
801880.SI,2025-07-31,0.1164767,0.012472491
801880.SI,2025-08-31,0.051718704,0.00582423
801880.SI,2025-09-30,-0.035843328,-0.001981045
801890.SI,2025-07-31,0.12914634,0.007967106
801890.SI,2025-08-31,0.052898534,0.00023054455
801890.SI,2025-09-30,-0.016308729,-0.0065490142
801950.SI,2025-07-31,0.004413829,0.019631838
801950.SI,2025-08-31,0.018834371,0.017998202
801950.SI,2025-09-30,0.10020146,0.012419759
801960.SI,2025-07-31,0.013728477,0.013134641
801960.SI,2025-08-31,-0.039527316,0.010089649
801960.SI,2025-09-30,0.047270067,0.0044798236
801970.SI,2025-07-31,0.052785683,0.0027360637
801970.SI,2025-08-31,0.0077232453,-0.0019121139
801970.SI,2025-09-30,0.02583412,-0.0069733597
801980.SI,2025-07-31,0.068408564,0.017274903
801980.SI,2025-08-31,-0.050023355,0.013000901
801980.SI,2025-09-30,-0.038448237,-0.00085807714
801010.SI,2025-10-31,0.015129096,-0.0068462505
801010.SI,2025-11-30,-0.0033498039,-0.0039491653
801010.SI,2025-12-31,-0.0014628337,0.0035270948
801030.SI,2025-10-31,0.012289087,-0.0018588504
801030.SI,2025-11-30,0.04427254,0.002358672
801030.SI,2025-12-31,0.12721166,0.009589981
801040.SI,2025-10-31,-0.0062282365,-0.0064453683
801040.SI,2025-11-30,0.021027787,-0.0039045624
801040.SI,2025-12-31,0.07069415,0.0030352094
801050.SI,2025-10-31,-0.026164625,-0.002527333
801050.SI,2025-11-30,0.13681212,0.0048344373
801050.SI,2025-12-31,0.22594038,0.009595018
801080.SI,2025-10-31,-0.05043274,-0.012439565
801080.SI,2025-11-30,0.051539,-0.002194923
801080.SI,2025-12-31,0.10507782,0.0061039836
801110.SI,2025-10-31,0.000706901,-0.009328912
801110.SI,2025-11-30,0.012243929,-0.0032299522
801110.SI,2025-12-31,-0.009684803,0.005580609
801120.SI,2025-10-31,0.0084451325,-0.0037669092
801120.SI,2025-11-30,-0.05216984,0.00064695376
801120.SI,2025-12-31,0.0010229495,0.009859346
801130.SI,2025-10-31,0.029475877,-0.008213335
801130.SI,2025-11-30,-0.010236133,-0.0058291634
801130.SI,2025-12-31,0.05932641,0.0028771434
801140.SI,2025-10-31,0.023169322,-0.0094476575
801140.SI,2025-11-30,0.03756781,-0.00615829
801140.SI,2025-12-31,0.050737828,0.0013043185
801150.SI,2025-10-31,-0.036175862,-0.0073235556
801150.SI,2025-11-30,-0.040974945,-0.0039330362
801150.SI,2025-12-31,0.03137925,0.0028650395
801160.SI,2025-10-31,-0.017565116,0.0008976199
801160.SI,2025-11-30,-0.024618113,0.0034580778
801160.SI,2025-12-31,0.031858828,0.010218699
801170.SI,2025-10-31,-0.026928233,-0.006850002
801170.SI,2025-11-30,0.02342323,-0.003704641
801170.SI,2025-12-31,-0.0037893804,0.0040734825
801180.SI,2025-10-31,-0.028102059,-0.0054858886
801180.SI,2025-11-30,-0.03963685,-0.00068064284
801180.SI,2025-12-31,0.043036927,0.0078260815
801200.SI,2025-10-31,0.0016210104,-0.008883213
801200.SI,2025-11-30,0.039970294,-0.0053391554
801200.SI,2025-12-31,0.0052608983,-0.00017916474
801210.SI,2025-10-31,0.012341071,0.0024744365
801210.SI,2025-11-30,-0.005734563,0.0063373237
801210.SI,2025-12-31,0.059264846,0.011099558
801230.SI,2025-10-31,0.040663674,-0.0053406656
801230.SI,2025-11-30,0.0020740423,-0.0032801237
801230.SI,2025-12-31,0.099715285,0.004122425
801710.SI,2025-10-31,-0.020144958,-0.008990165
801710.SI,2025-11-30,0.03682043,-0.0057103275
801710.SI,2025-12-31,0.13310926,0.0018334662
801720.SI,2025-10-31,-0.013393148,-0.0036397458
801720.SI,2025-11-30,0.00022593551,-0.0011569684
801720.SI,2025-12-31,0.06440766,0.0074432627
801730.SI,2025-10-31,-0.03484934,-0.0048093908
801730.SI,2025-11-30,0.012655903,0.0018442502
801730.SI,2025-12-31,0.040462002,0.011704019
801740.SI,2025-10-31,-0.015619265,0.00081194565
801740.SI,2025-11-30,0.17223583,0.0045602457
801740.SI,2025-12-31,0.040869296,0.0033624757
801750.SI,2025-10-31,-0.052616786,-0.010903076
801750.SI,2025-11-30,-0.0024864813,-0.005570905
801750.SI,2025-12-31,0.069415264,0.0005467261
801760.SI,2025-10-31,0.016877174,-0.0039610974
801760.SI,2025-11-30,-0.019145856,-0.001532459
801760.SI,2025-12-31,0.17940563,0.006164346
801770.SI,2025-10-31,0.018452175,-0.005331237
801770.SI,2025-11-30,0.12058205,0.002766865
801770.SI,2025-12-31,0.06807137,0.0065535754
801880.SI,2025-10-31,-0.050758246,-0.0043142377
801880.SI,2025-11-30,0.057136722,0.0014412875
801880.SI,2025-12-31,0.002582457,0.007621655
801890.SI,2025-10-31,-0.033953283,-0.0074510756
801890.SI,2025-11-30,0.08592014,-0.00047709173
801890.SI,2025-12-31,0.06315065,0.006396249
801950.SI,2025-10-31,-0.030676723,0.0031436358
801950.SI,2025-11-30,-0.03556934,0.0055067614
801950.SI,2025-12-31,0.07856538,0.014803926
801960.SI,2025-10-31,0.028953059,-0.0027195916
801960.SI,2025-11-30,0.070077024,-0.0017356375
801960.SI,2025-12-31,0.16305582,0.003329513
801970.SI,2025-10-31,-0.020232832,-0.01116209
801970.SI,2025-11-30,-0.00038790156,-0.0074307383
801970.SI,2025-12-31,0.059359204,-0.0013551898
801980.SI,2025-10-31,-0.03547006,-0.004724357
801980.SI,2025-11-30,-0.017046092,-0.0029977418
801980.SI,2025-12-31,0.004381819,0.005590283
801010.SI,2026-01-31,-0.0014239937,0.0054426263
801010.SI,2026-02-28,-0.06086591,0.002893621
801010.SI,2026-03-31,0.02196893,0.00537702
801030.SI,2026-01-31,0.05733281,0.012172118
801030.SI,2026-02-28,-0.1030093,0.006647415
801030.SI,2026-03-31,0.06737792,0.009134117
801040.SI,2026-01-31,0.100231566,0.010415519
801040.SI,2026-02-28,-0.15548012,0.0044214544
801040.SI,2026-03-31,0.01643934,0.009752577
801050.SI,2026-01-31,0.021361157,0.009660401
801050.SI,2026-02-28,-0.17213255,0.0021186105
801050.SI,2026-03-31,0.07967477,0.009136028
801080.SI,2026-01-31,0.02092811,0.012324072
801080.SI,2026-02-28,-0.13513477,0.008366232
801080.SI,2026-03-31,0.2679298,0.012305632
801110.SI,2026-01-31,0.010161995,0.011383238
801110.SI,2026-02-28,-0.07131504,0.008797909
801110.SI,2026-03-31,0.06270626,0.012324937
801120.SI,2026-01-31,0.0012880057,0.017521901
801120.SI,2026-02-28,-0.028885331,0.018083494
801120.SI,2026-03-31,-0.0111689195,0.02203004
801130.SI,2026-01-31,-0.0004284476,0.012548533
801130.SI,2026-02-28,-0.0723371,0.010801941
801130.SI,2026-03-31,0.046331838,0.012409483
801140.SI,2026-01-31,0.027619334,0.009689147
801140.SI,2026-02-28,-0.08734714,0.008059902
801140.SI,2026-03-31,0.03563376,0.011787686
801150.SI,2026-01-31,-0.0017508367,0.008397873
801150.SI,2026-02-28,-0.037448492,0.006776171
801150.SI,2026-03-31,0.010320782,0.00713924
801160.SI,2026-01-31,0.04535667,0.015886312
801160.SI,2026-02-28,0.012503927,0.008563857
801160.SI,2026-03-31,0.0015588228,0.0043016193
801170.SI,2026-01-31,0.041168228,0.01153132
801170.SI,2026-02-28,-0.05544563,0.0066450085
801170.SI,2026-03-31,-0.007309562,0.009000903
801180.SI,2026-01-31,-0.0007924435,0.014690983
801180.SI,2026-02-28,-0.11254111,0.012173531
801180.SI,2026-03-31,0.06975932,0.012855667
801200.SI,2026-01-31,-0.035401702,0.010510887
801200.SI,2026-02-28,-0.11756317,0.012488402
801200.SI,2026-03-31,0.020251332,0.019025937
801210.SI,2026-01-31,0.009080077,0.014282527
801210.SI,2026-02-28,-0.10524394,0.012451187
801210.SI,2026-03-31,0.014815919,0.017295234
801230.SI,2026-01-31,0.18404703,0.013247433
801230.SI,2026-02-28,-0.12703708,0.013703629
801230.SI,2026-03-31,0.11241246,0.014912613
801710.SI,2026-01-31,0.08147768,0.0050515737
801710.SI,2026-02-28,-0.11717928,-0.00021816418
801710.SI,2026-03-31,0.10369321,0.002815593
801720.SI,2026-01-31,0.03445196,0.015856065
801720.SI,2026-02-28,-0.04762861,0.0132683115
801720.SI,2026-03-31,0.0040748003,0.01454652
801730.SI,2026-01-31,0.053013314,0.018114707
801730.SI,2026-02-28,-0.025383452,0.013398188
801730.SI,2026-03-31,0.08975605,0.014138378
801740.SI,2026-01-31,0.072656624,0.0059441496
801740.SI,2026-02-28,-0.1593501,0.004685149
801740.SI,2026-03-31,0.09283336,0.014152301
801750.SI,2026-01-31,0.015582089,0.0069179367
801750.SI,2026-02-28,-0.14934167,0.0065537957
801750.SI,2026-03-31,0.06602639,0.011374208
801760.SI,2026-01-31,-0.04953416,0.00943152
801760.SI,2026-02-28,-0.15017521,0.009561234
801760.SI,2026-03-31,0.022321258,0.013955983
801770.SI,2026-01-31,0.0022794355,0.013342229
801770.SI,2026-02-28,-0.010235321,0.010661359
801770.SI,2026-03-31,0.22230075,0.014584574
801880.SI,2026-01-31,0.026852142,0.011015765
801880.SI,2026-02-28,-0.090480685,0.008755234
801880.SI,2026-03-31,0.043908317,0.014898014
801890.SI,2026-01-31,0.07267281,0.014604956
801890.SI,2026-02-28,-0.12893441,0.010788578
801890.SI,2026-03-31,0.10874897,0.016064381
801950.SI,2026-01-31,0.07129801,0.021247797
801950.SI,2026-02-28,0.011105101,0.012630266
801950.SI,2026-03-31,0.054691706,0.0076725003
801960.SI,2026-01-31,0.024386385,0.0026638627
801960.SI,2026-02-28,-0.031707816,-0.0044790995
801960.SI,2026-03-31,0.045674343,-0.0033771016
801970.SI,2026-01-31,0.07727418,0.0059777987
801970.SI,2026-02-28,-0.081048556,0.0006630812
801970.SI,2026-03-31,0.06880468,0.0016948922
801980.SI,2026-01-31,0.027491193,0.010583158
801980.SI,2026-02-28,-0.117544405,0.008491846
801980.SI,2026-03-31,0.01640488,0.012301556
801010.SI,2026-04-30,-0.13057134,0.0028316826
801010.SI,2026-05-31,-0.101778686,0.012341309
801010.SI,2026-06-30,0.08446962,0.018705277
801030.SI,2026-04-30,-0.089252464,0.007905283
801030.SI,2026-05-31,0.048840012,0.019642306
801030.SI,2026-06-30,-0.13698004,0.023046331
801040.SI,2026-04-30,-0.115663834,0.012199069
801040.SI,2026-05-31,-0.09431075,0.026286596
801040.SI,2026-06-30,0.032668423,0.029403547
801050.SI,2026-04-30,-0.0706477,0.013791356
801050.SI,2026-05-31,-0.040639475,0.023947278
801050.SI,2026-06-30,-0.06416066,0.02256417
801080.SI,2026-04-30,0.17884763,0.0051611345
801080.SI,2026-05-31,0.27730253,0.0031964753
801080.SI,2026-06-30,-0.34716722,-0.0095408
801110.SI,2026-04-30,-0.026985195,0.012833369
801110.SI,2026-05-31,-0.05533952,0.01829973
801110.SI,2026-06-30,0.04867052,0.020960068
801120.SI,2026-04-30,-0.054251716,0.015330535
801120.SI,2026-05-31,-0.11585545,0.017638033
801120.SI,2026-06-30,0.113443695,0.02168761
801130.SI,2026-04-30,-0.0841158,0.0049223076
801130.SI,2026-05-31,-0.06323845,0.011635047
801130.SI,2026-06-30,-0.008397392,0.018126616
801140.SI,2026-04-30,-0.06943511,0.008762312
801140.SI,2026-05-31,-0.09318578,0.01590742
801140.SI,2026-06-30,-0.053374283,0.020132646
801150.SI,2026-04-30,-0.07330864,0.0017345523
801150.SI,2026-05-31,-0.032798447,0.008520975
801150.SI,2026-06-30,0.045167357,0.012012623
801160.SI,2026-04-30,0.082553245,0.0016404117
801160.SI,2026-05-31,-0.1412619,0.0060338746
801160.SI,2026-06-30,0.018595126,0.020092042
801170.SI,2026-04-30,-0.031667516,0.012798402
801170.SI,2026-05-31,-0.09328522,0.022513336
801170.SI,2026-06-30,0.076921895,0.027994739
801180.SI,2026-04-30,-0.04815791,0.0064276196
801180.SI,2026-05-31,-0.11274889,0.011363828
801180.SI,2026-06-30,-0.0035513917,0.017359618
801200.SI,2026-04-30,-0.06771383,0.013765144
801200.SI,2026-05-31,-0.13284847,0.014693116
801200.SI,2026-06-30,0.057919733,0.015347916
801210.SI,2026-04-30,-0.07242673,0.01582564
801210.SI,2026-05-31,-0.083581105,0.024448002
801210.SI,2026-06-30,-0.019241247,0.028700382
801230.SI,2026-04-30,-0.07395425,0.009614093
801230.SI,2026-05-31,-0.063438475,0.014996351
801230.SI,2026-06-30,-0.102892056,0.019314604
801710.SI,2026-04-30,0.06177723,0.0022270095
801710.SI,2026-05-31,0.15370405,0.011549783
801710.SI,2026-06-30,-0.27897114,0.0160758
801720.SI,2026-04-30,-0.053039003,0.010107287
801720.SI,2026-05-31,-0.041779548,0.017692128
801720.SI,2026-06-30,-0.058185812,0.024838284
801730.SI,2026-04-30,-0.022004073,0.0080018
801730.SI,2026-05-31,-0.05735536,0.015210449
801730.SI,2026-06-30,-0.1568221,0.021007115
801740.SI,2026-04-30,-0.086945824,0.013028048
801740.SI,2026-05-31,-0.0026038156,0.021009868
801740.SI,2026-06-30,-0.14681591,0.018702962
801750.SI,2026-04-30,-0.07100076,0.010626607
801750.SI,2026-05-31,-0.042895764,0.016219215
801750.SI,2026-06-30,-0.030585906,0.015932864
801760.SI,2026-04-30,-0.0743079,0.014661409
801760.SI,2026-05-31,-0.09879834,0.019451998
801760.SI,2026-06-30,0.030887278,0.021072352
801770.SI,2026-04-30,0.20397337,0.006621245
801770.SI,2026-05-31,0.11332148,0.011645295
801770.SI,2026-06-30,-0.3189925,0.013337626
801880.SI,2026-04-30,-0.04432896,0.017845945
801880.SI,2026-05-31,-0.12028955,0.02283951
801880.SI,2026-06-30,-0.0130431205,0.024897605
801890.SI,2026-04-30,0.043958597,0.013420674
801890.SI,2026-05-31,0.06622051,0.019241212
801890.SI,2026-06-30,-0.22057033,0.01874262
801950.SI,2026-04-30,-0.028141184,0.0037869543
801950.SI,2026-05-31,-0.15302822,0.0117114065
801950.SI,2026-06-30,0.14289194,0.02412402
801960.SI,2026-04-30,-0.15074973,0.0006062531
801960.SI,2026-05-31,-0.123948134,0.020929717
801960.SI,2026-06-30,0.12628844,0.03379427
801970.SI,2026-04-30,-0.043047488,-0.00012334001
801970.SI,2026-05-31,-0.05603237,0.008465745
801970.SI,2026-06-30,-0.07708367,0.01534909
801980.SI,2026-04-30,-0.088579215,0.0069677928
801980.SI,2026-05-31,-0.10935959,0.0135846855
801980.SI,2026-06-30,0.087480344,0.015229569
801010.SI,2026-07-31,0.073896416,0.012487132
801010.SI,2026-08-31,,0.0056079165
801030.SI,2026-07-31,0.087709785,0.01671318
801030.SI,2026-08-31,,0.013276552
801040.SI,2026-07-31,0.0028358658,0.011234924
801040.SI,2026-08-31,,0.006969767
801050.SI,2026-07-31,0.09810294,0.014516905
801050.SI,2026-08-31,,0.013077031
801080.SI,2026-07-31,0.124171354,0.0043196385
801080.SI,2026-08-31,,0.006864956
801110.SI,2026-07-31,-0.0037144367,0.013404176
801110.SI,2026-08-31,,0.01134669
801120.SI,2026-07-31,-0.046013243,0.013908346
801120.SI,2026-08-31,,0.012248938
801130.SI,2026-07-31,0.056522034,0.015876077
801130.SI,2026-08-31,,0.012401859
801140.SI,2026-07-31,0.06821766,0.014322926
801140.SI,2026-08-31,,0.010905794
801150.SI,2026-07-31,0.028144756,0.006185075
801150.SI,2026-08-31,,0.003273179
801160.SI,2026-07-31,-0.021526996,0.010022684
801160.SI,2026-08-31,,0.014038141
801170.SI,2026-07-31,-0.003805527,0.013079404
801170.SI,2026-08-31,,0.010415102
801180.SI,2026-07-31,0.032601207,0.0144018335
801180.SI,2026-08-31,,0.011423073
801200.SI,2026-07-31,-0.0012881397,0.009243817
801200.SI,2026-08-31,,0.0068641677
801210.SI,2026-07-31,0.05633777,0.015417427
801210.SI,2026-08-31,,0.009867691
801230.SI,2026-07-31,0.11918296,0.012512479
801230.SI,2026-08-31,,0.008929807
801710.SI,2026-07-31,0.068636954,0.011966695
801710.SI,2026-08-31,,0.009678639
801720.SI,2026-07-31,0.02950175,0.019706212
801720.SI,2026-08-31,,0.016589245
801730.SI,2026-07-31,-0.00093148643,0.014485373
801730.SI,2026-08-31,,0.015247811
801740.SI,2026-07-31,0.044503994,0.0141140325
801740.SI,2026-08-31,,0.014059884
801750.SI,2026-07-31,0.026277361,0.009609302
801750.SI,2026-08-31,,0.007547695
801760.SI,2026-07-31,0.007501384,0.012634608
801760.SI,2026-08-31,,0.009720405
801770.SI,2026-07-31,0.107946664,0.01572564
801770.SI,2026-08-31,,0.015444429
801880.SI,2026-07-31,0.0005734441,0.015212829
801880.SI,2026-08-31,,0.0136827305
801890.SI,2026-07-31,0.106625855,0.015691722
801890.SI,2026-08-31,,0.0148411915
801950.SI,2026-07-31,0.12215506,0.013432884
801950.SI,2026-08-31,,0.009462749
801960.SI,2026-07-31,0.097534016,0.018370327
801960.SI,2026-08-31,,0.011351391
801970.SI,2026-07-31,0.06834847,0.0107240295
801970.SI,2026-08-31,,0.008402969
801980.SI,2026-07-31,-0.032355145,0.010095042
801980.SI,2026-08-31,,0.006783442
