ts_code,date,actual_ret,pred_gnn
801010.SI,2018-04-27,-0.03264987611606385,-5.0
801030.SI,2018-04-27,-0.034782927469999995,-16.333333333333332
801040.SI,2018-04-27,-0.000769240738655918,-20.0
801050.SI,2018-04-27,-0.05529372862215287,-11.0
801080.SI,2018-04-27,-0.07933238690835709,-28.0
801110.SI,2018-04-27,-0.05597977875090809,-4.0
801120.SI,2018-04-27,-0.013435215445000814,-4.0
801130.SI,2018-04-27,-0.0399050137965129,-16.0
801140.SI,2018-04-27,-0.061348115232268796,-17.0
801150.SI,2018-04-27,0.001130173406259649,-13.333333333333334
801160.SI,2018-04-27,-0.04614753468603217,-19.0
801170.SI,2018-04-27,-0.019671158099695666,-1.0
801180.SI,2018-04-27,-0.05756331622182465,-2.3333333333333335
801200.SI,2018-04-27,-0.044854747978331444,-6.666666666666667
801210.SI,2018-04-27,-0.04093871622940326,-17.333333333333332
801230.SI,2018-04-27,-0.07299535873713825,-26.666666666666668
801710.SI,2018-04-27,-0.05600286116965614,-12.333333333333334
801720.SI,2018-04-27,-0.044914039890514006,-8.333333333333334
801730.SI,2018-04-27,-0.046663412385444476,-25.333333333333332
801740.SI,2018-04-27,-0.025784821870772467,-13.666666666666666
801750.SI,2018-04-27,-0.010201470490351472,-5.666666666666667
801760.SI,2018-04-27,-0.07303717189945103,-20.666666666666668
801770.SI,2018-04-27,-0.047004893834545855,-26.333333333333332
801880.SI,2018-04-27,-0.06465888282419696,-8.333333333333334
801890.SI,2018-04-27,-0.0383784291740441,-21.333333333333332
801950.SI,2018-04-27,-0.046114258922312586,-16.333333333333332
801960.SI,2018-04-27,-0.02455818381852448,-23.666666666666668
801970.SI,2018-04-27,-0.04674487425789319,-24.0
801980.SI,2018-04-27,-0.014243982001717503,-21.333333333333332
801010.SI,2018-05-31,0.0600565051133799,-4.666666666666667
801030.SI,2018-05-31,0.014025970030877355,-16.666666666666668
801040.SI,2018-05-31,-0.07400214989374099,-19.666666666666668
801050.SI,2018-05-31,-0.03180509002139875,-21.666666666666668
801080.SI,2018-05-31,-0.028728832391979542,-28.666666666666668
801110.SI,2018-05-31,0.04849768701823409,-5.0
801120.SI,2018-05-31,0.171943889739778,-4.0
801130.SI,2018-05-31,0.042855935695849334,-8.666666666666666
801140.SI,2018-05-31,0.02228462967699896,-17.333333333333332
801150.SI,2018-05-31,0.06599597756127817,-11.333333333333334
801160.SI,2018-05-31,-0.004707687276509054,-11.666666666666666
801170.SI,2018-05-31,0.010686629120338688,-1.0
801180.SI,2018-05-31,-0.05102807364883278,-2.0
801200.SI,2018-05-31,0.05985899705329434,-5.666666666666667
801210.SI,2018-05-31,0.14841741614483328,-11.666666666666666
801230.SI,2018-05-31,-0.0481370127288685,-25.0
801710.SI,2018-05-31,-0.0420112760809761,-20.0
801720.SI,2018-05-31,-0.04644852376654729,-10.0
801730.SI,2018-05-31,-0.05871874058037019,-26.0
801740.SI,2018-05-31,-0.10590161619931739,-17.0
801750.SI,2018-05-31,-0.06462067095537904,-7.333333333333333
801760.SI,2018-05-31,-0.0330089408972476,-19.666666666666668
801770.SI,2018-05-31,-0.04551937216121892,-27.333333333333332
801880.SI,2018-05-31,0.026589563252106263,-8.333333333333334
801890.SI,2018-05-31,-0.04311283529971388,-20.0
801950.SI,2018-05-31,-0.035243741534425665,-16.666666666666668
801960.SI,2018-05-31,0.03881946564033889,-25.0
801970.SI,2018-05-31,-0.0492668563469727,-24.333333333333332
801980.SI,2018-05-31,0.08104303188485339,-18.666666666666668
801010.SI,2018-06-29,-0.13330242935279946,-6.333333333333333
801030.SI,2018-06-29,-0.08022644527187517,-7.333333333333333
801040.SI,2018-06-29,-0.025519569549207644,-10.333333333333334
801050.SI,2018-06-29,-0.10326498298720155,-18.0
801080.SI,2018-06-29,-0.08161200355323593,-27.333333333333332
801110.SI,2018-06-29,-0.03986012497402591,-5.333333333333333
801120.SI,2018-06-29,-0.06756542299448232,-8.0
801130.SI,2018-06-29,-0.11645851731299285,-1.6666666666666667
801140.SI,2018-06-29,-0.1251480062572935,-20.333333333333332
801150.SI,2018-06-29,-0.0882725360917014,-24.0
801160.SI,2018-06-29,-0.0992976942849727,-6.333333333333333
801170.SI,2018-06-29,-0.10311373092770104,-4.333333333333333
801180.SI,2018-06-29,-0.08147128558575399,-15.666666666666666
801200.SI,2018-06-29,-0.1567942928295165,-7.666666666666667
801210.SI,2018-06-29,-0.06964908957649009,-7.666666666666667
801230.SI,2018-06-29,-0.1227222886227073,-23.666666666666668
801710.SI,2018-06-29,-0.08821477104560982,-17.0
801720.SI,2018-06-29,-0.087357392988474,-13.333333333333334
801730.SI,2018-06-29,-0.12087546706710228,-26.0
801740.SI,2018-06-29,-0.08220216839671035,-8.666666666666666
801750.SI,2018-06-29,-0.08287282219280456,-15.333333333333334
801760.SI,2018-06-29,-0.10480622142220142,-18.666666666666668
801770.SI,2018-06-29,-0.16088909677540475,-27.333333333333332
801880.SI,2018-06-29,-0.07304457730482683,-11.666666666666666
801890.SI,2018-06-29,-0.09950552559636903,-23.666666666666668
801950.SI,2018-06-29,-0.030060305358968642,-20.666666666666668
801960.SI,2018-06-29,-0.08315699300067048,-9.0
801970.SI,2018-06-29,-0.09678030325997099,-27.666666666666668
801980.SI,2018-06-29,-0.12432566777212817,-22.0
801010.SI,2018-07-31,0.006688630453417277,-7.666666666666667
801030.SI,2018-07-31,0.021598241521715522,-26.333333333333332
801040.SI,2018-07-31,0.09684254442515927,-16.666666666666668
801050.SI,2018-07-31,-0.00905878898520296,-18.333333333333332
801080.SI,2018-07-31,-0.00513243198014246,-26.333333333333332
801110.SI,2018-07-31,-0.07018008019912314,-7.0
801120.SI,2018-07-31,-0.02006005733444982,-9.666666666666666
801130.SI,2018-07-31,-0.034105683091055994,-7.0
801140.SI,2018-07-31,-0.02164526161847657,-17.0
801150.SI,2018-07-31,-0.06086516174580615,-23.0
801160.SI,2018-07-31,0.026427842702842163,-6.0
801170.SI,2018-07-31,-0.018007764177494168,-9.666666666666666
801180.SI,2018-07-31,-0.022585359433719754,-8.333333333333334
801200.SI,2018-07-31,-0.013389422446964727,-27.666666666666668
801210.SI,2018-07-31,0.011612058364209421,-9.666666666666666
801230.SI,2018-07-31,0.01898863100889625,-25.666666666666668
801710.SI,2018-07-31,0.08833600278041143,-11.333333333333334
801720.SI,2018-07-31,0.048103431861186596,-16.333333333333332
801730.SI,2018-07-31,-0.013423837451258525,-21.0
801740.SI,2018-07-31,0.0466882583231254,-4.0
801750.SI,2018-07-31,-0.014540490948780294,-9.333333333333334
801760.SI,2018-07-31,-0.026717870506177466,-22.0
801770.SI,2018-07-31,0.008957391745579413,-18.0
801880.SI,2018-07-31,-0.04064654427863501,-13.0
801890.SI,2018-07-31,-0.002718327398002262,-20.333333333333332
801950.SI,2018-07-31,-0.03813696588844449,-9.666666666666666
801960.SI,2018-07-31,0.04131578481135878,-5.0
801970.SI,2018-07-31,-0.013742545031381392,-21.0
801980.SI,2018-07-31,0.0070001058356781165,-18.0
801010.SI,2018-08-31,-0.08780869872358321,-12.0
801030.SI,2018-08-31,-0.06712680133498494,-5.333333333333333
801040.SI,2018-08-31,-0.06871958717493809,-11.333333333333334
801050.SI,2018-08-31,-0.10495880533140124,-24.0
801080.SI,2018-08-31,-0.07752490089536157,-26.0
801110.SI,2018-08-31,-0.12152031744708369,-11.333333333333334
801120.SI,2018-08-31,-0.10832134829510387,-9.333333333333334
801130.SI,2018-08-31,-0.10877175375858628,-14.666666666666666
801140.SI,2018-08-31,-0.08880898917802306,-27.333333333333332
801150.SI,2018-08-31,-0.08083470546027016,-12.333333333333334
801160.SI,2018-08-31,-0.0837819896729396,-10.0
801170.SI,2018-08-31,-0.07371310467201407,-10.666666666666666
801180.SI,2018-08-31,-0.04970307391106599,-7.333333333333333
801200.SI,2018-08-31,-0.06815990881075273,-22.0
801210.SI,2018-08-31,-0.10458502436797612,-15.0
801230.SI,2018-08-31,-0.08051890912486638,-23.666666666666668
801710.SI,2018-08-31,-0.06780040565193192,-7.666666666666667
801720.SI,2018-08-31,-0.0615936516723229,-16.666666666666668
801730.SI,2018-08-31,-0.08621891734673603,-24.666666666666668
801740.SI,2018-08-31,-0.060403062014129275,-4.0
801750.SI,2018-08-31,-0.031214937190004788,-8.666666666666666
801760.SI,2018-08-31,-0.10691026683714655,-24.0
801770.SI,2018-08-31,0.0026983050563700313,-17.666666666666668
801880.SI,2018-08-31,-0.08357124514180303,-15.666666666666666
801890.SI,2018-08-31,-0.07874552474768903,-21.666666666666668
801950.SI,2018-08-31,-0.03008008504371129,-7.0
801960.SI,2018-08-31,-0.009918940553388931,-3.3333333333333335
801970.SI,2018-08-31,-0.13085303061409603,-18.666666666666668
801980.SI,2018-08-31,-0.11925331809332365,-23.0
801010.SI,2018-09-28,0.02705616376550424,-5.0
801030.SI,2018-09-28,-0.008444450817000626,-6.333333333333333
801040.SI,2018-09-28,0.000339917984327531,-14.333333333333334
801050.SI,2018-09-28,0.0015014859362265651,-7.666666666666667
801080.SI,2018-09-28,-0.06808718256128299,-23.333333333333332
801110.SI,2018-09-28,0.009836395415153019,-8.333333333333334
801120.SI,2018-09-28,0.08381612311518039,-9.666666666666666
801130.SI,2018-09-28,-0.01419828266293599,-12.666666666666666
801140.SI,2018-09-28,-0.020162130514645105,-11.0
801150.SI,2018-09-28,-0.009071336887652826,-28.333333333333332
801160.SI,2018-09-28,0.018877310090332555,-12.666666666666666
801170.SI,2018-09-28,0.02146585817755331,-9.333333333333334
801180.SI,2018-09-28,-0.001615258545146103,-11.0
801200.SI,2018-09-28,0.00321929556634748,-26.0
801210.SI,2018-09-28,0.02637450191636881,-14.333333333333334
801230.SI,2018-09-28,-0.02264595166256045,-16.0
801710.SI,2018-09-28,-0.031160999958199875,-13.0
801720.SI,2018-09-28,0.005649732512746919,-19.0
801730.SI,2018-09-28,0.02523166323579873,-25.333333333333332
801740.SI,2018-09-28,0.035012840955029656,-17.0
801750.SI,2018-09-28,-0.027736090376290656,-2.6666666666666665
801760.SI,2018-09-28,-0.014353901279977157,-24.666666666666668
801770.SI,2018-09-28,-0.02971576464438086,-17.0
801880.SI,2018-09-28,0.030069143298832257,-16.666666666666668
801890.SI,2018-09-28,0.004089890730772483,-21.0
801950.SI,2018-09-28,0.03930111762654964,-10.666666666666666
801960.SI,2018-09-28,0.06083246430915068,-4.0
801970.SI,2018-09-28,-0.015215920879627642,-24.666666666666668
801980.SI,2018-09-28,-0.03577382499991966,-23.333333333333332
801010.SI,2018-10-31,-0.05066315707064106,-2.3333333333333335
801030.SI,2018-10-31,-0.12189268633406361,-3.3333333333333335
801040.SI,2018-10-31,-0.04930899703402725,-15.0
801050.SI,2018-10-31,-0.09949642600058739,-7.333333333333333
801080.SI,2018-10-31,-0.11945454451792292,-25.666666666666668
801110.SI,2018-10-31,-0.10028992345968993,-6.666666666666667
801120.SI,2018-10-31,-0.2184554843141866,-4.0
801130.SI,2018-10-31,-0.10442826190431977,-7.666666666666667
801140.SI,2018-10-31,-0.12293074987544272,-4.333333333333333
801150.SI,2018-10-31,-0.1258174165752205,-19.333333333333332
801160.SI,2018-10-31,-0.09182231269035779,-13.666666666666666
801170.SI,2018-10-31,-0.09359649166791062,-4.666666666666667
801180.SI,2018-10-31,-0.048469070563274555,-25.333333333333332
801200.SI,2018-10-31,-0.11455282906799891,-22.666666666666668
801210.SI,2018-10-31,-0.15469690150608917,-8.0
801230.SI,2018-10-31,-0.09477896777002194,-15.666666666666666
801710.SI,2018-10-31,-0.09833631629689699,-18.333333333333332
801720.SI,2018-10-31,-0.07287368554427964,-21.0
801730.SI,2018-10-31,-0.09768032314528685,-28.333333333333332
801740.SI,2018-10-31,-0.11269006480111245,-28.666666666666668
801750.SI,2018-10-31,-0.12554864456070325,-12.0
801760.SI,2018-10-31,-0.1042759804275547,-22.333333333333332
801770.SI,2018-10-31,-0.11799552996152884,-27.0
801880.SI,2018-10-31,-0.1313799854378681,-7.666666666666667
801890.SI,2018-10-31,-0.09614495116862976,-19.0
801950.SI,2018-10-31,-0.02333925981467277,-13.666666666666666
801960.SI,2018-10-31,-0.12902781629865667,-10.0
801970.SI,2018-10-31,-0.1327170051423869,-17.333333333333332
801980.SI,2018-10-31,-0.11206269254857837,-24.0
801010.SI,2018-11-30,0.0593627054059207,-7.0
801030.SI,2018-11-30,-0.003046809778307402,-5.666666666666667
801040.SI,2018-11-30,-0.11784740405180882,-19.666666666666668
801050.SI,2018-11-30,-0.0007605942453368091,-6.666666666666667
801080.SI,2018-11-30,0.03342351529497422,-20.666666666666668
801110.SI,2018-11-30,0.02221468950943173,-14.666666666666666
801120.SI,2018-11-30,0.05325897951471936,-1.0
801130.SI,2018-11-30,0.05221143143034612,-7.333333333333333
801140.SI,2018-11-30,0.04993546772079638,-3.6666666666666665
801150.SI,2018-11-30,0.05309989024211781,-9.666666666666666
801160.SI,2018-11-30,0.02048513963023746,-9.666666666666666
801170.SI,2018-11-30,0.02483544826533901,-2.6666666666666665
801180.SI,2018-11-30,0.04970671695325879,-26.0
801200.SI,2018-11-30,0.03168433727337838,-17.0
801210.SI,2018-11-30,0.04344894378544906,-13.0
801230.SI,2018-11-30,0.11213670212619033,-20.0
801710.SI,2018-11-30,0.01935972546907205,-24.0
801720.SI,2018-11-30,0.0260267842747135,-22.333333333333332
801730.SI,2018-11-30,0.06809665764927786,-25.333333333333332
801740.SI,2018-11-30,0.037752256873991204,-28.0
801750.SI,2018-11-30,0.04491505739853663,-29.0
801760.SI,2018-11-30,0.043546511991504167,-7.666666666666667
801770.SI,2018-11-30,0.0704199147277218,-26.666666666666668
801880.SI,2018-11-30,0.030045111686458625,-12.0
801890.SI,2018-11-30,0.04630764183085723,-12.333333333333334
801950.SI,2018-11-30,-0.05485338087543202,-18.333333333333332
801960.SI,2018-11-30,-0.06357719874282464,-8.0
801970.SI,2018-11-30,0.0548247316035646,-15.0
801980.SI,2018-11-30,0.04626486436264132,-22.0
801010.SI,2018-12-28,-0.0062248817682473145,-6.0
801030.SI,2018-12-28,-0.04949830374333731,-5.333333333333333
801040.SI,2018-12-28,-0.033777096432209275,-17.0
801050.SI,2018-12-28,-0.04505457697491878,-13.666666666666666
801080.SI,2018-12-28,-0.0632297189189589,-25.0
801110.SI,2018-12-28,-0.03420203419072388,-8.666666666666666
801120.SI,2018-12-28,-0.000228036473350345,-1.3333333333333333
801130.SI,2018-12-28,-0.03319698665381454,-7.0
801140.SI,2018-12-28,-0.03333686223609178,-7.333333333333333
801150.SI,2018-12-28,-0.10913656671827754,-18.0
801160.SI,2018-12-28,-0.004318812854894327,-10.0
801170.SI,2018-12-28,-0.03933273018161732,-4.0
801180.SI,2018-12-28,-0.05287403862739226,-21.333333333333332
801200.SI,2018-12-28,-0.04385583953683092,-2.0
801210.SI,2018-12-28,0.000583367808140611,-8.0
801230.SI,2018-12-28,-0.0432382840960167,-22.0
801710.SI,2018-12-28,-0.05161978838716664,-19.666666666666668
801720.SI,2018-12-28,-0.02771349739934592,-11.666666666666666
801730.SI,2018-12-28,-0.02740796859379724,-27.0
801740.SI,2018-12-28,-0.05885446371277925,-26.0
801750.SI,2018-12-28,-0.058647018688350316,-27.666666666666668
801760.SI,2018-12-28,-0.04282932816848417,-19.333333333333332
801770.SI,2018-12-28,0.01639795994835569,-22.666666666666668
801880.SI,2018-12-28,-0.013855030976153817,-11.666666666666666
801890.SI,2018-12-28,-0.03395735457253346,-14.333333333333334
801950.SI,2018-12-28,-0.0630174563838708,-29.0
801960.SI,2018-12-28,-0.07882429377972355,-9.0
801970.SI,2018-12-28,-0.03866479526028221,-24.333333333333332
801980.SI,2018-12-28,0.005787452342095323,-16.0
801010.SI,2019-01-31,0.035019523301443645,-3.0
801030.SI,2019-01-31,0.004183056207470059,-14.0
801040.SI,2019-01-31,0.037908981023420094,-17.333333333333332
801050.SI,2019-01-31,-0.02068400406777149,-7.333333333333333
801080.SI,2019-01-31,0.01764348272695515,-20.666666666666668
801110.SI,2019-01-31,0.13089983041879227,-6.666666666666667
801120.SI,2019-01-31,0.09724584966471618,-6.0
801130.SI,2019-01-31,-0.022035210296189378,-5.666666666666667
801140.SI,2019-01-31,-0.022363609168844056,-10.666666666666666
801150.SI,2019-01-31,-0.025338953415662835,-27.666666666666668
801160.SI,2019-01-31,-0.03357562360775512,-2.3333333333333335
801170.SI,2019-01-31,0.010558586453182528,-6.333333333333333
801180.SI,2019-01-31,0.03894180662643776,-23.0
801200.SI,2019-01-31,0.003079490166884691,-21.333333333333332
801210.SI,2019-01-31,-0.06648530895889582,-12.666666666666666
801230.SI,2019-01-31,-0.04287323946243915,-17.666666666666668
801710.SI,2019-01-31,0.04158145624324394,-26.333333333333332
801720.SI,2019-01-31,-0.014933274487795023,-12.666666666666666
801730.SI,2019-01-31,0.042742574953059664,-19.666666666666668
801740.SI,2019-01-31,0.01972047820849654,-26.666666666666668
801750.SI,2019-01-31,0.009054550348253532,-23.333333333333332
801760.SI,2019-01-31,-0.03867151431238869,-26.666666666666668
801770.SI,2019-01-31,-0.013481533401337398,-13.0
801880.SI,2019-01-31,-0.005349125821521139,-5.0
801890.SI,2019-01-31,0.007204259530978696,-17.666666666666668
801950.SI,2019-01-31,0.05323226453520258,-10.666666666666666
801960.SI,2019-01-31,0.03325903503825223,-9.666666666666666
801970.SI,2019-01-31,-0.061836362359353976,-25.333333333333332
801980.SI,2019-01-31,-0.03314869730682135,-16.0
801010.SI,2019-02-28,0.2196872903370848,-6.333333333333333
801030.SI,2019-02-28,0.17943592803878605,-11.0
801040.SI,2019-02-28,0.1499301664711883,-27.666666666666668
801050.SI,2019-02-28,0.2271439754586129,-8.333333333333334
801080.SI,2019-02-28,0.28765853888814763,-22.333333333333332
801110.SI,2019-02-28,0.10318376481761525,-6.0
801120.SI,2019-02-28,0.12597595381204285,-5.0
801130.SI,2019-02-28,0.1591748508366111,-10.333333333333334
801140.SI,2019-02-28,0.19189736286442424,-16.666666666666668
801150.SI,2019-02-28,0.2149930888789666,-27.333333333333332
801160.SI,2019-02-28,0.1518688777988515,-2.3333333333333335
801170.SI,2019-02-28,0.15334257228661483,-8.333333333333334
801180.SI,2019-02-28,0.13689205933617044,-22.0
801200.SI,2019-02-28,0.17649373140347446,-23.0
801210.SI,2019-02-28,0.1757424430421095,-6.333333333333333
801230.SI,2019-02-28,0.2298723299649125,-15.0
801710.SI,2019-02-28,0.15878848861919811,-24.666666666666668
801720.SI,2019-02-28,0.14411750737847862,-16.333333333333332
801730.SI,2019-02-28,0.17062274459104443,-15.0
801740.SI,2019-02-28,0.22236367953706426,-18.333333333333332
801750.SI,2019-02-28,0.2798615761738017,-17.0
801760.SI,2019-02-28,0.2567992266168373,-23.666666666666668
801770.SI,2019-02-28,0.2787855591881103,-13.666666666666666
801880.SI,2019-02-28,0.1570531382310656,-12.0
801890.SI,2019-02-28,0.19186589337149473,-17.666666666666668
801950.SI,2019-02-28,0.1297796548943413,-1.0
801960.SI,2019-02-28,0.12895727438254534,-17.666666666666668
801970.SI,2019-02-28,0.22855758205516488,-26.333333333333332
801980.SI,2019-02-28,0.18415753663075596,-13.666666666666666
801010.SI,2019-03-29,0.17532433525045654,-4.333333333333333
801030.SI,2019-03-29,0.09625483422822857,-14.0
801040.SI,2019-03-29,0.01295763511161363,-25.0
801050.SI,2019-03-29,0.03009154391976776,-16.666666666666668
801080.SI,2019-03-29,0.07643800593428796,-28.333333333333332
801110.SI,2019-03-29,0.07773421267007395,-6.666666666666667
801120.SI,2019-03-29,0.16241734346883718,-8.0
801130.SI,2019-03-29,0.10844966594197049,-7.0
801140.SI,2019-03-29,0.14019971775563622,-14.666666666666666
801150.SI,2019-03-29,0.11042704916338607,-26.666666666666668
801160.SI,2019-03-29,0.05837826895168208,-10.0
801170.SI,2019-03-29,0.0763984366913002,-6.333333333333333
801180.SI,2019-03-29,0.1186188060720761,-19.333333333333332
801200.SI,2019-03-29,0.08174245484250031,-5.666666666666667
801210.SI,2019-03-29,0.12415932151249852,-4.333333333333333
801230.SI,2019-03-29,0.1396923679841271,-13.333333333333334
801710.SI,2019-03-29,0.1135052916142094,-20.0
801720.SI,2019-03-29,0.05014316706615629,-17.0
801730.SI,2019-03-29,0.07489645157723235,-14.0
801740.SI,2019-03-29,0.1077944520413765,-21.0
801750.SI,2019-03-29,0.14963330237936012,-17.333333333333332
801760.SI,2019-03-29,0.0597288906533664,-28.333333333333332
801770.SI,2019-03-29,0.056553934773646786,-16.333333333333332
801880.SI,2019-03-29,0.038978311928768994,-10.333333333333334
801890.SI,2019-03-29,0.09400805838156746,-21.666666666666668
801950.SI,2019-03-29,0.027742044443335168,-14.666666666666666
801960.SI,2019-03-29,0.05097750503241816,-11.666666666666666
801970.SI,2019-03-29,0.062034709970029356,-25.666666666666668
801980.SI,2019-03-29,0.11640956665136004,-6.666666666666667
801010.SI,2019-04-30,0.05834174089118993,-6.0
801030.SI,2019-04-30,-0.014245985260250229,-13.0
801040.SI,2019-04-30,-0.05351431404916207,-28.666666666666668
801050.SI,2019-04-30,-0.06389731977279756,-25.0
801080.SI,2019-04-30,-0.055358628610580496,-24.0
801110.SI,2019-04-30,0.05261210237495906,-2.3333333333333335
801120.SI,2019-04-30,0.06363477285371122,-4.333333333333333
801130.SI,2019-04-30,-0.05659919422418181,-10.0
801140.SI,2019-04-30,-0.06711008615296832,-26.666666666666668
801150.SI,2019-04-30,-0.019088436702751062,-10.666666666666666
801160.SI,2019-04-30,-0.03291403560951145,-11.333333333333334
801170.SI,2019-04-30,0.009452505317565139,-2.6666666666666665
801180.SI,2019-04-30,-0.039453475352711036,-15.333333333333334
801200.SI,2019-04-30,-0.014933241111102502,-10.333333333333334
801210.SI,2019-04-30,-0.013291308195868878,-6.0
801230.SI,2019-04-30,-0.05183485635103969,-23.666666666666668
801710.SI,2019-04-30,-0.028383126745973875,-25.666666666666668
801720.SI,2019-04-30,-0.05004838978061277,-15.666666666666666
801730.SI,2019-04-30,-0.050664658275271,-17.0
801740.SI,2019-04-30,-0.07320399686430334,-21.666666666666668
801750.SI,2019-04-30,-0.07319690532414236,-15.0
801760.SI,2019-04-30,-0.0764970688866462,-21.333333333333332
801770.SI,2019-04-30,-0.02313347995413617,-19.333333333333332
801880.SI,2019-04-30,0.019230070618197592,-1.0
801890.SI,2019-04-30,-0.046961009310390815,-16.666666666666668
801950.SI,2019-04-30,0.04149534207327443,-28.333333333333332
801960.SI,2019-04-30,-0.002505838269090454,-8.0
801970.SI,2019-04-30,-0.047921407713971235,-19.666666666666668
801980.SI,2019-04-30,-0.06131502146499335,-5.666666666666667
801010.SI,2019-05-31,-0.017237270595352294,-2.6666666666666665
801030.SI,2019-05-31,-0.09169967010416968,-11.333333333333334
801040.SI,2019-05-31,-0.07536980948039351,-28.0
801050.SI,2019-05-31,0.0227214900895838,-18.0
801080.SI,2019-05-31,-0.08365547185569422,-25.333333333333332
801110.SI,2019-05-31,-0.06319749772727057,-2.6666666666666665
801120.SI,2019-05-31,-0.043525769594295216,-5.333333333333333
801130.SI,2019-05-31,-0.0681865181052338,-18.666666666666668
801140.SI,2019-05-31,-0.07442756189610267,-21.333333333333332
801150.SI,2019-05-31,-0.07575499095013405,-13.0
801160.SI,2019-05-31,-0.04606085600559783,-5.333333333333333
801170.SI,2019-05-31,-0.06983148334561784,-5.0
801180.SI,2019-05-31,-0.07466490213304566,-14.666666666666666
801200.SI,2019-05-31,-0.08762926849733432,-10.0
801210.SI,2019-05-31,-0.057952008344947625,-6.0
801230.SI,2019-05-31,-0.06323475847684212,-19.666666666666668
801710.SI,2019-05-31,-0.04040349802067689,-26.0
801720.SI,2019-05-31,-0.08615449818393028,-18.333333333333332
801730.SI,2019-05-31,-0.058385299829157515,-11.0
801740.SI,2019-05-31,-0.015802917559006535,-26.666666666666668
801750.SI,2019-05-31,-0.056475368554878995,-22.0
801760.SI,2019-05-31,-0.09127411903200568,-15.0
801770.SI,2019-05-31,-0.08830364831938887,-22.333333333333332
801880.SI,2019-05-31,-0.10473419261444761,-7.333333333333333
801890.SI,2019-05-31,-0.056434780311812816,-15.333333333333334
801950.SI,2019-05-31,-0.0807575435741007,-29.0
801960.SI,2019-05-31,-0.07097718884782789,-5.333333333333333
801970.SI,2019-05-31,-0.08813687796555214,-23.666666666666668
801980.SI,2019-05-31,-0.047595906789956406,-6.0
801010.SI,2019-06-28,-0.08019696700944301,-5.0
801030.SI,2019-06-28,-0.005079643393008926,-12.0
801040.SI,2019-06-28,-0.007753737524484716,-26.666666666666668
801050.SI,2019-06-28,0.019289683375425918,-13.333333333333334
801080.SI,2019-06-28,0.03242469386910285,-24.666666666666668
801110.SI,2019-06-28,0.03997716378666771,-3.6666666666666665
801120.SI,2019-06-28,0.1024424876168708,-6.333333333333333
801130.SI,2019-06-28,-0.010880315936570462,-13.666666666666666
801140.SI,2019-06-28,-0.005247303384294577,-22.333333333333332
801150.SI,2019-06-28,0.018534391393525865,-20.333333333333332
801160.SI,2019-06-28,0.021326707810781942,-7.333333333333333
801170.SI,2019-06-28,0.024732978587155507,-3.3333333333333335
801180.SI,2019-06-28,0.009137189812683966,-22.666666666666668
801200.SI,2019-06-28,0.02141585028410109,-10.666666666666666
801210.SI,2019-06-28,0.08230331831210179,-1.3333333333333333
801230.SI,2019-06-28,0.000972246597162218,-17.333333333333332
801710.SI,2019-06-28,0.03319883583631489,-23.666666666666668
801720.SI,2019-06-28,0.013860445160184698,-15.333333333333334
801730.SI,2019-06-28,-0.013612953287116647,-6.666666666666667
801740.SI,2019-06-28,-0.000516430251579547,-27.333333333333332
801750.SI,2019-06-28,0.02271853965714654,-22.0
801760.SI,2019-06-28,0.003334390493308081,-16.666666666666668
801770.SI,2019-06-28,0.03528006956127916,-26.333333333333332
801880.SI,2019-06-28,0.008619870438820287,-3.3333333333333335
801890.SI,2019-06-28,0.01970193802577591,-18.666666666666668
801950.SI,2019-06-28,0.010518817328501795,-29.0
801960.SI,2019-06-28,-0.002999616189862331,-8.333333333333334
801970.SI,2019-06-28,0.08241109760244436,-17.0
801980.SI,2019-06-28,0.037090489603069036,-10.0
801010.SI,2019-07-31,0.0726529023733502,-8.333333333333334
801030.SI,2019-07-31,-0.001255614480014766,-14.666666666666666
801040.SI,2019-07-31,-0.053361478075997226,-21.333333333333332
801050.SI,2019-07-31,-0.05647004591098758,-18.666666666666668
801080.SI,2019-07-31,0.06965691041101096,-25.666666666666668
801110.SI,2019-07-31,0.009263358243814634,-7.666666666666667
801120.SI,2019-07-31,-0.02745227123702887,-6.0
801130.SI,2019-07-31,-0.03697535290874943,-4.666666666666667
801140.SI,2019-07-31,-0.027250933754609408,-9.333333333333334
801150.SI,2019-07-31,-0.0015306153829791611,-16.333333333333332
801160.SI,2019-07-31,-0.024270799341282512,-17.0
801170.SI,2019-07-31,-0.012125536797665482,-7.666666666666667
801180.SI,2019-07-31,-0.014915454202390821,-20.666666666666668
801200.SI,2019-07-31,-0.04311254213750315,-14.0
801210.SI,2019-07-31,0.010954932446097798,-5.666666666666667
801230.SI,2019-07-31,-0.03213913711637173,-14.666666666666666
801710.SI,2019-07-31,-0.037037578665251696,-13.0
801720.SI,2019-07-31,-0.02604579830017051,-19.666666666666668
801730.SI,2019-07-31,0.006315224273871767,-5.0
801740.SI,2019-07-31,0.049967171048855175,-22.0
801750.SI,2019-07-31,-0.013504078868769588,-15.333333333333334
801760.SI,2019-07-31,-0.02675965141128256,-19.333333333333332
801770.SI,2019-07-31,-0.03829134068446116,-24.666666666666668
801880.SI,2019-07-31,-0.01027834406588468,-14.0
801890.SI,2019-07-31,-0.003858624116716114,-15.666666666666666
801950.SI,2019-07-31,-0.01860993921184684,-23.666666666666668
801960.SI,2019-07-31,-0.04730465166848519,-10.666666666666666
801970.SI,2019-07-31,-0.07208339633291061,-26.666666666666668
801980.SI,2019-07-31,0.006591024893440878,-13.0
801010.SI,2019-08-30,0.008195292824519251,-6.0
801030.SI,2019-08-30,-0.02959461322403434,-9.333333333333334
801040.SI,2019-08-30,-0.05705137304137553,-24.0
801050.SI,2019-08-30,0.021223831766111312,-17.0
801080.SI,2019-08-30,0.043372164970337135,-16.666666666666668
801110.SI,2019-08-30,-0.017373828077956288,-10.666666666666666
801120.SI,2019-08-30,0.08980701979805117,-6.333333333333333
801130.SI,2019-08-30,-0.012378008373166938,-17.333333333333332
801140.SI,2019-08-30,-0.015891006501901558,-13.666666666666666
801150.SI,2019-08-30,0.06643294188374926,-12.666666666666666
801160.SI,2019-08-30,-0.024150299411969,-19.333333333333332
801170.SI,2019-08-30,-0.03274363339236919,-8.333333333333334
801180.SI,2019-08-30,-0.0669484680342538,-20.0
801200.SI,2019-08-30,-0.014420603844556124,-15.333333333333334
801210.SI,2019-08-30,0.0194912054789953,-6.0
801230.SI,2019-08-30,-0.011368721161848616,-14.666666666666666
801710.SI,2019-08-30,-0.035229114545717866,-9.333333333333334
801720.SI,2019-08-30,-0.05681879527226286,-18.0
801730.SI,2019-08-30,-0.013813126152094846,-15.333333333333334
801740.SI,2019-08-30,0.04558815907235614,-6.666666666666667
801750.SI,2019-08-30,0.03137076555953566,-14.666666666666666
801760.SI,2019-08-30,0.003056769350396449,-20.333333333333332
801770.SI,2019-08-30,-0.053209631307805205,-26.666666666666668
801880.SI,2019-08-30,-0.01572121309598573,-12.0
801890.SI,2019-08-30,-0.046136888978798085,-16.666666666666668
801950.SI,2019-08-30,-0.05148252944947762,-23.666666666666668
801960.SI,2019-08-30,-0.04798677724480226,-25.333333333333332
801970.SI,2019-08-30,-0.0425424352693502,-17.333333333333332
801980.SI,2019-08-30,0.029866793216486887,-11.666666666666666
801010.SI,2019-09-30,-0.08539762737767187,-5.0
801030.SI,2019-09-30,0.01837514981857491,-25.0
801040.SI,2019-09-30,-0.003318287379710294,-22.0
801050.SI,2019-09-30,-0.035030080775925176,-19.666666666666668
801080.SI,2019-09-30,0.07646555714794223,-9.333333333333334
801110.SI,2019-09-30,0.0020932147512333628,-14.0
801120.SI,2019-09-30,-0.02231287358465972,-3.6666666666666665
801130.SI,2019-09-30,0.007199895510599408,-14.333333333333334
801140.SI,2019-09-30,0.000971870683213804,-19.666666666666668
801150.SI,2019-09-30,-0.001264690691338166,-3.3333333333333335
801160.SI,2019-09-30,-0.010960732855652132,-14.666666666666666
801170.SI,2019-09-30,-0.0070983329288328845,-10.0
801180.SI,2019-09-30,0.01276952574723622,-15.666666666666666
801200.SI,2019-09-30,-0.011804033659721602,-19.666666666666668
801210.SI,2019-09-30,-0.013851675230046712,-8.0
801230.SI,2019-09-30,0.0026573248762262742,-15.333333333333334
801710.SI,2019-09-30,0.028539172331670137,-8.0
801720.SI,2019-09-30,0.00493358413142797,-15.333333333333334
801730.SI,2019-09-30,0.014309409577034415,-17.666666666666668
801740.SI,2019-09-30,-0.0692490075715495,-8.333333333333334
801750.SI,2019-09-30,0.035761912324928646,-6.666666666666667
801760.SI,2019-09-30,0.02034082694451933,-17.666666666666668
801770.SI,2019-09-30,0.054733393987037804,-26.666666666666668
801880.SI,2019-09-30,-0.016218197725313074,-19.0
801890.SI,2019-09-30,0.0296562885113254,-18.0
801950.SI,2019-09-30,-0.007318925314390823,-21.666666666666668
801960.SI,2019-09-30,0.026153436389018347,-24.0
801970.SI,2019-09-30,-0.012070577646532965,-13.666666666666666
801980.SI,2019-09-30,0.005734043666055566,-19.0
801010.SI,2019-10-31,0.12599159468908705,-7.333333333333333
801030.SI,2019-10-31,-0.009268180331325704,-9.0
801040.SI,2019-10-31,-0.023646652501450927,-28.333333333333332
801050.SI,2019-10-31,-0.04927537889757073,-17.666666666666668
801080.SI,2019-10-31,0.001794898611041206,-15.0
801110.SI,2019-10-31,0.04793539340088082,-9.0
801120.SI,2019-10-31,0.016530755054044333,-7.333333333333333
801130.SI,2019-10-31,-0.017172946912690112,-6.666666666666667
801140.SI,2019-10-31,0.023622534325771438,-15.0
801150.SI,2019-10-31,0.04652489916289304,-8.333333333333334
801160.SI,2019-10-31,-0.000811868454132835,-27.666666666666668
801170.SI,2019-10-31,-0.010035720717147756,-20.0
801180.SI,2019-10-31,0.020401098179292143,-23.333333333333332
801200.SI,2019-10-31,-0.008448196374029493,-23.666666666666668
801210.SI,2019-10-31,-0.019063722158095372,-4.666666666666667
801230.SI,2019-10-31,0.00884498657559174,-19.666666666666668
801710.SI,2019-10-31,0.013663870683567891,-14.0
801720.SI,2019-10-31,-0.0187461380180316,-23.0
801730.SI,2019-10-31,-0.02646982242646667,-11.333333333333334
801740.SI,2019-10-31,-0.04781094265153163,-8.333333333333334
801750.SI,2019-10-31,0.011391082388920282,-9.666666666666666
801760.SI,2019-10-31,0.02092279982191214,-9.333333333333334
801770.SI,2019-10-31,-0.019207872860157797,-20.666666666666668
801880.SI,2019-10-31,-0.014586417215437963,-8.333333333333334
801890.SI,2019-10-31,-0.020744902022799105,-22.0
801950.SI,2019-10-31,-0.02787217452442503,-25.333333333333332
801960.SI,2019-10-31,0.009248487632715909,-15.333333333333334
801970.SI,2019-10-31,-0.0014345150982603139,-11.0
801980.SI,2019-10-31,0.024117762480613925,-14.0
801010.SI,2019-11-29,-0.09574074497429941,-10.0
801030.SI,2019-11-29,-0.002386222550121108,-3.0
801040.SI,2019-11-29,0.022890957066246557,-11.666666666666666
801050.SI,2019-11-29,0.009260526344691213,-12.0
801080.SI,2019-11-29,0.03598073511564825,-7.333333333333333
801110.SI,2019-11-29,-0.012709634777214984,-10.666666666666666
801120.SI,2019-11-29,-0.025702650092582102,-7.666666666666667
801130.SI,2019-11-29,-0.0454517797282854,-13.0
801140.SI,2019-11-29,-0.01569197469394101,-8.333333333333334
801150.SI,2019-11-29,-0.02641620308578652,-6.666666666666667
801160.SI,2019-11-29,-0.020106642478452064,-28.0
801170.SI,2019-11-29,-0.02669638175242417,-14.666666666666666
801180.SI,2019-11-29,-0.012112150306816116,-23.666666666666668
801200.SI,2019-11-29,-0.04072173638964271,-18.333333333333332
801210.SI,2019-11-29,-0.04456016564030807,-15.333333333333334
801230.SI,2019-11-29,-0.007953927513417502,-21.666666666666668
801710.SI,2019-11-29,0.05261443885642114,-24.0
801720.SI,2019-11-29,-0.014476666973035623,-23.0
801730.SI,2019-11-29,0.016094393560016185,-6.333333333333333
801740.SI,2019-11-29,-0.017464485884235662,-5.0
801750.SI,2019-11-29,-0.02834906510527257,-18.333333333333332
801760.SI,2019-11-29,-0.011768627274122756,-9.333333333333334
801770.SI,2019-11-29,-0.042170238495357726,-14.0
801880.SI,2019-11-29,0.01834147424014998,-16.333333333333332
801890.SI,2019-11-29,-0.01283395715810487,-16.0
801950.SI,2019-11-29,-0.013122549121158733,-25.333333333333332
801960.SI,2019-11-29,-0.005210346095598228,-21.0
801970.SI,2019-11-29,-0.03324243808371996,-24.333333333333332
801980.SI,2019-11-29,-0.05939897279195194,-20.0
801010.SI,2019-12-31,0.016732663550122373,-13.666666666666666
801030.SI,2019-12-31,0.10161654740949899,-2.6666666666666665
801040.SI,2019-12-31,0.04960219043646252,-14.333333333333334
801050.SI,2019-12-31,0.1523348790506143,-9.666666666666666
801080.SI,2019-12-31,0.10541928630743236,-9.333333333333334
801110.SI,2019-12-31,0.10783650061926586,-8.333333333333334
801120.SI,2019-12-31,0.046139787510847796,-7.666666666666667
801130.SI,2019-12-31,0.08986099961356932,-7.666666666666667
801140.SI,2019-12-31,0.08205745600090264,-8.666666666666666
801150.SI,2019-12-31,0.04009607115372105,-10.666666666666666
801160.SI,2019-12-31,0.027567242970395478,-27.333333333333332
801170.SI,2019-12-31,0.06217853447839605,-13.666666666666666
801180.SI,2019-12-31,0.10461381888815956,-20.666666666666668
801200.SI,2019-12-31,0.04788723460372046,-21.666666666666668
801210.SI,2019-12-31,0.08249861641810474,-13.0
801230.SI,2019-12-31,0.10176595127889757,-21.0
801710.SI,2019-12-31,0.14385009462311515,-22.333333333333332
801720.SI,2019-12-31,0.05237597214330281,-22.0
801730.SI,2019-12-31,0.07995667770972426,-5.0
801740.SI,2019-12-31,0.05676325723741926,-7.666666666666667
801750.SI,2019-12-31,0.0768868162670342,-16.666666666666668
801760.SI,2019-12-31,0.11843387533056739,-10.333333333333334
801770.SI,2019-12-31,0.08227959192929223,-14.333333333333334
801880.SI,2019-12-31,0.08294737287774456,-18.333333333333332
801890.SI,2019-12-31,0.0886258141084195,-13.333333333333334
801950.SI,2019-12-31,0.05816161514011631,-26.666666666666668
801960.SI,2019-12-31,0.05057930688307932,-18.0
801970.SI,2019-12-31,0.031815296582943464,-25.333333333333332
801980.SI,2019-12-31,0.06162275567396347,-25.0
801010.SI,2020-01-23,-0.040178179022468674,-6.666666666666667
801030.SI,2020-01-23,-0.001497835208942977,-6.666666666666667
801040.SI,2020-01-23,-0.06120144462907574,-26.333333333333332
801050.SI,2020-01-23,-0.008364509819772104,-11.333333333333334
801080.SI,2020-01-23,0.13551536400071829,-7.666666666666667
801110.SI,2020-01-23,-0.026480644151920973,-13.666666666666666
801120.SI,2020-01-23,-0.05855432449859988,-15.666666666666666
801130.SI,2020-01-23,-0.01844338057724182,-14.0
801140.SI,2020-01-23,-0.0040542614739154095,-4.333333333333333
801150.SI,2020-01-23,0.046777633477324,-1.6666666666666667
801160.SI,2020-01-23,-0.03622597269631478,-21.0
801170.SI,2020-01-23,-0.06627485046212289,-20.0
801180.SI,2020-01-23,-0.06594483017296338,-23.0
801200.SI,2020-01-23,-0.03239443226497374,-24.666666666666668
801210.SI,2020-01-23,-0.08684093091836453,-25.333333333333332
801230.SI,2020-01-23,0.019784179538386404,-9.666666666666666
801710.SI,2020-01-23,-0.05904402222526805,-20.0
801720.SI,2020-01-23,-0.027047518075344668,-18.333333333333332
801730.SI,2020-01-23,0.05356791720939991,-5.333333333333333
801740.SI,2020-01-23,0.03156893115171111,-5.0
801750.SI,2020-01-23,0.07755699023594076,-9.0
801760.SI,2020-01-23,0.025929793330146333,-14.333333333333334
801770.SI,2020-01-23,0.014539469767003821,-28.333333333333332
801880.SI,2020-01-23,0.019810135578589568,-17.666666666666668
801890.SI,2020-01-23,-0.012083443150539663,-6.333333333333333
801950.SI,2020-01-23,-0.05792260525750715,-28.333333333333332
801960.SI,2020-01-23,-0.025905206842772865,-23.666666666666668
801970.SI,2020-01-23,0.008966569611433828,-17.333333333333332
801980.SI,2020-01-23,0.010319976698518696,-9.666666666666666
801010.SI,2020-02-28,0.08253698851885982,-9.333333333333334
801030.SI,2020-02-28,-0.001499207966057625,-6.333333333333333
801040.SI,2020-02-28,-0.04537815415022384,-23.666666666666668
801050.SI,2020-02-28,-0.024519472186926627,-16.666666666666668
801080.SI,2020-02-28,0.054083139410837644,-7.0
801110.SI,2020-02-28,-0.03145184720659955,-16.666666666666668
801120.SI,2020-02-28,-0.023899749799929704,-21.333333333333332
801130.SI,2020-02-28,0.023481249223102685,-12.0
801140.SI,2020-02-28,-0.020710168425177256,-17.333333333333332
801150.SI,2020-02-28,0.023450935113969562,-2.6666666666666665
801160.SI,2020-02-28,-0.027239663120234403,-17.666666666666668
801170.SI,2020-02-28,-0.05999340011111509,-27.0
801180.SI,2020-02-28,-0.019186251747818076,-24.0
801200.SI,2020-02-28,-0.03698560266161943,-22.666666666666668
801210.SI,2020-02-28,-0.03113456905055234,-25.666666666666668
801230.SI,2020-02-28,0.031983272584403144,-8.666666666666666
801710.SI,2020-02-28,0.07170492935068618,-23.0
801720.SI,2020-02-28,-0.017126305806948516,-16.333333333333332
801730.SI,2020-02-28,0.016875290345041538,-6.666666666666667
801740.SI,2020-02-28,0.008397606597554619,-5.333333333333333
801750.SI,2020-02-28,0.10623118532719378,-7.666666666666667
801760.SI,2020-02-28,0.01806823151721315,-12.0
801770.SI,2020-02-28,0.11069344489977763,-21.0
801880.SI,2020-02-28,0.017246596428063476,-7.0
801890.SI,2020-02-28,0.011554778856769364,-5.0
801950.SI,2020-02-28,-0.05299253870764387,-27.666666666666668
801960.SI,2020-02-28,-0.06717827379854835,-22.666666666666668
801970.SI,2020-02-28,0.012473832748839175,-13.0
801980.SI,2020-02-28,0.019583563826062852,-9.0
801010.SI,2020-03-31,0.1129329922009077,-4.333333333333333
801030.SI,2020-03-31,-0.08491479129110091,-15.666666666666666
801040.SI,2020-03-31,-0.01888143861379588,-28.333333333333332
801050.SI,2020-03-31,-0.10534238603913826,-24.0
801080.SI,2020-03-31,-0.2043017434443404,-6.666666666666667
801110.SI,2020-03-31,-0.1083769296921897,-21.0
801120.SI,2020-03-31,0.04260436761476338,-5.333333333333333
801130.SI,2020-03-31,-0.04005800325052178,-12.0
801140.SI,2020-03-31,-0.053435180053879365,-9.0
801150.SI,2020-03-31,0.011852589614746556,-6.0
801160.SI,2020-03-31,-0.016031994447594733,-23.0
801170.SI,2020-03-31,-0.03081743045764751,-25.0
801180.SI,2020-03-31,-0.06238866729540149,-24.0
801200.SI,2020-03-31,0.053899211874798514,-20.666666666666668
801210.SI,2020-03-31,-0.09644932597355972,-26.666666666666668
801230.SI,2020-03-31,-0.07329829749591077,-4.333333333333333
801710.SI,2020-03-31,0.0062969328162507665,-21.0
801720.SI,2020-03-31,0.0058542092271840485,-19.333333333333332
801730.SI,2020-03-31,-0.08053523985573563,-7.0
801740.SI,2020-03-31,-0.0845555606288727,-8.333333333333334
801750.SI,2020-03-31,-0.12820804488088944,-6.333333333333333
801760.SI,2020-03-31,-0.10820171490557406,-9.0
801770.SI,2020-03-31,-0.07926889505348311,-13.666666666666666
801880.SI,2020-03-31,-0.101277505014171,-11.666666666666666
801890.SI,2020-03-31,-0.06747215185980104,-16.333333333333332
801950.SI,2020-03-31,-0.048458169709725274,-25.666666666666668
801960.SI,2020-03-31,-0.08011829630531263,-22.333333333333332
801970.SI,2020-03-31,-0.04067857953031751,-14.333333333333334
801980.SI,2020-03-31,0.021790042486570016,-4.0
801010.SI,2020-04-30,-0.0033396713827863462,-11.666666666666666
801030.SI,2020-04-30,0.04716747415743594,-16.666666666666668
801040.SI,2020-04-30,0.028161779441565404,-11.666666666666666
801050.SI,2020-04-30,0.01973009112236124,-21.666666666666668
801080.SI,2020-04-30,0.11406341047100099,-3.0
801110.SI,2020-04-30,0.07652575455404785,-27.0
801120.SI,2020-04-30,0.08693154209563335,-14.0
801130.SI,2020-04-30,-0.0525045904133461,-20.666666666666668
801140.SI,2020-04-30,0.006947895534654913,-13.0
801150.SI,2020-04-30,0.054641345869613334,-4.666666666666667
801160.SI,2020-04-30,0.01929635479085201,-19.333333333333332
801170.SI,2020-04-30,0.03941827951422217,-28.0
801180.SI,2020-04-30,0.04214203035043185,-24.666666666666668
801200.SI,2020-04-30,0.005485889218284745,-20.333333333333332
801210.SI,2020-04-30,0.21705993477770424,-16.0
801230.SI,2020-04-30,0.02585532089436926,-9.333333333333334
801710.SI,2020-04-30,0.08590691178513833,-21.333333333333332
801720.SI,2020-04-30,0.005027038896383118,-17.666666666666668
801730.SI,2020-04-30,0.10004889781267812,-8.333333333333334
801740.SI,2020-04-30,0.07377948774307264,-11.0
801750.SI,2020-04-30,0.07545328076203983,-6.0
801760.SI,2020-04-30,0.055593214359471066,-4.0
801770.SI,2020-04-30,0.018364638553802104,-15.0
801880.SI,2020-04-30,0.011705125796225957,-17.666666666666668
801890.SI,2020-04-30,0.04950373926868146,-10.333333333333334
801950.SI,2020-04-30,-0.000189533262135443,-28.333333333333332
801960.SI,2020-04-30,0.00887132387154388,-20.666666666666668
801970.SI,2020-04-30,0.04025091908677925,-10.333333333333334
801980.SI,2020-04-30,0.09464180287565484,-2.6666666666666665
801010.SI,2020-05-29,-0.04392013735361533,-17.333333333333332
801030.SI,2020-05-29,0.01083856919170123,-24.333333333333332
801040.SI,2020-05-29,-0.016854374150035878,-9.666666666666666
801050.SI,2020-05-29,0.04106718225415351,-21.666666666666668
801080.SI,2020-05-29,-0.015405513494043732,-3.0
801110.SI,2020-05-29,0.06152902306308072,-16.0
801120.SI,2020-05-29,0.09096141180203766,-8.333333333333334
801130.SI,2020-05-29,-0.004551647126461389,-25.333333333333332
801140.SI,2020-05-29,0.062074286549106406,-12.666666666666666
801150.SI,2020-05-29,0.050325475716453516,-3.6666666666666665
801160.SI,2020-05-29,-0.021326008352768443,-14.666666666666666
801170.SI,2020-05-29,0.002097522857445355,-19.333333333333332
801180.SI,2020-05-29,-0.030988852952743007,-25.0
801200.SI,2020-05-29,0.07241853719645673,-19.666666666666668
801210.SI,2020-05-29,0.06667425213768996,-4.666666666666667
801230.SI,2020-05-29,0.006145099996424541,-13.0
801710.SI,2020-05-29,-0.016277773704536314,-28.0
801720.SI,2020-05-29,-0.03718288947849391,-18.666666666666668
801730.SI,2020-05-29,-0.007390178871276687,-8.0
801740.SI,2020-05-29,0.004276211892016768,-7.333333333333333
801750.SI,2020-05-29,-0.022712292245834157,-7.666666666666667
801760.SI,2020-05-29,0.024022445865293784,-10.333333333333334
801770.SI,2020-05-29,-0.058402601743333345,-20.666666666666668
801880.SI,2020-05-29,-0.001918590733253178,-17.666666666666668
801890.SI,2020-05-29,0.011450419915679078,-9.0
801950.SI,2020-05-29,0.001234575216964684,-26.333333333333332
801960.SI,2020-05-29,-0.036091496024608476,-20.666666666666668
801970.SI,2020-05-29,-0.024594664999771698,-17.0
801980.SI,2020-05-29,0.16809915943526144,-5.333333333333333
801010.SI,2020-06-30,0.06119190066503899,-19.666666666666668
801030.SI,2020-06-30,0.06463189564119665,-14.333333333333334
801040.SI,2020-06-30,0.011530415267716032,-13.666666666666666
801050.SI,2020-06-30,0.046723031478127064,-26.666666666666668
801080.SI,2020-06-30,0.19180460490664,-3.0
801110.SI,2020-06-30,0.02413168901210927,-19.333333333333332
801120.SI,2020-06-30,0.08597532132586183,-10.666666666666666
801130.SI,2020-06-30,0.03439357836150503,-27.333333333333332
801140.SI,2020-06-30,0.035112652595626244,-8.333333333333334
801150.SI,2020-06-30,0.16865382287780162,-5.333333333333333
801160.SI,2020-06-30,0.02602050038669024,-15.333333333333334
801170.SI,2020-06-30,0.014206450687892946,-21.333333333333332
801180.SI,2020-06-30,0.04622068237177168,-27.333333333333332
801200.SI,2020-06-30,0.09098693823084948,-16.666666666666668
801210.SI,2020-06-30,0.25338308895036743,-7.333333333333333
801230.SI,2020-06-30,0.06965612280842448,-5.0
801710.SI,2020-06-30,-0.011085111805368086,-20.0
801720.SI,2020-06-30,-0.008313968912960656,-21.666666666666668
801730.SI,2020-06-30,0.1075759077815006,-8.333333333333334
801740.SI,2020-06-30,0.029314829209925675,-8.333333333333334
801750.SI,2020-06-30,0.11458248659205751,-8.0
801760.SI,2020-06-30,0.16554905337253856,-6.0
801770.SI,2020-06-30,0.07813453373601487,-19.666666666666668
801880.SI,2020-06-30,0.06464964665469353,-17.333333333333332
801890.SI,2020-06-30,0.062186255920371414,-11.333333333333334
801950.SI,2020-06-30,-0.004462673347784718,-26.666666666666668
801960.SI,2020-06-30,0.010685729989382995,-19.0
801970.SI,2020-06-30,0.015539325998394471,-18.333333333333332
801980.SI,2020-06-30,0.12125616230181867,-9.0
801010.SI,2020-07-31,0.16252809989410189,-20.666666666666668
801030.SI,2020-07-31,0.18226239434393782,-18.333333333333332
801040.SI,2020-07-31,0.05658620817254634,-17.0
801050.SI,2020-07-31,0.2029280428518117,-23.333333333333332
801080.SI,2020-07-31,0.10815985870405755,-14.333333333333334
801110.SI,2020-07-31,0.10850896611363116,-11.333333333333334
801120.SI,2020-07-31,0.17308278426685142,-3.6666666666666665
801130.SI,2020-07-31,0.057824348514239565,-23.666666666666668
801140.SI,2020-07-31,0.15251040496659063,-23.666666666666668
801150.SI,2020-07-31,0.15635283863546134,-1.3333333333333333
801160.SI,2020-07-31,0.09167443030856391,-14.333333333333334
801170.SI,2020-07-31,0.08298222872986717,-16.0
801180.SI,2020-07-31,0.07528251304495615,-21.333333333333332
801200.SI,2020-07-31,0.10871860744724524,-4.333333333333333
801210.SI,2020-07-31,0.41371825823636543,-3.6666666666666665
801230.SI,2020-07-31,0.12020267977240673,-14.666666666666666
801710.SI,2020-07-31,0.23923456305023127,-26.333333333333332
801720.SI,2020-07-31,0.10744464142164899,-27.666666666666668
801730.SI,2020-07-31,0.21162829057585308,-6.666666666666667
801740.SI,2020-07-31,0.2777509659676143,-9.666666666666666
801750.SI,2020-07-31,0.06441637949085899,-9.666666666666666
801760.SI,2020-07-31,0.07454033022720341,-13.333333333333334
801770.SI,2020-07-31,0.03281397970864508,-14.333333333333334
801880.SI,2020-07-31,0.14226427186548962,-12.333333333333334
801890.SI,2020-07-31,0.12556649612760373,-16.666666666666668
801950.SI,2020-07-31,0.1273664746999219,-25.0
801960.SI,2020-07-31,0.12837367682712664,-16.666666666666668
801970.SI,2020-07-31,0.11129036637501111,-22.0
801980.SI,2020-07-31,0.07610356343512725,-3.0
801010.SI,2020-08-31,0.05015106360082977,-21.0
801030.SI,2020-08-31,0.04097947344054331,-16.333333333333332
801040.SI,2020-08-31,0.020042039714193605,-20.0
801050.SI,2020-08-31,-0.01034293610317727,-26.333333333333332
801080.SI,2020-08-31,-0.013531192605517273,-9.666666666666666
801110.SI,2020-08-31,0.0065521688833740654,-12.333333333333334
801120.SI,2020-08-31,0.12027206956441391,-6.666666666666667
801130.SI,2020-08-31,0.022336813548067047,-17.666666666666668
801140.SI,2020-08-31,0.047916629215721596,-24.666666666666668
801150.SI,2020-08-31,-0.02757162762775089,-1.0
801160.SI,2020-08-31,0.031002453966914034,-9.0
801170.SI,2020-08-31,0.053194230173296164,-14.0
801180.SI,2020-08-31,0.016396095293204516,-24.666666666666668
801200.SI,2020-08-31,-0.05145335405907181,-12.333333333333334
801210.SI,2020-08-31,-0.08790119363588722,-6.0
801230.SI,2020-08-31,0.022376077624008284,-15.666666666666666
801710.SI,2020-08-31,0.01935669559736453,-27.666666666666668
801720.SI,2020-08-31,0.036017172534390074,-23.666666666666668
801730.SI,2020-08-31,0.017784615867852738,-10.0
801740.SI,2020-08-31,0.0692645744160374,-11.0
801750.SI,2020-08-31,-0.0027126102285190963,-8.333333333333334
801760.SI,2020-08-31,0.02984590711016133,-8.666666666666666
801770.SI,2020-08-31,-0.008606709809652946,-10.333333333333334
801880.SI,2020-08-31,0.04982998270608063,-9.0
801890.SI,2020-08-31,0.04892170582671418,-22.0
801950.SI,2020-08-31,0.000544776424012738,-28.0
801960.SI,2020-08-31,0.07386889132892427,-21.0
801970.SI,2020-08-31,0.06302354728668935,-13.666666666666666
801980.SI,2020-08-31,-0.02187987100839361,-4.333333333333333
801010.SI,2020-09-30,-0.17295054949960964,-18.333333333333332
801030.SI,2020-09-30,-0.06004511478459874,-17.666666666666668
801040.SI,2020-09-30,-0.03541943804434278,-11.0
801050.SI,2020-09-30,-0.0965050137313922,-26.333333333333332
801080.SI,2020-09-30,-0.060994552359112664,-8.666666666666666
801110.SI,2020-09-30,-0.018235417238764984,-11.0
801120.SI,2020-09-30,-0.09153005578624883,-14.333333333333334
801130.SI,2020-09-30,-0.056356409830123806,-12.0
801140.SI,2020-09-30,-0.08446517000632214,-21.666666666666668
801150.SI,2020-09-30,-0.0846503151959932,-1.0
801160.SI,2020-09-30,-0.05974794812184337,-18.666666666666668
801170.SI,2020-09-30,-0.058254001403207356,-13.666666666666666
801180.SI,2020-09-30,-0.0460421587759895,-22.333333333333332
801200.SI,2020-09-30,-0.08169773092182876,-11.333333333333334
801210.SI,2020-09-30,0.03151812855870961,-5.0
801230.SI,2020-09-30,-0.10727879029248699,-17.666666666666668
801710.SI,2020-09-30,-0.09247952574815056,-25.666666666666668
801720.SI,2020-09-30,-0.07365357749274004,-22.666666666666668
801730.SI,2020-09-30,0.021562385812986307,-8.333333333333334
801740.SI,2020-09-30,-0.04834031563174479,-10.666666666666666
801750.SI,2020-09-30,-0.0883907939305917,-7.333333333333333
801760.SI,2020-09-30,-0.08062310029970643,-8.0
801770.SI,2020-09-30,-0.10241926601184816,-13.0
801880.SI,2020-09-30,0.011186503716237306,-10.666666666666666
801890.SI,2020-09-30,-0.0414853308551365,-26.333333333333332
801950.SI,2020-09-30,-0.03029629867277084,-27.666666666666668
801960.SI,2020-09-30,-0.08221383684647933,-22.0
801970.SI,2020-09-30,-0.09477314405924508,-17.0
801980.SI,2020-09-30,-0.08724902589775496,-5.0
801010.SI,2020-10-30,-0.04619157720253863,-28.666666666666668
801030.SI,2020-10-30,0.027503900037702863,-6.0
801040.SI,2020-10-30,0.01705808088131211,-18.333333333333332
801050.SI,2020-10-30,0.01914636146534665,-19.0
801080.SI,2020-10-30,0.01399980989907368,-13.333333333333334
801110.SI,2020-10-30,0.07284632305674066,-9.0
801120.SI,2020-10-30,0.04179316565632929,-6.333333333333333
801130.SI,2020-10-30,0.021657911991536105,-13.666666666666666
801140.SI,2020-10-30,0.021616450131455744,-9.0
801150.SI,2020-10-30,0.023403369314218825,-6.0
801160.SI,2020-10-30,-0.013612984140588091,-21.333333333333332
801170.SI,2020-10-30,-0.02042861546688024,-10.0
801180.SI,2020-10-30,-0.04410662372277763,-19.333333333333332
801200.SI,2020-10-30,-0.01883480027355133,-15.333333333333334
801210.SI,2020-10-30,-0.09195152619720393,-4.333333333333333
801230.SI,2020-10-30,0.0188765680424543,-24.0
801710.SI,2020-10-30,-0.020592497902100937,-23.0
801720.SI,2020-10-30,-0.006554256155753668,-24.333333333333332
801730.SI,2020-10-30,0.06491710480022417,-7.333333333333333
801740.SI,2020-10-30,-0.04226398790024288,-12.666666666666666
801750.SI,2020-10-30,-0.030248071078042612,-20.666666666666668
801760.SI,2020-10-30,-0.028502622696065072,-20.333333333333332
801770.SI,2020-10-30,-0.0260257913320594,-25.333333333333332
801880.SI,2020-10-30,0.11579287862640708,-5.666666666666667
801890.SI,2020-10-30,0.016335737841824516,-7.0
801950.SI,2020-10-30,0.002005864269085,-23.666666666666668
801960.SI,2020-10-30,0.015129289833633486,-11.0
801970.SI,2020-10-30,-0.020605048867369247,-20.666666666666668
801980.SI,2020-10-30,0.056817597425014243,-9.666666666666666
801010.SI,2020-11-30,0.03108285919266085,-28.0
801030.SI,2020-11-30,0.0762287306509748,-6.333333333333333
801040.SI,2020-11-30,0.10936126543769407,-19.333333333333332
801050.SI,2020-11-30,0.20517631629556532,-11.0
801080.SI,2020-11-30,0.040225142696643124,-14.333333333333334
801110.SI,2020-11-30,0.08776180732576844,-9.0
801120.SI,2020-11-30,0.023117927316688824,-3.3333333333333335
801130.SI,2020-11-30,0.0014168685157427419,-11.666666666666666
801140.SI,2020-11-30,0.02492971704341329,-9.333333333333334
801150.SI,2020-11-30,-0.0661881016769944,-6.333333333333333
801160.SI,2020-11-30,0.03687186371179707,-21.0
801170.SI,2020-11-30,0.07453217054802352,-10.0
801180.SI,2020-11-30,0.060955011715042584,-19.666666666666668
801200.SI,2020-11-30,-0.011534349513658393,-16.0
801210.SI,2020-11-30,0.0156870148219872,-6.333333333333333
801230.SI,2020-11-30,-0.007461716140014674,-25.0
801710.SI,2020-11-30,0.04812337677723577,-23.666666666666668
801720.SI,2020-11-30,0.023337122593420023,-24.666666666666668
801730.SI,2020-11-30,0.015496317561019437,-9.333333333333334
801740.SI,2020-11-30,0.08043900507844759,-11.666666666666666
801750.SI,2020-11-30,-0.02639789359443656,-21.333333333333332
801760.SI,2020-11-30,-0.020832302250914703,-25.0
801770.SI,2020-11-30,0.02283548128622304,-26.333333333333332
801880.SI,2020-11-30,0.08010350651643548,-6.333333333333333
801890.SI,2020-11-30,0.0483345099761463,-8.666666666666666
801950.SI,2020-11-30,0.15416210494899651,-21.666666666666668
801960.SI,2020-11-30,0.16485583047921715,-6.0
801970.SI,2020-11-30,-0.0030805820900868808,-22.0
801980.SI,2020-11-30,-0.022165199793872103,-11.666666666666666
801010.SI,2020-12-31,0.01879669308326215,-28.0
801030.SI,2020-12-31,0.02594221474138081,-4.333333333333333
801040.SI,2020-12-31,-0.0060718887697784885,-19.333333333333332
801050.SI,2020-12-31,0.061074014396380605,-18.666666666666668
801080.SI,2020-12-31,0.009346951919901205,-16.666666666666668
801110.SI,2020-12-31,0.04311692851321425,-8.0
801120.SI,2020-12-31,0.18013564301999074,-5.333333333333333
801130.SI,2020-12-31,-0.05394199738854044,-12.0
801140.SI,2020-12-31,-0.022334311750542568,-9.666666666666666
801150.SI,2020-12-31,0.09500439920616907,-7.0
801160.SI,2020-12-31,-0.011945153658201256,-19.0
801170.SI,2020-12-31,-0.013453960601488069,-9.0
801180.SI,2020-12-31,-0.07130680760856734,-19.666666666666668
801200.SI,2020-12-31,-0.07820496600365201,-14.666666666666666
801210.SI,2020-12-31,0.24978966386215126,-1.6666666666666667
801230.SI,2020-12-31,0.016619352407754695,-23.333333333333332
801710.SI,2020-12-31,-0.01876950438679792,-25.666666666666668
801720.SI,2020-12-31,-0.07739759406130642,-24.333333333333332
801730.SI,2020-12-31,0.19926716361399888,-7.0
801740.SI,2020-12-31,0.10904354714122189,-11.333333333333334
801750.SI,2020-12-31,-0.012891932975685694,-20.666666666666668
801760.SI,2020-12-31,-0.04979588810018232,-24.333333333333332
801770.SI,2020-12-31,-0.06675742307596322,-27.333333333333332
801880.SI,2020-12-31,-0.004323690243025924,-4.333333333333333
801890.SI,2020-12-31,0.03515855864298745,-7.666666666666667
801950.SI,2020-12-31,0.00010935976535209001,-19.333333333333332
801960.SI,2020-12-31,-0.011708089671401023,-14.666666666666666
801970.SI,2020-12-31,-0.06508138649628314,-21.333333333333332
801980.SI,2020-12-31,0.05366915843158315,-10.666666666666666
801010.SI,2021-01-29,0.0034079707821743632,-27.333333333333332
801030.SI,2021-01-29,0.06649475324174237,-6.333333333333333
801040.SI,2021-01-29,0.001017449851380414,-15.333333333333334
801050.SI,2021-01-29,0.03949045366744319,-12.0
801080.SI,2021-01-29,0.013857153850300064,-3.6666666666666665
801110.SI,2021-01-29,-0.030981974404062806,-4.666666666666667
801120.SI,2021-01-29,0.01430123262600258,-19.666666666666668
801130.SI,2021-01-29,-0.0750494996184018,-19.666666666666668
801140.SI,2021-01-29,0.02759212946068712,-9.666666666666666
801150.SI,2021-01-29,0.0053723826551865805,-19.0
801160.SI,2021-01-29,-0.04862660343236424,-22.0
801170.SI,2021-01-29,-0.009564816399966536,-14.666666666666666
801180.SI,2021-01-29,-0.06836075889116366,-19.666666666666668
801200.SI,2021-01-29,-0.07983109420874568,-26.333333333333332
801210.SI,2021-01-29,0.011961287607808124,-7.0
801230.SI,2021-01-29,-0.03945212863329473,-5.666666666666667
801710.SI,2021-01-29,0.01226071915717908,-25.333333333333332
801720.SI,2021-01-29,-0.04012662820293834,-26.666666666666668
801730.SI,2021-01-29,0.05740045347463929,-6.333333333333333
801740.SI,2021-01-29,-0.1019957687630062,-10.0
801750.SI,2021-01-29,-0.047857069032725456,-6.0
801760.SI,2021-01-29,-0.000617764608151549,-10.333333333333334
801770.SI,2021-01-29,-0.07299755983070888,-26.0
801880.SI,2021-01-29,0.025618983972163445,-8.333333333333334
801890.SI,2021-01-29,0.013694399896601483,-16.666666666666668
801950.SI,2021-01-29,-0.06404514005898077,-15.666666666666666
801960.SI,2021-01-29,0.10191877309233256,-6.333333333333333
801970.SI,2021-01-29,-0.07353547474394839,-27.333333333333332
801980.SI,2021-01-29,0.054974717346482294,-17.333333333333332
801010.SI,2021-02-26,0.08316789335494225,-28.0
801030.SI,2021-02-26,0.043055138960656825,-7.333333333333333
801040.SI,2021-02-26,0.08362280353407957,-11.333333333333334
801050.SI,2021-02-26,0.06694635291795081,-2.6666666666666665
801080.SI,2021-02-26,-0.034134644084780064,-2.6666666666666665
801110.SI,2021-02-26,-0.015331374658860586,-1.6666666666666667
801120.SI,2021-02-26,-0.05036359889952058,-15.666666666666666
801130.SI,2021-02-26,0.03724199960763341,-19.0
801140.SI,2021-02-26,0.01672824562877251,-8.666666666666666
801150.SI,2021-02-26,-0.015951159984465724,-18.333333333333332
801160.SI,2021-02-26,0.017963790486675624,-21.333333333333332
801170.SI,2021-02-26,0.01690685467753572,-9.333333333333334
801180.SI,2021-02-26,0.10326536800277421,-17.0
801200.SI,2021-02-26,0.03125321808002401,-25.0
801210.SI,2021-02-26,0.06855447851921626,-7.666666666666667
801230.SI,2021-02-26,0.001957353586231836,-22.666666666666668
801710.SI,2021-02-26,0.03657635253178393,-24.666666666666668
801720.SI,2021-02-26,0.05878532292344407,-27.333333333333332
801730.SI,2021-02-26,-0.06028037814674647,-5.666666666666667
801740.SI,2021-02-26,-0.015821628489931402,-16.0
801750.SI,2021-02-26,-0.017256584408063325,-14.0
801760.SI,2021-02-26,-0.03917190354861877,-10.0
801770.SI,2021-02-26,0.013662602205630314,-25.333333333333332
801880.SI,2021-02-26,-0.05147142903844248,-9.0
801890.SI,2021-02-26,0.01450586672681431,-15.666666666666666
801950.SI,2021-02-26,0.04435933545219428,-17.0
801960.SI,2021-02-26,0.08008160226539672,-6.333333333333333
801970.SI,2021-02-26,0.08639197812610666,-28.0
801980.SI,2021-02-26,0.01718328171129757,-17.666666666666668
801010.SI,2021-03-31,-0.07569793120529711,-27.333333333333332
801030.SI,2021-03-31,-0.06514107363886434,-12.666666666666666
801040.SI,2021-03-31,0.06639437581761043,-14.666666666666666
801050.SI,2021-03-31,-0.10217547603092711,-8.666666666666666
801080.SI,2021-03-31,-0.058038069840102846,-4.0
801110.SI,2021-03-31,-0.03287230308591538,-2.3333333333333335
801120.SI,2021-03-31,-0.04351805437677769,-16.333333333333332
801130.SI,2021-03-31,0.05511951493618916,-15.333333333333334
801140.SI,2021-03-31,0.01860359921345767,-8.0
801150.SI,2021-03-31,-0.030076639014349982,-15.0
801160.SI,2021-03-31,0.15135085046165764,-19.666666666666668
801170.SI,2021-03-31,-0.001478017035018264,-11.666666666666666
801180.SI,2021-03-31,-0.03914620745269759,-23.666666666666668
801200.SI,2021-03-31,0.009031874939074314,-27.0
801210.SI,2021-03-31,0.017435748542277807,-6.0
801230.SI,2021-03-31,0.041097492524879264,-7.666666666666667
801710.SI,2021-03-31,0.010187492498777262,-25.666666666666668
801720.SI,2021-03-31,0.05875189356141086,-28.0
801730.SI,2021-03-31,-0.046233579905703086,-5.0
801740.SI,2021-03-31,-0.08657508347256437,-11.333333333333334
801750.SI,2021-03-31,-0.027744113933798387,-12.333333333333334
801760.SI,2021-03-31,-0.04688867010046982,-10.0
801770.SI,2021-03-31,-0.057406451942775154,-20.0
801880.SI,2021-03-31,-0.05903971212797165,-1.3333333333333333
801890.SI,2021-03-31,-0.025379689530487526,-18.333333333333332
801950.SI,2021-03-31,0.06512810472282005,-20.0
801960.SI,2021-03-31,-0.09121831563273297,-16.333333333333332
801970.SI,2021-03-31,0.10225883076198204,-26.666666666666668
801980.SI,2021-03-31,-0.004390424015444982,-20.0
801010.SI,2021-04-30,0.0009949083485962789,-23.333333333333332
801030.SI,2021-04-30,0.036273146840805286,-7.0
801040.SI,2021-04-30,0.08840313686976176,-10.0
801050.SI,2021-04-30,0.0901514605722744,-12.0
801080.SI,2021-04-30,0.06195053101212289,-8.666666666666666
801110.SI,2021-04-30,-0.00771839924166029,-10.666666666666666
801120.SI,2021-04-30,0.059807064398106125,-11.0
801130.SI,2021-04-30,0.01195989256108998,-17.0
801140.SI,2021-04-30,0.017756332816108774,-23.333333333333332
801150.SI,2021-04-30,0.10975310776754622,-5.666666666666667
801160.SI,2021-04-30,-0.08959220481772977,-23.0
801170.SI,2021-04-30,-0.026836917860063814,-23.333333333333332
801180.SI,2021-04-30,-0.015430150758004024,-24.666666666666668
801200.SI,2021-04-30,-0.011772615448965462,-16.666666666666668
801210.SI,2021-04-30,0.01325760354414074,-4.666666666666667
801230.SI,2021-04-30,0.04242416862774445,-13.666666666666666
801710.SI,2021-04-30,0.011314744251337494,-16.666666666666668
801720.SI,2021-04-30,-0.051952086450470336,-24.0
801730.SI,2021-04-30,0.06885285045830236,-3.0
801740.SI,2021-04-30,-0.040725484467764354,-5.0
801750.SI,2021-04-30,-0.02056727200751407,-13.666666666666666
801760.SI,2021-04-30,0.020695064244237404,-23.333333333333332
801770.SI,2021-04-30,-0.03595689488633147,-27.0
801880.SI,2021-04-30,0.032082767908907524,-5.0
801890.SI,2021-04-30,-0.013754391585746428,-17.0
801950.SI,2021-04-30,0.05927132858834194,-16.333333333333332
801960.SI,2021-04-30,-0.001062726424469362,-15.333333333333334
801970.SI,2021-04-30,-0.08106239258726544,-26.333333333333332
801980.SI,2021-04-30,0.22823443065947083,-7.666666666666667
801010.SI,2021-05-31,-0.04682951489860399,-20.0
801030.SI,2021-05-31,0.06927824510806557,-8.333333333333334
801040.SI,2021-05-31,-0.008736845177259256,-13.0
801050.SI,2021-05-31,0.08397117948043409,-8.0
801080.SI,2021-05-31,0.02088992709019588,-7.333333333333333
801110.SI,2021-05-31,-0.013748941103117862,-10.0
801120.SI,2021-05-31,0.09242137615392852,-13.666666666666666
801130.SI,2021-05-31,0.03659975419395134,-15.666666666666666
801140.SI,2021-05-31,0.00829578720791746,-25.0
801150.SI,2021-05-31,0.029721388267382576,-5.666666666666667
801160.SI,2021-05-31,0.04599031823956135,-22.0
801170.SI,2021-05-31,0.03048082114216677,-24.0
801180.SI,2021-05-31,0.017841654202065182,-25.0
801200.SI,2021-05-31,0.06662905120892049,-16.333333333333332
801210.SI,2021-05-31,0.0335215968982372,-5.0
801230.SI,2021-05-31,0.026320470618363512,-11.0
801710.SI,2021-05-31,0.022713715144577984,-19.0
801720.SI,2021-05-31,0.002309702092328169,-23.666666666666668
801730.SI,2021-05-31,0.07708320463579987,-3.0
801740.SI,2021-05-31,0.1306521488918857,-3.3333333333333335
801750.SI,2021-05-31,0.08318406947782207,-18.333333333333332
801760.SI,2021-05-31,0.02738553516666764,-26.333333333333332
801770.SI,2021-05-31,0.06911618272855646,-26.333333333333332
801880.SI,2021-05-31,0.057154277836257705,-4.333333333333333
801890.SI,2021-05-31,0.024296403182979542,-18.666666666666668
801950.SI,2021-05-31,0.03884343979352578,-15.0
801960.SI,2021-05-31,0.013356955508527779,-14.333333333333334
801970.SI,2021-05-31,0.03081870026415645,-24.666666666666668
801980.SI,2021-05-31,0.05753762815559771,-8.0
801010.SI,2021-06-30,-0.037116369139951866,-21.333333333333332
801030.SI,2021-06-30,0.05375564300350644,-5.0
801040.SI,2021-06-30,-0.009370651817082189,-13.666666666666666
801050.SI,2021-06-30,-0.04368133041233091,-11.666666666666666
801080.SI,2021-06-30,0.11832980800568871,-6.0
801110.SI,2021-06-30,-0.06528081617380688,-11.666666666666666
801120.SI,2021-06-30,-0.05638194287976983,-12.333333333333334
801130.SI,2021-06-30,0.019606078197916158,-17.0
801140.SI,2021-06-30,-0.030561436640684114,-28.666666666666668
801150.SI,2021-06-30,-0.002751849145538498,-6.333333333333333
801160.SI,2021-06-30,-0.008635876482584015,-21.333333333333332
801170.SI,2021-06-30,0.010193754197286076,-22.0
801180.SI,2021-06-30,-0.08067149397225204,-25.333333333333332
801200.SI,2021-06-30,-0.050477547939708156,-18.0
801210.SI,2021-06-30,-0.08674667151679971,-4.333333333333333
801230.SI,2021-06-30,0.0989269415360836,-13.333333333333334
801710.SI,2021-06-30,-0.06743362429957656,-22.666666666666668
801720.SI,2021-06-30,0.005368813994616861,-23.333333333333332
801730.SI,2021-06-30,0.13560301914165795,-3.6666666666666665
801740.SI,2021-06-30,0.01070929695936962,-3.3333333333333335
801750.SI,2021-06-30,0.033473250927339444,-14.333333333333334
801760.SI,2021-06-30,-0.03518146847634207,-26.666666666666668
801770.SI,2021-06-30,0.03151170718833285,-23.333333333333332
801880.SI,2021-06-30,0.09039481029781848,-4.333333333333333
801890.SI,2021-06-30,0.023141210824797254,-18.333333333333332
801950.SI,2021-06-30,0.02545747465771986,-15.333333333333334
801960.SI,2021-06-30,0.03888107474324376,-10.0
801970.SI,2021-06-30,-0.02420725179130956,-24.666666666666668
801980.SI,2021-06-30,-0.00632377435275111,-7.0
801010.SI,2021-07-30,-0.14252146157325774,-22.333333333333332
801030.SI,2021-07-30,0.05147549548098995,-10.333333333333334
801040.SI,2021-07-30,0.1758361348071551,-5.0
801050.SI,2021-07-30,0.2739452601299639,-9.666666666666666
801080.SI,2021-07-30,0.03992383873770011,-1.0
801110.SI,2021-07-30,-0.09178321488203922,-8.666666666666666
801120.SI,2021-07-30,-0.19213202315125064,-7.333333333333333
801130.SI,2021-07-30,-0.09326545726271307,-25.666666666666668
801140.SI,2021-07-30,-0.0711595328721989,-25.333333333333332
801150.SI,2021-07-30,-0.0998532874659498,-13.666666666666666
801160.SI,2021-07-30,-0.032120058290384,-23.333333333333332
801170.SI,2021-07-30,-0.11710185686125939,-17.333333333333332
801180.SI,2021-07-30,-0.11811163706875061,-25.333333333333332
801200.SI,2021-07-30,-0.059779022385767606,-26.333333333333332
801210.SI,2021-07-30,-0.19738858263971804,-16.0
801230.SI,2021-07-30,-0.038860629649333456,-15.0
801710.SI,2021-07-30,-0.05829169359905883,-25.333333333333332
801720.SI,2021-07-30,-0.006337875058376241,-22.333333333333332
801730.SI,2021-07-30,0.10728695934482468,-5.0
801740.SI,2021-07-30,0.033151571907708684,-5.0
801750.SI,2021-07-30,-0.04315055982972272,-12.333333333333334
801760.SI,2021-07-30,-0.11902862018098592,-18.333333333333332
801770.SI,2021-07-30,0.04548254008147867,-18.333333333333332
801880.SI,2021-07-30,-0.0044370325048463935,-3.6666666666666665
801890.SI,2021-07-30,0.02104375291030069,-20.333333333333332
801950.SI,2021-07-30,0.016520310545121042,-7.333333333333333
801960.SI,2021-07-30,0.01563853122565595,-10.333333333333334
801970.SI,2021-07-30,0.002786202327830445,-27.333333333333332
801980.SI,2021-07-30,-0.1988946856936912,-7.0
801010.SI,2021-08-31,-0.004635411576606851,-25.666666666666668
801030.SI,2021-08-31,0.12467870520397174,-4.333333333333333
801040.SI,2021-08-31,0.175793573499432,-10.666666666666666
801050.SI,2021-08-31,0.18028324693180742,-2.3333333333333335
801080.SI,2021-08-31,-0.06957664014802256,-9.0
801110.SI,2021-08-31,-0.00031634210344178,-20.0
801120.SI,2021-08-31,-0.0427575925435586,-9.333333333333334
801130.SI,2021-08-31,0.0288252049652451,-15.0
801140.SI,2021-08-31,0.0511921115946119,-23.0
801150.SI,2021-08-31,-0.08643093801870039,-19.333333333333332
801160.SI,2021-08-31,0.11604264559304324,-26.0
801170.SI,2021-08-31,0.07305337935554324,-13.333333333333334
801180.SI,2021-08-31,0.050289338974987885,-26.666666666666668
801200.SI,2021-08-31,0.04774032485866053,-25.666666666666668
801210.SI,2021-08-31,0.008855124273319692,-10.666666666666666
801230.SI,2021-08-31,0.10581969424314307,-6.666666666666667
801710.SI,2021-08-31,0.09015058317048895,-24.0
801720.SI,2021-08-31,0.0923000376679326,-21.333333333333332
801730.SI,2021-08-31,0.05375779536504144,-7.333333333333333
801740.SI,2021-08-31,0.16409028050210783,-2.6666666666666665
801750.SI,2021-08-31,-0.015937812643907368,-16.666666666666668
801760.SI,2021-08-31,-0.004407794483919813,-18.666666666666668
801770.SI,2021-08-31,-0.05869828243372144,-20.0
801880.SI,2021-08-31,0.077751772568311,-2.3333333333333335
801890.SI,2021-08-31,0.0908977162486757,-16.666666666666668
801950.SI,2021-08-31,0.2754392347949484,-10.0
801960.SI,2021-08-31,0.084956088983688,-7.666666666666667
801970.SI,2021-08-31,0.11723169995217964,-26.666666666666668
801980.SI,2021-08-31,-0.05607401911831655,-13.333333333333334
801010.SI,2021-09-30,0.09426043627180224,-24.666666666666668
801030.SI,2021-09-30,-0.038282296133063436,-4.333333333333333
801040.SI,2021-09-30,-0.1339979231135077,-15.666666666666666
801050.SI,2021-09-30,-0.18101055447917344,-5.333333333333333
801080.SI,2021-09-30,-0.03935949889736101,-13.0
801110.SI,2021-09-30,-0.009913223306081465,-16.666666666666668
801120.SI,2021-09-30,0.1251135498166429,-7.333333333333333
801130.SI,2021-09-30,-0.0363466847758841,-18.666666666666668
801140.SI,2021-09-30,-0.03267960378689927,-23.333333333333332
801150.SI,2021-09-30,0.04981886084020859,-16.666666666666668
801160.SI,2021-09-30,0.1587613326130317,-17.666666666666668
801170.SI,2021-09-30,0.022667434742464465,-25.666666666666668
801180.SI,2021-09-30,0.05260302558547547,-26.666666666666668
801200.SI,2021-09-30,-0.018496922796714443,-29.0
801210.SI,2021-09-30,0.07349656769896051,-5.0
801230.SI,2021-09-30,-0.12147992956426525,-9.333333333333334
801710.SI,2021-09-30,-0.0780718721645226,-27.333333333333332
801720.SI,2021-09-30,-0.017807030896831333,-20.0
801730.SI,2021-09-30,-0.03015668691174733,-11.333333333333334
801740.SI,2021-09-30,-0.10272923747374285,-5.0
801750.SI,2021-09-30,-0.012057074632020215,-8.0
801760.SI,2021-09-30,0.016526057443086106,-13.666666666666666
801770.SI,2021-09-30,-0.01358022254515734,-18.666666666666668
801880.SI,2021-09-30,-0.08896902356506153,-4.333333333333333
801890.SI,2021-09-30,-0.06568658525343984,-6.333333333333333
801950.SI,2021-09-30,0.04877877692493637,-19.666666666666668
801960.SI,2021-09-30,0.05333905911044545,-7.333333333333333
801970.SI,2021-09-30,0.025417999833091898,-25.0
801980.SI,2021-09-30,-0.007066370209829476,-9.333333333333334
801010.SI,2021-10-29,0.027054720956793954,-15.666666666666666
801030.SI,2021-10-29,-0.003676656206326734,-3.3333333333333335
801040.SI,2021-10-29,-0.1167656786804373,-11.666666666666666
801050.SI,2021-10-29,-0.006249364429536164,-11.333333333333334
801080.SI,2021-10-29,0.017340676991211446,-5.666666666666667
801110.SI,2021-10-29,-0.006850713708849043,-16.0
801120.SI,2021-10-29,0.017895527398031238,-6.666666666666667
801130.SI,2021-10-29,-0.011527773552403864,-12.0
801140.SI,2021-10-29,-0.02977915077260951,-27.333333333333332
801150.SI,2021-10-29,-0.04104330530626587,-16.666666666666668
801160.SI,2021-10-29,-0.07826590709079251,-17.666666666666668
801170.SI,2021-10-29,-0.017060222826034258,-17.333333333333332
801180.SI,2021-10-29,-0.08876770833173575,-28.333333333333332
801200.SI,2021-10-29,0.01168245738717566,-23.0
801210.SI,2021-10-29,0.03281917313058447,-11.0
801230.SI,2021-10-29,0.014071382101593644,-7.0
801710.SI,2021-10-29,-0.039462617647836,-27.333333333333332
801720.SI,2021-10-29,-0.02553008936045309,-25.0
801730.SI,2021-10-29,0.11684060410577056,-3.3333333333333335
801740.SI,2021-10-29,0.040712205228234266,-9.333333333333334
801750.SI,2021-10-29,-0.0008154337644320491,-15.0
801760.SI,2021-10-29,0.007419519897603255,-20.0
801770.SI,2021-10-29,-0.0046818088428066664,-22.0
801880.SI,2021-10-29,0.09896771902491809,-1.3333333333333333
801890.SI,2021-10-29,-0.013723780528799301,-12.666666666666666
801950.SI,2021-10-29,-0.1528598955947091,-19.333333333333332
801960.SI,2021-10-29,-0.09151402110554752,-22.333333333333332
801970.SI,2021-10-29,-0.09134798944386135,-22.666666666666668
801980.SI,2021-10-29,0.04344828883058294,-4.0
801010.SI,2021-11-30,0.0029779496277220208,-19.0
801030.SI,2021-11-30,-0.003595991975841595,-11.0
801040.SI,2021-11-30,0.009778773365093583,-18.0
801050.SI,2021-11-30,0.08863334367290543,-10.666666666666666
801080.SI,2021-11-30,0.08537087562634715,-11.333333333333334
801110.SI,2021-11-30,0.000990991139737884,-22.666666666666668
801120.SI,2021-11-30,0.014657776503085085,-11.0
801130.SI,2021-11-30,0.057792874276161754,-9.666666666666666
801140.SI,2021-11-30,0.057224750947948655,-26.0
801150.SI,2021-11-30,0.036644626050070565,-9.333333333333334
801160.SI,2021-11-30,-0.007006082390781265,-7.666666666666667
801170.SI,2021-11-30,-0.0030806587158425103,-20.666666666666668
801180.SI,2021-11-30,0.02179127112355106,-23.333333333333332
801200.SI,2021-11-30,0.005426377274128535,-23.0
801210.SI,2021-11-30,-0.1662212091109574,-13.0
801230.SI,2021-11-30,-0.027466726593673774,-5.0
801710.SI,2021-11-30,-0.00368731840485581,-23.666666666666668
801720.SI,2021-11-30,0.010973119843727064,-25.333333333333332
801730.SI,2021-11-30,0.03339734056823418,-6.666666666666667
801740.SI,2021-11-30,0.12987874576148298,-1.6666666666666667
801750.SI,2021-11-30,0.07594652548689074,-6.333333333333333
801760.SI,2021-11-30,0.046009567508937366,-13.0
801770.SI,2021-11-30,0.11291968945066364,-19.0
801880.SI,2021-11-30,0.05212737477094764,-2.3333333333333335
801890.SI,2021-11-30,0.0751526750607232,-14.0
801950.SI,2021-11-30,-0.04173345207010016,-27.0
801960.SI,2021-11-30,-0.043620438985783834,-26.666666666666668
801970.SI,2021-11-30,0.09752937142111673,-16.0
801980.SI,2021-11-30,-0.05419100170641977,-12.0
801010.SI,2021-12-31,0.07133774499883705,-16.333333333333332
801030.SI,2021-12-31,0.000694698220038647,-13.0
801040.SI,2021-12-31,0.015930348409378018,-16.666666666666668
801050.SI,2021-12-31,-0.061988146749404664,-7.333333333333333
801080.SI,2021-12-31,0.011333299199648428,-16.666666666666668
801110.SI,2021-12-31,0.06690123125845893,-21.333333333333332
801120.SI,2021-12-31,0.03974613802093097,-11.666666666666666
801130.SI,2021-12-31,0.015931949748451354,-23.666666666666668
801140.SI,2021-12-31,0.0889314428009731,-24.333333333333332
801150.SI,2021-12-31,0.004572064398441933,-5.0
801160.SI,2021-12-31,0.08964609864886919,-5.0
801170.SI,2021-12-31,0.060940839433272664,-19.333333333333332
801180.SI,2021-12-31,0.06696918022016707,-22.0
801200.SI,2021-12-31,0.011395466239671137,-9.0
801210.SI,2021-12-31,0.13936485429716416,-13.666666666666666
801230.SI,2021-12-31,0.049658854074879466,-18.666666666666668
801710.SI,2021-12-31,0.12828223507296221,-17.0
801720.SI,2021-12-31,0.07801684932246711,-23.666666666666668
801730.SI,2021-12-31,-0.08584179060941566,-3.3333333333333335
801740.SI,2021-12-31,-0.009830022093231472,-2.0
801750.SI,2021-12-31,0.016542806278234682,-13.333333333333334
801760.SI,2021-12-31,0.14419797703547776,-15.666666666666666
801770.SI,2021-12-31,0.01783442722495332,-24.333333333333332
801880.SI,2021-12-31,-0.04778296528197535,-1.0
801890.SI,2021-12-31,0.004402056353694838,-9.666666666666666
801950.SI,2021-12-31,0.0765917558555631,-27.333333333333332
801960.SI,2021-12-31,0.047834342070189,-26.0
801970.SI,2021-12-31,0.02722166313045116,-18.0
801980.SI,2021-12-31,-0.020178697272156376,-10.0
801010.SI,2022-01-28,-0.0460899601227781,-18.666666666666668
801030.SI,2022-01-28,-0.10591740452662457,-24.0
801040.SI,2022-01-28,-0.07333642203842161,-12.0
801050.SI,2022-01-28,-0.10734049683907976,-10.666666666666666
801080.SI,2022-01-28,-0.1337529808459745,-14.666666666666666
801110.SI,2022-01-28,-0.045467219755538135,-16.0
801120.SI,2022-01-28,-0.1059540609508668,-16.0
801130.SI,2022-01-28,-0.0668471777598062,-29.0
801140.SI,2022-01-28,-0.09634296250415109,-19.0
801150.SI,2022-01-28,-0.14957125673339178,-12.666666666666666
801160.SI,2022-01-28,-0.12779847959337776,-9.0
801170.SI,2022-01-28,-0.028866598995845427,-13.0
801180.SI,2022-01-28,-0.012741446621898024,-10.0
801200.SI,2022-01-28,-0.06486833394605718,-9.0
801210.SI,2022-01-28,-0.07134513651506513,-6.666666666666667
801230.SI,2022-01-28,-0.06632237878798453,-4.0
801710.SI,2022-01-28,-0.07634064892926117,-21.666666666666668
801720.SI,2022-01-28,-0.02893865039684496,-19.333333333333332
801730.SI,2022-01-28,-0.1081681184259522,-9.666666666666666
801740.SI,2022-01-28,-0.17924664205281693,-11.666666666666666
801750.SI,2022-01-28,-0.08503212646632952,-18.333333333333332
801760.SI,2022-01-28,-0.14397169170616095,-15.333333333333334
801770.SI,2022-01-28,-0.0821505275000003,-18.333333333333332
801880.SI,2022-01-28,-0.11616961637434065,-1.6666666666666667
801890.SI,2022-01-28,-0.11792398253296056,-22.0
801950.SI,2022-01-28,-0.04231117762494141,-18.333333333333332
801960.SI,2022-01-28,-0.04843414665695745,-20.333333333333332
801970.SI,2022-01-28,-0.10186874397827785,-20.0
801980.SI,2022-01-28,-0.14077034355054108,-14.0
801010.SI,2022-02-28,0.007426716276640599,-21.333333333333332
801030.SI,2022-02-28,0.09705257441111836,-16.0
801040.SI,2022-02-28,0.0791487703834044,-16.333333333333332
801050.SI,2022-02-28,0.17181591582037847,-9.666666666666666
801080.SI,2022-02-28,0.01212177713288054,-8.666666666666666
801110.SI,2022-02-28,-0.04792499233734427,-19.333333333333332
801120.SI,2022-02-28,-0.007504783631573586,-16.666666666666668
801130.SI,2022-02-28,0.03287459200905496,-20.333333333333332
801140.SI,2022-02-28,0.00890425890180313,-26.333333333333332
801150.SI,2022-02-28,0.03994050366635271,-21.333333333333332
801160.SI,2022-02-28,0.07893820516227246,-17.333333333333332
801170.SI,2022-02-28,0.02791827882935083,-8.0
801180.SI,2022-02-28,-0.00790124877792231,-19.666666666666668
801200.SI,2022-02-28,8.9477826523687e-05,-10.333333333333334
801210.SI,2022-02-28,0.015558154800362043,-8.666666666666666
801230.SI,2022-02-28,0.0854915431843688,-3.3333333333333335
801710.SI,2022-02-28,-0.006354499489297227,-16.333333333333332
801720.SI,2022-02-28,0.04032558698963129,-14.333333333333334
801730.SI,2022-02-28,0.02542421503883596,-10.333333333333334
801740.SI,2022-02-28,0.05437594242580457,-11.333333333333334
801750.SI,2022-02-28,0.026451496562059692,-14.666666666666666
801760.SI,2022-02-28,-0.013697930964577054,-21.333333333333332
801770.SI,2022-02-28,0.05592073604659431,-19.333333333333332
801880.SI,2022-02-28,0.005442267703358983,-2.6666666666666665
801890.SI,2022-02-28,0.02915069449599117,-23.0
801950.SI,2022-02-28,0.15536339932686682,-16.333333333333332
801960.SI,2022-02-28,0.08964262409759272,-13.666666666666666
801970.SI,2022-02-28,0.07698385445914768,-22.666666666666668
801980.SI,2022-02-28,0.042819984049848214,-5.666666666666667
801010.SI,2022-03-31,0.02973476453689328,-18.0
801030.SI,2022-03-31,-0.09327484026566368,-14.333333333333334
801040.SI,2022-03-31,-0.10091937406412343,-7.666666666666667
801050.SI,2022-03-31,-0.1259624145800653,-15.0
801080.SI,2022-03-31,-0.14976715390633674,-12.0
801110.SI,2022-03-31,-0.12471934366902404,-19.333333333333332
801120.SI,2022-03-31,-0.10289673547384194,-14.0
801130.SI,2022-03-31,-0.06814689158377751,-23.0
801140.SI,2022-03-31,-0.07620510246332579,-26.333333333333332
801150.SI,2022-03-31,0.008716432459451973,-21.0
801160.SI,2022-03-31,-0.09605054938846912,-14.666666666666666
801170.SI,2022-03-31,-0.07215359521135067,-9.0
801180.SI,2022-03-31,0.09524658126267128,-3.6666666666666665
801200.SI,2022-03-31,-0.08487513417735315,-9.666666666666666
801210.SI,2022-03-31,-0.07371788149671266,-14.333333333333334
801230.SI,2022-03-31,0.020892404441150925,-6.666666666666667
801710.SI,2022-03-31,-0.03723631725352372,-17.0
801720.SI,2022-03-31,-0.020018263729006613,-11.333333333333334
801730.SI,2022-03-31,-0.10094548258236437,-11.666666666666666
801740.SI,2022-03-31,-0.11354257847184501,-17.0
801750.SI,2022-03-31,-0.11586393093836111,-23.0
801760.SI,2022-03-31,-0.03708931485663702,-20.666666666666668
801770.SI,2022-03-31,-0.08201833520871948,-21.666666666666668
801880.SI,2022-03-31,-0.11562108631410906,-2.3333333333333335
801890.SI,2022-03-31,-0.1090205025763834,-24.0
801950.SI,2022-03-31,0.10807836134229395,-11.333333333333334
801960.SI,2022-03-31,-0.11751176777629756,-19.0
801970.SI,2022-03-31,-0.0953956262969392,-21.666666666666668
801980.SI,2022-03-31,-0.042760631064210915,-5.666666666666667
801010.SI,2022-04-29,-0.1276181802456632,-8.666666666666666
801030.SI,2022-04-29,-0.11902618479253846,-26.666666666666668
801040.SI,2022-04-29,-0.08151632214378847,-21.0
801050.SI,2022-04-29,-0.11644167945915296,-12.333333333333334
801080.SI,2022-04-29,-0.13915645287888068,-16.666666666666668
801110.SI,2022-04-29,-0.008182345911401101,-4.333333333333333
801120.SI,2022-04-29,0.04285098013405153,-4.333333333333333
801130.SI,2022-04-29,-0.10045804556163615,-27.333333333333332
801140.SI,2022-04-29,-0.13378634832929015,-23.666666666666668
801150.SI,2022-04-29,-0.13966084727229178,-15.666666666666666
801160.SI,2022-04-29,-0.05788638250759792,-21.0
801170.SI,2022-04-29,-0.017264531278099793,-23.666666666666668
801180.SI,2022-04-29,-0.08367279058469979,-10.666666666666666
801200.SI,2022-04-29,-0.014152403827212057,-10.666666666666666
801210.SI,2022-04-29,-0.06384654049562877,-11.0
801230.SI,2022-04-29,-0.12707807446216668,-18.0
801710.SI,2022-04-29,-0.06896081745214655,-15.666666666666666
801720.SI,2022-04-29,-0.02976275181525068,-8.333333333333334
801730.SI,2022-04-29,-0.1552534459919842,-9.0
801740.SI,2022-04-29,-0.1343991869631207,-17.666666666666668
801750.SI,2022-04-29,-0.1703890480812842,-19.666666666666668
801760.SI,2022-04-29,-0.13931453715814424,-10.0
801770.SI,2022-04-29,-0.12306832244457479,-23.0
801880.SI,2022-04-29,-0.09127845655913305,-3.0
801890.SI,2022-04-29,-0.14042671615256352,-22.333333333333332
801950.SI,2022-04-29,-0.03874227967721011,-9.666666666666666
801960.SI,2022-04-29,-0.04917589896773034,-25.666666666666668
801970.SI,2022-04-29,-0.15258516720893445,-11.666666666666666
801980.SI,2022-04-29,-0.017503663528740776,-3.6666666666666665
801010.SI,2022-05-31,0.054728567476669765,-12.0
801030.SI,2022-05-31,0.1097418336885465,-23.666666666666668
801040.SI,2022-05-31,0.03889215488030362,-22.0
801050.SI,2022-05-31,0.07973194470269784,-6.666666666666667
801080.SI,2022-05-31,0.0893514634059047,-12.666666666666666
801110.SI,2022-05-31,0.016129464089278622,-5.0
801120.SI,2022-05-31,0.01940820269101984,-4.0
801130.SI,2022-05-31,0.07779804255497225,-27.666666666666668
801140.SI,2022-05-31,0.07520830227083919,-20.333333333333332
801150.SI,2022-05-31,0.011301030851212035,-20.333333333333332
801160.SI,2022-05-31,0.09108314045866583,-20.333333333333332
801170.SI,2022-05-31,0.06954692893359882,-19.0
801180.SI,2022-05-31,-0.0593051501184113,-9.0
801200.SI,2022-05-31,0.02948490574404916,-9.333333333333334
801210.SI,2022-05-31,0.04021231197821451,-10.0
801230.SI,2022-05-31,0.044828044231562725,-14.333333333333334
801710.SI,2022-05-31,0.021185800135863363,-14.0
801720.SI,2022-05-31,0.016832043393811835,-7.666666666666667
801730.SI,2022-05-31,0.1243460340462117,-10.0
801740.SI,2022-05-31,0.11276619155581712,-16.333333333333332
801750.SI,2022-05-31,0.021820685461310108,-24.0
801760.SI,2022-05-31,0.06143419765077729,-20.0
801770.SI,2022-05-31,0.06106875991256411,-22.666666666666668
801880.SI,2022-05-31,0.18257653772078686,-2.3333333333333335
801890.SI,2022-05-31,0.10445971413060365,-19.333333333333332
801950.SI,2022-05-31,0.09728428763374897,-7.666666666666667
801960.SI,2022-05-31,0.13420092748421086,-24.333333333333332
801970.SI,2022-05-31,0.1032125701474218,-26.333333333333332
801980.SI,2022-05-31,0.0543318751304358,-4.0
801010.SI,2022-06-30,0.04099592541747099,-12.666666666666666
801030.SI,2022-06-30,0.08092461281956753,-23.0
801040.SI,2022-06-30,0.020700224319007532,-25.666666666666668
801050.SI,2022-06-30,0.11982799523678335,-6.666666666666667
801080.SI,2022-06-30,0.08038100508100655,-14.333333333333334
801110.SI,2022-06-30,0.11141483837742072,-4.333333333333333
801120.SI,2022-06-30,0.1304963683273048,-4.333333333333333
801130.SI,2022-06-30,0.02367722179887477,-24.0
801140.SI,2022-06-30,0.08433565529601061,-20.666666666666668
801150.SI,2022-06-30,0.104857879851739,-20.333333333333332
801160.SI,2022-06-30,0.005956888470183053,-20.333333333333332
801170.SI,2022-06-30,0.01990173258772732,-17.333333333333332
801180.SI,2022-06-30,0.05615503629704488,-9.333333333333334
801200.SI,2022-06-30,0.1079452773322167,-8.333333333333334
801210.SI,2022-06-30,0.11121468488514363,-9.0
801230.SI,2022-06-30,0.04420933093744894,-16.0
801710.SI,2022-06-30,0.10063415149604804,-10.333333333333334
801720.SI,2022-06-30,-0.0017078661793318288,-10.333333333333334
801730.SI,2022-06-30,0.21202029767842354,-7.666666666666667
801740.SI,2022-06-30,0.08194786594618432,-13.0
801750.SI,2022-06-30,0.0846911476441592,-22.666666666666668
801760.SI,2022-06-30,0.04678244845494306,-19.0
801770.SI,2022-06-30,0.06450246449136056,-23.333333333333332
801880.SI,2022-06-30,0.14541636795824364,-10.333333333333334
801890.SI,2022-06-30,0.10414910744626947,-10.666666666666666
801950.SI,2022-06-30,0.01586396525642653,-16.666666666666668
801960.SI,2022-06-30,-0.03368794177603751,-26.0
801970.SI,2022-06-30,0.02203496356909529,-26.666666666666668
801980.SI,2022-06-30,0.10551852402572305,-2.0
801010.SI,2022-07-29,0.035542690564011714,-4.666666666666667
801030.SI,2022-07-29,-0.02152750876219167,-13.333333333333334
801040.SI,2022-07-29,-0.0058769324775601595,-22.666666666666668
801050.SI,2022-07-29,-0.016408750255531238,-9.333333333333334
801080.SI,2022-07-29,-0.03614088817269257,-18.666666666666668
801110.SI,2022-07-29,-0.024511939796837634,-9.333333333333334
801120.SI,2022-07-29,-0.0968888847847542,-9.666666666666666
801130.SI,2022-07-29,-0.015812447650486058,-12.666666666666666
801140.SI,2022-07-29,-0.056205637305327356,-24.0
801150.SI,2022-07-29,-0.07510988185339662,-19.0
801160.SI,2022-07-29,0.040254039007994846,-10.666666666666666
801170.SI,2022-07-29,-0.0487786120924103,-22.0
801180.SI,2022-07-29,-0.06260158393931337,-9.666666666666666
801200.SI,2022-07-29,-0.0705726972768651,-2.6666666666666665
801210.SI,2022-07-29,-0.09207708114947157,-11.0
801230.SI,2022-07-29,0.018494119562900035,-27.0
801710.SI,2022-07-29,-0.10054969632216917,-21.666666666666668
801720.SI,2022-07-29,-0.02820405945554372,-18.666666666666668
801730.SI,2022-07-29,-0.003576277660360949,-11.666666666666666
801740.SI,2022-07-29,0.01956219328074993,-13.666666666666666
801750.SI,2022-07-29,-0.010228757756593487,-23.0
801760.SI,2022-07-29,-0.043397785490635776,-18.333333333333332
801770.SI,2022-07-29,0.03049957130420866,-22.0
801880.SI,2022-07-29,0.05099332523714395,-9.0
801890.SI,2022-07-29,0.05165737393417569,-11.666666666666666
801950.SI,2022-07-29,-0.07933193838120356,-6.333333333333333
801960.SI,2022-07-29,-0.03661545822591472,-21.333333333333332
801970.SI,2022-07-29,0.053236834685687295,-25.666666666666668
801980.SI,2022-07-29,-0.021851017553611074,-5.666666666666667
801010.SI,2022-08-31,0.005322667670170755,-1.6666666666666667
801030.SI,2022-08-31,-0.027406827726380034,-8.0
801040.SI,2022-08-31,-0.06465100794176015,-23.666666666666668
801050.SI,2022-08-31,-0.0646418577407406,-20.333333333333332
801080.SI,2022-08-31,-0.011388395466405687,-14.333333333333334
801110.SI,2022-08-31,-0.0422670600702827,-24.0
801120.SI,2022-08-31,0.007388221212779378,-6.333333333333333
801130.SI,2022-08-31,-0.014554358729394146,-17.666666666666668
801140.SI,2022-08-31,0.007811314253942214,-25.0
801150.SI,2022-08-31,-0.025049099442754352,-21.0
801160.SI,2022-08-31,-0.004711108479617754,-5.0
801170.SI,2022-08-31,0.011088186875785055,-25.0
801180.SI,2022-08-31,-0.010824168430159764,-14.333333333333334
801200.SI,2022-08-31,-0.016880027495731476,-2.0
801210.SI,2022-08-31,-0.00956263069579988,-9.333333333333334
801230.SI,2022-08-31,0.023814687780480792,-12.666666666666666
801710.SI,2022-08-31,-0.06806978985429324,-17.333333333333332
801720.SI,2022-08-31,-0.022801366553559466,-13.666666666666666
801730.SI,2022-08-31,-0.07882226541090798,-9.666666666666666
801740.SI,2022-08-31,-0.042759457885359516,-15.666666666666666
801750.SI,2022-08-31,-0.05809734230223795,-19.666666666666668
801760.SI,2022-08-31,0.011553761493716674,-21.666666666666668
801770.SI,2022-08-31,-0.010149675457386098,-25.333333333333332
801880.SI,2022-08-31,-0.11847294706236587,-8.0
801890.SI,2022-08-31,-0.07374617078174339,-14.666666666666666
801950.SI,2022-08-31,0.07872026574434708,-8.0
801960.SI,2022-08-31,0.04134751494939892,-16.333333333333332
801970.SI,2022-08-31,-0.06037373575351901,-27.0
801980.SI,2022-08-31,-0.043767286549005524,-7.666666666666667
801010.SI,2022-09-30,-0.10376303963916181,-3.3333333333333335
801030.SI,2022-09-30,-0.09054354447996117,-14.0
801040.SI,2022-09-30,-0.09019572389407085,-16.666666666666668
801050.SI,2022-09-30,-0.09068776298364789,-22.666666666666668
801080.SI,2022-09-30,-0.13510025679109902,-19.333333333333332
801110.SI,2022-09-30,-0.048714202500767294,-10.333333333333334
801120.SI,2022-09-30,-0.03069674980073533,-6.333333333333333
801130.SI,2022-09-30,-0.07936868491104498,-21.0
801140.SI,2022-09-30,-0.0805128230027311,-25.0
801150.SI,2022-09-30,-0.06821525046726562,-8.666666666666666
801160.SI,2022-09-30,-0.07836143426073738,-2.0
801170.SI,2022-09-30,-0.026726154937318003,-22.333333333333332
801180.SI,2022-09-30,-0.010061402080615456,-15.333333333333334
801200.SI,2022-09-30,-0.0391314387156555,-5.333333333333333
801210.SI,2022-09-30,-0.05613726365329407,-19.0
801230.SI,2022-09-30,-0.05180742732809939,-21.333333333333332
801710.SI,2022-09-30,-0.09316734178153664,-20.0
801720.SI,2022-09-30,-0.07528796782527492,-19.0
801730.SI,2022-09-30,-0.10655421152970425,-10.333333333333334
801740.SI,2022-09-30,-0.05050399825726948,-14.0
801750.SI,2022-09-30,-0.08346851961227342,-20.666666666666668
801760.SI,2022-09-30,-0.13839080177146146,-14.0
801770.SI,2022-09-30,-0.0826774541631905,-21.333333333333332
801880.SI,2022-09-30,-0.10505587635730365,-11.666666666666666
801890.SI,2022-09-30,-0.09269965322287099,-13.666666666666666
801950.SI,2022-09-30,0.017000397076075258,-7.0
801960.SI,2022-09-30,-0.05249267410755099,-20.666666666666668
801970.SI,2022-09-30,-0.09188242495971476,-22.333333333333332
801980.SI,2022-09-30,-0.07944911530774224,-7.666666666666667
801010.SI,2022-10-31,-0.06266727038379416,-13.666666666666666
801030.SI,2022-10-31,-0.047751877043814235,-4.333333333333333
801040.SI,2022-10-31,-0.027281636017538743,-6.666666666666667
801050.SI,2022-10-31,-0.03520946572638706,-22.666666666666668
801080.SI,2022-10-31,0.03371750630730852,-21.0
801110.SI,2022-10-31,-0.12866412356254664,-16.333333333333332
801120.SI,2022-10-31,-0.22129098047959594,-14.666666666666666
801130.SI,2022-10-31,-0.0416935709695413,-24.0
801140.SI,2022-10-31,-0.05150549838205043,-22.0
801150.SI,2022-10-31,0.056969934573996905,-15.333333333333334
801160.SI,2022-10-31,-0.03422227658501664,-4.666666666666667
801170.SI,2022-10-31,-0.03411104560088274,-28.666666666666668
801180.SI,2022-10-31,-0.14724566678434747,-5.666666666666667
801200.SI,2022-10-31,-0.07074079290699231,-5.0
801210.SI,2022-10-31,0.007801899114631805,-12.666666666666666
801230.SI,2022-10-31,0.010225984447502778,-15.666666666666666
801710.SI,2022-10-31,-0.09730691220171872,-20.333333333333332
801720.SI,2022-10-31,-0.017617403694273448,-25.0
801730.SI,2022-10-31,-0.01206964859977111,-12.666666666666666
801740.SI,2022-10-31,0.11632162212785936,-13.666666666666666
801750.SI,2022-10-31,0.16022814253284867,-19.0
801760.SI,2022-10-31,-0.026148840232582016,-25.666666666666668
801770.SI,2022-10-31,0.055418603580210224,-25.666666666666668
801880.SI,2022-10-31,-0.014793232309830208,-7.0
801890.SI,2022-10-31,0.05735888865293859,-11.0
801950.SI,2022-10-31,-0.12569324007492944,-11.666666666666666
801960.SI,2022-10-31,-0.08842769426076558,-13.0
801970.SI,2022-10-31,0.007057958603933212,-14.333333333333334
801980.SI,2022-10-31,-0.0682720676407953,-3.0
801010.SI,2022-11-30,0.05315066277187808,-18.0
801030.SI,2022-11-30,0.09202138553683216,-7.0
801040.SI,2022-11-30,0.10952673609480934,-6.0
801050.SI,2022-11-30,0.07489779246896977,-22.0
801080.SI,2022-11-30,0.0322812339521128,-23.333333333333332
801110.SI,2022-11-30,0.13509846843260553,-5.666666666666667
801120.SI,2022-11-30,0.16586806088946227,-15.333333333333334
801130.SI,2022-11-30,0.10236765804913729,-21.0
801140.SI,2022-11-30,0.12366063898668037,-18.0
801150.SI,2022-11-30,0.07349233197563532,-24.0
801160.SI,2022-11-30,0.08119040386215692,-10.0
801170.SI,2022-11-30,0.08133499459860305,-25.333333333333332
801180.SI,2022-11-30,0.27801300800984285,-7.333333333333333
801200.SI,2022-11-30,0.14294339722159655,-2.6666666666666665
801210.SI,2022-11-30,0.13586784926055206,-11.666666666666666
801230.SI,2022-11-30,0.09833162413555341,-18.666666666666668
801710.SI,2022-11-30,0.2049516084630568,-5.333333333333333
801720.SI,2022-11-30,0.1381013018322852,-20.666666666666668
801730.SI,2022-11-30,0.013188291803148957,-10.666666666666666
801740.SI,2022-11-30,-0.05283843094454587,-21.333333333333332
801750.SI,2022-11-30,0.0001885044332528,-26.0
801760.SI,2022-11-30,0.14479076390715484,-24.333333333333332
801770.SI,2022-11-30,0.011832843719939756,-27.0
801880.SI,2022-11-30,0.08044647238546299,-6.0
801890.SI,2022-11-30,0.058219786747532476,-10.666666666666666
801950.SI,2022-11-30,0.07348980395066884,-11.333333333333334
801960.SI,2022-11-30,0.10445649026886804,-13.333333333333334
801970.SI,2022-11-30,0.07455096631457803,-17.0
801980.SI,2022-11-30,0.07328719318959043,-5.333333333333333
801010.SI,2022-12-30,0.014301489716701532,-14.333333333333334
801030.SI,2022-12-30,-0.04367736655094889,-16.666666666666668
801040.SI,2022-12-30,-0.04584928341464501,-16.0
801050.SI,2022-12-30,-0.059303312211967274,-13.0
801080.SI,2022-12-30,-0.04482631237559776,-15.0
801110.SI,2022-12-30,0.01046258008355494,-2.0
801120.SI,2022-12-30,0.10767898916378948,-9.0
801130.SI,2022-12-30,0.015283346340246862,-9.333333333333334
801140.SI,2022-12-30,0.008794725084407151,-14.333333333333334
801150.SI,2022-12-30,-0.02573222973320788,-18.333333333333332
801160.SI,2022-12-30,-0.04643235074078122,-13.0
801170.SI,2022-12-30,-0.004948698828518671,-15.333333333333334
801180.SI,2022-12-30,-0.09052301590200872,-20.0
801200.SI,2022-12-30,0.035881000940119145,-2.0
801210.SI,2022-12-30,0.06452506133072866,-13.333333333333334
801230.SI,2022-12-30,0.022469117601359837,-18.0
801710.SI,2022-12-30,-0.034122160317826444,-6.333333333333333
801720.SI,2022-12-30,-0.07011236937700305,-18.666666666666668
801730.SI,2022-12-30,-0.03997218970901939,-24.0
801740.SI,2022-12-30,-0.04639034157847178,-26.333333333333332
801750.SI,2022-12-30,-0.016264976744923998,-28.666666666666668
801760.SI,2022-12-30,0.023388991749679244,-17.0
801770.SI,2022-12-30,-0.04110108749372,-27.333333333333332
801880.SI,2022-12-30,-0.06430594750796625,-6.0
801890.SI,2022-12-30,-0.05446546990406597,-20.0
801950.SI,2022-12-30,-0.10865208516229352,-11.666666666666666
801960.SI,2022-12-30,-0.05771923684010682,-14.333333333333334
801970.SI,2022-12-30,-0.05094044310430279,-20.666666666666668
801980.SI,2022-12-30,0.10319292552737824,-4.333333333333333
801010.SI,2023-01-31,0.03295708734997449,-9.333333333333334
801030.SI,2023-01-31,0.08009336408098487,-15.666666666666666
801040.SI,2023-01-31,0.072724277823079,-11.333333333333334
801050.SI,2023-01-31,0.1464668663919384,-23.0
801080.SI,2023-01-31,0.0952516881691665,-17.666666666666668
801110.SI,2023-01-31,0.08278482724503222,-4.333333333333333
801120.SI,2023-01-31,0.05153503004807636,-15.0
801130.SI,2023-01-31,0.04691331300294399,-16.333333333333332
801140.SI,2023-01-31,0.04999397835981689,-3.0
801150.SI,2023-01-31,0.054535064960008484,-21.0
801160.SI,2023-01-31,0.021576556569790083,-11.0
801170.SI,2023-01-31,0.01982770902147002,-26.0
801180.SI,2023-01-31,0.03724562370454887,-11.666666666666666
801200.SI,2023-01-31,-0.01171567008619634,-5.666666666666667
801210.SI,2023-01-31,-0.002997778354537961,-8.333333333333334
801230.SI,2023-01-31,0.0008218785803917319,-6.333333333333333
801710.SI,2023-01-31,0.08972183375586518,-20.333333333333332
801720.SI,2023-01-31,0.055376960168781686,-28.0
801730.SI,2023-01-31,0.11822197707401717,-10.0
801740.SI,2023-01-31,0.06446697129959778,-24.666666666666668
801750.SI,2023-01-31,0.12810427719111028,-20.666666666666668
801760.SI,2023-01-31,0.05054362878078189,-5.666666666666667
801770.SI,2023-01-31,0.0925190431570153,-26.333333333333332
801880.SI,2023-01-31,0.10880782528447376,-8.0
801890.SI,2023-01-31,0.09711823066966564,-16.0
801950.SI,2023-01-31,0.05146725650897377,-28.333333333333332
801960.SI,2023-01-31,0.0788738058044014,-25.666666666666668
801970.SI,2023-01-31,0.05935788066520864,-11.0
801980.SI,2023-01-31,0.00807545785665531,-4.666666666666667
801010.SI,2023-02-28,0.005849615306646072,-8.0
801030.SI,2023-02-28,0.026372281964804234,-13.666666666666666
801040.SI,2023-02-28,0.045868418241309605,-10.666666666666666
801050.SI,2023-02-28,-0.03582483645056822,-24.666666666666668
801080.SI,2023-02-28,-0.003812005795348461,-21.333333333333332
801110.SI,2023-02-28,0.0030856677801920362,-5.0
801120.SI,2023-02-28,0.010355112459469408,-16.0
801130.SI,2023-02-28,0.047201744167696624,-13.0
801140.SI,2023-02-28,0.06687629634199643,-3.6666666666666665
801150.SI,2023-02-28,0.0011134700305068799,-20.0
801160.SI,2023-02-28,0.011242625194985756,-7.0
801170.SI,2023-02-28,-0.004776435846575388,-26.666666666666668
801180.SI,2023-02-28,-0.02008490118490014,-21.666666666666668
801200.SI,2023-02-28,-0.025159903361232416,-4.333333333333333
801210.SI,2023-02-28,0.026998777891624526,-8.0
801230.SI,2023-02-28,0.00048662782903030605,-7.0
801710.SI,2023-02-28,0.00044691521800999096,-18.0
801720.SI,2023-02-28,0.02464983875601323,-27.666666666666668
801730.SI,2023-02-28,-0.06032501448555349,-10.0
801740.SI,2023-02-28,0.01330075800057573,-23.0
801750.SI,2023-02-28,0.0570407119983829,-18.666666666666668
801760.SI,2023-02-28,0.041430748833054754,-5.666666666666667
801770.SI,2023-02-28,0.08591129014900754,-26.333333333333332
801880.SI,2023-02-28,-0.006665025763286869,-9.0
801890.SI,2023-02-28,0.03319960648890774,-15.0
801950.SI,2023-02-28,0.02927710229227776,-27.666666666666668
801960.SI,2023-02-28,0.02004428431362082,-25.0
801970.SI,2023-02-28,0.017763501634713963,-8.666666666666666
801980.SI,2023-02-28,0.02332423389017113,-9.666666666666666
801010.SI,2023-03-31,-0.019602293265938982,-7.333333333333333
801030.SI,2023-03-31,-0.07188451353474012,-14.0
801040.SI,2023-03-31,-0.07451951402624968,-17.0
801050.SI,2023-03-31,-0.03992665665287898,-26.333333333333332
801080.SI,2023-03-31,0.05837076399449459,-24.333333333333332
801110.SI,2023-03-31,-0.008285315949292382,-15.666666666666666
801120.SI,2023-03-31,-0.017309209157674088,-13.333333333333334
801130.SI,2023-03-31,-0.05391772791658599,-24.666666666666668
801140.SI,2023-03-31,-0.07353911218387521,-4.666666666666667
801150.SI,2023-03-31,-0.03533021191873298,-15.0
801160.SI,2023-03-31,-0.0169179986420972,-10.666666666666666
801170.SI,2023-03-31,-0.008067927590258539,-20.666666666666668
801180.SI,2023-03-31,-0.07595861543453875,-9.333333333333334
801200.SI,2023-03-31,-0.015084920977055494,-4.333333333333333
801210.SI,2023-03-31,-0.0032256265282175622,-4.0
801230.SI,2023-03-31,-0.012346772964158204,-4.0
801710.SI,2023-03-31,-0.06512603034301523,-18.666666666666668
801720.SI,2023-03-31,0.028172183369348014,-24.666666666666668
801730.SI,2023-03-31,-0.051874228223162684,-9.0
801740.SI,2023-03-31,-0.03701192374168727,-21.0
801750.SI,2023-03-31,0.14764960415375938,-17.666666666666668
801760.SI,2023-03-31,0.2265388122449517,-1.6666666666666667
801770.SI,2023-03-31,0.09190848581673607,-27.0
801880.SI,2023-03-31,-0.05634597631043059,-11.333333333333334
801890.SI,2023-03-31,-0.0286956424634538,-20.0
801950.SI,2023-03-31,-0.044435897640966,-28.333333333333332
801960.SI,2023-03-31,0.005484561471566618,-26.0
801970.SI,2023-03-31,-0.03717293997629168,-10.666666666666666
801980.SI,2023-03-31,-0.046643329037104,-3.6666666666666665
801010.SI,2023-04-28,-0.04190723805033169,-17.333333333333332
801030.SI,2023-04-28,-0.07736761308680395,-15.0
801040.SI,2023-04-28,-0.026655068772706625,-15.0
801050.SI,2023-04-28,-0.01477086742425393,-22.666666666666668
801080.SI,2023-04-28,-0.07495698542780649,-19.666666666666668
801110.SI,2023-04-28,0.020530827242868144,-21.666666666666668
801120.SI,2023-04-28,-0.059499988002598043,-14.666666666666666
801130.SI,2023-04-28,-0.006118906695851689,-22.333333333333332
801140.SI,2023-04-28,-0.04919464599764412,-12.0
801150.SI,2023-04-28,-0.004300744574066484,-17.0
801160.SI,2023-04-28,0.02223535491476269,-10.0
801170.SI,2023-04-28,0.010800384383062411,-28.666666666666668
801180.SI,2023-04-28,-0.02553207413094849,-22.333333333333332
801200.SI,2023-04-28,-0.06089593009197857,-22.0
801210.SI,2023-04-28,-0.05400441737787576,-12.0
801230.SI,2023-04-28,-0.043362092264298206,-16.333333333333332
801710.SI,2023-04-28,-0.05014279423879864,-25.666666666666668
801720.SI,2023-04-28,0.1032907321991341,-12.0
801730.SI,2023-04-28,-0.0412667167123002,-18.666666666666668
801740.SI,2023-04-28,-0.008730475628066836,-8.0
801750.SI,2023-04-28,-0.06983329820851802,-1.3333333333333333
801760.SI,2023-04-28,0.13074894375325338,-2.3333333333333335
801770.SI,2023-04-28,0.03488106764343346,-8.0
801880.SI,2023-04-28,-0.058483220154043176,-10.666666666666666
801890.SI,2023-04-28,-0.02921605297594443,-10.333333333333334
801950.SI,2023-04-28,-0.018014923204984767,-21.666666666666668
801960.SI,2023-04-28,0.057516787227055444,-8.333333333333334
801970.SI,2023-04-28,-0.025368186240982582,-14.333333333333334
801980.SI,2023-04-28,-0.04860062588292258,-5.0
801010.SI,2023-05-31,-0.10030063987288006,-13.0
801030.SI,2023-05-31,-0.05493108769439258,-22.0
801040.SI,2023-05-31,-0.04744717908391339,-13.0
801050.SI,2023-05-31,-0.08150181099420706,-19.666666666666668
801080.SI,2023-05-31,0.02266636786453735,-6.666666666666667
801110.SI,2023-05-31,-0.07359207596159223,-23.666666666666668
801120.SI,2023-05-31,-0.07907748835308004,-19.333333333333332
801130.SI,2023-05-31,-0.02709726180800609,-17.333333333333332
801140.SI,2023-05-31,-0.03556719326543256,-13.0
801150.SI,2023-05-31,-0.024916127074508188,-19.0
801160.SI,2023-05-31,0.04278552221336418,-7.333333333333333
801170.SI,2023-05-31,-0.06731442689096523,-28.0
801180.SI,2023-05-31,-0.0684852114447313,-23.333333333333332
801200.SI,2023-05-31,-0.11650186807928986,-20.666666666666668
801210.SI,2023-05-31,-0.04090823252128784,-19.0
801230.SI,2023-05-31,-0.03295044108403855,-3.3333333333333335
801710.SI,2023-05-31,-0.085327774768462,-26.333333333333332
801720.SI,2023-05-31,-0.08868929697256023,-17.666666666666668
801730.SI,2023-05-31,-0.02966990710609008,-14.666666666666666
801740.SI,2023-05-31,-0.003291873081424312,-6.333333333333333
801750.SI,2023-05-31,0.000358203647565114,-7.333333333333333
801760.SI,2023-05-31,-0.045416980950671364,-11.333333333333334
801770.SI,2023-05-31,0.013768196110977238,-4.666666666666667
801880.SI,2023-05-31,-0.006201146123358425,-10.0
801890.SI,2023-05-31,-0.010933054173467016,-4.333333333333333
801950.SI,2023-05-31,-0.08066441269137181,-24.0
801960.SI,2023-05-31,-0.08094958386242211,-19.333333333333332
801970.SI,2023-05-31,0.004977850609942047,-2.3333333333333335
801980.SI,2023-05-31,-0.0652168270907254,-18.333333333333332
801010.SI,2023-06-30,0.02997766828755988,-21.666666666666668
801030.SI,2023-06-30,0.0255519068300758,-7.666666666666667
801040.SI,2023-06-30,-0.005619419650679691,-11.0
801050.SI,2023-06-30,0.009159309233919057,-18.333333333333332
801080.SI,2023-06-30,0.015856221277648297,-3.6666666666666665
801110.SI,2023-06-30,0.11276009378634956,-21.666666666666668
801120.SI,2023-06-30,0.005544557452284327,-21.666666666666668
801130.SI,2023-06-30,0.030064814164812992,-17.0
801140.SI,2023-06-30,0.03180929764176921,-12.666666666666666
801150.SI,2023-06-30,-0.044796898646268124,-19.0
801160.SI,2023-06-30,-0.013654193402843795,-7.666666666666667
801170.SI,2023-06-30,-0.02928701024622471,-27.0
801180.SI,2023-06-30,0.005750977245511102,-21.0
801200.SI,2023-06-30,-0.02752533577605853,-18.333333333333332
801210.SI,2023-06-30,-0.004095392198859127,-19.666666666666668
801230.SI,2023-06-30,-0.012130951917084798,-24.666666666666668
801710.SI,2023-06-30,0.009942854390968536,-22.0
801720.SI,2023-06-30,-0.019549032808994005,-21.0
801730.SI,2023-06-30,0.04073404694014959,-13.0
801740.SI,2023-06-30,0.04045526032717506,-2.6666666666666665
801750.SI,2023-06-30,0.0024834304987659812,-3.6666666666666665
801760.SI,2023-06-30,-0.014609277597148916,-8.666666666666666
801770.SI,2023-06-30,0.10918740955122486,-2.3333333333333335
801880.SI,2023-06-30,0.08886429638499017,-11.0
801890.SI,2023-06-30,0.07344850046546636,-4.0
801950.SI,2023-06-30,0.016445256813446774,-25.0
801960.SI,2023-06-30,-0.002349800685956915,-20.0
801970.SI,2023-06-30,-0.004347866401845923,-7.333333333333333
801980.SI,2023-06-30,-0.012665436794991436,-21.666666666666668
801010.SI,2023-07-31,0.05584110950417687,-23.333333333333332
801030.SI,2023-07-31,0.03937182485266977,-17.333333333333332
801040.SI,2023-07-31,0.08617669278572858,-3.3333333333333335
801050.SI,2023-07-31,0.052334020496325406,-13.0
801080.SI,2023-07-31,-0.008036843091446588,-11.0
801110.SI,2023-07-31,0.0068612698710348585,-24.666666666666668
801120.SI,2023-07-31,0.09234631033045314,-25.333333333333332
801130.SI,2023-07-31,0.03892855385869165,-8.666666666666666
801140.SI,2023-07-31,0.05579017393530883,-4.666666666666667
801150.SI,2023-07-31,-0.009098444326297585,-26.0
801160.SI,2023-07-31,-0.021231026701007183,-18.0
801170.SI,2023-07-31,0.05570809176555924,-21.333333333333332
801180.SI,2023-07-31,0.1413928985467272,-21.333333333333332
801200.SI,2023-07-31,0.10195446582213076,-18.666666666666668
801210.SI,2023-07-31,0.029216700377355357,-12.0
801230.SI,2023-07-31,0.038633461211156295,-21.0
801710.SI,2023-07-31,0.10145290666960548,-21.0
801720.SI,2023-07-31,0.06055111954578307,-8.666666666666666
801730.SI,2023-07-31,-0.024362458168705303,-15.666666666666666
801740.SI,2023-07-31,-0.043326002117796684,-16.333333333333332
801750.SI,2023-07-31,-0.04212764609286457,-13.0
801760.SI,2023-07-31,-0.07571451577752664,-7.666666666666667
801770.SI,2023-07-31,-0.0766275872368406,-7.0
801880.SI,2023-07-31,0.05737130156029879,-8.0
801890.SI,2023-07-31,-0.017342159094805742,-3.6666666666666665
801950.SI,2023-07-31,-0.01904870471648512,-28.333333333333332
801960.SI,2023-07-31,0.043380718671945484,-22.666666666666668
801970.SI,2023-07-31,0.029081918404251006,-4.333333333333333
801980.SI,2023-07-31,0.03655206689897228,-9.0
801010.SI,2023-08-31,-0.08196173710654729,-22.0
801030.SI,2023-08-31,-0.06138306670674165,-11.0
801040.SI,2023-08-31,-0.06707827013927325,-4.0
801050.SI,2023-08-31,-0.07781692888968028,-12.666666666666666
801080.SI,2023-08-31,-0.04971151647234029,-10.0
801110.SI,2023-08-31,-0.05073389057418609,-22.333333333333332
801120.SI,2023-08-31,-0.058643196922964706,-25.333333333333332
801130.SI,2023-08-31,-0.05308762424810487,-10.333333333333334
801140.SI,2023-08-31,-0.05242526365622191,-5.333333333333333
801150.SI,2023-08-31,-0.04747102757592603,-26.333333333333332
801160.SI,2023-08-31,-0.04485127718370929,-14.666666666666666
801170.SI,2023-08-31,-0.07930702290880365,-21.666666666666668
801180.SI,2023-08-31,-0.0693785547792859,-17.333333333333332
801200.SI,2023-08-31,-0.1008532338776471,-18.666666666666668
801210.SI,2023-08-31,-0.07281017831078218,-20.0
801230.SI,2023-08-31,-0.07733990577088101,-21.333333333333332
801710.SI,2023-08-31,-0.06448312844839654,-14.0
801720.SI,2023-08-31,-0.10175957763417877,-17.666666666666668
801730.SI,2023-08-31,-0.08306888725970751,-13.666666666666666
801740.SI,2023-08-31,-0.039030086523068046,-19.0
801750.SI,2023-08-31,-0.03739885459500037,-8.0
801760.SI,2023-08-31,-0.010679870580850626,-6.333333333333333
801770.SI,2023-08-31,-0.03929053924043702,-7.333333333333333
801880.SI,2023-08-31,-0.07234943153672946,-8.666666666666666
801890.SI,2023-08-31,-0.05597864382803996,-6.333333333333333
801950.SI,2023-08-31,-0.02075196035407001,-26.0
801960.SI,2023-08-31,-0.03346037808848712,-21.666666666666668
801970.SI,2023-08-31,-0.03848952661767158,-6.0
801980.SI,2023-08-31,-0.04943936080728772,-17.333333333333332
801010.SI,2023-09-28,-0.025365071203442332,-20.333333333333332
801030.SI,2023-09-28,-0.009762958579668024,-8.0
801040.SI,2023-09-28,0.00791194247573479,-3.6666666666666665
801050.SI,2023-09-28,-0.009228880991617784,-16.0
801080.SI,2023-09-28,-0.013553225697754967,-2.3333333333333335
801110.SI,2023-09-28,0.001261469761443256,-26.0
801120.SI,2023-09-28,-0.022251246252471213,-24.333333333333332
801130.SI,2023-09-28,0.010522729909963058,-18.666666666666668
801140.SI,2023-09-28,-0.00853637033620247,-4.333333333333333
801150.SI,2023-09-28,0.04293358962359162,-28.333333333333332
801160.SI,2023-09-28,-0.008236260163237308,-10.666666666666666
801170.SI,2023-09-28,-0.008387153978918205,-24.666666666666668
801180.SI,2023-09-28,-0.05470289275051055,-19.666666666666668
801200.SI,2023-09-28,-0.001650019814091519,-22.0
801210.SI,2023-09-28,-0.037090535129507,-25.0
801230.SI,2023-09-28,0.005433813129955167,-18.0
801710.SI,2023-09-28,-0.01914340698408778,-11.333333333333334
801720.SI,2023-09-28,-0.00913345316060632,-21.333333333333332
801730.SI,2023-09-28,-0.05720173653324423,-14.666666666666666
801740.SI,2023-09-28,-0.014297760962473928,-20.0
801750.SI,2023-09-28,-0.042677558233204065,-5.0
801760.SI,2023-09-28,-0.07621045594529285,-8.333333333333334
801770.SI,2023-09-28,0.006982666867974663,-8.0
801880.SI,2023-09-28,0.004748276036341092,-11.0
801890.SI,2023-09-28,0.01100203691972479,-6.666666666666667
801950.SI,2023-09-28,0.09602496184777577,-18.0
801960.SI,2023-09-28,0.03511570092204219,-9.666666666666666
801970.SI,2023-09-28,-0.022878284528205395,-14.0
801980.SI,2023-09-28,-0.0658137512938225,-15.0
801010.SI,2023-10-31,0.004174722119516971,-7.0
801030.SI,2023-10-31,-0.009679820086975433,-2.6666666666666665
801040.SI,2023-10-31,-0.007548044368409945,-3.0
801050.SI,2023-10-31,-0.009236732797889502,-18.333333333333332
801080.SI,2023-10-31,0.04432861403085764,-17.0
801110.SI,2023-10-31,-0.0357977395264868,-20.666666666666668
801120.SI,2023-10-31,-0.0255215483715322,-24.666666666666668
801130.SI,2023-10-31,-0.019181836942022912,-17.333333333333332
801140.SI,2023-10-31,-0.023031480226783807,-3.6666666666666665
801150.SI,2023-10-31,0.018851985382266626,-25.0
801160.SI,2023-10-31,-0.008543645473361061,-6.333333333333333
801170.SI,2023-10-31,-0.023443382963431625,-22.333333333333332
801180.SI,2023-10-31,-0.07263170329658986,-14.333333333333334
801200.SI,2023-10-31,-0.05102713144302829,-9.666666666666666
801210.SI,2023-10-31,-0.08107293584461515,-15.666666666666666
801230.SI,2023-10-31,-0.01346207418936518,-10.333333333333334
801710.SI,2023-10-31,-0.06791535385177916,-8.333333333333334
801720.SI,2023-10-31,-0.05629927840165383,-25.333333333333332
801730.SI,2023-10-31,-0.05408648873338895,-19.333333333333332
801740.SI,2023-10-31,-0.0240079183777272,-28.0
801750.SI,2023-10-31,-0.038064565465459776,-12.333333333333334
801760.SI,2023-10-31,-0.05985464124411122,-22.333333333333332
801770.SI,2023-10-31,-0.0909808356840589,-21.333333333333332
801880.SI,2023-10-31,0.024015331454733124,-3.3333333333333335
801890.SI,2023-10-31,-0.05906270625349763,-16.666666666666668
801950.SI,2023-10-31,-0.030099343673076984,-7.0
801960.SI,2023-10-31,-0.053888226916493975,-15.333333333333334
801970.SI,2023-10-31,-0.024680216183654013,-17.333333333333332
801980.SI,2023-10-31,-0.08174017500978303,-20.333333333333332
801010.SI,2023-11-30,0.02716245179694976,-4.0
801030.SI,2023-11-30,-0.015246729477687904,-3.0
801040.SI,2023-11-30,-0.018059620986446527,-4.0
801050.SI,2023-11-30,-0.033070630517310524,-22.0
801080.SI,2023-11-30,0.007419460475977191,-17.333333333333332
801110.SI,2023-11-30,-0.005170901140418849,-26.666666666666668
801120.SI,2023-11-30,0.005076096177344391,-19.333333333333332
801130.SI,2023-11-30,0.009817149452122198,-7.666666666666667
801140.SI,2023-11-30,0.005008790868470392,-5.0
801150.SI,2023-11-30,0.029070220381290035,-14.666666666666666
801160.SI,2023-11-30,0.003530232285276158,-9.666666666666666
801170.SI,2023-11-30,0.009904574828968338,-22.333333333333332
801180.SI,2023-11-30,-0.014837181672030186,-18.0
801200.SI,2023-11-30,0.020429234601987867,-10.666666666666666
801210.SI,2023-11-30,0.05627809711844245,-18.666666666666668
801230.SI,2023-11-30,0.018637259136528687,-9.0
801710.SI,2023-11-30,-0.04457627668808595,-15.333333333333334
801720.SI,2023-11-30,-0.017490711597201836,-24.666666666666668
801730.SI,2023-11-30,-0.04356586499036297,-25.333333333333332
801740.SI,2023-11-30,0.005732960392079267,-25.0
801750.SI,2023-11-30,0.025836530269648605,-18.0
801760.SI,2023-11-30,0.06001191232986769,-22.0
801770.SI,2023-11-30,0.025675746004171218,-22.666666666666668
801880.SI,2023-11-30,0.027470294787752314,-2.6666666666666665
801890.SI,2023-11-30,0.04399105315983154,-10.666666666666666
801950.SI,2023-11-30,0.07025945714004544,-4.0
801960.SI,2023-11-30,-0.0073608632542264685,-15.333333333333334
801970.SI,2023-11-30,0.013495626466661026,-12.0
801980.SI,2023-11-30,-0.029349691088283003,-25.333333333333332
801010.SI,2023-12-29,-0.013692419865736882,-5.333333333333333
801030.SI,2023-12-29,-0.015203266511408796,-6.0
801040.SI,2023-12-29,-0.03640860059341167,-7.0
801050.SI,2023-12-29,0.022779876835751,-18.666666666666668
801080.SI,2023-12-29,-0.012205025055455064,-15.0
801110.SI,2023-12-29,-0.002700268783978332,-27.0
801120.SI,2023-12-29,-0.05008448456979897,-21.333333333333332
801130.SI,2023-12-29,-0.0133105822663514,-17.333333333333332
801140.SI,2023-12-29,-0.03000980269076814,-4.0
801150.SI,2023-12-29,-0.046117435829918015,-17.666666666666668
801160.SI,2023-12-29,0.0034975808362223137,-14.333333333333334
801170.SI,2023-12-29,-0.03641089464603065,-26.0
801180.SI,2023-12-29,-0.0638460364469643,-11.666666666666666
801200.SI,2023-12-29,-0.06325116252798912,-5.333333333333333
801210.SI,2023-12-29,-0.051651277635268666,-19.333333333333332
801230.SI,2023-12-29,0.00288343964608484,-14.333333333333334
801710.SI,2023-12-29,-0.03972061999758736,-9.0
801720.SI,2023-12-29,-0.013629364223107787,-22.666666666666668
801730.SI,2023-12-29,0.002526684793967559,-24.333333333333332
801740.SI,2023-12-29,-0.01837109485732924,-22.666666666666668
801750.SI,2023-12-29,-0.01969710614454445,-16.0
801760.SI,2023-12-29,-0.027477962264246925,-2.0
801770.SI,2023-12-29,0.001712900581463783,-21.0
801880.SI,2023-12-29,-0.0593854944432306,-13.666666666666666
801890.SI,2023-12-29,-0.011548011005361849,-18.666666666666668
801950.SI,2023-12-29,0.0035855620444769087,-4.666666666666667
801960.SI,2023-12-29,-0.008069631724982873,-17.0
801970.SI,2023-12-29,-0.03885572623247202,-9.666666666666666
801980.SI,2023-12-29,-0.040965069035480466,-23.333333333333332
801010.SI,2024-01-31,-0.13198820207507544,-16.333333333333332
801030.SI,2024-01-31,-0.161296474646193,-10.666666666666666
801040.SI,2024-01-31,-0.06927828192052521,-5.333333333333333
801050.SI,2024-01-31,-0.12249882412510749,-18.0
801080.SI,2024-01-31,-0.23893985989275524,-9.333333333333334
801110.SI,2024-01-31,-0.019473392545720888,-26.333333333333332
801120.SI,2024-01-31,-0.10152987883713947,-8.333333333333334
801130.SI,2024-01-31,-0.09954259166222922,-14.666666666666666
801140.SI,2024-01-31,-0.13991615780589184,-7.333333333333333
801150.SI,2024-01-31,-0.18565212698630318,-21.333333333333332
801160.SI,2024-01-31,-0.009545265017455227,-19.666666666666668
801170.SI,2024-01-31,-0.028215695305060077,-11.666666666666666
801180.SI,2024-01-31,-0.08046439591114417,-6.666666666666667
801200.SI,2024-01-31,-0.10763728890569746,-13.333333333333334
801210.SI,2024-01-31,-0.14683616430940782,-16.666666666666668
801230.SI,2024-01-31,-0.1507043313894638,-20.0
801710.SI,2024-01-31,-0.08642365902092608,-4.333333333333333
801720.SI,2024-01-31,-0.03554185631700413,-17.333333333333332
801730.SI,2024-01-31,-0.16325079215931837,-27.666666666666668
801740.SI,2024-01-31,-0.2048528913736124,-22.0
801750.SI,2024-01-31,-0.236569548192483,-26.0
801760.SI,2024-01-31,-0.15461851551560268,-6.0
801770.SI,2024-01-31,-0.15190099820332703,-25.666666666666668
801880.SI,2024-01-31,-0.15387789155346487,-18.0
801890.SI,2024-01-31,-0.17906441571999554,-27.0
801950.SI,2024-01-31,0.06643543945582908,-16.0
801960.SI,2024-01-31,-0.012177803418540467,-11.0
801970.SI,2024-01-31,-0.11993814483284479,-3.0
801980.SI,2024-01-31,-0.1335747210851802,-5.333333333333333
801010.SI,2024-02-29,0.055590646730945714,-25.666666666666668
801030.SI,2024-02-29,0.09248352032119443,-13.333333333333334
801040.SI,2024-02-29,0.06714537520446506,-2.0
801050.SI,2024-02-29,0.09944775749573465,-18.333333333333332
801080.SI,2024-02-29,0.16448400451516362,-13.333333333333334
801110.SI,2024-02-29,0.09864111567383985,-27.333333333333332
801120.SI,2024-02-29,0.08612607393447981,-11.333333333333334
801130.SI,2024-02-29,0.02722492782199115,-20.666666666666668
801140.SI,2024-02-29,0.0523197273139977,-15.666666666666666
801150.SI,2024-02-29,0.10513958881425368,-10.0
801160.SI,2024-02-29,0.03525393849602332,-17.333333333333332
801170.SI,2024-02-29,0.04987922684745638,-18.666666666666668
801180.SI,2024-02-29,0.022800076707599315,-5.0
801200.SI,2024-02-29,0.04228511716172756,-7.333333333333333
801210.SI,2024-02-29,0.0638782847912771,-27.0
801230.SI,2024-02-29,0.000857622389281109,-23.333333333333332
801710.SI,2024-02-29,0.043468465694054936,-1.6666666666666667
801720.SI,2024-02-29,0.013962259196132587,-13.0
801730.SI,2024-02-29,0.10206059457693485,-18.666666666666668
801740.SI,2024-02-29,0.12868425298315644,-22.666666666666668
801750.SI,2024-02-29,0.1777878116145533,-10.0
801760.SI,2024-02-29,0.14827375634316242,-6.333333333333333
801770.SI,2024-02-29,0.1954618275650704,-16.333333333333332
801880.SI,2024-02-29,0.13629516520524532,-15.0
801890.SI,2024-02-29,0.12940933988460812,-21.666666666666668
801950.SI,2024-02-29,0.07571753277392433,-8.333333333333334
801960.SI,2024-02-29,0.056011932680270604,-9.0
801970.SI,2024-02-29,0.011265540734237911,-25.0
801980.SI,2024-02-29,0.14420542136828954,-11.0
801010.SI,2024-03-29,0.02638938936187896,-17.333333333333332
801030.SI,2024-03-29,0.023433938604900506,-9.333333333333334
801040.SI,2024-03-29,0.0015191039512072449,-3.3333333333333335
801050.SI,2024-03-29,0.12507576327121916,-7.333333333333333
801080.SI,2024-03-29,0.01056251383496276,-25.0
801110.SI,2024-03-29,0.0237443153606598,-26.0
801120.SI,2024-03-29,0.015459282091508708,-16.333333333333332
801130.SI,2024-03-29,0.04998774202906753,-27.333333333333332
801140.SI,2024-03-29,0.03897857337220589,-5.333333333333333
801150.SI,2024-03-29,-0.0224548081144208,-14.0
801160.SI,2024-03-29,0.03562704852319753,-17.666666666666668
801170.SI,2024-03-29,0.010164654410818486,-16.333333333333332
801180.SI,2024-03-29,-0.037892994744246455,-1.0
801200.SI,2024-03-29,0.0036893549462868602,-7.0
801210.SI,2024-03-29,0.020971802472227408,-22.0
801230.SI,2024-03-29,0.055166843135518784,-14.0
801710.SI,2024-03-29,-0.016864961154385516,-2.3333333333333335
801720.SI,2024-03-29,0.010991252313749422,-19.666666666666668
801730.SI,2024-03-29,0.03742148792861588,-12.0
801740.SI,2024-03-29,0.04431152701911856,-15.333333333333334
801750.SI,2024-03-29,-0.004761097444496154,-20.333333333333332
801760.SI,2024-03-29,0.015071990389156964,-15.0
801770.SI,2024-03-29,0.04221541224099412,-15.333333333333334
801880.SI,2024-03-29,0.04606234818769184,-20.666666666666668
801890.SI,2024-03-29,0.035989188918089665,-18.666666666666668
801950.SI,2024-03-29,-0.037556925507514105,-10.666666666666666
801960.SI,2024-03-29,0.06018272731711605,-10.0
801970.SI,2024-03-29,0.04923520995610087,-23.333333333333332
801980.SI,2024-03-29,-0.0124317979797417,-22.333333333333332
801010.SI,2024-04-30,-0.007603773353216714,-21.666666666666668
801030.SI,2024-04-30,0.045182692287022874,-3.6666666666666665
801040.SI,2024-04-30,0.019308192819624592,-4.0
801050.SI,2024-04-30,0.024155417328810325,-6.0
801080.SI,2024-04-30,-0.003596761855174102,-23.666666666666668
801110.SI,2024-04-30,0.0850789163401835,-15.0
801120.SI,2024-04-30,0.007846667342582991,-17.0
801130.SI,2024-04-30,-0.014266242322533262,-14.333333333333334
801140.SI,2024-04-30,-0.009447330827016098,-15.666666666666666
801150.SI,2024-04-30,0.02596796312407568,-22.333333333333332
801160.SI,2024-04-30,0.012674532902395397,-18.333333333333332
801170.SI,2024-04-30,0.02423143798569272,-20.0
801180.SI,2024-04-30,-0.04268688667101794,-6.333333333333333
801200.SI,2024-04-30,-0.034190107704435424,-5.333333333333333
801210.SI,2024-04-30,-0.022695534248864613,-23.333333333333332
801230.SI,2024-04-30,-0.08546427887976604,-12.0
801710.SI,2024-04-30,0.010044909320506834,-2.6666666666666665
801720.SI,2024-04-30,-0.02144921808004241,-16.333333333333332
801730.SI,2024-04-30,-0.007700224498316088,-13.333333333333334
801740.SI,2024-04-30,-0.019833588272223368,-21.333333333333332
801750.SI,2024-04-30,-0.033901536162008306,-25.0
801760.SI,2024-04-30,-0.05236557909831063,-21.666666666666668
801770.SI,2024-04-30,0.01499800247952554,-15.0
801880.SI,2024-04-30,0.02549079363103446,-6.333333333333333
801890.SI,2024-04-30,-0.005936350852028371,-18.666666666666668
801950.SI,2024-04-30,0.009096013106809188,-12.333333333333334
801960.SI,2024-04-30,0.009101983157850936,-9.666666666666666
801970.SI,2024-04-30,0.01040068936887395,-25.0
801980.SI,2024-04-30,-0.001951036941672423,-19.0
801010.SI,2024-05-31,0.04324982690394075,-23.333333333333332
801030.SI,2024-05-31,-0.014711795690519612,-6.333333333333333
801040.SI,2024-05-31,-0.022382243919757183,-14.333333333333334
801050.SI,2024-05-31,-0.002690230220301126,-3.6666666666666665
801080.SI,2024-05-31,-0.012460915150394491,-14.666666666666666
801110.SI,2024-05-31,-0.039809041753951606,-18.333333333333332
801120.SI,2024-05-31,-0.0366082742940328,-18.0
801130.SI,2024-05-31,-0.015973874090698503,-21.0
801140.SI,2024-05-31,-0.02334095626208088,-18.666666666666668
801150.SI,2024-05-31,-0.0424929545367746,-19.333333333333332
801160.SI,2024-05-31,0.031479635627326585,-18.0
801170.SI,2024-05-31,0.02367270217248607,-16.0
801180.SI,2024-05-31,0.0613060026644594,-9.666666666666666
801200.SI,2024-05-31,-0.046429883396422615,-6.0
801210.SI,2024-05-31,-0.04008012933291161,-26.0
801230.SI,2024-05-31,-0.04649924047645893,-5.333333333333333
801710.SI,2024-05-31,0.003127802184959227,-6.666666666666667
801720.SI,2024-05-31,-0.001034789539235303,-26.333333333333332
801730.SI,2024-05-31,-0.005579393928883292,-14.0
801740.SI,2024-05-31,0.018413536420776037,-15.0
801750.SI,2024-05-31,-0.0699231610516916,-18.0
801760.SI,2024-05-31,-0.07775672032274206,-24.666666666666668
801770.SI,2024-05-31,-0.061078078381029854,-14.0
801880.SI,2024-05-31,-0.03517972175157258,-8.333333333333334
801890.SI,2024-05-31,-0.022044172881568125,-16.333333333333332
801950.SI,2024-05-31,0.06346298284118768,-11.0
801960.SI,2024-05-31,-0.013216225824936645,-4.333333333333333
801970.SI,2024-05-31,-0.010545516555067858,-18.333333333333332
801980.SI,2024-05-31,-0.03682243429904231,-19.333333333333332
801010.SI,2024-06-28,-0.11013643774689152,-13.333333333333334
801030.SI,2024-06-28,-0.09043637940176928,-7.0
801040.SI,2024-06-28,-0.09802201688614541,-12.0
801050.SI,2024-06-28,-0.07322658974513863,-11.0
801080.SI,2024-06-28,0.032080936730473075,-7.333333333333333
801110.SI,2024-06-28,-0.05530199100621025,-16.0
801120.SI,2024-06-28,-0.11792865575540212,-15.333333333333334
801130.SI,2024-06-28,-0.11497984486775804,-19.666666666666668
801140.SI,2024-06-28,-0.11820629533573579,-25.666666666666668
801150.SI,2024-06-28,-0.08674172347527076,-21.666666666666668
801160.SI,2024-06-28,0.007198293464928618,-14.333333333333334
801170.SI,2024-06-28,-0.04346288301408952,-15.333333333333334
801180.SI,2024-06-28,-0.1346295320087878,-7.666666666666667
801200.SI,2024-06-28,-0.12344189283283448,-12.333333333333334
801210.SI,2024-06-28,-0.12605261894758757,-24.666666666666668
801230.SI,2024-06-28,-0.14727043590458264,-18.333333333333332
801710.SI,2024-06-28,-0.09120674478627022,-4.0
801720.SI,2024-06-28,-0.04948290669671551,-20.333333333333332
801730.SI,2024-06-28,-0.10526238407576184,-7.0
801740.SI,2024-06-28,-0.037826982440310804,-17.333333333333332
801750.SI,2024-06-28,-0.06609614412774789,-20.333333333333332
801760.SI,2024-06-28,-0.086602872351773,-26.0
801770.SI,2024-06-28,0.029214078418137834,-16.666666666666668
801880.SI,2024-06-28,-0.027851328697561573,-5.333333333333333
801890.SI,2024-06-28,-0.06889648579215357,-24.333333333333332
801950.SI,2024-06-28,-0.05541096736617424,-10.0
801960.SI,2024-06-28,-0.020477333776844464,-3.0
801970.SI,2024-06-28,-0.09375239721053774,-22.0
801980.SI,2024-06-28,-0.08900632372490136,-17.0
801010.SI,2024-07-31,-0.002698790284439867,-24.0
801030.SI,2024-07-31,-0.032338612680318124,-11.0
801040.SI,2024-07-31,0.008274014499195292,-7.333333333333333
801050.SI,2024-07-31,-0.0358445701186213,-14.0
801080.SI,2024-07-31,0.011310393351937176,-1.6666666666666667
801110.SI,2024-07-31,-0.022805551816296066,-7.333333333333333
801120.SI,2024-07-31,-0.027315795212977223,-23.333333333333332
801130.SI,2024-07-31,-0.058497765889693125,-22.0
801140.SI,2024-07-31,-0.03943490523812665,-20.666666666666668
801150.SI,2024-07-31,0.00237387578150483,-17.0
801160.SI,2024-07-31,-0.00846417690111223,-9.666666666666666
801170.SI,2024-07-31,0.005184746116006389,-21.0
801180.SI,2024-07-31,0.022444697450703988,-15.666666666666666
801200.SI,2024-07-31,0.04983485342371608,-26.666666666666668
801210.SI,2024-07-31,0.01538628807817033,-21.666666666666668
801230.SI,2024-07-31,0.07483591943772239,-12.333333333333334
801710.SI,2024-07-31,-0.017105576156753344,-5.666666666666667
801720.SI,2024-07-31,-0.013614210781402902,-25.0
801730.SI,2024-07-31,0.004872300395341256,-9.0
801740.SI,2024-07-31,0.04459115411869896,-9.333333333333334
801750.SI,2024-07-31,-0.003414114567063531,-16.666666666666668
801760.SI,2024-07-31,-0.013680795186490124,-20.666666666666668
801770.SI,2024-07-31,-0.022777858572248122,-3.0
801880.SI,2024-07-31,0.0025631007895399183,-9.666666666666666
801890.SI,2024-07-31,-0.02302270106138482,-23.333333333333332
801950.SI,2024-07-31,-0.10857213855551764,-5.333333333333333
801960.SI,2024-07-31,-0.05582090861077216,-4.666666666666667
801970.SI,2024-07-31,0.018811220662200423,-21.333333333333332
801980.SI,2024-07-31,-0.025377943927568758,-26.0
801010.SI,2024-08-30,-0.08347358412120631,-14.0
801030.SI,2024-08-30,-0.04031542687479739,-13.666666666666666
801040.SI,2024-08-30,-0.06954538003051769,-12.0
801050.SI,2024-08-30,-0.03942108396880339,-13.333333333333334
801080.SI,2024-08-30,-0.05268533294433286,-3.3333333333333335
801110.SI,2024-08-30,-0.019218575357002443,-7.0
801120.SI,2024-08-30,-0.02466665048243899,-22.333333333333332
801130.SI,2024-08-30,-0.02716234039807908,-14.666666666666666
801140.SI,2024-08-30,-0.03365492808082071,-23.666666666666668
801150.SI,2024-08-30,-0.03314720284771888,-16.333333333333332
801160.SI,2024-08-30,-0.04662618673094165,-6.0
801170.SI,2024-08-30,-0.04824321625646578,-15.0
801180.SI,2024-08-30,-0.0449825829560897,-15.0
801200.SI,2024-08-30,-0.036416063040134894,-23.666666666666668
801210.SI,2024-08-30,-0.028513915377958332,-23.666666666666668
801230.SI,2024-08-30,-0.024676992198430114,-10.666666666666666
801710.SI,2024-08-30,-0.07131245685383769,-18.0
801720.SI,2024-08-30,-0.06250134013255604,-28.0
801730.SI,2024-08-30,-0.03765690425580126,-7.666666666666667
801740.SI,2024-08-30,-0.0891518592890167,-17.0
801750.SI,2024-08-30,-0.06960995447652607,-20.333333333333332
801760.SI,2024-08-30,-0.016695354600714474,-18.666666666666668
801770.SI,2024-08-30,-0.06216725257298716,-3.6666666666666665
801880.SI,2024-08-30,-0.05692203566517251,-1.3333333333333333
801890.SI,2024-08-30,-0.04498667780767951,-20.666666666666668
801950.SI,2024-08-30,-0.009334958554624071,-3.0
801960.SI,2024-08-30,-0.001101639427391387,-15.0
801970.SI,2024-08-30,-0.058577590577507783,-26.0
801980.SI,2024-08-30,-0.08128777505645479,-21.333333333333332
801010.SI,2024-09-30,0.1949864548027587,-21.0
801030.SI,2024-09-30,0.20510831384737352,-17.0
801040.SI,2024-09-30,0.21873006677620827,-10.0
801050.SI,2024-09-30,0.19601110575718292,-13.333333333333334
801080.SI,2024-09-30,0.191069251434614,-5.0
801110.SI,2024-09-30,0.21912813906363263,-6.333333333333333
801120.SI,2024-09-30,0.2466748734340172,-26.333333333333332
801130.SI,2024-09-30,0.197296540758986,-19.333333333333332
801140.SI,2024-09-30,0.22906878192736754,-24.0
801150.SI,2024-09-30,0.213520427276223,-20.0
801160.SI,2024-09-30,0.08929030571225605,-13.0
801170.SI,2024-09-30,0.16354496765626395,-11.666666666666666
801180.SI,2024-09-30,0.36270339615249525,-20.333333333333332
801200.SI,2024-09-30,0.26031377310698,-12.333333333333334
801210.SI,2024-09-30,0.2717400635684162,-26.333333333333332
801230.SI,2024-09-30,0.2517231325581593,-15.333333333333334
801710.SI,2024-09-30,0.2290161486278739,-6.666666666666667
801720.SI,2024-09-30,0.18551905766828103,-27.666666666666668
801730.SI,2024-09-30,0.271316619927404,-10.0
801740.SI,2024-09-30,0.19677737606726972,-8.333333333333334
801750.SI,2024-09-30,0.34919815490156125,-21.666666666666668
801760.SI,2024-09-30,0.26831571186031034,-19.0
801770.SI,2024-09-30,0.24588790891562406,-2.3333333333333335
801880.SI,2024-09-30,0.224793738380153,-1.6666666666666667
801890.SI,2024-09-30,0.2211711101542051,-14.666666666666666
801950.SI,2024-09-30,0.14640861369930125,-7.333333333333333
801960.SI,2024-09-30,0.08132904754055792,-15.0
801970.SI,2024-09-30,0.2039968553287345,-23.666666666666668
801980.SI,2024-09-30,0.32020354281923624,-15.666666666666666
801010.SI,2024-10-31,-0.02262799339992816,-13.666666666666666
801030.SI,2024-10-31,-0.010236986128320913,-11.0
801040.SI,2024-10-31,-0.00528166293193244,-9.666666666666666
801050.SI,2024-10-31,-0.03591695191763078,-7.0
801080.SI,2024-10-31,0.14664879012934984,-4.666666666666667
801110.SI,2024-10-31,-0.01349807448641438,-5.333333333333333
801120.SI,2024-10-31,-0.09436542693211669,-23.333333333333332
801130.SI,2024-10-31,-0.013685768321569536,-15.333333333333334
801140.SI,2024-10-31,0.018239745651650766,-27.333333333333332
801150.SI,2024-10-31,-0.0431615139661573,-21.333333333333332
801160.SI,2024-10-31,-0.04157059672384456,-19.333333333333332
801170.SI,2024-10-31,-0.03920839856081826,-12.0
801180.SI,2024-10-31,0.03053442113882632,-23.333333333333332
801200.SI,2024-10-31,0.04032766223670525,-20.666666666666668
801210.SI,2024-10-31,0.03600762585177586,-24.0
801230.SI,2024-10-31,0.10726736679558212,-23.666666666666668
801710.SI,2024-10-31,0.047104684241785044,-6.0
801720.SI,2024-10-31,0.0651659276618275,-12.666666666666666
801730.SI,2024-10-31,0.04327886306928197,-22.666666666666668
801740.SI,2024-10-31,0.10218781433716041,-4.0
801750.SI,2024-10-31,0.1446227983535835,-17.0
801760.SI,2024-10-31,0.05148965505471281,-17.333333333333332
801770.SI,2024-10-31,0.06281136460295311,-4.333333333333333
801880.SI,2024-10-31,0.01451365227658208,-1.6666666666666667
801890.SI,2024-10-31,0.045467058224264445,-16.0
801950.SI,2024-10-31,-0.08047626090668014,-6.666666666666667
801960.SI,2024-10-31,-0.07121708044164055,-18.333333333333332
801970.SI,2024-10-31,0.08782371425023851,-28.333333333333332
801980.SI,2024-10-31,-0.044265281472390165,-18.333333333333332
801010.SI,2024-11-29,-0.002652126864601478,-24.666666666666668
801030.SI,2024-11-29,0.017163359564762892,-13.333333333333334
801040.SI,2024-11-29,0.0041516690384371105,-18.333333333333332
801050.SI,2024-11-29,-0.003840758962525226,-12.666666666666666
801080.SI,2024-11-29,-0.008418295270541942,-5.666666666666667
801110.SI,2024-11-29,-0.024186041091682875,-15.333333333333334
801120.SI,2024-11-29,0.02415485171971299,-22.0
801130.SI,2024-11-29,0.06903858096555271,-23.666666666666668
801140.SI,2024-11-29,0.0631539640663985,-25.666666666666668
801150.SI,2024-11-29,0.02154750782386783,-21.666666666666668
801160.SI,2024-11-29,-0.022412197177172022,-21.333333333333332
801170.SI,2024-11-29,0.021224877756123472,-9.0
801180.SI,2024-11-29,-0.005344917173285002,-24.333333333333332
801200.SI,2024-11-29,0.1356207057249954,-12.333333333333334
801210.SI,2024-11-29,0.013983444215651676,-25.666666666666668
801230.SI,2024-11-29,0.08579737370980389,-24.666666666666668
801710.SI,2024-11-29,-0.024589635495983253,-5.333333333333333
801720.SI,2024-11-29,0.010542404264073156,-8.666666666666666
801730.SI,2024-11-29,0.01196022895111537,-16.333333333333332
801740.SI,2024-11-29,-0.025883233100465586,-12.0
801750.SI,2024-11-29,0.0439252343773493,-3.3333333333333335
801760.SI,2024-11-29,0.06637776772161486,-10.0
801770.SI,2024-11-29,-0.019272486190183517,-2.6666666666666665
801880.SI,2024-11-29,0.006881500503961746,-1.6666666666666667
801890.SI,2024-11-29,0.03426113551089882,-13.666666666666666
801950.SI,2024-11-29,-0.011379485726849436,-5.0
801960.SI,2024-11-29,0.02183460195745224,-14.666666666666666
801970.SI,2024-11-29,0.007808043257583108,-27.666666666666668
801980.SI,2024-11-29,-0.008424015942693486,-13.666666666666666
801010.SI,2024-12-31,-0.041137646028623465,-23.666666666666668
801030.SI,2024-12-31,-0.040899719459179584,-14.333333333333334
801040.SI,2024-12-31,-0.019113012542146254,-19.0
801050.SI,2024-12-31,-0.05559475682122839,-14.0
801080.SI,2024-12-31,0.004821486086511006,-6.0
801110.SI,2024-12-31,0.027676471836112212,-14.666666666666666
801120.SI,2024-12-31,-0.01233850567871564,-22.333333333333332
801130.SI,2024-12-31,-0.01790225091208919,-12.0
801140.SI,2024-12-31,-0.051186516400141165,-26.333333333333332
801150.SI,2024-12-31,-0.05558867447096616,-10.666666666666666
801160.SI,2024-12-31,0.02239249465491233,-18.666666666666668
801170.SI,2024-12-31,0.001741978369145247,-8.333333333333334
801180.SI,2024-12-31,-0.09815495831032738,-23.0
801200.SI,2024-12-31,0.000895196910677187,-14.0
801210.SI,2024-12-31,-0.051530722938729505,-25.0
801230.SI,2024-12-31,-0.018488201356519296,-22.666666666666668
801710.SI,2024-12-31,-0.04837226914046577,-26.333333333333332
801720.SI,2024-12-31,-0.0258775018401719,-10.0
801730.SI,2024-12-31,-0.05992859353203606,-23.0
801740.SI,2024-12-31,-0.02639750748531844,-5.666666666666667
801750.SI,2024-12-31,-0.0708982079543925,-18.0
801760.SI,2024-12-31,-0.05834460681225284,-16.666666666666668
801770.SI,2024-12-31,0.04389471272428658,-2.3333333333333335
801880.SI,2024-12-31,0.017152778018493686,-1.3333333333333333
801890.SI,2024-12-31,-0.019003894854674463,-2.6666666666666665
801950.SI,2024-12-31,0.012972521706568818,-4.333333333333333
801960.SI,2024-12-31,0.01596355119630144,-10.666666666666666
801970.SI,2024-12-31,-0.04970963300036468,-29.0
801980.SI,2024-12-31,-0.06634539430927344,-10.333333333333334
801010.SI,2025-01-27,-0.02975275182989412,-27.0
801030.SI,2025-01-27,-0.005539537953619833,-21.666666666666668
801040.SI,2025-01-27,-0.011946868584891579,-17.0
801050.SI,2025-01-27,0.04461763024933041,-23.0
801080.SI,2025-01-27,-0.002825485949773276,-5.0
801110.SI,2025-01-27,-0.006570386965693342,-25.666666666666668
801120.SI,2025-01-27,-0.06841535724036263,-22.333333333333332
801130.SI,2025-01-27,-0.02604623590186761,-20.333333333333332
801140.SI,2025-01-27,-0.026261230316953044,-13.0
801150.SI,2025-01-27,-0.03788168343047116,-20.0
801160.SI,2025-01-27,-0.05179709085049778,-17.0
801170.SI,2025-01-27,-0.04195136122423781,-25.666666666666668
801180.SI,2025-01-27,-0.06139402873926524,-10.0
801200.SI,2025-01-27,-0.0760331144381623,-6.0
801210.SI,2025-01-27,-0.02684054009236503,-19.333333333333332
801230.SI,2025-01-27,-0.02755245187654909,-6.333333333333333
801710.SI,2025-01-27,-0.012653185541342982,-22.333333333333332
801720.SI,2025-01-27,-0.059320245266815785,-17.666666666666668
801730.SI,2025-01-27,-0.03657715237437886,-13.333333333333334
801740.SI,2025-01-27,-0.07261604903328767,-7.0
801750.SI,2025-01-27,-0.02168477513132572,-7.0
801760.SI,2025-01-27,-0.005806785321069485,-4.0
801770.SI,2025-01-27,-0.00847106495989225,-2.0
801880.SI,2025-01-27,0.008403654188893217,-5.666666666666667
801890.SI,2025-01-27,0.009513084388820923,-2.0
801950.SI,2025-01-27,-0.0663388528583313,-26.0
801960.SI,2025-01-27,-0.042328882279058844,-15.0
801970.SI,2025-01-27,-0.04230539777157838,-14.666666666666666
801980.SI,2025-01-27,-0.03696646333651588,-19.0
801010.SI,2025-02-28,0.001915285453731652,-25.0
801030.SI,2025-02-28,0.033360364925619564,-25.0
801040.SI,2025-02-28,0.07102415570317168,-11.0
801050.SI,2025-02-28,-0.0052317034902660264,-24.333333333333332
801080.SI,2025-02-28,0.082995360739776,-4.666666666666667
801110.SI,2025-02-28,0.007482761980024399,-20.333333333333332
801120.SI,2025-02-28,0.04151128634931167,-20.666666666666668
801130.SI,2025-02-28,0.016760073020815502,-15.333333333333334
801140.SI,2025-02-28,0.026844356544837522,-15.0
801150.SI,2025-02-28,0.05071340108861078,-21.0
801160.SI,2025-02-28,-0.009544252183070978,-18.666666666666668
801170.SI,2025-02-28,-0.007976371892303158,-25.0
801180.SI,2025-02-28,0.0537346680724613,-12.0
801200.SI,2025-02-28,0.029494287224564708,-7.0
801210.SI,2025-02-28,0.03768218576043769,-17.333333333333332
801230.SI,2025-02-28,0.02848971058949368,-5.333333333333333
801710.SI,2025-02-28,0.00559396824616476,-21.333333333333332
801720.SI,2025-02-28,0.035127467373679666,-15.0
801730.SI,2025-02-28,0.06397432714174857,-13.0
801740.SI,2025-02-28,0.03670652971617772,-20.0
801750.SI,2025-02-28,0.1630761849313498,-2.3333333333333335
801760.SI,2025-02-28,0.061044835680246656,-4.0
801770.SI,2025-02-28,0.03636800206862656,-1.6666666666666667
801880.SI,2025-02-28,0.09195830481378886,-5.666666666666667
801890.SI,2025-02-28,0.10717634806245148,-6.333333333333333
801950.SI,2025-02-28,-0.07604357105788884,-29.0
801960.SI,2025-02-28,-0.01050898311423476,-20.666666666666668
801970.SI,2025-02-28,0.047646364809745156,-10.333333333333334
801980.SI,2025-02-28,0.02298377810621033,-18.0
801010.SI,2025-03-31,0.01952897199406012,-25.333333333333332
801030.SI,2025-03-31,0.011614853174337858,-21.333333333333332
801040.SI,2025-03-31,-0.0016218739327859,-11.666666666666666
801050.SI,2025-03-31,0.0774956200368433,-23.333333333333332
801080.SI,2025-03-31,-0.043700268108557205,-3.3333333333333335
801110.SI,2025-03-31,0.04293627296958302,-28.666666666666668
801120.SI,2025-03-31,0.01883964725727472,-23.666666666666668
801130.SI,2025-03-31,0.00043439556650382,-14.666666666666666
801140.SI,2025-03-31,-0.016921695152278704,-15.666666666666666
801150.SI,2025-03-31,0.011467459047017181,-23.666666666666668
801160.SI,2025-03-31,0.01872674331027868,-17.333333333333332
801170.SI,2025-03-31,0.002307504024460671,-24.333333333333332
801180.SI,2025-03-31,-0.04812516462810413,-10.333333333333334
801200.SI,2025-03-31,-0.03532588588928121,-4.666666666666667
801210.SI,2025-03-31,0.03310832588236923,-12.333333333333334
801230.SI,2025-03-31,-0.04308452541476438,-4.0
801710.SI,2025-03-31,0.02619012062742732,-17.0
801720.SI,2025-03-31,-0.033419194424729404,-17.333333333333332
801730.SI,2025-03-31,-0.031147910089015518,-16.0
801740.SI,2025-03-31,0.02194548137841479,-7.333333333333333
801750.SI,2025-03-31,-0.05418854382947469,-2.0
801760.SI,2025-03-31,-0.012926779806291866,-3.0
801770.SI,2025-03-31,-0.03815305466776564,-7.333333333333333
801880.SI,2025-03-31,0.011891660250726854,-13.333333333333334
801890.SI,2025-03-31,-0.010146055851129264,-6.333333333333333
801950.SI,2025-03-31,0.03635811544908485,-28.0
801960.SI,2025-03-31,-0.00702805159291342,-23.333333333333332
801970.SI,2025-03-31,0.02807910001473246,-11.666666666666666
801980.SI,2025-03-31,0.03399570360812776,-18.0
801010.SI,2025-04-30,0.033803668387924146,-21.666666666666668
801030.SI,2025-04-30,-0.02672781685934389,-25.666666666666668
801040.SI,2025-04-30,-0.0402438138136958,-5.333333333333333
801050.SI,2025-04-30,-0.04788327793563241,-25.333333333333332
801080.SI,2025-04-30,-0.04780373009605087,-13.333333333333334
801110.SI,2025-04-30,-0.05639530062691733,-27.0
801120.SI,2025-04-30,-0.002122412152024799,-20.333333333333332
801130.SI,2025-04-30,-0.014790504200337784,-10.0
801140.SI,2025-04-30,-0.02070968390027972,-13.666666666666666
801150.SI,2025-04-30,-0.02051004559235814,-19.333333333333332
801160.SI,2025-04-30,0.01443449780634043,-24.666666666666668
801170.SI,2025-04-30,-0.012388656292855127,-17.0
801180.SI,2025-04-30,-0.016231147469965682,-9.333333333333334
801200.SI,2025-04-30,0.017508982623117175,-5.333333333333333
801210.SI,2025-04-30,-0.04038266012788938,-22.333333333333332
801230.SI,2025-04-30,-0.03325231765170977,-11.0
801710.SI,2025-04-30,-0.03615649363929741,-16.666666666666668
801720.SI,2025-04-30,-0.013637756104729282,-15.0
801730.SI,2025-04-30,-0.0824405227667705,-12.333333333333334
801740.SI,2025-04-30,-0.024810772877581155,-10.666666666666666
801750.SI,2025-04-30,-0.04889771886772554,-1.0
801760.SI,2025-04-30,-0.02223705641079954,-7.666666666666667
801770.SI,2025-04-30,-0.06666752144926491,-9.666666666666666
801880.SI,2025-04-30,-0.03916547600035425,-8.333333333333334
801890.SI,2025-04-30,-0.04656535112876803,-9.666666666666666
801950.SI,2025-04-30,-0.04338519831257592,-17.333333333333332
801960.SI,2025-04-30,-0.02139864343174447,-19.666666666666668
801970.SI,2025-04-30,-0.030942114328744053,-9.0
801980.SI,2025-04-30,0.06144819016192726,-26.666666666666668
801010.SI,2025-05-30,0.02484789415257982,-23.0
801030.SI,2025-05-30,0.01977487609823592,-18.333333333333332
801040.SI,2025-05-30,-0.003116297477208873,-6.333333333333333
801050.SI,2025-05-30,0.013908974086554338,-24.333333333333332
801080.SI,2025-05-30,-0.028292714794091567,-16.333333333333332
801110.SI,2025-05-30,0.034906473219231245,-22.666666666666668
801120.SI,2025-05-30,-0.001115362568027245,-21.666666666666668
801130.SI,2025-05-30,0.06025407987272624,-4.333333333333333
801140.SI,2025-05-30,0.048237265548690456,-17.333333333333332
801150.SI,2025-05-30,0.06415501285771907,-25.666666666666668
801160.SI,2025-05-30,0.023126857768299258,-19.333333333333332
801170.SI,2025-05-30,0.05550174377487549,-16.0
801180.SI,2025-05-30,-0.004175671044078011,-10.0
801200.SI,2025-05-30,0.01636337349001615,-5.0
801210.SI,2025-05-30,-0.008468478796725076,-20.0
801230.SI,2025-05-30,0.04765701157123137,-13.333333333333334
801710.SI,2025-05-30,0.013537029322509886,-18.0
801720.SI,2025-05-30,0.02899556913020196,-17.666666666666668
801730.SI,2025-05-30,0.02175103387796029,-19.0
801740.SI,2025-05-30,0.06318990235004152,-7.666666666666667
801750.SI,2025-05-30,-0.007018649805214161,-1.6666666666666667
801760.SI,2025-05-30,0.021894978511593832,-13.0
801770.SI,2025-05-30,0.03999466939510743,-17.666666666666668
801880.SI,2025-05-30,0.01415986524913948,-7.666666666666667
801890.SI,2025-05-30,0.007806711260771593,-8.666666666666666
801950.SI,2025-05-30,0.03765296257515849,-5.666666666666667
801960.SI,2025-05-30,0.018873795002640522,-19.333333333333332
801970.SI,2025-05-30,0.06835809022364203,-7.0
801980.SI,2025-05-30,0.02550031826836596,-28.333333333333332
801010.SI,2025-06-30,0.005206716566180436,-26.0
801030.SI,2025-06-30,0.04104810396705938,-18.0
801040.SI,2025-06-30,-0.000511609342714436,-8.666666666666666
801050.SI,2025-06-30,0.09252296176793662,-22.333333333333332
801080.SI,2025-06-30,0.0884738235055047,-11.666666666666666
801110.SI,2025-06-30,-0.030351435210387634,-25.333333333333332
801120.SI,2025-06-30,-0.05913801652119144,-24.333333333333332
801130.SI,2025-06-30,0.01938639771856021,-3.6666666666666665
801140.SI,2025-06-30,0.036332863740407895,-15.333333333333334
801150.SI,2025-06-30,0.007193427596954294,-16.333333333333332
801160.SI,2025-06-30,-0.005413476950431484,-25.0
801170.SI,2025-06-30,-0.01135780197747105,-18.0
801180.SI,2025-06-30,0.009280796893484487,-9.666666666666666
801200.SI,2025-06-30,0.027064607200214086,-5.666666666666667
801210.SI,2025-06-30,0.04123625625827132,-24.666666666666668
801230.SI,2025-06-30,0.06836930872773861,-13.0
801710.SI,2025-06-30,-0.007544168506968263,-21.0
801720.SI,2025-06-30,0.014513351120327922,-15.0
801730.SI,2025-06-30,0.06693399502057029,-19.0
801740.SI,2025-06-30,0.1087335453695264,-6.333333333333333
801750.SI,2025-06-30,0.07109424674973863,-1.0
801760.SI,2025-06-30,0.08400911345518679,-8.0
801770.SI,2025-06-30,0.14125558272968045,-11.0
801880.SI,2025-06-30,0.003266512152203749,-13.666666666666666
801890.SI,2025-06-30,0.02820631602113388,-9.666666666666666
801950.SI,2025-06-30,-0.011954073023653032,-6.333333333333333
801960.SI,2025-06-30,0.014441616915263468,-19.0
801970.SI,2025-06-30,0.010796571651778608,-9.0
801980.SI,2025-06-30,-0.03615990301604311,-28.333333333333332
801010.SI,2025-07-31,0.03845686718979557,-21.666666666666668
801030.SI,2025-07-31,0.05885957254535601,-28.0
801040.SI,2025-07-31,0.16752495764116523,-12.666666666666666
801050.SI,2025-07-31,0.05745013218397754,-20.0
801080.SI,2025-07-31,0.06582338173996538,-3.0
801110.SI,2025-07-31,0.006336532137815265,-26.0
801120.SI,2025-07-31,0.002051739689713727,-23.0
801130.SI,2025-07-31,0.007115218779118804,-12.333333333333334
801140.SI,2025-07-31,0.008936793653291808,-23.0
801150.SI,2025-07-31,0.13911587452106725,-27.666666666666668
801160.SI,2025-07-31,-0.007668167996627728,-19.333333333333332
801170.SI,2025-07-31,-0.002388489027987494,-20.333333333333332
801180.SI,2025-07-31,0.042555883113353454,-13.0
801200.SI,2025-07-31,0.019152071273586868,-5.666666666666667
801210.SI,2025-07-31,0.05131507481866149,-21.0
801230.SI,2025-07-31,0.0951678226870718,-5.666666666666667
801710.SI,2025-07-31,0.1335617795176363,-25.0
801720.SI,2025-07-31,0.0538723179857048,-8.333333333333334
801730.SI,2025-07-31,0.03504738374047656,-12.666666666666666
801740.SI,2025-07-31,0.031042699686580244,-6.0
801750.SI,2025-07-31,0.03847101761744587,-4.666666666666667
801760.SI,2025-07-31,0.03168105196506876,-2.0
801770.SI,2025-07-31,0.107749991120645,-2.3333333333333335
801880.SI,2025-07-31,0.004254051533411296,-13.0
801890.SI,2025-07-31,0.05662400044450866,-12.333333333333334
801950.SI,2025-07-31,0.026358865400229803,-19.0
801960.SI,2025-07-31,0.045111670739943266,-11.666666666666666
801970.SI,2025-07-31,0.015970562528420995,-13.0
801980.SI,2025-07-31,0.014981415612784987,-22.666666666666668
801010.SI,2025-08-29,0.08202770327255958,-23.666666666666668
801030.SI,2025-08-29,0.0898775194432526,-27.333333333333332
801040.SI,2025-08-29,0.007702394310989735,-4.333333333333333
801050.SI,2025-08-29,0.18914169282820084,-22.333333333333332
801080.SI,2025-08-29,0.24816222677642785,-2.0
801110.SI,2025-08-29,0.06738199524511468,-24.666666666666668
801120.SI,2025-08-29,0.06634363651059894,-23.333333333333332
801130.SI,2025-08-29,0.02726136281456304,-11.666666666666666
801140.SI,2025-08-29,0.06382546482044127,-20.666666666666668
801150.SI,2025-08-29,0.025855564216531457,-28.666666666666668
801160.SI,2025-08-29,0.025134638724279013,-21.333333333333332
801170.SI,2025-08-29,0.021325484278582385,-21.333333333333332
801180.SI,2025-08-29,0.06487221305773949,-15.333333333333334
801200.SI,2025-08-29,0.07475174856558198,-4.666666666666667
801210.SI,2025-08-29,0.05049880086867131,-24.333333333333332
801230.SI,2025-08-29,0.2185806094210807,-4.0
801710.SI,2025-08-29,0.06755188865425699,-12.666666666666666
801720.SI,2025-08-29,0.01839389970909089,-11.333333333333334
801730.SI,2025-08-29,0.15348381919372556,-14.666666666666666
801740.SI,2025-08-29,0.09875113518501656,-9.666666666666666
801750.SI,2025-08-29,0.15470397894470375,-3.6666666666666665
801760.SI,2025-08-29,0.10683714479847416,-5.0
801770.SI,2025-08-29,0.3440251310153639,-5.666666666666667
801880.SI,2025-08-29,0.11624154681297272,-11.333333333333334
801890.SI,2025-08-29,0.12920379703763585,-13.333333333333334
801950.SI,2025-08-29,0.004608812037625975,-14.0
801960.SI,2025-08-29,0.013742400372464658,-15.0
801970.SI,2025-08-29,0.05274871462398201,-14.666666666666666
801980.SI,2025-08-29,0.06830461988126313,-24.333333333333332
801010.SI,2025-09-30,-0.012035355655717117,-23.666666666666668
801030.SI,2025-09-30,0.011994302053583985,-18.333333333333332
801040.SI,2025-09-30,-0.002019618153551228,-13.0
801050.SI,2025-09-30,0.1279747807281597,-11.666666666666666
801080.SI,2025-09-30,0.10935095842905129,-2.3333333333333335
801110.SI,2025-09-30,0.007607524863822324,-27.333333333333332
801120.SI,2025-09-30,-0.04142163622254003,-24.333333333333332
801130.SI,2025-09-30,-0.009313958710204906,-15.0
801140.SI,2025-09-30,-0.005429629475799169,-19.0
801150.SI,2025-09-30,-0.01714768076541795,-26.333333333333332
801160.SI,2025-09-30,0.0040763259746217076,-18.333333333333332
801170.SI,2025-09-30,-0.012683572035544488,-22.0
801180.SI,2025-09-30,0.08151830388970914,-17.666666666666668
801200.SI,2025-09-30,-0.03888922657315552,-9.666666666666666
801210.SI,2025-09-30,-0.047820014523652594,-25.0
801230.SI,2025-09-30,-0.005600682162731463,-3.6666666666666665
801710.SI,2025-09-30,-0.007073228294497302,-22.0
801720.SI,2025-09-30,0.013208913538335088,-8.0
801730.SI,2025-09-30,0.2116445807921181,-14.333333333333334
801740.SI,2025-09-30,-0.07213812385708473,-10.0
801750.SI,2025-09-30,-0.019653390276128332,-6.666666666666667
801760.SI,2025-09-30,0.05383156319996663,-8.0
801770.SI,2025-09-30,-0.001603729008548882,-7.333333333333333
801880.SI,2025-09-30,0.05174510786064168,-12.0
801890.SI,2025-09-30,0.05267243673236299,-5.333333333333333
801950.SI,2025-09-30,0.018956834572331216,-15.333333333333334
801960.SI,2025-09-30,-0.03949728803562291,-19.666666666666668
801970.SI,2025-09-30,0.00780518875778724,-2.6666666666666665
801980.SI,2025-09-30,-0.049966167302366804,-26.333333333333332
801010.SI,2025-10-31,-0.005855829113985078,-22.0
801030.SI,2025-10-31,0.0053478391858978735,-4.333333333333333
801040.SI,2025-10-31,0.05162267974380841,-15.666666666666666
801050.SI,2025-10-31,0.050234521733300674,-13.666666666666666
801080.SI,2025-10-31,-0.03517505617517103,-6.0
801110.SI,2025-10-31,0.006956687816290108,-14.0
801120.SI,2025-10-31,-0.004724628322639312,-28.333333333333332
801130.SI,2025-10-31,0.02738786880491828,-15.333333333333334
801140.SI,2025-10-31,0.012886712935337384,-16.333333333333332
801150.SI,2025-10-31,-0.01831085946864086,-17.0
801160.SI,2025-10-31,0.044757452334905246,-19.666666666666668
801170.SI,2025-10-31,0.027886504070836038,-22.333333333333332
801180.SI,2025-10-31,-0.02366168496928256,-26.0
801200.SI,2025-10-31,0.012435669250124848,-14.333333333333334
801210.SI,2025-10-31,0.002691133043772442,-18.666666666666668
801230.SI,2025-10-31,0.0018298570378583179,-1.6666666666666667
801710.SI,2025-10-31,0.013115431694388002,-5.666666666666667
801720.SI,2025-10-31,0.025084915436279557,-10.666666666666666
801730.SI,2025-10-31,0.010073516873828181,-21.333333333333332
801740.SI,2025-10-31,-0.020069369676368964,-16.666666666666668
801750.SI,2025-10-31,-0.022804462971269368,-8.333333333333334
801760.SI,2025-10-31,-0.06038266962499394,-4.333333333333333
801770.SI,2025-10-31,-0.0045407980354549285,-13.333333333333334
801880.SI,2025-10-31,-0.03600500050126932,-8.0
801890.SI,2025-10-31,-0.016355844077897138,-9.666666666666666
801950.SI,2025-10-31,0.10031361382661627,-14.0
801960.SI,2025-10-31,0.04704186052861292,-23.333333333333332
801970.SI,2025-10-31,0.025740859195794163,-15.666666666666666
801980.SI,2025-10-31,-0.03856295985685732,-28.666666666666668
801010.SI,2025-11-28,0.015331158801855649,-22.0
801030.SI,2025-11-28,0.012446585897084583,-3.0
801040.SI,2025-11-28,-0.006193414686116339,-17.333333333333332
801050.SI,2025-11-28,-0.0262060732320486,-13.666666666666666
801080.SI,2025-11-28,-0.05034505984739246,-8.666666666666666
801110.SI,2025-11-28,0.000758182900097992,-14.666666666666666
801120.SI,2025-11-28,0.008590059152277396,-28.333333333333332
801130.SI,2025-11-28,0.029626935617559802,-13.0
801140.SI,2025-11-28,0.02303697767628421,-14.333333333333334
801150.SI,2025-11-28,-0.03621530397692818,-17.333333333333332
801160.SI,2025-11-28,-0.017612390303267444,-24.333333333333332
801170.SI,2025-11-28,-0.02680529952715438,-23.0
801180.SI,2025-11-28,-0.02807742346215747,-26.0
801200.SI,2025-11-28,0.0015819462627597591,-16.333333333333332
801210.SI,2025-11-28,0.012240879275959848,-13.666666666666666
801230.SI,2025-11-28,0.040561667921889866,-2.6666666666666665
801710.SI,2025-11-28,-0.0200781885445509,-4.666666666666667
801720.SI,2025-11-28,-0.01339429469359521,-20.333333333333332
801730.SI,2025-11-28,-0.03482954392528692,-22.666666666666668
801740.SI,2025-11-28,-0.01568646585057765,-5.0
801750.SI,2025-11-28,-0.05244567705778335,-7.0
801760.SI,2025-11-28,0.01684880101320929,-17.0
801770.SI,2025-11-28,0.01851345429868245,-13.333333333333334
801880.SI,2025-11-28,-0.05075363583511427,-4.0
801890.SI,2025-11-28,-0.03410717917578721,-9.666666666666666
801950.SI,2025-11-28,-0.030859127655129003,-18.0
801960.SI,2025-11-28,0.029015487936684625,-16.0
801970.SI,2025-11-28,-0.02015223032993541,-10.333333333333334
801980.SI,2025-11-28,-0.035494599659070536,-28.666666666666668
801010.SI,2025-12-31,-0.003380360860038012,-19.666666666666668
801030.SI,2025-12-31,0.04426796026092839,-4.666666666666667
801040.SI,2025-12-31,0.021124335742100042,-16.666666666666668
801050.SI,2025-12-31,0.13692170716696328,-11.666666666666666
801080.SI,2025-12-31,0.051712123459505044,-11.0
801110.SI,2025-12-31,0.01250644456259864,-27.0
801120.SI,2025-12-31,-0.0523058779331429,-28.0
801130.SI,2025-12-31,-0.010261059009367024,-15.333333333333334
801140.SI,2025-12-31,0.03751842691854868,-1.6666666666666667
801150.SI,2025-12-31,-0.040996026834262726,-18.333333333333332
801160.SI,2025-12-31,-0.02443646076116246,-24.333333333333332
801170.SI,2025-12-31,0.023510332356933672,-21.333333333333332
801180.SI,2025-12-31,-0.03977355572734709,-24.666666666666668
801200.SI,2025-12-31,0.04018497742445426,-2.0
801210.SI,2025-12-31,-0.005792518530442714,-15.333333333333334
801230.SI,2025-12-31,0.001866898175263642,-5.0
801710.SI,2025-12-31,0.03696587956144337,-7.666666666666667
801720.SI,2025-12-31,-0.00021442695335216401,-19.333333333333332
801730.SI,2025-12-31,0.01264607189730893,-21.666666666666668
801740.SI,2025-12-31,0.17225907617708724,-3.6666666666666665
801750.SI,2025-12-31,-0.002646564474732216,-10.0
801760.SI,2025-12-31,-0.019007660163325116,-8.0
801770.SI,2025-12-31,0.12057621519358609,-10.0
801880.SI,2025-12-31,0.05720168740545106,-23.666666666666668
801890.SI,2025-12-31,0.08599141453068793,-11.666666666666666
801950.SI,2025-12-31,-0.03562172674082132,-19.333333333333332
801960.SI,2025-12-31,0.07020214941340153,-10.333333333333334
801970.SI,2025-12-31,-0.0008465572640853341,-14.333333333333334
801980.SI,2025-12-31,-0.017192280263749415,-28.666666666666668
801010.SI,2026-01-31,-1.5e-05,-26.333333333333332
801030.SI,2026-01-31,0.0012720000000000001,-21.666666666666668
801040.SI,2026-01-31,0.000707,-16.0
801050.SI,2026-01-31,0.0022589999999999997,-19.333333333333332
801080.SI,2026-01-31,0.001051,-2.6666666666666665
801110.SI,2026-01-31,-9.7e-05,-23.333333333333332
801120.SI,2026-01-31,1e-05,-28.0
801130.SI,2026-01-31,0.000593,-2.0
801140.SI,2026-01-31,0.0005070000000000001,-16.333333333333332
801150.SI,2026-01-31,0.000314,-21.0
801160.SI,2026-01-31,0.000319,-24.666666666666668
801170.SI,2026-01-31,-3.8e-05,-17.0
801180.SI,2026-01-31,0.00043,-19.333333333333332
801200.SI,2026-01-31,5.3e-05,-15.0
801210.SI,2026-01-31,0.000593,-21.333333333333332
801230.SI,2026-01-31,0.000997,-7.0
801710.SI,2026-01-31,0.001331,-11.333333333333334
801720.SI,2026-01-31,0.000644,-18.333333333333332
801730.SI,2026-01-31,0.00040500000000000003,-4.0
801740.SI,2026-01-31,0.00040899999999999997,-14.0
801750.SI,2026-01-31,0.0006940000000000001,-2.0
801760.SI,2026-01-31,0.001794,-11.666666666666666
801770.SI,2026-01-31,0.000681,-8.666666666666666
801880.SI,2026-01-31,2.6e-05,-10.333333333333334
801890.SI,2026-01-31,0.0006320000000000001,-9.333333333333334
801950.SI,2026-01-31,0.000786,-14.666666666666666
801960.SI,2026-01-31,0.0016309999999999999,-11.666666666666666
801970.SI,2026-01-31,0.000594,-9.666666666666666
801980.SI,2026-01-31,4.4000000000000006e-05,-28.333333333333332
801010.SI,2026-02-28,-1.4e-05,-27.666666666666668
801030.SI,2026-02-28,0.0005729999999999999,-22.0
801040.SI,2026-02-28,0.001002,-16.333333333333332
801050.SI,2026-02-28,0.000214,-19.333333333333332
801080.SI,2026-02-28,0.00020899999999999998,-3.0
801110.SI,2026-02-28,0.00010200000000000001,-21.0
801120.SI,2026-02-28,1.3e-05,-27.666666666666668
801130.SI,2026-02-28,-4e-06,-1.6666666666666667
801140.SI,2026-02-28,0.000276,-16.666666666666668
801150.SI,2026-02-28,-1.8e-05,-21.333333333333332
801160.SI,2026-02-28,0.00045400000000000003,-22.666666666666668
801170.SI,2026-02-28,0.000412,-14.333333333333334
801180.SI,2026-02-28,-8e-06,-19.0
801200.SI,2026-02-28,-0.000354,-12.0
801210.SI,2026-02-28,9.1e-05,-22.0
801230.SI,2026-02-28,0.00184,-6.333333333333333
801710.SI,2026-02-28,0.0008150000000000001,-11.0
801720.SI,2026-02-28,0.00034500000000000004,-19.333333333333332
801730.SI,2026-02-28,0.00053,-8.333333333333334
801740.SI,2026-02-28,0.000727,-18.666666666666668
801750.SI,2026-02-28,0.000156,-2.0
801760.SI,2026-02-28,-0.000495,-14.0
801770.SI,2026-02-28,2.3e-05,-7.333333333333333
801880.SI,2026-02-28,0.000269,-10.333333333333334
801890.SI,2026-02-28,0.000727,-7.666666666666667
801950.SI,2026-02-28,0.000713,-13.666666666666666
801960.SI,2026-02-28,0.00024400000000000002,-11.666666666666666
801970.SI,2026-02-28,0.0007729999999999999,-9.333333333333334
801980.SI,2026-02-28,0.000275,-28.666666666666668
801010.SI,2026-03-31,-0.0006090000000000001,-27.666666666666668
801030.SI,2026-03-31,-0.0010299999999999999,-19.666666666666668
801040.SI,2026-03-31,-0.001555,-17.333333333333332
801050.SI,2026-03-31,-0.001721,-10.333333333333334
801080.SI,2026-03-31,-0.001351,-2.0
801110.SI,2026-03-31,-0.000713,-24.666666666666668
801120.SI,2026-03-31,-0.000289,-27.666666666666668
801130.SI,2026-03-31,-0.000723,-2.6666666666666665
801140.SI,2026-03-31,-0.0008730000000000001,-14.666666666666666
801150.SI,2026-03-31,-0.00037400000000000004,-22.333333333333332
801160.SI,2026-03-31,0.000125,-15.666666666666666
801170.SI,2026-03-31,-0.000554,-15.666666666666666
801180.SI,2026-03-31,-0.0011250000000000001,-18.333333333333332
801200.SI,2026-03-31,-0.001176,-8.0
801210.SI,2026-03-31,-0.001052,-23.333333333333332
801230.SI,2026-03-31,-0.00127,-6.333333333333333
801710.SI,2026-03-31,-0.001172,-12.0
801720.SI,2026-03-31,-0.000476,-16.0
801730.SI,2026-03-31,-0.000254,-11.333333333333334
801740.SI,2026-03-31,-0.001594,-19.666666666666668
801750.SI,2026-03-31,-0.001493,-6.666666666666667
801760.SI,2026-03-31,-0.001502,-18.0
801770.SI,2026-03-31,-0.00010200000000000001,-7.0
801880.SI,2026-03-31,-0.000905,-18.333333333333332
801890.SI,2026-03-31,-0.0012889999999999998,-9.0
801950.SI,2026-03-31,0.000111,-13.666666666666666
801960.SI,2026-03-31,-0.000317,-9.333333333333334
801970.SI,2026-03-31,-0.0008100000000000001,-9.0
801980.SI,2026-03-31,-0.0011749999999999998,-28.666666666666668
