ts_code,date,actual_ret,pred_lstm_b
801010.SI,2019-01-31,0.035019524,0.010098304
801010.SI,2019-02-28,0.21968728,0.005929476
801010.SI,2019-03-29,0.17532434,0.0027782954
801030.SI,2019-01-31,0.0041830563,0.011174914
801030.SI,2019-02-28,0.17943592,0.010488714
801030.SI,2019-03-29,0.09625483,0.009293028
801040.SI,2019-01-31,0.037908982,0.014032069
801040.SI,2019-02-28,0.14993016,0.016513934
801040.SI,2019-03-29,0.012957635,0.013512813
801050.SI,2019-01-31,-0.020684004,0.006170174
801050.SI,2019-02-28,0.22714397,0.0063356846
801050.SI,2019-03-29,0.030091545,0.0039505106
801080.SI,2019-01-31,0.017643483,0.0152632715
801080.SI,2019-02-28,0.28765854,0.014038987
801080.SI,2019-03-29,0.076438,0.009628886
801110.SI,2019-01-31,0.13089983,0.012466631
801110.SI,2019-02-28,0.10318376,0.0070992247
801110.SI,2019-03-29,0.07773421,0.007168723
801120.SI,2019-01-31,0.09724585,0.012640414
801120.SI,2019-02-28,0.12597595,0.0077810087
801120.SI,2019-03-29,0.16241734,0.0066790744
801130.SI,2019-01-31,-0.02203521,0.013483892
801130.SI,2019-02-28,0.15917484,0.01315083
801130.SI,2019-03-29,0.10844967,0.014798618
801140.SI,2019-01-31,-0.022363609,0.015382871
801140.SI,2019-02-28,0.19189736,0.015607796
801140.SI,2019-03-29,0.14019972,0.01503738
801150.SI,2019-01-31,-0.025338953,0.009099316
801150.SI,2019-02-28,0.21499309,0.008293244
801150.SI,2019-03-29,0.11042705,0.006551862
801160.SI,2019-01-31,-0.033575624,0.007163121
801160.SI,2019-02-28,0.15186888,0.007090541
801160.SI,2019-03-29,0.058378268,0.0071601556
801170.SI,2019-01-31,0.010558587,0.01565226
801170.SI,2019-02-28,0.15334257,0.014387599
801170.SI,2019-03-29,0.07639844,0.013579056
801180.SI,2019-01-31,0.038941808,0.019809354
801180.SI,2019-02-28,0.13689207,0.018291993
801180.SI,2019-03-29,0.11861881,0.017677559
801200.SI,2019-01-31,0.0030794903,0.0074083298
801200.SI,2019-02-28,0.17649373,0.0062893666
801200.SI,2019-03-29,0.08174246,0.005597755
801210.SI,2019-01-31,-0.06648531,0.01800588
801210.SI,2019-02-28,0.17574245,0.014820363
801210.SI,2019-03-29,0.12415932,0.012884375
801230.SI,2019-01-31,-0.04287324,0.007673726
801230.SI,2019-02-28,0.22987233,0.0050515733
801230.SI,2019-03-29,0.13969237,0.0066946005
801710.SI,2019-01-31,0.041581456,0.023410982
801710.SI,2019-02-28,0.15878849,0.020499958
801710.SI,2019-03-29,0.11350529,0.020901361
801720.SI,2019-01-31,-0.014933274,0.023528585
801720.SI,2019-02-28,0.1441175,0.022436382
801720.SI,2019-03-29,0.050143167,0.024628302
801730.SI,2019-01-31,0.042742576,0.01797179
801730.SI,2019-02-28,0.17062275,0.012200806
801730.SI,2019-03-29,0.074896455,0.01124202
801740.SI,2019-01-31,0.019720478,0.0167643
801740.SI,2019-02-28,0.22236368,0.010603777
801740.SI,2019-03-29,0.10779445,0.007000447
801750.SI,2019-01-31,0.00905455,0.012407656
801750.SI,2019-02-28,0.27986157,0.009161946
801750.SI,2019-03-29,0.1496333,0.008436899
801760.SI,2019-01-31,-0.038671516,0.0099532725
801760.SI,2019-02-28,0.25679922,0.00784339
801760.SI,2019-03-29,0.05972889,0.010728553
801770.SI,2019-01-31,-0.013481533,0.02352488
801770.SI,2019-02-28,0.27878556,0.015747523
801770.SI,2019-03-29,0.056553934,0.014820993
801880.SI,2019-01-31,-0.0053491257,0.013078716
801880.SI,2019-02-28,0.15705314,0.0104330005
801880.SI,2019-03-29,0.038978312,0.010964192
801890.SI,2019-01-31,0.0072042597,0.019858928
801890.SI,2019-02-28,0.19186589,0.016534712
801890.SI,2019-03-29,0.09400806,0.016321825
801950.SI,2019-01-31,0.053232264,-0.002356644
801950.SI,2019-02-28,0.12977965,0.0011785688
801950.SI,2019-03-29,0.027742045,-0.0032531142
801960.SI,2019-01-31,0.033259034,0.005115609
801960.SI,2019-02-28,0.12895727,0.0073936232
801960.SI,2019-03-29,0.050977506,0.009417021
801970.SI,2019-01-31,-0.061836362,0.011623318
801970.SI,2019-02-28,0.22855759,0.0079693785
801970.SI,2019-03-29,0.06203471,0.006391909
801980.SI,2019-01-31,-0.0331487,0.0033277764
801980.SI,2019-02-28,0.18415754,0.0020067797
801980.SI,2019-03-29,0.11640957,0.0022095933
801010.SI,2019-04-30,0.05834174,-0.00040388355
801010.SI,2019-05-31,-0.01723727,-0.0015318779
801010.SI,2019-06-28,-0.08019697,-0.00026377788
801030.SI,2019-04-30,-0.014245985,0.0034282089
801030.SI,2019-05-31,-0.09169967,-0.002789164
801030.SI,2019-06-28,-0.0050796433,0.0033823207
801040.SI,2019-04-30,-0.053514313,0.00262676
801040.SI,2019-05-31,-0.07536981,-0.0032368135
801040.SI,2019-06-28,-0.0077537377,0.003885188
801050.SI,2019-04-30,-0.06389732,0.006020656
801050.SI,2019-05-31,0.02272149,0.003892801
801050.SI,2019-06-28,0.019289684,0.0077809137
801080.SI,2019-04-30,-0.05535863,0.0033892274
801080.SI,2019-05-31,-0.08365547,0.0014005359
801080.SI,2019-06-28,0.032424692,0.009040782
801110.SI,2019-04-30,0.052612104,-0.0016322011
801110.SI,2019-05-31,-0.0631975,-0.0045043123
801110.SI,2019-06-28,0.039977163,6.138844e-05
801120.SI,2019-04-30,0.063634776,0.008222439
801120.SI,2019-05-31,-0.04352577,2.194817e-06
801120.SI,2019-06-28,0.10244249,0.0027055151
801130.SI,2019-04-30,-0.056599196,0.010896581
801130.SI,2019-05-31,-0.06818652,0.0070498693
801130.SI,2019-06-28,-0.010880316,0.009633625
801140.SI,2019-04-30,-0.067110084,0.0070082974
801140.SI,2019-05-31,-0.07442756,0.003864418
801140.SI,2019-06-28,-0.0052473033,0.0104703605
801150.SI,2019-04-30,-0.019088436,-2.5782114e-05
801150.SI,2019-05-31,-0.07575499,-0.0059669376
801150.SI,2019-06-28,0.018534392,-0.0005425469
801160.SI,2019-04-30,-0.032914035,-0.00058104657
801160.SI,2019-05-31,-0.046060856,-0.004617412
801160.SI,2019-06-28,0.021326708,0.0006901628
801170.SI,2019-04-30,0.009452505,0.008622698
801170.SI,2019-05-31,-0.06983148,0.006080277
801170.SI,2019-06-28,0.024732979,0.010514274
801180.SI,2019-04-30,-0.039453477,0.0058594183
801180.SI,2019-05-31,-0.074664906,-0.00023194838
801180.SI,2019-06-28,0.00913719,0.005624358
801200.SI,2019-04-30,-0.0149332415,-0.0054521733
801200.SI,2019-05-31,-0.087629266,-0.010360356
801200.SI,2019-06-28,0.02141585,-0.0042194477
801210.SI,2019-04-30,-0.013291309,0.0099457195
801210.SI,2019-05-31,-0.05795201,0.005711432
801210.SI,2019-06-28,0.082303315,0.010951333
801230.SI,2019-04-30,-0.051834855,0.0020965133
801230.SI,2019-05-31,-0.06323476,-0.0023891914
801230.SI,2019-06-28,0.0009722466,0.0018809357
801710.SI,2019-04-30,-0.028383126,0.010415321
801710.SI,2019-05-31,-0.040403496,0.0063211755
801710.SI,2019-06-28,0.033198837,0.013404995
801720.SI,2019-04-30,-0.05004839,0.014033921
801720.SI,2019-05-31,-0.0861545,0.009290564
801720.SI,2019-06-28,0.0138604455,0.013629653
801730.SI,2019-04-30,-0.05066466,0.0042939503
801730.SI,2019-05-31,-0.0583853,0.003384947
801730.SI,2019-06-28,-0.013612953,0.008677916
801740.SI,2019-04-30,-0.073203996,-0.00302017
801740.SI,2019-05-31,-0.015802918,-0.001417147
801740.SI,2019-06-28,-0.00051643024,0.006757396
801750.SI,2019-04-30,-0.0731969,0.0027205541
801750.SI,2019-05-31,-0.056475367,-9.911383e-05
801750.SI,2019-06-28,0.02271854,0.006028756
801760.SI,2019-04-30,-0.07649707,-0.0015112404
801760.SI,2019-05-31,-0.09127412,-0.00529867
801760.SI,2019-06-28,0.0033343905,-0.0010740887
801770.SI,2019-04-30,-0.023133479,0.012671106
801770.SI,2019-05-31,-0.08830365,0.01001493
801770.SI,2019-06-28,0.03528007,0.01281027
801880.SI,2019-04-30,0.019230071,0.0023789338
801880.SI,2019-05-31,-0.10473419,-0.0016008597
801880.SI,2019-06-28,0.00861987,0.0020228655
801890.SI,2019-04-30,-0.04696101,0.004911088
801890.SI,2019-05-31,-0.05643478,0.0014761953
801890.SI,2019-06-28,0.019701937,0.0081111165
801950.SI,2019-04-30,0.04149534,-0.0026584447
801950.SI,2019-05-31,-0.08075754,-0.0095319925
801950.SI,2019-06-28,0.010518817,-0.0041504228
801960.SI,2019-04-30,-0.0025058382,0.0053276974
801960.SI,2019-05-31,-0.07097719,-0.0013922285
801960.SI,2019-06-28,-0.002999616,0.0029487547
801970.SI,2019-04-30,-0.047921408,-0.0016937336
801970.SI,2019-05-31,-0.08813688,-0.0053169955
801970.SI,2019-06-28,0.082411095,0.0017580254
801980.SI,2019-04-30,-0.061315022,0.002500207
801980.SI,2019-05-31,-0.047595907,-0.0012290565
801980.SI,2019-06-28,0.037090488,-0.0017122807
801010.SI,2019-07-31,0.0726529,0.0058546546
801010.SI,2019-08-30,0.008195293,0.008325647
801010.SI,2019-09-30,-0.08539763,0.010656655
801030.SI,2019-07-31,-0.0012556145,0.017037697
801030.SI,2019-08-30,-0.029594613,0.0203004
801030.SI,2019-09-30,0.018375149,0.018823152
801040.SI,2019-07-31,-0.05336148,0.016620247
801040.SI,2019-08-30,-0.05705137,0.020050582
801040.SI,2019-09-30,-0.0033182874,0.0208843
801050.SI,2019-07-31,-0.056470048,0.011711295
801050.SI,2019-08-30,0.021223832,0.013182834
801050.SI,2019-09-30,-0.035030082,0.013018713
801080.SI,2019-07-31,0.06965691,0.015130228
801080.SI,2019-08-30,0.043372165,0.016073726
801080.SI,2019-09-30,0.076465555,0.011552128
801110.SI,2019-07-31,0.009263358,0.016690267
801110.SI,2019-08-30,-0.017373828,0.019346053
801110.SI,2019-09-30,0.0020932148,0.019188782
801120.SI,2019-07-31,-0.027452271,0.012132836
801120.SI,2019-08-30,0.08980702,0.015754264
801120.SI,2019-09-30,-0.022312874,0.01658822
801130.SI,2019-07-31,-0.036975354,0.020216012
801130.SI,2019-08-30,-0.012378008,0.022548875
801130.SI,2019-09-30,0.0071998956,0.019919517
801140.SI,2019-07-31,-0.027250934,0.021319335
801140.SI,2019-08-30,-0.015891006,0.024196723
801140.SI,2019-09-30,0.0009718707,0.021570457
801150.SI,2019-07-31,-0.0015306154,0.015344718
801150.SI,2019-08-30,0.066432945,0.018633964
801150.SI,2019-09-30,-0.0012646907,0.015044198
801160.SI,2019-07-31,-0.024270799,0.011970612
801160.SI,2019-08-30,-0.024150299,0.014612466
801160.SI,2019-09-30,-0.010960733,0.013087391
801170.SI,2019-07-31,-0.012125537,0.017119342
801170.SI,2019-08-30,-0.032743633,0.020246854
801170.SI,2019-09-30,-0.007098333,0.019904671
801180.SI,2019-07-31,-0.014915454,0.02051858
801180.SI,2019-08-30,-0.066948466,0.022774184
801180.SI,2019-09-30,0.012769526,0.021459647
801200.SI,2019-07-31,-0.043112542,0.011615895
801200.SI,2019-08-30,-0.014420603,0.015618008
801200.SI,2019-09-30,-0.011804034,0.0154559305
801210.SI,2019-07-31,0.010954932,0.020520296
801210.SI,2019-08-30,0.019491205,0.024704874
801210.SI,2019-09-30,-0.013851675,0.023739353
801230.SI,2019-07-31,-0.032139137,0.0136417
801230.SI,2019-08-30,-0.011368721,0.016812703
801230.SI,2019-09-30,0.0026573248,0.016464997
801710.SI,2019-07-31,-0.037037577,0.0227559
801710.SI,2019-08-30,-0.035229113,0.022777358
801710.SI,2019-09-30,0.028539171,0.02059658
801720.SI,2019-07-31,-0.026045797,0.024610782
801720.SI,2019-08-30,-0.056818794,0.026226668
801720.SI,2019-09-30,0.004933584,0.023776352
801730.SI,2019-07-31,0.0063152243,0.016528754
801730.SI,2019-08-30,-0.013813126,0.018380957
801730.SI,2019-09-30,0.01430941,0.016943317
801740.SI,2019-07-31,0.04996717,0.021008322
801740.SI,2019-08-30,0.045588158,0.021147555
801740.SI,2019-09-30,-0.069249004,0.017659673
801750.SI,2019-07-31,-0.013504079,0.012869959
801750.SI,2019-08-30,0.031370766,0.014632893
801750.SI,2019-09-30,0.03576191,0.013027768
801760.SI,2019-07-31,-0.02675965,0.014703776
801760.SI,2019-08-30,0.0030567693,0.017861886
801760.SI,2019-09-30,0.020340826,0.017692002
801770.SI,2019-07-31,-0.03829134,0.017843489
801770.SI,2019-08-30,-0.053209633,0.021155098
801770.SI,2019-09-30,0.054733396,0.020538371
801880.SI,2019-07-31,-0.010278344,0.01237576
801880.SI,2019-08-30,-0.015721213,0.016324162
801880.SI,2019-09-30,-0.016218198,0.015869012
801890.SI,2019-07-31,-0.003858624,0.019915786
801890.SI,2019-08-30,-0.04613689,0.021238068
801890.SI,2019-09-30,0.02965629,0.018306367
801950.SI,2019-07-31,-0.01860994,0.007964904
801950.SI,2019-08-30,-0.05148253,0.011973441
801950.SI,2019-09-30,-0.007318925,0.009673097
801960.SI,2019-07-31,-0.047304653,0.01512587
801960.SI,2019-08-30,-0.047986776,0.019276991
801960.SI,2019-09-30,0.026153436,0.020440126
801970.SI,2019-07-31,-0.0720834,0.012437877
801970.SI,2019-08-30,-0.042542435,0.010552924
801970.SI,2019-09-30,-0.012070578,0.00890821
801980.SI,2019-07-31,0.006591025,0.0056998306
801980.SI,2019-08-30,0.029866794,0.009017211
801980.SI,2019-09-30,0.0057340437,0.010953897
801010.SI,2019-10-31,0.1259916,0.0042781834
801010.SI,2019-11-29,-0.09574074,0.0031955584
801010.SI,2019-12-31,0.016732663,0.0016538134
801030.SI,2019-10-31,-0.0092681805,0.00944242
801030.SI,2019-11-29,-0.0023862226,0.007371224
801030.SI,2019-12-31,0.10161655,0.0047472976
801040.SI,2019-10-31,-0.023646653,0.014957349
801040.SI,2019-11-29,0.022890957,0.013902686
801040.SI,2019-12-31,0.049602192,0.010404336
801050.SI,2019-10-31,-0.04927538,0.009851043
801050.SI,2019-11-29,0.009260526,0.008786702
801050.SI,2019-12-31,0.15233488,0.010028594
801080.SI,2019-10-31,0.0017948986,0.0029402245
801080.SI,2019-11-29,0.035980735,0.0021256208
801080.SI,2019-12-31,0.105419286,0.0059899646
801110.SI,2019-10-31,0.047935393,0.0049223807
801110.SI,2019-11-29,-0.012709634,0.0045147357
801110.SI,2019-12-31,0.1078365,-0.0010721423
801120.SI,2019-10-31,0.016530756,0.008770146
801120.SI,2019-11-29,-0.02570265,0.006601821
801120.SI,2019-12-31,0.046139788,0.004048304
801130.SI,2019-10-31,-0.017172948,0.008222501
801130.SI,2019-11-29,-0.04545178,0.0065121874
801130.SI,2019-12-31,0.089861,0.006395726
801140.SI,2019-10-31,0.023622535,0.0066944305
801140.SI,2019-11-29,-0.015691975,0.004787546
801140.SI,2019-12-31,0.08205745,0.0034490433
801150.SI,2019-10-31,0.0465249,0.0023536875
801150.SI,2019-11-29,-0.026416203,0.0017320247
801150.SI,2019-12-31,0.04009607,-0.00018243429
801160.SI,2019-10-31,-0.00081186846,0.0046422794
801160.SI,2019-11-29,-0.020106642,0.0003431663
801160.SI,2019-12-31,0.027567243,-0.0013674261
801170.SI,2019-10-31,-0.010035721,0.010949194
801170.SI,2019-11-29,-0.026696382,0.00926811
801170.SI,2019-12-31,0.062178534,0.0064518694
801180.SI,2019-10-31,0.020401098,0.009216431
801180.SI,2019-11-29,-0.01211215,0.0063332226
801180.SI,2019-12-31,0.10461382,0.0044978703
801200.SI,2019-10-31,-0.008448197,0.006026942
801200.SI,2019-11-29,-0.040721737,0.0018015318
801200.SI,2019-12-31,0.047887236,-0.001882296
801210.SI,2019-10-31,-0.019063722,0.014215444
801210.SI,2019-11-29,-0.044560164,0.011617179
801210.SI,2019-12-31,0.08249862,0.009069262
801230.SI,2019-10-31,0.008844987,0.01005889
801230.SI,2019-11-29,-0.007953928,0.0065314616
801230.SI,2019-12-31,0.10176595,0.004714348
801710.SI,2019-10-31,0.01366387,0.014310636
801710.SI,2019-11-29,0.05261444,0.013544398
801710.SI,2019-12-31,0.14385009,0.008725024
801720.SI,2019-10-31,-0.018746138,0.014664586
801720.SI,2019-11-29,-0.014476667,0.012974712
801720.SI,2019-12-31,0.052375972,0.010850062
801730.SI,2019-10-31,-0.026469823,0.008495419
801730.SI,2019-11-29,0.016094394,0.0067260545
801730.SI,2019-12-31,0.07995668,0.0042851544
801740.SI,2019-10-31,-0.047810942,0.012046824
801740.SI,2019-11-29,-0.017464485,0.012223254
801740.SI,2019-12-31,0.056763258,0.012780336
801750.SI,2019-10-31,0.011391083,0.002319441
801750.SI,2019-11-29,-0.028349064,0.00067759614
801750.SI,2019-12-31,0.07688682,0.00018342833
801760.SI,2019-10-31,0.0209228,0.0067321043
801760.SI,2019-11-29,-0.011768627,0.0034505718
801760.SI,2019-12-31,0.11843388,0.00064742006
801770.SI,2019-10-31,-0.019207872,0.013417431
801770.SI,2019-11-29,-0.042170238,0.01317687
801770.SI,2019-12-31,0.08227959,0.01213148
801880.SI,2019-10-31,-0.014586417,0.0030664802
801880.SI,2019-11-29,0.018341474,0.00073177303
801880.SI,2019-12-31,0.08294737,-0.0009006392
801890.SI,2019-10-31,-0.020744901,0.0058108065
801890.SI,2019-11-29,-0.012833958,0.0038915898
801890.SI,2019-12-31,0.08862581,0.002780582
801950.SI,2019-10-31,-0.027872175,0.0046549407
801950.SI,2019-11-29,-0.013122549,0.004575645
801950.SI,2019-12-31,0.058161616,0.0019433362
801960.SI,2019-10-31,0.009248488,0.011338164
801960.SI,2019-11-29,-0.005210346,0.008314093
801960.SI,2019-12-31,0.050579306,0.0056367177
801970.SI,2019-10-31,-0.0014345151,0.0015183961
801970.SI,2019-11-29,-0.033242438,0.0037929702
801970.SI,2019-12-31,0.031815298,0.00073068775
801980.SI,2019-10-31,0.024117762,0.0032294411
801980.SI,2019-11-29,-0.05939897,-0.0035943433
801980.SI,2019-12-31,0.061622757,-0.0033007804
801010.SI,2020-01-23,-0.04017818,0.009497698
801010.SI,2020-02-28,0.08253699,0.008753515
801010.SI,2020-03-31,0.112932995,0.008155144
801030.SI,2020-01-23,-0.0014978352,0.014611668
801030.SI,2020-02-28,-0.0014992079,0.012261885
801030.SI,2020-03-31,-0.08491479,0.010341321
801040.SI,2020-01-23,-0.061201446,0.016076995
801040.SI,2020-02-28,-0.045378156,0.011845955
801040.SI,2020-03-31,-0.018881438,0.013048344
801050.SI,2020-01-23,-0.00836451,0.01719647
801050.SI,2020-02-28,-0.024519471,0.011120905
801050.SI,2020-03-31,-0.10534239,0.009670974
801080.SI,2020-01-23,0.13551536,0.011518531
801080.SI,2020-02-28,0.05408314,0.0066756434
801080.SI,2020-03-31,-0.20430174,0.002077564
801110.SI,2020-01-23,-0.026480645,0.0073146163
801110.SI,2020-02-28,-0.031451847,0.0054039652
801110.SI,2020-03-31,-0.10837693,0.0067586987
801120.SI,2020-01-23,-0.058554325,0.016533462
801120.SI,2020-02-28,-0.023899749,0.015615344
801120.SI,2020-03-31,0.04260437,0.01500969
801130.SI,2020-01-23,-0.018443381,0.016215177
801130.SI,2020-02-28,0.02348125,0.013229635
801130.SI,2020-03-31,-0.040058002,0.011874457
801140.SI,2020-01-23,-0.0040542614,0.013460342
801140.SI,2020-02-28,-0.020710168,0.011834174
801140.SI,2020-03-31,-0.05343518,0.01181801
801150.SI,2020-01-23,0.046777632,0.0076122074
801150.SI,2020-02-28,0.023450935,0.005307266
801150.SI,2020-03-31,0.011852589,0.0011336481
801160.SI,2020-01-23,-0.03622597,0.008797391
801160.SI,2020-02-28,-0.027239664,0.010870102
801160.SI,2020-03-31,-0.016031994,0.011304073
801170.SI,2020-01-23,-0.06627485,0.01463284
801170.SI,2020-02-28,-0.0599934,0.013519827
801170.SI,2020-03-31,-0.03081743,0.013409971
801180.SI,2020-01-23,-0.06594483,0.013140625
801180.SI,2020-02-28,-0.01918625,0.012090313
801180.SI,2020-03-31,-0.062388666,0.011522643
801200.SI,2020-01-23,-0.03239443,0.008293506
801200.SI,2020-02-28,-0.036985602,0.0069277226
801200.SI,2020-03-31,0.053899214,0.0057177865
801210.SI,2020-01-23,-0.08684093,0.016774211
801210.SI,2020-02-28,-0.031134568,0.013094533
801210.SI,2020-03-31,-0.09644932,0.0124445595
801230.SI,2020-01-23,0.01978418,0.013083872
801230.SI,2020-02-28,0.03198327,0.011415553
801230.SI,2020-03-31,-0.0732983,0.008420545
801710.SI,2020-01-23,-0.059044022,0.013362664
801710.SI,2020-02-28,0.07170493,0.010103658
801710.SI,2020-03-31,0.0062969327,0.012706914
801720.SI,2020-01-23,-0.027047519,0.018964848
801720.SI,2020-02-28,-0.017126305,0.01671036
801720.SI,2020-03-31,0.0058542094,0.015969204
801730.SI,2020-01-23,0.053567916,0.013240383
801730.SI,2020-02-28,0.016875291,0.0101938695
801730.SI,2020-03-31,-0.08053524,0.00861607
801740.SI,2020-01-23,0.03156893,0.018462816
801740.SI,2020-02-28,0.008397606,0.013086312
801740.SI,2020-03-31,-0.08455556,0.009141243
801750.SI,2020-01-23,0.07755699,0.008971901
801750.SI,2020-02-28,0.10623118,0.0057596206
801750.SI,2020-03-31,-0.12820804,0.00028621344
801760.SI,2020-01-23,0.025929794,0.010761733
801760.SI,2020-02-28,0.018068232,0.0033906437
801760.SI,2020-03-31,-0.10820171,0.0021822744
801770.SI,2020-01-23,0.01453947,0.019308573
801770.SI,2020-02-28,0.11069345,0.016167289
801770.SI,2020-03-31,-0.079268895,0.012181475
801880.SI,2020-01-23,0.019810136,0.006732701
801880.SI,2020-02-28,0.017246597,0.00309149
801880.SI,2020-03-31,-0.10127751,0.0019595337
801890.SI,2020-01-23,-0.012083443,0.013311478
801890.SI,2020-02-28,0.011554779,0.01045217
801890.SI,2020-03-31,-0.06747215,0.009230106
801950.SI,2020-01-23,-0.057922605,0.009840476
801950.SI,2020-02-28,-0.052992538,0.007018616
801950.SI,2020-03-31,-0.04845817,0.009175898
801960.SI,2020-01-23,-0.025905207,0.0148675665
801960.SI,2020-02-28,-0.06717827,0.013179979
801960.SI,2020-03-31,-0.0801183,0.013548013
801970.SI,2020-01-23,0.00896657,0.009957668
801970.SI,2020-02-28,0.012473833,0.0073055536
801970.SI,2020-03-31,-0.04067858,0.0060990267
801980.SI,2020-01-23,0.010319977,0.010392207
801980.SI,2020-02-28,0.019583564,0.0112272315
801980.SI,2020-03-31,0.021790043,0.010449566
801010.SI,2020-04-30,-0.0033396713,0.00795969
801010.SI,2020-05-29,-0.043920137,0.0039460524
801010.SI,2020-06-30,0.0611919,0.00039350396
801030.SI,2020-04-30,0.047167473,0.0057327836
801030.SI,2020-05-29,0.010838569,0.012008606
801030.SI,2020-06-30,0.064631894,0.015153535
801040.SI,2020-04-30,0.028161779,0.015828278
801040.SI,2020-05-29,-0.016854374,0.01908025
801040.SI,2020-06-30,0.011530415,0.015278678
801050.SI,2020-04-30,0.019730091,0.0021216066
801050.SI,2020-05-29,0.041067183,0.011839463
801050.SI,2020-06-30,0.04672303,0.010817588
801080.SI,2020-04-30,0.11406341,-0.001629878
801080.SI,2020-05-29,-0.015405513,0.011506456
801080.SI,2020-06-30,0.1918046,0.017985431
801110.SI,2020-04-30,0.076525755,0.0051754103
801110.SI,2020-05-29,0.06152902,0.014674969
801110.SI,2020-06-30,0.02413169,0.012661923
801120.SI,2020-04-30,0.08693154,0.010936033
801120.SI,2020-05-29,0.09096141,0.00827106
801120.SI,2020-06-30,0.08597532,0.00057584886
801130.SI,2020-04-30,-0.05250459,0.009740364
801130.SI,2020-05-29,-0.004551647,0.014327374
801130.SI,2020-06-30,0.03439358,0.012137723
801140.SI,2020-04-30,0.0069478955,0.010959174
801140.SI,2020-05-29,0.062074285,0.014649185
801140.SI,2020-06-30,0.035112653,0.010915644
801150.SI,2020-04-30,0.054641347,-0.008898231
801150.SI,2020-05-29,0.050325476,-0.0007073426
801150.SI,2020-06-30,0.16865382,0.009478524
801160.SI,2020-04-30,0.019296356,0.008974242
801160.SI,2020-05-29,-0.02132601,0.00884784
801160.SI,2020-06-30,0.0260205,0.005612695
801170.SI,2020-04-30,0.03941828,0.01352018
801170.SI,2020-05-29,0.0020975228,0.017533861
801170.SI,2020-06-30,0.01420645,0.016389763
801180.SI,2020-04-30,0.04214203,0.012291412
801180.SI,2020-05-29,-0.030988853,0.018885605
801180.SI,2020-06-30,0.046220683,0.016755933
801200.SI,2020-04-30,0.005485889,0.0017544333
801200.SI,2020-05-29,0.07241854,0.0050318143
801200.SI,2020-06-30,0.09098694,0.0029755828
801210.SI,2020-04-30,0.21705994,0.0086359205
801210.SI,2020-05-29,0.066674255,0.015309156
801210.SI,2020-06-30,0.2533831,0.013077364
801230.SI,2020-04-30,0.025855321,-0.0003495825
801230.SI,2020-05-29,0.0061451,0.0026012773
801230.SI,2020-06-30,0.069656126,0.0034863933
801710.SI,2020-04-30,0.085906915,0.008542766
801710.SI,2020-05-29,-0.016277773,0.014353398
801710.SI,2020-06-30,-0.011085112,0.009135183
801720.SI,2020-04-30,0.005027039,0.008209546
801720.SI,2020-05-29,-0.03718289,0.014889902
801720.SI,2020-06-30,-0.008313969,0.015365109
801730.SI,2020-04-30,0.1000489,-0.0041114558
801730.SI,2020-05-29,-0.0073901787,0.005753404
801730.SI,2020-06-30,0.10757591,0.008741074
801740.SI,2020-04-30,0.073779486,0.0005461217
801740.SI,2020-05-29,0.004276212,0.0076571354
801740.SI,2020-06-30,0.029314829,0.009962625
801750.SI,2020-04-30,0.07545328,-0.005666127
801750.SI,2020-05-29,-0.022712292,0.003194824
801750.SI,2020-06-30,0.11458249,0.011828012
801760.SI,2020-04-30,0.055593215,-0.0033580626
801760.SI,2020-05-29,0.024022445,0.010341649
801760.SI,2020-06-30,0.16554905,0.012389515
801770.SI,2020-04-30,0.018364638,-0.0036894244
801770.SI,2020-05-29,-0.0584026,0.0031907076
801770.SI,2020-06-30,0.07813454,0.015761359
801880.SI,2020-04-30,0.011705126,-0.0011454932
801880.SI,2020-05-29,-0.0019185907,0.006261626
801880.SI,2020-06-30,0.06464965,0.0068108737
801890.SI,2020-04-30,0.04950374,0.0013711111
801890.SI,2020-05-29,0.01145042,0.010463028
801890.SI,2020-06-30,0.062186256,0.010993867
801950.SI,2020-04-30,-0.00018953327,0.009483577
801950.SI,2020-05-29,0.0012345752,0.011234599
801950.SI,2020-06-30,-0.0044626733,0.007024528
801960.SI,2020-04-30,0.008871323,0.006225267
801960.SI,2020-05-29,-0.036091495,0.0045412634
801960.SI,2020-06-30,0.01068573,0.002026159
801970.SI,2020-04-30,0.04025092,-0.0026018496
801970.SI,2020-05-29,-0.024594665,0.0018034804
801970.SI,2020-06-30,0.015539326,-0.0011714498
801980.SI,2020-04-30,0.094641805,-0.0040094503
801980.SI,2020-05-29,0.16809916,-0.00043353904
801980.SI,2020-06-30,0.121256165,-0.009760677
801010.SI,2020-07-31,0.1625281,0.011752784
801010.SI,2020-08-31,0.050151065,0.0100764055
801010.SI,2020-09-30,-0.17295055,0.00539116
801030.SI,2020-07-31,0.18226239,0.013659607
801030.SI,2020-08-31,0.040979475,0.009682999
801030.SI,2020-09-30,-0.060045116,0.004488198
801040.SI,2020-07-31,0.05658621,0.010943532
801040.SI,2020-08-31,0.02004204,0.006626979
801040.SI,2020-09-30,-0.035419438,0.006114943
801050.SI,2020-07-31,0.20292804,0.01095437
801050.SI,2020-08-31,-0.010342936,0.0048193354
801050.SI,2020-09-30,-0.096505016,0.0027675137
801080.SI,2020-07-31,0.108159855,0.010676824
801080.SI,2020-08-31,-0.013531192,0.0042522307
801080.SI,2020-09-30,-0.06099455,0.0034260608
801110.SI,2020-07-31,0.10850897,0.011366424
801110.SI,2020-08-31,0.006552169,0.0062125004
801110.SI,2020-09-30,-0.018235417,0.0037590824
801120.SI,2020-07-31,0.17308278,0.009362672
801120.SI,2020-08-31,0.12027207,0.0062822695
801120.SI,2020-09-30,-0.091530055,0.008194561
801130.SI,2020-07-31,0.057824347,0.012744005
801130.SI,2020-08-31,0.022336813,0.010084723
801130.SI,2020-09-30,-0.05635641,0.01047947
801140.SI,2020-07-31,0.1525104,0.0077133626
801140.SI,2020-08-31,0.04791663,0.004754258
801140.SI,2020-09-30,-0.08446517,0.003346676
801150.SI,2020-07-31,0.15635283,0.010388566
801150.SI,2020-08-31,-0.027571628,0.0050842515
801150.SI,2020-09-30,-0.084650315,0.002355817
801160.SI,2020-07-31,0.09167443,0.0069945534
801160.SI,2020-08-31,0.031002454,0.0041292887
801160.SI,2020-09-30,-0.05974795,0.0019164527
801170.SI,2020-07-31,0.08298223,0.015416733
801170.SI,2020-08-31,0.05319423,0.011077036
801170.SI,2020-09-30,-0.058254,0.009022168
801180.SI,2020-07-31,0.075282514,0.015061083
801180.SI,2020-08-31,0.016396096,0.010839775
801180.SI,2020-09-30,-0.04604216,0.01061255
801200.SI,2020-07-31,0.108718604,0.006485771
801200.SI,2020-08-31,-0.051453356,0.0028955583
801200.SI,2020-09-30,-0.08169773,0.004124097
801210.SI,2020-07-31,0.41371825,0.01179783
801210.SI,2020-08-31,-0.08790119,0.0057718023
801210.SI,2020-09-30,0.031518128,0.005103225
801230.SI,2020-07-31,0.12020268,0.009433058
801230.SI,2020-08-31,0.022376077,0.0071471203
801230.SI,2020-09-30,-0.10727879,0.007620673
801710.SI,2020-07-31,0.23923457,0.013685013
801710.SI,2020-08-31,0.019356696,0.010673809
801710.SI,2020-09-30,-0.09247953,0.007668316
801720.SI,2020-07-31,0.107444644,0.01695511
801720.SI,2020-08-31,0.036017172,0.01214831
801720.SI,2020-09-30,-0.07365358,0.00905002
801730.SI,2020-07-31,0.21162829,0.011262844
801730.SI,2020-08-31,0.017784616,0.005309452
801730.SI,2020-09-30,0.021562386,0.0018177213
801740.SI,2020-07-31,0.27775097,0.013755488
801740.SI,2020-08-31,0.069264576,0.006815238
801740.SI,2020-09-30,-0.048340317,0.0008489148
801750.SI,2020-07-31,0.06441638,0.012568685
801750.SI,2020-08-31,-0.0027126102,0.008801528
801750.SI,2020-09-30,-0.0883908,0.00872468
801760.SI,2020-07-31,0.07454033,0.011455988
801760.SI,2020-08-31,0.029845906,0.005407806
801760.SI,2020-09-30,-0.0806231,0.0051656156
801770.SI,2020-07-31,0.03281398,0.017067926
801770.SI,2020-08-31,-0.00860671,0.010979138
801770.SI,2020-09-30,-0.102419265,0.008670127
801880.SI,2020-07-31,0.14226428,0.0056831487
801880.SI,2020-08-31,0.049829982,0.0015750924
801880.SI,2020-09-30,0.011186504,-0.0009987125
801890.SI,2020-07-31,0.1255665,0.01095562
801890.SI,2020-08-31,0.048921704,0.005705277
801890.SI,2020-09-30,-0.041485332,0.0029674515
801950.SI,2020-07-31,0.12736647,0.008831723
801950.SI,2020-08-31,0.00054477644,0.0033457323
801950.SI,2020-09-30,-0.030296298,0.0036330204
801960.SI,2020-07-31,0.12837368,0.010768592
801960.SI,2020-08-31,0.07386889,0.007241054
801960.SI,2020-09-30,-0.082213834,0.0031419676
801970.SI,2020-07-31,0.111290365,0.0034560196
801970.SI,2020-08-31,0.063023545,0.00037604137
801970.SI,2020-09-30,-0.09477314,-0.0017667431
801980.SI,2020-07-31,0.07610356,0.0072237942
801980.SI,2020-08-31,-0.02187987,0.0045873965
801980.SI,2020-09-30,-0.087249026,0.0021510727
801010.SI,2020-10-30,-0.046191577,-0.0022994608
801010.SI,2020-11-30,0.03108286,0.018454028
801010.SI,2020-12-31,0.018796694,0.048212606
801030.SI,2020-10-30,0.0275039,-0.007643348
801030.SI,2020-11-30,0.07622873,0.018656291
801030.SI,2020-12-31,0.025942214,0.033083845
801040.SI,2020-10-30,0.01705808,0.0074225627
801040.SI,2020-11-30,0.10936127,0.03754079
801040.SI,2020-12-31,-0.006071889,0.025344348
801050.SI,2020-10-30,0.019146362,-0.018620016
801050.SI,2020-11-30,0.20517632,0.019461336
801050.SI,2020-12-31,0.061074015,0.0155396545
801080.SI,2020-10-30,0.0139998095,0.008361461
801080.SI,2020-11-30,0.040225144,0.037803877
801080.SI,2020-12-31,0.009346952,0.046601504
801110.SI,2020-10-30,0.07284632,-0.001094919
801110.SI,2020-11-30,0.087761804,0.015552887
801110.SI,2020-12-31,0.043116927,0.031054243
801120.SI,2020-10-30,0.041793164,0.010116885
801120.SI,2020-11-30,0.023117928,0.03464803
801120.SI,2020-12-31,0.18013564,0.033896085
801130.SI,2020-10-30,0.021657912,0.01119484
801130.SI,2020-11-30,0.0014168685,0.026708057
801130.SI,2020-12-31,-0.053942,0.024923569
801140.SI,2020-10-30,0.02161645,0.0011564741
801140.SI,2020-11-30,0.024929717,0.012622364
801140.SI,2020-12-31,-0.022334311,0.019841576
801150.SI,2020-10-30,0.023403369,0.001088194
801150.SI,2020-11-30,-0.066188104,0.033105448
801150.SI,2020-12-31,0.0950044,0.03869254
801160.SI,2020-10-30,-0.013612984,-0.012013741
801160.SI,2020-11-30,0.036871865,0.0092821475
801160.SI,2020-12-31,-0.011945154,0.023080068
801170.SI,2020-10-30,-0.020428615,-0.00015659754
801170.SI,2020-11-30,0.07453217,0.020032866
801170.SI,2020-12-31,-0.01345396,0.023438662
801180.SI,2020-10-30,-0.044106625,0.0064433725
801180.SI,2020-11-30,0.06095501,0.025632149
801180.SI,2020-12-31,-0.07130681,0.026213408
801200.SI,2020-10-30,-0.0188348,0.0010306357
801200.SI,2020-11-30,-0.011534349,0.026250282
801200.SI,2020-12-31,-0.07820497,0.021478312
801210.SI,2020-10-30,-0.09195153,-0.00039233765
801210.SI,2020-11-30,0.015687015,0.023593182
801210.SI,2020-12-31,0.24978967,0.037928518
801230.SI,2020-10-30,0.018876567,0.0039391792
801230.SI,2020-11-30,-0.007461716,0.016311016
801230.SI,2020-12-31,0.016619353,0.023425912
801710.SI,2020-10-30,-0.020592498,-0.0062019094
801710.SI,2020-11-30,0.04812338,0.015256509
801710.SI,2020-12-31,-0.018769505,0.036495607
801720.SI,2020-10-30,-0.006554256,-0.009862244
801720.SI,2020-11-30,0.023337122,0.010840555
801720.SI,2020-12-31,-0.07739759,0.023565635
801730.SI,2020-10-30,0.0649171,-0.009366061
801730.SI,2020-11-30,0.015496317,0.013479951
801730.SI,2020-12-31,0.19926716,0.019407894
801740.SI,2020-10-30,-0.04226399,-0.04019928
801740.SI,2020-11-30,0.08043901,0.0079023475
801740.SI,2020-12-31,0.109043546,0.038456257
801750.SI,2020-10-30,-0.030248072,0.013310831
801750.SI,2020-11-30,-0.026397893,0.028675491
801750.SI,2020-12-31,-0.012891933,0.024525033
801760.SI,2020-10-30,-0.028502623,-0.001492897
801760.SI,2020-11-30,-0.020832302,0.015777884
801760.SI,2020-12-31,-0.04979589,0.01899897
801770.SI,2020-10-30,-0.02602579,0.0071552736
801770.SI,2020-11-30,0.022835482,0.03170942
801770.SI,2020-12-31,-0.066757426,0.044002026
801880.SI,2020-10-30,0.11579288,-0.009874885
801880.SI,2020-11-30,0.08010351,0.021020612
801880.SI,2020-12-31,-0.00432369,0.025799649
801890.SI,2020-10-30,0.016335737,-0.010845751
801890.SI,2020-11-30,0.04833451,0.013031092
801890.SI,2020-12-31,0.03515856,0.02296322
801950.SI,2020-10-30,0.0020058642,-0.004949513
801950.SI,2020-11-30,0.15416211,0.025721265
801950.SI,2020-12-31,0.00010935977,0.014539423
801960.SI,2020-10-30,0.01512929,-0.019207941
801960.SI,2020-11-30,0.16485584,0.013768028
801960.SI,2020-12-31,-0.01170809,0.02370509
801970.SI,2020-10-30,-0.020605048,-0.015990645
801970.SI,2020-11-30,-0.003080582,0.009293196
801970.SI,2020-12-31,-0.06508139,0.024575675
801980.SI,2020-10-30,0.0568176,-0.035900254
801980.SI,2020-11-30,-0.0221652,-0.02315639
801980.SI,2020-12-31,0.05366916,-0.0027618923
801010.SI,2021-01-29,0.0034079708,0.03924828
801010.SI,2021-02-26,0.083167896,0.01903483
801010.SI,2021-03-31,-0.07569793,0.010193215
801030.SI,2021-01-29,0.066494755,0.028010687
801030.SI,2021-02-26,0.04305514,0.012217992
801030.SI,2021-03-31,-0.065141074,0.008011793
801040.SI,2021-01-29,0.0010174499,0.0032151842
801040.SI,2021-02-26,0.083622806,-0.013834103
801040.SI,2021-03-31,0.066394374,0.0052000177
801050.SI,2021-01-29,0.039490454,-0.0057528033
801050.SI,2021-02-26,0.06694635,-0.034430597
801050.SI,2021-03-31,-0.102175474,-0.010829971
801080.SI,2021-01-29,0.013857154,0.03832118
801080.SI,2021-02-26,-0.034134645,0.02024369
801080.SI,2021-03-31,-0.05803807,0.0037286712
801110.SI,2021-01-29,-0.030981975,0.0281111
801110.SI,2021-02-26,-0.0153313745,0.020254247
801110.SI,2021-03-31,-0.032872304,0.020886159
801120.SI,2021-01-29,0.014301233,0.035884473
801120.SI,2021-02-26,-0.0503636,0.018938927
801120.SI,2021-03-31,-0.043518055,0.020933809
801130.SI,2021-01-29,-0.0750495,0.02084242
801130.SI,2021-02-26,0.037242,0.008483478
801130.SI,2021-03-31,0.055119514,0.009155318
801140.SI,2021-01-29,0.02759213,0.019285815
801140.SI,2021-02-26,0.016728245,0.010238357
801140.SI,2021-03-31,0.018603599,0.0033029814
801150.SI,2021-01-29,0.0053723827,0.033453126
801150.SI,2021-02-26,-0.01595116,0.013464999
801150.SI,2021-03-31,-0.03007664,0.017616672
801160.SI,2021-01-29,-0.0486266,0.015915493
801160.SI,2021-02-26,0.017963791,-0.004105113
801160.SI,2021-03-31,0.15135086,-0.009287945
801170.SI,2021-01-29,-0.009564816,0.022335753
801170.SI,2021-02-26,0.016906854,0.014174931
801170.SI,2021-03-31,-0.0014780171,0.016068794
801180.SI,2021-01-29,-0.06836076,0.017369645
801180.SI,2021-02-26,0.10326537,0.00860322
801180.SI,2021-03-31,-0.039146207,0.007624665
801200.SI,2021-01-29,-0.07983109,0.013789496
801200.SI,2021-02-26,0.03125322,-0.0034031405
801200.SI,2021-03-31,0.009031875,0.0065425695
801210.SI,2021-01-29,0.011961288,0.033983193
801210.SI,2021-02-26,0.068554476,0.03569755
801210.SI,2021-03-31,0.017435748,0.027912049
801230.SI,2021-01-29,-0.039452128,0.019446513
801230.SI,2021-02-26,0.0019573537,0.01952978
801230.SI,2021-03-31,0.041097492,0.012618271
801710.SI,2021-01-29,0.012260719,0.031667512
801710.SI,2021-02-26,0.036576353,0.023632051
801710.SI,2021-03-31,0.010187493,0.0191984
801720.SI,2021-01-29,-0.04012663,0.019444084
801720.SI,2021-02-26,0.058785323,0.014155663
801720.SI,2021-03-31,0.058751892,0.0059280097
801730.SI,2021-01-29,0.057400454,0.017579388
801730.SI,2021-02-26,-0.06028038,0.002083866
801730.SI,2021-03-31,-0.04623358,-0.00272834
801740.SI,2021-01-29,-0.101995766,0.026576003
801740.SI,2021-02-26,-0.015821628,0.0057606413
801740.SI,2021-03-31,-0.08657508,-0.010429642
801750.SI,2021-01-29,-0.04785707,0.022260778
801750.SI,2021-02-26,-0.017256584,0.011095437
801750.SI,2021-03-31,-0.027744114,0.009482809
801760.SI,2021-01-29,-0.0006177646,0.0049634622
801760.SI,2021-02-26,-0.039171904,0.0045216572
801760.SI,2021-03-31,-0.04688867,-0.007733602
801770.SI,2021-01-29,-0.07299756,0.04282413
801770.SI,2021-02-26,0.013662602,0.024043292
801770.SI,2021-03-31,-0.05740645,0.019399306
801880.SI,2021-01-29,0.025618983,0.014053178
801880.SI,2021-02-26,-0.05147143,0.0024630718
801880.SI,2021-03-31,-0.059039712,0.019063726
801890.SI,2021-01-29,0.0136944,0.016123012
801890.SI,2021-02-26,0.014505867,0.004350775
801890.SI,2021-03-31,-0.02537969,0.0014627712
801950.SI,2021-01-29,-0.06404514,0.0017163778
801950.SI,2021-02-26,0.044359334,-0.029422373
801950.SI,2021-03-31,0.0651281,-0.005119139
801960.SI,2021-01-29,0.10191877,0.022224559
801960.SI,2021-02-26,0.080081604,0.008792978
801960.SI,2021-03-31,-0.091218315,0.007253951
801970.SI,2021-01-29,-0.07353547,0.011757555
801970.SI,2021-02-26,0.08639198,-0.0032185635
801970.SI,2021-03-31,0.10225883,-0.007218156
801980.SI,2021-01-29,0.054974716,-0.0030356485
801980.SI,2021-02-26,0.017183281,-0.006803795
801980.SI,2021-03-31,-0.004390424,-0.009157921
801010.SI,2021-04-30,0.0009949084,0.048246
801010.SI,2021-05-31,-0.046829514,0.046999604
801010.SI,2021-06-30,-0.037116367,0.041759733
801030.SI,2021-04-30,0.036273148,0.015228417
801030.SI,2021-05-31,0.06927825,0.01619762
801030.SI,2021-06-30,0.053755645,0.012681127
801040.SI,2021-04-30,0.088403136,0.0045726676
801040.SI,2021-05-31,-0.008736845,-0.01927722
801040.SI,2021-06-30,-0.009370652,-0.025838131
801050.SI,2021-04-30,0.09015146,0.010979735
801050.SI,2021-05-31,0.08397118,0.008389217
801050.SI,2021-06-30,-0.04368133,0.0036802602
801080.SI,2021-04-30,0.06195053,0.03872933
801080.SI,2021-05-31,0.020889927,0.036233146
801080.SI,2021-06-30,0.11832981,0.025082195
801110.SI,2021-04-30,-0.007718399,0.032988083
801110.SI,2021-05-31,-0.013748941,0.02602566
801110.SI,2021-06-30,-0.06528082,0.014289897
801120.SI,2021-04-30,0.059807066,0.05880167
801120.SI,2021-05-31,0.092421375,0.056595456
801120.SI,2021-06-30,-0.056381945,0.02239936
801130.SI,2021-04-30,0.011959893,0.019772895
801130.SI,2021-05-31,0.036599755,0.011591632
801130.SI,2021-06-30,0.019606078,-0.0009932095
801140.SI,2021-04-30,0.017756334,0.0069986717
801140.SI,2021-05-31,0.0082957875,0.013051935
801140.SI,2021-06-30,-0.030561436,0.016167125
801150.SI,2021-04-30,0.10975311,0.042887237
801150.SI,2021-05-31,0.029721389,0.024874737
801150.SI,2021-06-30,-0.0027518491,-0.0029493533
801160.SI,2021-04-30,-0.0895922,-0.0017375126
801160.SI,2021-05-31,0.045990318,-0.008033599
801160.SI,2021-06-30,-0.008635877,-0.008693281
801170.SI,2021-04-30,-0.026836919,0.0028542362
801170.SI,2021-05-31,0.03048082,-0.0032037918
801170.SI,2021-06-30,0.010193754,-0.0008877854
801180.SI,2021-04-30,-0.015430151,0.018253637
801180.SI,2021-05-31,0.017841654,0.016589006
801180.SI,2021-06-30,-0.0806715,0.012480623
801200.SI,2021-04-30,-0.011772616,0.019395217
801200.SI,2021-05-31,0.06662905,0.013325944
801200.SI,2021-06-30,-0.05047755,0.004193122
801210.SI,2021-04-30,0.013257603,-0.010413642
801210.SI,2021-05-31,0.033521596,-0.014998525
801210.SI,2021-06-30,-0.08674667,-0.0037876766
801230.SI,2021-04-30,0.04242417,0.017875949
801230.SI,2021-05-31,0.02632047,0.010899626
801230.SI,2021-06-30,0.09892694,0.007840311
801710.SI,2021-04-30,0.011314744,0.013696983
801710.SI,2021-05-31,0.022713715,0.012447201
801710.SI,2021-06-30,-0.067433625,0.017327502
801720.SI,2021-04-30,-0.051952086,0.0015202876
801720.SI,2021-05-31,0.002309702,-5.6400273e-05
801720.SI,2021-06-30,0.005368814,0.0026378222
801730.SI,2021-04-30,0.06885285,0.017189734
801730.SI,2021-05-31,0.07708321,0.021643141
801730.SI,2021-06-30,0.13560303,0.013795059
801740.SI,2021-04-30,-0.040725484,0.032610483
801740.SI,2021-05-31,0.13065214,0.036804017
801740.SI,2021-06-30,0.010709297,0.015288919
801750.SI,2021-04-30,-0.020567272,0.031888086
801750.SI,2021-05-31,0.08318407,0.03551442
801750.SI,2021-06-30,0.03347325,0.028694265
801760.SI,2021-04-30,0.020695064,0.0038957472
801760.SI,2021-05-31,0.027385535,0.007099928
801760.SI,2021-06-30,-0.03518147,0.0027212992
801770.SI,2021-04-30,-0.035956893,0.04180585
801770.SI,2021-05-31,0.06911618,0.036967795
801770.SI,2021-06-30,0.031511705,0.032090347
801880.SI,2021-04-30,0.032082766,0.03456704
801880.SI,2021-05-31,0.05715428,0.02743944
801880.SI,2021-06-30,0.09039481,0.015219461
801890.SI,2021-04-30,-0.013754392,0.018457724
801890.SI,2021-05-31,0.024296403,0.014140391
801890.SI,2021-06-30,0.02314121,0.00574131
801950.SI,2021-04-30,0.05927133,0.02727145
801950.SI,2021-05-31,0.038843438,0.008798725
801950.SI,2021-06-30,0.025457475,-0.008618402
801960.SI,2021-04-30,-0.0010627264,0.0044333558
801960.SI,2021-05-31,0.013356956,-0.00091067393
801960.SI,2021-06-30,0.038881075,-0.007665402
801970.SI,2021-04-30,-0.08106239,-0.0054148114
801970.SI,2021-05-31,0.0308187,-0.013284713
801970.SI,2021-06-30,-0.024207251,-0.014855641
801980.SI,2021-04-30,0.22823443,0.019003851
801980.SI,2021-05-31,0.057537626,0.013452734
801980.SI,2021-06-30,-0.0063237743,-0.0147005515
801010.SI,2021-07-30,-0.14252146,0.024850532
801010.SI,2021-08-31,-0.004635412,0.024747849
801010.SI,2021-09-30,0.09426044,0.02953513
801030.SI,2021-07-30,0.051475495,0.009581636
801030.SI,2021-08-31,0.12467871,0.0017458765
801030.SI,2021-09-30,-0.038282298,-0.00050369976
801040.SI,2021-07-30,0.17583613,0.018134225
801040.SI,2021-08-31,0.17579357,0.01124272
801040.SI,2021-09-30,-0.13399792,-0.013664427
801050.SI,2021-07-30,0.27394527,0.010164019
801050.SI,2021-08-31,0.18028325,5.0830033e-05
801050.SI,2021-09-30,-0.18101056,-0.012343437
801080.SI,2021-07-30,0.03992384,0.0060979
801080.SI,2021-08-31,-0.06957664,-0.0035813206
801080.SI,2021-09-30,-0.0393595,0.0072323545
801110.SI,2021-07-30,-0.09178322,0.01817402
801110.SI,2021-08-31,-0.0003163421,0.023997633
801110.SI,2021-09-30,-0.009913223,0.030837752
801120.SI,2021-07-30,-0.19213203,0.03247719
801120.SI,2021-08-31,-0.042757593,0.04957728
801120.SI,2021-09-30,0.12511355,0.06999081
801130.SI,2021-07-30,-0.09326546,0.0052435086
801130.SI,2021-08-31,0.028825205,0.012619182
801130.SI,2021-09-30,-0.036346685,0.020254092
801140.SI,2021-07-30,-0.071159534,0.01595066
801140.SI,2021-08-31,0.051192112,0.020012353
801140.SI,2021-09-30,-0.032679603,0.018274495
801150.SI,2021-07-30,-0.099853285,0.003215556
801150.SI,2021-08-31,-0.08643094,0.024481168
801150.SI,2021-09-30,0.049818862,0.04294535
801160.SI,2021-07-30,-0.032120056,0.019623606
801160.SI,2021-08-31,0.116042644,0.012973912
801160.SI,2021-09-30,0.15876134,0.0058549307
801170.SI,2021-07-30,-0.117101856,0.0074122143
801170.SI,2021-08-31,0.07305338,0.010586848
801170.SI,2021-09-30,0.022667434,0.006436208
801180.SI,2021-07-30,-0.11811164,0.014429157
801180.SI,2021-08-31,0.05028934,0.01908346
801180.SI,2021-09-30,0.052603025,0.020601971
801200.SI,2021-07-30,-0.059779022,0.0044655683
801200.SI,2021-08-31,0.047740325,0.010686088
801200.SI,2021-09-30,-0.018496923,0.015474002
801210.SI,2021-07-30,-0.19738859,0.03021208
801210.SI,2021-08-31,0.008855124,0.037764743
801210.SI,2021-09-30,0.073496565,0.029357307
801230.SI,2021-07-30,-0.03886063,0.014875879
801230.SI,2021-08-31,0.105819695,0.017051179
801230.SI,2021-09-30,-0.12147993,0.014931819
801710.SI,2021-07-30,-0.058291692,0.023862928
801710.SI,2021-08-31,0.09015058,0.022878284
801710.SI,2021-09-30,-0.07807187,0.018479591
801720.SI,2021-07-30,-0.006337875,0.011258237
801720.SI,2021-08-31,0.092300035,0.007848505
801720.SI,2021-09-30,-0.017807031,0.002718819
801730.SI,2021-07-30,0.10728696,0.00396592
801730.SI,2021-08-31,0.053757794,-0.011534758
801730.SI,2021-09-30,-0.030156687,-0.014602102
801740.SI,2021-07-30,0.03315157,-0.005268404
801740.SI,2021-08-31,0.16409028,-0.0184755
801740.SI,2021-09-30,-0.10272924,-0.014813878
801750.SI,2021-07-30,-0.04315056,0.011323788
801750.SI,2021-08-31,-0.015937813,0.010904846
801750.SI,2021-09-30,-0.012057074,0.0234231
801760.SI,2021-07-30,-0.11902862,0.005335921
801760.SI,2021-08-31,-0.0044077947,0.011713333
801760.SI,2021-09-30,0.016526058,0.015254095
801770.SI,2021-07-30,0.04548254,0.0005851093
801770.SI,2021-08-31,-0.05869828,-0.007658139
801770.SI,2021-09-30,-0.013580223,0.0028133017
801880.SI,2021-07-30,-0.0044370326,0.005077984
801880.SI,2021-08-31,0.07775177,0.0055009737
801880.SI,2021-09-30,-0.08896902,0.009779853
801890.SI,2021-07-30,0.021043753,0.002658331
801890.SI,2021-08-31,0.09089772,0.0005098044
801890.SI,2021-09-30,-0.06568658,0.001732057
801950.SI,2021-07-30,0.01652031,0.020424284
801950.SI,2021-08-31,0.27543923,0.023583142
801950.SI,2021-09-30,0.048778776,-0.0018071398
801960.SI,2021-07-30,0.015638532,0.0028504964
801960.SI,2021-08-31,0.08495609,0.00769596
801960.SI,2021-09-30,0.05333906,0.005757325
801970.SI,2021-07-30,0.0027862024,0.009230264
801970.SI,2021-08-31,0.1172317,0.0072052814
801970.SI,2021-09-30,0.025418,0.0040321313
801980.SI,2021-07-30,-0.19889468,0.0021744028
801980.SI,2021-08-31,-0.05607402,0.019260371
801980.SI,2021-09-30,-0.00706637,0.044411223
801010.SI,2021-11-30,0.0029779496,0.016850056
801010.SI,2021-12-31,0.071337745,0.013736479
801010.SI,2022-01-28,-0.04608996,0.008460608
801030.SI,2021-11-30,-0.003595992,0.0022356485
801030.SI,2021-12-31,0.00069469825,0.005645065
801030.SI,2022-01-28,-0.1059174,0.01113034
801040.SI,2021-11-30,0.009778773,-0.009733341
801040.SI,2021-12-31,0.015930349,0.0028082002
801040.SI,2022-01-28,-0.07333642,0.01579657
801050.SI,2021-11-30,0.08863334,-0.0055892803
801050.SI,2021-12-31,-0.061988145,0.0024647776
801050.SI,2022-01-28,-0.1073405,0.01422706
801080.SI,2021-11-30,0.085370876,0.015395865
801080.SI,2021-12-31,0.011333299,0.014825289
801080.SI,2022-01-28,-0.13375299,0.012222958
801110.SI,2021-11-30,0.0009909911,0.022417843
801110.SI,2021-12-31,0.06690123,0.01647892
801110.SI,2022-01-28,-0.04546722,0.011465147
801120.SI,2021-11-30,0.014657777,0.034910236
801120.SI,2021-12-31,0.03974614,0.028105287
801120.SI,2022-01-28,-0.10595406,0.022364035
801130.SI,2021-11-30,0.057792876,0.013899843
801130.SI,2021-12-31,0.015931949,0.007476121
801130.SI,2022-01-28,-0.066847175,0.0044039744
801140.SI,2021-11-30,0.05722475,0.01471857
801140.SI,2021-12-31,0.08893144,0.009043462
801140.SI,2022-01-28,-0.096342966,0.004785449
801150.SI,2021-11-30,0.036644626,0.023052149
801150.SI,2021-12-31,0.0045720646,0.016159251
801150.SI,2022-01-28,-0.14957125,0.006541332
801160.SI,2021-11-30,-0.007006082,-0.013397976
801160.SI,2021-12-31,0.0896461,-0.016380118
801160.SI,2022-01-28,-0.12779848,-0.010076176
801170.SI,2021-11-30,-0.0030806586,0.0054632816
801170.SI,2021-12-31,0.06094084,0.0019276688
801170.SI,2022-01-28,-0.028866598,0.0021627813
801180.SI,2021-11-30,0.021791272,0.01133253
801180.SI,2021-12-31,0.06696918,0.007927733
801180.SI,2022-01-28,-0.0127414465,0.0075410684
801200.SI,2021-11-30,0.005426377,0.013115828
801200.SI,2021-12-31,0.0113954665,0.0100828195
801200.SI,2022-01-28,-0.06486833,0.006089892
801210.SI,2021-11-30,-0.16622122,0.02098005
801210.SI,2021-12-31,0.13936485,0.016494855
801210.SI,2022-01-28,-0.071345136,0.013198639
801230.SI,2021-11-30,-0.027466727,0.008812284
801230.SI,2021-12-31,0.049658854,0.0037320845
801230.SI,2022-01-28,-0.06632238,0.0032394428
801710.SI,2021-11-30,-0.0036873184,0.015797133
801710.SI,2021-12-31,0.12828223,0.013976484
801710.SI,2022-01-28,-0.076340646,0.012983012
801720.SI,2021-11-30,0.01097312,0.0061143436
801720.SI,2021-12-31,0.07801685,0.0033122525
801720.SI,2022-01-28,-0.028938651,0.0029457144
801730.SI,2021-11-30,0.03339734,-0.00964604
801730.SI,2021-12-31,-0.08584179,-0.008013677
801730.SI,2022-01-28,-0.10816812,0.00054554705
801740.SI,2021-11-30,0.12987874,0.004498188
801740.SI,2021-12-31,-0.009830022,0.005245552
801740.SI,2022-01-28,-0.17924665,0.00649697
801750.SI,2021-11-30,0.075946525,0.018482476
801750.SI,2021-12-31,0.016542805,0.01271331
801750.SI,2022-01-28,-0.08503213,0.007808758
801760.SI,2021-11-30,0.046009567,0.010806467
801760.SI,2021-12-31,0.14419797,0.005002111
801760.SI,2022-01-28,-0.1439717,-0.0010486096
801770.SI,2021-11-30,0.11291969,0.01637587
801770.SI,2021-12-31,0.017834427,0.012371972
801770.SI,2022-01-28,-0.08215053,0.007867889
801880.SI,2021-11-30,0.052127376,0.010342973
801880.SI,2021-12-31,-0.047782965,0.0037497226
801880.SI,2022-01-28,-0.11616962,0.0040609357
801890.SI,2021-11-30,0.07515267,0.0049415883
801890.SI,2021-12-31,0.0044020563,0.0028417464
801890.SI,2022-01-28,-0.11792398,0.005902974
801950.SI,2021-11-30,-0.04173345,-0.013373141
801950.SI,2021-12-31,0.07659175,-0.005671505
801950.SI,2022-01-28,-0.042311177,0.013092977
801960.SI,2021-11-30,-0.043620437,-0.0008997824
801960.SI,2021-12-31,0.04783434,-0.0008688811
801960.SI,2022-01-28,-0.048434146,0.0029256027
801970.SI,2021-11-30,0.097529374,-0.0025351075
801970.SI,2021-12-31,0.027221663,-0.0066385344
801970.SI,2022-01-28,-0.10186874,-0.004921296
801980.SI,2021-11-30,-0.054191,0.016158463
801980.SI,2021-12-31,-0.020178698,0.011606221
801980.SI,2022-01-28,-0.14077035,0.007242499
801010.SI,2022-02-28,0.0074267164,-2.0782774e-05
801010.SI,2022-03-31,0.029734764,0.0002954571
801010.SI,2022-04-29,-0.12761818,0.0006595347
801030.SI,2022-02-28,0.097052574,0.0070669204
801030.SI,2022-03-31,-0.09327484,0.008698481
801030.SI,2022-04-29,-0.119026184,0.00900375
801040.SI,2022-02-28,0.07914877,0.0070384904
801040.SI,2022-03-31,-0.10091937,0.0038218468
801040.SI,2022-04-29,-0.081516325,0.0023924436
801050.SI,2022-02-28,0.17181592,0.0077330344
801050.SI,2022-03-31,-0.12596242,0.006171496
801050.SI,2022-04-29,-0.11644168,0.0042792596
801080.SI,2022-02-28,0.012121777,0.005334776
801080.SI,2022-03-31,-0.14976716,0.0118391
801080.SI,2022-04-29,-0.13915645,0.0127942385
801110.SI,2022-02-28,-0.04792499,0.004527369
801110.SI,2022-03-31,-0.124719344,0.008734212
801110.SI,2022-04-29,-0.008182346,0.010413545
801120.SI,2022-02-28,-0.0075047836,0.016591782
801120.SI,2022-03-31,-0.102896735,0.020352937
801120.SI,2022-04-29,0.04285098,0.02462175
801130.SI,2022-02-28,0.03287459,0.00056236115
801130.SI,2022-03-31,-0.06814689,0.004069824
801130.SI,2022-04-29,-0.10045805,0.006304558
801140.SI,2022-02-28,0.008904259,0.0003073793
801140.SI,2022-03-31,-0.076205105,0.004149275
801140.SI,2022-04-29,-0.13378635,0.0071905144
801150.SI,2022-02-28,0.039940502,-0.0035983566
801150.SI,2022-03-31,0.008716432,0.0015227342
801150.SI,2022-04-29,-0.13966085,0.004505795
801160.SI,2022-02-28,0.07893821,0.004154507
801160.SI,2022-03-31,-0.09605055,0.003979243
801160.SI,2022-04-29,-0.05788638,0.0038578343
801170.SI,2022-02-28,0.02791828,0.0010208078
801170.SI,2022-03-31,-0.0721536,-0.0013759577
801170.SI,2022-04-29,-0.017264532,-0.0011863174
801180.SI,2022-02-28,-0.0079012485,0.0027678956
801180.SI,2022-03-31,0.09524658,0.0038648036
801180.SI,2022-04-29,-0.08367279,0.0010935006
801200.SI,2022-02-28,8.947783e-05,-0.0013401341
801200.SI,2022-03-31,-0.08487514,-0.00024863952
801200.SI,2022-04-29,-0.014152404,0.0014762705
801210.SI,2022-02-28,0.015558155,0.002250066
801210.SI,2022-03-31,-0.073717885,0.00033112118
801210.SI,2022-04-29,-0.06384654,0.0022382352
801230.SI,2022-02-28,0.085491545,-0.004016308
801230.SI,2022-03-31,0.020892404,-0.0035963163
801230.SI,2022-04-29,-0.12707807,-0.003033558
801710.SI,2022-02-28,-0.0063544996,0.0049696513
801710.SI,2022-03-31,-0.037236318,0.0066903145
801710.SI,2022-04-29,-0.068960816,0.008025785
801720.SI,2022-02-28,0.040325586,0.0006080009
801720.SI,2022-03-31,-0.020018265,-0.0025592993
801720.SI,2022-04-29,-0.029762752,-0.0012904642
801730.SI,2022-02-28,0.025424216,0.003859942
801730.SI,2022-03-31,-0.10094548,0.009797101
801730.SI,2022-04-29,-0.15525344,0.009593862
801740.SI,2022-02-28,0.054375943,0.0018037619
801740.SI,2022-03-31,-0.11354258,0.006239621
801740.SI,2022-04-29,-0.13439919,0.009370662
801750.SI,2022-02-28,0.026451496,-0.0027181276
801750.SI,2022-03-31,-0.115863934,-0.00016156025
801750.SI,2022-04-29,-0.17038904,0.0036913324
801760.SI,2022-02-28,-0.013697931,-0.006983874
801760.SI,2022-03-31,-0.037089314,-0.0022888768
801760.SI,2022-04-29,-0.13931453,0.0033047355
801770.SI,2022-02-28,0.055920735,-0.00086659007
801770.SI,2022-03-31,-0.08201834,0.0044830944
801770.SI,2022-04-29,-0.123068325,0.007613039
801880.SI,2022-02-28,0.0054422677,-0.00029948354
801880.SI,2022-03-31,-0.11562109,0.00614249
801880.SI,2022-04-29,-0.091278456,0.0071724835
801890.SI,2022-02-28,0.029150695,0.0052180723
801890.SI,2022-03-31,-0.1090205,0.00962776
801890.SI,2022-04-29,-0.14042671,0.010002752
801950.SI,2022-02-28,0.1553634,0.009339307
801950.SI,2022-03-31,0.10807836,0.004867626
801950.SI,2022-04-29,-0.03874228,-0.0019946794
801960.SI,2022-02-28,0.08964262,0.0035016928
801960.SI,2022-03-31,-0.117511764,-0.0007009854
801960.SI,2022-04-29,-0.0491759,-0.00079516444
801970.SI,2022-02-28,0.076983854,-0.004226372
801970.SI,2022-03-31,-0.095395625,-0.0031202945
801970.SI,2022-04-29,-0.15258516,-0.0018859847
801980.SI,2022-02-28,0.042819984,0.0053741443
801980.SI,2022-03-31,-0.04276063,0.008673038
801980.SI,2022-04-29,-0.017503664,0.0067838896
801010.SI,2022-05-31,0.054728568,-0.0065375785
801010.SI,2022-06-30,0.040995926,-0.0048086806
801010.SI,2022-07-29,0.03554269,-0.0002553879
801030.SI,2022-05-31,0.10974184,0.0019227596
801030.SI,2022-06-30,0.080924615,0.004494985
801030.SI,2022-07-29,-0.021527508,0.0030777976
801040.SI,2022-05-31,0.038892154,-0.0019735033
801040.SI,2022-06-30,0.020700224,0.0016616657
801040.SI,2022-07-29,-0.0058769323,0.003844767
801050.SI,2022-05-31,0.07973194,-0.003034969
801050.SI,2022-06-30,0.11982799,0.0022537708
801050.SI,2022-07-29,-0.01640875,-0.0011685541
801080.SI,2022-05-31,0.08935146,0.0052971556
801080.SI,2022-06-30,0.080381006,0.004704032
801080.SI,2022-07-29,-0.03614089,-0.0018512625
801110.SI,2022-05-31,0.016129464,0.0035332304
801110.SI,2022-06-30,0.111414835,0.0023920394
801110.SI,2022-07-29,-0.024511939,0.0003029195
801120.SI,2022-05-31,0.019408202,0.019705797
801120.SI,2022-06-30,0.13049637,0.016361509
801120.SI,2022-07-29,-0.096888885,0.011370711
801130.SI,2022-05-31,0.077798046,-0.008231849
801130.SI,2022-06-30,0.023677222,-0.009094001
801130.SI,2022-07-29,-0.015812447,-0.0073350756
801140.SI,2022-05-31,0.0752083,0.00047621285
801140.SI,2022-06-30,0.084335655,4.9400143e-05
801140.SI,2022-07-29,-0.056205638,-0.00085877563
801150.SI,2022-05-31,0.01130103,0.0034498367
801150.SI,2022-06-30,0.10485788,0.0047561023
801150.SI,2022-07-29,-0.075109884,0.0073802914
801160.SI,2022-05-31,0.09108314,-0.0016935244
801160.SI,2022-06-30,0.0059568887,-0.003914499
801160.SI,2022-07-29,0.040254038,-0.004941644
801170.SI,2022-05-31,0.06954693,-0.013050239
801170.SI,2022-06-30,0.019901732,-0.00825712
801170.SI,2022-07-29,-0.048778612,-0.0045170044
801180.SI,2022-05-31,-0.05930515,-0.014984514
801180.SI,2022-06-30,0.056155037,-0.010976401
801180.SI,2022-07-29,-0.06260158,0.0017244673
801200.SI,2022-05-31,0.029484905,-0.011968338
801200.SI,2022-06-30,0.10794528,-0.013988414
801200.SI,2022-07-29,-0.0705727,-0.008459064
801210.SI,2022-05-31,0.04021231,0.0014199162
801210.SI,2022-06-30,0.11121468,0.0052281846
801210.SI,2022-07-29,-0.092077084,0.003465113
801230.SI,2022-05-31,0.044828042,-0.012327224
801230.SI,2022-06-30,0.04420933,-0.007976177
801230.SI,2022-07-29,0.01849412,-0.0041547106
801710.SI,2022-05-31,0.0211858,-0.00081201206
801710.SI,2022-06-30,0.10063415,2.152721e-05
801710.SI,2022-07-29,-0.1005497,0.0031644255
801720.SI,2022-05-31,0.016832042,-0.010402317
801720.SI,2022-06-30,-0.0017078662,-0.004854645
801720.SI,2022-07-29,-0.02820406,-0.00033841594
801730.SI,2022-05-31,0.12434603,0.0055323434
801730.SI,2022-06-30,0.2120203,0.0055014747
801730.SI,2022-07-29,-0.0035762778,-0.0016206428
801740.SI,2022-05-31,0.11276619,0.0021232676
801740.SI,2022-06-30,0.08194786,0.0027402528
801740.SI,2022-07-29,0.019562194,-0.0031027228
801750.SI,2022-05-31,0.021820685,0.0011455324
801750.SI,2022-06-30,0.084691145,0.0032201055
801750.SI,2022-07-29,-0.010228758,-0.0016709076
801760.SI,2022-05-31,0.0614342,-0.0039011023
801760.SI,2022-06-30,0.04678245,-0.00519922
801760.SI,2022-07-29,-0.043397784,-0.007740255
801770.SI,2022-05-31,0.06106876,0.00224928
801770.SI,2022-06-30,0.06450246,0.0036782653
801770.SI,2022-07-29,0.030499572,-0.0012949053
801880.SI,2022-05-31,0.18257654,-4.9795333e-05
801880.SI,2022-06-30,0.14541636,-0.002086918
801880.SI,2022-07-29,0.050993327,-0.008602003
801890.SI,2022-05-31,0.10445971,0.001165683
801890.SI,2022-06-30,0.10414911,0.0018588608
801890.SI,2022-07-29,0.051657375,-0.0025088333
801950.SI,2022-05-31,0.09728429,-0.011627552
801950.SI,2022-06-30,0.015863964,-0.0063034943
801950.SI,2022-07-29,-0.07933194,0.00032517128
801960.SI,2022-05-31,0.13420093,-0.005853636
801960.SI,2022-06-30,-0.03368794,-0.0027056125
801960.SI,2022-07-29,-0.036615457,-0.0031944215
801970.SI,2022-05-31,0.10321257,-0.00797365
801970.SI,2022-06-30,0.022034964,-0.00656745
801970.SI,2022-07-29,0.053236835,-0.006415684
801980.SI,2022-05-31,0.054331876,-0.0031010767
801980.SI,2022-06-30,0.10551853,-0.004313033
801980.SI,2022-07-29,-0.021851018,-0.0037317332
801010.SI,2022-08-31,0.005322668,-0.0017161388
801010.SI,2022-10-31,-0.06266727,-0.0015802378
801010.SI,2022-11-30,0.05315066,-0.001997847
801030.SI,2022-08-31,-0.027406828,0.0035482515
801030.SI,2022-10-31,-0.047751877,0.005375527
801030.SI,2022-11-30,0.09202138,0.008506209
801040.SI,2022-08-31,-0.064651005,0.0058446056
801040.SI,2022-10-31,-0.027281636,0.009868768
801040.SI,2022-11-30,0.10952674,0.0112694735
801050.SI,2022-08-31,-0.064641856,-0.0035088237
801050.SI,2022-10-31,-0.035209466,-0.0014470313
801050.SI,2022-11-30,0.074897796,0.0036876455
801080.SI,2022-08-31,-0.011388396,-0.0050795525
801080.SI,2022-10-31,0.033717506,-0.0036946938
801080.SI,2022-11-30,0.032281235,0.0029662047
801110.SI,2022-08-31,-0.04226706,-0.0027924746
801110.SI,2022-10-31,-0.12866412,-0.0006500042
801110.SI,2022-11-30,0.13509847,0.0026967071
801120.SI,2022-08-31,0.007388221,0.013049639
801120.SI,2022-10-31,-0.22129098,0.013732514
801120.SI,2022-11-30,0.16586806,0.014705115
801130.SI,2022-08-31,-0.014554359,0.00039094687
801130.SI,2022-10-31,-0.041693572,0.0023322813
801130.SI,2022-11-30,0.102367654,0.0033511594
801140.SI,2022-08-31,0.0078113144,-0.0019029783
801140.SI,2022-10-31,-0.0515055,-0.0011052303
801140.SI,2022-11-30,0.12366064,0.0007724489
801150.SI,2022-08-31,-0.0250491,0.0017852659
801150.SI,2022-10-31,0.056969933,0.0022484034
801150.SI,2022-11-30,0.07349233,-0.0005253125
801160.SI,2022-08-31,-0.0047111083,-0.006535884
801160.SI,2022-10-31,-0.034222275,-0.0023556117
801160.SI,2022-11-30,0.08119041,0.00023144111
801170.SI,2022-08-31,0.011088187,0.0009842055
801170.SI,2022-10-31,-0.034111045,0.0029140785
801170.SI,2022-11-30,0.08133499,0.0026068266
801180.SI,2022-08-31,-0.010824168,0.006153884
801180.SI,2022-10-31,-0.14724566,0.005588477
801180.SI,2022-11-30,0.27801302,0.005272532
801200.SI,2022-08-31,-0.016880028,-0.0014754882
801200.SI,2022-10-31,-0.0707408,-0.00012500025
801200.SI,2022-11-30,0.1429434,-0.0019979395
801210.SI,2022-08-31,-0.009562631,0.002163497
801210.SI,2022-10-31,0.007801899,0.0052349516
801210.SI,2022-11-30,0.13586785,0.0054588304
801230.SI,2022-08-31,0.023814688,-0.0050563826
801230.SI,2022-10-31,0.010225984,-0.0060364758
801230.SI,2022-11-30,0.09833162,-0.0053500272
801710.SI,2022-08-31,-0.06806979,0.0051632873
801710.SI,2022-10-31,-0.097306915,0.008243167
801710.SI,2022-11-30,0.20495161,0.011929044
801720.SI,2022-08-31,-0.022801366,0.001312655
801720.SI,2022-10-31,-0.017617404,0.0026509084
801720.SI,2022-11-30,0.1381013,0.0017888261
801730.SI,2022-08-31,-0.07882226,-0.006860644
801730.SI,2022-10-31,-0.012069649,-0.0030430078
801730.SI,2022-11-30,0.013188291,0.004721655
801740.SI,2022-08-31,-0.04275946,-0.00558809
801740.SI,2022-10-31,0.11632162,-0.004437489
801740.SI,2022-11-30,-0.05283843,-0.0014468072
801750.SI,2022-08-31,-0.058097344,-0.0034527127
801750.SI,2022-10-31,0.16022815,-0.0022578624
801750.SI,2022-11-30,0.00018850443,-0.0026927926
801760.SI,2022-08-31,0.011553762,-0.0025907531
801760.SI,2022-10-31,-0.02614884,-0.0033315718
801760.SI,2022-11-30,0.14479077,-0.0015878169
801770.SI,2022-08-31,-0.010149675,-0.0057675377
801770.SI,2022-10-31,0.055418603,-0.0046180743
801770.SI,2022-11-30,0.011832844,-0.0027649023
801880.SI,2022-08-31,-0.11847295,-0.0077153067
801880.SI,2022-10-31,-0.014793232,-0.0027745347
801880.SI,2022-11-30,0.080446474,0.003799009
801890.SI,2022-08-31,-0.07374617,-0.005569596
801890.SI,2022-10-31,0.057358887,-0.003764219
801890.SI,2022-11-30,0.058219787,0.0014082156
801950.SI,2022-08-31,0.078720264,0.0026951742
801950.SI,2022-10-31,-0.12569325,0.004978767
801950.SI,2022-11-30,0.07348981,0.0066275336
801960.SI,2022-08-31,0.041347515,-5.9457496e-05
801960.SI,2022-10-31,-0.08842769,0.0005777708
801960.SI,2022-11-30,0.10445649,0.0012578008
801970.SI,2022-08-31,-0.060373735,-0.007084084
801970.SI,2022-10-31,0.0070579587,-0.005244547
801970.SI,2022-11-30,0.074550964,-0.0034246037
801980.SI,2022-08-31,-0.04376729,-0.00030310825
801980.SI,2022-10-31,-0.06827207,0.0009992184
801980.SI,2022-11-30,0.0732872,0.0016921237
801010.SI,2022-12-30,0.01430149,-0.0011094125
801010.SI,2023-01-31,0.03295709,-0.00040288828
801010.SI,2023-02-28,0.005849615,-0.0061387136
801030.SI,2022-12-30,-0.043677367,0.008941073
801030.SI,2023-01-31,0.08009336,0.009691357
801030.SI,2023-02-28,0.026372282,0.005788941
801040.SI,2022-12-30,-0.045849282,0.006080391
801040.SI,2023-01-31,0.072724275,0.0031663477
801040.SI,2023-02-28,0.04586842,-0.00043157613
801050.SI,2022-12-30,-0.059303313,0.0065737837
801050.SI,2023-01-31,0.14646687,0.006500107
801050.SI,2023-02-28,-0.035824835,0.002989086
801080.SI,2022-12-30,-0.044826314,0.0055363793
801080.SI,2023-01-31,0.09525169,0.0061209104
801080.SI,2023-02-28,-0.0038120057,0.00264908
801110.SI,2022-12-30,0.01046258,0.0021284402
801110.SI,2023-01-31,0.082784824,0.0026325658
801110.SI,2023-02-28,0.0030856677,0.00016604736
801120.SI,2022-12-30,0.10767899,0.010645761
801120.SI,2023-01-31,0.05153503,0.007730896
801120.SI,2023-02-28,0.010355112,0.007796371
801130.SI,2022-12-30,0.015283346,0.0025910388
801130.SI,2023-01-31,0.046913315,-0.00046581836
801130.SI,2023-02-28,0.047201745,-0.0030093293
801140.SI,2022-12-30,0.008794725,0.00055496953
801140.SI,2023-01-31,0.049993977,0.0008394004
801140.SI,2023-02-28,0.0668763,-0.0011792158
801150.SI,2022-12-30,-0.02573223,-0.004158255
801150.SI,2023-01-31,0.054535065,-0.003029262
801150.SI,2023-02-28,0.0011134701,-0.00013270105
801160.SI,2022-12-30,-0.04643235,0.003259991
801160.SI,2023-01-31,0.021576557,0.0037713565
801160.SI,2023-02-28,0.011242625,0.00053382356
801170.SI,2022-12-30,-0.004948699,-0.00028285882
801170.SI,2023-01-31,0.019827709,-0.0029578041
801170.SI,2023-02-28,-0.004776436,-0.006306905
801180.SI,2022-12-30,-0.09052302,-0.0005603588
801180.SI,2023-01-31,0.037245624,-0.0022201017
801180.SI,2023-02-28,-0.0200849,-0.00183516
801200.SI,2022-12-30,0.035881,-0.0035547141
801200.SI,2023-01-31,-0.01171567,-0.0062471568
801200.SI,2023-02-28,-0.025159903,-0.009029033
801210.SI,2022-12-30,0.06452506,-0.00052647974
801210.SI,2023-01-31,-0.0029977784,-0.0021928512
801210.SI,2023-02-28,0.026998779,-0.0003491876
801230.SI,2022-12-30,0.022469118,-0.002301297
801230.SI,2023-01-31,0.00082187855,-0.0016640084
801230.SI,2023-02-28,0.00048662783,-0.0033687868
801710.SI,2022-12-30,-0.03412216,0.004742759
801710.SI,2023-01-31,0.089721836,0.0024823751
801710.SI,2023-02-28,0.00044691522,-0.00037943758
801720.SI,2022-12-30,-0.07011237,0.0006840117
801720.SI,2023-01-31,0.05537696,0.00029751658
801720.SI,2023-02-28,0.024649838,-0.0027135436
801730.SI,2022-12-30,-0.03997219,0.008969836
801730.SI,2023-01-31,0.118221976,0.008386063
801730.SI,2023-02-28,-0.060325015,0.0042607076
801740.SI,2022-12-30,-0.04639034,0.0051185773
801740.SI,2023-01-31,0.06446697,0.005835975
801740.SI,2023-02-28,0.013300758,0.0057235486
801750.SI,2022-12-30,-0.016264977,-0.0022598926
801750.SI,2023-01-31,0.12810428,-0.002239247
801750.SI,2023-02-28,0.057040714,-0.0011708513
801760.SI,2022-12-30,0.023388991,-0.0022172611
801760.SI,2023-01-31,0.05054363,-0.0028040893
801760.SI,2023-02-28,0.04143075,-0.00700522
801770.SI,2022-12-30,-0.041101087,0.0016572686
801770.SI,2023-01-31,0.092519045,0.0023932762
801770.SI,2023-02-28,0.08591129,0.0021945648
801880.SI,2022-12-30,-0.064305946,0.005172547
801880.SI,2023-01-31,0.108807825,0.0029954587
801880.SI,2023-02-28,-0.006665026,-4.6099227e-05
801890.SI,2022-12-30,-0.05446547,0.005399359
801890.SI,2023-01-31,0.09711823,0.0054501444
801890.SI,2023-02-28,0.03319961,0.0030461103
801950.SI,2022-12-30,-0.108652085,0.007775191
801950.SI,2023-01-31,0.051467255,0.008972947
801950.SI,2023-02-28,0.029277103,0.0011656409
801960.SI,2022-12-30,-0.057719238,0.0022097435
801960.SI,2023-01-31,0.078873806,0.0030304908
801960.SI,2023-02-28,0.020044284,0.00042978674
801970.SI,2022-12-30,-0.050940443,-0.0019183084
801970.SI,2023-01-31,0.05935788,-0.002701965
801970.SI,2023-02-28,0.017763501,-0.00587754
801980.SI,2022-12-30,0.103192925,0.00076581846
801980.SI,2023-01-31,0.008075458,-0.0019746895
801980.SI,2023-02-28,0.023324234,-0.0032871403
801010.SI,2023-03-31,-0.019602293,-0.00450482
801010.SI,2023-04-28,-0.04190724,-0.0042352374
801010.SI,2023-05-31,-0.10030064,-0.0012653308
801030.SI,2023-03-31,-0.07188451,0.0073042526
801030.SI,2023-04-28,-0.07736761,0.006880937
801030.SI,2023-05-31,-0.05493109,0.008487541
801040.SI,2023-03-31,-0.074519515,-0.0037142981
801040.SI,2023-04-28,-0.026655069,-0.005236381
801040.SI,2023-05-31,-0.04744718,-0.004810112
801050.SI,2023-03-31,-0.039926656,0.007077066
801050.SI,2023-04-28,-0.014770867,0.006522259
801050.SI,2023-05-31,-0.08150181,0.0076812785
801080.SI,2023-03-31,0.058370765,0.0070301523
801080.SI,2023-04-28,-0.07495698,0.0021861035
801080.SI,2023-05-31,0.022666369,0.0048680888
801110.SI,2023-03-31,-0.008285316,0.0025746308
801110.SI,2023-04-28,0.020530827,-0.0009637761
801110.SI,2023-05-31,-0.073592074,0.0006998417
801120.SI,2023-03-31,-0.01730921,0.018146753
801120.SI,2023-04-28,-0.059499986,0.024900949
801120.SI,2023-05-31,-0.07907749,0.020153053
801130.SI,2023-03-31,-0.05391773,-0.0063671065
801130.SI,2023-04-28,-0.0061189067,-0.0056854
801130.SI,2023-05-31,-0.027097262,-0.006707274
801140.SI,2023-03-31,-0.073539115,-0.00013335918
801140.SI,2023-04-28,-0.049194645,-0.000117531665
801140.SI,2023-05-31,-0.035567194,-0.00037842555
801150.SI,2023-03-31,-0.035330214,0.009434415
801150.SI,2023-04-28,-0.0043007447,0.0073616356
801150.SI,2023-05-31,-0.024916127,0.005172249
801160.SI,2023-03-31,-0.016917998,0.0063104965
801160.SI,2023-04-28,0.022235354,0.003945435
801160.SI,2023-05-31,0.04278552,0.0021896784
801170.SI,2023-03-31,-0.008067927,-0.003283079
801170.SI,2023-04-28,0.010800384,-0.0027099147
801170.SI,2023-05-31,-0.06731442,-0.0023973125
801180.SI,2023-03-31,-0.07595862,0.010209066
801180.SI,2023-04-28,-0.025532074,0.009185436
801180.SI,2023-05-31,-0.06848521,0.0027175993
801200.SI,2023-03-31,-0.015084921,-0.0053047375
801200.SI,2023-04-28,-0.06089593,-0.0021701686
801200.SI,2023-05-31,-0.11650187,-0.0042340965
801210.SI,2023-03-31,-0.0032256264,0.009550213
801210.SI,2023-04-28,-0.054004416,0.010288566
801210.SI,2023-05-31,-0.040908232,0.004695391
801230.SI,2023-03-31,-0.012346773,-0.00130437
801230.SI,2023-04-28,-0.043362092,-7.718863e-05
801230.SI,2023-05-31,-0.032950442,0.0020859186
801710.SI,2023-03-31,-0.06512603,0.0051897005
801710.SI,2023-04-28,-0.050142795,0.00347104
801710.SI,2023-05-31,-0.085327774,0.001773911
801720.SI,2023-03-31,0.028172184,-0.002290848
801720.SI,2023-04-28,0.10329073,-0.0052899164
801720.SI,2023-05-31,-0.0886893,-0.0056022964
801730.SI,2023-03-31,-0.051874228,0.007487357
801730.SI,2023-04-28,-0.041266717,0.006625915
801730.SI,2023-05-31,-0.029669907,0.0077864625
801740.SI,2023-03-31,-0.037011925,0.0020283572
801740.SI,2023-04-28,-0.008730476,0.0004865105
801740.SI,2023-05-31,-0.003291873,0.0012716552
801750.SI,2023-03-31,0.1476496,0.00230957
801750.SI,2023-04-28,-0.0698333,-0.003444514
801750.SI,2023-05-31,0.00035820366,-5.1772222e-05
801760.SI,2023-03-31,0.2265388,-0.0066532213
801760.SI,2023-04-28,0.13074894,-0.007067897
801760.SI,2023-05-31,-0.04541698,-0.009947289
801770.SI,2023-03-31,0.091908485,-0.004031236
801770.SI,2023-04-28,0.034881067,-0.013267736
801770.SI,2023-05-31,0.013768196,-0.009674414
801880.SI,2023-03-31,-0.056345977,0.00019669284
801880.SI,2023-04-28,-0.05848322,-0.00030338267
801880.SI,2023-05-31,-0.006201146,-0.0008383517
801890.SI,2023-03-31,-0.028695643,0.0033000435
801890.SI,2023-04-28,-0.029216053,0.0012457557
801890.SI,2023-05-31,-0.010933055,0.002734267
801950.SI,2023-03-31,-0.044435896,0.00089705177
801950.SI,2023-04-28,-0.018014923,-0.0014324695
801950.SI,2023-05-31,-0.08066441,-0.00012447003
801960.SI,2023-03-31,0.0054845614,0.0023690574
801960.SI,2023-04-28,0.057516787,0.00084697455
801960.SI,2023-05-31,-0.08094958,0.0023643933
801970.SI,2023-03-31,-0.03717294,-0.0058898726
801970.SI,2023-04-28,-0.025368186,-0.0064242315
801970.SI,2023-05-31,0.0049778507,-0.0052211382
801980.SI,2023-03-31,-0.046643328,-0.0018630102
801980.SI,2023-04-28,-0.048600625,0.0026896137
801980.SI,2023-05-31,-0.065216824,0.0026627325
801010.SI,2023-06-30,0.029977668,0.0102110915
801010.SI,2023-07-31,0.05584111,0.011454697
801010.SI,2023-08-31,-0.081961736,0.011818659
801030.SI,2023-06-30,0.025551908,0.016813867
801030.SI,2023-07-31,0.039371826,0.015804602
801030.SI,2023-08-31,-0.06138307,0.01762
801040.SI,2023-06-30,-0.0056194197,0.007950605
801040.SI,2023-07-31,0.08617669,0.009410233
801040.SI,2023-08-31,-0.06707827,0.010975577
801050.SI,2023-06-30,0.009159309,0.014679
801050.SI,2023-07-31,0.05233402,0.0141666755
801050.SI,2023-08-31,-0.077816926,0.014373154
801080.SI,2023-06-30,0.015856221,0.009117221
801080.SI,2023-07-31,-0.0080368435,0.013053044
801080.SI,2023-08-31,-0.049711518,0.015476782
801110.SI,2023-06-30,0.1127601,0.008894225
801110.SI,2023-07-31,0.00686127,0.007542256
801110.SI,2023-08-31,-0.05073389,0.009192735
801120.SI,2023-06-30,0.0055445572,0.023603467
801120.SI,2023-07-31,0.09234631,0.022771597
801120.SI,2023-08-31,-0.058643196,0.02371871
801130.SI,2023-06-30,0.030064814,0.008335758
801130.SI,2023-07-31,0.038928553,0.009001453
801130.SI,2023-08-31,-0.053087626,0.009347919
801140.SI,2023-06-30,0.031809296,0.009521999
801140.SI,2023-07-31,0.055790175,0.0075498684
801140.SI,2023-08-31,-0.052425265,0.007988093
801150.SI,2023-06-30,-0.0447969,0.010255247
801150.SI,2023-07-31,-0.009098444,0.01172397
801150.SI,2023-08-31,-0.047471028,0.014556266
801160.SI,2023-06-30,-0.013654194,0.0052441303
801160.SI,2023-07-31,-0.021231027,0.0038045205
801160.SI,2023-08-31,-0.044851277,0.008477206
801170.SI,2023-06-30,-0.02928701,0.008229722
801170.SI,2023-07-31,0.05570809,0.009307001
801170.SI,2023-08-31,-0.07930702,0.010189843
801180.SI,2023-06-30,0.0057509774,0.009035724
801180.SI,2023-07-31,0.1413929,0.007952047
801180.SI,2023-08-31,-0.069378555,0.0055869925
801200.SI,2023-06-30,-0.027525336,0.004437581
801200.SI,2023-07-31,0.10195447,0.0052510933
801200.SI,2023-08-31,-0.100853235,0.0038251958
801210.SI,2023-06-30,-0.0040953923,0.012167424
801210.SI,2023-07-31,0.029216701,0.016031934
801210.SI,2023-08-31,-0.07281018,0.019662471
801230.SI,2023-06-30,-0.0121309515,0.0108655365
801230.SI,2023-07-31,0.038633462,0.009094954
801230.SI,2023-08-31,-0.0773399,0.008907553
801710.SI,2023-06-30,0.009942855,0.012220003
801710.SI,2023-07-31,0.10145291,0.011830355
801710.SI,2023-08-31,-0.06448313,0.0117038665
801720.SI,2023-06-30,-0.019549033,0.005701302
801720.SI,2023-07-31,0.060551118,0.006057821
801720.SI,2023-08-31,-0.101759575,0.0068278075
801730.SI,2023-06-30,0.040734045,0.013205003
801730.SI,2023-07-31,-0.024362458,0.012046027
801730.SI,2023-08-31,-0.083068885,0.015947893
801740.SI,2023-06-30,0.04045526,0.01161838
801740.SI,2023-07-31,-0.043326,0.011158767
801740.SI,2023-08-31,-0.039030086,0.01309717
801750.SI,2023-06-30,0.0024834306,0.0044127754
801750.SI,2023-07-31,-0.042127647,0.008539283
801750.SI,2023-08-31,-0.037398856,0.011044771
801760.SI,2023-06-30,-0.014609277,-0.005691007
801760.SI,2023-07-31,-0.07571451,-0.0008211788
801760.SI,2023-08-31,-0.010679871,0.008461022
801770.SI,2023-06-30,0.10918741,0.00418907
801770.SI,2023-07-31,-0.07662759,0.010025453
801770.SI,2023-08-31,-0.03929054,0.012442735
801880.SI,2023-06-30,0.0888643,0.008105951
801880.SI,2023-07-31,0.0573713,0.00586994
801880.SI,2023-08-31,-0.07234943,0.006572766
801890.SI,2023-06-30,0.0734485,0.009466543
801890.SI,2023-07-31,-0.01734216,0.007148797
801890.SI,2023-08-31,-0.055978645,0.010040815
801950.SI,2023-06-30,0.016445257,0.012960096
801950.SI,2023-07-31,-0.019048704,0.0127713205
801950.SI,2023-08-31,-0.02075196,0.016363606
801960.SI,2023-06-30,-0.0023498007,0.012831856
801960.SI,2023-07-31,0.04338072,0.014901076
801960.SI,2023-08-31,-0.03346038,0.015057561
801970.SI,2023-06-30,-0.0043478664,0.0017264932
801970.SI,2023-07-31,0.029081918,0.0016586352
801970.SI,2023-08-31,-0.038489528,0.002165037
801980.SI,2023-06-30,-0.012665437,0.0130687505
801980.SI,2023-07-31,0.036552068,0.012499436
801980.SI,2023-08-31,-0.04943936,0.013428785
801010.SI,2023-09-28,-0.025365071,-0.0016161004
801010.SI,2023-10-31,0.004174722,-0.0042246385
801010.SI,2023-11-30,0.027162451,-0.001612436
801030.SI,2023-09-28,-0.009762959,0.0056538437
801030.SI,2023-10-31,-0.00967982,0.0050775465
801030.SI,2023-11-30,-0.015246729,0.0052650454
801040.SI,2023-09-28,0.007911943,-0.00036947368
801040.SI,2023-10-31,-0.0075480444,-0.0016759122
801040.SI,2023-11-30,-0.01805962,0.0015986109
801050.SI,2023-09-28,-0.009228881,0.0022283986
801050.SI,2023-10-31,-0.0092367325,0.0031459772
801050.SI,2023-11-30,-0.03307063,0.0050853896
801080.SI,2023-09-28,-0.013553225,0.005434482
801080.SI,2023-10-31,0.044328615,0.0030355498
801080.SI,2023-11-30,0.0074194605,-0.00021341567
801110.SI,2023-09-28,0.0012614698,-0.0015707662
801110.SI,2023-10-31,-0.03579774,0.00030184662
801110.SI,2023-11-30,-0.0051709013,0.0016669793
801120.SI,2023-09-28,-0.022251246,0.010467015
801120.SI,2023-10-31,-0.025521548,0.010516
801120.SI,2023-11-30,0.0050760964,0.011514151
801130.SI,2023-09-28,0.01052273,-0.0030774672
801130.SI,2023-10-31,-0.019181836,-0.0048231385
801130.SI,2023-11-30,0.0098171495,-0.0019035576
801140.SI,2023-09-28,-0.0085363705,-0.00706172
801140.SI,2023-10-31,-0.02303148,-0.005926972
801140.SI,2023-11-30,0.0050087906,-0.0035196075
801150.SI,2023-09-28,0.04293359,0.0033595127
801150.SI,2023-10-31,0.018851986,-0.00077993114
801150.SI,2023-11-30,0.02907022,-0.0029243436
801160.SI,2023-09-28,-0.00823626,0.0032090668
801160.SI,2023-10-31,-0.008543645,0.0022985295
801160.SI,2023-11-30,0.0035302322,0.0013455512
801170.SI,2023-09-28,-0.008387154,-0.0009070539
801170.SI,2023-10-31,-0.023443382,-0.0027831073
801170.SI,2023-11-30,0.009904575,-0.0011798475
801180.SI,2023-09-28,-0.054702893,-0.0058267624
801180.SI,2023-10-31,-0.0726317,-0.0009837542
801180.SI,2023-11-30,-0.014837182,0.0030799068
801200.SI,2023-09-28,-0.0016500198,-0.00525404
801200.SI,2023-10-31,-0.05102713,-0.0046460475
801200.SI,2023-11-30,0.020429235,0.0011550369
801210.SI,2023-09-28,-0.037090536,0.005867133
801210.SI,2023-10-31,-0.081072934,0.001998239
801210.SI,2023-11-30,0.0562781,0.0031678583
801230.SI,2023-09-28,0.005433813,-0.0019026132
801230.SI,2023-10-31,-0.013462074,-0.001203271
801230.SI,2023-11-30,0.018637259,0.0021076053
801710.SI,2023-09-28,-0.019143406,-0.0019538815
801710.SI,2023-10-31,-0.06791535,-0.0014934879
801710.SI,2023-11-30,-0.044576276,0.0017783974
801720.SI,2023-09-28,-0.0091334535,-0.002134082
801720.SI,2023-10-31,-0.056299277,-0.0018407019
801720.SI,2023-11-30,-0.017490711,0.0010712029
801730.SI,2023-09-28,-0.057201736,0.0069522914
801730.SI,2023-10-31,-0.054086488,0.0075027836
801730.SI,2023-11-30,-0.043565866,0.005707893
801740.SI,2023-09-28,-0.014297761,0.0023292862
801740.SI,2023-10-31,-0.024007918,0.0037938252
801740.SI,2023-11-30,0.0057329605,0.001580162
801750.SI,2023-09-28,-0.04267756,0.0015861472
801750.SI,2023-10-31,-0.038064566,0.00034704804
801750.SI,2023-11-30,0.025836531,-0.00079306774
801760.SI,2023-09-28,-0.076210454,0.0053747525
801760.SI,2023-10-31,-0.05985464,0.0018622322
801760.SI,2023-11-30,0.060011912,-0.0014564482
801770.SI,2023-09-28,0.006982667,0.004883537
801770.SI,2023-10-31,-0.090980835,0.0035340786
801770.SI,2023-11-30,0.025675746,0.0009964363
801880.SI,2023-09-28,0.004748276,-0.0025373225
801880.SI,2023-10-31,0.024015332,0.0012499267
801880.SI,2023-11-30,0.027470294,0.0020332455
801890.SI,2023-09-28,0.011002037,0.0010121813
801890.SI,2023-10-31,-0.059062704,0.0028893035
801890.SI,2023-11-30,0.04399105,0.003420191
801950.SI,2023-09-28,0.09602496,0.0048196097
801950.SI,2023-10-31,-0.030099344,0.0010782765
801950.SI,2023-11-30,0.07025946,0.00047993846
801960.SI,2023-09-28,0.0351157,0.0017823292
801960.SI,2023-10-31,-0.053888228,-0.001148923
801960.SI,2023-11-30,-0.007360863,-0.00047241585
801970.SI,2023-09-28,-0.022878284,-0.004849034
801970.SI,2023-10-31,-0.024680216,-0.0039238515
801970.SI,2023-11-30,0.013495627,-0.0025376845
801980.SI,2023-09-28,-0.06581375,-0.0015584448
801980.SI,2023-10-31,-0.08174018,-0.0038700635
801980.SI,2023-11-30,-0.02934969,-0.00011056848
801010.SI,2023-12-29,-0.01369242,-0.0045144926
801010.SI,2024-01-31,-0.1319882,-0.0037171096
801010.SI,2024-02-29,0.05559065,-0.0017837131
801030.SI,2023-12-29,-0.015203266,0.0042437376
801030.SI,2024-01-31,-0.16129647,0.0050046197
801030.SI,2024-02-29,0.09248352,0.009172305
801040.SI,2023-12-29,-0.0364086,-0.0029210236
801040.SI,2024-01-31,-0.069278285,8.916482e-05
801040.SI,2024-02-29,0.06714538,-0.0024163604
801050.SI,2023-12-29,0.022779876,0.001757844
801050.SI,2024-01-31,-0.122498825,0.0009587978
801050.SI,2024-02-29,0.09944776,0.003416966
801080.SI,2023-12-29,-0.012205025,-0.0051251887
801080.SI,2024-01-31,-0.23893987,-0.0041873283
801080.SI,2024-02-29,0.16448401,0.0040608183
801110.SI,2023-12-29,-0.0027002688,-0.0030769228
801110.SI,2024-01-31,-0.019473393,-0.0024928635
801110.SI,2024-02-29,0.09864111,0.00011504503
801120.SI,2023-12-29,-0.050084483,0.004650599
801120.SI,2024-01-31,-0.10152988,0.00631576
801120.SI,2024-02-29,0.086126074,0.009747299
801130.SI,2023-12-29,-0.013310582,-0.004340574
801130.SI,2024-01-31,-0.09954259,-0.0023464828
801130.SI,2024-02-29,0.027224928,0.0012005655
801140.SI,2023-12-29,-0.030009802,-0.0046965205
801140.SI,2024-01-31,-0.13991615,-0.0036477468
801140.SI,2024-02-29,0.052319728,0.0011318339
801150.SI,2023-12-29,-0.046117436,-0.0096273
801150.SI,2024-01-31,-0.18565212,-0.005939698
801150.SI,2024-02-29,0.10513959,0.00067893043
801160.SI,2023-12-29,0.0034975808,-0.0015589179
801160.SI,2024-01-31,-0.009545265,-0.00066983205
801160.SI,2024-02-29,0.03525394,1.7467266e-05
801170.SI,2023-12-29,-0.036410894,-0.0058831368
801170.SI,2024-01-31,-0.028215695,-0.0052132993
801170.SI,2024-02-29,0.049879227,-0.0049060616
801180.SI,2023-12-29,-0.06384604,0.0013140291
801180.SI,2024-01-31,-0.08046439,-0.0006334257
801180.SI,2024-02-29,0.022800077,0.0008016117
801200.SI,2023-12-29,-0.06325116,-0.0058080168
801200.SI,2024-01-31,-0.107637286,-0.005553616
801200.SI,2024-02-29,0.04228512,-0.005320165
801210.SI,2023-12-29,-0.051651277,0.0021040887
801210.SI,2024-01-31,-0.14683616,0.0052213054
801210.SI,2024-02-29,0.06387828,0.0056998185
801230.SI,2023-12-29,0.0028834397,0.0010380881
801230.SI,2024-01-31,-0.15070432,0.0009748054
801230.SI,2024-02-29,0.00085762236,0.0007231037
801710.SI,2023-12-29,-0.03972062,-0.00016138765
801710.SI,2024-01-31,-0.08642366,0.0012544406
801710.SI,2024-02-29,0.043468464,0.0021445185
801720.SI,2023-12-29,-0.013629364,-0.001507055
801720.SI,2024-01-31,-0.035541855,-0.0015610749
801720.SI,2024-02-29,0.0139622595,-0.003187495
801730.SI,2023-12-29,0.002526685,0.0016703606
801730.SI,2024-01-31,-0.16325079,-0.0004688166
801730.SI,2024-02-29,0.10206059,0.0025690726
801740.SI,2023-12-29,-0.018371094,9.40611e-05
801740.SI,2024-01-31,-0.2048529,-0.0018907506
801740.SI,2024-02-29,0.12868425,0.0016327016
801750.SI,2023-12-29,-0.019697106,-0.0019641172
801750.SI,2024-01-31,-0.23656955,-0.0019800595
801750.SI,2024-02-29,0.17778781,0.0011243839
801760.SI,2023-12-29,-0.027477963,-0.0040869913
801760.SI,2024-01-31,-0.15461852,-0.004808156
801760.SI,2024-02-29,0.14827375,-0.0028725257
801770.SI,2023-12-29,0.0017129006,-0.0029497854
801770.SI,2024-01-31,-0.15190099,-0.0014647283
801770.SI,2024-02-29,0.19546182,0.002804349
801880.SI,2023-12-29,-0.059385493,-0.0055211666
801880.SI,2024-01-31,-0.15387788,-0.0057768547
801880.SI,2024-02-29,0.13629517,-0.00062142685
801890.SI,2023-12-29,-0.011548011,-4.410061e-05
801890.SI,2024-01-31,-0.17906442,-0.00029395707
801890.SI,2024-02-29,0.12940934,0.0034306713
801950.SI,2023-12-29,0.003585562,-0.0073210695
801950.SI,2024-01-31,0.06643544,-0.0035825905
801950.SI,2024-02-29,0.07571753,-0.0040831827
801960.SI,2023-12-29,-0.008069632,-0.0036266565
801960.SI,2024-01-31,-0.012177804,0.00020695664
801960.SI,2024-02-29,0.056011934,0.0006126699
801970.SI,2023-12-29,-0.038855728,-0.0050691175
801970.SI,2024-01-31,-0.11993814,-0.006288819
801970.SI,2024-02-29,0.0112655405,-0.00408862
801980.SI,2023-12-29,-0.04096507,-0.0020030707
801980.SI,2024-01-31,-0.13357472,0.00075762905
801980.SI,2024-02-29,0.14420542,0.0016071722
801010.SI,2024-03-29,0.02638939,-0.008773509
801010.SI,2024-04-30,-0.0076037734,-0.0023613365
801010.SI,2024-05-31,0.043249827,-0.0076178066
801030.SI,2024-03-29,0.023433939,-0.0016591331
801030.SI,2024-04-30,0.045182694,0.0070609096
801030.SI,2024-05-31,-0.014711795,-0.0030743259
801040.SI,2024-03-29,0.001519104,-0.015198119
801040.SI,2024-04-30,0.019308193,-0.013487674
801040.SI,2024-05-31,-0.022382244,-0.010592572
801050.SI,2024-03-29,0.12507576,-0.005066805
801050.SI,2024-04-30,0.024155417,-0.004988054
801050.SI,2024-05-31,-0.0026902303,-0.015402916
801080.SI,2024-03-29,0.010562514,-0.000463568
801080.SI,2024-04-30,-0.003596762,0.0056105307
801080.SI,2024-05-31,-0.012460915,-0.0042485557
801110.SI,2024-03-29,0.023744315,-0.010961984
801110.SI,2024-04-30,0.08507892,-0.0075204447
801110.SI,2024-05-31,-0.03980904,-0.0167133
801120.SI,2024-03-29,0.015459282,0.010003005
801120.SI,2024-04-30,0.007846667,0.015801106
801120.SI,2024-05-31,-0.036608275,0.008982657
801130.SI,2024-03-29,0.04998774,-0.010473353
801130.SI,2024-04-30,-0.014266242,-0.0043404982
801130.SI,2024-05-31,-0.015973873,-0.0077674114
801140.SI,2024-03-29,0.038978573,-0.010507104
801140.SI,2024-04-30,-0.009447331,-0.0024053992
801140.SI,2024-05-31,-0.023340955,-0.009653141
801150.SI,2024-03-29,-0.022454808,-0.0036019664
801150.SI,2024-04-30,0.025967963,0.004032087
801150.SI,2024-05-31,-0.042492956,-0.0072624646
801160.SI,2024-03-29,0.03562705,-0.010394963
801160.SI,2024-04-30,0.012674533,-0.006692792
801160.SI,2024-05-31,0.031479634,-0.011193663
801170.SI,2024-03-29,0.010164655,-0.020112835
801170.SI,2024-04-30,0.024231438,-0.014045333
801170.SI,2024-05-31,0.023672702,-0.013922649
801180.SI,2024-03-29,-0.037892994,-0.012536748
801180.SI,2024-04-30,-0.042686887,-0.0067623802
801180.SI,2024-05-31,0.061306003,-0.011658002
801200.SI,2024-03-29,0.003689355,-0.011774576
801200.SI,2024-04-30,-0.034190107,-0.006857171
801200.SI,2024-05-31,-0.046429884,-0.010672025
801210.SI,2024-03-29,0.020971803,0.008683109
801210.SI,2024-04-30,-0.022695534,0.011354175
801210.SI,2024-05-31,-0.04008013,0.006604361
801230.SI,2024-03-29,0.055166844,-0.008213434
801230.SI,2024-04-30,-0.08546428,-0.00056028244
801230.SI,2024-05-31,-0.04649924,-0.0004021103
801710.SI,2024-03-29,-0.016864961,-0.011976071
801710.SI,2024-04-30,0.010044909,-0.0037909793
801710.SI,2024-05-31,0.0031278022,-0.007985098
801720.SI,2024-03-29,0.010991252,-0.020826215
801720.SI,2024-04-30,-0.021449218,-0.011802174
801720.SI,2024-05-31,-0.0010347895,-0.011576425
801730.SI,2024-03-29,0.037421487,-0.0034894664
801730.SI,2024-04-30,-0.0077002244,0.007308706
801730.SI,2024-05-31,-0.005579394,0.00088241446
801740.SI,2024-03-29,0.044311527,-0.008250524
801740.SI,2024-04-30,-0.019833589,-0.0029825235
801740.SI,2024-05-31,0.018413536,-0.010306876
801750.SI,2024-03-29,-0.0047610975,-0.008950227
801750.SI,2024-04-30,-0.033901535,-0.004649184
801750.SI,2024-05-31,-0.06992316,-0.009747396
801760.SI,2024-03-29,0.01507199,-0.011551529
801760.SI,2024-04-30,-0.05236558,-0.005435215
801760.SI,2024-05-31,-0.07775672,-0.0069527733
801770.SI,2024-03-29,0.04221541,-0.008964289
801770.SI,2024-04-30,0.014998003,-0.011063117
801770.SI,2024-05-31,-0.06107808,-0.017731437
801880.SI,2024-03-29,0.046062347,-0.006535644
801880.SI,2024-04-30,0.025490794,-0.002918071
801880.SI,2024-05-31,-0.035179723,-0.0109817935
801890.SI,2024-03-29,0.035989188,-0.002035808
801890.SI,2024-04-30,-0.0059363507,0.0043004663
801890.SI,2024-05-31,-0.022044173,-0.0034506943
801950.SI,2024-03-29,-0.037556924,-0.012363088
801950.SI,2024-04-30,0.009096013,-0.011129801
801950.SI,2024-05-31,0.06346298,-0.0045325984
801960.SI,2024-03-29,0.060182728,-0.011132896
801960.SI,2024-04-30,0.009101983,-0.012049135
801960.SI,2024-05-31,-0.013216225,-0.016923713
801970.SI,2024-03-29,0.04923521,-0.016531149
801970.SI,2024-04-30,0.010400689,-0.009575256
801970.SI,2024-05-31,-0.010545516,-0.014919893
801980.SI,2024-03-29,-0.012431798,-0.00490091
801980.SI,2024-04-30,-0.001951037,-0.0058625992
801980.SI,2024-05-31,-0.036822435,-0.0135774175
801010.SI,2024-06-28,-0.110136434,0.0007324163
801010.SI,2024-07-31,-0.0026987903,0.006541485
801010.SI,2024-08-30,-0.083473586,0.008512588
801030.SI,2024-06-28,-0.09043638,0.005661499
801030.SI,2024-07-31,-0.03233861,0.010258197
801030.SI,2024-08-30,-0.040315427,0.01535375
801040.SI,2024-06-28,-0.098022014,0.00016261016
801040.SI,2024-07-31,0.008274014,0.003573879
801040.SI,2024-08-30,-0.06954538,0.0044008507
801050.SI,2024-06-28,-0.07322659,-0.0036043916
801050.SI,2024-07-31,-0.035844572,0.0063589024
801050.SI,2024-08-30,-0.039421085,0.013258073
801080.SI,2024-06-28,0.032080937,0.006499324
801080.SI,2024-07-31,0.011310393,0.0033665951
801080.SI,2024-08-30,-0.05268533,0.0029253263
801110.SI,2024-06-28,-0.05530199,-0.003681245
801110.SI,2024-07-31,-0.022805551,0.0018686093
801110.SI,2024-08-30,-0.019218575,0.0028896562
801120.SI,2024-06-28,-0.117928654,0.011562702
801120.SI,2024-07-31,-0.027315795,0.01639026
801120.SI,2024-08-30,-0.02466665,0.016659575
801130.SI,2024-06-28,-0.11497985,0.0004762852
801130.SI,2024-07-31,-0.058497764,0.0055513065
801130.SI,2024-08-30,-0.02716234,0.0059538274
801140.SI,2024-06-28,-0.11820629,0.0012990733
801140.SI,2024-07-31,-0.039434906,0.0073758024
801140.SI,2024-08-30,-0.03365493,0.010729211
801150.SI,2024-06-28,-0.08674172,-0.0009379213
801150.SI,2024-07-31,0.0023738758,0.0018632399
801150.SI,2024-08-30,-0.033147205,0.0062947613
801160.SI,2024-06-28,0.0071982937,-0.0044090464
801160.SI,2024-07-31,-0.008464177,-0.000836897
801160.SI,2024-08-30,-0.046626188,0.0051832725
801170.SI,2024-06-28,-0.043462884,-0.0062612086
801170.SI,2024-07-31,0.0051847463,-0.0029829126
801170.SI,2024-08-30,-0.048243217,-0.004476335
801180.SI,2024-06-28,-0.13462953,-0.005946657
801180.SI,2024-07-31,0.022444697,-0.0010274835
801180.SI,2024-08-30,-0.044982582,0.002736792
801200.SI,2024-06-28,-0.12344189,-0.0013819356
801200.SI,2024-07-31,0.049834855,0.004041515
801200.SI,2024-08-30,-0.03641606,0.0036777214
801210.SI,2024-06-28,-0.12605262,0.009560022
801210.SI,2024-07-31,0.015386288,0.014594604
801210.SI,2024-08-30,-0.028513916,0.014174643
801230.SI,2024-06-28,-0.14727044,0.010132636
801230.SI,2024-07-31,0.07483592,0.015169344
801230.SI,2024-08-30,-0.024676992,0.012714449
801710.SI,2024-06-28,-0.091206744,0.004602637
801710.SI,2024-07-31,-0.017105576,0.0067205406
801710.SI,2024-08-30,-0.07131246,0.0087418305
801720.SI,2024-06-28,-0.049482908,0.0023731769
801720.SI,2024-07-31,-0.013614211,0.00394834
801720.SI,2024-08-30,-0.06250134,0.0054886197
801730.SI,2024-06-28,-0.105262384,0.0086763585
801730.SI,2024-07-31,0.0048723,0.0108605
801730.SI,2024-08-30,-0.037656903,0.013809984
801740.SI,2024-06-28,-0.03782698,0.00025578216
801740.SI,2024-07-31,0.044591155,0.0027318608
801740.SI,2024-08-30,-0.08915186,0.0024146189
801750.SI,2024-06-28,-0.06609614,0.006211106
801750.SI,2024-07-31,-0.0034141145,0.004196987
801750.SI,2024-08-30,-0.069609955,0.0025656142
801760.SI,2024-06-28,-0.086602874,0.0073850746
801760.SI,2024-07-31,-0.013680795,0.0076288623
801760.SI,2024-08-30,-0.016695354,0.0053327405
801770.SI,2024-06-28,0.029214079,0.0032102217
801770.SI,2024-07-31,-0.02277786,0.0049819318
801770.SI,2024-08-30,-0.062167253,0.0040552816
801880.SI,2024-06-28,-0.027851328,0.0015888537
801880.SI,2024-07-31,0.0025631008,0.0064210966
801880.SI,2024-08-30,-0.056922037,0.0075680967
801890.SI,2024-06-28,-0.06889649,0.008529556
801890.SI,2024-07-31,-0.023022702,0.009087327
801890.SI,2024-08-30,-0.044986676,0.00836291
801950.SI,2024-06-28,-0.055410966,0.0019301431
801950.SI,2024-07-31,-0.10857214,0.003918123
801950.SI,2024-08-30,-0.009334958,0.0077873473
801960.SI,2024-06-28,-0.020477334,-0.004413595
801960.SI,2024-07-31,-0.05582091,-0.0012209564
801960.SI,2024-08-30,-0.0011016395,0.0024095841
801970.SI,2024-06-28,-0.0937524,-0.0056450404
801970.SI,2024-07-31,0.01881122,-0.0017934283
801970.SI,2024-08-30,-0.05857759,0.0011484195
801980.SI,2024-06-28,-0.08900633,-0.0034016527
801980.SI,2024-07-31,-0.025377944,0.0005447045
801980.SI,2024-08-30,-0.08128777,0.0058053453
801010.SI,2024-09-30,0.19498645,0.010228881
801010.SI,2024-10-31,-0.022627993,-0.01036843
801010.SI,2024-11-29,-0.0026521268,-0.0235077
801030.SI,2024-09-30,0.20510831,0.016250433
801030.SI,2024-10-31,-0.010236986,-0.0068298704
801030.SI,2024-11-29,0.01716336,-0.023855323
801040.SI,2024-09-30,0.21873006,-0.00067573105
801040.SI,2024-10-31,-0.005281663,-0.019635683
801040.SI,2024-11-29,0.004151669,-0.03215687
801050.SI,2024-09-30,0.19601111,0.009503568
801050.SI,2024-10-31,-0.03591695,-0.008042454
801050.SI,2024-11-29,-0.003840759,-0.020825157
801080.SI,2024-09-30,0.19106925,0.0033876654
801080.SI,2024-10-31,0.1466488,-0.0070157037
801080.SI,2024-11-29,-0.0084182955,-0.02212429
801110.SI,2024-09-30,0.21912813,0.0042655114
801110.SI,2024-10-31,-0.013498074,-0.01439111
801110.SI,2024-11-29,-0.024186041,-0.025546929
801120.SI,2024-09-30,0.24667488,0.017324226
801120.SI,2024-10-31,-0.094365425,-0.0019147713
801120.SI,2024-11-29,0.024154851,-0.008413348
801130.SI,2024-09-30,0.19729654,7.964174e-05
801130.SI,2024-10-31,-0.0136857685,-0.025510535
801130.SI,2024-11-29,0.06903858,-0.039882798
801140.SI,2024-09-30,0.22906879,0.012356329
801140.SI,2024-10-31,0.018239746,-0.010168514
801140.SI,2024-11-29,0.06315397,-0.029516518
801150.SI,2024-09-30,0.21352042,0.007146276
801150.SI,2024-10-31,-0.043161515,-0.011137747
801150.SI,2024-11-29,0.021547507,-0.019956246
801160.SI,2024-09-30,0.089290306,0.0079641575
801160.SI,2024-10-31,-0.041570596,-0.0040070694
801160.SI,2024-11-29,-0.022412198,-0.01613551
801170.SI,2024-09-30,0.16354497,-0.006717615
801170.SI,2024-10-31,-0.039208397,-0.021402666
801170.SI,2024-11-29,0.021224877,-0.026019732
801180.SI,2024-09-30,0.36270338,0.0077629704
801180.SI,2024-10-31,0.030534422,-0.02220869
801180.SI,2024-11-29,-0.005344917,-0.043837532
801200.SI,2024-09-30,0.26031378,0.003792417
801200.SI,2024-10-31,0.04032766,-0.023350725
801200.SI,2024-11-29,0.1356207,-0.04160437
801210.SI,2024-09-30,0.27174005,0.013176133
801210.SI,2024-10-31,0.036007624,-0.009171714
801210.SI,2024-11-29,0.013983444,-0.023943445
801230.SI,2024-09-30,0.25172314,0.014153165
801230.SI,2024-10-31,0.107267365,-0.011129364
801230.SI,2024-11-29,0.08579738,-0.030544868
801710.SI,2024-09-30,0.22901616,0.011449317
801710.SI,2024-10-31,0.047104683,-0.010252322
801710.SI,2024-11-29,-0.024589635,-0.028330581
801720.SI,2024-09-30,0.18551905,0.003411832
801720.SI,2024-10-31,0.06516593,-0.01761443
801720.SI,2024-11-29,0.010542404,-0.03652012
801730.SI,2024-09-30,0.27131662,0.019939778
801730.SI,2024-10-31,0.04327886,-0.00033236234
801730.SI,2024-11-29,0.011960229,-0.015664803
801740.SI,2024-09-30,0.19677737,0.0041046203
801740.SI,2024-10-31,0.10218781,-0.007977107
801740.SI,2024-11-29,-0.025883233,-0.020541402
801750.SI,2024-09-30,0.34919816,0.0014357151
801750.SI,2024-10-31,0.1446228,-0.014286743
801750.SI,2024-11-29,0.043925233,-0.030170813
801760.SI,2024-09-30,0.2683157,0.0017021565
801760.SI,2024-10-31,0.051489655,-0.019411752
801760.SI,2024-11-29,0.06637777,-0.034140617
801770.SI,2024-09-30,0.2458879,0.0016482206
801770.SI,2024-10-31,0.06281137,-0.01455094
801770.SI,2024-11-29,-0.019272486,-0.03342362
801880.SI,2024-09-30,0.22479373,0.009729031
801880.SI,2024-10-31,0.014513652,-0.008766249
801880.SI,2024-11-29,0.0068815006,-0.021196911
801890.SI,2024-09-30,0.22117111,0.010386068
801890.SI,2024-10-31,0.04546706,-0.005705589
801890.SI,2024-11-29,0.034261137,-0.018799705
801950.SI,2024-09-30,0.14640862,0.017914271
801950.SI,2024-10-31,-0.08047626,0.0057020425
801950.SI,2024-11-29,-0.011379486,-0.0033692184
801960.SI,2024-09-30,0.08132905,-0.0032476392
801960.SI,2024-10-31,-0.07121708,-0.016150365
801960.SI,2024-11-29,0.021834603,-0.026913201
801970.SI,2024-09-30,0.20399685,0.003476403
801970.SI,2024-10-31,0.08782371,-0.0141479345
801970.SI,2024-11-29,0.007808043,-0.028379008
801980.SI,2024-09-30,0.32020354,0.0076120417
801980.SI,2024-10-31,-0.04426528,-0.007756918
801980.SI,2024-11-29,-0.008424016,-0.023829097
801010.SI,2024-12-31,-0.041137647,-0.01696083
801010.SI,2025-01-27,-0.029752752,-0.006132687
801010.SI,2025-02-28,0.0019152855,0.0038784135
801030.SI,2024-12-31,-0.04089972,-0.016473513
801030.SI,2025-01-27,-0.005539538,-0.002942913
801030.SI,2025-02-28,0.033360366,0.0062356107
801040.SI,2024-12-31,-0.019113012,-0.0143839745
801040.SI,2025-01-27,-0.011946868,0.0011959398
801040.SI,2025-02-28,0.07102416,0.0093583735
801050.SI,2024-12-31,-0.055594757,-0.009467514
801050.SI,2025-01-27,0.04461763,0.0041844957
801050.SI,2025-02-28,-0.0052317036,0.010432087
801080.SI,2024-12-31,0.0048214863,-0.016134782
801080.SI,2025-01-27,-0.002825486,-0.0039020323
801080.SI,2025-02-28,0.08299536,0.008352133
801110.SI,2024-12-31,0.027676472,-0.0194635
801110.SI,2025-01-27,-0.006570387,-0.0064127003
801110.SI,2025-02-28,0.007482762,0.0014965577
801120.SI,2024-12-31,-0.012338506,-0.00676826
801120.SI,2025-01-27,-0.06841536,0.0058979862
801120.SI,2025-02-28,0.041511286,0.016676793
801130.SI,2024-12-31,-0.017902251,-0.027643451
801130.SI,2025-01-27,-0.026046235,-0.014398036
801130.SI,2025-02-28,0.016760074,-0.0033393044
801140.SI,2024-12-31,-0.051186517,-0.023405537
801140.SI,2025-01-27,-0.02626123,-0.00918518
801140.SI,2025-02-28,0.026844356,0.0027780656
801150.SI,2024-12-31,-0.055588674,-0.016036654
801150.SI,2025-01-27,-0.037881684,-0.0007680934
801150.SI,2025-02-28,0.0507134,0.0070889196
801160.SI,2024-12-31,0.022392495,-0.008622136
801160.SI,2025-01-27,-0.051797092,0.0027571649
801160.SI,2025-02-28,-0.009544252,0.012378392
801170.SI,2024-12-31,0.0017419783,-0.020143641
801170.SI,2025-01-27,-0.041951362,-0.008462003
801170.SI,2025-02-28,-0.007976372,0.0003385196
801180.SI,2024-12-31,-0.098154955,-0.030850062
801180.SI,2025-01-27,-0.06139403,-0.012872887
801180.SI,2025-02-28,0.053734668,0.004467288
801200.SI,2024-12-31,0.0008951969,-0.038228154
801200.SI,2025-01-27,-0.076033115,-0.032398783
801200.SI,2025-02-28,0.029494287,-0.018555054
801210.SI,2024-12-31,-0.051530723,-0.015284047
801210.SI,2025-01-27,-0.02684054,-0.0022775556
801210.SI,2025-02-28,0.037682187,0.007855381
801230.SI,2024-12-31,-0.018488202,-0.031053407
801230.SI,2025-01-27,-0.027552452,-0.017821904
801230.SI,2025-02-28,0.02848971,-0.0016529635
801710.SI,2024-12-31,-0.04837227,-0.02261561
801710.SI,2025-01-27,-0.012653186,-0.008429742
801710.SI,2025-02-28,0.005593968,0.0038919512
801720.SI,2024-12-31,-0.025877502,-0.025207935
801720.SI,2025-01-27,-0.059320245,-0.013070263
801720.SI,2025-02-28,0.03512747,0.0013799717
801730.SI,2024-12-31,-0.059928592,-0.014465839
801730.SI,2025-01-27,-0.036577154,0.001096846
801730.SI,2025-02-28,0.06397433,0.011923403
801740.SI,2024-12-31,-0.026397508,-0.015655676
801740.SI,2025-01-27,-0.07261605,-0.003362729
801740.SI,2025-02-28,0.03670653,0.011793424
801750.SI,2024-12-31,-0.070898205,-0.025796251
801750.SI,2025-01-27,-0.021684775,-0.009157944
801750.SI,2025-02-28,0.16307619,0.003401706
801760.SI,2024-12-31,-0.058344606,-0.025828578
801760.SI,2025-01-27,-0.0058067855,-0.013030303
801760.SI,2025-02-28,0.061044835,-0.0015004961
801770.SI,2024-12-31,0.043894712,-0.02175402
801770.SI,2025-01-27,-0.008471065,-0.011131659
801770.SI,2025-02-28,0.036368,0.0008394166
801880.SI,2024-12-31,0.017152779,-0.017281316
801880.SI,2025-01-27,0.008403654,-0.0058684736
801880.SI,2025-02-28,0.09195831,0.0015079938
801890.SI,2024-12-31,-0.019003894,-0.017319515
801890.SI,2025-01-27,0.009513085,-0.004293271
801890.SI,2025-02-28,0.10717635,0.0032688684
801950.SI,2024-12-31,0.012972522,0.007012084
801950.SI,2025-01-27,-0.06633885,0.01623921
801950.SI,2025-02-28,-0.07604357,0.020025453
801960.SI,2024-12-31,0.01596355,-0.01682
801960.SI,2025-01-27,-0.042328883,-0.0067790993
801960.SI,2025-02-28,-0.010508983,0.00029516904
801970.SI,2024-12-31,-0.049709633,-0.02293756
801970.SI,2025-01-27,-0.0423054,-0.009887022
801970.SI,2025-02-28,0.047646366,0.00015066315
801980.SI,2024-12-31,-0.06634539,-0.01910615
801980.SI,2025-01-27,-0.03696646,-0.0074607483
801980.SI,2025-02-28,0.022983778,0.0019838784
801010.SI,2025-03-31,0.019528972,0.005232826
801010.SI,2025-04-30,0.033803668,0.0017564787
801010.SI,2025-05-30,0.024847895,-0.0031408696
801030.SI,2025-03-31,0.0116148535,0.0060637477
801030.SI,2025-04-30,-0.026727816,0.0014374958
801030.SI,2025-05-30,0.019774877,-0.00086038094
801040.SI,2025-03-31,-0.0016218739,0.0041176113
801040.SI,2025-04-30,-0.040243816,-0.0013909781
801040.SI,2025-05-30,-0.0031162975,-0.0021444801
801050.SI,2025-03-31,0.07749562,0.004180966
801050.SI,2025-04-30,-0.04788328,-0.0025270015
801050.SI,2025-05-30,0.013908974,-0.0015650099
801080.SI,2025-03-31,-0.043700267,-7.218992e-06
801080.SI,2025-04-30,-0.04780373,-0.0021721043
801080.SI,2025-05-30,-0.028292716,-0.0014819615
801110.SI,2025-03-31,0.042936273,-0.0012539128
801110.SI,2025-04-30,-0.0563953,-0.0048651393
801110.SI,2025-05-30,0.034906473,-0.0030941505
801120.SI,2025-03-31,0.018839648,0.01293986
801120.SI,2025-04-30,-0.0021224122,0.010467291
801120.SI,2025-05-30,-0.0011153626,0.0034290832
801130.SI,2025-03-31,0.00043439557,0.0059054196
801130.SI,2025-04-30,-0.014790504,0.0027433771
801130.SI,2025-05-30,0.06025408,-0.00047307462
801140.SI,2025-03-31,-0.016921695,0.003985172
801140.SI,2025-04-30,-0.020709684,0.00064296956
801140.SI,2025-05-30,0.048237264,-0.0006884318
801150.SI,2025-03-31,0.011467459,0.001790328
801150.SI,2025-04-30,-0.020510046,-0.0039013198
801150.SI,2025-05-30,0.06415501,-0.005210226
801160.SI,2025-03-31,0.018726744,0.009831617
801160.SI,2025-04-30,0.014434498,0.0032892153
801160.SI,2025-05-30,0.023126857,-0.001175935
801170.SI,2025-03-31,0.002307504,0.007285874
801170.SI,2025-04-30,-0.012388656,0.0041646524
801170.SI,2025-05-30,0.055501744,0.00072581385
801180.SI,2025-03-31,-0.048125166,0.008089236
801180.SI,2025-04-30,-0.016231148,0.004670557
801180.SI,2025-05-30,-0.004175671,0.0006004463
801200.SI,2025-03-31,-0.035325885,-0.0030861776
801200.SI,2025-04-30,0.017508982,-0.00090281357
801200.SI,2025-05-30,0.016363373,-0.0052052313
801210.SI,2025-03-31,0.033108328,0.0046061613
801210.SI,2025-04-30,-0.04038266,0.001428164
801210.SI,2025-05-30,-0.008468479,-0.0014976257
801230.SI,2025-03-31,-0.043084525,0.003280986
801230.SI,2025-04-30,-0.033252317,0.0007937507
801230.SI,2025-05-30,0.047657013,-8.444426e-05
801710.SI,2025-03-31,0.02619012,0.0040779915
801710.SI,2025-04-30,-0.036156494,-0.00016676572
801710.SI,2025-05-30,0.01353703,-0.0010588862
801720.SI,2025-03-31,-0.033419196,0.0067678895
801720.SI,2025-04-30,-0.013637756,0.0047924775
801720.SI,2025-05-30,0.02899557,0.0018862877
801730.SI,2025-03-31,-0.03114791,0.0036073655
801730.SI,2025-04-30,-0.082440525,-0.0006219304
801730.SI,2025-05-30,0.021751033,-0.0004777629
801740.SI,2025-03-31,0.021945482,0.0037757766
801740.SI,2025-04-30,-0.024810772,-0.00095848116
801740.SI,2025-05-30,0.0631899,-0.0034322485
801750.SI,2025-03-31,-0.054188542,-0.0026880235
801750.SI,2025-04-30,-0.048897717,-0.006264162
801750.SI,2025-05-30,-0.00701865,-0.0052025043
801760.SI,2025-03-31,-0.01292678,0.0039771516
801760.SI,2025-04-30,-0.022237057,0.003351586
801760.SI,2025-05-30,0.021894978,0.0018918464
801770.SI,2025-03-31,-0.038153056,0.002062494
801770.SI,2025-04-30,-0.06666752,0.0014792135
801770.SI,2025-05-30,0.03999467,0.0030340236
801880.SI,2025-03-31,0.01189166,-0.0008959584
801880.SI,2025-04-30,-0.039165474,-0.004303343
801880.SI,2025-05-30,0.014159866,-0.0041230884
801890.SI,2025-03-31,-0.010146056,0.000106530264
801890.SI,2025-04-30,-0.04656535,-0.0033699805
801890.SI,2025-05-30,0.0078067114,-0.0008640488
801950.SI,2025-03-31,0.036358114,0.013936073
801950.SI,2025-04-30,-0.043385196,0.010016849
801950.SI,2025-05-30,0.037652962,0.010235912
801960.SI,2025-03-31,-0.0070280517,0.0021804397
801960.SI,2025-04-30,-0.021398643,-0.0026232798
801960.SI,2025-05-30,0.018873796,-0.0028112934
801970.SI,2025-03-31,0.0280791,-0.0038240429
801970.SI,2025-04-30,-0.030942114,-0.009873548
801970.SI,2025-05-30,0.06835809,-0.011587354
801980.SI,2025-03-31,0.033995703,0.0008128577
801980.SI,2025-04-30,0.06144819,-0.0031683482
801980.SI,2025-05-30,0.025500318,-0.009105814
801010.SI,2025-06-30,0.0052067167,0.004780336
801010.SI,2025-07-31,0.03845687,0.003747254
801010.SI,2025-08-29,0.0820277,0.0024099618
801030.SI,2025-06-30,0.041048106,0.00988121
801030.SI,2025-07-31,0.05885957,0.008299249
801030.SI,2025-08-29,0.089877516,0.0068674777
801040.SI,2025-06-30,-0.00051160937,0.010351784
801040.SI,2025-07-31,0.16752496,0.008027092
801040.SI,2025-08-29,0.0077023944,0.0032265354
801050.SI,2025-06-30,0.092522964,0.012659021
801050.SI,2025-07-31,0.05745013,0.01026501
801050.SI,2025-08-29,0.18914169,0.006105464
801080.SI,2025-06-30,0.08847383,0.01187292
801080.SI,2025-07-31,0.06582338,0.0044606905
801080.SI,2025-08-29,0.24816222,-0.003075835
801110.SI,2025-06-30,-0.030351436,0.008499263
801110.SI,2025-07-31,0.006336532,0.0070798267
801110.SI,2025-08-29,0.06738199,0.0028195467
801120.SI,2025-06-30,-0.059138015,0.014630492
801120.SI,2025-07-31,0.0020517397,0.013338904
801120.SI,2025-08-29,0.066343635,0.0137513885
801130.SI,2025-06-30,0.019386398,0.007963537
801130.SI,2025-07-31,0.007115219,0.0068712384
801130.SI,2025-08-29,0.027261363,0.0066865697
801140.SI,2025-06-30,0.036332864,0.009478093
801140.SI,2025-07-31,0.008936794,0.0064949323
801140.SI,2025-08-29,0.063825466,0.004866926
801150.SI,2025-06-30,0.0071934275,0.00501786
801150.SI,2025-07-31,0.13911587,0.0035999715
801150.SI,2025-08-29,0.025855564,-0.0032755863
801160.SI,2025-06-30,-0.005413477,0.0098401075
801160.SI,2025-07-31,-0.007668168,0.011980355
801160.SI,2025-08-29,0.025134638,0.0107011
801170.SI,2025-06-30,-0.011357802,0.008480401
801170.SI,2025-07-31,-0.002388489,0.009493643
801170.SI,2025-08-29,0.021325484,0.008752587
801180.SI,2025-06-30,0.009280797,0.0076179397
801180.SI,2025-07-31,0.042555884,0.0035173644
801180.SI,2025-08-29,0.06487221,0.0020312623
801200.SI,2025-06-30,0.027064607,0.0034851786
801200.SI,2025-07-31,0.019152071,0.0014976816
801200.SI,2025-08-29,0.07475175,0.00077920593
801210.SI,2025-06-30,0.041236255,0.01134343
801210.SI,2025-07-31,0.051315077,0.008436359
801210.SI,2025-08-29,0.050498802,0.0060721966
801230.SI,2025-06-30,0.06836931,0.011078921
801230.SI,2025-07-31,0.09516782,0.0071541774
801230.SI,2025-08-29,0.2185806,0.003598302
801710.SI,2025-06-30,-0.0075441687,0.0075134267
801710.SI,2025-07-31,0.13356178,0.004494523
801710.SI,2025-08-29,0.06755189,0.00051889196
801720.SI,2025-06-30,0.014513351,0.012716099
801720.SI,2025-07-31,0.053872317,0.008675286
801720.SI,2025-08-29,0.0183939,0.007179813
801730.SI,2025-06-30,0.066934,0.013644606
801730.SI,2025-07-31,0.035047382,0.008269708
801730.SI,2025-08-29,0.15348382,0.0038095035
801740.SI,2025-06-30,0.10873354,0.008923341
801740.SI,2025-07-31,0.031042699,0.004870387
801740.SI,2025-08-29,0.098751135,0.0015900712
801750.SI,2025-06-30,0.071094245,0.007422604
801750.SI,2025-07-31,0.038471017,0.0027150456
801750.SI,2025-08-29,0.15470397,-0.004231674
801760.SI,2025-06-30,0.08400911,0.0085095735
801760.SI,2025-07-31,0.031681053,0.004342722
801760.SI,2025-08-29,0.106837146,0.0011896435
801770.SI,2025-06-30,0.14125559,0.015742227
801770.SI,2025-07-31,0.10774999,0.009517756
801770.SI,2025-08-29,0.34402514,0.0049834396
801880.SI,2025-06-30,0.0032665122,0.008258667
801880.SI,2025-07-31,0.0042540515,0.007838381
801880.SI,2025-08-29,0.116241544,0.0056114662
801890.SI,2025-06-30,0.028206317,0.012619826
801890.SI,2025-07-31,0.056624,0.010819594
801890.SI,2025-08-29,0.1292038,0.006200422
801950.SI,2025-06-30,-0.011954073,0.019030018
801950.SI,2025-07-31,0.026358865,0.017172916
801950.SI,2025-08-29,0.004608812,0.012342061
801960.SI,2025-06-30,0.014441617,0.008965853
801960.SI,2025-07-31,0.04511167,0.0067245816
801960.SI,2025-08-29,0.0137424,0.0046914406
801970.SI,2025-06-30,0.010796572,-5.859261e-06
801970.SI,2025-07-31,0.015970562,0.00019374676
801970.SI,2025-08-29,0.052748714,-0.0010574007
801980.SI,2025-06-30,-0.036159903,0.0021003727
801980.SI,2025-07-31,0.014981416,0.005704588
801980.SI,2025-08-29,0.06830462,0.009108858
801010.SI,2025-09-30,-0.012035356,-0.006233918
801010.SI,2025-10-31,-0.005855829,-6.8619847e-06
801010.SI,2025-11-28,0.015331158,0.0008863204
801030.SI,2025-09-30,0.011994302,0.0007581096
801030.SI,2025-10-31,0.005347839,0.00459092
801030.SI,2025-11-28,0.012446586,0.005266079
801040.SI,2025-09-30,-0.0020196182,-0.000654089
801040.SI,2025-10-31,0.05162268,0.003280159
801040.SI,2025-11-28,-0.006193415,0.0032664293
801050.SI,2025-09-30,0.12797478,0.0004935463
801050.SI,2025-10-31,0.050234523,0.0017316727
801050.SI,2025-11-28,-0.026206072,0.001791032
801080.SI,2025-09-30,0.10935096,-0.015922746
801080.SI,2025-10-31,-0.035175055,-0.012893519
801080.SI,2025-11-28,-0.05034506,-0.0040137577
801110.SI,2025-09-30,0.0076075247,-0.0018448983
801110.SI,2025-10-31,0.0069566877,0.0049018483
801110.SI,2025-11-28,0.0007581829,0.007919398
801120.SI,2025-09-30,-0.041421637,0.004346463
801120.SI,2025-10-31,-0.0047246283,0.011291541
801120.SI,2025-11-28,0.008590059,0.010809183
801130.SI,2025-09-30,-0.009313959,0.0034038865
801130.SI,2025-10-31,0.027387869,0.007889695
801130.SI,2025-11-28,0.029626936,0.0031454603
801140.SI,2025-09-30,-0.0054296297,-0.0032462645
801140.SI,2025-10-31,0.012886713,0.0029962445
801140.SI,2025-11-28,0.023036977,0.0019518338
801150.SI,2025-09-30,-0.01714768,0.0012281049
801150.SI,2025-10-31,-0.01831086,0.00848322
801150.SI,2025-11-28,-0.036215305,0.01070994
801160.SI,2025-09-30,0.004076326,0.012414063
801160.SI,2025-10-31,0.04475745,0.015205868
801160.SI,2025-11-28,-0.01761239,0.011658502
801170.SI,2025-09-30,-0.012683572,0.0034105957
801170.SI,2025-10-31,0.027886504,0.0070882775
801170.SI,2025-11-28,-0.0268053,0.002015371
801180.SI,2025-09-30,0.08151831,-0.0034076872
801180.SI,2025-10-31,-0.023661684,-0.002205457
801180.SI,2025-11-28,-0.028077424,-0.0009098404
801200.SI,2025-09-30,-0.038889226,-0.0075678243
801200.SI,2025-10-31,0.012435669,-0.0017649933
801200.SI,2025-11-28,0.0015819463,-0.00053430564
801210.SI,2025-09-30,-0.047820013,-0.0028625384
801210.SI,2025-10-31,0.002691133,0.0050772117
801210.SI,2025-11-28,0.012240879,0.0079589235
801230.SI,2025-09-30,-0.005600682,-0.0031485416
801230.SI,2025-10-31,0.001829857,0.0018013291
801230.SI,2025-11-28,0.04056167,-0.00052430545
801710.SI,2025-09-30,-0.0070732282,-0.006427849
801710.SI,2025-10-31,0.013115432,0.0006218646
801710.SI,2025-11-28,-0.020078188,0.002364008
801720.SI,2025-09-30,0.013208914,-0.0023665454
801720.SI,2025-10-31,0.025084915,0.00024656174
801720.SI,2025-11-28,-0.013394294,-0.002054262
801730.SI,2025-09-30,0.21164457,-0.0014829844
801730.SI,2025-10-31,0.0100735165,0.0011920888
801730.SI,2025-11-28,-0.034829546,0.0025890125
801740.SI,2025-09-30,-0.07213812,-0.002562565
801740.SI,2025-10-31,-0.02006937,0.0045251413
801740.SI,2025-11-28,-0.015686465,0.008060604
801750.SI,2025-09-30,-0.019653391,-0.015663225
801750.SI,2025-10-31,-0.022804463,-0.009379805
801750.SI,2025-11-28,-0.052445676,-0.0038066993
801760.SI,2025-09-30,0.053831562,-0.00520191
801760.SI,2025-10-31,-0.060382668,0.002016634
801760.SI,2025-11-28,0.0168488,0.0033659807
801770.SI,2025-09-30,-0.001603729,-0.010172591
801770.SI,2025-10-31,-0.0045407983,-0.0042895856
801770.SI,2025-11-28,0.018513454,0.0017417088
801880.SI,2025-09-30,0.05174511,0.0046163327
801880.SI,2025-10-31,-0.036005,0.0060547204
801880.SI,2025-11-28,-0.050753634,0.0070180097
801890.SI,2025-09-30,0.05267244,-5.8082864e-05
801890.SI,2025-10-31,-0.016355844,0.0029984682
801890.SI,2025-11-28,-0.03410718,0.0053740446
801950.SI,2025-09-30,0.018956834,0.015609916
801950.SI,2025-10-31,0.10031361,0.019516388
801950.SI,2025-11-28,-0.030859128,0.014065153
801960.SI,2025-09-30,-0.03949729,0.009665445
801960.SI,2025-10-31,0.04704186,0.013133905
801960.SI,2025-11-28,0.029015487,0.010616851
801970.SI,2025-09-30,0.0078051887,-0.0027021908
801970.SI,2025-10-31,0.02574086,0.00041766558
801970.SI,2025-11-28,-0.02015223,-0.0017119255
801980.SI,2025-09-30,-0.049966168,0.009662782
801980.SI,2025-10-31,-0.03856296,0.010922003
801980.SI,2025-11-28,-0.0354946,0.013437687
