signal_date,ts_code,up_limit,down_limit,official_band_fraction,eligible
2025-12-31,600696.SH,3.2,2.9,0.04918032786885251,False
2025-12-31,002289.SZ,32.24,29.17,0.04999185800358248,False
2026-03-03,605081.SH,10.96,9.92,0.049808429118773985,False
2026-03-03,600696.SH,2.09,1.89,0.05025125628140703,False
2026-03-03,000638.SZ,2.43,2.19,0.05194805194805199,False
2026-03-03,002836.SZ,15.91,13.01,0.10027662517289074,True
2026-03-03,002289.SZ,29.46,26.66,0.049893086243763374,False
2026-03-03,600107.SH,6.18,5.6,0.04923599320882853,False
2026-03-03,605086.SH,42.39,34.69,0.09989621172807477,True
2026-03-03,603869.SH,10.41,9.41,0.050454086781029264,False
2026-03-03,002898.SZ,11.98,10.84,0.04995617879053464,False
2026-03-03,603815.SH,7.49,6.13,0.0998531571218796,True
2026-03-03,001277.SZ,45.43,37.17,0.09999999999999998,True
2026-03-03,600228.SH,5.83,5.27,0.0504504504504505,False
2026-03-03,603168.SH,7.85,6.43,0.09943977591036414,True
2026-03-03,605336.SH,15.1,12.36,0.09978150036416607,True
2026-03-03,600599.SH,5.68,5.14,0.04990757855822551,False
2026-03-03,603536.SH,11.29,9.23,0.10038986354775822,True
2026-03-03,002862.SZ,19.4,15.88,0.09977324263038542,True
2026-03-03,600608.SH,3.48,3.14,0.051359516616314174,False
2026-03-03,603657.SH,30.55,24.99,0.10010803024846962,True
2026-03-03,600355.SH,1.3,1.18,0.04838709677419359,False
2026-03-03,603903.SH,13.54,11.08,0.09991876523151906,True
2026-03-03,603718.SH,5.15,4.21,0.10042735042735047,True
2026-03-03,000504.SZ,9.38,8.48,0.05039193729003361,False
2026-03-03,000632.SZ,5.58,4.56,0.1005917159763314,True
2026-03-03,603377.SH,3.8,3.44,0.04972375690607733,False
2026-03-03,003016.SZ,9.41,7.7,0.09994155464640561,True
2026-03-03,001206.SZ,25.03,20.48,0.0999780268072951,True
2026-03-03,002679.SZ,13.12,10.74,0.09974853310980716,True
2026-03-03,603106.SH,11.26,9.22,0.09960937499999996,True
2026-03-03,603839.SH,8.67,7.09,0.100253807106599,True
2026-03-03,000809.SZ,3.73,3.05,0.10029498525073749,True
2026-03-03,600774.SH,11.11,9.09,0.09999999999999998,True
2026-03-03,002228.SZ,4.77,3.91,0.09907834101382482,True
2026-03-03,000701.SZ,6.73,5.51,0.09967320261437913,True
2026-03-03,002905.SZ,11.42,9.34,0.10019267822736032,True
2026-03-03,001222.SZ,23.1,18.9,0.10000000000000006,True
2026-03-03,002900.SZ,12.97,10.61,0.10008481764206961,True
2026-03-03,002694.SZ,3.41,2.79,0.10000000000000002,True
2026-03-03,600476.SH,14.31,11.71,0.09992313604919291,True
2026-03-03,603511.SH,16.76,13.72,0.09973753280839896,True
2026-03-04,603580.SH,16.87,15.27,0.049782202862476706,False
2026-03-04,600696.SH,2.01,1.81,0.05235602094240831,False
2026-03-04,605081.SH,10.42,9.42,0.05040322580645162,False
2026-03-04,000638.SZ,2.3,2.08,0.05022831050228305,False
2026-03-04,002836.SZ,15.2,12.44,0.09985528219971056,True
2026-03-04,605336.SH,14.8,12.11,0.09996283909327393,True
2026-03-04,600381.SH,3.17,2.87,0.0496688741721854,False
2026-03-04,605086.SH,40.74,33.34,0.09989200863930882,True
2026-03-04,001277.SZ,44.46,36.38,0.09995051954477979,True
2026-03-04,002898.SZ,11.71,10.59,0.05022421524663682,False
2026-03-04,600599.SH,5.4,4.88,0.05058365758754868,False
2026-03-04,002905.SZ,10.98,8.98,0.1002004008016032,True
2026-03-04,001330.SZ,8.82,7.22,0.09975062344139654,True
2026-03-04,603755.SH,32.81,26.85,0.09989943010392223,True
2026-03-04,600107.SH,6.05,5.47,0.05034722222222223,False
2026-03-04,600228.SH,5.63,5.09,0.050373134328358216,False
2026-03-04,600774.SH,10.68,8.74,0.09989701338825949,True
2026-03-04,001206.SZ,24.65,20.17,0.09995537706381073,True
2026-03-04,603168.SH,7.65,6.26,0.0999281092739037,True
2026-03-04,603815.SH,7.23,5.91,0.10045662100456623,True
2026-03-04,600608.SH,3.3,2.98,0.050955414012738835,False
2026-03-04,605500.SH,9.64,7.88,0.10045662100456625,True
2026-03-04,600355.SH,1.24,1.12,0.050847457627118585,False
2026-03-04,603718.SH,5.16,4.22,0.10021321961620475,True
2026-03-04,002862.SZ,18.46,15.1,0.10011918951132304,True
2026-03-04,603900.SH,8.98,7.34,0.1004901960784314,True
2026-03-04,603536.SH,11.2,9.16,0.10019646365422392,True
2026-03-04,000004.SZ,6.54,5.92,0.04975922953451044,False
2026-03-04,603657.SH,30.11,24.63,0.10010960906101572,True
2026-03-04,603869.SH,10.07,9.11,0.05005213764337856,False
2026-03-04,605199.SH,7.31,6.61,0.05028735632183903,False
2026-03-04,603516.SH,171.11,140.0,0.09999678570280612,True
2026-03-04,002289.SZ,28.9,26.14,0.050145348837209267,False
2026-03-04,600476.SH,13.98,11.44,0.09992132179386314,True
2026-03-04,603255.SH,33.4,27.32,0.10013175230566532,True
2026-03-04,603511.SH,16.35,13.37,0.10026917900403776,True
2026-03-04,001222.SZ,22.79,18.65,0.09990347490347493,True
2026-03-04,002524.SZ,4.99,4.09,0.09911894273127757,True
2026-03-04,002900.SZ,12.73,10.41,0.10025929127052724,True
2026-03-04,603159.SH,27.47,22.47,0.10012014417300762,True
2026-03-05,000638.SZ,2.18,1.98,0.04807692307692312,False
2026-03-05,600696.SH,1.94,1.76,0.04864864864864863,False
2026-03-05,605336.SH,14.54,11.9,0.09984871406959149,True
2026-03-05,600599.SH,5.12,4.64,0.04918032786885251,False
2026-03-05,002836.SZ,15.08,12.34,0.099927060539752,True
2026-03-05,001330.SZ,8.79,7.19,0.10012515644555686,True
2026-03-05,603580.SH,16.21,14.67,0.04987046632124355,False
2026-03-05,002898.SZ,11.88,10.74,0.050397877984084904,False
2026-03-05,603755.SH,32.67,26.73,0.1,True
2026-03-05,600355.SH,1.23,1.11,0.05128205128205124,False
2026-03-05,600243.SH,3.85,3.49,0.04904632152588554,False
2026-03-05,605081.SH,10.02,9.06,0.050314465408804986,False
2026-03-05,001277.SZ,44.06,36.05,0.0999875171638997,True
2026-03-05,605500.SH,9.55,7.81,0.10023041474654384,True
2026-03-05,605199.SH,7.16,6.48,0.04985337243401757,False
2026-03-05,600228.SH,5.67,5.13,0.05,False
2026-03-05,603536.SH,11.01,9.01,0.0999000999000999,True
2026-03-05,600608.SH,3.2,2.9,0.04918032786885251,False
2026-03-05,600381.SH,3.05,2.76,0.04991394148020655,False
2026-03-05,603718.SH,5.18,4.24,0.09978768577494687,True
2026-03-05,002905.SZ,10.92,8.94,0.09969788519637465,True
2026-03-05,603255.SH,33.22,27.18,0.09999999999999999,True
2026-03-05,603815.SH,7.27,5.95,0.09984871406959149,True
2026-03-05,603168.SH,7.57,6.19,0.10029069767441859,True
2026-03-05,001206.SZ,24.4,19.96,0.10009017132551844,True
2026-03-05,002702.SZ,6.69,5.47,0.1003289473684211,True
2026-03-05,603159.SH,27.6,22.58,0.10003985651654052,True
2026-03-05,600774.SH,10.52,8.6,0.10041841004184102,True
2026-03-05,605086.SH,40.43,33.08,0.09998639640865191,True
2026-03-06,600696.SH,1.98,1.8,0.0476190476190476,False
2026-03-06,603580.SH,16.57,14.99,0.05006337135614702,False
2026-03-06,002898.SZ,11.75,10.63,0.05004468275245751,False
2026-03-06,600599.SH,4.87,4.41,0.04956896551724137,False
2026-03-09,000638.SZ,2.18,1.98,0.04807692307692312,False
2026-03-09,600696.SH,1.96,1.78,0.04812834224598928,False
2026-03-09,002836.SZ,15.72,12.86,0.10006997900629816,True
2026-03-09,600381.SH,3.13,2.83,0.05033557046979863,False
2026-03-09,002898.SZ,11.6,10.5,0.04977375565610858,False
2026-03-09,603580.SH,16.66,15.08,0.04977945809703844,False
2026-03-09,600599.SH,4.63,4.19,0.049886621315192684,False
2026-03-09,001277.SZ,45.98,37.62,0.1,True
2026-03-09,603255.SH,34.14,27.94,0.09987113402061855,True
2026-03-09,600355.SH,1.11,1.01,0.047169811320754755,False
2026-03-09,603159.SH,27.83,22.77,0.09999999999999999,True
2026-03-09,600421.SH,7.93,7.17,0.05033112582781456,False
2026-03-13,000638.SZ,1.82,1.64,0.05202312138728328,False
2026-03-13,603813.SH,37.33,33.77,0.050070323488044945,False
2026-03-13,600696.SH,1.89,1.71,0.04999999999999999,False
2026-03-13,603755.SH,33.06,27.05,0.0999833638329729,True
2026-03-13,600381.SH,2.89,2.61,0.05090909090909095,False
2026-03-13,600355.SH,1.01,0.91,0.05208333333333332,False
2026-03-16,000638.SZ,1.72,1.56,0.04878048780487802,False
2026-03-16,603813.SH,35.46,32.08,0.05004441812259406,False
2026-03-16,600355.SH,0.96,0.86,0.05494505494505494,False
2026-03-17,600355.SH,0.9,0.82,0.046511627906976785,False
2026-03-17,000638.SZ,1.64,1.48,0.05128205128205125,False
2026-03-17,603813.SH,33.68,30.48,0.04987531172069824,False
2026-03-17,600696.SH,1.83,1.65,0.05172413793103453,False
2026-03-17,603755.SH,33.11,27.09,0.09999999999999999,True
2026-03-17,001277.SZ,43.96,35.96,0.10010010010010009,True
2026-03-17,000004.SZ,6.14,5.56,0.049572649572649584,False
2026-03-17,600243.SH,3.62,3.28,0.049275362318840624,False
2026-03-17,600476.SH,14.1,11.54,0.09984399375975041,True
2026-03-17,001330.SZ,8.09,6.62,0.09993201903467026,True
2026-03-17,605336.SH,15.99,13.09,0.09972489683631364,True
2026-03-17,605081.SH,10.13,9.17,0.049740932642487086,False
2026-03-17,603130.SH,45.86,37.52,0.10002398656752215,True
2026-03-17,603255.SH,33.47,27.39,0.09990141307919813,True
2026-03-17,603359.SH,7.19,5.89,0.09938837920489302,True
2026-03-17,002956.SZ,28.81,23.57,0.1000381825124093,True
2026-03-17,002836.SZ,15.82,12.94,0.1001390820584145,True
2026-03-17,603217.SH,26.03,21.29,0.1001690617075233,True
2026-03-17,603171.SH,59.76,48.9,0.09994478188845941,True
2026-03-17,605500.SH,9.89,8.09,0.10011123470522806,True
2026-03-17,002977.SZ,31.88,26.08,0.10006901311249139,True
2026-03-17,600734.SH,4.53,3.71,0.09951456310679614,True
2026-03-17,603931.SH,33.88,27.72,0.10000000000000006,True
2026-03-17,603657.SH,30.95,25.33,0.09985785358919688,True
2026-03-17,603131.SH,24.88,20.36,0.09991158267020336,True
2026-03-17,603703.SH,14.8,12.11,0.09996283909327393,True
2026-03-17,001225.SZ,58.72,48.04,0.10003746721618584,True
2026-03-17,603903.SH,13.26,10.85,0.09995852343425965,True
2026-03-17,002855.SZ,13.88,11.36,0.09984152139461178,True
2026-03-17,000838.SZ,2.6,2.12,0.10169491525423727,True
2026-03-17,603039.SH,47.73,39.05,0.1000230467849735,True
2026-03-17,603360.SH,27.94,22.86,0.10000000000000005,True
2026-03-17,603429.SH,9.42,7.7,0.10046728971962615,True
2026-03-17,600855.SH,19.81,16.21,0.09994447529150467,True
2026-03-17,002830.SZ,25.15,20.57,0.100174978127734,True
2026-03-17,600228.SH,6.13,5.55,0.04965753424657535,False
2026-03-17,605086.SH,39.17,32.05,0.09997191800056171,True
2026-03-17,605055.SH,10.15,8.31,0.09967497291440952,True
2026-03-17,603696.SH,18.73,15.33,0.09982384028185555,True
2026-03-17,603286.SH,65.98,53.98,0.10003334444814943,True
2026-03-18,000004.SZ,5.84,5.28,0.050359712230215785,False
2026-03-18,600355.SH,0.86,0.78,0.04878048780487802,False
2026-03-18,000638.SZ,1.55,1.41,0.04729729729729734,False
2026-03-18,600696.SH,1.82,1.64,0.05202312138728328,False
2026-03-18,603813.SH,32.24,29.17,0.04999185800358248,False
2026-03-18,600243.SH,3.55,3.21,0.05029585798816566,False
2026-03-18,001277.SZ,40.26,32.94,0.10000000000000002,True
2026-03-18,603755.SH,32.51,26.6,0.09998308238876664,True
2026-03-18,600608.SH,3.14,2.84,0.0501672240802676,False
2026-03-18,600476.SH,12.77,10.45,0.09991386735572784,True
2026-03-18,000838.SZ,2.62,2.14,0.10084033613445378,True
2026-03-18,600107.SH,5.93,5.37,0.04955752212389377,False
2026-03-18,603130.SH,45.16,36.95,0.09998782121544263,True
2026-03-18,600693.SH,13.18,10.78,0.10016694490818032,True
2026-03-18,603359.SH,7.03,5.75,0.10015649452269172,True
2026-03-18,603255.SH,32.3,26.42,0.10013623978201627,True
2026-03-18,605081.SH,9.88,8.94,0.04994686503719454,False
2026-03-18,603039.SH,46.76,38.26,0.09997647612326512,True
2026-03-18,605055.SH,9.94,8.14,0.09955752212389375,True
2026-03-18,603903.SH,12.84,10.5,0.10025706940874035,True
2026-03-18,603696.SH,18.48,15.12,0.10000000000000003,True
2026-03-18,600228.SH,6.0,5.42,0.05078809106830123,False
2026-03-18,603869.SH,10.17,9.21,0.049535603715170226,False
2026-03-18,605378.SH,22.58,18.48,0.09985387238188012,True
2026-03-18,600865.SH,13.07,10.69,0.10016835016835021,True
2026-03-18,605199.SH,7.11,6.43,0.05022156573116696,False
2026-03-18,600053.SH,18.24,14.92,0.10012062726176112,True
2026-03-18,603718.SH,5.31,4.35,0.09937888198757763,True
2026-03-18,603131.SH,24.04,19.67,0.09997712194005942,True
2026-03-18,002289.SZ,27.78,25.14,0.04988662131519275,False
2026-03-18,603344.SH,30.75,25.16,0.09998211411196566,True
2026-03-18,603377.SH,3.87,3.51,0.04878048780487809,False
2026-03-18,603703.SH,14.32,11.72,0.0998463901689708,True
2026-03-18,603216.SH,39.16,32.04,0.09999999999999998,True
2026-03-18,000691.SZ,8.69,7.87,0.04951690821256036,False
2026-03-18,603657.SH,30.21,24.71,0.10014566642388929,True
2026-03-18,002682.SZ,6.82,5.58,0.10000000000000002,True
2026-03-18,603931.SH,32.34,26.46,0.10000000000000003,True
2026-03-18,603119.SH,87.36,71.48,0.09997481742634094,True
2026-03-18,603815.SH,7.07,5.79,0.09953343701399692,True
2026-03-19,600355.SH,0.82,0.74,0.05128205128205125,False
2026-03-19,000638.SZ,1.48,1.34,0.049645390070921946,False
2026-03-19,002836.SZ,16.06,13.14,0.09999999999999994,True
2026-03-19,600696.SH,1.73,1.57,0.048484848484848464,False
2026-03-19,600243.SH,3.52,3.18,0.050746268656716394,False
2026-03-19,603813.SH,30.63,27.71,0.05005142269454916,False
2026-03-19,603159.SH,28.77,23.54,0.09998088319632958,True
2026-03-19,603755.SH,32.7,26.76,0.09989909182643796,True
2026-03-19,001277.SZ,40.76,33.35,0.09998650654432596,True
2026-03-19,603255.SH,32.63,26.69,0.10013486176668915,True
2026-03-19,000838.SZ,2.54,2.08,0.09956709956709955,True
2026-03-19,603039.SH,47.49,38.85,0.10006949270326616,True
2026-03-19,603216.SH,39.28,32.14,0.09997199663959676,True
2026-03-19,000004.SZ,5.54,5.02,0.04924242424242429,False
2026-03-19,003041.SZ,64.32,52.62,0.10005130836326318,True
2026-03-19,600531.SH,15.96,13.06,0.09993108201240523,True
2026-03-19,001225.SZ,56.82,46.49,0.09999032039492786,True
2026-03-19,001330.SZ,7.96,6.52,0.09944751381215472,True
2026-03-19,603119.SH,87.71,71.77,0.09994983697015299,True
2026-03-19,605081.SH,10.22,9.24,0.05035971223021585,False
2026-03-19,605033.SH,25.7,21.02,0.10017123287671233,True
2026-03-19,002977.SZ,32.25,26.39,0.09993178717598908,True
2026-03-19,601212.SH,9.69,7.93,0.09988649262202043,True
2026-03-19,002682.SZ,6.7,5.48,0.10016420361247946,True
2026-03-19,002830.SZ,24.98,20.44,0.09995596653456625,True
2026-03-19,600228.SH,6.04,5.46,0.05043478260869566,False
2026-03-19,600340.SH,1.73,1.41,0.10191082802547774,True
2026-03-19,000036.SZ,5.5,4.5,0.1,True
2026-03-19,603696.SH,18.45,15.09,0.10017889087656529,True
2026-03-19,001209.SZ,22.83,18.68,0.09997590941941698,True
2026-03-19,603718.SH,5.3,4.34,0.0995850622406639,True
2026-03-19,603359.SH,7.06,5.78,0.09968847352024918,True
2026-03-19,600608.SH,2.98,2.7,0.04929577464788729,False
2026-03-19,000603.SZ,47.33,38.73,0.09993028119916339,True
2026-03-19,603703.SH,14.55,11.91,0.0997732426303855,True
2026-03-19,600476.SH,12.91,10.57,0.09965928449744463,True
2026-03-19,002956.SZ,30.16,24.68,0.099927060539752,True
2026-03-19,002227.SZ,10.7,8.76,0.09969167523124355,True
2026-03-19,002163.SZ,14.96,12.24,0.10000000000000002,True
2026-03-19,002547.SZ,3.94,3.22,0.10055865921787706,True
2026-03-20,000004.SZ,5.82,5.26,0.05054151624548741,False
2026-03-20,001330.SZ,7.76,6.35,0.09992912827781716,True
2026-03-20,002836.SZ,15.37,12.57,0.1002147458840372,True
2026-03-20,600355.SH,0.78,0.7,0.054054054054054106,False
2026-03-20,605033.SH,24.93,20.39,0.10017652250661957,True
2026-03-20,002830.SZ,24.15,19.76,0.09997722614438619,True
2026-03-20,603039.SH,46.01,37.65,0.09992828113793928,True
2026-03-20,003041.SZ,61.05,49.95,0.09999999999999995,True
2026-03-20,603171.SH,58.52,47.88,0.1,True
2026-03-20,603216.SH,37.59,30.75,0.10008779631255492,True
2026-03-20,600243.SH,3.42,3.1,0.049079754601226974,False
2026-03-20,603755.SH,31.86,26.06,0.10013812154696133,True
2026-03-20,001209.SZ,22.22,18.18,0.09999999999999998,True
2026-03-20,001208.SZ,21.91,17.93,0.0998995983935743,True
2026-03-20,002682.SZ,6.53,5.35,0.09932659932659939,True
2026-03-20,601212.SH,9.06,7.42,0.09951456310679614,True
2026-03-20,002723.SZ,10.55,8.63,0.10010427528675704,True
2026-03-20,002977.SZ,31.25,25.57,0.09996480112636395,True
2026-03-20,603718.SH,5.15,4.21,0.10042735042735047,True
2026-03-20,600531.SH,14.96,12.24,0.10000000000000002,True
2026-03-20,000638.SZ,1.41,1.27,0.052238805970149224,False
2026-03-20,600855.SH,19.5,15.96,0.09983079526226732,True
2026-03-20,605081.SH,9.99,9.03,0.050473186119873864,False
2026-03-20,002757.SZ,23.49,19.22,0.09997658627955983,True
2026-03-20,600476.SH,12.49,10.22,0.09995596653456625,True
2026-03-20,600340.SH,1.66,1.36,0.0993377483443708,True
2026-03-20,000838.SZ,2.44,2.0,0.0990990990990991,True
2026-03-20,603703.SH,14.08,11.52,0.10000000000000002,True
2026-03-20,001225.SZ,54.42,44.52,0.10006064281382655,True
2026-03-20,605287.SH,49.94,40.86,0.09999999999999998,True
2026-03-20,000603.SZ,43.59,35.67,0.09992429977289934,True
2026-03-20,605268.SH,14.39,11.77,0.1001529051987768,True
2026-03-20,003009.SZ,66.13,54.11,0.09996673320026611,True
2026-03-20,601595.SH,27.64,22.62,0.09988062077198566,True
2026-03-20,603813.SH,32.16,29.1,0.04995102840352588,False
2026-03-20,603119.SH,83.27,68.13,0.10000000000000002,True
2026-03-20,603322.SH,38.56,31.55,0.09998573669947228,True
2026-03-20,600734.SH,4.4,3.6,0.10000000000000003,True
2026-03-20,001277.SZ,39.94,32.68,0.0999724593775819,True
2026-03-20,603217.SH,27.05,22.13,0.10004066693777962,True
2026-03-23,000004.SZ,5.52,5.0,0.04942965779467677,False
2026-03-23,605033.SH,24.43,19.99,0.09995497523638003,True
2026-03-23,002830.SZ,23.54,19.26,0.09999999999999995,True
2026-03-23,603171.SH,57.37,46.94,0.09999041319144857,True
2026-03-23,001209.SZ,21.92,17.94,0.09984947315604617,True
2026-03-23,001330.SZ,7.48,6.12,0.10000000000000002,True
2026-03-23,605287.SH,47.22,38.64,0.09993011879804331,True
2026-03-23,003041.SZ,58.6,47.94,0.10005631687629064,True
2026-03-23,002723.SZ,10.3,8.42,0.10042735042735047,True
2026-03-23,002757.SZ,22.31,18.25,0.10009861932938852,True
2026-03-23,601212.SH,8.94,7.32,0.09963099630996307,True
2026-03-23,603598.SH,21.32,17.44,0.10010319917440656,True
2026-03-23,603216.SH,36.98,30.26,0.0999405116002379,True
2026-03-23,002836.SZ,15.0,12.28,0.09970674486803521,True
2026-03-23,002429.SZ,11.01,9.01,0.0999000999000999,True
2026-03-23,603103.SH,25.38,20.76,0.10013003901170345,True
2026-03-23,603813.SH,33.77,30.55,0.0500621890547264,False
2026-03-23,603159.SH,27.5,22.5,0.1,True
2026-03-23,603533.SH,27.75,22.71,0.09988109393579071,True
2026-03-23,600589.SH,11.45,9.37,0.09990393852065323,True
2026-03-23,603039.SH,44.56,36.46,0.09997531473710196,True
2026-03-23,600531.SH,14.75,12.07,0.09992542878448918,True
2026-03-23,002943.SZ,54.45,44.55,0.10000000000000006,True
2026-03-23,002400.SZ,9.6,7.86,0.0996563573883161,True
2026-03-23,002792.SZ,43.78,35.82,0.10000000000000002,True
2026-03-23,002716.SZ,13.46,11.02,0.09967320261437913,True
2026-03-23,605268.SH,13.42,10.98,0.09999999999999999,True
2026-03-23,002471.SZ,8.59,7.03,0.09987195902688857,True
2026-03-23,000603.SZ,42.89,35.09,0.10002564760194918,True
2026-03-23,001208.SZ,21.01,17.19,0.1,True
2026-03-23,001335.SZ,47.75,39.07,0.09997696383321816,True
2026-03-23,600986.SH,10.92,8.94,0.09969788519637465,True
2026-03-23,603138.SH,21.8,17.84,0.09989909182643796,True
2026-03-23,002682.SZ,6.3,5.16,0.09947643979057588,True
2026-03-23,600855.SH,18.91,15.47,0.10005817335660265,True
2026-03-23,600355.SH,0.82,0.74,0.05128205128205125,False
2026-03-23,001225.SZ,52.56,43.0,0.10004185851820847,True
2026-03-23,000036.SZ,5.3,4.34,0.0995850622406639,True
2026-03-23,002855.SZ,12.93,10.58,0.09995746490854955,True
2026-03-23,000892.SZ,6.6,5.4,0.09999999999999994,True
2026-03-24,000004.SZ,5.25,4.75,0.05,False
2026-03-24,003041.SZ,54.23,44.37,0.1,True
2026-03-24,603813.SH,32.08,29.02,0.05008183306055645,False
2026-03-24,002836.SZ,14.18,11.6,0.10007757951900698,True
2026-03-24,002151.SZ,41.37,33.85,0.09997341132677474,True
2026-03-24,603119.SH,77.76,63.62,0.10001414627245726,True
2026-03-24,600703.SH,16.38,13.4,0.10006715916722628,True
2026-03-24,603353.SH,40.24,32.92,0.10005467468562057,True
2026-03-24,000603.SZ,38.6,31.58,0.10002849814762044,True
2026-03-24,603219.SH,17.35,14.19,0.1001902346227014,True
2026-03-24,603159.SH,25.36,20.75,0.09997831273042723,True
2026-03-24,002429.SZ,10.07,8.24,0.09994538503549971,True
2026-03-24,603039.SH,41.8,34.2,0.09999999999999992,True
2026-03-24,603382.SH,29.57,24.19,0.10007440476190474,True
2026-03-24,600243.SH,3.26,2.95,0.049919484702093335,False
2026-03-24,002547.SZ,3.51,2.87,0.1003134796238244,True
2026-03-24,000547.SZ,28.92,23.66,0.10003803727653103,True
2026-03-24,002723.SZ,9.48,7.76,0.0997679814385151,True
2026-03-24,601212.SH,8.24,6.74,0.10013351134846461,True
2026-03-24,002759.SZ,34.97,28.61,0.1000314564328405,True
2026-03-24,605081.SH,9.01,8.15,0.050116550116550085,False
2026-03-24,002394.SZ,14.22,11.64,0.09976798143851509,True
2026-03-24,600531.SH,13.53,11.07,0.09999999999999995,True
2026-03-24,002068.SZ,9.52,7.79,0.09994222992489889,True
2026-03-24,600228.SH,5.42,4.9,0.050387596899224764,False
2026-03-24,603216.SH,34.43,28.17,0.09999999999999996,True
2026-03-24,002637.SZ,13.13,10.75,0.09966499162479064,True
2026-03-24,600340.SH,1.56,1.28,0.09859154929577466,True
2026-03-24,605218.SH,18.43,15.08,0.09997015816174276,True
2026-03-24,603171.SH,53.57,43.83,0.10000000000000002,True
2026-03-24,002943.SZ,51.15,41.85,0.09999999999999996,True
2026-03-24,603790.SH,21.42,17.52,0.10015408320493073,True
2026-03-24,605268.SH,12.79,10.47,0.09974204643164225,True
2026-03-24,605287.SH,42.5,34.78,0.09989648033126293,True
2026-03-24,603138.SH,20.04,16.4,0.0998902305159166,True
2026-03-24,001335.SZ,44.83,36.68,0.09998773156667892,True
2026-03-24,603048.SH,20.58,16.84,0.09994655264564399,True
2026-03-24,603217.SH,23.71,19.4,0.09997680352586412,True
2026-03-24,603179.SH,66.18,54.14,0.10006648936170218,True
2026-03-24,002716.SZ,12.24,10.02,0.09973045822102429,True
2026-03-25,000004.SZ,5.42,4.9,0.050387596899224764,False
2026-03-25,603159.SH,26.48,21.66,0.10012463647694225,True
2026-03-25,603813.SH,31.34,28.36,0.04991624790619766,False
2026-03-25,002151.SZ,41.73,34.15,0.09989457037427515,True
2026-03-25,600355.SH,0.9,0.82,0.046511627906976785,False
2026-03-25,000638.SZ,1.63,1.47,0.05161290322580643,False
2026-03-25,003041.SZ,55.43,45.35,0.1000198452073824,True
2026-03-25,605081.SH,8.56,7.74,0.050306748466257684,False
2026-03-25,603353.SH,38.7,31.66,0.10005685048322914,True
2026-03-25,603949.SH,21.91,17.93,0.0998995983935743,True
2026-03-25,600703.SH,15.24,12.47,0.09996391194514614,True
2026-03-25,600370.SH,2.97,2.43,0.1,True
2026-03-25,603382.SH,30.1,24.62,0.10014619883040937,True
2026-03-25,603516.SH,156.32,127.9,0.09999296319752299,True
2026-03-25,000547.SZ,29.62,24.24,0.09988860007426667,True
2026-03-25,002956.SZ,28.85,23.61,0.09988562714449108,True
2026-03-25,603216.SH,35.9,29.38,0.09987745098039215,True
2026-03-25,605268.SH,13.39,10.95,0.10024650780608058,True
2026-03-25,603039.SH,42.87,35.07,0.10007698229407233,True
2026-03-25,603790.SH,21.93,17.95,0.09979939819458378,True
2026-03-25,603171.SH,55.29,45.23,0.10007958615200958,True
2026-03-25,600243.SH,3.3,2.98,0.050955414012738835,False
2026-03-25,002995.SZ,25.18,20.6,0.10004368719965047,True
2026-03-25,600531.SH,14.18,11.6,0.10007757951900698,True
2026-03-25,603219.SH,17.29,14.15,0.09987277353689564,True
2026-03-25,000603.SZ,40.35,33.01,0.10005452562704475,True
2026-03-25,002943.SZ,51.99,42.53,0.10008463817181548,True
2026-03-25,002977.SZ,29.68,24.28,0.10007412898443288,True
2026-03-25,002637.SZ,12.86,10.52,0.10008554319931565,True
2026-03-25,001367.SZ,23.56,19.28,0.09990662931839396,True
2026-03-25,603703.SH,13.0,10.64,0.09983079526226732,True
2026-03-25,002852.SZ,10.46,8.56,0.09989484752891693,True
2026-03-25,605218.SH,18.98,15.53,0.09997102289191542,True
2026-03-25,605365.SH,19.03,15.57,0.10000000000000002,True
2026-03-25,001208.SZ,20.74,16.97,0.09997348183505701,True
2026-03-25,002394.SZ,14.52,11.88,0.09999999999999996,True
2026-03-25,603119.SH,78.08,63.88,0.10002817695125384,True
2026-03-25,600340.SH,1.6,1.31,0.09965635738831616,True
2026-03-25,003009.SZ,61.52,50.34,0.09994636152333272,True
2026-03-25,600228.SH,5.46,4.94,0.049999999999999954,False
2026-03-26,000004.SZ,5.37,4.85,0.05088062622309203,False
2026-03-26,002151.SZ,42.12,34.46,0.10002611647949852,True
2026-03-26,600370.SH,2.93,2.39,0.10150375939849623,True
2026-03-26,003041.SZ,57.46,47.02,0.09992343032159262,True
2026-03-26,002995.SZ,24.7,20.21,0.09997773324426629,True
2026-03-26,600703.SH,15.36,12.56,0.10028653295128935,True
2026-03-26,002836.SZ,15.61,12.77,0.10007047216349542,True
2026-03-26,605268.SH,13.49,11.03,0.10032626427406202,True
2026-03-26,603353.SH,37.88,31.0,0.099883855981417,True
2026-03-26,600355.SH,0.87,0.79,0.048192771084337324,False
2026-03-26,603949.SH,19.99,16.35,0.10016510731975775,True
2026-03-26,603138.SH,21.8,17.84,0.09989909182643796,True
2026-03-26,603516.SH,156.71,128.21,0.10002807805699845,True
2026-03-26,603755.SH,31.23,25.55,0.10003522367030644,True
2026-03-26,605287.SH,45.58,37.3,0.09990347490347493,True
2026-03-26,603159.SH,26.35,21.56,0.09997912753078696,True
2026-03-26,600531.SH,14.51,11.87,0.10007581501137228,True
2026-03-26,002943.SZ,52.86,43.25,0.09998959525543648,True
2026-03-26,603171.SH,55.75,45.61,0.10003946329913181,True
2026-03-26,000681.SZ,22.72,18.59,0.09997579278625027,True
2026-03-26,601789.SH,6.67,5.45,0.10066006600660063,True
2026-03-26,600986.SH,10.76,8.8,0.10020449897750505,True
2026-03-26,003009.SZ,62.69,51.29,0.10001754693805931,True
2026-03-26,603216.SH,36.06,29.5,0.1000610128126907,True
2026-03-26,002757.SZ,22.7,18.58,0.09980620155038762,True
2026-03-26,002173.SZ,28.45,23.27,0.10015467904098994,True
2026-03-26,001330.SZ,7.56,6.18,0.10043668122270742,True
2026-03-26,600696.SH,1.83,1.65,0.05172413793103453,False
2026-03-26,002716.SZ,13.34,10.92,0.09975267930750206,True
2026-03-26,601212.SH,8.93,7.31,0.0997536945812808,True
2026-03-26,600381.SH,3.2,2.9,0.04918032786885251,False
2026-03-26,600855.SH,18.7,15.3,0.09999999999999996,True
2026-03-26,605081.SH,8.19,7.41,0.04999999999999996,False
2026-03-26,603382.SH,30.59,25.03,0.09996404171161449,True
2026-03-26,600476.SH,12.1,9.9,0.09999999999999996,True
2026-03-26,003007.SZ,46.53,38.07,0.10000000000000002,True
2026-03-26,000603.SZ,42.31,34.61,0.10010400416016645,True
2026-03-26,603039.SH,43.74,35.78,0.10010060362173039,True
2026-03-26,600589.SH,12.25,10.03,0.09964093357271098,True
2026-03-26,002429.SZ,10.78,8.82,0.09999999999999995,True
2026-03-27,600355.SH,0.83,0.75,0.050632911392405035,False
2026-03-27,000004.SZ,5.36,4.85,0.04995102840352602,False
2026-03-27,603813.SH,31.02,28.06,0.05010155721056197,False
2026-03-27,002151.SZ,40.69,33.29,0.10002703433360367,True
2026-03-27,003041.SZ,55.51,45.41,0.10007927070947288,True
2026-03-27,600703.SH,14.2,11.62,0.09992254066615028,True
2026-03-27,600381.SH,3.05,2.76,0.04991394148020655,False
2026-03-27,603949.SH,18.9,15.46,0.10011641443538992,True
2026-03-27,600370.SH,2.76,2.26,0.09960159362549802,True
2026-03-27,603159.SH,26.07,21.33,0.10000000000000005,True
2026-03-27,603516.SH,154.37,126.31,0.09997149779107882,True
2026-03-27,603353.SH,37.25,30.47,0.10011813349084467,True
2026-03-27,600243.SH,3.31,2.99,0.050793650793650766,False
2026-03-27,002956.SZ,28.27,23.13,0.10000000000000002,True
2026-03-27,603130.SH,44.09,36.07,0.10004990019960085,True
2026-03-27,002943.SZ,51.92,42.48,0.10000000000000005,True
2026-03-27,002173.SZ,27.37,22.39,0.10008038585209003,True
2026-03-27,605268.SH,13.15,10.76,0.09995817649519032,True
2026-03-27,601789.SH,6.28,5.14,0.09982486865148867,True
2026-03-27,603382.SH,29.82,24.4,0.09996311324234602,True
2026-03-27,603138.SH,20.7,16.94,0.0998937300743889,True
2026-03-27,002429.SZ,10.6,8.68,0.0995850622406639,True
2026-03-27,603008.SH,18.32,14.99,0.0999699789852897,True
2026-03-27,002394.SZ,15.05,12.31,0.10014619883040937,True
2026-03-27,001335.SZ,46.24,37.84,0.09990485252140816,True
2026-03-27,000547.SZ,30.97,25.34,0.09998224116497956,True
2026-03-27,603039.SH,42.94,35.14,0.09989754098360652,True
2026-03-27,002796.SZ,50.17,41.05,0.09997807498355629,True
2026-03-27,001270.SZ,111.53,100.91,0.049990585577104146,False
2026-03-27,002153.SZ,10.97,8.97,0.10030090270812436,True
2026-03-27,601969.SH,12.27,10.04,0.09995517705064996,True
2026-03-27,603216.SH,35.11,28.73,0.09993734335839596,True
2026-03-27,603316.SH,16.12,13.19,0.09996588195155241,True
2026-03-27,600855.SH,18.4,15.06,0.0998206814106395,True
2026-03-27,603171.SH,54.98,44.98,0.10004001600640257,True
2026-03-27,603755.SH,30.44,24.9,0.10010842067220821,True
2026-03-27,603988.SH,26.52,21.7,0.09995852343425965,True
2026-03-27,001233.SZ,69.44,56.82,0.09995247901156343,True
2026-03-27,002426.SZ,4.04,3.3,0.10081743869209812,True
2026-03-27,002852.SZ,10.46,8.56,0.09989484752891693,True
2026-03-30,000004.SZ,5.29,4.79,0.0496031746031746,False
2026-03-30,600355.SH,0.79,0.71,0.05333333333333338,False
2026-03-30,603813.SH,29.46,26.66,0.049893086243763374,False
2026-03-30,600696.SH,1.77,1.61,0.047337278106508854,False
2026-03-30,000638.SZ,1.55,1.41,0.04729729729729734,False
2026-03-30,600370.SH,2.86,2.34,0.10000000000000002,True
2026-03-30,603949.SH,19.38,15.86,0.09988649262202043,True
2026-03-30,603353.SH,37.39,30.59,0.10002942041776994,True
2026-03-30,600703.SH,13.82,11.3,0.1003184713375796,True
2026-03-30,600243.SH,3.23,2.93,0.04870129870129867,False
2026-03-30,603130.SH,43.59,35.67,0.09992429977289934,True
2026-03-30,603312.SH,48.05,39.31,0.10004578754578748,True
2026-03-30,003041.SZ,55.42,45.34,0.10003969829297338,True
2026-03-30,605081.SH,8.19,7.41,0.04999999999999996,False
2026-03-30,605255.SH,113.47,92.84,0.09999515292520961,True
2026-03-30,601615.SH,18.99,15.53,0.10023174971031285,True
2026-03-30,002836.SZ,15.82,12.94,0.1001390820584145,True
2026-03-30,600408.SH,4.29,3.51,0.10000000000000003,True
2026-03-30,603608.SH,10.87,8.89,0.10020242914979752,True
2026-03-30,603013.SH,22.1,18.08,0.10004977600796423,True
2026-03-30,603429.SH,9.83,8.89,0.05021367521367519,False
2026-03-30,002956.SZ,28.37,23.21,0.1000387747188833,True
2026-03-30,000534.SZ,42.13,34.47,0.10000000000000006,True
2026-03-30,002931.SZ,75.09,61.43,0.10005859947260477,True
2026-03-30,600691.SH,3.98,3.26,0.09944751381215472,True
2026-03-30,001376.SZ,18.46,15.1,0.10011918951132304,True
2026-03-30,603616.SH,7.26,5.94,0.09999999999999996,True
2026-03-30,002995.SZ,26.02,21.29,0.09997886281969985,True
2026-03-30,600714.SH,20.49,16.77,0.09983896940418677,True
2026-03-30,603381.SH,27.68,22.64,0.10015898251192368,True
2026-03-30,603697.SH,12.05,9.86,0.09995435874030129,True
2026-03-30,002175.SZ,3.54,2.9,0.09937888198757766,True
2026-03-30,002207.SZ,10.85,8.87,0.10040567951318462,True
2026-03-30,600340.SH,1.58,1.3,0.09722222222222224,True
2026-03-30,600481.SH,7.66,6.26,0.10057471264367819,True
2026-03-30,002298.SZ,12.8,10.48,0.09965635738831616,True
2026-03-30,603078.SH,24.51,20.05,0.10008976660682227,True
2026-03-30,601969.SH,12.88,10.54,0.09991460290350135,True
2026-03-30,600860.SH,12.6,10.31,0.09995635093845479,True
2026-03-30,601789.SH,6.27,5.13,0.09999999999999998,True
2026-03-31,600355.SH,0.75,0.67,0.05633802816901406,False
2026-03-31,000004.SZ,5.05,4.57,0.04989604989604984,False
2026-03-31,603130.SH,43.3,35.42,0.1001016260162601,True
2026-03-31,000638.SZ,1.48,1.34,0.049645390070921946,False
2026-03-31,002485.SZ,5.37,4.85,0.05088062622309203,False
2026-03-31,603813.SH,27.99,25.33,0.049887471867967,False
2026-03-31,603516.SH,154.34,126.28,0.0999928729242392,True
2026-03-31,603188.SH,5.43,4.45,0.09919028340080968,True
2026-03-31,600476.SH,12.2,9.98,0.10009017132551844,True
2026-03-31,600962.SH,21.11,17.27,0.10005211047420533,True
2026-03-31,605580.SH,23.47,19.21,0.09981255857544513,True
2026-03-31,603798.SH,15.57,12.74,0.09996467679265277,True
2026-03-31,605255.SH,113.12,92.56,0.09996110462854921,True
2026-03-31,001330.SZ,7.71,6.31,0.09985734664764624,True
2026-03-31,603889.SH,8.46,6.92,0.10013003901170357,True
2026-03-31,002554.SZ,4.03,3.29,0.10109289617486342,True
2026-03-31,001270.SZ,114.44,103.54,0.05000458757684187,False
2026-03-31,002207.SZ,10.62,8.69,0.09994821336095287,True
2026-03-31,605090.SH,44.74,36.6,0.10007376444553726,True
2026-03-31,001225.SZ,53.08,43.43,0.09998963837944254,True
2026-03-31,002682.SZ,6.84,5.6,0.09967845659163989,True
2026-03-31,600696.SH,1.69,1.53,0.049689440993788796,False
2026-03-31,001209.SZ,23.01,18.83,0.099904397705545,True
2026-03-31,603353.SH,36.43,29.81,0.09993961352657008,True
2026-03-31,002855.SZ,13.3,10.88,0.1000827129859388,True
2026-03-31,002591.SZ,7.93,6.49,0.09986130374479886,True
2026-03-31,002155.SZ,33.44,27.36,0.09999999999999998,True
2026-03-31,600693.SH,12.52,10.24,0.10017574692442881,True
2026-03-31,600058.SH,12.55,10.27,0.09991235758106928,True
2026-03-31,603359.SH,6.85,5.61,0.0995184590690208,True
2026-03-31,600855.SH,19.04,15.58,0.09994222992489889,True
2026-03-31,603119.SH,82.01,67.1,0.0999932935416807,True
2026-03-31,003009.SZ,63.31,51.8,0.09999131265745813,True
2026-03-31,603171.SH,56.1,45.9,0.10000000000000003,True
2026-03-31,603070.SH,16.36,13.38,0.1002017484868863,True
2026-03-31,603015.SH,13.61,11.13,0.10024252223120446,True
2026-03-31,002931.SZ,75.47,61.75,0.09998542486518,True
2026-03-31,002943.SZ,51.51,42.15,0.09993593850096091,True
2026-03-31,603931.SH,30.03,24.57,0.10000000000000002,True
2026-03-31,603322.SH,34.63,28.33,0.10006353240152484,True
2026-04-01,000004.SZ,4.8,4.34,0.05032822757111597,False
2026-04-01,600355.SH,0.7,0.64,0.04477611940298504,False
2026-04-01,000638.SZ,1.41,1.27,0.052238805970149224,False
2026-04-01,603130.SH,42.42,34.7,0.100103734439834,True
2026-04-01,600962.SH,20.77,16.99,0.10010593220338987,True
2026-04-01,600696.SH,1.69,1.53,0.049689440993788796,False
2026-04-01,600476.SH,12.43,10.17,0.09999999999999998,True
2026-04-01,603188.SH,5.37,4.39,0.10040983606557381,True
2026-04-01,600151.SH,15.04,12.3,0.10021945866861735,True
2026-04-01,603813.SH,26.6,24.06,0.050138176075799505,False
2026-04-01,001330.SZ,7.68,6.28,0.10028653295128935,True
2026-04-01,603889.SH,8.44,6.9,0.10039113428943931,True
2026-04-01,001225.SZ,53.9,44.1,0.09999999999999998,True
2026-04-01,002207.SZ,10.38,8.5,0.0995762711864407,True
2026-04-01,002485.SZ,5.09,4.61,0.04948453608247418,False
2026-04-01,603516.SH,152.25,124.57,0.0999927750885052,True
2026-04-01,600693.SH,12.44,10.18,0.09991158267020336,True
2026-04-01,603680.SH,14.72,12.04,0.10014947683109124,True
2026-04-01,002682.SZ,6.75,5.53,0.09934853420195437,True
2026-04-01,605081.SH,7.57,6.85,0.04993065187239949,False
2026-04-01,603070.SH,16.02,13.1,0.10027472527472528,True
2026-04-01,600421.SH,7.23,6.55,0.04934687953555882,False
2026-04-01,605598.SH,52.46,42.92,0.10002096875655274,True
2026-04-01,002694.SZ,3.39,2.77,0.10064935064935067,True
2026-04-01,603359.SH,6.71,5.49,0.09999999999999999,True
2026-04-01,002855.SZ,13.38,10.94,0.1003289473684211,True
2026-04-01,603170.SH,13.59,11.12,0.09995953055443142,True
2026-04-01,001209.SZ,22.64,18.52,0.10009718172983482,True
2026-04-01,603322.SH,33.61,27.5,0.09998363606611028,True
2026-04-01,002163.SZ,14.42,11.8,0.09992372234935161,True
2026-04-01,002278.SZ,13.3,10.88,0.1000827129859388,True
2026-04-01,600855.SH,18.92,15.48,0.10000000000000002,True
2026-04-01,603798.SH,15.29,12.51,0.09999999999999999,True
2026-04-01,603980.SH,7.08,5.8,0.09937888198757766,True
2026-04-01,000892.SZ,6.68,5.46,0.10049423393739701,True
2026-04-01,000610.SZ,10.03,8.21,0.09978070175438587,True
2026-04-01,002155.SZ,33.99,27.81,0.10000000000000006,True
2026-04-01,003009.SZ,63.51,51.97,0.0999307239348805,True
2026-04-01,002554.SZ,3.94,3.22,0.10055865921787706,True
2026-04-01,603205.SH,28.24,23.1,0.10011686793922861,True
2026-04-02,600355.SH,0.67,0.61,0.04687500000000004,False
2026-04-02,000004.SZ,4.56,4.12,0.05069124423963128,False
2026-04-02,603130.SH,42.46,34.74,0.09999999999999998,True
2026-04-02,000638.SZ,1.33,1.21,0.04724409448818902,False
2026-04-02,001330.SZ,7.74,6.34,0.0994318181818182,True
2026-04-02,600151.SH,14.55,11.91,0.0997732426303855,True
2026-04-02,603516.SH,153.01,125.19,0.09999999999999998,True
2026-04-02,001225.SZ,54.01,44.19,0.10000000000000002,True
2026-04-02,600476.SH,12.21,9.99,0.10000000000000002,True
2026-04-02,600962.SH,20.97,17.15,0.10020986358866737,True
2026-04-02,603598.SH,22.07,18.05,0.10019940179461613,True
2026-04-02,000016.SZ,3.82,3.12,0.100864553314121,True
2026-04-02,002694.SZ,3.39,2.77,0.10064935064935067,True
2026-04-02,600696.SH,1.7,1.54,0.049382716049382686,False
2026-04-02,603322.SH,34.49,28.22,0.09998405357997134,True
2026-04-02,002682.SZ,6.59,5.39,0.10016694490818032,True
2026-04-02,603813.SH,25.26,22.86,0.04987531172069829,False
2026-04-02,603188.SH,5.39,4.41,0.09999999999999995,True
2026-04-02,002151.SZ,41.37,33.85,0.09997341132677474,True
2026-04-02,603038.SH,16.34,13.37,0.09996634129922587,True
2026-04-02,002855.SZ,13.12,10.74,0.09974853310980716,True
2026-04-02,603889.SH,8.58,7.02,0.10000000000000003,True
2026-04-02,000510.SZ,16.52,13.52,0.09986684420772304,True
2026-04-02,603680.SH,14.31,11.71,0.09992313604919291,True
2026-04-02,600855.SH,18.91,15.47,0.10005817335660265,True
2026-04-02,600531.SH,14.8,12.11,0.09996283909327393,True
2026-04-02,002931.SZ,77.06,63.05,0.09999286275069591,True
2026-04-02,002155.SZ,34.13,27.93,0.09990331936835325,True
2026-04-02,002716.SZ,13.26,10.85,0.09995852343425965,True
2026-04-02,002943.SZ,51.52,42.16,0.09991460290350135,True
2026-04-02,600237.SH,9.86,8.06,0.1004464285714285,True
2026-04-02,002383.SZ,10.67,8.73,0.09999999999999998,True
2026-04-02,605081.SH,7.19,6.51,0.04963503649635041,False
2026-04-02,001278.SZ,23.42,19.16,0.10004697040864259,True
2026-04-02,603090.SH,67.87,55.53,0.10000000000000002,True
2026-04-02,603216.SH,35.97,29.43,0.09999999999999998,True
2026-04-02,002485.SZ,5.27,4.77,0.04980079681274901,False
2026-04-02,002829.SZ,24.81,20.3,0.09997783196630454,True
2026-04-02,600703.SH,13.04,10.67,0.09995782370307883,True
2026-04-02,002062.SZ,8.28,6.78,0.09960159362549796,True
2026-04-03,000638.SZ,1.27,1.15,0.049586776859504175,False
2026-04-03,600151.SH,14.41,11.79,0.10000000000000005,True
2026-04-03,600355.SH,0.64,0.58,0.04918032786885251,False
2026-04-03,001330.SZ,7.56,6.18,0.10043668122270742,True
2026-04-03,000004.SZ,4.33,3.91,0.05097087378640776,False
2026-04-03,603130.SH,40.67,33.27,0.10008114687584527,True
2026-04-03,002694.SZ,3.31,2.71,0.09966777408637877,True
2026-04-03,001225.SZ,52.46,42.92,0.10002096875655274,True
2026-04-03,603718.SH,5.1,4.18,0.09913793103448276,True
2026-04-03,000016.SZ,3.59,2.93,0.10122699386503063,True
2026-04-03,000892.SZ,6.7,5.48,0.10016420361247946,True
2026-04-03,600955.SH,18.82,15.4,0.09994155464640561,True
2026-04-03,600696.SH,1.65,1.49,0.050955414012738835,False
2026-04-03,603598.SH,21.25,17.39,0.09989648033126293,True
2026-04-03,002759.SZ,39.79,32.55,0.10008294166436275,True
2026-04-03,603090.SH,65.03,53.21,0.09996617050067659,True
2026-04-03,002207.SZ,10.78,8.82,0.09999999999999995,True
2026-04-03,002542.SZ,3.41,2.79,0.10000000000000002,True
2026-04-03,600693.SH,12.28,10.04,0.1003584229390681,True
2026-04-03,603278.SH,11.89,9.73,0.09990749306197964,True
2026-04-03,002682.SZ,6.46,5.28,0.10051107325383302,True
2026-04-03,002995.SZ,25.61,20.95,0.10008591065292095,True
2026-04-03,603516.SH,146.18,119.6,0.10000752502069386,True
2026-04-03,603359.SH,6.51,5.33,0.09966216216216214,True
2026-04-03,000637.SZ,5.06,4.14,0.1,True
2026-04-03,603630.SH,17.7,14.48,0.10006215040397759,True
2026-04-03,001278.SZ,22.77,18.63,0.10000000000000002,True
2026-04-03,603813.SH,24.0,21.72,0.0498687664041995,False
2026-04-03,001208.SZ,21.87,17.89,0.10010060362173039,True
2026-04-03,000797.SZ,3.14,2.57,0.09982486865148867,True
2026-04-03,600476.SH,11.75,9.61,0.10018726591760302,True
2026-04-03,603680.SH,14.16,11.58,0.10023310023310023,True
2026-04-03,002905.SZ,11.22,9.18,0.10000000000000005,True
2026-04-03,605081.SH,6.84,6.18,0.050691244239631346,False
2026-04-03,603790.SH,23.21,18.99,0.10000000000000005,True
2026-04-03,002165.SZ,10.57,8.65,0.09989594172736732,True
2026-04-03,603023.SH,5.31,4.35,0.09937888198757763,True
2026-04-03,002173.SZ,28.49,23.31,0.1,True
2026-04-03,603322.SH,33.46,27.38,0.09993425378040766,True
2026-04-03,000838.SZ,2.3,1.88,0.10047846889952151,True
2026-04-07,000638.SZ,1.21,1.09,0.052173913043478216,False
2026-04-07,603130.SH,40.01,32.73,0.10008248556502615,True
2026-04-07,000004.SZ,4.11,3.71,0.051150895140665,False
2026-04-07,002808.SZ,4.79,4.33,0.05043859649122806,False
2026-04-07,002024.SZ,1.4,1.26,0.05263157894736838,False
2026-04-07,001225.SZ,51.23,41.91,0.10006441915396179,True
2026-04-07,600696.SH,1.56,1.42,0.046979865771812124,False
2026-04-07,605081.SH,6.49,5.87,0.050161812297734636,False
2026-04-07,002207.SZ,10.22,8.36,0.10010764262648016,True
2026-04-07,603516.SH,142.85,116.87,0.10003080240258735,True
2026-04-07,600962.SH,20.33,16.63,0.1001082251082251,True
2026-04-07,002630.SZ,2.0,1.81,0.04986876640419946,False
2026-04-07,000547.SZ,28.36,23.2,0.10007757951900698,True
2026-04-07,000503.SZ,8.54,6.98,0.1005154639175257,True
2026-04-07,603630.SH,17.13,14.01,0.10019267822736028,True
2026-04-07,603889.SH,8.23,6.73,0.10026737967914438,True
2026-04-07,603680.SH,13.86,11.34,0.09999999999999999,True
2026-04-07,600151.SH,13.9,11.38,0.09968354430379744,True
2026-04-07,001330.SZ,7.26,5.94,0.09999999999999996,True
2026-04-07,600243.SH,3.2,2.9,0.04918032786885251,False
2026-04-07,000016.SZ,3.38,2.76,0.10097719869706842,True
2026-04-07,002995.SZ,24.04,19.67,0.09997712194005942,True
2026-04-07,603070.SH,15.43,12.63,0.09978617248752668,True
2026-04-07,600774.SH,9.68,7.92,0.09999999999999998,True
2026-04-07,603216.SH,34.85,28.51,0.10006313131313131,True
2026-04-07,603567.SH,7.35,6.01,0.10029940119760479,True
2026-04-07,603978.SH,25.82,21.12,0.10012782275244993,True
2026-04-07,600476.SH,11.35,9.29,0.09980620155038762,True
2026-04-07,600850.SH,24.24,19.84,0.09981851179673318,True
2026-04-07,600703.SH,12.82,10.49,0.09995709995709995,True
2026-04-07,002605.SZ,22.33,18.27,0.09999999999999998,True
2026-04-07,605288.SH,95.12,77.82,0.10003469411356547,True
2026-04-07,605577.SH,13.44,11.0,0.09983633387888706,True
2026-04-07,603356.SH,18.43,15.08,0.09997015816174276,True
2026-04-07,600118.SH,84.54,69.17,0.09999349424240456,True
2026-04-07,002694.SZ,3.19,2.61,0.10000000000000002,True
2026-04-07,002413.SZ,14.08,11.52,0.10000000000000002,True
2026-04-07,600608.SH,2.99,2.71,0.0491228070175439,False
2026-04-07,001270.SZ,119.26,107.9,0.05000880436696601,False
2026-04-07,603278.SH,11.54,9.44,0.10009532888465204,True
2026-04-08,000638.SZ,1.14,1.04,0.04587155963302747,False
2026-04-08,000004.SZ,3.9,3.52,0.05121293800539082,False
2026-04-08,603130.SH,40.11,32.81,0.1001097092704333,True
2026-04-08,002024.SZ,1.43,1.29,0.05147058823529409,False
2026-04-08,600962.SH,20.27,16.59,0.09983722192078133,True
2026-04-08,600696.SH,1.49,1.35,0.04929577464788729,False
2026-04-08,600193.SH,3.91,3.53,0.05107526881720435,False
2026-04-08,600243.SH,3.16,2.86,0.04983388704318942,False
2026-04-08,603889.SH,8.29,6.79,0.09946949602122011,True
2026-04-08,603070.SH,15.75,12.89,0.09986033519553071,True
2026-04-08,002808.SZ,4.73,4.28,0.04994450610432853,False
2026-04-08,603205.SH,28.07,22.97,0.09992163009404392,True
2026-04-08,001270.SZ,115.93,104.89,0.049995471424689825,False
2026-04-08,002931.SZ,72.0,58.91,0.0999923611641586,True
2026-04-08,603980.SH,7.04,5.76,0.10000000000000002,True
2026-04-08,002737.SZ,13.65,11.17,0.09991941982272362,True
2026-04-08,603630.SH,17.31,14.17,0.09974587039390086,True
2026-04-08,002485.SZ,5.06,4.58,0.0497925311203319,False
2026-04-08,000608.SZ,4.14,3.74,0.050761421319796884,False
2026-04-08,001225.SZ,51.47,42.11,0.10002137208805299,True
2026-04-08,605255.SH,101.21,82.81,0.09998913161612864,True
2026-04-08,000955.SZ,5.35,4.37,0.10082304526748967,True
2026-04-08,603155.SH,17.45,14.27,0.10025220680958385,True
2026-04-08,600608.SH,2.85,2.57,0.0516605166051661,False
2026-04-08,603216.SH,34.86,28.52,0.1000315556958031,True
2026-04-08,600774.SH,9.88,8.08,0.10022271714922053,True
2026-04-08,603170.SH,14.6,11.94,0.10022607385079127,True
2026-04-08,600703.SH,13.22,10.82,0.09983361064891849,True
2026-04-08,605577.SH,13.7,11.21,0.09995985547972695,True
2026-04-08,600058.SH,11.91,9.75,0.0997229916897507,True
2026-04-08,600881.SH,1.77,1.45,0.09937888198757766,True
2026-04-08,603038.SH,16.14,13.2,0.10020449897750516,True
2026-04-08,601089.SH,25.69,21.02,0.09997859130807112,True
2026-04-08,600628.SH,7.89,6.45,0.10041841004184097,True
2026-04-08,002162.SZ,5.13,4.19,0.10085836909871239,True
2026-04-08,605081.SH,6.59,5.97,0.04936305732484078,False
2026-04-08,002605.SZ,22.39,18.32,0.09997543601080816,True
2026-04-08,603822.SH,92.4,83.6,0.050000000000000065,False
2026-04-08,600503.SH,2.59,2.12,0.09978768577494687,True
2026-04-08,603798.SH,16.58,13.56,0.10019907100199063,True
2026-04-09,603130.SH,42.23,34.55,0.10002604845011721,True
2026-04-09,000638.SZ,1.09,0.99,0.04807692307692312,False
2026-04-09,603108.SH,14.42,11.8,0.09992372234935161,True
2026-04-09,000503.SZ,8.81,7.21,0.09987515605493137,True
2026-04-09,000710.SZ,11.76,9.62,0.10009354536950424,True
2026-04-09,001225.SZ,54.76,44.8,0.10004017677782243,True
2026-04-09,603718.SH,5.14,4.2,0.10064239828693786,True
2026-04-09,600774.SH,9.96,8.15,0.09994478188845944,True
2026-04-09,600693.SH,12.55,10.27,0.09991235758106928,True
2026-04-09,000004.SZ,3.71,3.35,0.05099150141643057,False
2026-04-09,603630.SH,17.95,14.69,0.09987745098039215,True
2026-04-09,002024.SZ,1.44,1.3,0.051094890510948864,False
2026-04-09,002808.SZ,4.76,4.3,0.05077262693156733,False
2026-04-09,603171.SH,57.42,46.98,0.10000000000000005,True
2026-04-09,605081.SH,6.92,6.26,0.050075872534142654,False
2026-04-09,600696.SH,1.46,1.32,0.050359712230215785,False
2026-04-09,600243.SH,3.26,2.95,0.049919484702093335,False
2026-04-09,002605.SZ,23.28,19.04,0.10018903591682424,True
2026-04-09,002413.SZ,14.87,12.17,0.09985207100591714,True
2026-04-09,002919.SZ,22.83,18.68,0.09997590941941698,True
2026-04-09,603119.SH,82.89,67.82,0.09999336474022964,True
2026-04-09,600783.SH,23.41,19.15,0.10009398496240604,True
2026-04-09,600962.SH,21.02,17.2,0.09994767137624282,True
2026-04-09,600193.SH,3.71,3.35,0.05099150141643057,False
2026-04-09,002891.SZ,43.69,35.75,0.09994964753272907,True
2026-04-09,603859.SH,42.7,34.94,0.09994848016486353,True
2026-04-09,002777.SZ,18.36,15.02,0.1000599161174356,True
2026-04-09,600476.SH,11.91,9.75,0.0997229916897507,True
2026-04-09,603070.SH,16.5,13.5,0.1,True
2026-04-09,603567.SH,7.6,6.22,0.09985528219971056,True
2026-04-09,600703.SH,13.65,11.17,0.09991941982272362,True
2026-04-09,002115.SZ,13.74,11.24,0.100080064051241,True
2026-04-09,001330.SZ,7.93,6.49,0.09986130374479886,True
2026-04-09,000955.SZ,5.5,4.5,0.1,True
2026-04-09,002465.SZ,16.6,13.58,0.1000662690523526,True
2026-04-09,000681.SZ,23.18,18.96,0.10014238253440909,True
2026-04-09,002151.SZ,42.12,34.46,0.10002611647949852,True
2026-04-09,002162.SZ,5.31,4.35,0.09937888198757763,True
2026-04-09,600608.SH,2.7,2.44,0.05058365758754868,False
2026-04-09,002943.SZ,51.39,42.05,0.09995719178082196,True
2026-04-10,603130.SH,42.03,34.39,0.09997382884061765,True
2026-04-10,000638.SZ,1.04,0.94,0.05050505050505055,False
2026-04-10,603108.SH,13.87,11.35,0.09992069785884218,True
2026-04-10,001225.SZ,52.98,43.34,0.10008305647840525,True
2026-04-10,002024.SZ,1.41,1.27,0.052238805970149224,False
2026-04-10,600774.SH,9.74,7.97,0.09994353472614344,True
2026-04-10,000503.SZ,8.56,7.0,0.10025706940874039,True
2026-04-10,000004.SZ,3.52,3.18,0.050746268656716394,False
2026-04-10,603718.SH,4.97,4.07,0.09955752212389375,True
2026-04-10,002542.SZ,2.97,2.43,0.1,True
2026-04-10,605081.SH,6.57,5.95,0.04952076677316295,False
2026-04-10,603119.SH,81.52,66.7,0.09998650654432596,True
2026-04-10,600962.SH,20.66,16.9,0.10010649627263049,True
2026-04-10,600696.SH,1.39,1.25,0.053030303030303,False
2026-04-10,605255.SH,105.31,86.17,0.09995822017965322,True
2026-04-10,002465.SZ,16.39,13.41,0.1,True
2026-04-10,002943.SZ,51.07,41.79,0.09993538660348913,True
2026-04-10,002413.SZ,14.82,12.12,0.10022271714922054,True
2026-04-10,600961.SH,19.86,16.25,0.09997230684021045,True
2026-04-10,600193.SH,3.52,3.18,0.050746268656716394,False
2026-04-10,600531.SH,14.97,12.25,0.09992652461425425,True
2026-04-10,000710.SZ,11.39,9.32,0.09995171414775472,True
2026-04-10,600693.SH,12.28,10.04,0.1003584229390681,True
2026-04-10,603358.SH,38.25,31.29,0.10008628127696292,True
2026-04-10,002151.SZ,41.51,33.97,0.09989401165871754,True
2026-04-10,002501.SZ,2.07,1.69,0.10106382978723402,True
2026-04-10,603630.SH,17.44,14.27,0.09996846420687486,True
2026-04-10,603131.SH,22.76,18.62,0.10004833252779122,True
2026-04-10,000691.SZ,8.33,7.53,0.050441361916771746,False
2026-04-10,002383.SZ,10.56,8.64,0.09999999999999998,True
2026-04-10,603070.SH,16.46,13.46,0.10026737967914438,True
2026-04-10,002919.SZ,22.31,18.25,0.10009861932938852,True
2026-04-10,600118.SH,87.04,71.22,0.09996208770377865,True
2026-04-10,600783.SH,22.88,18.72,0.10000000000000002,True
2026-04-10,603216.SH,40.17,32.87,0.09994523548740424,True
2026-04-10,600608.SH,2.56,2.32,0.04918032786885251,False
2026-04-10,000955.SZ,5.4,4.42,0.09979633401222,True
2026-04-10,002829.SZ,24.53,20.07,0.10000000000000002,True
2026-04-10,000510.SZ,16.9,13.82,0.10026041666666662,True
2026-04-10,603037.SH,14.62,11.96,0.10007524454477044,True
2026-04-13,603130.SH,42.31,34.61,0.10010400416016645,True
2026-04-13,000638.SZ,0.99,0.89,0.05319148936170212,False
2026-04-13,603108.SH,14.05,11.49,0.10023492560689118,True
2026-04-13,001225.SZ,54.57,44.65,0.09997984277363436,True
2026-04-13,600193.SH,3.7,3.34,0.05113636363636368,False
2026-04-13,002918.SZ,13.17,10.77,0.10025062656641606,True
2026-04-13,603216.SH,36.99,30.27,0.09991079393398754,True
2026-04-13,603718.SH,4.99,4.09,0.09911894273127757,True
2026-04-13,002024.SZ,1.43,1.29,0.05147058823529409,False
2026-04-13,603037.SH,14.73,12.05,0.10007468259895443,True
2026-04-13,600476.SH,11.81,9.67,0.09962756052141529,True
2026-04-13,600693.SH,12.33,10.09,0.09991079393398751,True
2026-04-13,600962.SH,21.12,17.28,0.09999999999999998,True
2026-04-13,603822.SH,95.88,86.74,0.05004928266345417,False
2026-04-13,000503.SZ,8.58,7.02,0.10000000000000003,True
2026-04-13,002151.SZ,41.57,34.01,0.1000264620269913,True
2026-04-13,603119.SH,82.3,67.34,0.09997326917936378,True
2026-04-13,000004.SZ,3.34,3.02,0.05031446540880501,False
2026-04-13,002153.SZ,10.75,8.79,0.1003070624360287,True
2026-04-13,002919.SZ,22.32,18.26,0.10004928536224739,True
2026-04-13,603633.SH,8.49,6.95,0.09974093264248704,True
2026-04-13,002829.SZ,24.67,20.19,0.09986625055728936,True
2026-04-13,603931.SH,30.31,24.8,0.0999818544728724,True
2026-04-13,002383.SZ,10.56,8.64,0.09999999999999998,True
2026-04-13,000710.SZ,11.39,9.32,0.09995171414775472,True
2026-04-13,600774.SH,9.77,7.99,0.1002252252252252,True
2026-04-13,002766.SZ,5.36,4.38,0.10061601642710477,True
2026-04-13,002324.SZ,16.94,13.86,0.10000000000000006,True
2026-04-13,600421.SH,6.47,5.85,0.050324675324675334,False
2026-04-13,603070.SH,16.7,13.66,0.10013175230566532,True
2026-04-13,002931.SZ,75.1,61.44,0.10004394316683754,True
2026-04-13,002856.SZ,12.38,10.13,0.09995557529986672,True
2026-04-13,603630.SH,17.62,14.42,0.09987515605493137,True
2026-04-13,605081.SH,6.39,5.79,0.04926108374384234,False
2026-04-13,600531.SH,14.91,12.2,0.09996311324234602,True
2026-04-13,002928.SZ,9.41,7.7,0.09994155464640561,True
2026-04-13,605288.SH,93.21,76.27,0.09995279679018172,True
2026-04-13,603171.SH,55.98,45.8,0.1000196502259776,True
2026-04-13,603358.SH,37.82,30.94,0.10005817335660265,True
2026-04-13,000691.SZ,8.43,7.63,0.049813200498131996,False
2026-04-14,603130.SH,41.65,34.07,0.10010565240359216,True
2026-04-14,600193.SH,3.58,3.24,0.04985337243401757,False
2026-04-14,600476.SH,12.19,9.97,0.10018050541516241,True
2026-04-14,603108.SH,13.94,11.4,0.10023677979479081,True
2026-04-14,603718.SH,4.98,4.08,0.0993377483443709,True
2026-04-14,603216.SH,34.23,28.01,0.09993573264781484,True
2026-04-14,603822.SH,94.4,85.41,0.049997219287025246,False
2026-04-14,600962.SH,21.22,17.36,0.10005184033177811,True
2026-04-14,600693.SH,12.3,10.06,0.10017889087656531,True
2026-04-14,002153.SZ,10.63,8.69,0.10041407867494831,True
2026-04-14,001225.SZ,53.77,43.99,0.10004091653027825,True
2026-04-14,000610.SZ,9.48,7.76,0.0997679814385151,True
2026-04-14,002766.SZ,5.37,4.39,0.10040983606557381,True
2026-04-14,603358.SH,36.65,29.99,0.09993997599039615,True
2026-04-14,002855.SZ,13.09,10.71,0.09999999999999995,True
2026-04-14,600608.SH,2.56,2.32,0.04918032786885251,False
2026-04-14,600421.SH,6.63,5.99,0.050713153724247194,False
2026-04-14,002918.SZ,12.71,10.4,0.0999567286888793,True
2026-04-14,605081.SH,6.62,5.99,0.04996034892942109,False
2026-04-14,605577.SH,13.79,11.29,0.09968102073365231,True
2026-04-14,002194.SZ,11.66,9.54,0.10000000000000005,True
2026-04-14,605288.SH,90.56,74.1,0.09996356127778458,True
2026-04-14,002024.SZ,1.42,1.28,0.051851851851851816,False
2026-04-14,002905.SZ,10.66,8.72,0.10010319917440656,True
2026-04-14,603633.SH,8.39,6.87,0.0996068152031455,True
2026-04-14,002175.SZ,3.17,2.59,0.10069444444444446,True
2026-04-14,000004.SZ,3.3,2.98,0.050955414012738835,False
2026-04-14,002811.SZ,14.83,12.13,0.10014836795252223,True
2026-04-14,603188.SH,5.53,4.53,0.09940357852882703,True
2026-04-14,000838.SZ,2.4,1.96,0.10091743119266056,True
2026-04-14,000503.SZ,8.55,6.99,0.10038610038610041,True
2026-04-14,002856.SZ,12.27,10.04,0.09995517705064996,True
2026-04-14,603015.SH,13.55,11.09,0.09983766233766236,True
2026-04-14,001388.SZ,42.72,34.96,0.09989701338825949,True
2026-04-14,603578.SH,13.74,11.24,0.100080064051241,True
2026-04-14,002394.SZ,15.07,12.33,0.10000000000000002,True
2026-04-14,600696.SH,1.26,1.14,0.050000000000000044,False
2026-04-14,600481.SH,7.17,5.87,0.09969325153374232,True
2026-04-14,002547.SZ,3.42,2.8,0.09967845659163989,True
2026-04-14,002861.SZ,17.72,14.5,0.09993792675356918,True
2026-04-15,000016.SZ,3.59,2.93,0.10122699386503063,True
2026-04-15,603130.SH,41.53,33.98,0.09998675672096417,True
2026-04-15,001225.SZ,54.78,44.82,0.10000000000000002,True
2026-04-15,002855.SZ,13.01,10.65,0.0997464074387151,True
2026-04-15,002856.SZ,13.01,10.65,0.0997464074387151,True
2026-04-15,600531.SH,15.0,12.28,0.09970674486803521,True
2026-04-15,603813.SH,30.58,27.66,0.05013736263736261,False
2026-04-15,002918.SZ,12.95,10.59,0.10025488530161425,True
2026-04-15,002766.SZ,5.35,4.37,0.10082304526748967,True
2026-04-15,002657.SZ,24.78,20.28,0.09986684420772303,True
2026-04-15,002861.SZ,17.55,14.36,0.09996866186148547,True
2026-04-15,002017.SZ,21.12,17.28,0.09999999999999998,True
2026-04-15,002354.SZ,6.25,5.11,0.10035211267605632,True
2026-04-15,002712.SZ,5.71,4.67,0.10019267822736032,True
2026-04-15,605288.SH,92.04,75.3,0.10003585514521339,True
2026-04-15,603636.SH,10.24,8.38,0.0998925886143931,True
2026-04-15,603011.SH,23.54,19.26,0.09999999999999995,True
2026-04-15,002123.SZ,11.08,9.06,0.10029791459781527,True
2026-04-15,002383.SZ,10.74,8.78,0.10040983606557381,True
2026-04-15,002151.SZ,42.32,34.62,0.10007798284377441,True
2026-04-15,002153.SZ,10.65,8.71,0.1002066115702479,True
2026-04-15,000004.SZ,3.47,3.14,0.04992435703479577,False
2026-04-15,601929.SH,3.3,2.7,0.09999999999999994,True
2026-04-15,002182.SZ,18.32,14.99,0.0999699789852897,True
2026-04-15,600053.SH,16.59,13.57,0.10013262599469494,True
2026-04-15,600476.SH,12.23,10.01,0.0998201438848921,True
2026-04-15,000526.SZ,35.34,28.92,0.09990662931839404,True
2026-04-15,603015.SH,13.63,11.15,0.1000807102502018,True
2026-04-15,002160.SZ,5.67,4.64,0.09990300678952477,True
2026-04-15,002400.SZ,9.61,7.87,0.0995423340961098,True
2026-04-15,002905.SZ,10.63,8.69,0.10041407867494831,True
2026-04-15,603931.SH,30.76,25.16,0.1001430615164521,True
2026-04-15,000681.SZ,22.81,18.67,0.09980713596914167,True
2026-04-15,002995.SZ,26.74,21.88,0.09995886466474702,True
2026-04-15,603926.SH,19.55,15.99,0.10016882386043896,True
2026-04-15,601212.SH,8.84,7.24,0.09950248756218905,True
2026-04-15,002735.SZ,16.61,13.59,0.09999999999999999,True
2026-04-15,600481.SH,7.04,5.76,0.10000000000000002,True
2026-04-15,603859.SH,42.59,34.85,0.09994834710743805,True
2026-04-15,002558.SZ,34.93,28.58,0.09998425444811843,True
2026-04-16,603130.SH,40.84,33.42,0.09991920280096958,True
2026-04-16,000004.SZ,3.64,3.3,0.04899135446685884,False
2026-04-16,002861.SZ,17.27,14.13,0.09999999999999996,True
2026-04-16,605288.SH,91.25,74.66,0.0999939726357664,True
2026-04-16,002855.SZ,12.72,10.4,0.10034602076124569,True
2026-04-16,600421.SH,6.17,5.59,0.04931972789115647,False
2026-04-16,001266.SZ,36.32,29.72,0.0999394306480921,True
2026-04-16,000526.SZ,35.06,28.68,0.10009413241292756,True
2026-04-16,002856.SZ,12.69,10.39,0.09965337954939338,True
2026-04-16,600053.SH,16.52,13.52,0.09986684420772304,True
2026-04-16,001225.SZ,53.99,44.17,0.10004074979625102,True
2026-04-16,001388.SZ,43.4,35.51,0.09998732733493855,True
2026-04-16,002928.SZ,9.35,7.65,0.09999999999999996,True
2026-04-16,000576.SZ,10.66,8.72,0.10010319917440656,True
2026-04-16,002981.SZ,26.61,21.77,0.10004133939644481,True
2026-04-16,603011.SH,23.45,19.19,0.09990619136960596,True
2026-04-16,002766.SZ,5.24,4.28,0.10084033613445378,True
2026-04-16,600962.SH,20.47,16.75,0.09994626544868347,True
2026-04-16,603822.SH,90.28,81.68,0.05001163061177014,False
2026-04-16,601929.SH,3.25,2.66,0.09983079526226732,True
2026-04-16,605577.SH,13.71,11.21,0.10032102728731941,True
2026-04-16,600193.SH,3.24,2.94,0.0485436893203884,False
2026-04-16,002036.SZ,9.96,8.15,0.09994478188845944,True
2026-04-16,603516.SH,157.66,129.0,0.09997906928068094,True
2026-04-16,002918.SZ,12.68,10.38,0.09973980919340844,True
2026-04-16,002501.SZ,1.98,1.62,0.09999999999999996,True
2026-04-16,002189.SZ,21.78,17.82,0.10000000000000002,True
2026-04-16,002383.SZ,10.56,8.64,0.09999999999999998,True
2026-04-16,002017.SZ,20.79,17.01,0.09999999999999995,True
2026-04-16,603013.SH,20.8,17.02,0.09994711792702277,True
2026-04-16,603949.SH,20.71,16.95,0.09984067976633038,True
2026-04-16,002194.SZ,11.5,9.41,0.09995217599234815,True
2026-04-16,600340.SH,1.54,1.26,0.10000000000000002,True
2026-04-16,603636.SH,10.12,8.28,0.1,True
2026-04-16,002657.SZ,24.44,20.0,0.09990999099909995,True
2026-04-16,603108.SH,14.11,11.55,0.0997661730319563,True
2026-04-16,003005.SZ,19.84,16.24,0.09977827050997787,True
2026-04-16,603219.SH,17.93,14.67,0.09999999999999999,True
2026-04-16,603578.SH,13.72,11.22,0.10024057738572574,True
2026-04-16,603579.SH,22.12,18.1,0.09995027349577323,True
2026-04-17,600381.SH,3.08,2.78,0.05119453924914681,False
2026-04-17,000004.SZ,3.82,3.46,0.049450549450549434,False
2026-04-17,600421.SH,6.01,5.43,0.05069930069930071,False
2026-04-17,603718.SH,4.99,4.09,0.09911894273127757,True
2026-04-17,603828.SH,6.31,5.71,0.049916805324459204,False
2026-04-17,002856.SZ,12.89,10.55,0.09982935153583616,True
2026-04-17,603813.SH,29.94,27.08,0.050157839354612474,False
2026-04-17,603130.SH,41.67,34.09,0.10005279831045404,True
2026-04-17,000526.SZ,35.51,29.05,0.10006195786864927,True
2026-04-17,002918.SZ,13.07,10.69,0.10016835016835021,True
2026-04-17,002855.SZ,13.0,10.64,0.09983079526226732,True
2026-04-17,600608.SH,2.5,2.26,0.05042016806722694,False
2026-04-17,600193.SH,3.26,2.95,0.049919484702093335,False
2026-04-17,002659.SZ,5.76,4.72,0.09923664122137404,True
2026-04-17,605288.SH,93.09,76.17,0.09996455157745482,True
2026-04-17,002207.SZ,8.27,6.77,0.0997340425531915,True
2026-04-17,002919.SZ,22.3,18.24,0.1001480019733597,True
2026-04-17,603615.SH,21.45,17.55,0.09999999999999996,True
2026-04-17,002712.SZ,5.75,4.71,0.09942638623326959,True
2026-04-17,002153.SZ,10.74,8.78,0.10040983606557381,True
2026-04-17,002861.SZ,17.49,14.31,0.09999999999999995,True
2026-04-17,002657.SZ,24.81,20.3,0.09997783196630454,True
2026-04-17,603232.SH,22.86,18.7,0.10009624639076034,True
2026-04-17,603636.SH,10.31,8.43,0.1003201707577375,True
2026-04-17,001266.SZ,36.52,29.88,0.10000000000000005,True
2026-04-17,002928.SZ,9.39,7.69,0.09953161592505855,True
2026-04-17,002090.SZ,12.31,10.07,0.1000893655049151,True
2026-04-17,603108.SH,14.21,11.63,0.09984520123839008,True
2026-04-17,600053.SH,16.69,13.65,0.10019775873434413,True
2026-04-17,000691.SZ,8.53,7.71,0.05049261083743839,False
2026-04-17,001388.SZ,43.91,35.93,0.09994989979959916,True
2026-04-17,603189.SH,18.63,15.25,0.0997638724911452,True
2026-04-17,603900.SH,8.43,6.89,0.10052219321148825,True
2026-04-17,603579.SH,22.35,18.29,0.09990157480314966,True
2026-04-17,002093.SZ,10.77,8.81,0.10010214504596524,True
2026-04-17,000016.SZ,3.62,2.96,0.10030395136778117,True
2026-04-17,600187.SH,2.06,1.68,0.10160427807486634,True
2026-04-17,002123.SZ,10.99,8.99,0.10010010010010009,True
2026-04-17,603822.SH,89.62,81.08,0.05002929115407151,False
2026-04-17,603188.SH,5.48,4.48,0.1004016064257028,True
2026-04-20,000004.SZ,3.95,3.57,0.050531914893617066,False
2026-04-20,600193.SH,3.1,2.8,0.05084745762711869,False
2026-04-20,600421.SH,5.7,5.16,0.04972375690607735,False
2026-04-20,603828.SH,6.16,5.58,0.04940374787052811,False
2026-04-20,000691.SZ,8.48,7.68,0.04950495049504955,False
2026-04-20,002918.SZ,12.98,10.62,0.10000000000000005,True
2026-04-20,600053.SH,16.85,13.79,0.099869451697128,True
2026-04-20,002919.SZ,21.87,17.89,0.10010060362173039,True
2026-04-20,603205.SH,28.38,23.22,0.10000000000000002,True
2026-04-20,000526.SZ,34.99,28.63,0.09996856334486015,True
2026-04-20,603151.SH,18.7,15.3,0.09999999999999996,True
2026-04-20,600581.SH,3.18,2.88,0.04950495049504954,False
2026-04-20,002024.SZ,1.39,1.25,0.053030303030303,False
2026-04-20,600622.SH,2.87,2.35,0.09961685823754789,True
2026-04-20,603170.SH,14.52,11.88,0.09999999999999996,True
2026-04-20,603636.SH,10.26,8.4,0.09967845659163985,True
2026-04-20,000501.SZ,9.36,7.66,0.09988249118683898,True
2026-04-20,603258.SH,19.77,16.17,0.10016694490818025,True
2026-04-20,002238.SZ,8.05,6.59,0.09972677595628421,True
2026-04-20,600327.SH,4.29,3.51,0.10000000000000003,True
2026-04-20,605577.SH,13.87,11.35,0.09992069785884218,True
2026-04-20,600828.SH,5.81,4.75,0.10037878787878786,True
2026-04-20,601089.SH,24.63,20.15,0.10004466279589103,True
2026-04-20,603321.SH,8.07,6.61,0.0994550408719346,True
2026-04-20,603238.SH,17.46,14.28,0.10018903591682424,True
2026-04-20,000850.SZ,5.36,4.38,0.10061601642710477,True
2026-04-20,605218.SH,20.53,16.79,0.10021436227224013,True
2026-04-20,002942.SZ,21.22,17.36,0.10005184033177811,True
2026-04-20,002659.SZ,5.63,4.61,0.09960937499999996,True
2026-04-20,002191.SZ,4.03,3.29,0.10109289617486342,True
2026-04-20,600608.SH,2.42,2.19,0.049891540130151846,False
2026-04-20,600197.SH,13.15,10.76,0.09995817649519032,True
2026-04-20,601020.SH,34.64,28.34,0.10003175611305176,True
2026-04-20,605081.SH,7.95,7.19,0.05019815059445177,False
2026-04-20,001314.SZ,47.92,39.2,0.10009182736455462,True
2026-04-20,002187.SZ,6.86,5.62,0.09935897435897437,True
2026-04-20,000417.SZ,7.37,6.03,0.09999999999999999,True
2026-04-20,603797.SH,5.15,4.21,0.10042735042735047,True
2026-04-20,603189.SH,16.78,13.73,0.09996722386102919,True
2026-04-20,601366.SH,4.37,3.57,0.10075566750629728,True
2026-04-21,600193.SH,2.94,2.66,0.04999999999999997,False
2026-04-21,000153.SZ,7.19,5.89,0.09938837920489302,True
2026-04-21,002024.SZ,1.38,1.24,0.05343511450381675,False
2026-04-21,600196.SH,28.46,23.28,0.10011596443757247,True
2026-04-21,603229.SH,10.97,8.97,0.10030090270812436,True
2026-04-21,000869.SZ,21.01,17.19,0.1,True
2026-04-21,600197.SH,13.12,10.74,0.09974853310980716,True
2026-04-21,002399.SZ,12.22,10.0,0.09990999099909995,True
2026-04-21,000686.SZ,9.14,7.48,0.09987966305655836,True
2026-04-21,003020.SZ,26.32,21.54,0.09987463435018808,True
2026-04-21,002275.SZ,15.51,12.69,0.10000000000000002,True
2026-04-21,000501.SZ,9.31,7.61,0.10047281323877069,True
2026-04-21,000650.SZ,6.35,5.19,0.10051993067590982,True
2026-04-21,002907.SZ,15.58,12.74,0.1002824858757062,True
2026-04-21,601990.SH,8.14,6.66,0.10000000000000002,True
2026-04-21,605199.SH,7.2,6.52,0.04956268221574349,False
2026-04-21,002500.SZ,6.25,5.11,0.10035211267605632,True
2026-04-21,002287.SZ,25.5,20.86,0.10008628127696291,True
2026-04-21,000623.SZ,19.73,16.15,0.09977703455964332,True
2026-04-21,603205.SH,28.55,23.36,0.09998073588903875,True
2026-04-21,002942.SZ,21.22,17.36,0.10005184033177811,True
2026-04-21,600622.SH,2.84,2.32,0.10077519379844961,True
2026-04-21,603676.SH,11.32,9.26,0.10009718172983482,True
2026-04-21,603755.SH,31.63,25.88,0.09998261171970092,True
2026-04-21,600612.SH,45.4,37.14,0.10007269202810758,True
2026-04-21,002550.SZ,8.47,6.93,0.10000000000000006,True
2026-04-21,603102.SH,44.73,36.59,0.10009837678307912,True
2026-04-21,002737.SZ,13.54,11.08,0.09991876523151906,True
2026-04-21,600822.SH,10.97,8.97,0.10030090270812436,True
2026-04-21,600062.SH,20.0,16.36,0.10011001100110013,True
2026-04-21,601825.SH,10.05,8.23,0.09956236323851204,True
2026-04-21,600199.SH,8.92,7.3,0.09987669543773121,True
2026-04-21,603589.SH,27.06,22.14,0.09999999999999995,True
2026-04-21,603456.SH,18.66,15.26,0.10023584905660378,True
2026-04-21,002646.SZ,8.77,7.17,0.1003764115432873,True
2026-04-21,000756.SZ,16.01,13.1,0.09996564754379945,True
2026-04-21,600059.SH,9.76,7.98,0.10033821871476883,True
2026-04-21,600755.SH,6.89,5.63,0.10063897763578274,True
2026-04-21,002926.SZ,9.44,7.72,0.10023310023310021,True
2026-04-21,600789.SH,9.09,7.43,0.10048426150121066,True
2026-04-22,000869.SZ,20.94,17.14,0.09978991596638657,True
2026-04-22,002550.SZ,8.5,6.96,0.09961190168175937,True
2026-04-22,600193.SH,2.79,2.53,0.04887218045112786,False
2026-04-22,000153.SZ,7.13,5.83,0.10030864197530862,True
2026-04-22,603205.SH,28.63,23.43,0.09988474836726852,True
2026-04-22,600196.SH,28.19,23.07,0.09988294966835741,True
2026-04-22,600694.SH,18.6,15.22,0.09994086339444118,True
2026-04-22,605199.SH,7.14,6.46,0.04999999999999998,False
2026-04-22,002287.SZ,25.5,20.86,0.10008628127696291,True
2026-04-22,600630.SH,8.75,7.16,0.09993714644877434,True
2026-04-22,603170.SH,14.6,11.94,0.10022607385079127,True
2026-04-22,002275.SZ,15.5,12.68,0.1000709723207949,True
2026-04-22,600197.SH,13.08,10.7,0.10008410428931878,True
2026-04-22,002399.SZ,12.13,9.93,0.09972801450589305,True
2026-04-22,001318.SZ,14.98,12.26,0.0998531571218796,True
2026-04-22,000411.SZ,12.06,9.86,0.10036496350364968,True
2026-04-22,600062.SH,19.94,16.32,0.099834528405957,True
2026-04-22,002561.SZ,8.92,7.3,0.09987669543773121,True
2026-04-22,603229.SH,10.86,8.88,0.10030395136778107,True
2026-04-22,002737.SZ,13.45,11.01,0.0997547015535568,True
2026-04-22,600755.SH,6.89,5.63,0.10063897763578274,True
2026-04-22,002186.SZ,11.4,9.32,0.1003861003861004,True
2026-04-22,601607.SH,18.71,15.31,0.09994121105232216,True
2026-04-22,603408.SH,13.26,10.85,0.09995852343425965,True
2026-04-22,603609.SH,7.68,6.28,0.10028653295128935,True
2026-04-22,000501.SZ,9.23,7.55,0.10011918951132304,True
2026-04-22,600398.SH,7.19,5.89,0.09938837920489302,True
2026-04-22,600812.SH,5.93,4.85,0.10018552875695734,True
2026-04-22,000650.SZ,6.33,5.18,0.09991311902693313,True
2026-04-22,600822.SH,10.9,8.92,0.09989909182643796,True
2026-04-22,605339.SH,17.58,14.38,0.10012515644555686,True
2026-04-22,603676.SH,11.31,9.25,0.1001945525291829,True
2026-04-22,605033.SH,24.75,20.25,0.1,True
2026-04-22,002024.SZ,1.37,1.24,0.049808429118773985,False
2026-04-22,600535.SH,15.52,12.7,0.09992912827781716,True
2026-04-22,600073.SH,6.47,5.29,0.10034013605442174,True
2026-04-22,600004.SH,9.78,8.0,0.10011248593925755,True
2026-04-22,600622.SH,2.83,2.31,0.10116731517509726,True
2026-04-22,003020.SZ,25.95,21.23,0.10004239084357776,True
2026-04-22,600597.SH,8.2,6.71,0.09993293091884636,True
2026-04-23,600193.SH,2.66,2.4,0.05138339920948621,False
2026-04-23,600421.SH,5.53,5.01,0.04933586337760915,False
2026-04-23,600053.SH,15.88,13.0,0.09972299168975071,True
2026-04-23,600476.SH,12.0,9.82,0.09990834097158569,True
2026-04-23,001202.SZ,18.69,15.29,0.10005885815185409,True
2026-04-23,603238.SH,17.47,14.29,0.10012594458438287,True
2026-04-23,605081.SH,6.81,6.17,0.04930662557781199,False
2026-04-23,000004.SZ,3.38,3.06,0.049689440993788796,False
2026-04-23,603205.SH,28.34,23.18,0.1001552795031056,True
2026-04-23,002918.SZ,12.65,10.35,0.10000000000000003,True
2026-04-23,600785.SH,19.12,15.64,0.1001150747986191,True
2026-04-23,603755.SH,31.37,25.67,0.099929873772791,True
2026-04-23,001222.SZ,21.56,17.64,0.09999999999999995,True
2026-04-23,002605.SZ,22.91,18.75,0.09985597695631303,True
2026-04-23,600088.SH,15.73,12.87,0.10000000000000003,True
2026-04-23,603070.SH,16.54,13.54,0.0997340425531915,True
2026-04-23,600119.SH,6.64,5.44,0.0993377483443708,True
2026-04-23,002550.SZ,8.43,6.89,0.10052219321148825,True
2026-04-23,603900.SH,8.34,6.82,0.10026385224274403,True
2026-04-23,603439.SH,12.09,9.89,0.100090991810737,True
2026-04-23,002187.SZ,6.71,5.49,0.09999999999999999,True
2026-04-23,002942.SZ,21.59,17.67,0.09984717269485475,True
2026-04-23,002612.SZ,18.46,15.1,0.10011918951132304,True
2026-04-23,002737.SZ,13.38,10.94,0.1003289473684211,True
2026-04-23,600774.SH,9.45,7.73,0.10011641443538992,True
2026-04-23,603680.SH,14.36,11.75,0.0999617004978935,True
2026-04-23,003020.SZ,26.43,21.63,0.09987515605493134,True
2026-04-23,000721.SZ,8.59,7.03,0.09987195902688857,True
2026-04-23,603408.SH,13.06,10.68,0.10025273799494526,True
2026-04-23,002399.SZ,12.19,9.97,0.10018050541516241,True
2026-04-23,002319.SZ,12.28,10.04,0.1003584229390681,True
2026-04-23,000501.SZ,9.11,7.45,0.10024154589371977,True
2026-04-23,601089.SH,24.7,20.21,0.09997773324426629,True
2026-04-23,600622.SH,2.83,2.31,0.10116731517509726,True
2026-04-23,600327.SH,4.16,3.4,0.10052910052910055,True
2026-04-23,002264.SZ,9.03,7.39,0.09987819732034103,True
2026-04-23,603106.SH,9.86,8.06,0.1004464285714285,True
2026-04-23,603636.SH,10.04,8.22,0.0996714129244249,True
2026-04-23,000069.SZ,2.42,1.98,0.09999999999999998,True
2026-04-23,603506.SH,13.39,10.95,0.10024650780608058,True
2026-04-24,600421.SH,5.26,4.76,0.0499001996007984,False
2026-04-24,600193.SH,2.52,2.28,0.050000000000000044,False
2026-04-24,600053.SH,15.76,12.9,0.09979064898813676,True
2026-04-24,000004.SZ,3.21,2.91,0.049019607843137226,False
2026-04-24,605081.SH,6.48,5.86,0.05024311183144247,False
2026-04-24,002918.SZ,12.57,10.29,0.099737532808399,True
2026-04-24,600785.SH,18.94,15.5,0.099883855981417,True
2026-04-24,002264.SZ,8.98,7.34,0.1004901960784314,True
2026-04-24,601089.SH,24.3,19.88,0.10004526935264829,True
2026-04-24,601116.SH,15.24,12.47,0.09996391194514614,True
2026-04-24,002605.SZ,22.2,18.16,0.10009910802775022,True
2026-04-24,600865.SH,12.57,10.29,0.099737532808399,True
2026-04-24,603822.SH,89.97,81.41,0.04994748512078424,False
2026-04-24,600088.SH,15.58,12.74,0.1002824858757062,True
2026-04-24,001222.SZ,21.21,17.35,0.100103734439834,True
2026-04-24,002207.SZ,7.66,6.26,0.10057471264367819,True
2026-04-24,605288.SH,92.11,75.37,0.09995223310245996,True
2026-04-24,600838.SH,10.69,8.75,0.09979423868312756,True
2026-04-24,001360.SZ,23.14,18.94,0.09980988593155893,True
2026-04-24,600650.SH,14.07,11.51,0.10007818608287727,True
2026-04-24,603636.SH,9.89,8.09,0.10011123470522806,True
2026-04-24,603069.SH,18.32,14.99,0.0999699789852897,True
2026-04-24,603013.SH,21.0,17.18,0.1000523834468308,True
2026-04-24,002403.SZ,11.42,9.34,0.10019267822736032,True
2026-04-24,600828.SH,5.65,4.63,0.09922178988326852,True
2026-04-24,002731.SZ,5.9,5.34,0.04982206405693954,False
2026-04-24,600909.SH,6.18,5.06,0.09964412811387903,True
2026-04-24,600530.SH,5.65,4.63,0.09922178988326852,True
2026-04-24,600029.SH,6.18,5.06,0.09964412811387903,True
2026-04-24,603955.SH,28.36,23.2,0.10007757951900698,True
2026-04-24,603786.SH,59.19,48.43,0.09998141609366286,True
2026-04-24,603106.SH,9.66,7.9,0.10022779043280179,True
2026-04-24,002721.SZ,3.15,2.57,0.10139860139860142,True
2026-04-24,000712.SZ,11.37,9.31,0.0996131528046421,True
2026-04-24,001202.SZ,18.15,14.85,0.09999999999999996,True
2026-04-24,605179.SH,19.1,15.62,0.10023041474654384,True
2026-04-24,002277.SZ,6.45,5.27,0.10068259385665534,True
2026-04-24,002187.SZ,6.63,5.43,0.09950248756218907,True
2026-04-24,000735.SZ,7.49,6.13,0.0998531571218796,True
2026-04-24,001386.SZ,21.43,17.53,0.10010266940451741,True
2026-04-27,600421.SH,5.0,4.52,0.05042016806722694,False
2026-04-27,600193.SH,2.39,2.17,0.04824561403508776,False
2026-04-27,605081.SH,6.15,5.57,0.04948805460750853,False
2026-04-27,000004.SZ,3.06,2.76,0.051546391752577365,False
2026-04-27,603822.SH,87.5,79.16,0.05004200168006723,False
2026-04-27,000838.SZ,1.8,1.62,0.052631578947368404,False
2026-04-27,002918.SZ,12.5,10.22,0.10035211267605632,True
2026-04-27,600909.SH,6.15,5.03,0.10017889087656531,True
2026-04-27,000923.SZ,20.33,16.63,0.1001082251082251,True
2026-04-27,603955.SH,28.08,22.98,0.09988249118683896,True
2026-04-27,605577.SH,13.86,11.34,0.09999999999999999,True
2026-04-27,600199.SH,8.88,7.26,0.10037174721189597,True
2026-04-27,600058.SH,12.18,9.96,0.10027100271002705,True
2026-04-27,000712.SZ,11.23,9.19,0.09990205680705194,True
2026-04-27,600088.SH,15.51,12.69,0.10000000000000002,True
2026-04-27,001360.SZ,22.12,18.1,0.09995027349577323,True
2026-04-27,600621.SH,15.4,12.6,0.10000000000000002,True
2026-04-27,000860.SZ,13.95,11.41,0.10015772870662458,True
2026-04-27,001222.SZ,20.92,17.12,0.09989484752891693,True
2026-04-27,600612.SH,44.34,36.28,0.09997519225998514,True
2026-04-27,601111.SH,7.45,6.09,0.10044313146233386,True
2026-04-27,000850.SZ,5.15,4.21,0.10042735042735047,True
2026-04-27,002731.SZ,5.61,5.07,0.050561797752808994,False
2026-04-27,603013.SH,20.57,16.83,0.10000000000000006,True
2026-04-27,600779.SH,36.36,29.75,0.09998487369535622,True
2026-04-27,603589.SH,27.25,22.29,0.10012111425111023,True
2026-04-27,601990.SH,7.95,6.51,0.09958506224066392,True
2026-04-27,603708.SH,11.87,9.71,0.10009267840593135,True
2026-04-27,600785.SH,18.38,15.04,0.09994015559545182,True
2026-04-27,600029.SH,6.12,5.0,0.10071942446043165,True
2026-04-27,600771.SH,18.76,15.35,0.0999706830841396,True
2026-04-27,002007.SZ,16.07,13.15,0.0999315537303217,True
2026-04-27,002987.SZ,17.71,14.49,0.1,True
2026-04-27,603100.SH,20.65,16.89,0.10015982951518375,True
2026-04-27,603352.SH,41.07,33.61,0.09989287627209427,True
2026-04-27,000571.SZ,6.33,5.18,0.09991311902693313,True
2026-04-27,603070.SH,16.64,13.62,0.09980171844018511,True
2026-04-27,603166.SH,14.72,12.04,0.10014947683109124,True
2026-04-27,002287.SZ,24.93,20.39,0.10017652250661957,True
2026-04-27,002500.SZ,6.07,4.97,0.09963768115942034,True
2026-04-28,600421.SH,4.75,4.29,0.05088495575221239,False
2026-04-28,605081.SH,5.85,5.29,0.05026929982046675,False
2026-04-28,001225.SZ,54.52,44.6,0.1000807102502018,True
2026-04-28,001386.SZ,20.93,17.13,0.0998423541776143,True
2026-04-28,603822.SH,86.38,78.16,0.04995745715327579,False
2026-04-28,605288.SH,90.73,74.23,0.10002424830261882,True
2026-04-28,603040.SH,90.31,73.89,0.10000000000000002,True
2026-04-28,603013.SH,20.74,16.97,0.09997348183505701,True
2026-04-28,603008.SH,12.63,11.43,0.04987531172069829,False
2026-04-28,603598.SH,22.55,18.45,0.10000000000000003,True
2026-04-28,603382.SH,29.68,24.28,0.10007412898443288,True
2026-04-28,603636.SH,9.98,8.16,0.10033076074972438,True
2026-04-28,001376.SZ,17.08,13.98,0.09980682549903407,True
2026-04-28,002731.SZ,5.32,4.82,0.049309664694280074,False
2026-04-28,605398.SH,29.95,24.51,0.09988982739625409,True
2026-04-28,002918.SZ,12.41,10.15,0.10017730496453899,True
2026-04-28,000923.SZ,20.08,16.43,0.0999726102437688,True
2026-04-28,000571.SZ,6.16,5.04,0.10000000000000002,True
2026-04-28,000681.SZ,22.25,18.21,0.09985170538803755,True
2026-04-28,603216.SH,32.99,26.99,0.10003334444814943,True
2026-04-28,600058.SH,12.0,9.82,0.09990834097158569,True
2026-04-28,603712.SH,17.82,14.58,0.1,True
2026-04-28,601599.SH,4.14,3.38,0.10106382978723402,True
2026-04-28,001360.SZ,22.81,18.67,0.09980713596914167,True
2026-04-28,600556.SH,6.71,5.49,0.09999999999999999,True
2026-04-28,002264.SZ,8.92,7.3,0.09987669543773121,True
2026-04-28,603918.SH,14.89,12.19,0.09970457902511083,True
2026-04-28,603988.SH,28.83,23.59,0.09996184662342614,True
2026-04-28,002649.SZ,12.78,10.46,0.099827882960413,True
2026-04-28,002343.SZ,6.88,5.63,0.09992006394884093,True
2026-04-28,600785.SH,18.67,15.27,0.1001767825574544,True
2026-04-28,603100.SH,20.83,17.05,0.09978880675818369,True
2026-04-28,601106.SH,4.6,3.76,0.10047846889952151,True
2026-04-28,601595.SH,26.84,21.96,0.09999999999999999,True
2026-04-28,002291.SZ,6.92,5.66,0.10015898251192368,True
2026-04-28,603352.SH,40.8,33.38,0.10002696144513337,True
2026-04-28,603528.SH,8.98,7.34,0.1004901960784314,True
2026-04-28,603786.SH,59.84,48.96,0.10000000000000002,True
2026-04-28,603106.SH,9.8,8.02,0.09988776655443328,True
2026-04-28,603166.SH,14.76,12.08,0.0998509687034277,True
2026-04-29,600421.SH,4.5,4.08,0.048951048951048945,False
2026-04-29,605081.SH,5.55,5.03,0.04914933837429108,False
2026-04-29,002731.SZ,5.06,4.58,0.0497925311203319,False
2026-04-29,603712.SH,17.11,14.0,0.09996785599485694,True
2026-04-29,002918.SZ,12.54,10.26,0.09999999999999998,True
2026-04-29,603927.SH,17.78,14.54,0.10024752475247531,True
2026-04-29,603636.SH,9.65,7.89,0.10034207525655649,True
2026-04-29,603008.SH,12.0,10.86,0.0498687664041995,False
2026-04-29,001386.SZ,20.16,16.5,0.09983633387888709,True
2026-04-29,603382.SH,28.09,22.99,0.09984338292873926,True
2026-04-29,603889.SH,9.61,7.87,0.0995423340961098,True
2026-04-29,600765.SH,17.08,13.98,0.09980682549903407,True
2026-04-29,603166.SH,14.5,11.86,0.10015174506828531,True
2026-04-29,603014.SH,39.04,31.94,0.10002817695125384,True
2026-04-29,603207.SH,28.9,23.64,0.10011419870574796,True
2026-04-29,603406.SH,36.97,30.25,0.0999702469503124,True
2026-04-29,600523.SH,14.87,12.17,0.09985207100591714,True
2026-04-29,000561.SZ,10.15,8.31,0.09967497291440952,True
2026-04-29,600571.SH,14.03,11.48,0.09996079968639746,True
2026-04-29,603040.SH,85.76,70.16,0.10005130836326326,True
2026-04-29,603535.SH,8.87,7.25,0.10049627791563272,True
2026-04-29,603187.SH,15.82,12.94,0.1001390820584145,True
2026-04-29,603809.SH,11.63,9.51,0.10028382213812682,True
2026-04-29,605128.SH,36.55,29.91,0.09990972013241044,True
2026-04-29,603352.SH,39.39,32.23,0.09997207483943037,True
2026-04-29,600977.SH,14.8,12.11,0.09996283909327393,True
2026-04-29,601106.SH,4.52,3.7,0.09975669099756684,True
2026-04-29,002808.SZ,3.3,2.98,0.050955414012738835,False
2026-04-29,002007.SZ,15.92,13.02,0.10020732550103664,True
2026-04-29,000571.SZ,6.18,5.06,0.09964412811387903,True
2026-04-29,603106.SH,9.43,7.71,0.10035005834305716,True
2026-04-29,000892.SZ,5.61,4.59,0.10000000000000005,True
2026-04-29,600728.SH,6.02,4.92,0.1005484460694698,True
2026-04-29,600990.SH,25.09,20.53,0.09995615957913193,True
2026-04-29,600215.SH,7.14,5.84,0.10015408320493065,True
2026-04-29,000738.SZ,22.08,18.06,0.10014947683109117,True
2026-04-29,002184.SZ,12.22,10.0,0.09990999099909995,True
2026-04-29,002279.SZ,8.62,7.06,0.09948979591836732,True
2026-04-29,002017.SZ,20.6,16.86,0.09983982915109456,True
2026-04-29,002777.SZ,17.23,14.09,0.10025542784163476,True
2026-04-30,002731.SZ,4.81,4.35,0.050218340611353704,False
2026-04-30,002918.SZ,12.29,10.05,0.10026857654431506,True
2026-04-30,603822.SH,85.08,76.98,0.04998148833765269,False
2026-04-30,001328.SZ,36.1,29.54,0.09993906154783672,True
2026-04-30,603070.SH,16.64,13.62,0.09980171844018511,True
2026-04-30,600199.SH,8.77,7.17,0.1003764115432873,True
2026-04-30,600611.SH,5.16,4.22,0.10021321961620475,True
2026-04-30,603589.SH,26.73,21.87,0.09999999999999999,True
2026-04-30,601595.SH,26.72,21.86,0.10004116920543432,True
2026-04-30,002287.SZ,25.08,20.52,0.09999999999999998,True
2026-04-30,002822.SZ,3.41,3.09,0.04923076923076927,False
2026-04-30,002088.SZ,11.18,9.14,0.10039370078740154,True
2026-04-30,603927.SH,18.04,14.76,0.09999999999999999,True
2026-04-30,603187.SH,15.96,13.06,0.09993108201240523,True
2026-04-30,601628.SH,40.3,32.98,0.09989082969432314,True
2026-04-30,603207.SH,28.86,23.62,0.09984756097560972,True
2026-04-30,600612.SH,43.73,35.78,0.09998742296566465,True
2026-04-30,603235.SH,28.99,23.72,0.09998102826788086,True
2026-04-30,600764.SH,26.4,21.6,0.09999999999999994,True
2026-04-30,002007.SZ,15.99,13.09,0.09972489683631364,True
2026-04-30,600861.SH,17.66,14.45,0.09996885705387733,True
2026-04-30,603406.SH,37.28,30.5,0.10002950722927119,True
2026-04-30,603889.SH,9.66,7.9,0.10022779043280179,True
2026-04-30,002889.SZ,14.54,11.9,0.09984871406959149,True
2026-04-30,600372.SH,14.29,11.69,0.10007698229407236,True
2026-04-30,002343.SZ,6.94,5.68,0.09984152139461178,True
2026-04-30,002152.SZ,12.86,10.52,0.10008554319931565,True
2026-04-30,003005.SZ,19.76,16.16,0.10022271714922053,True
2026-04-30,603658.SH,37.25,30.47,0.10011813349084467,True
2026-04-30,600728.SH,6.11,5.0,0.09990999099909995,True
2026-04-30,605398.SH,29.51,24.15,0.09988818486768548,True
2026-04-30,001390.SZ,23.5,19.22,0.10018726591760302,True
2026-04-30,002689.SZ,3.83,3.47,0.04931506849315066,False
2026-04-30,603866.SH,5.56,4.55,0.09990108803165182,True
2026-04-30,603858.SH,18.16,14.86,0.0999394306480921,True
2026-04-30,600529.SH,20.69,16.93,0.09994683678894208,True
2026-04-30,600990.SH,25.1,20.54,0.09991235758106928,True
2026-04-30,603759.SH,10.25,8.39,0.09978540772532185,True
2026-04-30,600523.SH,15.03,12.29,0.10029282576866765,True
2026-04-30,600702.SH,49.24,40.28,0.1000893655049151,True
2026-05-15,605599.SH,18.92,15.48,0.10000000000000002,True
2026-05-15,600569.SH,2.2,1.8,0.10000000000000003,True
2026-05-15,002942.SZ,21.2,17.34,0.1001556824078879,True
2026-05-15,605108.SH,16.21,13.27,0.0997286295793759,True
2026-05-15,601121.SH,8.09,6.62,0.09993201903467026,True
2026-05-15,603676.SH,11.17,9.14,0.09995076317085176,True
2026-05-15,000713.SZ,6.9,5.64,0.1004784688995216,True
2026-05-15,600814.SH,8.2,6.71,0.09993293091884636,True
2026-05-15,600191.SH,12.76,10.44,0.10000000000000002,True
2026-05-15,002187.SZ,6.53,5.35,0.09932659932659939,True
2026-05-15,603043.SH,16.09,13.17,0.09979494190020506,True
2026-05-15,002561.SZ,8.51,6.97,0.09948320413436693,True
2026-05-15,600628.SH,7.51,6.15,0.0995607613469985,True
2026-05-15,601065.SH,8.91,7.29,0.1,True
2026-05-15,002294.SZ,39.9,32.64,0.10008271298593878,True
2026-05-15,001318.SZ,14.3,11.7,0.10000000000000006,True
2026-05-15,603207.SH,28.44,23.27,0.09998066138077745,True
2026-05-18,002773.SZ,24.39,19.95,0.10013531799729367,True
2026-05-18,603676.SH,11.07,9.05,0.10039761431411529,True
2026-05-18,002287.SZ,24.56,20.1,0.09986565158978947,True
2026-05-18,605599.SH,18.46,15.1,0.10011918951132304,True
2026-05-18,000713.SZ,6.81,5.57,0.10016155088852984,True
2026-05-18,600073.SH,6.16,5.04,0.10000000000000002,True
2026-05-18,605108.SH,15.85,12.97,0.09993060374739761,True
2026-05-18,601065.SH,8.83,7.23,0.09962640099626398,True
2026-05-18,603235.SH,28.16,23.04,0.10000000000000002,True
2026-05-18,000590.SZ,11.51,9.41,0.10038240917782024,True
2026-05-21,605599.SH,18.27,14.95,0.09993979530403373,True
2026-05-21,600470.SH,6.57,5.37,0.10050251256281408,True
2026-05-21,603585.SH,19.35,15.83,0.10005685048322914,True
2026-05-21,000048.SZ,15.68,12.83,0.09996492458786391,True
2026-05-21,605086.SH,34.42,28.16,0.1000319590923618,True
2026-05-21,600569.SH,2.1,1.72,0.09947643979057594,True
2026-05-21,600792.SH,4.51,3.69,0.09999999999999999,True
2026-05-21,002828.SZ,12.28,10.04,0.1003584229390681,True
2026-05-21,603980.SH,6.71,5.49,0.09999999999999999,True
2026-05-21,000655.SZ,8.35,6.83,0.10013175230566532,True
2026-05-21,601121.SH,7.8,6.38,0.1001410437235543,True
2026-05-21,002554.SZ,3.74,3.06,0.10000000000000002,True
2026-05-21,601015.SH,4.03,3.29,0.10109289617486342,True
2026-05-21,600108.SH,4.21,3.45,0.09921671018276759,True
2026-05-21,003042.SZ,18.04,14.76,0.09999999999999999,True
2026-05-21,600983.SH,9.8,8.02,0.09988776655443328,True
2026-05-21,000892.SZ,4.66,3.82,0.09905660377358494,True
2026-05-21,603968.SH,13.09,10.71,0.09999999999999995,True
2026-05-21,600113.SH,44.59,36.49,0.09990133201776023,True
2026-05-21,600403.SH,5.86,4.8,0.09943714821763606,True
2026-05-21,600988.SH,39.25,32.11,0.1000560538116592,True
2026-05-21,600408.SH,3.4,2.78,0.10032362459546927,True
2026-05-21,600684.SH,4.4,3.6,0.10000000000000003,True
2026-05-21,002427.SZ,5.56,4.55,0.09990108803165182,True
2026-05-21,600571.SH,14.06,11.5,0.10015649452269172,True
2026-05-21,000635.SZ,8.46,6.92,0.10013003901170357,True
2026-05-21,001217.SZ,12.21,9.99,0.10000000000000002,True
2026-05-21,000663.SZ,7.26,5.94,0.09999999999999996,True
2026-05-21,600871.SH,2.84,2.32,0.10077519379844961,True
2026-05-21,600746.SH,7.95,6.51,0.09958506224066392,True
2026-05-21,002278.SZ,10.96,8.96,0.1004016064257028,True
2026-05-21,000545.SZ,2.98,2.44,0.09963099630996311,True
2026-05-21,600844.SH,3.65,2.99,0.09939759036144573,True
2026-05-21,000761.SZ,2.89,2.37,0.09885931558935362,True
2026-05-21,001325.SZ,50.27,41.13,0.1,True
2026-05-21,002377.SZ,3.61,2.95,0.10060975609756093,True
2026-05-21,002574.SZ,5.97,4.89,0.0994475138121547,True
2026-05-21,600793.SH,17.07,13.97,0.09987113402061855,True
2026-05-21,001367.SZ,25.55,20.91,0.0998708566508825,True
2026-05-21,000822.SZ,5.81,4.75,0.10037878787878786,True
2026-05-22,000959.SZ,4.05,3.31,0.10054347826086954,True
2026-05-22,600138.SH,9.04,7.4,0.09975669099756684,True
2026-05-22,600983.SH,9.74,7.97,0.09994353472614344,True
2026-05-22,000524.SZ,10.09,8.25,0.10032715376226826,True
2026-05-22,000909.SZ,5.24,4.74,0.0501002004008016,False
2026-05-22,002773.SZ,23.62,19.32,0.10013972985561251,True
2026-05-22,600325.SH,3.2,2.62,0.09965635738831616,True
2026-05-22,600721.SH,8.45,6.91,0.10026041666666662,True
2026-05-22,002538.SZ,6.79,6.15,0.04945904173106643,False
2026-05-22,600581.SH,2.77,2.51,0.04924242424242429,False
2026-05-22,600645.SH,23.25,19.03,0.09981078524124878,True
2026-05-25,002538.SZ,6.81,6.17,0.04930662557781199,False
2026-05-25,002828.SZ,11.61,9.5,0.09995262908574133,True
2026-05-25,000959.SZ,4.03,3.29,0.10109289617486342,True
2026-05-25,600721.SH,8.57,7.01,0.10012836970474971,True
2026-05-25,600138.SH,8.86,7.25,0.09993792675356918,True
2026-05-25,600249.SH,6.06,4.96,0.09981851179673318,True
2026-05-25,600983.SH,9.74,7.97,0.09994353472614344,True
2026-05-26,600721.SH,8.45,6.91,0.10026041666666662,True
2026-05-26,002828.SZ,10.87,8.89,0.10020242914979752,True
2026-05-26,001277.SZ,38.74,31.7,0.09994321408290747,True
2026-05-26,600249.SH,5.97,4.89,0.0994475138121547,True
2026-05-26,600097.SH,10.59,8.67,0.09968847352024923,True
2026-05-26,002908.SZ,8.75,7.16,0.09993714644877434,True
2026-05-26,603168.SH,6.69,5.47,0.1003289473684211,True
2026-05-26,002538.SZ,6.69,6.05,0.05023547880690742,False
2026-05-26,002639.SZ,17.0,13.91,0.09996764801035263,True
2026-05-26,603182.SH,15.37,12.57,0.1002147458840372,True
2026-05-26,000985.SZ,19.65,16.07,0.10022396416573344,True
2026-05-26,601999.SH,6.9,5.64,0.1004784688995216,True
2026-05-26,600722.SH,12.29,10.05,0.10026857654431506,True
2026-05-26,601949.SH,5.76,4.72,0.09923664122137404,True
2026-05-26,000892.SZ,4.58,3.74,0.10096153846153844,True
2026-05-26,000663.SZ,7.03,5.75,0.10015649452269172,True
2026-05-26,600513.SH,20.34,16.64,0.1000540832882639,True
2026-05-26,001325.SZ,49.16,40.22,0.10002237637055268,True
2026-05-26,600371.SH,8.59,7.03,0.09987195902688857,True
2026-05-26,603818.SH,3.84,3.14,0.10028653295128935,True
2026-05-26,000048.SZ,14.76,12.08,0.0998509687034277,True
2026-05-26,600774.SH,8.71,7.13,0.0997474747474748,True
2026-05-26,600684.SH,4.19,3.43,0.09973753280839896,True
2026-05-26,002995.SZ,21.6,17.68,0.09979633401222,True
2026-05-26,000890.SZ,12.36,10.12,0.09964412811387903,True
2026-05-26,002554.SZ,3.5,2.86,0.1006289308176101,True
2026-05-26,605388.SH,7.13,5.83,0.10030864197530862,True
2026-05-26,002968.SZ,11.61,9.5,0.09995262908574133,True
2026-05-26,000753.SZ,6.35,5.19,0.10051993067590982,True
2026-05-26,000798.SZ,9.48,7.76,0.0997679814385151,True
2026-05-26,600844.SH,3.45,2.83,0.09872611464968155,True
2026-05-26,600815.SH,4.11,3.37,0.09893048128342248,True
2026-05-26,600671.SH,20.41,16.7,0.09997305308542175,True
2026-05-26,000852.SZ,6.9,5.64,0.1004784688995216,True
2026-05-26,603787.SH,11.96,9.78,0.10027598896044164,True
2026-05-26,600746.SH,7.59,6.21,0.09999999999999999,True
2026-05-26,603102.SH,42.85,35.06,0.09998716467719163,True
2026-05-26,002427.SZ,5.31,4.35,0.09937888198757763,True
2026-05-26,603429.SH,9.77,8.84,0.049973132724341736,False
2026-05-26,603382.SH,25.94,21.22,0.10008481764206961,True
2026-05-27,002538.SZ,6.75,6.11,0.049766718506998424,False
2026-05-27,002828.SZ,10.77,8.81,0.10010214504596524,True
2026-05-27,001325.SZ,48.29,39.51,0.10000000000000002,True
2026-05-27,001277.SZ,37.19,30.43,0.09997042295178937,True
2026-05-27,603818.SH,3.69,3.02,0.0998509687034277,True
2026-05-27,605398.SH,26.81,21.93,0.10012310217480508,True
2026-05-27,002908.SZ,8.54,6.98,0.1005154639175257,True
2026-05-27,002554.SZ,3.47,2.84,0.09984152139461178,True
2026-05-27,000637.SZ,4.91,4.01,0.10089686098654713,True
2026-05-27,600581.SH,2.74,2.48,0.049808429118773985,False
2026-05-27,603382.SH,25.3,20.7,0.10000000000000003,True
2026-05-27,603109.SH,22.33,18.27,0.09999999999999998,True
2026-05-27,603168.SH,6.51,5.33,0.09966216216216214,True
2026-05-27,600097.SH,10.3,8.42,0.10042735042735047,True
2026-05-27,600721.SH,8.2,6.71,0.09993293091884636,True
2026-05-27,000985.SZ,19.23,15.73,0.10011441647597254,True
2026-05-27,000959.SZ,4.14,3.38,0.10106382978723402,True
2026-05-27,002686.SZ,7.48,6.12,0.10000000000000002,True
2026-05-27,000048.SZ,14.61,11.95,0.10015060240963856,True
2026-05-27,603429.SH,9.53,8.63,0.04955947136563869,False
2026-05-27,600860.SH,10.79,8.83,0.09989806320081546,True
2026-05-27,600983.SH,9.77,7.99,0.1002252252252252,True
2026-05-27,001220.SZ,37.09,30.35,0.09994068801897987,True
2026-05-27,603106.SH,9.08,7.43,0.0999394306480921,True
2026-05-27,002549.SZ,18.81,15.39,0.09999999999999994,True
2026-05-27,000545.SZ,2.88,2.36,0.09923664122137404,True
2026-05-27,603918.SH,13.21,10.81,0.09991673605328892,True
2026-05-27,603585.SH,18.45,15.09,0.10017889087656529,True
2026-05-27,603202.SH,73.62,60.24,0.09995517705064993,True
2026-05-27,000779.SZ,8.27,6.77,0.0997340425531915,True
2026-05-27,603352.SH,34.78,28.46,0.09993674889310564,True
2026-05-27,002162.SZ,4.38,3.58,0.10050251256281405,True
2026-05-27,002968.SZ,11.35,9.29,0.09980620155038762,True
2026-05-27,605003.SH,28.03,22.93,0.10007849293563582,True
2026-05-27,002657.SZ,21.22,17.36,0.10005184033177811,True
2026-05-27,600470.SH,6.29,5.15,0.0996503496503496,True
2026-05-27,600137.SH,23.02,18.84,0.09985666507405637,True
2026-05-27,600249.SH,5.87,4.81,0.09925093632958806,True
2026-05-27,603182.SH,15.06,12.32,0.10007304601899196,True
2026-05-27,600561.SH,7.13,5.83,0.10030864197530862,True
2026-05-28,002538.SZ,6.42,5.8,0.0507364975450082,False
2026-05-28,000959.SZ,4.02,3.29,0.09986320109439119,True
2026-05-28,600721.SH,8.05,6.59,0.09972677595628421,True
2026-05-28,603182.SH,14.76,12.08,0.0998509687034277,True
2026-05-28,600249.SH,5.87,4.81,0.09925093632958806,True
2026-05-28,600581.SH,2.63,2.38,0.0499001996007984,False
2026-05-28,603966.SH,10.26,8.4,0.09967845659163985,True
2026-05-28,601020.SH,28.26,23.12,0.10003892565200467,True
2026-05-28,002686.SZ,7.26,5.94,0.09999999999999996,True
2026-05-28,600983.SH,9.57,7.83,0.10000000000000002,True
2026-05-28,603121.SH,18.74,15.34,0.09976525821596241,True
2026-05-28,000048.SZ,14.14,11.57,0.09996110462854921,True
2026-05-28,605116.SH,22.15,18.13,0.09980139026812312,True
2026-05-28,600645.SH,22.2,18.16,0.10009910802775022,True
2026-05-28,603778.SH,20.82,17.04,0.09984152139461176,True
2026-05-28,603429.SH,9.28,8.4,0.04977375565610854,False
2026-05-28,600988.SH,39.31,32.17,0.09988808058198098,True
2026-05-28,001285.SZ,52.93,43.31,0.09995843724023272,True
2026-05-28,002029.SZ,9.56,7.82,0.1001150747986191,True
2026-05-28,600603.SH,5.68,4.64,0.10077519379844961,True
2026-05-28,600438.SH,16.86,13.8,0.09980430528375729,True
2026-05-28,001277.SZ,36.03,29.48,0.09998473515493818,True
2026-05-28,600513.SH,19.36,15.84,0.09999999999999998,True
2026-05-28,603102.SH,40.69,33.29,0.10002703433360367,True
2026-05-28,603716.SH,19.35,15.83,0.10005685048322914,True
2026-05-28,603151.SH,15.14,12.38,0.10029069767441859,True
2026-05-28,603079.SH,15.51,12.69,0.10000000000000002,True
2026-05-28,001201.SZ,13.11,10.73,0.09983221476510062,True
2026-05-28,001323.SZ,22.47,18.39,0.09985315712187955,True
2026-05-28,002357.SZ,12.07,9.87,0.10027347310847773,True
2026-05-28,000798.SZ,9.21,7.53,0.10035842293906812,True
2026-05-28,000909.SZ,4.76,4.3,0.05077262693156733,False
2026-05-28,601949.SH,5.64,4.62,0.09941520467836254,True
2026-05-28,603585.SH,17.99,14.72,0.09996942830938543,True
2026-05-28,603122.SH,13.88,11.36,0.09984152139461178,True
2026-05-28,603365.SH,20.26,16.58,0.09989142236699249,True
2026-05-28,002294.SZ,36.87,30.17,0.09994033412887823,True
2026-05-28,603818.SH,3.51,2.87,0.1003134796238244,True
2026-05-28,002732.SZ,16.23,13.28,0.09996611318197225,True
2026-05-28,603202.SH,71.79,58.73,0.10006129328838499,True
2026-05-29,603121.SH,18.24,14.92,0.10012062726176112,True
2026-05-29,002933.SZ,31.55,25.81,0.10006973500697354,True
2026-05-29,002357.SZ,11.61,9.5,0.09995262908574133,True
2026-05-29,002686.SZ,7.39,6.05,0.09970238095238095,True
2026-05-29,605398.SH,25.8,21.11,0.09997868258367089,True
2026-05-29,603282.SH,18.11,14.81,0.10024301336573507,True
2026-05-29,002538.SZ,6.43,5.81,0.050653594771241844,False
2026-05-29,001277.SZ,35.88,29.36,0.09993868792152058,True
2026-05-29,000821.SZ,9.43,8.53,0.050111358574610264,False
2026-05-29,002912.SZ,25.1,20.54,0.09991235758106928,True
2026-05-29,603887.SH,14.06,11.5,0.10015649452269172,True
2026-05-29,600137.SH,22.79,18.65,0.09990347490347493,True
2026-05-29,000637.SZ,4.79,3.92,0.09988518943742825,True
2026-05-29,000561.SZ,9.31,7.61,0.10047281323877069,True
2026-05-29,603396.SH,36.61,29.95,0.10006009615384616,True
2026-05-29,600289.SH,6.39,5.79,0.04926108374384234,False
2026-05-29,605069.SH,14.5,11.86,0.10015174506828531,True
2026-05-29,603949.SH,18.0,14.72,0.1002444987775061,True
2026-05-29,603583.SH,28.82,23.58,0.10000000000000005,True
2026-05-29,002383.SZ,8.95,7.33,0.09950859950859946,True
2026-05-29,600756.SH,16.09,13.17,0.09979494190020506,True
2026-05-29,002760.SZ,22.33,18.27,0.09999999999999998,True
2026-05-29,001325.SZ,46.43,37.99,0.09997630893153278,True
2026-05-29,600860.SH,10.58,8.66,0.09979209979209978,True
2026-05-29,603818.SH,3.53,2.89,0.09968847352024918,True
2026-05-29,001388.SZ,38.81,31.75,0.10005668934240365,True
2026-05-29,603192.SH,22.42,18.34,0.10009813542688914,True
2026-05-29,002420.SZ,6.81,5.57,0.10016155088852984,True
2026-05-29,002908.SZ,8.34,6.82,0.10026385224274403,True
2026-05-29,003029.SZ,21.41,17.51,0.10020554984583757,True
2026-05-29,002658.SZ,9.01,7.37,0.10012210012210011,True
2026-05-29,002592.SZ,7.35,6.65,0.04999999999999995,False
2026-05-29,002455.SZ,9.79,8.01,0.09999999999999998,True
2026-05-29,002828.SZ,10.65,8.71,0.1002066115702479,True
2026-05-29,603331.SH,14.39,11.77,0.1001529051987768,True
2026-05-29,002197.SZ,7.55,6.17,0.10058309037900874,True
2026-05-29,003040.SZ,14.63,11.97,0.1,True
2026-05-29,600560.SH,14.72,12.04,0.10014947683109124,True
2026-05-29,600561.SH,6.85,5.61,0.0995184590690208,True
2026-05-29,600797.SH,8.12,6.64,0.10027100271002708,True
2026-06-01,603121.SH,17.96,14.7,0.09981628903857936,True
2026-06-01,002413.SZ,11.52,9.42,0.10028653295128939,True
2026-06-01,603583.SH,27.75,22.71,0.09988109393579071,True
2026-06-01,002214.SZ,15.61,14.13,0.04976462676529921,False
2026-06-01,603331.SH,13.79,11.29,0.09968102073365231,True
2026-06-01,605255.SH,102.92,84.2,0.10004275331338178,True
2026-06-01,002455.SZ,9.49,7.77,0.09965237543453076,True
2026-06-01,000821.SZ,9.19,8.31,0.05028571428571423,False
2026-06-01,605189.SH,16.21,13.27,0.0997286295793759,True
2026-06-01,002383.SZ,8.55,6.99,0.10038610038610041,True
2026-06-01,603352.SH,33.13,27.11,0.09993359893758305,True
2026-06-01,002324.SZ,13.53,11.07,0.09999999999999995,True
2026-06-01,001325.SZ,45.49,37.22,0.09998790956353527,True
2026-06-01,000561.SZ,8.91,7.29,0.1,True
2026-06-01,002935.SZ,20.93,17.13,0.0998423541776143,True
2026-06-01,003009.SZ,55.55,45.45,0.09999999999999995,True
2026-06-01,603376.SH,31.79,26.01,0.09999999999999996,True
2026-06-01,001306.SZ,68.37,55.94,0.09999195559488382,True
2026-06-01,002270.SZ,24.5,20.04,0.10013471037269872,True
2026-06-01,002268.SZ,15.57,12.74,0.09996467679265277,True
2026-06-01,001388.SZ,36.91,30.2,0.09998509909104451,True
2026-06-01,000576.SZ,8.24,6.74,0.10013351134846461,True
2026-06-01,001233.SZ,58.17,47.59,0.1000378214826021,True
2026-06-01,001208.SZ,17.47,14.29,0.10012594458438287,True
2026-06-01,002692.SZ,5.02,4.1,0.10087719298245613,True
2026-06-01,002553.SZ,19.99,16.35,0.10016510731975775,True
2026-06-01,001221.SZ,56.76,46.44,0.10000000000000002,True
2026-06-01,002869.SZ,19.88,16.26,0.10016602102933031,True
2026-06-01,603185.SH,20.33,16.63,0.1001082251082251,True
2026-06-01,603421.SH,7.95,6.51,0.09958506224066392,True
2026-06-01,000547.SZ,22.33,18.27,0.09999999999999998,True
2026-06-01,600960.SH,4.95,4.05,0.10000000000000003,True
2026-06-01,600438.SH,16.25,13.29,0.10020311442112394,True
2026-06-01,603275.SH,46.2,37.8,0.10000000000000006,True
2026-06-01,002248.SZ,11.2,9.16,0.10019646365422392,True
2026-06-01,002173.SZ,21.05,17.23,0.09979101358411703,True
2026-06-01,603516.SH,123.21,100.81,0.0999910722256941,True
2026-06-01,002985.SZ,33.23,27.19,0.09996689837802045,True
2026-06-01,002779.SZ,77.42,63.34,0.10002841716396703,True
2026-06-01,600410.SH,20.86,17.06,0.10021097046413503,True
2026-06-02,603121.SH,19.76,16.16,0.10022271714922053,True
2026-06-02,002357.SZ,11.58,9.48,0.09971509971509969,True
2026-06-02,600438.SH,15.98,13.08,0.09979353062629044,True
2026-06-02,002538.SZ,6.64,6.0,0.050632911392405035,False
2026-06-02,002686.SZ,7.15,5.85,0.10000000000000006,True
2026-06-02,603381.SH,21.95,17.96,0.09997494362315207,True
2026-06-02,002455.SZ,9.65,7.89,0.10034207525655649,True
2026-06-02,001388.SZ,37.72,30.86,0.100029163021289,True
2026-06-02,605178.SH,70.25,57.47,0.10006263701847792,True
2026-06-02,605068.SH,25.47,20.84,0.09997840639170803,True
2026-06-02,600721.SH,8.21,6.71,0.10053619302949067,True
2026-06-02,600249.SH,6.0,4.91,0.09990834097158569,True
2026-06-02,603282.SH,18.34,15.0,0.10017996400719854,True
2026-06-02,603583.SH,28.0,22.91,0.0999803574936162,True
2026-06-02,001306.SZ,69.21,56.63,0.09996821360457717,True
2026-06-02,603499.SH,20.28,16.6,0.09978308026030368,True
2026-06-02,603331.SH,13.87,11.35,0.09992069785884218,True
2026-06-02,002930.SZ,12.45,10.19,0.0998233215547703,True
2026-06-02,605189.SH,16.12,13.19,0.09996588195155241,True
2026-06-02,002413.SZ,11.54,9.44,0.10009532888465204,True
2026-06-02,002383.SZ,8.65,7.07,0.1005089058524173,True
2026-06-02,603004.SH,21.27,17.41,0.0997931747673216,True
2026-06-02,000576.SZ,8.42,6.89,0.09993468321358592,True
2026-06-02,601026.SH,19.45,15.91,0.10011312217194568,True
2026-06-02,603421.SH,8.01,6.55,0.10027472527472528,True
2026-06-02,002268.SZ,15.77,12.91,0.09972105997210598,True
2026-06-02,603376.SH,32.05,26.23,0.09986273164035683,True
2026-06-02,002395.SZ,16.16,13.22,0.10006807351940093,True
2026-06-02,603396.SH,35.0,28.64,0.09993714644877434,True
2026-06-02,603217.SH,29.38,24.04,0.09996256083863721,True
2026-06-02,001325.SZ,45.88,37.54,0.09997602493406861,True
2026-06-02,002692.SZ,5.16,4.22,0.10021321961620475,True
2026-06-02,600410.SH,20.91,17.11,0.09994739610731197,True
2026-06-02,603058.SH,10.92,8.94,0.09969788519637465,True
2026-06-02,003017.SZ,31.01,25.37,0.10003547357218873,True
2026-06-02,002355.SZ,6.14,5.02,0.1003584229390681,True
2026-06-02,601956.SH,5.93,4.85,0.10018552875695734,True
2026-06-02,603352.SH,33.34,27.28,0.09996700758825473,True
2026-06-02,600810.SH,6.64,5.44,0.0993377483443708,True
2026-06-02,603185.SH,19.89,16.27,0.10011061946902658,True
2026-06-03,603121.SH,18.59,15.21,0.09999999999999998,True
2026-06-03,002538.SZ,6.53,5.91,0.04983922829581994,False
2026-06-03,002357.SZ,11.31,9.25,0.1001945525291829,True
2026-06-03,600249.SH,5.89,4.82,0.09990662931839396,True
2026-06-03,600721.SH,8.04,6.58,0.09986320109439119,True
2026-06-03,600438.SH,15.52,12.7,0.09992912827781716,True
2026-06-03,002686.SZ,6.95,5.69,0.09968354430379744,True
2026-06-03,605577.SH,11.65,9.53,0.10009442870632677,True
2026-06-03,000959.SZ,3.95,3.23,0.10027855153203345,True
2026-06-03,603843.SH,8.27,7.49,0.04949238578680199,False
2026-06-03,000821.SZ,9.51,8.61,0.049668874172185455,False
2026-06-03,603182.SH,14.56,11.92,0.09969788519637464,True
2026-06-03,001388.SZ,36.7,30.02,0.10011990407673867,True
2026-06-03,603282.SH,17.77,14.54,0.09996904982977407,True
2026-06-03,002542.SZ,1.75,1.59,0.04790419161676644,False
2026-06-03,001306.SZ,68.09,55.71,0.1,True
2026-06-03,603313.SH,6.19,5.07,0.0994671403197158,True
2026-06-03,000526.SZ,31.78,26.0,0.10003461405330566,True
2026-06-03,603396.SH,33.75,27.61,0.10006518904823991,True
2026-06-03,603376.SH,31.24,25.56,0.1,True
2026-06-03,002455.SZ,9.43,7.71,0.10035005834305716,True
2026-06-03,605189.SH,15.85,12.97,0.09993060374739761,True
2026-06-03,002692.SZ,5.09,4.17,0.09935205183585312,True
2026-06-03,603381.SH,21.03,17.21,0.09989539748953975,True
2026-06-03,603499.SH,19.73,16.15,0.09977703455964332,True
2026-06-03,002294.SZ,36.29,29.69,0.10003031221582294,True
2026-06-03,002581.SZ,4.75,4.29,0.05088495575221239,False
2026-06-03,002268.SZ,15.52,12.7,0.09992912827781716,True
2026-06-03,000576.SZ,8.28,6.78,0.09960159362549796,True
2026-06-03,603058.SH,10.64,8.7,0.10031023784901764,True
2026-06-03,603331.SH,13.74,11.24,0.100080064051241,True
2026-06-03,001279.SZ,31.91,26.11,0.09996552912788695,True
2026-06-03,601026.SH,19.13,15.65,0.10005750431282343,True
2026-06-03,603217.SH,28.08,22.98,0.09988249118683896,True
2026-06-03,603583.SH,27.59,22.57,0.10007974481658692,True
2026-06-03,002270.SZ,23.32,19.08,0.10000000000000005,True
2026-06-03,003005.SZ,17.16,14.04,0.10000000000000003,True
2026-06-03,601567.SH,17.78,14.54,0.10024752475247531,True
2026-06-03,001255.SZ,34.07,27.87,0.10009686793671294,True
2026-06-03,603801.SH,8.18,6.7,0.09946236559139783,True
2026-06-04,002686.SZ,6.95,5.69,0.09968354430379744,True
2026-06-04,600249.SH,5.91,4.83,0.1005586592178771,True
2026-06-04,002538.SZ,6.39,5.79,0.04926108374384234,False
2026-06-04,002357.SZ,11.23,9.19,0.09990205680705194,True
2026-06-04,603829.SH,24.62,20.14,0.1000893655049151,True
2026-06-04,600721.SH,8.02,6.56,0.10013717421124829,True
2026-06-04,603843.SH,8.45,7.65,0.04968944099378875,False
2026-06-04,603182.SH,14.27,11.67,0.10023130300693908,True
2026-06-04,000959.SZ,3.89,3.19,0.09887005649717516,True
2026-06-04,000903.SZ,1.98,1.8,0.0476190476190476,False
2026-06-04,601026.SH,18.98,15.53,0.09997102289191542,True
2026-06-04,600438.SH,15.38,12.58,0.1001430615164521,True
2026-06-04,001388.SZ,35.78,29.28,0.09990777743621272,True
2026-06-04,002581.SZ,4.56,4.12,0.05069124423963128,False
2026-06-04,600988.SH,36.8,30.11,0.09998505455088923,True
2026-06-04,603359.SH,3.06,2.76,0.051546391752577365,False
2026-06-04,605577.SH,11.25,9.21,0.09970674486803514,True
2026-06-04,605077.SH,17.22,14.09,0.09996806132226123,True
2026-06-04,605286.SH,37.32,30.54,0.09991158267020338,True
2026-06-04,002542.SZ,1.7,1.54,0.049382716049382686,False
2026-06-04,603230.SH,10.88,8.9,0.1001011122345804,True
2026-06-04,002620.SZ,6.95,6.29,0.04984894259818732,False
2026-06-04,601020.SH,28.44,23.27,0.09998066138077745,True
2026-06-04,603282.SH,17.33,14.18,0.09996826404316086,True
2026-06-04,002455.SZ,9.34,7.64,0.10011778563015312,True
2026-06-04,000488.SZ,2.33,2.11,0.0495495495495496,False
2026-06-04,603313.SH,6.03,4.93,0.10036496350364968,True
2026-06-04,601567.SH,17.52,14.34,0.09981167608286251,True
2026-06-04,603151.SH,14.18,11.6,0.10007757951900698,True
2026-06-04,000890.SZ,12.33,10.09,0.09991079393398751,True
2026-06-04,002268.SZ,15.36,12.56,0.10028653295128935,True
2026-06-04,002294.SZ,35.56,29.1,0.09990720692854935,True
2026-06-04,002546.SZ,8.05,6.59,0.09972677595628421,True
2026-06-04,003005.SZ,16.61,13.59,0.09999999999999999,True
2026-06-04,603058.SH,10.57,8.65,0.09989594172736732,True
2026-06-04,601089.SH,19.0,15.54,0.10017371163867982,True
2026-06-04,002692.SZ,5.01,4.1,0.0998902305159166,True
2026-06-04,002930.SZ,11.19,9.15,0.10029498525073742,True
2026-06-04,605500.SH,8.25,6.75,0.1,True
2026-06-04,002694.SZ,2.63,2.38,0.0499001996007984,False
2026-06-05,002686.SZ,6.78,5.54,0.10064935064935067,True
2026-06-05,002357.SZ,11.64,9.52,0.10018903591682424,True
2026-06-05,600988.SH,35.45,29.01,0.09990691901954701,True
2026-06-05,600249.SH,5.79,4.73,0.10076045627376423,True
2026-06-05,600721.SH,7.81,6.39,0.1,True
2026-06-05,002620.SZ,6.63,5.99,0.050713153724247194,False
2026-06-05,600438.SH,15.28,12.5,0.10007199424046073,True
2026-06-05,000890.SZ,11.74,9.6,0.10028116213683226,True
2026-06-05,002082.SZ,14.66,13.26,0.05014326647564471,False
2026-06-05,601020.SH,27.43,22.45,0.09983961507618286,True
2026-06-05,002538.SZ,6.37,5.77,0.0494233937397035,False
2026-06-05,002581.SZ,4.47,4.05,0.04929577464788732,False
2026-06-05,000959.SZ,3.82,3.12,0.100864553314121,True
2026-06-05,603007.SH,6.64,5.44,0.0993377483443708,True
2026-06-05,603778.SH,19.89,16.27,0.10011061946902658,True
2026-06-05,002294.SZ,35.3,28.88,0.10003116235587409,True
2026-06-05,603538.SH,46.44,38.0,0.09995262908574133,True
2026-06-05,002726.SZ,1.77,1.61,0.047337278106508854,False
2026-06-05,600082.SH,3.41,3.09,0.04923076923076927,False
2026-06-05,603182.SH,13.97,11.43,0.10000000000000005,True
2026-06-05,605577.SH,11.04,9.04,0.09960159362549802,True
2026-06-05,603359.SH,2.94,2.66,0.04999999999999997,False
2026-06-05,002342.SZ,12.16,9.95,0.09995477159656269,True
2026-06-05,601026.SH,17.68,14.46,0.10018668326073425,True
2026-06-05,000909.SZ,4.91,4.45,0.049145299145299144,False
2026-06-05,603843.SH,8.03,7.27,0.049673202614379075,False
2026-06-05,605389.SH,91.19,74.61,0.09999999999999998,True
2026-06-05,601089.SH,18.69,15.29,0.10005885815185409,True
2026-06-05,000533.SZ,12.72,10.4,0.10034602076124569,True
2026-06-05,002879.SZ,16.9,13.82,0.10026041666666662,True
2026-06-05,603105.SH,9.5,7.78,0.09953703703703702,True
2026-06-05,002329.SZ,4.35,3.56,0.09987357774968389,True
2026-06-05,603230.SH,10.67,8.73,0.09999999999999998,True
2026-06-05,002485.SZ,4.87,4.41,0.04956896551724137,False
2026-06-05,600158.SH,10.62,8.69,0.09994821336095287,True
2026-06-05,605077.SH,15.53,12.71,0.09985835694050986,True
2026-06-05,002193.SZ,4.97,4.49,0.050739957716701846,False
2026-06-05,002840.SZ,9.03,7.39,0.09987819732034103,True
2026-06-05,601615.SH,16.07,13.15,0.0999315537303217,True
2026-06-05,603113.SH,5.56,4.55,0.09990108803165182,True
2026-06-08,002357.SZ,11.48,9.4,0.09961685823754789,True
2026-06-08,002879.SZ,16.85,13.79,0.099869451697128,True
2026-06-08,002686.SZ,6.82,5.58,0.10000000000000002,True
2026-06-08,605577.SH,11.15,9.13,0.09960552268244573,True
2026-06-08,002294.SZ,35.51,29.05,0.10006195786864927,True
2026-06-08,002485.SZ,4.82,4.36,0.05010893246187364,False
2026-06-08,603007.SH,6.51,5.33,0.09966216216216214,True
2026-06-08,000533.SZ,12.44,10.18,0.09991158267020336,True
2026-06-08,603230.SH,10.89,8.91,0.10000000000000002,True
2026-06-08,603105.SH,9.34,7.64,0.10011778563015312,True
2026-06-08,600249.SH,5.81,4.75,0.10037878787878786,True
2026-06-08,605599.SH,17.08,13.98,0.09980682549903407,True
2026-06-08,601089.SH,18.81,15.39,0.09999999999999994,True
2026-06-08,002857.SZ,20.56,16.82,0.10005350454788654,True
2026-06-08,002506.SZ,3.78,3.1,0.09883720930232553,True
2026-06-08,002445.SZ,3.88,3.18,0.09915014164305945,True
2026-06-08,603889.SH,6.47,5.29,0.10034013605442174,True
2026-06-08,601615.SH,15.49,12.67,0.10014204545454547,True
2026-06-08,000815.SZ,17.26,14.12,0.10006373486297011,True
2026-06-08,603097.SH,28.61,23.41,0.09996155324875047,True
2026-06-08,002726.SZ,1.75,1.59,0.04790419161676644,False
2026-06-08,002082.SZ,13.93,12.61,0.049736247174076875,False
2026-06-08,600988.SH,34.5,28.22,0.10012755102040818,True
2026-06-08,002620.SZ,6.78,6.14,0.04953560371517032,False
2026-06-08,002546.SZ,7.85,6.43,0.09943977591036414,True
2026-06-08,603170.SH,13.39,10.95,0.10024650780608058,True
2026-06-08,603400.SH,75.0,61.36,0.10002933411557641,True
2026-06-08,002300.SZ,9.05,7.41,0.09963547995139736,True
2026-06-08,002478.SZ,7.83,6.41,0.0997191011235955,True
2026-06-08,605286.SH,35.21,28.81,0.09996875976257423,True
2026-06-08,603188.SH,4.88,4.0,0.0990990990990991,True
2026-06-08,605086.SH,31.91,26.11,0.09996552912788695,True
2026-06-08,601218.SH,5.59,4.57,0.10039370078740154,True
2026-06-08,600082.SH,3.36,3.04,0.049999999999999975,False
2026-06-08,601798.SH,8.99,7.35,0.10036719706242353,True
2026-06-08,002202.SZ,25.3,20.7,0.10000000000000003,True
2026-06-08,600370.SH,1.44,1.3,0.051094890510948864,False
2026-06-08,603113.SH,5.58,4.56,0.1005917159763314,True
2026-06-08,000720.SZ,5.68,4.64,0.10077519379844961,True
2026-06-08,002716.SZ,9.99,8.17,0.10022026431718063,True
2026-06-09,002082.SZ,14.62,13.22,0.05028735632183903,False
2026-06-09,002686.SZ,6.62,5.42,0.09966777408637877,True
2026-06-09,002342.SZ,12.83,10.49,0.10034305317324184,True
2026-06-09,600722.SH,11.44,9.36,0.10000000000000002,True
2026-06-09,002620.SZ,6.59,5.97,0.04936305732484078,False
2026-06-09,603230.SH,10.7,8.76,0.09969167523124355,True
2026-06-09,002357.SZ,10.92,8.94,0.09969788519637465,True
2026-06-09,605086.SH,30.36,24.84,0.09999999999999999,True
2026-06-09,605577.SH,10.89,8.91,0.10000000000000002,True
2026-06-09,600988.SH,32.12,26.28,0.09999999999999994,True
2026-06-09,002485.SZ,4.74,4.28,0.050997782705099776,False
2026-06-09,002713.SZ,11.81,10.69,0.049777777777777824,False
2026-06-09,601020.SH,24.41,19.97,0.10004506534474993,True
2026-06-09,002726.SZ,1.67,1.51,0.05031446540880501,False
2026-06-09,600082.SH,3.3,2.98,0.050955414012738835,False
2026-06-09,603843.SH,8.85,8.01,0.049822064056939494,False
2026-06-09,002581.SZ,4.23,3.83,0.04962779156327547,False
2026-06-09,603007.SH,6.22,5.09,0.09991158267020336,True
2026-06-09,600569.SH,2.04,1.67,0.09973045822102429,True
2026-06-09,601089.SH,18.16,14.86,0.0999394306480921,True
2026-06-09,603113.SH,5.42,4.44,0.09939148073022308,True
2026-06-09,603170.SH,13.08,10.7,0.10008410428931878,True
2026-06-09,600227.SH,3.27,2.67,0.10101010101010104,True
2026-06-09,002294.SZ,34.34,28.1,0.09993593850096094,True
2026-06-09,600119.SH,5.33,4.83,0.049212598425196846,False
2026-06-09,600537.SH,2.68,2.42,0.05098039215686279,False
2026-06-09,600475.SH,16.76,13.72,0.09973753280839896,True
2026-06-09,003041.SZ,50.51,41.33,0.09995644599303136,True
2026-06-09,603105.SH,8.91,7.29,0.1,True
2026-06-09,000995.SZ,12.45,10.19,0.0998233215547703,True
2026-06-09,603727.SH,15.73,12.87,0.10000000000000003,True
2026-06-09,600470.SH,5.81,4.75,0.10037878787878786,True
2026-06-09,000959.SZ,3.7,3.02,0.1011904761904762,True
2026-06-09,600108.SH,3.62,2.96,0.10030395136778117,True
2026-06-09,002828.SZ,10.4,8.51,0.09994711792702277,True
2026-06-09,600746.SH,6.66,5.45,0.09991742361684558,True
2026-06-09,600130.SH,5.19,4.25,0.0995762711864407,True
2026-06-09,600199.SH,7.78,6.36,0.10042432814710041,True
2026-06-09,600423.SH,2.67,2.41,0.05118110236220468,False
2026-06-09,603188.SH,4.71,3.85,0.10046728971962615,True
2026-06-10,002082.SZ,13.91,12.59,0.04981132075471699,False
2026-06-10,002686.SZ,6.77,5.54,0.09991876523151906,True
2026-06-10,002620.SZ,6.37,5.77,0.0494233937397035,False
2026-06-10,600468.SH,6.67,5.45,0.10066006600660063,True
2026-06-10,002357.SZ,11.02,9.02,0.0998003992015968,True
2026-06-10,002879.SZ,16.4,13.42,0.09993293091884636,True
2026-06-10,605577.SH,10.87,8.89,0.10020242914979752,True
2026-06-10,605086.SH,30.76,25.16,0.1001430615164521,True
2026-06-10,603007.SH,6.15,5.03,0.10017889087656531,True
2026-06-10,603309.SH,12.72,10.4,0.10034602076124569,True
2026-06-10,600828.SH,5.02,4.1,0.10087719298245613,True
2026-06-10,600537.SH,2.56,2.32,0.04918032786885251,False
2026-06-10,601020.SH,24.01,19.65,0.0998625744388457,True
2026-06-10,000677.SZ,2.09,1.89,0.05025125628140703,False
2026-06-10,002342.SZ,11.88,9.72,0.1,True
2026-06-10,000533.SZ,12.19,9.97,0.10018050541516241,True
2026-06-10,600988.SH,32.31,26.43,0.1001021450459653,True
2026-06-10,603230.SH,10.62,8.69,0.09994821336095287,True
2026-06-10,603959.SH,4.23,3.83,0.04962779156327547,False
2026-06-10,603359.SH,2.89,2.61,0.05090909090909095,False
2026-06-10,601089.SH,18.17,14.87,0.09987893462469742,True
2026-06-10,000862.SZ,6.82,5.58,0.10000000000000002,True
2026-06-10,600821.SH,7.89,6.45,0.10041841004184097,True
2026-06-10,603693.SH,16.23,13.28,0.09996611318197225,True
2026-06-10,003041.SZ,51.35,42.01,0.10004284490145676,True
2026-06-10,000909.SZ,4.35,3.93,0.05072463768115936,False
2026-06-10,600678.SH,6.5,5.88,0.05008077544426496,False
2026-06-10,603105.SH,8.88,7.26,0.10037174721189597,True
2026-06-10,601015.SH,4.0,3.28,0.09890109890109894,True
2026-06-10,000720.SZ,5.13,4.19,0.10085836909871239,True
2026-06-10,600082.SH,3.22,2.92,0.04885993485342023,False
2026-06-10,002300.SZ,8.69,7.11,0.09999999999999995,True
2026-06-10,603922.SH,15.96,14.44,0.050000000000000044,False
2026-06-10,002726.SZ,1.66,1.5,0.050632911392405035,False
2026-06-10,600163.SH,6.64,5.44,0.0993377483443708,True
2026-06-10,603188.SH,4.72,3.86,0.10023310023310021,True
2026-06-10,600032.SH,10.51,8.6,0.09994767137624282,True
2026-06-10,600722.SH,10.44,8.54,0.10010537407797686,True
2026-06-10,605286.SH,33.21,27.17,0.10003312355084464,True
2026-06-10,605162.SH,11.61,9.5,0.09995262908574133,True
2026-06-11,002082.SZ,13.22,11.96,0.0500397140587768,False
2026-06-11,605577.SH,10.92,8.94,0.09969788519637465,True
2026-06-11,603230.SH,10.67,8.73,0.09999999999999998,True
2026-06-11,000533.SZ,11.77,9.63,0.09999999999999995,True
2026-06-11,002620.SZ,6.06,5.48,0.05025996533795487,False
2026-06-11,002686.SZ,6.51,5.33,0.09966216216216214,True
2026-06-11,000677.SZ,1.98,1.8,0.0476190476190476,False
2026-06-11,603309.SH,12.55,10.27,0.09991235758106928,True
2026-06-11,603007.SH,5.96,4.88,0.09963099630996311,True
2026-06-11,601089.SH,18.24,14.92,0.10012062726176112,True
2026-06-11,002357.SZ,10.53,8.61,0.10031347962382445,True
2026-06-11,000838.SZ,1.8,1.62,0.052631578947368404,False
2026-06-11,001330.SZ,7.45,6.09,0.10044313146233386,True
2026-06-11,603359.SH,2.74,2.48,0.049808429118773985,False
2026-06-11,000892.SZ,4.07,3.33,0.10000000000000002,True
2026-06-11,603881.SH,37.94,31.04,0.10002899391127863,True
2026-06-11,002485.SZ,4.9,4.44,0.04925053533190578,False
2026-06-11,003041.SZ,50.06,40.96,0.0999780268072951,True
2026-06-11,603959.SH,4.02,3.64,0.04960835509138374,False
2026-06-11,002542.SZ,1.6,1.44,0.05263157894736847,False
2026-06-11,603170.SH,12.98,10.62,0.10000000000000005,True
2026-06-11,603188.SH,4.72,3.86,0.10023310023310021,True
2026-06-11,600082.SH,3.19,2.89,0.04934210526315787,False
2026-06-11,600158.SH,10.45,8.55,0.09999999999999992,True
2026-06-11,601020.SH,22.85,18.69,0.10014443909484833,True
2026-06-11,002229.SZ,16.34,13.37,0.09996634129922587,True
2026-06-11,603070.SH,17.49,14.31,0.09999999999999995,True
2026-06-11,000815.SZ,18.56,15.18,0.10017783046828689,True
2026-06-11,002726.SZ,1.58,1.43,0.04983388704318942,False
2026-06-11,603922.SH,15.28,13.82,0.05017182130584189,False
2026-06-11,600476.SH,11.03,9.98,0.049976201808662496,False
2026-06-11,605299.SH,17.47,14.29,0.10012594458438287,True
2026-06-11,600130.SH,5.13,4.19,0.10085836909871239,True
2026-06-11,605099.SH,43.56,35.64,0.10000000000000002,True
2026-06-11,600468.SH,6.35,5.19,0.10051993067590982,True
2026-06-11,002343.SZ,5.52,4.52,0.09960159362549802,True
2026-06-11,002342.SZ,11.29,9.23,0.10038986354775822,True
2026-06-11,603205.SH,24.55,20.09,0.09991039426523299,True
2026-06-11,002977.SZ,25.28,22.88,0.04983388704318942,False
2026-06-11,600828.SH,4.65,3.81,0.099290780141844,True
2026-06-12,002082.SZ,12.56,11.36,0.0501672240802676,False
2026-06-12,000908.SZ,7.25,5.93,0.10015174506828531,True
2026-06-12,605577.SH,10.63,8.69,0.10041407867494831,True
2026-06-12,601089.SH,18.04,14.76,0.09999999999999999,True
2026-06-12,603007.SH,5.87,4.81,0.09925093632958806,True
2026-06-12,600722.SH,11.9,9.74,0.09981515711645102,True
2026-06-12,002620.SZ,6.06,5.48,0.05025996533795487,False
2026-06-12,000677.SZ,1.9,1.72,0.04972375690607733,False
2026-06-12,603309.SH,12.54,10.26,0.09999999999999998,True
2026-06-12,603778.SH,21.78,17.82,0.10000000000000002,True
2026-06-12,002686.SZ,6.45,5.27,0.10068259385665534,True
2026-06-12,603188.SH,4.69,3.83,0.10093896713615028,True
2026-06-12,002713.SZ,10.74,9.72,0.04985337243401757,False
2026-06-12,000890.SZ,10.81,8.85,0.09969481180061042,True
2026-06-12,600488.SH,5.59,4.57,0.10039370078740154,True
2026-06-12,002922.SZ,37.51,30.69,0.09999999999999995,True
2026-06-12,603230.SH,10.47,8.57,0.09978991596638657,True
2026-06-12,605365.SH,16.98,13.9,0.09974093264248704,True
2026-06-12,600876.SH,9.25,7.57,0.09988109393579071,True
2026-06-12,002977.SZ,24.02,21.74,0.04982517482517485,False
2026-06-12,002357.SZ,10.26,8.4,0.09967845659163985,True
2026-06-12,002342.SZ,10.98,8.98,0.1002004008016032,True
2026-06-12,002878.SZ,15.87,12.99,0.09979209979209976,True
2026-06-12,002485.SZ,4.83,4.37,0.05,False
2026-06-12,600844.SH,3.17,2.59,0.10069444444444446,True
2026-06-12,002207.SZ,8.03,7.27,0.049673202614379075,False
2026-06-12,000818.SZ,13.65,11.17,0.09991941982272362,True
2026-06-12,003041.SZ,49.02,40.1,0.10008976660682227,True
2026-06-12,600082.SH,3.16,2.86,0.04983388704318942,False
2026-06-12,002175.SZ,2.32,2.1,0.04977375565610854,False
2026-06-12,000720.SZ,4.64,3.8,0.09952606635071089,True
2026-06-12,603205.SH,23.97,19.61,0.10004589261128957,True
2026-06-12,600130.SH,4.96,4.06,0.09977827050997787,True
2026-06-12,002015.SZ,19.5,15.96,0.09983079526226732,True
2026-06-12,603959.SH,3.89,3.52,0.049932523616734156,False
2026-06-12,000536.SZ,3.85,3.15,0.10000000000000002,True
2026-06-12,002294.SZ,34.25,28.03,0.09987154784842645,True
2026-06-12,600537.SH,2.58,2.34,0.04878048780487809,False
2026-06-12,000838.SZ,1.75,1.59,0.04790419161676644,False
2026-06-12,600536.SH,36.44,29.82,0.09990944763054631,True
2026-06-15,605577.SH,10.87,8.89,0.10020242914979752,True
2026-06-15,002686.SZ,6.49,5.31,0.10000000000000005,True
2026-06-15,002207.SZ,7.63,6.91,0.049518569463548816,False
2026-06-15,002620.SZ,6.09,5.51,0.05000000000000001,False
2026-06-15,601089.SH,18.24,14.92,0.10012062726176112,True
2026-06-15,603309.SH,12.9,10.56,0.09974424552429667,True
2026-06-15,600082.SH,3.2,2.9,0.04918032786885251,False
2026-06-15,000677.SZ,1.89,1.71,0.04999999999999999,False
2026-06-15,600358.SH,6.39,5.23,0.099827882960413,True
2026-06-15,603959.SH,4.08,3.7,0.048843187660668363,False
2026-06-15,600537.SH,2.71,2.45,0.050387596899224764,False
2026-06-15,603230.SH,10.73,8.78,0.09994874423372636,True
2026-06-15,002357.SZ,10.33,8.45,0.10010649627263049,True
2026-06-15,603359.SH,2.75,2.49,0.04961832061068698,False
2026-06-15,603007.SH,5.89,4.82,0.09990662931839396,True
2026-06-15,603933.SH,24.43,19.99,0.09995497523638003,True
2026-06-15,002082.SZ,12.41,11.23,0.04991539763113366,False
2026-06-15,000838.SZ,1.75,1.59,0.04790419161676644,False
2026-06-15,003041.SZ,49.72,40.68,0.09999999999999998,True
2026-06-15,603188.SH,4.74,3.88,0.0997679814385151,True
2026-06-15,600180.SH,1.39,1.25,0.053030303030303,False
2026-06-15,600130.SH,4.98,4.08,0.0993377483443709,True
2026-06-15,002581.SZ,3.72,3.36,0.05084745762711869,False
2026-06-15,002667.SZ,18.86,17.06,0.050111358574610264,False
2026-06-15,002691.SZ,4.83,4.37,0.05,False
2026-06-15,600476.SH,10.69,9.67,0.05009823182711196,False
2026-06-15,002542.SZ,1.56,1.42,0.046979865771812124,False
2026-06-15,000911.SZ,5.13,4.65,0.04907975460122694,False
2026-06-15,600119.SH,5.08,4.6,0.049586776859504175,False
2026-06-15,000909.SZ,4.31,3.9,0.049939098660170496,False
2026-06-15,002713.SZ,10.91,9.87,0.05004812319538021,False
2026-06-15,002726.SZ,1.52,1.38,0.04827586206896556,False
2026-06-15,002485.SZ,4.88,4.42,0.04946236559139784,False
2026-06-15,603182.SH,14.18,11.6,0.10007757951900698,True
2026-06-15,002868.SZ,28.92,23.66,0.10003803727653103,True
2026-06-15,601020.SH,23.74,19.42,0.10009267840593135,True
2026-06-15,603205.SH,24.78,20.28,0.09986684420772303,True
2026-06-15,600988.SH,33.41,27.33,0.10009878169245964,True
2026-06-15,000659.SZ,3.87,3.17,0.0994318181818182,True
2026-06-15,002175.SZ,2.31,2.09,0.05000000000000004,False
2026-06-16,600082.SH,3.23,2.93,0.04870129870129867,False
2026-06-16,002620.SZ,6.23,5.63,0.050590219224283355,False
2026-06-16,002686.SZ,6.55,5.36,0.09991603694374471,True
2026-06-16,600358.SH,6.36,5.2,0.10034602076124569,True
2026-06-16,605577.SH,10.84,8.87,0.099949264332826,True
2026-06-16,603230.SH,10.69,8.75,0.09979423868312756,True
2026-06-16,002667.SZ,17.91,16.21,0.04982415005861662,False
2026-06-16,603359.SH,2.77,2.51,0.04924242424242429,False
2026-06-16,002581.SZ,3.74,3.38,0.050561797752809036,False
2026-06-16,000909.SZ,4.35,3.93,0.05072463768115936,False
2026-06-16,600130.SH,5.08,4.16,0.09956709956709955,True
2026-06-16,603182.SH,13.85,11.33,0.1000794281175536,True
2026-06-16,002082.SZ,13.03,11.79,0.04995970991136181,False
2026-06-16,603309.SH,12.93,10.58,0.09995746490854955,True
2026-06-16,002868.SZ,28.9,23.64,0.10011419870574796,True
2026-06-16,600119.SH,5.05,4.57,0.04989604989604984,False
2026-06-16,002357.SZ,10.37,8.49,0.09968186638388118,True
2026-06-16,003041.SZ,50.59,41.39,0.10002174385736032,True
2026-06-16,600537.SH,2.85,2.57,0.0516605166051661,False
2026-06-16,603007.SH,6.48,5.3,0.10016977928692704,True
2026-06-16,000959.SZ,3.76,3.08,0.09941520467836254,True
2026-06-16,002207.SZ,7.56,6.84,0.04999999999999999,False
2026-06-16,600988.SH,35.89,29.37,0.0999080600674226,True
2026-06-16,600543.SH,4.4,3.98,0.05011933174224348,False
2026-06-16,002542.SZ,1.56,1.42,0.046979865771812124,False
2026-06-16,603779.SH,8.88,7.26,0.10037174721189597,True
2026-06-16,002691.SZ,4.84,4.38,0.049891540130151846,False
2026-06-16,603933.SH,25.33,20.73,0.09986973512809375,True
2026-06-16,600476.SH,10.69,9.67,0.05009823182711196,False
2026-06-16,603828.SH,5.06,4.58,0.0497925311203319,False
2026-06-16,605336.SH,16.68,15.1,0.04971680302076778,False
2026-06-16,601718.SH,1.9,1.72,0.04972375690607733,False
2026-06-16,000677.SZ,1.89,1.71,0.04999999999999999,False
2026-06-16,000911.SZ,4.88,4.42,0.04946236559139784,False
2026-06-16,002726.SZ,1.54,1.4,0.047619047619047665,False
2026-06-16,600423.SH,2.6,2.36,0.04838709677419359,False
2026-06-16,000659.SZ,3.95,3.23,0.10027855153203345,True
2026-06-16,603959.SH,4.28,3.88,0.049019607843137296,False
2026-06-16,601089.SH,18.03,14.75,0.1000610128126907,True
2026-06-16,002294.SZ,34.45,28.19,0.09993614303959134,True
2026-06-17,002620.SZ,6.39,5.79,0.04926108374384234,False
2026-06-17,603359.SH,2.85,2.57,0.0516605166051661,False
2026-06-17,600082.SH,3.19,2.89,0.04934210526315787,False
2026-06-17,002868.SZ,29.04,23.76,0.09999999999999996,True
2026-06-17,600358.SH,6.26,5.12,0.10017574692442881,True
2026-06-17,002726.SZ,1.62,1.46,0.05194805194805199,False
2026-06-17,000610.SZ,7.01,6.35,0.049401197604790434,False
2026-06-17,002667.SZ,17.02,15.4,0.04996915484268967,False
2026-06-17,002686.SZ,6.56,5.36,0.10067114093959725,True
2026-06-17,603182.SH,13.7,11.21,0.09995985547972695,True
2026-06-17,600965.SH,2.89,2.61,0.05090909090909095,False
2026-06-17,603779.SH,8.62,7.06,0.09948979591836732,True
2026-06-17,002357.SZ,10.76,8.8,0.10020449897750505,True
2026-06-17,000911.SZ,4.98,4.5,0.050632911392405104,False
2026-06-17,603230.SH,10.56,8.64,0.09999999999999998,True
2026-06-17,000838.SZ,1.76,1.6,0.04761904761904759,False
2026-06-17,603309.SH,12.95,10.59,0.10025488530161425,True
2026-06-17,600543.SH,4.41,3.99,0.04999999999999999,False
2026-06-17,601718.SH,1.91,1.73,0.049450549450549434,False
2026-06-17,000909.SZ,4.36,3.94,0.05060240963855426,False
2026-06-17,605577.SH,10.73,8.78,0.09994874423372636,True
2026-06-17,605336.SH,16.3,14.74,0.0502577319587629,False
2026-06-17,600119.SH,5.19,4.69,0.05060728744939271,False
2026-06-17,002691.SZ,5.08,4.6,0.049586776859504175,False
2026-06-17,002581.SZ,3.93,3.55,0.0508021390374332,False
2026-06-17,002542.SZ,1.6,1.44,0.05263157894736847,False
2026-06-17,603729.SH,12.97,11.73,0.05020242914979758,False
2026-06-17,003041.SZ,51.34,42.0,0.10006428112277697,True
2026-06-17,600423.SH,2.61,2.37,0.048192771084337296,False
2026-06-17,603828.SH,4.89,4.43,0.04935622317596566,False
2026-06-17,600476.SH,10.92,9.88,0.049999999999999954,False
2026-06-17,002207.SZ,7.94,7.18,0.0502645502645503,False
2026-06-17,000959.SZ,3.73,3.05,0.10029498525073749,True
2026-06-17,002694.SZ,2.51,2.27,0.05020920502092046,False
2026-06-17,000078.SZ,1.67,1.51,0.05031446540880501,False
2026-06-17,002082.SZ,13.68,12.38,0.04988488104374516,False
2026-06-17,600180.SH,1.41,1.27,0.052238805970149224,False
2026-06-17,600080.SH,5.22,4.72,0.05030181086519115,False
2026-06-17,600084.SH,4.52,4.09,0.04994192799070845,False
2026-06-17,603007.SH,6.24,5.1,0.10052910052910058,True
2026-06-18,603779.SH,8.51,6.97,0.09948320413436693,True
2026-06-18,002726.SZ,1.55,1.41,0.04729729729729734,False
2026-06-18,002620.SZ,6.17,5.59,0.04931972789115647,False
2026-06-18,603359.SH,2.75,2.49,0.04961832061068698,False
2026-06-18,000610.SZ,6.84,6.18,0.050691244239631346,False
2026-06-18,002667.SZ,16.17,14.63,0.050000000000000024,False
2026-06-18,600965.SH,2.8,2.54,0.048689138576778986,False
2026-06-18,000838.SZ,1.68,1.52,0.049999999999999975,False
2026-06-18,002868.SZ,28.05,22.95,0.10000000000000003,True
2026-06-18,002581.SZ,4.13,3.73,0.05089058524173027,False
2026-06-18,600082.SH,3.11,2.81,0.050675675675675644,False
2026-06-18,000911.SZ,4.73,4.28,0.04994450610432853,False
2026-06-18,600119.SH,5.0,4.52,0.05042016806722694,False
2026-06-18,600130.SH,5.38,4.4,0.10020449897750505,True
2026-06-18,600423.SH,2.49,2.25,0.050632911392405104,False
2026-06-18,600084.SH,4.31,3.9,0.049939098660170496,False
2026-06-18,600543.SH,4.33,3.91,0.05097087378640776,False
2026-06-18,000959.SZ,3.61,2.95,0.10060975609756093,True
2026-06-18,601718.SH,1.84,1.66,0.051428571428571476,False
2026-06-18,600180.SH,1.35,1.23,0.046511627906976785,False
2026-06-18,605336.SH,15.8,14.3,0.04983388704318937,False
2026-06-18,603828.SH,4.74,4.28,0.050997782705099776,False
2026-06-18,002542.SZ,1.54,1.4,0.047619047619047665,False
2026-06-18,002082.SZ,14.36,13.0,0.04970760233918127,False
2026-06-18,002686.SZ,6.33,5.18,0.09991311902693313,True
2026-06-18,600080.SH,5.0,4.52,0.05042016806722694,False
2026-06-18,600358.SH,6.13,5.01,0.10053859964093358,True
2026-06-18,002198.SZ,3.61,3.27,0.04941860465116277,False
2026-06-18,002207.SZ,7.54,6.82,0.0501392757660167,False
2026-06-18,603729.SH,12.38,11.2,0.05004240882103484,False
2026-06-18,003041.SZ,50.0,40.91,0.09998900010999894,True
2026-06-18,600476.SH,10.49,9.49,0.050050050050050046,False
2026-06-18,000010.SZ,2.1,1.9,0.050000000000000044,False
2026-06-18,002694.SZ,2.44,2.2,0.051724137931034427,False
2026-06-18,000659.SZ,3.92,3.2,0.10112359550561795,True
2026-06-18,002109.SZ,2.74,2.48,0.049808429118773985,False
2026-06-18,002431.SZ,1.56,1.42,0.046979865771812124,False
2026-06-18,600581.SH,2.66,2.4,0.05138339920948621,False
2026-06-18,603182.SH,13.31,10.89,0.09999999999999999,True
2026-06-18,002357.SZ,10.65,8.71,0.1002066115702479,True
2026-06-22,002667.SZ,15.36,13.9,0.0498974709501025,False
2026-06-22,000838.SZ,1.6,1.44,0.05263157894736847,False
2026-06-22,000610.SZ,6.67,6.03,0.05039370078740155,False
2026-06-22,002620.SZ,5.87,5.31,0.05008944543828269,False
2026-06-22,002726.SZ,1.58,1.43,0.04983388704318942,False
2026-06-22,600423.SH,2.4,2.18,0.04803493449781654,False
2026-06-22,002082.SZ,14.33,12.97,0.04981684981684979,False
2026-06-22,603359.SH,2.64,2.38,0.051792828685259015,False
2026-06-22,000911.SZ,4.49,4.07,0.049065420560747655,False
2026-06-22,600082.SH,3.14,2.84,0.0501672240802676,False
2026-06-22,002198.SZ,3.5,3.16,0.05105105105105103,False
2026-06-22,603779.SH,8.64,7.07,0.09993634627625718,True
2026-06-22,600119.SH,4.84,4.38,0.049891540130151846,False
2026-06-22,601718.SH,1.77,1.61,0.047337278106508854,False
2026-06-22,002357.SZ,11.11,9.09,0.09999999999999998,True
2026-06-22,600080.SH,4.84,4.38,0.049891540130151846,False
2026-06-22,002581.SZ,4.13,3.73,0.05089058524173027,False
2026-06-22,603828.SH,4.7,4.26,0.0491071428571429,False
2026-06-22,002207.SZ,7.28,6.58,0.05050505050505052,False
2026-06-22,605336.SH,15.31,13.85,0.050068587105624174,False
2026-06-22,000677.SZ,1.81,1.63,0.05232558139534888,False
2026-06-22,600053.SH,8.3,7.51,0.049968374446552874,False
2026-06-22,002932.SZ,15.65,14.16,0.04998322710499833,False
2026-06-22,002868.SZ,27.31,22.35,0.09987917841320978,True
2026-06-22,002686.SZ,6.23,5.09,0.10070671378091878,True
2026-06-22,002431.SZ,1.49,1.35,0.04929577464788729,False
2026-06-22,002542.SZ,1.47,1.33,0.04999999999999997,False
2026-06-22,600084.SH,4.22,3.82,0.04975124378109452,False
2026-06-22,600965.SH,2.7,2.44,0.05058365758754868,False
2026-06-22,000632.SZ,3.5,3.16,0.05105105105105103,False
2026-06-22,600130.SH,5.2,4.26,0.09936575052854126,True
2026-06-22,000659.SZ,3.87,3.17,0.0994318181818182,True
2026-06-22,600543.SH,4.22,3.82,0.04975124378109452,False
2026-06-22,600358.SH,6.03,4.93,0.10036496350364968,True
2026-06-22,600476.SH,10.2,9.22,0.05046343975283206,False
2026-06-22,600581.SH,2.59,2.35,0.04858299595141696,False
2026-06-22,002691.SZ,4.68,4.24,0.049327354260089634,False
2026-06-22,603729.SH,12.08,10.93,0.04997827031725339,False
2026-06-22,000609.SZ,12.43,11.25,0.04983108108108107,False
2026-06-22,600180.SH,1.29,1.17,0.04878048780487809,False
2026-06-23,603779.SH,8.91,7.29,0.1,True
2026-06-23,603778.SH,15.94,13.04,0.10006901311249139,True
2026-06-23,002227.SZ,7.25,6.56,0.04996379435191893,False
2026-06-23,002667.SZ,14.6,13.21,0.04998202085580722,False
2026-06-23,002686.SZ,6.22,5.09,0.09991158267020336,True
2026-06-23,002207.SZ,6.92,6.26,0.050075872534142654,False
2026-06-23,002620.SZ,5.59,5.05,0.05075187969924812,False
2026-06-23,000697.SZ,12.2,9.98,0.10009017132551844,True
2026-06-23,000677.SZ,1.74,1.58,0.048192771084337324,False
2026-06-23,002357.SZ,10.82,8.86,0.09959349593495939,True
2026-06-23,000610.SZ,6.41,5.8,0.049959049959049984,False
2026-06-23,002082.SZ,13.62,12.32,0.050115651503469506,False
2026-06-23,603828.SH,4.71,4.27,0.048997772828507834,False
2026-06-23,600053.SH,8.6,7.78,0.05006105006105003,False
2026-06-23,000911.SZ,4.27,3.87,0.04914004914004907,False
2026-06-23,600965.SH,2.84,2.57,0.04990757855822551,False
2026-06-23,603359.SH,2.52,2.28,0.050000000000000044,False
2026-06-23,600423.SH,2.38,2.16,0.04845814977973563,False
2026-06-23,600476.SH,9.88,8.94,0.04994686503719454,False
2026-06-23,002342.SZ,10.7,8.76,0.09969167523124355,True
2026-06-23,600082.SH,3.0,2.72,0.04895104895104891,False
2026-06-23,600084.SH,4.34,3.92,0.050847457627118633,False
2026-06-23,002542.SZ,1.42,1.28,0.051851851851851816,False
2026-06-23,002868.SZ,26.95,22.05,0.09999999999999998,True
2026-06-23,002691.SZ,4.62,4.18,0.05000000000000004,False
2026-06-23,600581.SH,2.51,2.27,0.05020920502092046,False
2026-06-23,601718.SH,1.73,1.57,0.048484848484848464,False
2026-06-23,600119.SH,4.67,4.23,0.049438202247190956,False
2026-06-23,000609.SZ,11.99,10.85,0.04991243432574433,False
2026-06-23,002431.SZ,1.45,1.31,0.05072463768115939,False
2026-06-23,000838.SZ,1.51,1.37,0.04861111111111108,False
2026-06-23,002581.SZ,3.92,3.54,0.050938337801608564,False
2026-06-23,003041.SZ,47.54,38.9,0.09995372512725591,True
2026-06-23,600358.SH,6.0,4.91,0.09990834097158569,True
2026-06-23,600307.SH,1.68,1.38,0.09803921568627454,True
2026-06-23,600180.SH,1.26,1.14,0.050000000000000044,False
2026-06-23,002629.SZ,5.08,4.16,0.09956709956709955,True
2026-06-23,000909.SZ,3.99,3.61,0.050000000000000044,False
2026-06-23,600543.SH,4.16,3.76,0.05050505050505055,False
2026-06-23,603272.SH,30.96,28.02,0.04984740590030521,False
2026-06-24,603779.SH,8.89,7.27,0.10024752475247531,True
2026-06-24,000911.SZ,4.24,3.84,0.04950495049504955,False
2026-06-24,603230.SH,10.29,8.42,0.09994655264564399,True
2026-06-24,002620.SZ,5.65,5.11,0.05018587360594795,False
2026-06-24,002667.SZ,14.57,13.19,0.04971181556195969,False
2026-06-24,000610.SZ,6.54,5.92,0.04975922953451044,False
2026-06-24,600844.SH,2.97,2.43,0.1,True
2026-06-24,002207.SZ,7.21,6.53,0.049490538573507985,False
2026-06-24,600965.SH,2.98,2.7,0.04929577464788729,False
2026-06-24,600082.SH,3.07,2.77,0.0513698630136986,False
2026-06-24,601718.SH,1.75,1.59,0.04790419161676644,False
2026-06-24,002431.SZ,1.44,1.3,0.051094890510948864,False
2026-06-24,000838.SZ,1.58,1.43,0.04983388704318942,False
2026-06-24,603359.SH,2.58,2.34,0.04878048780487809,False
2026-06-24,605577.SH,10.51,8.6,0.09994767137624282,True
2026-06-24,002629.SZ,5.17,4.23,0.09999999999999995,True
2026-06-24,600581.SH,2.5,2.26,0.05042016806722694,False
2026-06-24,002840.SZ,8.59,7.03,0.09987195902688857,True
2026-06-24,000890.SZ,9.8,8.02,0.09988776655443328,True
2026-06-24,603828.SH,4.65,4.21,0.04966139954853278,False
2026-06-24,002719.SZ,7.02,6.36,0.049327354260089634,False
2026-06-24,600084.SH,4.35,3.93,0.05072463768115936,False
2026-06-24,600423.SH,2.5,2.26,0.05042016806722694,False
2026-06-24,000632.SZ,3.5,3.16,0.05105105105105103,False
2026-06-24,002686.SZ,6.3,5.16,0.09947643979057588,True
2026-06-24,600730.SH,11.47,10.37,0.05036630036630043,False
2026-06-24,605108.SH,13.59,11.12,0.09995953055443142,True
2026-06-24,603272.SH,29.42,26.62,0.04996431120628123,False
2026-06-24,600476.SH,10.35,9.37,0.04969574036511159,False
2026-06-24,002082.SZ,12.94,11.7,0.050324675324675334,False
2026-06-24,603729.SH,12.21,11.05,0.04987102321582115,False
2026-06-24,603151.SH,13.38,10.94,0.1003289473684211,True
2026-06-24,002357.SZ,11.11,9.09,0.09999999999999998,True
2026-06-24,600735.SH,6.44,5.82,0.05057096247960848,False
2026-06-24,002691.SZ,4.79,4.33,0.05043859649122806,False
2026-06-24,600573.SH,11.28,9.23,0.09995124329595315,True
2026-06-24,600540.SH,4.13,3.38,0.09986684420772304,True
2026-06-24,000892.SZ,4.02,3.29,0.09986320109439119,True
2026-06-24,600543.SH,4.32,3.9,0.05109489051094895,False
2026-06-24,600180.SH,1.26,1.14,0.050000000000000044,False
2026-06-25,002620.SZ,5.37,4.85,0.05088062622309203,False
2026-06-25,002207.SZ,6.86,6.2,0.050535987748851464,False
2026-06-25,603779.SH,8.45,6.91,0.10026041666666662,True
2026-06-25,000911.SZ,4.03,3.65,0.04947916666666671,False
2026-06-25,603359.SH,2.46,2.22,0.05128205128205124,False
2026-06-25,603272.SH,27.95,25.29,0.049962434259954926,False
2026-06-25,601718.SH,1.67,1.51,0.05031446540880501,False
2026-06-25,002431.SZ,1.37,1.24,0.049808429118773985,False
2026-06-25,002667.SZ,13.85,12.53,0.05003790750568614,False
2026-06-25,600423.SH,2.44,2.2,0.051724137931034427,False
2026-06-25,600735.SH,6.16,5.58,0.04940374787052811,False
2026-06-25,600082.SH,3.02,2.74,0.04861111111111108,False
2026-06-25,000838.SZ,1.66,1.5,0.050632911392405035,False
2026-06-25,603729.SH,11.6,10.5,0.04977375565610858,False
2026-06-25,600581.SH,2.37,2.15,0.048672566371681464,False
2026-06-25,000632.SZ,3.32,3.0,0.050632911392405035,False
2026-06-25,603828.SH,4.5,4.08,0.048951048951048945,False
2026-06-25,002629.SZ,4.84,3.96,0.09999999999999998,True
2026-06-25,002691.SZ,4.55,4.11,0.05080831408775976,False
2026-06-25,600476.SH,9.84,8.9,0.0501600853788687,False
2026-06-25,002868.SZ,26.65,21.81,0.09987618654560464,True
2026-06-25,002686.SZ,6.04,4.94,0.1001821493624772,True
2026-06-25,000610.SZ,6.22,5.62,0.050675675675675644,False
2026-06-25,600746.SH,6.11,5.0,0.09990999099909995,True
2026-06-25,002501.SZ,1.35,1.23,0.046511627906976785,False
2026-06-25,002719.SZ,6.68,6.04,0.05031446540880501,False
2026-06-25,600543.SH,4.13,3.73,0.05089058524173027,False
2026-06-25,600965.SH,2.84,2.57,0.04990757855822551,False
2026-06-25,603585.SH,15.81,12.93,0.1002087682672234,True
2026-06-25,002514.SZ,2.61,2.37,0.048192771084337296,False
2026-06-25,000639.SZ,1.31,1.19,0.04800000000000004,False
2026-06-25,600844.SH,2.79,2.29,0.09842519685039369,True
2026-06-25,600734.SH,1.85,1.67,0.05113636363636368,False
2026-06-25,002542.SZ,1.37,1.24,0.049808429118773985,False
2026-06-25,600084.SH,4.21,3.81,0.04987531172069824,False
2026-06-25,002227.SZ,7.15,6.47,0.049926578560939835,False
2026-06-25,600302.SH,8.84,8.0,0.04988123515439429,False
2026-06-25,002198.SZ,3.37,3.05,0.04984423676012466,False
2026-06-25,002357.SZ,10.79,8.83,0.09989806320081546,True
2026-06-25,002082.SZ,12.95,11.71,0.05028386050283854,False
2026-06-26,601089.SH,17.71,14.49,0.1,True
2026-06-26,001325.SZ,40.77,33.35,0.10010793308148949,True
2026-06-26,603122.SH,12.6,10.31,0.09995635093845479,True
2026-06-26,002207.SZ,6.51,5.89,0.05000000000000002,False
2026-06-26,603272.SH,26.55,24.03,0.049822064056939494,False
2026-06-26,002082.SZ,12.3,11.12,0.05038428693424429,False
2026-06-26,600513.SH,16.59,13.57,0.10013262599469494,True
2026-06-26,002620.SZ,5.09,4.61,0.04948453608247418,False
2026-06-26,603716.SH,16.95,13.87,0.099935107073329,True
2026-06-26,605599.SH,15.47,12.65,0.10028449502133713,True
2026-06-26,002742.SZ,3.74,3.06,0.10000000000000002,True
2026-06-26,600645.SH,19.28,15.78,0.09982886480319457,True
2026-06-26,600476.SH,9.35,8.46,0.04997192588433457,False
2026-06-26,603729.SH,11.3,10.22,0.05018587360594795,False
2026-06-26,600423.SH,2.33,2.11,0.0495495495495496,False
2026-06-26,603359.SH,2.33,2.11,0.0495495495495496,False
2026-06-26,603779.SH,8.38,6.86,0.09973753280839896,True
2026-06-26,002788.SZ,11.55,9.45,0.10000000000000006,True
2026-06-26,600746.SH,6.0,4.91,0.09990834097158569,True
2026-06-26,002667.SZ,13.16,11.9,0.050279329608938536,False
2026-06-26,600734.SH,1.75,1.59,0.04790419161676644,False
2026-06-26,002581.SZ,3.5,3.16,0.05105105105105103,False
2026-06-26,603585.SH,15.39,12.59,0.10007147962830595,True
2026-06-26,600730.SH,11.31,10.23,0.05013927576601672,False
2026-06-26,002686.SZ,5.81,4.75,0.10037878787878786,True
2026-06-26,600302.SH,8.69,7.87,0.04951690821256036,False
2026-06-26,600844.SH,2.75,2.25,0.1,True
2026-06-26,002198.SZ,3.2,2.9,0.04918032786885251,False
2026-06-26,603309.SH,12.44,10.18,0.09991158267020336,True
2026-06-26,603718.SH,3.0,2.72,0.04895104895104891,False
2026-06-26,001367.SZ,20.97,17.15,0.10020986358866737,True
2026-06-26,002227.SZ,6.79,6.15,0.04945904173106643,False
2026-06-26,002370.SZ,5.69,4.65,0.10058027079303676,True
2026-06-26,601718.SH,1.59,1.43,0.052980132450331174,False
2026-06-26,000890.SZ,9.09,7.43,0.10048426150121066,True
2026-06-26,000639.SZ,1.25,1.13,0.05042016806722694,False
2026-06-26,000632.SZ,3.15,2.85,0.04999999999999997,False
2026-06-26,002253.SZ,10.87,8.89,0.10020242914979752,True
2026-06-26,605555.SH,13.42,10.98,0.09999999999999999,True
2026-06-26,605577.SH,10.07,8.24,0.09994538503549971,True
2026-06-29,002207.SZ,6.62,5.99,0.04996034892942109,False
2026-06-29,600476.SH,9.08,8.22,0.049710982658959506,False
2026-06-29,603272.SH,25.23,22.83,0.04993757802746571,False
2026-06-29,600734.SH,1.69,1.53,0.049689440993788796,False
2026-06-29,002620.SZ,5.12,4.64,0.04918032786885251,False
2026-06-29,603359.SH,2.25,2.03,0.05140186915887856,False
2026-06-29,600423.SH,2.33,2.11,0.0495495495495496,False
2026-06-29,600302.SH,8.61,7.79,0.04999999999999997,False
2026-06-29,002514.SZ,2.36,2.14,0.048888888888888836,False
2026-06-29,600730.SH,11.88,10.74,0.050397877984084904,False
2026-06-29,002691.SZ,4.25,3.85,0.049382716049382706,False
2026-06-29,002431.SZ,1.32,1.2,0.04761904761904766,False
2026-06-29,000632.SZ,3.19,2.89,0.04934210526315787,False
2026-06-29,603729.SH,11.17,10.11,0.04981203007518799,False
2026-06-29,002542.SZ,1.25,1.13,0.05042016806722694,False
2026-06-29,000677.SZ,1.64,1.48,0.05128205128205125,False
2026-06-29,002360.SZ,4.96,4.48,0.050847457627118585,False
2026-06-29,000838.SZ,1.75,1.59,0.04790419161676644,False
2026-06-29,002082.SZ,11.69,10.57,0.050314465408805,False
2026-06-29,600082.SH,2.82,2.56,0.04832713754646836,False
2026-06-29,002547.SZ,2.61,2.37,0.048192771084337296,False
2026-06-29,002667.SZ,12.5,11.31,0.04997900041999157,False
2026-06-29,600735.SH,6.0,5.42,0.05078809106830123,False
2026-06-29,002501.SZ,1.31,1.19,0.04800000000000004,False
2026-06-29,002719.SZ,6.1,5.52,0.04991394148020655,False
2026-06-29,002686.SZ,5.67,4.64,0.09990300678952477,True
2026-06-29,002227.SZ,6.72,6.08,0.049999999999999975,False
2026-06-29,000010.SZ,1.87,1.69,0.050561797752809036,False
2026-06-29,601718.SH,1.51,1.37,0.04861111111111108,False
2026-06-29,000610.SZ,5.82,5.26,0.05054151624548741,False
2026-06-29,600491.SH,1.07,0.97,0.049019607843137296,False
2026-06-29,605555.SH,12.87,10.53,0.1,True
2026-06-29,603828.SH,4.41,3.99,0.04999999999999999,False
2026-06-29,000911.SZ,3.79,3.43,0.04986149584487532,False
2026-06-29,003041.SZ,48.43,39.63,0.09993186463774696,True
2026-06-29,000639.SZ,1.21,1.09,0.052173913043478216,False
2026-06-29,600844.SH,2.71,2.21,0.1016260162601626,True
2026-06-29,000909.SZ,3.79,3.43,0.04986149584487532,False
2026-06-29,002856.SZ,18.39,16.63,0.05025699600228446,False
2026-06-29,603779.SH,8.2,6.71,0.09993293091884636,True
